x_m,x_over_c,y_m,y_wall_m,dy_m,pressure,Cp
-1.350000023841858,-3.214285771052043,0.0,0.0,0.0,103169.8671875,2.4121817281334277
-1.3477879762649536,-3.2090189911070324,0.0,0.0,0.0,102799.796875,1.9074902678679424
-1.3477809429168701,-3.209002245040167,0.002489730715751648,0.0,0.002489730715751648,102170.1953125,1.0488574047858592
-1.3455758094787598,-3.2037519273303805,0.0,0.0,0.0,101658.421875,0.3509152171185841
-1.3455687761306763,-3.203735181263515,0.002489730715751648,0.0,0.002489730715751648,101789.8359375,0.5301340111215339
-1.3455618619918823,-3.2037187190282914,0.004979461431503296,0.0,0.004979461431503296,101170.5234375,-0.3144669185617095
-1.343363642692566,-3.1984848635537286,0.0,0.0,0.0,102325.9140625,1.2612222464758178
-1.3433496952056885,-3.1984516552516395,0.004979461431503296,0.0,0.004979461431503296,100779.875,-0.8472222456248746
-1.343342661857605,-3.198434909184774,0.007469192147254944,0.0,0.007469192147254944,100170.8515625,-1.6777912419092782
-1.3418563604354858,-3.1948960962749666,0.0016434586141258478,0.0,0.0016434586141258478,101911.8984375,0.6965994077984311
-1.3418493270874023,-3.194879350208101,0.004133189562708139,0.0,0.004133189562708139,101034.8359375,-0.49951370616311447
-1.3418424129486084,-3.194862887972877,0.006622920278459787,0.0,0.006622920278459787,101616.8984375,0.2942867235613831
-1.341151475906372,-3.1932177997770763,0.0,0.0,0.0,101794.7265625,0.536803707634574
-1.3403490781784058,-3.191307328996204,0.0032869172282516956,0.0,0.0032869172282516956,101497.875,0.13196591465377114
-1.3403420448303223,-3.191290582929339,0.005776647944003344,0.0,0.005776647944003344,101534.671875,0.18214845551066988
-1.3396443128585815,-3.189629316329956,0.0016434586141258478,0.0,0.0016434586141258478,101380.703125,-0.027829785510086014
-1.3389394283294678,-3.187951019832066,0.0,0.0,0.0,101263.53125,-0.1876254856739432
-1.3388417959213257,-3.187718561717442,0.0049303756095469,0.0,0.0049303756095469,101083.8515625,-0.4326675784908888
-1.338336706161499,-3.1865159670511884,0.006981829181313515,0.0,0.006981829181313515,101349.2734375,-0.07069270735027787
-1.3381370306015015,-3.186040549051194,0.0032869172282516956,0.0,0.0032869172282516956,100966.6953125,-0.5924419697201996
-1.3374321460723877,-3.184362252553304,0.0016434586141258478,0.0,0.0016434586141258478,100849.5234375,-0.7522376698840567
-1.3370481729507446,-3.1834480308351063,0.005321859382092953,0.0,0.005321859382092953,101636.3984375,0.32088027387535745
-1.336727261543274,-3.1826839560554143,0.0,0.0,0.0,102609.6484375,1.6481711889048727
-1.336543083190918,-3.1822454361688526,0.00737331248819828,0.0,0.00737331248819828,101231.96875,-0.23066953345777988
-1.3363434076309204,-3.181770018168858,0.003678400767967105,0.0,0.003678400767967105,101545.5,0.1969155471513624
-1.3356385231018066,-3.1800917216709683,0.002034942153841257,0.0,0.002034942153841257,102124.0625,0.9859427755374542
-1.3352545499801636,-3.1791774999527704,0.005713343154639006,0.0,0.005713343154639006,100996.90625,-0.551241144774631
-1.3345497846603394,-3.1774994872865223,0.004069884307682514,0.0,0.004069884307682514,101638.46875,0.3237037077027626
-1.3345152139663696,-3.177417176110404,0.0,0.0,0.0,101888.875,0.6652006927442314
-1.3334609270095825,-3.1749069690704346,0.006104826461523771,0.0,0.006104826461523771,101344.15625,-0.07767138341424148
-1.3334264755249023,-3.174824941725958,0.002034942153841257,0.0,0.002034942153841257,101403.28125,0.002961624909539748
-1.3323376178741455,-3.1722324235098704,0.004069884307682514,0.0,0.004069884307682514,100917.6875,-0.6592774429251519
-1.3323030471801758,-3.172150112333752,0.0,0.0,0.0,101168.1015625,-0.31776980341640987
-1.3312596082687378,-3.1696657339731855,0.006212001666426659,0.0,0.006212001666426659,101300.0703125,-0.13779454223706092
-1.3312143087387085,-3.169557877949306,0.002034942153841257,0.0,0.002034942153841257,100682.5,-0.9800195257183748
-1.3301361799240112,-3.166990904580979,0.0041770595125854015,0.0,0.0041770595125854015,101398.953125,-0.0029409499598279584
-1.330090880393982,-3.1668830485571,0.0,0.0,0.0,102748.5390625,1.8375863080883006
-1.3290581703186035,-3.1644242150442943,0.006319176405668259,0.0,0.006319176405668259,101255.9765625,-0.1979283555271536
-1.3290128707885742,-3.164316359020415,0.002142117125913501,0.0,0.002142117125913501,102189.3828125,1.0750247764089045
-1.3279348611831665,-3.1617496694837297,0.004284234251827002,0.0,0.004284234251827002,101630.2109375,0.3124419357949617
-1.3278788328170776,-3.16161626861209,0.0,0.0,0.0,101985.8046875,0.7973906682031576
-1.3268567323684692,-3.159182696115403,0.006426351144909859,0.0,0.006426351144909859,101211.875,-0.25807282328451947
-1.3268007040023804,-3.1590492952437628,0.002142117125913501,0.0,0.002142117125913501,101426.640625,0.0348184820564882
-1.3257226943969727,-3.156482605707078,0.004284234251827002,0.0,0.004284234251827002,100867.4765625,-0.7277537040901813
-1.3256666660308838,-3.1563492048354376,0.0,0.0,0.0,101223.0703125,-0.24280497168198534
-1.3245885372161865,-3.153782231467111,0.002142117125913501,0.0,0.002142117125913501,100663.9140625,-1.0053665033613817
-1.3245710134506226,-3.153740508215768,0.006384784355759621,0.0,0.006384784355759621,101555.1875,0.21012708657016374
-1.32345449924469,-3.1510821410587857,0.0,0.0,0.0,102759.0859375,1.851969838907157
-1.323436975479126,-3.151040417807443,0.0042426674626767635,0.0,0.0042426674626767635,101352.796875,-0.06588754261005253
-1.3223028182983398,-3.148340043567476,0.0021005503367632627,0.0,0.0021005503367632627,102199.359375,1.0886305311168152
-1.3222852945327759,-3.148298320316133,0.006343217566609383,0.0,0.006343217566609383,101006.3125,-0.5384131661776659
-1.3212424516677856,-3.1458153611137756,0.0,0.0,0.0,101993.0,0.8072034325617996
-1.3211512565612793,-3.145598229907808,0.0042011006735265255,0.0,0.0042011006735265255,101639.6328125,0.32529122332647337
-1.3200907707214355,-3.143073263622466,0.0021005503367632627,0.0,0.0021005503367632627,101433.2734375,0.043864124771457846
-1.3199995756149292,-3.1428561324164983,0.006301650777459145,0.0,0.006301650777459145,101376.296875,-0.033838905052185994
-1.3190304040908813,-3.140548581168765,0.0,0.0,0.0,101226.921875,-0.23755231931628445
-1.318939208984375,-3.140331449962798,0.0042011006735265255,0.0,0.0042011006735265255,100873.546875,-0.7194751830188839
-1.3178787231445312,-3.1378064836774553,0.0021005503367632627,0.0,0.0021005503367632627,100667.1875,-1.0009022815738995
-1.3177629709243774,-3.1375308831532798,0.0063085416331887245,0.0,0.0063085416331887245,101324.8515625,-0.10399857204638518
-1.3168182373046875,-3.135281517392113,0.0,0.0,0.0,102726.9453125,1.8081373605451014
-1.3167024850845337,-3.1350059168679376,0.004207991529256105,0.0,0.004207991529256105,101354.859375,-0.06307476324992063
-1.3156421184539795,-3.132481234414237,0.0021074411924928427,0.0,0.0021074411924928427,102156.5078125,1.0301907781231656
-1.3155263662338257,-3.1322056338900612,0.0063154324889183044,0.0,0.0063154324889183044,101273.3984375,-0.17416889350785758
-1.3146061897277832,-3.130014737447103,0.0,0.0,0.0,102039.3515625,0.8704163868938549
-1.3144659996032715,-3.129680951436361,0.004214882384985685,0.0,0.004214882384985685,101586.0546875,0.25222288676668325
-1.3134299516677856,-3.127214170637585,0.0021074411924928427,0.0,0.0021074411924928427,101468.90625,0.09245915000464577
-1.313289761543274,-3.1268803846268427,0.006322323344647884,0.0,0.006322323344647884,101500.0,0.13486392975208886
-1.3123940229415894,-3.124747673670451,0.0,0.0,0.0,101351.75,-0.06731524122466494
-1.3122538328170776,-3.124413887659709,0.004214882384985685,0.0,0.004214882384985685,100898.46875,-0.6854874324172902
-1.3114569187164307,-3.122516473134359,0.005977800581604242,0.0,0.005977800581604242,101426.890625,0.035159425009231464
-1.3112177848815918,-3.121947106860933,0.0021074411924928427,0.0,0.0021074411924928427,100781.3125,-0.8452618236466009
-1.3104209899902344,-3.1200499761672247,0.0038703593891113997,0.0,0.0038703593891113997,101256.90625,-0.1966604739216396
-1.3101818561553955,-3.119480609893799,0.0,0.0,0.0,100664.15625,-1.0050362148759115
-1.3096240758895874,-3.118152561641875,0.005633277352899313,0.0,0.005633277352899313,101353.765625,-0.0645663886681724
-1.3093849420547485,-3.117583195368449,0.0017629180802032351,0.0,0.0017629180802032351,102182.078125,1.0650628495084373
-1.3085881471633911,-3.115686064674741,0.0035258361604064703,0.0,0.0035258361604064703,101605.0234375,0.2780919333060782
-1.3079696893692017,-3.114213546117147,0.0,0.0,0.0,101748.453125,0.473697297975251
-1.3077912330627441,-3.1137886501493908,0.005288754124194384,0.0,0.005288754124194384,101280.65625,-0.1642708934110298
-1.3071728944778442,-3.1123164154234386,0.0017629180802032351,0.0,0.0017629180802032351,101171.40625,-0.31326296375983487
-1.3063759803771973,-3.110419000898089,0.0035258361604064703,0.0,0.0035258361604064703,101761.0234375,0.49084033581787306
-1.3062033653259277,-3.1100080126807805,0.006118898745626211,0.0,0.006118898745626211,101397.953125,-0.004304721770801003
-1.3057576417922974,-3.108946766172137,0.0,0.0,0.0,100737.7734375,-0.9046391697602943
-1.3049607276916504,-3.1070493516467868,0.0017629180802032351,0.0,0.0017629180802032351,101160.8671875,-0.327635840111418
-1.3047881126403809,-3.1066383634294783,0.004355980549007654,0.0,0.004355980549007654,101677.3359375,0.3767096823870664
-1.3046153783798218,-3.106227091380528,0.006949042901396751,0.0,0.006949042901396751,101447.5078125,0.06327656414327727
-1.3035454750061035,-3.1036797023954845,0.0,0.0,0.0,102243.828125,1.1492757588360227
-1.303372859954834,-3.103268714178176,0.002593062352389097,0.0,0.002593062352389097,101706.9140625,0.4170474954835035
-1.303200125694275,-3.102857442129226,0.005186124704778194,0.0,0.005186124704778194,101170.0,-0.3151807678690157
-1.3019124269485474,-3.099791492734637,0.0015250321011990309,0.0,0.0015250321011990309,101544.125,0.19504036091127444
-1.3017396926879883,-3.0993802206856866,0.0041180942207574844,0.0,0.0041180942207574844,101007.21875,-0.5371772479739716
-1.3015670776367188,-3.098969232468378,0.006711156573146582,0.0,0.006711156573146582,100470.3125,-1.2693948568592175
-1.3013334274291992,-3.0984129224504744,0.0,0.0,0.0,102481.0,1.4727240763166451
-1.3002793788909912,-3.0959032830737887,0.0030500642023980618,0.0,0.0030500642023980618,100844.4375,-0.7591737280789275
-1.3001067638397217,-3.0954922948564803,0.005643126554787159,0.0,0.005643126554787159,100307.53125,-1.4913913369641734
-1.299700379371643,-3.0945247127896263,0.0015250321011990309,0.0,0.0015250321011990309,101680.9375,0.381621391800024
-1.2994513511657715,-3.093931788489932,0.007426013238728046,0.0,0.007426013238728046,101300.28125,-0.1375068716206838
-1.2991212606430054,-3.0931458586738225,0.0,0.0,0.0,101463.5234375,0.08511822205339244
-1.298646330833435,-3.0920150734129406,0.004575096070766449,0.0,0.004575096070766449,100144.75,-1.7133878170691292
-1.298067331314087,-3.0906365031287786,0.0030500642023980618,0.0,0.0030500642023980618,100880.8671875,-0.7094919471838703
-1.2979910373687744,-3.0904548508780345,0.006357983220368624,0.0,0.006357983220368624,101353.9921875,-0.06425740911724881
-1.2974882125854492,-3.0892576490129744,0.0015250321011990309,0.0,0.0015250321011990309,100663.4609375,-1.0059844624632288
-1.2969090938568115,-3.08787879489717,0.0,0.0,0.0,102579.5703125,1.607151489902949
-1.296707272529602,-3.087398267927624,0.004719972610473633,0.0,0.004719972610473633,101638.2109375,0.3233521102827461
-1.2961281538009644,-3.08601941381182,0.0031949402764439583,0.0,0.0031949402764439583,101451.6640625,0.06894474073263399
-1.2960518598556519,-3.085837761561076,0.006502859760075808,0.0,0.006502859760075808,101289.96875,-0.15157076842134332
-1.2955490350723267,-3.084640559696016,0.0016699082916602492,0.0,0.0016699082916602492,102106.015625,0.9613309561363002
-1.2947680950164795,-3.0827811786106656,0.004864848684519529,0.0,0.004864848684519529,101051.6171875,-0.47662791046022307
-1.2946970462799072,-3.08261201495216,0.0,0.0,0.0,101856.28125,0.6207502552803288
-1.2941889762878418,-3.0814023244948614,0.0033398165833204985,0.0,0.0033398165833204985,101632.453125,0.3154997679023779
-1.2941126823425293,-3.0812206722441173,0.006647735834121704,0.0,0.006647735834121704,101268.4453125,-0.18092382575908345
-1.2933369874954224,-3.079373779751006,0.0016699082916602492,0.0,0.0016699082916602492,101382.7265625,-0.025070278486320246
-1.292828917503357,-3.078164089293707,0.005009724758565426,0.0,0.005009724758565426,101296.53125,-0.1426210159118327
-1.2924848794937134,-3.077344951175508,0.0,0.0,0.0,101133.0,-0.36564032487501835
-1.2919769287109375,-3.0761355445498513,0.0033398165833204985,0.0,0.0033398165833204985,100909.15625,-0.6709121211875158
-1.2913715839385986,-3.074694247472854,0.006896830629557371,0.0,0.006896830629557371,101342.328125,-0.08016452875617659
-1.2911248207092285,-3.0741067159743536,0.0016699082916602492,0.0,0.0016699082916602492,100659.4375,-1.0114715131089407
-1.2905553579330444,-3.0727508522215343,0.004969301167875528,0.0,0.004969301167875528,101573.0390625,0.23447254428948722
-1.2902727127075195,-3.0720778873988563,0.0,0.0,0.0,102744.7734375,1.8324508548626053
-1.289703369140625,-3.070722307477679,0.0032993927597999573,0.0,0.0032993927597999573,101375.2890625,-0.035213331330432265
-1.2890980243682861,-3.0692810104006814,0.006856407038867474,0.0,0.006856407038867474,101313.0625,-0.12007616316168458
-1.288851261138916,-3.068693478902181,0.0016294845845550299,0.0,0.0016294845845550299,102181.859375,1.064764524424787
-1.288281798362732,-3.067337615149362,0.004928877577185631,0.0,0.004928877577185631,101030.9609375,-0.504798321930635
-1.2880605459213257,-3.066810823622204,0.0,0.0,0.0,102006.328125,0.8253799537299248
-1.2874298095703125,-3.065309070405506,0.0032589691691100597,0.0,0.0032589691691100597,101618.9453125,0.29707819398696855
-1.2868244647979736,-3.063867773328509,0.006815983448177576,0.0,0.006815983448177576,101303.7734375,-0.13274432474955136
-1.2866390943527222,-3.0634264151255293,0.0016294845845550299,0.0,0.0016294845845550299,101443.4140625,0.05769362329210637
-1.2860082387924194,-3.0619243780771894,0.004888453520834446,0.0,0.004888453520834446,101351.6953125,-0.06738982249557753
-1.2858484983444214,-3.061544043677194,0.0,0.0,0.0,101267.8828125,-0.1816909474027558
-1.2852176427841187,-3.060042006628854,0.0032589691691100597,0.0,0.0032589691691100597,100880.4921875,-0.7100033616129853
-1.2844270467758179,-3.0581596351805187,0.0016294845845550299,0.0,0.0016294845845550299,100704.9609375,-0.9493879323078473
-1.2841609716415405,-3.057526122956049,0.006479391362518072,0.0,0.006479391362518072,101389.3671875,-0.016013981304077374
-1.284134864807129,-3.0574639638264975,0.0045885322615504265,0.0,0.0045885322615504265,101393.7734375,-0.010004861761977398
-1.2836363315582275,-3.056276979900542,0.0,0.0,0.0,102401.0703125,1.3637182216442607
-1.2833442687988281,-3.055581592378162,0.0029590479098260403,0.0,0.0029590479098260403,101235.8203125,-0.22541688109207902
-1.2825536727905273,-3.0536992209298273,0.0013295633252710104,0.0,0.0013295633252710104,101982.6171875,0.7930436455556811
-1.28228759765625,-3.053065708705357,0.006179470103234053,0.0,0.006179470103234053,101368.5078125,-0.04446140892359322
-1.2822614908218384,-3.0530035495758057,0.004288611002266407,0.0,0.004288611002266407,101308.078125,-0.12687371328200334
-1.2814708948135376,-3.0511211781274707,0.002659126650542021,0.0,0.002659126650542021,101564.15625,0.22235841499982822
-1.2814242839813232,-3.0510101999555315,0.0,0.0,0.0,101828.6328125,0.5830440956003787
-1.2804142236709595,-3.0486052944546653,0.005879548843950033,0.0,0.005879548843950033,101326.171875,-0.10219796707720984
-1.2803881168365479,-3.0485431353251142,0.0039886897429823875,0.0,0.0039886897429823875,101349.0,-0.07106561370484081
-1.2803415060043335,-3.048432157153175,0.0013295633252710104,0.0,0.0013295633252710104,101410.171875,0.012358865044525881
-1.2792587280273438,-3.0458541143508184,0.002659126650542021,0.0,0.002659126650542021,100991.7265625,-0.5583050565767805
-1.2792121171951294,-3.0457431361788796,0.0,0.0,0.0,101256.1875,-0.19764068491077647
-1.2785502672195435,-3.044167302903675,0.0062181358225643635,0.0,0.0062181358225643635,101251.7890625,-0.20363914998560323
-1.2785242795944214,-3.0441054276057655,0.004327277187258005,0.0,0.004327277187258005,101274.625,-0.17249614214596096
-1.2781293392181396,-3.043165093376523,0.0013295633252710104,0.0,0.0013295633252710104,100837.7421875,-0.7683046065320829
-1.2773948907852173,-3.0414164066314697,0.0029977138619869947,0.0,0.0029977138619869947,101558.484375,0.2146232717594655
-1.2769999504089355,-3.0404760724022277,0.0,0.0,0.0,102664.234375,1.722613951742909
-1.276686429977417,-3.039729595184326,0.006556723266839981,0.0,0.006556723266839981,101222.15625,-0.24405154435295287
-1.276660442352295,-3.0396677198864164,0.004665864631533623,0.0,0.004665864631533623,101200.2421875,-0.27393732505435436
-1.2762655019760132,-3.0387273856571744,0.0016681505367159843,0.0,0.0016681505367159843,102165.6171875,1.0426138869637482
-1.2755310535430908,-3.036978698912121,0.0033363010734319687,0.0,0.0033363010734319687,101667.0,0.36261382218458726
-1.274796485900879,-3.035229728335426,0.005004451610147953,0.0,0.005004451610147953,101232.4296875,-0.2300409198886595
-1.2747879028320312,-3.035209292457217,0.0,0.0,0.0,101913.9140625,0.6993482603549237
-1.2740633487701416,-3.0334841637384327,0.0069846054539084435,0.0,0.0069846054539084435,101303.890625,-0.13258450774045297
-1.2740533351898193,-3.0334603218805225,0.0016681505367159843,0.0,0.0016681505367159843,101415.296875,0.01934819557576273
-1.273318886756897,-3.031711635135469,0.0033363010734319687,0.0,0.0033363010734319687,100916.6640625,-0.6606731781379447
-1.272575855255127,-3.029942512512207,0.0,0.0,0.0,101163.5859375,-0.32392808550033503
-1.272512674331665,-3.02979208174206,0.005116060841828585,0.0,0.005116060841828585,101296.546875,-0.14259970697728627
-1.271841287612915,-3.028193541935512,0.0016681505367159843,0.0,0.0016681505367159843,100664.9609375,-1.0039388047467692
-1.2717795372009277,-3.028046517145066,0.007096215151250362,0.0,0.007096215151250362,101305.578125,-0.13028314280943595
-1.271035075187683,-3.0262739885421026,0.003447910537943244,0.0,0.003447910537943244,101406.3203125,0.007106212678825015
-1.270363688468933,-3.024675448735555,0.0,0.0,0.0,102782.5,1.883901277325018
-1.2702288627624512,-3.0243544351486933,0.005227670539170504,0.0,0.005227670539170504,101251.8046875,-0.20361784105105676
-1.2695574760437012,-3.022755895342146,0.0017797600012272596,0.0,0.0017797600012272596,102221.6953125,1.119091653050971
-1.2694956064224243,-3.022608586720058,0.007207824382930994,0.0,0.007207824382930994,101262.921875,-0.18845653412125488
-1.2687512636184692,-3.0208363419487365,0.0035595200024545193,0.0,0.0035595200024545193,101660.8828125,0.35427137430965056
-1.2681516408920288,-3.019408668790545,0.0,0.0,0.0,101995.3671875,0.8104317361455874
-1.2679449319839478,-3.0189165047236854,0.005339279770851135,0.0,0.005339279770851135,101100.0546875,-0.41057021336621624
-1.2673454284667969,-3.0174891153971357,0.0017797600012272596,0.0,0.0017797600012272596,101434.5625,0.045622111871540284
-1.2670255899429321,-3.0167275951022194,0.007108827121555805,0.0,0.007108827121555805,101328.5234375,-0.09899097242796853
-1.2665390968322754,-3.015569278172084,0.0035595200024545193,0.0,0.0035595200024545193,100873.7421875,-0.7192088213370533
-1.265939474105835,-3.0141416050138927,0.0,0.0,0.0,101208.2265625,-0.26304845950111644
-1.2656294107437134,-3.0134033589136036,0.005372317973524332,0.0,0.005372317973524332,101545.2890625,0.19662787653498526
-1.265133261680603,-3.0122220516204834,0.0017797600012272596,0.0,0.0017797600012272596,100647.4140625,-1.0278687382424367
-1.2647100687026978,-3.0112144492921376,0.007141865324229002,0.0,0.007141865324229002,101313.609375,-0.1193303504525587
-1.264223575592041,-3.0100561323620023,0.003592558205127716,0.0,0.003592558205127716,101378.890625,-0.030301621917474656
-1.2637273073196411,-3.008874541237241,0.0,0.0,0.0,100421.0703125,-1.3365499640823668
-1.263313889503479,-3.0078902131035217,0.005405356176197529,0.0,0.005405356176197529,101024.6875,-0.5133538591510362
-1.262817621231079,-3.0067086219787598,0.0018127982039004564,0.0,0.0018127982039004564,102228.421875,1.1282651493732192
-1.2623945474624634,-3.0057013034820557,0.007174903526902199,0.0,0.007174903526902199,101257.1953125,-0.1962662586325302
-1.261907935142517,-3.0045427027202787,0.003625596407800913,0.0,0.003625596407800913,101673.671875,0.371712737235923
-1.2615152597427368,-3.0036077612922307,0.0,0.0,0.0,101973.0,0.7799279963423388
-1.260998249053955,-3.002376783461798,0.005438394378870726,0.0,0.005438394378870726,101118.9296875,-0.3848290204341
-1.2606055736541748,-3.0014418420337496,0.0018127982039004564,0.0,0.0018127982039004564,101418.2578125,0.02338623867231573
-1.2601401805877686,-3.000333763304211,0.007049646228551865,0.0,0.007049646228551865,101332.21875,-0.09395140940773221
-1.2596958875656128,-2.9992759227752686,0.003625596407800913,0.0,0.003625596407800913,100863.5078125,-0.7331661734649806
-1.259303092956543,-2.9983406975155784,0.0,0.0,0.0,101162.8359375,-0.32495091435856477
-1.2585374116897583,-2.996517646880377,0.0057492684572935104,0.0,0.0057492684572935104,101535.5390625,0.18333110137799807
-1.258393406867981,-2.9961747782570978,0.0018127982039004564,0.0,0.0018127982039004564,100608.1015625,-1.0814820175613147
-1.2576793432235718,-2.99447462672279,0.007360519841313362,0.0,0.007360519841313362,101268.46875,-0.18089186235726376
-1.2572349309921265,-2.993416502362206,0.00393647002056241,0.0,0.00393647002056241,101430.15625,0.03961299232944031
-1.2570909261703491,-2.9930736337389265,0.0,0.0,0.0,100352.6796875,-1.4298191705921952
-1.256076455116272,-2.9906582264673145,0.006060142070055008,0.0,0.006060142070055008,101015.1953125,-0.5262990368880069
-1.2559324502944946,-2.990315357844035,0.0021236720494925976,0.0,0.0021236720494925976,102245.5625,1.1516410505706791
-1.2548787593841553,-2.9878065699622747,0.0,0.0,0.0,102046.796875,0.8805700942052401
-1.2547739744186401,-2.9875570819491433,0.004247344098985195,0.0,0.004247344098985195,101648.59375,0.33751189728886466
-1.2537204027175903,-2.9850485778990246,0.0021236720494925976,0.0,0.0021236720494925976,101449.828125,0.06644094092342566
-1.2536154985427856,-2.984798806054252,0.006371015682816505,0.0,0.006371015682816505,101331.3515625,-0.09513405527506039
-1.252666711807251,-2.9825397900172645,0.0,0.0,0.0,101251.0703125,-0.2046193609747401
-1.2525619268417358,-2.982290302004133,0.004247344098985195,0.0,0.004247344098985195,100852.8671875,-0.7476775578911156
-1.2515082359313965,-2.9797815141223727,0.0021236720494925976,0.0,0.0021236720494925976,100654.1015625,-1.0187485142565547
-1.2514299154281616,-2.979595036733718,0.00581555999815464,0.0,0.00581555999815464,101455.296875,0.0738990680146845
-1.2504545450210571,-2.9772727262406122,0.0,0.0,0.0,100455.3359375,-1.2898194706219936
-1.2503762245178223,-2.977086248851958,0.0036918881814926863,0.0,0.0036918881814926863,101205.1484375,-0.26724631960676787
-1.2493226528167725,-2.9745777448018393,0.0015682161320000887,0.0,0.0015682161320000887,100856.28125,-0.7430215556927154
-1.2492443323135376,-2.9743912674131847,0.005260104313492775,0.0,0.005260104313492775,101374.0,-0.0369713184305147
-1.2482424974441528,-2.972005946295602,0.0,0.0,0.0,101934.859375,0.727912887114445
-1.2481906414031982,-2.9718824795314247,0.0031364322640001774,0.0,0.0031364322640001774,100657.03125,-1.0147530890290946
-1.2471104860305786,-2.9693106810251875,0.0015682161320000887,0.0,0.0015682161320000887,101414.7578125,0.018613037333910076
-1.247058629989624,-2.9691872142610096,0.004704648163169622,0.0,0.004704648163169622,101323.4609375,-0.10589506722101957
-1.2470545768737793,-2.969177563985189,0.006832399405539036,0.0,0.006832399405539036,101323.6640625,-0.10561805107191567
-1.246030330657959,-2.9667388825189502,0.0,0.0,0.0,101195.0546875,-0.281011891323777
-1.2459784746170044,-2.9666154157547724,0.0031364322640001774,0.0,0.0031364322640001774,102073.8984375,0.9175304411760643
-1.2448983192443848,-2.964043617248535,0.0015682161320000887,0.0,0.0015682161320000887,102018.5703125,0.8420755039470713
-1.2448264360427856,-2.9638724667685374,0.005177697166800499,0.0,0.005177697166800499,101249.6328125,-0.20657978295301385
-1.2448222637176514,-2.9638625326610746,0.007305447943508625,0.0,0.007305447943508625,101249.84375,-0.20629211233663672
-1.2438181638717651,-2.961471818742298,0.0,0.0,0.0,102809.9140625,1.9212878029867713
-1.243746280670166,-2.9613006682623,0.0036094810348004103,0.0,0.0036094810348004103,101512.53125,0.15195369525834482
-1.2426661252975464,-2.958728869756063,0.0020412649028003216,0.0,0.0020412649028003216,102229.5703125,1.1298313560623836
-1.2425941228866577,-2.958557435444423,0.005650745704770088,0.0,0.005650745704770088,101175.8203125,-0.30724318975046166
-1.2416061162948608,-2.956205038797288,0.0,0.0,0.0,102017.5390625,0.8406691142670054
-1.241513967514038,-2.955985636938186,0.004082529805600643,0.0,0.004082529805600643,101649.21875,0.3383642546707228
-1.2404539585113525,-2.953461805979411,0.0020412649028003216,0.0,0.0020412649028003216,101437.1953125,0.049212667342617755
-1.2403618097305298,-2.953242404120309,0.006123794242739677,0.0,0.006123794242739677,101548.3359375,0.20078311877154376
-1.239393949508667,-2.950937975020636,0.0,0.0,0.0,101225.171875,-0.2399389199854873
-1.2393018007278442,-2.950718573161534,0.004082529805600643,0.0,0.004082529805600643,100856.84375,-0.7422544340490431
-1.2382417917251587,-2.948194742202759,0.0020412649028003216,0.0,0.0020412649028003216,100644.8125,-1.0314166758444214
-1.2381993532180786,-2.9480936981382824,0.005557399243116379,0.0,0.005557399243116379,101460.7421875,0.08132523170412366
-1.2371817827224731,-2.9456709112439836,0.0,0.0,0.0,100432.78125,-1.3205789176397997
-1.237139344215393,-2.945569867179507,0.003516134573146701,0.0,0.003516134573146701,101188.0390625,-0.2905796029351348
-1.2360793352127075,-2.9430460362207325,0.0014748696703463793,0.0,0.0014748696703463793,100813.578125,-0.8012588738081737
-1.236037015914917,-2.942945275987898,0.00499100424349308,0.0,0.00499100424349308,101373.1484375,-0.038132655363296436
-1.235862374305725,-2.942529462632679,0.007086973171681166,0.0,0.007086973171681166,101392.8984375,-0.011198162096578812
-1.2349770069122314,-2.9404214450291226,0.0029497393406927586,0.0,0.0029497393406927586,100630.15625,-1.051404456448995
-1.2349696159362793,-2.9404038474673317,0.0,0.0,0.0,101944.59375,0.7411883533368857
-1.2338672876358032,-2.937779256275722,0.0014748696703463793,0.0,0.0014748696703463793,101435.8046875,0.04731617216798337
-1.2337000370025635,-2.937381040482294,0.006520578172057867,0.0,0.006520578172057867,101305.3046875,-0.1306560491639989
-1.232757568359375,-2.9351370675223216,0.0,0.0,0.0,101267.5703125,-0.18211712609368486
-1.2318967580795288,-2.9330875192369734,0.004725418519228697,0.0,0.004725418519228697,101287.140625,-0.15542768557425146
-1.231722116470337,-2.932671705881755,0.006821387447416782,0.0,0.006821387447416782,101262.5703125,-0.1889359851485501
-1.2316551208496094,-2.93251219249907,0.0014748696703463793,0.0,0.0014748696703463793,100758.7890625,-0.8759786527953141
-1.2307870388031006,-2.930445330483573,0.003250548616051674,0.0,0.003250548616051674,101504.578125,0.14110744757419982
-1.2305454015731812,-2.9298700037456693,0.0,0.0,0.0,102696.90625,1.767170933879544
-1.2299188375473022,-2.928378184636434,0.005026227794587612,0.0,0.005026227794587612,101219.4375,-0.24775929896403584
-1.2297443151474,-2.927962655112857,0.007122197188436985,0.0,0.007122197188436985,101244.234375,-0.21394201983881364
-1.2296773195266724,-2.9278031417301724,0.0017756790621206164,0.0,0.0017756790621206164,102180.2734375,1.0626016675683219
-1.2288092374801636,-2.925736279714675,0.003551358124241233,0.0,0.003551358124241233,101663.625,0.35801109232255324
-1.2283333539962769,-2.924603223800659,0.0,0.0,0.0,101928.8984375,0.7197835285849729
-1.2279410362243652,-2.9236691338675365,0.0053270370699465275,0.0,0.0053270370699465275,101260.875,-0.19124800454684032
-1.227465271949768,-2.9225363617851623,0.0017756790621206164,0.0,0.0017756790621206164,101412.2578125,0.015203607806477466
-1.2269867658615112,-2.9213970615750267,0.007364463526755571,0.0,0.007364463526755571,101319.484375,-0.11131819106309207
-1.2265970706939697,-2.920469215938023,0.003551358124241233,0.0,0.003551358124241233,101941.9765625,0.7376191068003547
-1.2261213064193726,-2.919336443855649,0.0,0.0,0.0,101160.875,-0.3276251856441447
-1.2256114482879639,-2.9181224959237237,0.005453761667013168,0.0,0.005453761667013168,101290.8828125,-0.15032419575037578
-1.2252531051635742,-2.91726929800851,0.0017756790621206164,0.0,0.0017756790621206164,101794.828125,0.5369422157091259
-1.2246571779251099,-2.915850423631214,0.007491188123822212,0.0,0.007491188123822212,101299.75,-0.13823137539526323
-1.2242674827575684,-2.9149225779942105,0.00367808248847723,0.0,0.00367808248847723,101406.1796875,0.006914432267906931
-1.2239091396331787,-2.914069380078997,0.0,0.0,0.0,102802.484375,1.9111554046099324
-1.223281741142273,-2.912575574148269,0.005580485798418522,0.0,0.005580485798418522,101241.65625,-0.21745799403897853
-1.2229233980178833,-2.9117223762330555,0.0019024033099412918,0.0,0.0019024033099412918,102233.5546875,1.1352651343717293
-1.2219377756118774,-2.909375656218756,0.0038048066198825836,0.0,0.0038048066198825836,101664.625,0.35937486413352626
-1.2216969728469849,-2.908802316302345,0.0,0.0,0.0,102002.0703125,0.8195732690660161
-1.220952033996582,-2.9070286523728144,0.005707209929823875,0.0,0.005707209929823875,101285.6484375,-0.1574626888234378
-1.220711350440979,-2.9064555962880454,0.0019024033099412918,0.0,0.0019024033099412918,101433.140625,0.04368299882781299
-1.2197256088256836,-2.9041085924421037,0.0038048066198825836,0.0,0.0038048066198825836,100864.2109375,-0.7322072714103901
-1.2194849252700806,-2.9035355363573347,0.0,0.0,0.0,101201.65625,-0.2720088664779003
-1.218611478805542,-2.901455901917957,0.0057455627247691154,0.0,0.0057455627247691154,101551.8828125,0.20562024691358877
-1.2184991836547852,-2.9011885325113935,0.0019024033099412918,0.0,0.0019024033099412918,100632.7265625,-1.0478991367161035
-1.2173850536346436,-2.8985358419872465,0.0038431594148278236,0.0,0.0038431594148278236,101376.09375,-0.03411592120128989
-1.2172727584838867,-2.898268472580683,0.0,0.0,0.0,102795.390625,1.9014811483258425
-1.2162708044052124,-2.895882867631458,0.0057839155197143555,0.0,0.0057839155197143555,101016.828125,-0.5240722532279025
-1.2161586284637451,-2.8956157820565362,0.0019407561048865318,0.0,0.0019407561048865318,102226.3046875,1.1253777887421748
-1.2150607109069824,-2.8930016926356728,0.0,0.0,0.0,101999.6796875,0.8163130020804087
-1.215044379234314,-2.8929628077007474,0.0038815122097730637,0.0,0.0038815122097730637,101657.203125,0.3492531202239607
-1.2139464616775513,-2.890348718279884,0.0019407561048865318,0.0,0.0019407561048865318,101430.5859375,0.040198988029467794
-1.2139301300048828,-2.890309833344959,0.0058222683146595955,0.0,0.0058222683146595955,101088.1015625,-0.4268715482942534
-1.2128485441207886,-2.8877346288590204,0.0,0.0,0.0,101203.953125,-0.2688764530995716
-1.2128322124481201,-2.8876957439240956,0.0038815122097730637,0.0,0.0038815122097730637,100861.4765625,-0.7359363349560195
-1.2117342948913574,-2.885081654503232,0.0019407561048865318,0.0,0.0019407561048865318,100634.8671875,-1.0449798126832393
-1.21158766746521,-2.8847325415838334,0.005805676802992821,0.0,0.005805676802992821,101330.828125,-0.0958479045823666
-1.2106363773345947,-2.8824675650823686,0.0,0.0,0.0,102793.5,1.8989027672457215
-1.2104897499084473,-2.88211845216297,0.0038649209309369326,0.0,0.0038649209309369326,101364.4140625,-0.050044349774764116
-1.2093918323516846,-2.8795043627421064,0.0019241648260504007,0.0,0.0019241648260504007,102224.1953125,1.1225010825784036
-1.209245204925537,-2.8791552498227073,0.005789085756987333,0.0,0.005789085756987333,101019.3046875,-0.5206947871022896
-1.2084243297576904,-2.8772007851373584,0.0,0.0,0.0,101997.7890625,0.8137346210002877
-1.2081472873687744,-2.876541160401844,0.0038483296521008015,0.0,0.0038483296521008015,101654.8828125,0.3460887434438123
-1.2071796655654907,-2.874237298965454,0.0019241648260504007,0.0,0.0019241648260504007,101428.484375,0.03733293633296975
-1.2069026231765747,-2.87357767422994,0.0057724942453205585,0.0,0.0057724942453205585,101313.640625,-0.1192877325834658
-1.2062121629714966,-2.871933721360706,0.0,0.0,0.0,101202.0859375,-0.2714228707778728
-1.2059351205825806,-2.871274096625192,0.0038483296521008015,0.0,0.0038483296521008015,100859.171875,-0.7390794028016214
-1.2049674987792969,-2.8689702351888022,0.0019241648260504007,0.0,0.0019241648260504007,100632.78125,-1.0478245554451908
-1.2045681476593018,-2.868019399188814,0.005676815286278725,0.0,0.005676815286278725,101351.765625,-0.06729393229011849
-1.2039999961853027,-2.8666666575840543,0.0,0.0,0.0,100406.375,-1.3565910170233066
-1.2036006450653076,-2.865715821584066,0.003752650460228324,0.0,0.003752650460228324,101341.7578125,-0.08094230486712214
-1.202633023262024,-2.863411960147676,0.0018284856341779232,0.0,0.0018284856341779232,101126.640625,-0.37431306123542507
-1.2022336721420288,-2.862461124147688,0.005581136327236891,0.0,0.005581136327236891,101298.34375,-0.14014917950444408
-1.2017878293991089,-2.8613995938074024,0.0,0.0,0.0,102026.1171875,0.8523677193330085
-1.2012660503387451,-2.860157262711298,0.0036569712683558464,0.0,0.0036569712683558464,100803.8125,-0.8145769578997073
-1.2004209756851196,-2.858145180202666,0.0018284856341779232,0.0,0.0018284856341779232,101447.8203125,0.06370274283420635
-1.1998990774154663,-2.85690256527492,0.00548545690253377,0.0,0.00548545690253377,101469.2578125,0.09293860103194099
-1.1995757818222046,-2.856132813862392,0.0,0.0,0.0,101273.0546875,-0.17463769006787958
-1.1990540027618408,-2.854890482766288,0.0036569712683558464,0.0,0.0036569712683558464,100869.5078125,-0.7249835425991422
-1.1982088088989258,-2.8528781164260137,0.0018284856341779232,0.0,0.0018284856341779232,100694.7421875,-0.9633239755012282
-1.198080062866211,-2.852571578252883,0.007330053485929966,0.0,0.007330053485929966,101443.0078125,0.05713959099389857
-1.197918176651001,-2.8521861348833357,0.005161487963050604,0.0,0.005161487963050604,101395.4765625,-0.007682187896413933
-1.1973636150360107,-2.85086575008574,0.0,0.0,0.0,100519.9765625,-1.2016644084033141
-1.1970731019973755,-2.8501740523747037,0.0033330025617033243,0.0,0.0033330025617033243,101255.8671875,-0.19807751806897878
-1.1962279081344604,-2.84816168603443,0.0015045169275254011,0.0,0.0015045169275254011,102088.5,0.9374436405097254
-1.1960991621017456,-2.8478551478612992,0.0070060845464468,0.0,0.0070060845464468,101369.2265625,-0.043481197934456345
-1.1959373950958252,-2.8474699883233936,0.004837519489228725,0.0,0.004837519489228725,101321.6796875,-0.1083242857593153
-1.1951515674591064,-2.84559897014073,0.0,0.0,0.0,101862.65625,0.6294443005752819
-1.1950922012329102,-2.8454576219831194,0.0030090338550508022,0.0,0.0030090338550508022,101618.078125,0.29589554811964036
-1.1941183805465698,-2.8431390013013567,0.006682116072624922,0.0,0.006682116072624922,101322.4921875,-0.10721622116289971
-1.1940158605575562,-2.8428949060894193,0.0015045169275254011,0.0,0.0015045169275254011,101392.234375,-0.0121037918148031
-1.1939564943313599,-2.8427535579318093,0.00451355054974556,0.0,0.00451355054974556,101316.6171875,-0.11522838055236634
-1.1929394006729126,-2.8403319063640775,0.0,0.0,0.0,101166.390625,-0.32010313174924654
-1.1928801536560059,-2.8401908420381092,0.0030090338550508022,0.0,0.0030090338550508022,102109.7109375,0.9663705191565364
-1.1919163465499878,-2.8378960632142567,0.0071986159309744835,0.0,0.0071986159309744835,101246.8046875,-0.210436700105922
-1.1918036937713623,-2.8376278423127674,0.0015045169275254011,0.0,0.0015045169275254011,102074.9609375,0.9189794487252232
-1.1917545795440674,-2.837510903676351,0.005030050408095121,0.0,0.005030050408095121,101240.9296875,-0.21844885949538861
-1.1907272338867188,-2.8350648425874256,0.0,0.0,0.0,102815.7578125,1.929257344507145
-1.1906781196594238,-2.8349479039510093,0.003525533713400364,0.0,0.003525533713400364,101539.6328125,0.18891404222916897
-1.1896016597747803,-2.8323849042256675,0.002021016785874963,0.0,0.002021016785874963,102235.203125,1.1375132269663804
-1.1895525455474854,-2.832267965589251,0.005546550266444683,0.0,0.005546550266444683,101165.25,-0.32165868397113767
-1.1885151863098145,-2.8297980626424155,0.0,0.0,0.0,102018.609375,0.8421287762834374
-1.1884760856628418,-2.8297049658639093,0.004042033571749926,0.0,0.004042033571749926,101654.6484375,0.3457691094256155
-1.187389612197876,-2.8271181242806573,0.002021016785874963,0.0,0.002021016785874963,101438.0546875,0.050384658742672714
-1.1873505115509033,-2.8270250275021507,0.006063050124794245,0.0,0.006063050124794245,101535.2109375,0.18288361375252254
-1.1863030195236206,-2.8245309988657636,0.0,0.0,0.0,101221.46875,-0.24498913747299686
-1.1862640380859375,-2.8244381859188987,0.004042033571749926,0.0,0.004042033571749926,100857.4921875,-0.7413701132653653
-1.1851774454116821,-2.821851060504005,0.002021016785874963,0.0,0.002021016785874963,100640.9140625,-1.0367332550137616
-1.1840908527374268,-2.8192639350891113,0.0,0.0,0.0,100424.3203125,-1.3321177056967044
-1.1830062866210938,-2.816681634812128,0.0014871472958475351,0.0,0.0014871472958475351,100833.0,-0.7747718681669317
-1.1828433275222778,-2.8162936369578047,0.007108386605978012,0.0,0.007108386605978012,101387.140625,-0.019050504476947044
-1.1819217205047607,-2.8140993345351446,0.0029742945916950703,0.0,0.0029742945916950703,100639.96875,-1.038022445553822
-1.1818788051605225,-2.813997155144101,0.0,0.0,0.0,101948.1015625,0.7459722091425646
-1.1808371543884277,-2.8115170342581615,0.004461441654711962,0.0,0.004461441654711962,101276.9609375,-0.16931045643126613
-1.1807942390441895,-2.811414854867118,0.0014871472958475351,0.0,0.0014871472958475351,101438.1875,0.050565784686317575
-1.1806721687316895,-2.8111242112659274,0.006574517115950584,0.0,0.006574517115950584,101301.0625,-0.1364414248933611
-1.1797096729278564,-2.8088325545901345,0.0029742945916950703,0.0,0.0029742945916950703,100928.2734375,-0.6448406397699294
-1.1796667575836182,-2.808730375199091,0.0,0.0,0.0,101269.8359375,-0.17902733058444906
-1.178873896598816,-2.8068426109495617,0.004788986872881651,0.0,0.004788986872881651,101276.0546875,-0.17054637463496045
-1.1787089109420776,-2.806449787957328,0.006902062334120274,0.0,0.006902062334120274,101257.1171875,-0.19637280330526247
-1.1785821914672852,-2.8061480749221075,0.0014871472958475351,0.0,0.0014871472958475351,100759.9140625,-0.8744444095079693
-1.1777464151382446,-2.804158131281535,0.0033018398098647594,0.0,0.0033018398098647594,101510.015625,0.14852295679636576
-1.1774545907974243,-2.8034633114224388,0.0,0.0,0.0,100591.5546875,-1.1040481792460093
-1.176910638809204,-2.8021681876409623,0.00511653209105134,0.0,0.00511653209105134,101207.78125,-0.2636557641356904
-1.1767456531524658,-2.8017753646487282,0.007229607552289963,0.0,0.007229607552289963,101241.40625,-0.2177989369917218
-1.1766189336776733,-2.801473651613508,0.0018146925140172243,0.0,0.0018146925140172243,102175.359375,1.0559000076534621
-1.1757831573486328,-2.7994837079729353,0.0036293850280344486,0.0,0.0036293850280344486,101657.7421875,0.3499882784658134
-1.17524254322052,-2.7981965314774286,0.0,0.0,0.0,101934.9375,0.7280194317871773
-1.1749473810195923,-2.7974937643323625,0.005444077309221029,0.0,0.005444077309221029,101256.640625,-0.19702272580892932
-1.1744067668914795,-2.796206587836856,0.0018146925140172243,0.0,0.0018146925140172243,101417.3203125,0.022107702599528503
-1.174047589302063,-2.7953514031001503,0.007458649575710297,0.0,0.007458649575710297,101317.2265625,-0.11439733210505464
-1.173570990562439,-2.7942166441962835,0.0036293850280344486,0.0,0.0036293850280344486,101943.4453125,0.7396221466477214
-1.1730303764343262,-2.7929294677007768,0.0,0.0,0.0,101176.8984375,-0.30577287326675634
-1.1726775169372559,-2.7920893260410855,0.005545103922486305,0.0,0.005545103922486305,101298.8203125,-0.13949925700077723
-1.1721946001052856,-2.790939524060204,0.0018146925140172243,0.0,0.0018146925140172243,101782.9296875,0.5207154620520014
-1.1713011264801025,-2.788812205905006,0.0037304111756384373,0.0,0.0037304111756384373,101396.890625,-0.005753729319959862
-1.1708182096481323,-2.787662403924125,0.0,0.0,0.0,102775.296875,1.874077858499103
-1.1704076528549194,-2.7866848877498085,0.005646130070090294,0.0,0.005646130070090294,101249.203125,-0.20716577865304134
-1.1699247360229492,-2.785535085768927,0.0019157187780365348,0.0,0.0019157187780365348,102213.5625,1.1080003526195417
-1.1690312623977661,-2.783407767613729,0.0038314375560730696,0.0,0.0038314375560730696,101651.8203125,0.34191219227270736
-1.1686060428619385,-2.7823953401474726,0.0,0.0,0.0,101997.203125,0.8129355359547957
-1.1681376695632935,-2.7812801656268893,0.0057471562176942825,0.0,0.0057471562176942825,101372.9140625,-0.03845228938149324
-1.1677125692367554,-2.7802680219922746,0.0019157187780365348,0.0,0.0019157187780365348,101435.4609375,0.04684737560796138
-1.1668190956115723,-2.778140703837077,0.0038314375560730696,0.0,0.0038314375560730696,100873.734375,-0.7192194758043265
-1.1663939952850342,-2.7771285602024625,0.0,0.0,0.0,101219.1015625,-0.24821744105678462
-1.1658766269683838,-2.7758967308771045,0.005780360195785761,0.0,0.005780360195785761,101320.7109375,-0.10964543970119545
-1.165500521659851,-2.7750012420472645,0.0019157187780365348,0.0,0.0019157187780365348,100657.375,-1.0142842924690725
-1.1645580530166626,-2.772757269087292,0.003864641534164548,0.0,0.003864641534164548,101371.6640625,-0.04015700414520955
-1.1641818284988403,-2.7718614964258106,0.0,0.0,0.0,100441.0,-1.309370418068365
-1.1636155843734741,-2.7705132961273193,0.005813564173877239,0.0,0.005813564173877239,101268.515625,-0.18082793555362442
-1.1632394790649414,-2.7696178072974798,0.0019489227561280131,0.0,0.0019489227561280131,101188.9140625,-0.2893863026005334
-1.162297010421753,-2.767373834337507,0.0038978455122560263,0.0,0.0038978455122560263,100824.4609375,-0.7864172008965686
-1.161969780921936,-2.7665947164808,0.0,0.0,0.0,101993.1015625,0.8073419406363516
-1.1613545417785645,-2.7651298613775346,0.005846768151968718,0.0,0.005846768151968718,101379.09375,-0.03002460576837076
-1.1610273122787476,-2.7643507435208274,0.0019489227561280131,0.0,0.0019489227561280131,101433.7734375,0.04454601067694437
-1.160084843635559,-2.762106770560855,0.0038978455122560263,0.0,0.0038978455122560263,100874.4375,-0.7182605737497361
-1.1597576141357422,-2.761327652704148,0.0,0.0,0.0,101223.484375,-0.24224028491650432
-1.1591110229492188,-2.759788149879092,0.00586424907669425,0.0,0.00586424907669425,101325.7109375,-0.10282658064633021
-1.1588151454925537,-2.7590836797441756,0.0019489227561280131,0.0,0.0019489227561280131,100664.15625,-1.0050362148759115
-1.1578413248062134,-2.756765059062413,0.003915326204150915,0.0,0.003915326204150915,101367.875,-0.0453244207727246
-1.1575454473495483,-2.7560605889274963,0.0,0.0,0.0,102755.9140625,1.8476441251942268
-1.156867504119873,-2.75444643838065,0.005881729535758495,0.0,0.005881729535758495,101272.3203125,-0.1756392099915629
-1.156571626663208,-2.7537419682457336,0.00196640333160758,0.0,0.00196640333160758,102198.2578125,1.0871282512312903
-1.1555978059768677,-2.751423347563971,0.00393280666321516,0.0,0.00393280666321516,101640.5859375,0.3265910683338071
-1.155333399772644,-2.7507938089824857,0.0,0.0,0.0,101989.9140625,0.802994917988875
-1.1546239852905273,-2.749104726882208,0.005899209529161453,0.0,0.005899209529161453,101290.84375,-0.1503774680867419
-1.1543595790863037,-2.748475188300723,0.00196640333160758,0.0,0.00196640333160758,101432.25,0.04246838955866512
-1.1533857583999634,-2.7461565676189603,0.00393280666321516,0.0,0.00393280666321516,101920.34375,0.7081168869207894
-1.1531212329864502,-2.745526745205834,0.0,0.0,0.0,101223.8984375,-0.24167559815102327
-1.1523855924606323,-2.7437752201443626,0.005908636841922998,0.0,0.005908636841922998,101327.953125,-0.0997687485389141
-1.1521474123001099,-2.743208124524071,0.00196640333160758,0.0,0.00196640333160758,101728.3671875,0.4463046626157846
-1.1511472463607788,-2.7408267770494734,0.003942233510315418,0.0,0.003942233510315418,101366.2265625,-0.047572513367375474
-1.1509090662002563,-2.740259681429182,0.0,0.0,0.0,102754.3046875,1.8454493049359422
-1.1501470804214478,-2.7384454295748757,0.005918063689023256,0.0,0.005918063689023256,101274.2890625,-0.17295428423870973
-1.1499089002609253,-2.7378783339545842,0.001975830178707838,0.0,0.001975830178707838,102196.8203125,1.0851678292530165
-1.1489087343215942,-2.7354969864799865,0.003951660357415676,0.0,0.003951660357415676,101639.3203125,0.32486504463554433
-1.1486968994140625,-2.7349926176525297,0.0,0.0,0.0,101988.8671875,0.8015672193742627
-1.1479085683822632,-2.733115639005389,0.005927490070462227,0.0,0.005927490070462227,101384.078125,-0.02322705564805199
-1.147696852684021,-2.732611554009574,0.001975830178707838,0.0,0.001975830178707838,101431.375,0.041275089224063706
-1.14669668674469,-2.730230206534976,0.003951660357415676,0.0,0.003951660357415676,100873.8828125,-0.7190170409261352
-1.1464848518371582,-2.7297258377075195,0.0,0.0,0.0,101223.4296875,-0.2423148661874169
-1.1456682682037354,-2.727781590961275,0.005927715450525284,0.0,0.005927715450525284,101330.3515625,-0.09649782708603344
-1.1454846858978271,-2.727344490232922,0.001975830178707838,0.0,0.001975830178707838,100665.9453125,-1.0025963418703425
-1.144456386566162,-2.7248961584908624,0.003951885271817446,0.0,0.003951885271817446,101364.28125,-0.05022547571840898
-1.1442726850509644,-2.7244587739308677,0.0,0.0,0.0,100457.9921875,-1.2861969517490963
-1.1434279680252075,-2.722447542917161,0.005927940830588341,0.0,0.005927940830588341,101276.609375,-0.16978990745856135
-1.1432443857192993,-2.722010442188808,0.0019760553259402514,0.0,0.0019760553259402514,101169.8671875,-0.31536189381266055
-1.1422160863876343,-2.7195621104467484,0.003952110651880503,0.0,0.003952110651880503,100809.7734375,-0.8064475993702352
-1.14206063747406,-2.7191919939858575,0.0,0.0,0.0,101988.8828125,0.8015885283088091
-1.1411876678466797,-2.717113494873047,0.00592816574499011,0.0,0.00592816574499011,101297.109375,-0.14183258533361393
-1.141032338142395,-2.7167436622437977,0.0019760553259402514,0.0,0.0019760553259402514,101430.7578125,0.040433386309478785
-1.1400039196014404,-2.7142950466700966,0.003952110651880503,0.0,0.003952110651880503,100872.6328125,-0.7207217556898515
-1.1398485898971558,-2.713925214040847,0.0,0.0,0.0,101222.28125,-0.24388107287658126
-1.1389427185058594,-2.7117683773949035,0.00591803714632988,0.0,0.00591803714632988,101332.9375,-0.09297119841859533
-1.1388201713562012,-2.711476598467146,0.0019760553259402514,0.0,0.0019760553259402514,100664.1484375,-1.0050468693431849
-1.1377589702606201,-2.7089499291919528,0.003941981587558985,0.0,0.003941981587558985,101362.359375,-0.052846474667622795
-1.137636423110962,-2.708658150264195,0.0,0.0,0.0,102757.5859375,1.8499241811906975
-1.1366976499557495,-2.706422976085118,0.005907908082008362,0.0,0.005907908082008362,101278.9921875,-0.16654029494022712
-1.1365751028060913,-2.7061311971573603,0.001965926494449377,0.0,0.001965926494449377,102198.7578125,1.0878101371367768
-1.1355139017105103,-2.703604527882167,0.003931852988898754,0.0,0.003931852988898754,101639.921875,0.3256854386155828
-1.135424256324768,-2.7033910864875432,0.0,0.0,0.0,101989.0234375,0.8017803087197272
-1.1344525814056396,-2.7010775747753324,0.005897779017686844,0.0,0.005897779017686844,101300.078125,-0.1377838877697877
-1.134363055229187,-2.70086441721235,0.001965926494449377,0.0,0.001965926494449377,101430.1875,0.03965561019853322
-1.1333017349243164,-2.6983374641055153,0.003931852988898754,0.0,0.003931852988898754,101913.9453125,0.6993908782240166
-1.1332122087478638,-2.698124306542533,0.0,0.0,0.0,101220.4375,-0.2463955271530628
-1.1322020292282104,-2.6957191172100248,0.005880891345441341,0.0,0.005880891345441341,101334.1953125,-0.0912558291876058
-1.1321508884429932,-2.6955973534356983,0.001965926494449377,0.0,0.001965926494449377,101716.578125,0.4302270715004852
-1.1310511827468872,-2.6929790065402077,0.003914964850991964,0.0,0.003914964850991964,101362.0234375,-0.05330461676037155
-1.13100004196167,-2.692857242765881,0.0,0.0,0.0,102758.8046875,1.851586278085321
-1.1299513578414917,-2.6903603758130754,0.005864003673195839,0.0,0.005864003673195839,101280.1328125,-0.164984742718336
-1.129900336265564,-2.6902388958703907,0.001949038589373231,0.0,0.001949038589373231,102200.5859375,1.0903032824787118
-1.1288005113601685,-2.6876202651432584,0.003898077178746462,0.0,0.003898077178746462,101642.359375,0.32900963240482956
-1.1287879943847656,-2.6875904628208707,0.0,0.0,0.0,101987.3828125,0.7995428705923495
-1.127700686454773,-2.685001634416126,0.005847115535289049,0.0,0.005847115535289049,101301.703125,-0.1355677585769565
-1.1276881694793701,-2.6849718320937384,0.001949038589373231,0.0,0.001949038589373231,101429.15625,0.03824922051846727
-1.1265883445739746,-2.6823532013666065,0.003898077178746462,0.0,0.003898077178746462,100870.921875,-0.7230550840226883
-1.1265758275985718,-2.682323399044219,0.0,0.0,0.0,101215.9375,-0.2525325003024415
-1.1254760026931763,-2.6797047683170865,0.001949038589373231,0.0,0.001949038589373231,100657.71875,-1.0138154959090506
-1.1254404783248901,-2.679620186487834,0.005855289753526449,0.0,0.005855289753526449,101559.515625,0.21602966143953145
-1.124363660812378,-2.6770563352675665,0.0,0.0,0.0,100444.5,-1.3045972167299593
-1.1243281364440918,-2.676971753438314,0.003906251396983862,0.0,0.003906251396983862,101369.3203125,-0.04335334432717762
-1.1232157945632935,-2.674323320388794,0.0019572125747799873,0.0,0.0019572125747799873,102202.2265625,1.0925407206060895
-1.1231801509857178,-2.6742384547278997,0.005863463971763849,0.0,0.005863463971763849,101008.6328125,-0.5352487893975175
-1.1221516132354736,-2.6717895553225564,0.0,0.0,0.0,101989.4609375,0.8023769588870279
-1.1220678091049194,-2.6715900216783797,0.003914425149559975,0.0,0.003914425149559975,101642.890625,0.329734136179409
-1.1210036277770996,-2.669056256612142,0.0019572125747799873,0.0,0.0019572125747799873,101430.125,0.039570374460347404
-1.1209198236465454,-2.6688567229679654,0.005871637724339962,0.0,0.005871637724339962,101302.921875,-0.13390566168233312
-1.1199394464492798,-2.6665224915459045,0.0,0.0,0.0,101217.3515625,-0.25060404172598744
-1.1198556423187256,-2.666322957901728,0.003914425149559975,0.0,0.003914425149559975,100870.7890625,-0.7232362099663331
-1.1187914609909058,-2.66378919283549,0.0019572125747799873,0.0,0.0019572125747799873,100658.0234375,-1.0133999716853948
-1.1186676025390625,-2.663494291759673,0.00586318876594305,0.0,0.00586318876594305,101560.984375,0.2180327012868981
-1.117727279663086,-2.661255427769252,0.0,0.0,0.0,100445.2421875,-1.3035850423390027
-1.1176034212112427,-2.660960526693435,0.0039059764239937067,0.0,0.0039059764239937067,101365.9296875,-0.0479773831237581
-1.1165392398834229,-2.6584267616271973,0.0019487638492137194,0.0,0.0019487638492137194,101170.8828125,-0.3139768130671411
-1.1164153814315796,-2.65813186055138,0.005854740273207426,0.0,0.005854740273207426,101008.890625,-0.534897191977501
-1.115515112876892,-2.6559883639926003,0.0,0.0,0.0,101987.296875,0.799425671452344
-1.1153512001037598,-2.6555980954851424,0.0038975276984274387,0.0,0.0038975276984274387,100813.8515625,-0.8008859674536107
-1.114327073097229,-2.6531596978505454,0.0019487638492137194,0.0,0.0019487638492137194,101429.15625,0.03824922051846727
-1.1141630411148071,-2.6527691455114457,0.0058462913148105145,0.0,0.0058462913148105145,102113.4609375,0.9714846634476854
-1.1133030652999878,-2.65072158404759,0.0,0.0,0.0,101217.1328125,-0.2509023668096378
-1.113139033317566,-2.6503310317084905,0.0038975276984274387,0.0,0.0038975276984274387,101915.125,0.7009997027822739
-1.1121150255203247,-2.6478929179055353,0.0019487638492137194,0.0,0.0019487638492137194,101716.78125,0.4305040876495891
-1.1119155883789062,-2.6474180675688244,0.005823253188282251,0.0,0.005823253188282251,101561.8671875,0.21923665608877274
-1.111090898513794,-2.645454520270938,0.0,0.0,0.0,102754.8203125,1.846152499775975
-1.110891580581665,-2.644979953765869,0.0038744895718991756,0.0,0.0038744895718991756,101363.53125,-0.05124830457663876
-1.1098674535751343,-2.642541556131272,0.0019257257226854563,0.0,0.0019257257226854563,102197.9609375,1.0867233814749075
-1.1096681356430054,-2.6420669896262035,0.005800215061753988,0.0,0.005800215061753988,101010.2734375,-0.5330113512701399
-1.1088788509368896,-2.6401877403259277,0.0,0.0,0.0,101984.6796875,0.795856424915813
-1.1086440086364746,-2.6396285919916065,0.0038514514453709126,0.0,0.0038514514453709126,101641.09375,0.3272836087065668
-1.10765540599823,-2.637274776186262,0.0019257257226854563,0.0,0.0019257257226854563,101427.8125,0.03641665214747224
-1.107420563697815,-2.6367156278519404,0.005777176935225725,0.0,0.005777176935225725,101309.8046875,-0.1245190760146202
-1.1066666841506958,-2.634920676549276,0.0,0.0,0.0,101214.53125,-0.25445030441162236
-1.1064319610595703,-2.634361812046596,0.0038514514453709126,0.0,0.0038514514453709126,100870.953125,-0.7230124661535953
-1.1054432392120361,-2.6320077124096097,0.0019257257226854563,0.0,0.0019257257226854563,100657.671875,-1.01387942271269
-1.105170726776123,-2.6313588732764837,0.005750915966928005,0.0,0.005750915966928005,101333.21875,-0.09258763759675916
-1.104454517364502,-2.629653612772624,0.0,0.0,0.0,100444.390625,-1.3047463792717844
-1.1041821241378784,-2.629005057471139,0.0038251904770731926,0.0,0.0038251904770731926,101364.28125,-0.05022547571840898
-1.1031934022903442,-2.626650957834153,0.0018994647543877363,0.0,0.0018994647543877363,101166.4609375,-0.3200072415437875
-1.1029208898544312,-2.6260021187010265,0.005724654998630285,0.0,0.005724654998630285,101277.46875,-0.16861791605850637
-1.1022424697875977,-2.6243868328276134,0.0,0.0,0.0,101982.921875,0.793459169779337
-1.101932168006897,-2.6236480190640403,0.0037989295087754726,0.0,0.0037989295087754726,100814.8671875,-0.7995008867080913
-1.1009812355041504,-2.621383894057501,0.0018994647543877363,0.0,0.0018994647543877363,101426.6484375,0.03482913652376143
-1.1006709337234497,-2.620645080293928,0.005698394030332565,0.0,0.005698394030332565,101312.71875,-0.12054495972170656
-1.1000303030014038,-2.6191197690509616,0.0,0.0,0.0,101210.9140625,-0.2593833227591264
-1.0997200012207031,-2.6183809552873885,0.0037989295087754726,0.0,0.0037989295087754726,100870.375,-0.7238008967318141
-1.0987690687179565,-2.616116830280849,0.0018994647543877363,0.0,0.0018994647543877363,100654.640625,-1.018013356014702
-1.0984135866165161,-2.6152704443250383,0.0056588416919112206,0.0,0.0056588416919112206,101336.5703125,-0.08801687113654481
-1.09781813621521,-2.6138527052743097,0.0,0.0,0.0,100438.890625,-1.3122471242321363
-1.0974626541137695,-2.613006319318499,0.003759377170354128,0.0,0.003759377170354128,101362.7890625,-0.052260478967595315
-1.096511721611023,-2.6107421943119595,0.0018599124159663916,0.0,0.0018599124159663916,101163.515625,-0.32402397570579405
-1.0961562395095825,-2.609895808356149,0.005619289353489876,0.0,0.005619289353489876,101280.7421875,-0.1641536942710243
-1.0956060886383057,-2.608585925329299,0.0,0.0,0.0,101980.4453125,0.790081703653724
-1.095205307006836,-2.6076316833496094,0.003719824831932783,0.0,0.003719824831932783,100817.609375,-0.7957611686951886
-1.094862461090088,-2.6068153835478283,0.007493019104003906,0.0,0.007493019104003906,101285.59375,-0.1575372700943504
-1.0942996740341187,-2.6054754143669494,0.0018599124159663916,0.0,0.0018599124159663916,101424.640625,0.03209093843454212
-1.093898892402649,-2.6045211723872597,0.005579737015068531,0.0,0.005579737015068531,101317.21875,-0.11440798657232787
-1.0933940410614014,-2.603319145384289,0.0,0.0,0.0,101204.625,-0.26796016891407404
-1.0929932594299316,-2.6023649034045993,0.003719824831932783,0.0,0.003719824831932783,101896.203125,0.6751945830465182
-1.0925521850585938,-2.6013147263299854,0.007411503233015537,0.0,0.007411503233015537,101355.140625,-0.06269120242808446
-1.0920876264572144,-2.600208634421939,0.0018599124159663916,0.0,0.0018599124159663916,101694.140625,0.39962744149177754
-1.0916231870651245,-2.5991028263455345,0.005517670884728432,0.0,0.005517670884728432,101342.453125,-0.07999405727980495
-1.0911818742752075,-2.598052081607637,0.0,0.0,0.0,102759.5390625,1.8525877980090042
-1.0907175540924072,-2.5969465573628745,0.003657758701592684,0.0,0.003657758701592684,101359.2890625,-0.05703368030600097
-1.0902764797210693,-2.5958963802882606,0.007349437102675438,0.0,0.007349437102675438,101319.4609375,-0.11135015446491174
-1.08981192111969,-2.594790288380214,0.0017978462856262922,0.0,0.0017978462856262922,102203.828125,1.094724886397101
-1.0893476009368896,-2.5936847641354515,0.005455604754388332,0.0,0.005455604754388332,101287.390625,-0.1550867426215082
-1.0889698266983032,-2.592785301662627,0.0,0.0,0.0,101978.265625,0.7871091072844937
-1.0884419679641724,-2.5915284951527915,0.0035956925712525845,0.0,0.0035956925712525845,101648.1171875,0.3368619747851978
-1.0880008935928345,-2.5904783180781776,0.007287370972335339,0.0,0.007287370972335339,101264.3984375,-0.186442839806615
-1.087599754333496,-2.589523224603562,0.0017978462856262922,0.0,0.0017978462856262922,101422.5546875,0.02924619567259053
-1.0870718955993652,-2.5882664180937267,0.005393538624048233,0.0,0.005393538624048233,101232.3203125,-0.23019008243048467
-1.0867576599121094,-2.5875182378859747,0.0,0.0,0.0,101196.984375,-0.27838023790729
-1.0862298011779785,-2.5862614313761396,0.0035956925712525845,0.0,0.0035956925712525845,100866.8359375,-0.7286273704065859
-1.0856190919876099,-2.584807361875262,0.00716580031439662,0.0,0.00716580031439662,101360.8203125,-0.054945404720448496
-1.0853875875473022,-2.5842561608269103,0.0017978462856262922,0.0,0.0017978462856262922,100641.2734375,-1.036243149519193
-1.0847904682159424,-2.5828344481331964,0.005267180502414703,0.0,0.005267180502414703,101361.75,-0.05367752311493449
-1.0845454931259155,-2.582251174109323,0.0,0.0,0.0,100415.6953125,-1.3438802375663468
-1.0839483737945557,-2.580829461415609,0.003469334216788411,0.0,0.003469334216788411,101337.5703125,-0.08665309932557178
-1.083337664604187,-2.579375391914731,0.007039441727101803,0.0,0.007039441727101803,101327.4921875,-0.10039736210803449
-1.0831061601638794,-2.5788241908663796,0.001671487814746797,0.0,0.001671487814746797,101113.9609375,-0.3916052616198723
-1.0825090408325195,-2.5774024781726657,0.005140821915119886,0.0,0.005140821915119886,101307.578125,-0.12755559918748988
-1.0823333263397217,-2.576984110332671,0.0,0.0,0.0,102001.109375,0.8182627695914092
-1.0816669464111328,-2.575397491455078,0.003342975629493594,0.0,0.003342975629493594,100806.0703125,-0.8114978168577448
-1.0810562372207642,-2.5739434219542003,0.006913083605468273,0.0,0.006913083605468273,101302.59375,-0.13435314930780864
-1.080894112586975,-2.5735574109213695,0.001671487814746797,0.0,0.001671487814746797,101439.953125,0.052973694290066854
-1.0802276134490967,-2.571970508212135,0.005014463327825069,0.0,0.005014463327825069,101349.90625,-0.06982969550114648
-1.0801212787628174,-2.5717173303876604,0.0,0.0,0.0,101262.2421875,-0.18938347277402562
-1.079454779624939,-2.5701304276784263,0.003342975629493594,0.0,0.003342975629493594,100878.7890625,-0.7123260354785487
-1.0786819458007812,-2.568290347144717,0.001671487814746797,0.0,0.001671487814746797,100701.0703125,-0.9546938570099144
-1.078398585319519,-2.5676156793321883,0.006660031620413065,0.0,0.006660031620413065,101386.890625,-0.019391447429690303
-1.078291416168213,-2.567360514686221,0.004711083602160215,0.0,0.004711083602160215,101393.1328125,-0.010878528078382004
-1.0779091119766235,-2.5664502666110085,0.0,0.0,0.0,100523.3515625,-1.1970616785412802
-1.0775185823440552,-2.5655204341525124,0.0030395956709980965,0.0,0.0030395956709980965,101252.796875,-0.20226472370735696
-1.0767457485198975,-2.5636803536188038,0.0013681077398359776,0.0,0.0013681077398359776,102036.53125,0.86657012420822
-1.0764622688293457,-2.5630054019746327,0.006356651429086924,0.0,0.006356651429086924,101370.90625,-0.04119048747071256
-1.076355218887329,-2.5627505211603077,0.004407703410834074,0.0,0.004407703410834074,101318.1015625,-0.11320403177045323
-1.0756970643997192,-2.5611834866659984,0.0,0.0,0.0,101815.75,0.5654748790668276
-1.0755823850631714,-2.5609104406265986,0.002736215479671955,0.0,0.002736215479671955,101604.71875,0.27767640908242236
-1.0745337009429932,-2.558413573673793,0.0013681077398359776,0.0,0.0013681077398359776,101383.9453125,-0.023408181591696848
-1.0744190216064453,-2.558140527634394,0.004104323219507933,0.0,0.004104323219507933,101319.296875,-0.1115738982776495
-1.0734848976135254,-2.555916422889346,0.0,0.0,0.0,101163.15625,-0.3245140812003625
-1.073370337486267,-2.5556436606815884,0.002736215479671955,0.0,0.002736215479671955,102135.9765625,1.0021908381291253
-1.072351098060608,-2.553216900144305,0.006564315874129534,0.0,0.006564315874129534,101237.4921875,-0.22313682509560845
-1.0723215341567993,-2.5531465098971413,0.0013681077398359776,0.0,0.0013681077398359776,102130.0,0.9940401706651067
-1.0722440481185913,-2.5529620193299793,0.004615367855876684,0.0,0.004615367855876684,101235.28125,-0.2261520393339317
-1.0712727308273315,-2.550649359112694,0.0,0.0,0.0,102839.7578125,1.961987867970498
-1.0711952447891235,-2.5504648685455322,0.003247259883210063,0.0,0.003247259883210063,101570.2890625,0.23072217180931134
-1.070176124572754,-2.5480383918398903,0.007075360044836998,0.0,0.007075360044836998,101256.0390625,-0.1978431197889678
-1.0701465606689453,-2.547968001592727,0.0018791521433740854,0.0,0.0018791521433740854,102255.2734375,1.1648845533913001
-1.0700689554214478,-2.547783227193923,0.005126412026584148,0.0,0.005126412026584148,101151.25,-0.3407514893247603
-1.0690606832504272,-2.545382579167684,0.0,0.0,0.0,102018.1484375,0.841500162714317
-1.0690202713012695,-2.545286360241118,0.003758304286748171,0.0,0.003758304286748171,101670.78125,0.36777058434482907
-1.0679343938827515,-2.542700937816075,0.0018791521433740854,0.0,0.0018791521433740854,101433.65625,0.04438619366784596
-1.0678939819335938,-2.542604718889509,0.005637456197291613,0.0,0.005637456197291613,101271.8671875,-0.17625716909341008
-1.0668485164642334,-2.540115515391032,0.0,0.0,0.0,101196.5234375,-0.27900885147641036
-1.0668081045150757,-2.540019296464466,0.003758304286748171,0.0,0.003758304286748171,100849.1640625,-0.7527277753786251
-1.0657222270965576,-2.537433874039423,0.0018791521433740854,0.0,0.0018791521433740854,100612.0234375,-1.0761334749901548
-1.0657020807266235,-2.537385906491961,0.005074887070804834,0.0,0.005074887070804834,101468.7265625,0.09221409725736156
-1.0655887126922607,-2.537115982600621,0.007038933224976063,0.0,0.007038933224976063,101487.5703125,0.11791267232038485
-1.0646363496780396,-2.53484845161438,0.0,0.0,0.0,100374.8828125,-1.3995391746016843
-1.0646162033081055,-2.534800484066918,0.003195734927430749,0.0,0.003195734927430749,101172.890625,-0.31123861497792177
-1.0635303258895874,-2.532215061641875,0.0013165827840566635,0.0,0.0013165827840566635,100777.5625,-0.8503759679377497
-1.0635101795196533,-2.5321670940944125,0.004512317944318056,0.0,0.004512317944318056,101379.9765625,-0.02882065096649612
-1.0633968114852905,-2.531897170203073,0.0064763640984892845,0.0,0.0064763640984892845,101398.828125,-0.003111421436199589
-1.0624241828918457,-2.529581387837728,0.0,0.0,0.0,101903.125,0.6846344410505973
-1.061318278312683,-2.5269482816968645,0.0013165827840566635,0.0,0.0013165827840566635,101426.109375,0.03409397828190877
-1.0612049102783203,-2.5266783578055247,0.005913794972002506,0.0,0.005913794972002506,101332.7265625,-0.09325886903497245
-1.0602121353149414,-2.524314607892718,0.0,0.0,0.0,101254.859375,-0.19945194434722505
-1.0592806339263916,-2.5220967474437894,0.004217379726469517,0.0,0.004217379726469517,101302.265625,-0.13480063693328417
-1.0591672658920288,-2.5218268235524497,0.0061814263463020325,0.0,0.0061814263463020325,101268.859375,-0.18035913899360242
-1.0591061115264893,-2.5216812179202126,0.0013165827840566635,0.0,0.0013165827840566635,100777.84375,-0.8499924071159136
-1.0581746101379395,-2.5194633574712846,0.0029007969424128532,0.0,0.0029007969424128532,101521.3671875,0.16400389774436447
-1.0579999685287476,-2.5190475441160656,0.0,0.0,0.0,100606.59375,-1.0835383297450474
-1.0572429895401,-2.517245213190715,0.004485011100769043,0.0,0.004485011100769043,101238.390625,-0.22191156135918735
-1.0571296215057373,-2.5169752892993746,0.006449057720601559,0.0,0.006449057720601559,101204.984375,-0.26747006341950563
-1.0570684671401978,-2.5168296836671376,0.0015842141583561897,0.0,0.0015842141583561897,102203.0703125,1.093691403071598
-1.056136965751648,-2.5146118232182095,0.0031684283167123795,0.0,0.0031684283167123795,101697.703125,0.404485878568369
-1.0557879209518433,-2.5137807641710554,0.0,0.0,0.0,101902.8046875,0.684197607892395
-1.0552053451538086,-2.5123936789376398,0.004752642475068569,0.0,0.004752642475068569,101174.515625,-0.30902248578509056
-1.0548564195632935,-2.5115629037221274,0.0015842141583561897,0.0,0.0015842141583561897,101397.4375,-0.005007916610833978
-1.0544862747192383,-2.510681606474377,0.006797176785767078,0.0,0.006797176785767078,101314.984375,-0.11745516421247076
-1.053924798965454,-2.5093447594415577,0.0031684283167123795,0.0,0.0031684283167123795,101983.4375,0.79416236461937
-1.0535757541656494,-2.5085137003944036,0.0,0.0,0.0,101097.1796875,-0.4144910573227637
-1.052670955657959,-2.506359418233236,0.005145759787410498,0.0,0.005145759787410498,101219.953125,-0.24705610412400286
-1.0526442527770996,-2.5062958399454756,0.0015842141583561897,0.0,0.0015842141583561897,101922.234375,0.7106952680009103
-1.0519518852233887,-2.504647345769973,0.007190294098109007,0.0,0.007190294098109007,101267.8203125,-0.1817761831409416
-1.0513904094696045,-2.5033104987371537,0.003561545629054308,0.0,0.003561545629054308,101470.03125,0.09399339329199045
-1.0513635873794556,-2.5032466366177513,0.0,0.0,0.0,102905.2734375,2.051336230523779
-1.0501365661621094,-2.500325157528832,0.005538877099752426,0.0,0.005538877099752426,101170.4375,-0.314584117701715
-1.05010986328125,-2.5002615792410716,0.001977331470698118,0.0,0.001977331470698118,102283.1484375,1.2028996926221738
-1.0491515398025513,-2.497979856672741,0.0,0.0,0.0,102077.3828125,0.9222823335799235
-1.0488560199737549,-2.49727623803275,0.003954662941396236,0.0,0.003954662941396236,101661.0078125,0.3544418457860222
-1.0478976964950562,-2.4949945154644193,0.001977331470698118,0.0,0.001977331470698118,101455.25,0.07383514121104513
-1.0476021766662598,-2.494290896824428,0.005931993946433067,0.0,0.005931993946433067,101585.8984375,0.2520097974212187
-1.046939492225647,-2.492713076727731,0.0,0.0,0.0,101249.4921875,-0.20677156336393193
-1.0466439723968506,-2.4920094580877397,0.003954662941396236,0.0,0.003954662941396236,100833.1171875,-0.7746120511578332
-1.0456856489181519,-2.489727735519409,0.001977331470698118,0.0,0.001977331470698118,100627.3671875,-1.055208101265537
-1.0455034971237183,-2.489294040770758,0.005293051712214947,0.0,0.005293051712214947,101493.8359375,0.12645755507351283
-1.0452569723129272,-2.4887070769355413,0.007275253999978304,0.0,0.007275253999978304,101503.8359375,0.14009527318324327
-1.0447273254394531,-2.487446012951079,0.0,0.0,0.0,100421.6015625,-1.3358254603077873
-1.0445451736450195,-2.4870123182024275,0.0033157202415168285,0.0,0.0033157202415168285,101140.8984375,-0.35486865846178595
-1.0435869693756104,-2.4847308794657392,0.0013383886544033885,0.0,0.0013383886544033885,100721.6484375,-0.9266299902122347
-1.0434048175811768,-2.4842971847170876,0.004654109012335539,0.0,0.004654109012335539,101401.7578125,0.0008840037912605013
-1.0431582927703857,-2.483710220881871,0.006636311300098896,0.0,0.006636311300098896,101411.7734375,0.014543030835537396
-1.0425152778625488,-2.4821792330060686,0.0,0.0,0.0,101895.3828125,0.6740758639828295
-1.042446494102478,-2.482015462148757,0.002676777308806777,0.0,0.002676777308806777,100592.8203125,-1.1023221555477465
-1.0413748025894165,-2.479463815689087,0.0013383886544033885,0.0,0.0013383886544033885,101425.640625,0.033454710245515155
-1.0413060188293457,-2.4793000448317755,0.004015165846794844,0.0,0.004015165846794844,101309.6796875,-0.12468954749099183
-1.0410596132278442,-2.4787133648282005,0.005997368600219488,0.0,0.005997368600219488,101319.6953125,-0.11103052044671494
-1.040303111076355,-2.4769121692294167,0.0,0.0,0.0,101271.3046875,-0.1770242907370824
-1.0402343273162842,-2.4767483983721053,0.002676777308806777,0.0,0.002676777308806777,102081.3359375,0.9276734940201763
-1.0393606424331665,-2.474668196269444,0.004293639212846756,0.0,0.004293639212846756,101590.0078125,0.2576140472069361
-1.0391626358032227,-2.474196751912435,0.0013383886544033885,0.0,0.0013383886544033885,102013.9765625,0.8358106771904139
-1.039114236831665,-2.474081516265869,0.0062758419662714005,0.0,0.0062758419662714005,101261.8984375,-0.1898522693340476
-1.038288950920105,-2.472116549809774,0.0029552506748586893,0.0,0.0029552506748586893,101522.640625,0.16574057590990043
-1.0380909442901611,-2.471645105452765,0.0,0.0,0.0,102677.0546875,1.7400979325382744
-1.0374152660369873,-2.470036347707113,0.004572112578898668,0.0,0.004572112578898668,101031.3203125,-0.5043082164360666
-1.0372172594070435,-2.4695649033501037,0.0016168620204553008,0.0,0.0016168620204553008,102172.546875,1.0520643994351004
-1.0371688604354858,-2.469449667703538,0.0065543148666620255,0.0,0.0065543148666620255,101191.4453125,-0.28593425520400784
-1.0363435745239258,-2.4674847012474426,0.0032337240409106016,0.0,0.0032337240409106016,101668.0234375,0.36400955739737995
-1.0358788967132568,-2.4663783255077543,0.0,0.0,0.0,101917.546875,0.7043025876369742
-1.035469889640808,-2.4654044991447814,0.004850585944950581,0.0,0.004850585944950581,101163.484375,-0.324066593574887
-1.0350052118301392,-2.464298123405093,0.0016168620204553008,0.0,0.0016168620204553008,101413.03125,0.01625840006652693
-1.03451669216156,-2.463134981337048,0.006716369651257992,0.0,0.006716369651257992,101320.9296875,-0.10934711461754508
-1.0341315269470215,-2.462217921302432,0.0032337240409106016,0.0,0.0032337240409106016,100908.515625,-0.6717857875039204
-1.033666729927063,-2.4611112617311024,0.0,0.0,0.0,101158.03125,-0.33150341173159936
-1.033176302909851,-2.4599435783567882,0.004957262426614761,0.0,0.004957262426614761,101554.4140625,0.2090722943101143
-1.0327930450439453,-2.4590310596284413,0.0016168620204553008,0.0,0.0016168620204553008,100653.515625,-1.0195475993020466
-1.0322229862213135,-2.4576737767174133,0.0068230461329221725,0.0,0.0068230461329221725,101301.1484375,-0.13632422575335562
-1.031837821006775,-2.4567567166827975,0.0033404005225747824,0.0,0.0033404005225747824,101411.7109375,0.014457795097351582
-1.0314545631408691,-2.4558441979544505,0.0,0.0,0.0,102785.6875,1.8882482999724945
-1.0308825969696045,-2.4544823737371537,0.005063938908278942,0.0,0.005063938908278942,101026.6796875,-0.5106369699963633
-1.0304993391036987,-2.4535698550088068,0.0017235383857041597,0.0,0.0017235383857041597,102225.9765625,1.1249303011166993
-1.029929280281067,-2.4522125720977783,0.006929722614586353,0.0,0.006929722614586353,101262.1328125,-0.1895326353158508
-1.0295441150665283,-2.4512955120631625,0.0034470767714083195,0.0,0.0034470767714083195,101666.2578125,0.3616016477936307
-1.0292423963546753,-2.450577134177798,0.0,0.0,0.0,101993.5390625,0.8079385908036523
-1.028588891029358,-2.4490211691175188,0.0051706149242818356,0.0,0.0051706149242818356,101279.671875,-0.16561335628745638
-1.0282872915267944,-2.448303075063796,0.0017235383857041597,0.0,0.0017235383857041597,101433.8203125,0.04460993748058373
-1.0275352001190186,-2.4465123812357588,0.006970027461647987,0.0,0.006970027461647987,101332.5390625,-0.0935145762495299
-1.027332067489624,-2.4460287321181524,0.0034470767714083195,0.0,0.0034470767714083195,100874.1015625,-0.7187187158424848
-1.027030348777771,-2.445310354232788,0.0,0.0,0.0,101201.390625,-0.27237111836519
-1.026303768157959,-2.443580400376093,0.005199704319238663,0.0,0.005199704319238663,101553.3046875,0.20755935995731606
-1.0260751247406006,-2.4430360112871443,0.0017235383857041597,0.0,0.0017235383857041597,100641.6640625,-1.0357104261555319
-1.0252500772476196,-2.4410716124943326,0.006999116390943527,0.0,0.006999116390943527,101311.1640625,-0.12266519870907872
-1.025046944618225,-2.4405879633767267,0.0034761661663651466,0.0,0.0034761661663651466,101379.8515625,-0.028991122442867747
-1.0248181819915771,-2.440043290456136,0.0,0.0,0.0,100409.2421875,-1.3526808275340323
-1.0240187644958496,-2.4381399154663086,0.00522879371419549,0.0,0.00522879371419549,101022.5390625,-0.5162838376511736
-1.0237900018692017,-2.437595242545718,0.001752627780660987,0.0,0.001752627780660987,101206.390625,-0.2655522593103248
-1.0229650735855103,-2.435631127584548,0.007028206251561642,0.0,0.007028206251561642,101258.9765625,-0.19383704009423447
-1.0227618217468262,-2.4351471946353005,0.003505255561321974,0.0,0.003505255561321974,100849.078125,-0.7528449745186306
-1.0226061344146729,-2.434776510511126,0.0,0.0,0.0,101989.0078125,0.8017589997851807
-1.0217336416244507,-2.432699146724883,0.005257883109152317,0.0,0.005257883109152317,102093.359375,0.9440707191536725
-1.0215779542922974,-2.432328462600708,0.001752627780660987,0.0,0.001752627780660987,101431.2421875,0.04109396328041885
-1.020636796951294,-2.430087611788795,0.0070267971605062485,0.0,0.0070267971605062485,101370.21875,-0.042128080590756525
-1.0205497741699219,-2.4298804146902904,0.003505255561321974,0.0,0.003505255561321974,101906.9453125,0.6898444755472053
-1.020393967628479,-2.4295094467344738,0.0,0.0,0.0,101205.6875,-0.2665111613649152
-1.0194697380065918,-2.427308900015695,0.005252990871667862,0.0,0.005252990871667862,101557.328125,0.21304641060302792
-1.0193657875061035,-2.427061398824056,0.001752627780660987,0.0,0.001752627780660987,101720.515625,0.43559692300619157
-1.018372893333435,-2.4246973650796075,0.007021904923021793,0.0,0.007021904923021793,101315.953125,-0.11613401027059063
-1.0182857513427734,-2.4244898841494607,0.0035003633238375187,0.0,0.0035003633238375187,101370.8984375,-0.04120114193798578
-1.0181818008422852,-2.424242382957822,0.0,0.0,0.0,101534.0859375,0.18134937046517788
-1.017205834388733,-2.421918653306507,0.005248098634183407,0.0,0.005248098634183407,101021.28125,-0.5179992068821632
-1.0171018838882446,-2.421671152114868,0.0017477355431765318,0.0,0.0017477355431765318,101184.46875,-0.29544869447899946
-1.0161089897155762,-2.4193071183704196,0.007017012685537338,0.0,0.007017012685537338,101270.390625,-0.17827086340804996
-1.016021966934204,-2.4190999212719144,0.0034954710863530636,0.0,0.0034954710863530636,100834.859375,-0.7722361049559036
-1.0159697532653809,-2.418975603012812,0.0,0.0,0.0,101983.796875,0.7946524701139384
-1.014941930770874,-2.4165284065973194,0.005243206396698952,0.0,0.005243206396698952,100485.234375,-1.2490448243673542
-1.0148897171020508,-2.4164040883382163,0.0017477355431765318,0.0,0.0017477355431765318,101429.046875,0.03810005797664209
-1.0138098001480103,-2.4138328574952626,0.0034954710863530636,0.0,0.0034954710863530636,100874.2890625,-0.7184630086279274
-1.013757586479187,-2.4137085392361595,0.0,0.0,0.0,101205.8984375,-0.26622349074853807
-1.0126920938491821,-2.4111716520218622,0.005224471911787987,0.0,0.005224471911787987,101559.6484375,0.2162107873831763
-1.012677550315857,-2.4111370245615644,0.0017477355431765318,0.0,0.0017477355431765318,100651.1484375,-1.0227759028858343
-1.0115598440170288,-2.408475819088164,0.003476736368611455,0.0,0.003476736368611455,101368.515625,-0.04445075445631999
-1.0115454196929932,-2.4084414754595076,0.0,0.0,0.0,102753.3828125,1.8441920777977014
-1.0104421377182007,-2.405814613614764,0.0052057369612157345,0.0,0.0052057369612157345,101022.1171875,-0.5168591788839279
-1.010427713394165,-2.4057802699861073,0.0017290008254349232,0.0,0.0017290008254349232,102201.84375,1.0920186517097012
-1.0093332529067993,-2.4031744116828557,0.0,0.0,0.0,101979.0,0.788110627208177
-1.009310007095337,-2.403119064512707,0.0034580016508698463,0.0,0.0034580016508698463,101650.2890625,0.3398239166871549
-1.0082156658172607,-2.400513490041097,0.0017290008254349232,0.0,0.0017290008254349232,101427.453125,0.035926546652903804
-1.0081923007965088,-2.4004578590393066,0.0051870024763047695,0.0,0.0051870024763047695,101300.546875,-0.1371446197333941
-1.007121205329895,-2.397907631737845,0.0,0.0,0.0,101204.609375,-0.26798147784862053
-1.0070979595184326,-2.397852284567697,0.0034580016508698463,0.0,0.0034580016508698463,100875.90625,-0.7162575339023695
-1.0070308446884155,-2.3976924873533703,0.006924943998456001,0.0,0.006924943998456001,101347.4765625,-0.07314323482312006
-1.006003499031067,-2.3952464262644453,0.0017290008254349232,0.0,0.0017290008254349232,100653.0625,-1.0201655584038938
-1.0059523582458496,-2.3951246624901184,0.005170314107090235,0.0,0.005170314107090235,101560.9375,0.21796877448325874
-1.0049090385437012,-2.3926405679611933,0.0,0.0,0.0,100430.21875,-1.324073582905418
-1.0048580169677734,-2.392519088018508,0.0034413132816553116,0.0,0.0034413132816553116,101370.46875,-0.04178713763801326
-1.0047909021377563,-2.392359290804182,0.0069082556292414665,0.0,0.0069082556292414665,101315.953125,-0.11613401027059063
-1.0037635564804077,-2.3899132297152565,0.0017123124562203884,0.0,0.0017123124562203884,101180.0078125,-0.30153239529201203
-1.0037124156951904,-2.3897914659409296,0.0051536257378757,0.0,0.0051536257378757,101022.828125,-0.5158896223620643
-1.0026969909667969,-2.387373788016183,0.0,0.0,0.0,101977.109375,0.7855322461280562
-1.0026180744171143,-2.38718589146932,0.003424624912440777,0.0,0.003424624912440777,100832.3671875,-0.775634880016063
-1.0025509595870972,-2.3870260942549932,0.006891567260026932,0.0,0.006891567260026932,101260.4140625,-0.1918766181159607
-1.0015515089035034,-2.3846464497702464,0.0017123124562203884,0.0,0.0017123124562203884,101427.15625,0.03552167689652118
-1.0014724731445312,-2.3844582693917413,0.005136937368661165,0.0,0.005136937368661165,102102.234375,0.9561741939760583
-1.000484824180603,-2.3821067242395313,0.0,0.0,0.0,101205.7890625,-0.26637265329036325
-1.0004059076309204,-2.381918827692668,0.003424624912440777,0.0,0.003424624912440777,101902.3203125,0.6835370309214549
-1.0002942085266113,-2.3816528774443126,0.006832125596702099,0.0,0.006832125596702099,101376.1796875,-0.033998722061284396
-0.9993393421173096,-2.379379385993594,0.0017123124562203884,0.0,0.0017123124562203884,101702.40625,0.4108998678668516
-0.9992533922195435,-2.3791747433798656,0.005095056723803282,0.0,0.005095056723803282,101563.140625,0.22097333425430873
-0.998272716999054,-2.3768398023787,0.0,0.0,0.0,101502.484375,0.13825205034497504
-0.9981868267059326,-2.376635301680792,0.0033827440347522497,0.0,0.0033827440347522497,101363.2265625,-0.05166382880029461
-0.9980751276016235,-2.376369351432437,0.006790244951844215,0.0,0.006790244951844215,101320.21875,-0.11031667113940874
-0.9971202611923218,-2.374095859981719,0.0016704315785318613,0.0,0.0016704315785318613,101163.3125,-0.32430099185489797
-0.9970343112945557,-2.37389121736799,0.005053175613284111,0.0,0.005053175613284111,101024.046875,-0.5142275254674408
-0.9960606098175049,-2.371572880517869,0.0,0.0,0.0,101972.6015625,0.7793846185114042
-0.9959677457809448,-2.3713517756689164,0.0033408631570637226,0.0,0.0033408631570637226,100824.125,-0.7868753429893174
-0.9958560466766357,-2.3710858254205616,0.006748363841325045,0.0,0.006748363841325045,101264.2578125,-0.18663462021753308
-0.9949080944061279,-2.3688287962050665,0.0016704315785318613,0.0,0.0016704315785318613,101427.0625,0.035393823289242454
-0.9948152303695679,-2.368607691356114,0.00501129450276494,0.0,0.00501129450276494,100484.9375,-1.2494496941237367
-0.9938485026359558,-2.366305958657038,0.0,0.0,0.0,101209.9765625,-0.2606618588319136
-0.9937556385993958,-2.3660848538080854,0.0033408631570637226,0.0,0.0033408631570637226,100881.53125,-0.708586317465646
-0.9936227798461914,-2.365768523443313,0.006660954561084509,0.0,0.006660954561084509,101354.5,-0.06356486874448906
-0.9926959872245789,-2.3635618743442355,0.0016704315785318613,0.0,0.0016704315785318613,100664.453125,-1.004631345119529
-0.9926512837409973,-2.363455437478565,0.004935792181640863,0.0,0.004935792181640863,101567.859375,0.22740863248733778
-0.991636335849762,-2.3610388948803855,0.0,0.0,0.0,102671.4609375,1.732469333970644
-0.9915916323661804,-2.3609324580147155,0.003265360603109002,0.0,0.003265360603109002,101344.1640625,-0.07766072894696827
-0.9914587736129761,-2.3606161276499433,0.006585451774299145,0.0,0.006585451774299145,101326.046875,-0.10236843855358146
-0.9905319809913635,-2.3584094785508656,0.0015949290245771408,0.0,0.0015949290245771408,102135.234375,1.0011786637381688
-0.990487277507782,-2.358303041685195,0.004860289394855499,0.0,0.004860289394855499,101016.46875,-0.5245623587224709
-0.9894276261329651,-2.3557800622213456,0.0031898580491542816,0.0,0.0031898580491542816,101598.9921875,0.26986668457114704
-0.9894242286682129,-2.3557719730195545,0.0,0.0,0.0,101996.625,0.812147105376577
-0.9892948269844055,-2.3554638737723943,0.006509949453175068,0.0,0.006509949453175068,101272.53125,-0.17535153937518577
-0.9883198738098145,-2.3531425566900346,0.0015949290245771408,0.0,0.0015949290245771408,101460.390625,0.08084578067682845
-0.987215518951416,-2.3505131403605146,0.0031898580491542816,0.0,0.0031898580491542816,100924.1484375,-0.6504661984901933
-0.9872121214866638,-2.3505050511587235,0.0,0.0,0.0,101321.78125,-0.10818577768476335
-0.9870763421058655,-2.3501817669187273,0.006379866041243076,0.0,0.006379866041243076,101361.4609375,-0.05407173840404389
-0.9864895939826965,-2.348784747577849,0.00469603855162859,0.0,0.00469603855162859,101549.3828125,0.20221081738615615
-0.9861077666282654,-2.3478756348292036,0.0015949290245771408,0.0,0.0015949290245771408,100785.5546875,-0.8394764479172386
-0.9853818416595459,-2.346147242046538,0.0031011097598820925,0.0,0.0031011097598820925,101351.515625,-0.06763487524286174
-0.9852426648139954,-2.3458158686047508,0.006291117984801531,0.0,0.006291117984801531,101322.6953125,-0.10693920501379581
-0.9850000143051147,-2.3452381292978925,0.0,0.0,0.0,100646.9296875,-1.028529315213377
-0.9846559166908264,-2.3444188492638727,0.004607290495187044,0.0,0.004607290495187044,100955.109375,-0.608242544686395
-0.9842740893363953,-2.343509736515227,0.0015061807353049517,0.0,0.0015061807353049517,102171.515625,1.0506580097550344
-0.9835481643676758,-2.3417813437325616,0.0030123614706099033,0.0,0.0030123614706099033,101639.6015625,0.3252486054573805
-0.9834089279174805,-2.3414498283749534,0.006202369462698698,0.0,0.006202369462698698,101227.2578125,-0.2370941772235357
-0.9828221797943115,-2.3400528090340753,0.004518541973084211,0.0,0.004518541973084211,102304.2109375,1.2316241363907936
-0.9827879071235657,-2.339971207437061,0.0,0.0,0.0,101685.03125,0.38720433265119497
-0.9820619821548462,-2.3382428146543957,0.0015061807353049517,0.0,0.0015061807353049517,101153.1171875,-0.3382050716464591
-0.9819025993347168,-2.337863331749326,0.007214964367449284,0.0,0.007214964367449284,101314.3125,-0.11837144839796827
-0.9813359975814819,-2.3365142799559093,0.0030123614706099033,0.0,0.0030123614706099033,101773.6015625,0.5079940281277684
-0.9813159108161926,-2.336466454324268,0.005531137343496084,0.0,0.005531137343496084,102256.3203125,1.1663122520059126
-0.9805757999420166,-2.33470428557623,0.0,0.0,0.0,100666.640625,-1.0016480942830255
-0.9798498153686523,-2.332975750877744,0.0015061807353049517,0.0,0.0015061807353049517,101242.9765625,-0.21565738906980317
-0.9798296689987183,-2.3329277833302817,0.004024956375360489,0.0,0.004024956375360489,101725.7109375,0.44268214374288745
-0.979809582233429,-2.3328799576986405,0.00654373224824667,0.0,0.00654373224824667,102208.4296875,1.1010003676210316
-0.9783636331558228,-2.3294372217995782,0.0,0.0,0.0,100712.3515625,-0.9393088062673748
-0.9783434867858887,-2.329389254252116,0.002518775872886181,0.0,0.002518775872886181,101195.0859375,-0.28096927345468414
-0.9783234000205994,-2.3293414286204746,0.005037551745772362,0.0,0.005037551745772362,101677.8203125,0.3773702593580065
-0.976737916469574,-2.3255664677847,0.0016255228547379375,0.0,0.0016255228547379375,101618.3203125,0.29622583660511037
-0.9767178297042847,-2.325518642153059,0.00414429884403944,0.0,0.00414429884403944,101060.6171875,-0.4643539641614656
-0.9766976833343506,-2.325470674605597,0.006663074716925621,0.0,0.006663074716925621,101145.1875,-0.34901935592878436
-0.9761515259742737,-2.324170299938747,0.0,0.0,0.0,102484.453125,1.4774333508514115
-0.9751121997833252,-2.321695713769822,0.003251045709475875,0.0,0.003251045709475875,100873.8046875,-0.7191235855988675
-0.9750921130180359,-2.321647888138181,0.005769821815192699,0.0,0.005769821815192699,101165.46875,-0.3213603588874873
-0.9745258092880249,-2.320299545923869,0.0016255228547379375,0.0,0.0016255228547379375,101702.8828125,0.4115497903705184
-0.9739394187927246,-2.318903378077916,0.0,0.0,0.0,101490.8671875,0.12240885750968661
-0.9734864830970764,-2.317824959754944,0.0048765684477984905,0.0,0.0048765684477984905,101228.9296875,-0.23481412122706516
-0.9729000926017761,-2.316428791908991,0.003251045709475875,0.0,0.003251045709475875,100921.3046875,-0.6543444245776479
-0.9723137021064758,-2.3150326240630377,0.0016255228547379375,0.0,0.0016255228547379375,100709.3046875,-0.9434640485039333
-0.9717366695404053,-2.313658737000965,0.005433681420981884,0.0,0.005433681420981884,101153.3125,-0.3379387099646284
-0.9717272520065308,-2.313636314301264,0.0,0.0,0.0,102560.6640625,1.58136767910174
-0.971150279045105,-2.312262569155012,0.0038081584498286247,0.0,0.0038081584498286247,101581.1640625,0.24555319025364322
-0.9705638885498047,-2.3108664013090587,0.0021826354786753654,0.0,0.0021826354786753654,102074.2265625,0.9179779288015398
-0.9699868559837341,-2.309492514246986,0.00599079392850399,0.0,0.00599079392850399,101077.6796875,-0.44108460763673807
-0.9695152044296265,-2.3083695343562534,0.0,0.0,0.0,101888.9765625,0.6653392008187834
-0.9694004654884338,-2.308096346401033,0.004365270957350731,0.0,0.004365270957350731,101587.78125,0.2545775240340664
-0.9683517813682556,-2.3055994794482277,0.0021826354786753654,0.0,0.0021826354786753654,101402.53125,0.0019387960513099652
-0.968237042427063,-2.305326291493007,0.006547906436026096,0.0,0.006547906436026096,101002.0390625,-0.544241159776121
-0.9673030972480774,-2.3031026124954224,0.0,0.0,0.0,101217.2734375,-0.2507105863987197
-0.9671883583068848,-2.302829424540202,0.004365270957350731,0.0,0.004365270957350731,100916.0859375,-0.6614616087161634
-0.9670137166976929,-2.302413611184983,0.007421636022627354,0.0,0.007421636022627354,101385.453125,-0.021351869407964054
-0.9661912322044373,-2.30045531477247,0.006241330411285162,0.0,0.006241330411285162,101573.3359375,0.23487741404586984
-0.9661396741867065,-2.3003325575873967,0.0021826354786753654,0.0,0.0021826354786753654,100730.8203125,-0.9141216456334663
-0.965142548084259,-2.2979584478196644,0.0040586949326097965,0.0,0.0040586949326097965,101291.5390625,-0.14942922049942473
-0.9650909304618835,-2.2978355487187705,0.0,0.0,0.0,100545.5546875,-1.1667816825507693
-0.9649679064750671,-2.297542634464446,0.007115059997886419,0.0,0.007115059997886419,101387.234375,-0.01892265086966832
-0.9641454219818115,-2.295584338051932,0.005934754386544228,0.0,0.005934754386544228,100986.96875,-0.5647936271461758
-0.9640938639640808,-2.295461580866859,0.0018760593375191092,0.0,0.0018760593375191092,101009.7421875,-0.5337358550447193
-0.9630967378616333,-2.293087471099127,0.0037521186750382185,0.0,0.0037521186750382185,100705.1796875,-0.949089607224197
-0.9629220962524414,-2.292671657743908,0.006808483973145485,0.0,0.006808483973145485,101293.2421875,-0.14710654663386125
-0.9628788232803345,-2.2925686268579395,0.0,0.0,0.0,101948.421875,0.7464090423007669
-0.9620996117591858,-2.290713361331395,0.005628177896142006,0.0,0.005628177896142006,102143.2265625,1.0120781837586799
-0.961881697177887,-2.290194517090207,0.0018760593375191092,0.0,0.0018760593375191092,101425.0,0.03258104392911055
-0.9608846306800842,-2.2878205492382957,0.0037521186750382185,0.0,0.0037521186750382185,101990.03125,0.8031547349979734
-0.9606667160987854,-2.287301704997108,0.0,0.0,0.0,101234.6015625,-0.22707897798670243
-0.9600008130073547,-2.2857162214460827,0.005800627637654543,0.0,0.005800627637654543,101568.9609375,0.2289109123728628
-0.9596695899963379,-2.284927595229376,0.0018760593375191092,0.0,0.0018760593375191092,101836.8359375,0.594231286237267
-0.9587857723236084,-2.282823267437163,0.003924568183720112,0.0,0.003924568183720112,101415.7578125,0.01997680914488312
-0.9584545493125916,-2.282034641220456,0.0,0.0,0.0,102712.421875,1.7883307058841726
-0.9579019546508789,-2.2807189396449496,0.005973076913505793,0.0,0.005973076913505793,100994.6953125,-0.5542563590129543
-0.9575707316398621,-2.279930313428243,0.0020485087297856808,0.0,0.0020485087297856808,102173.890625,1.0538969678060954
-0.9566869139671326,-2.27782598563603,0.0040970174595713615,0.0,0.0040970174595713615,101635.3515625,0.31945257526074505
-0.9562424421310425,-2.276767719359625,0.0,0.0,0.0,101960.546875,0.7629447755088151
-0.9558030962944031,-2.275721657843817,0.006145525723695755,0.0,0.006145525723695755,101372.046875,-0.03963493524882143
-0.955358624458313,-2.274663391567412,0.0020485087297856808,0.0,0.0020485087297856808,101422.0078125,0.028500382963464646
-0.9544748067855835,-2.2725590637751987,0.0040970174595713615,0.0,0.0040970174595713615,100883.46875,-0.7059440095818857
-0.9540303349494934,-2.2715007974987937,0.0,0.0,0.0,101208.65625,-0.26246246380108895
-0.9535337090492249,-2.270318354879107,0.00618196465075016,0.0,0.00618196465075016,101321.296875,-0.10884635465570343
-0.9531464576721191,-2.26939632779076,0.0020485087297856808,0.0,0.0020485087297856808,100670.125,-0.9968962018791662
-0.9522053599357605,-2.2671556188946678,0.0041334559209644794,0.0,0.0041334559209644794,101370.640625,-0.04155273935800227
-0.9518181681632996,-2.266233733722142,0.0,0.0,0.0,100456.765625,-1.2878697031109931
-0.9512642621994019,-2.264914909998576,0.006218403112143278,0.0,0.006218403112143278,101270.5390625,-0.17806842852985863
-0.9508770704269409,-2.26399302482605,0.0020849471911787987,0.0,0.0020849471911787987,101185.1953125,-0.2944578290225894
-0.9499359726905823,-2.2617523159299577,0.004169894382357597,0.0,0.004169894382357597,100817.453125,-0.7959742580406531
-0.9496060609817505,-2.260966811861311,0.0,0.0,0.0,101994.296875,0.8089720741291553
-0.9489948153495789,-2.259511465118045,0.006254841107875109,0.0,0.006254841107875109,101293.078125,-0.147330290446599
-0.9486649632453918,-2.258726102965219,0.0020849471911787987,0.0,0.0020849471911787987,101432.9140625,0.04337401927688941
-0.9477238655090332,-2.2564853940691267,0.004169894382357597,0.0,0.004169894382357597,100871.5078125,-0.7222559989771962
-0.9473939538002014,-2.2556998900004794,0.0,0.0,0.0,101226.28125,-0.23842598563268907
-0.9467193484306335,-2.254093686739604,0.006264460738748312,0.0,0.006264460738748312,101327.8828125,-0.09986463874437314
-0.9464528560638428,-2.253459181104388,0.0020849471911787987,0.0,0.0020849471911787987,100664.8984375,-1.004024040484955
-0.9454483389854431,-2.2510674737748646,0.004179513547569513,0.0,0.004179513547569513,101361.859375,-0.053528360573109314
-0.9451818466186523,-2.2504329681396484,0.0,0.0,0.0,100458.2578125,-1.2858346998618067
-0.9444438219070435,-2.248675766445342,0.006274080369621515,0.0,0.006274080369621515,101275.6796875,-0.17105778906407534
-0.9441773295402527,-2.2480412608101257,0.0020945665892213583,0.0,0.0020945665892213583,102198.6953125,1.087724901398591
-0.943172812461853,-2.2456495534806025,0.004189133178442717,0.0,0.004189133178442717,101637.2265625,0.3220096474063195
-0.9429697394371033,-2.2451660462788174,0.0,0.0,0.0,101994.6640625,0.809472834090997
-0.9421682953834534,-2.2432578461510797,0.006283699534833431,0.0,0.006283699534833431,101297.15625,-0.14176865852997456
-0.9419652223587036,-2.2427743389492942,0.0020945665892213583,0.0,0.0020945665892213583,101433.1953125,0.04375758009872558
-0.940960705280304,-2.2403826316197715,0.004189133178442717,0.0,0.004189133178442717,101914.8515625,0.7006267964277109
-0.9407576322555542,-2.2398991244179864,0.0,0.0,0.0,101229.1640625,-0.23449448720886834
-0.9399081468582153,-2.237876540138608,0.006282847374677658,0.0,0.006282847374677658,101330.1328125,-0.09679615216968379
-0.9397531151771545,-2.2375074170884632,0.0020945665892213583,0.0,0.0020945665892213583,101718.59375,0.43297592405697777
-0.9387005567550659,-2.2350013256073,0.004188280552625656,0.0,0.004188280552625656,101360.390625,-0.055531400420475975
-0.9385454654693604,-2.234632060641334,0.0,0.0,0.0,102754.484375,1.8456943576832263
-0.9376479983329773,-2.2324952341261364,0.006281994748860598,0.0,0.006281994748860598,101277.2421875,-0.16892689560942994
-0.9374929666519165,-2.2321261110759916,0.0020937141962349415,0.0,0.0020937141962349415,102194.6875,1.0822591596874256
-0.9364404082298279,-2.2296200195948286,0.004187428392469883,0.0,0.004187428392469883,101634.875,0.3188026527570782
-0.9363333582878113,-2.229365138780503,0.0,0.0,0.0,101991.96875,0.8057970428817337
-0.9353878498077393,-2.227113928113665,0.0062811425887048244,0.0,0.0062811425887048244,102115.0546875,0.9736581747714237
-0.9352807998657227,-2.2268590472993397,0.0020937141962349415,0.0,0.0020937141962349415,101432.1640625,0.042351190418659625
-0.9342283010482788,-2.224353097733997,0.004187428392469883,0.0,0.004187428392469883,101916.2734375,0.7025659094714382
-0.9341212511062622,-2.224098216919672,0.0,0.0,0.0,101229.453125,-0.23410027191975896
-0.9331387281417847,-2.221758876528059,0.006272553000599146,0.0,0.006272553000599146,101558.3203125,0.21439952794672773
-0.9330686926841736,-2.2215921254385087,0.0020937141962349415,0.0,0.0020937141962349415,101717.4921875,0.43147364417145273
-0.9319791197776794,-2.21899790423257,0.004178838804364204,0.0,0.004178838804364204,101359.5390625,-0.05669273735325771
-0.9319090843200684,-2.21883115314302,0.0,0.0,0.0,101518.703125,0.1603707244041941
-0.9308896064758301,-2.2164038249424527,0.006263963412493467,0.0,0.006263963412493467,101001.5859375,-0.5448591188779681
-0.930819571018219,-2.2162370738529025,0.002085124608129263,0.0,0.002085124608129263,101160.7578125,-0.3277850026532432
-0.9297299981117249,-2.213642852646964,0.004170249216258526,0.0,0.004170249216258526,100802.8046875,-0.8159513841779537
-0.9296969771385193,-2.213564231282189,0.0,0.0,0.0,101990.6875,0.8040497102489245
-0.9286404252052307,-2.2110486314410256,0.006255373824387789,0.0,0.006255373824387789,100444.8515625,-1.3041177657026641
-0.9286074638366699,-2.2109701519920715,0.002085124608129263,0.0,0.002085124608129263,101431.828125,0.04189304832591087
-0.9275178909301758,-2.208375930786133,0.004170249216258526,0.0,0.004170249216258526,100872.953125,-0.7202849225316492
-0.9274848699569702,-2.208297309421358,0.0,0.0,0.0,101230.5,-0.23267257330514654
-0.9263952970504761,-2.205703088215419,0.002085124608129263,0.0,0.002085124608129263,100671.625,-0.9948505441627066
-0.9252811670303345,-2.2030503976912725,0.004151566419750452,0.0,0.004151566419750452,101358.390625,-0.058258944042422066
-0.9252727031707764,-2.2030302456447055,0.0,0.0,0.0,102748.8671875,1.8380337957137762
-0.9241670370101929,-2.200397707167126,0.0062180086970329285,0.0,0.0062180086970329285,101280.421875,-0.1645905274292266
-0.9241585731506348,-2.200377555120559,0.0020664420444518328,0.0,0.0020664420444518328,102191.0859375,1.077347450274468
-0.9230605959892273,-2.1977633237838745,0.0,0.0,0.0,101987.2578125,0.7993723991159779
-0.9230444431304932,-2.1977248645964123,0.0041328840889036655,0.0,0.0041328840889036655,101633.296875,0.31665045036788636
-0.9219464659690857,-2.195110633259728,0.0020664420444518328,0.0,0.0020664420444518328,101429.4765625,0.03868605367666957
-0.9219302535057068,-2.1950720321564448,0.006199325900524855,0.0,0.006199325900524855,101306.78125,-0.12864235484935901
-0.9208484888076782,-2.1924964019230435,0.0,0.0,0.0,101225.6484375,-0.23928899748182045
-0.9208323359489441,-2.1924579427355813,0.0041328840889036655,0.0,0.0041328840889036655,100871.6796875,-0.7220216006971852
-0.9197343587875366,-2.189843711398897,0.0020664420444518328,0.0,0.0020664420444518328,100667.8671875,-0.9999753429211288
-0.9196799993515015,-2.1897142841702415,0.006168751511722803,0.0,0.006168751511722803,101337.125,-0.08726040396014571
-0.9186363816261292,-2.1872294800622125,0.0,0.0,0.0,100464.0390625,-1.2779503940796189
-0.918582022190094,-2.187100052833557,0.004102309700101614,0.0,0.004102309700101614,101356.859375,-0.06034721962797454
-0.9174840450286865,-2.1844858214968728,0.0020358676556497812,0.0,0.0020358676556497812,102195.453125,1.0833032974802017
-0.9174296855926514,-2.184356394268218,0.006138177122920752,0.0,0.006138177122920752,101282.875,-0.16124502470543337
-0.9164242744445801,-2.181962558201381,0.0,0.0,0.0,101989.09375,0.8018761989251862
-0.9163317084312439,-2.181742162931533,0.0040717353112995625,0.0,0.0040717353112995625,101635.9375,0.3202516603062371
-0.9152719378471375,-2.1792188996360418,0.0020358676556497812,0.0,0.0020358676556497812,101429.5859375,0.03883521621849475
-0.9151793718338013,-2.1789985043661937,0.0061076027341187,0.0,0.0061076027341187,101309.1875,-0.12536077892920514
-0.914212167263031,-2.17669563634055,0.0,0.0,0.0,101223.2265625,-0.2425918823365208
-0.9141196012496948,-2.176475241070702,0.0040717353112995625,0.0,0.0040717353112995625,100870.0703125,-0.7242164209554699
-0.9130598306655884,-2.1739519777752103,0.0020358676556497812,0.0,0.0020358676556497812,100663.7265625,-1.005622210575939
-0.9129254221916199,-2.173631957599095,0.006074755918234587,0.0,0.006074755918234587,101336.7421875,-0.08778247285653383
-0.9120000004768372,-2.171428572563898,0.0,0.0,0.0,100457.3671875,-1.2870493091309545
-0.9118656516075134,-2.1711086943036033,0.004038888029754162,0.0,0.004038888029754162,101357.0390625,-0.06010216688069032
-0.910805881023407,-2.168585431008112,0.0020030206069350243,0.0,0.0020030206069350243,102194.828125,1.0824509400983435
-0.9106714725494385,-2.1682654108319963,0.006041908636689186,0.0,0.006041908636689186,101281.7890625,-0.16272599565641188
-0.9097878932952881,-2.1661616507030668,0.0,0.0,0.0,101992.203125,0.8061166768999305
-0.909611701965332,-2.165742147536505,0.0040060412138700485,0.0,0.0040060412138700485,101634.765625,0.318653490215253
-0.9085937142372131,-2.1633183672314598,0.0020030206069350243,0.0,0.0020030206069350243,101432.1484375,0.04232988148411317
-0.9084175229072571,-2.162898864064898,0.0060090613551437855,0.0,0.0060090613551437855,101226.828125,-0.2376801729235632
-0.907575786113739,-2.1608947288422358,0.0,0.0,0.0,101229.53125,-0.2339937272470267
-0.907399594783783,-2.1604752256756736,0.0040060412138700485,0.0,0.0040060412138700485,100872.09375,-0.7214569139317042
-0.9063816070556641,-2.1580514453706288,0.0020030206069350243,0.0,0.0020030206069350243,100669.46875,-0.9977911771301172
-0.9062080383300781,-2.157638186500186,0.005954827647656202,0.0,0.005954827647656202,101342.8046875,-0.07951460625250975
-0.9053636193275452,-2.155627665065584,0.0,0.0,0.0,102739.6875,1.8255147966677345
-0.9051900506019592,-2.155214406195141,0.003951807040721178,0.0,0.003951807040721178,101350.953125,-0.06840199688653407
-0.9041721224784851,-2.152790767805917,0.0019487866666167974,0.0,0.0019487866666167974,102181.453125,1.0642104921265791
-0.9039985537528992,-2.152377508935474,0.005900593940168619,0.0,0.005900593940168619,101286.6796875,-0.15605629914337185
-0.9031515121459961,-2.150360743204753,0.0,0.0,0.0,101993.15625,0.8074165219072642
-0.902980625629425,-2.14995387054625,0.003897573333233595,0.0,0.003897573333233595,101623.203125,0.3028848786508772
-0.901960015296936,-2.147523845945086,0.0019487866666167974,0.0,0.0019487866666167974,101434.9140625,0.0461015628988355
-0.9017890691757202,-2.1471168313707625,0.005846359767019749,0.0,0.005846359767019749,101318.53125,-0.11261803607042575
-0.900939404964447,-2.1450938213439215,0.0,0.0,0.0,101246.6171875,-0.21069240732047945
-0.900768518447876,-2.144686948685419,0.003897573333233595,0.0,0.003897573333233595,100876.6640625,-0.7152240505768664
-0.899747908115387,-2.1422569240842546,0.0019487866666167974,0.0,0.0019487866666167974,100688.3828125,-0.9719967118616349
-0.8996759057044983,-2.142085489772615,0.005719609092921019,0.0,0.005719609092921019,101372.671875,-0.03878257786696328
-0.898727297782898,-2.1398268994830905,0.0,0.0,0.0,100500.0859375,-1.2287906820809498
-0.8986552953720093,-2.1396554651714506,0.003770822426304221,0.0,0.003770822426304221,101330.9609375,-0.09566677863872174
-0.8984775543212891,-2.1392322721935453,0.007489694748073816,0.0,0.007489694748073816,101334.4453125,-0.09091488623486253
-0.897634744644165,-2.1372255824861073,0.0018220356432721019,0.0,0.0018220356432721019,101093.140625,-0.41999941690302206
-0.8975627422332764,-2.137054148174468,0.005592857953161001,0.0,0.005592857953161001,101311.546875,-0.1221431298126906
-0.8965421915054321,-2.134624265489124,0.0036440712865442038,0.0,0.0036440712865442038,100759.734375,-0.8746894622552536
-0.8965151906013489,-2.1345599776222595,0.0,0.0,0.0,101967.5078125,0.7724379058492603
-0.8963643908500671,-2.134200930595398,0.007362944073975086,0.0,0.007362944073975086,101273.328125,-0.17426478371331663
-0.8954495787620544,-2.13202280657632,0.005466106813400984,0.0,0.005466106813400984,101250.421875,-0.20550368175841793
-0.895422637462616,-2.1319586606252763,0.0018220356432721019,0.0,0.0018220356432721019,101428.65625,0.03756733461298074
-0.8945354223251343,-2.129846243631272,0.007024479564279318,0.0,0.007024479564279318,101369.1171875,-0.04363036047628152
-0.8943300247192383,-2.1293572017124722,0.0036440712865442038,0.0,0.0036440712865442038,101959.28125,0.7612187518105523
-0.8943030834197998,-2.129293055761428,0.0,0.0,0.0,101241.6875,-0.2174153761698856
-0.893362820148468,-2.1270543336868286,0.005528218112885952,0.0,0.005528218112885952,101569.0546875,0.2290387659801415
-0.8932104706764221,-2.126691596848624,0.0018220356432721019,0.0,0.0018220356432721019,101781.390625,0.5186165319991757
-0.8924486041069031,-2.12487762882596,0.007086590863764286,0.0,0.007086590863764286,101303.4453125,-0.13319181237502692
-0.8922432065010071,-2.12438858690716,0.003706182586029172,0.0,0.003706182586029172,101391.1640625,-0.013563453831235186
-0.892090916633606,-2.124025991984776,0.0,0.0,0.0,102697.609375,1.7681298359341344
-0.8912760019302368,-2.1220857188815163,0.00559032941237092,0.0,0.00559032941237092,101000.9296875,-0.5457540941289192
-0.8911236524581909,-2.1217229820433117,0.0018841468263417482,0.0,0.0018841468263417482,102168.4921875,1.0465347309202957
-0.8903618454933167,-2.1199091559364684,0.007148702163249254,0.0,0.007148702163249254,101237.78125,-0.22274260980649907
-0.8901564478874207,-2.1194201140176685,0.0037682936526834965,0.0,0.0037682936526834965,101639.359375,0.3249183169719104
-0.8898788094520569,-2.118759070123945,0.0,0.0,0.0,101950.8046875,0.7496586548191011
-0.8891891837120056,-2.117117104076204,0.005652440246194601,0.0,0.005652440246194601,101361.859375,-0.053528360573109314
-0.8889115452766418,-2.1164560601824807,0.0018841468263417482,0.0,0.0018841468263417482,101421.6796875,0.028052895337989117
-0.8879443407058716,-2.114153192156837,0.0037682936526834965,0.0,0.0037682936526834965,100892.5546875,-0.6935528641431229
-0.8876667022705078,-2.1134921482631137,0.0,0.0,0.0,101203.9921875,-0.26882318076320544
-0.8869758248329163,-2.1118472019831342,0.00571869220584631,0.0,0.00571869220584631,101313.984375,-0.1188189360234438
-0.8866994380950928,-2.1111891383216497,0.0018841468263417482,0.0,0.0018841468263417482,100674.8671875,-0.9904289402443175
-0.8857309222221375,-2.1088831481479464,0.0038345453795045614,0.0,0.0038345453795045614,101386.7890625,-0.019529955504242254
-0.885454535484314,-2.108225084486462,0.0,0.0,0.0,100457.1796875,-1.287305016345512
-0.8847624659538269,-2.106577299890064,0.005784943699836731,0.0,0.005784943699836731,101266.109375,-0.1841095114737783
-0.8844860792160034,-2.1059192362285795,0.0019503984367474914,0.0,0.0019503984367474914,101209.2734375,-0.26162076088650404
-0.8835176229476929,-2.1036133879706975,0.0039007968734949827,0.0,0.0039007968734949827,100826.2734375,-0.78394536448918
-0.8832424283027649,-2.102958162625631,0.0,0.0,0.0,101985.7578125,0.7973267413995183
-0.8825491070747375,-2.1013073977969943,0.005851195193827152,0.0,0.005851195193827152,101218.203125,-0.2494427047932057
-0.8822739124298096,-2.1006521724519276,0.0019503984367474914,0.0,0.0019503984367474914,101430.7890625,0.04047600417857169
-0.881305456161499,-2.098346324194045,0.0039007968734949827,0.0,0.0039007968734949827,100875.8203125,-0.716374733042375
-0.8810303211212158,-2.0976912407648,0.0,0.0,0.0,101219.625,-0.2475035917494784
-0.8803133368492126,-2.0959841353552684,0.005899608600884676,0.0,0.005899608600884676,101314.390625,-0.11826490372523601
-0.8800618052482605,-2.0953852505910966,0.0019503984367474914,0.0,0.0019503984367474914,100664.6484375,-1.0043649834376982
-0.8790696859359741,-2.0930230617523193,0.003949210047721863,0.0,0.003949210047721863,101376.4453125,-0.03363647017399468
-0.878818154335022,-2.0924241769881475,0.0,0.0,0.0,100453.4921875,-1.292333924898475
-0.8780775666236877,-2.0906608729135425,0.0059480220079422,0.0,0.0059480220079422,101264.3125,-0.1865600389466205
-0.8778260350227356,-2.0900619881493707,0.0019988117273896933,0.0,0.0019988117273896933,102198.3125,1.0872028325022027
-0.8768339157104492,-2.0876997993105935,0.0039976234547793865,0.0,0.0039976234547793865,101640.1171875,0.32595180029741344
-0.8766060471534729,-2.0871572551273165,0.0,0.0,0.0,101989.171875,0.8019827435979184
-0.8758417367935181,-2.0853374685559953,0.005996434949338436,0.0,0.005996434949338436,101294.8828125,-0.1448691085064836
-0.8756139278411865,-2.0847950662885393,0.0019988117273896933,0.0,0.0019988117273896933,101430.9765625,0.04073171139312914
-0.8746218085289001,-2.0824328774497625,0.0039976234547793865,0.0,0.0039976234547793865,101913.53125,0.6988261914585355
-0.8743939399719238,-2.0818903332664855,0.0,0.0,0.0,101221.84375,-0.24447772304388196
-0.8735883831977844,-2.079972340947106,0.0059828986413776875,0.0,0.0059828986413776875,101334.4140625,-0.09095750410395545
-0.8734018206596375,-2.0795281444277083,0.0019988117273896933,0.0,0.0019988117273896933,101716.015625,0.42945994985681285
-0.8723683953285217,-2.0770676079250516,0.0039840866811573505,0.0,0.0039840866811573505,101360.4296875,-0.05547812808410984
-0.8721818327903748,-2.076623411405654,0.0,0.0,0.0,102760.4375,1.8538130617454252
-0.8713350296020508,-2.0746072133382163,0.0059693618677556515,0.0,0.0059693618677556515,101281.3125,-0.16337591816007874
-0.8711484670639038,-2.0741630168188188,0.001985275186598301,0.0,0.001985275186598301,102200.203125,1.0897812135823237
-0.8701150417327881,-2.071702480316162,0.003970550373196602,0.0,0.003970550373196602,101639.9609375,0.3257387109519489
-0.8699697256088257,-2.071356489544823,0.0,0.0,0.0,101990.875,0.8043054174634819
-0.8690816164016724,-2.069241943813506,0.005955825559794903,0.0,0.005955825559794903,101300.125,-0.13771996096614833
-0.8689363598823547,-2.0688960949579878,0.001985275186598301,0.0,0.001985275186598301,101430.6328125,0.04026291483310715
-0.867902934551239,-2.066435558455331,0.003970550373196602,0.0,0.003970550373196602,100870.390625,-0.7237795877972676
-0.8677576184272766,-2.066089567683992,0.0,0.0,0.0,101221.296875,-0.24522353575300784
-0.866820752620697,-2.0638589348111833,0.005937967449426651,0.0,0.005937967449426651,101334.84375,-0.09037150840392796
-0.8667241930961609,-2.0636290311813354,0.001985275186598301,0.0,0.001985275186598301,100661.0625,-1.0092553839161094
-0.8656420111656189,-2.061052407537188,0.00395269226282835,0.0,0.00395269226282835,101360.6171875,-0.0552224208695524
-0.8655454516410828,-2.06082250390734,0.0,0.0,0.0,100451.71875,-1.2947524889694977
-0.8645598888397217,-2.058475925808861,0.005920109339058399,0.0,0.005920109339058399,101281.265625,-0.1634398449637181
-0.8644632697105408,-2.0582458802631924,0.001967417076230049,0.0,0.001967417076230049,101163.4609375,-0.32409855697670664
-0.8633811473846436,-2.0556693985348655,0.003934834152460098,0.0,0.003934834152460098,100809.9765625,-0.8061705832211313
-0.8633333444595337,-2.055555582046509,0.0,0.0,0.0,101989.1640625,0.8019720891306452
-0.8622989654541016,-2.053092774890718,0.00590225076302886,0.0,0.00590225076302886,101302.6328125,-0.1342998769714425
-0.8622511625289917,-2.0529789584023614,0.001967417076230049,0.0,0.001967417076230049,101429.09375,0.03816398478028145
-0.8611690402030945,-2.0504024766740345,0.003934834152460098,0.0,0.003934834152460098,101914.8046875,0.7005628696240715
-0.8611212372779846,-2.050288660185678,0.0,0.0,0.0,101215.1484375,-0.2536086014970374
-0.8600390553474426,-2.04771203654153,0.001967417076230049,0.0,0.001967417076230049,101723.5078125,0.4396775839718375
-0.86002117395401,-2.047669461795262,0.005902887787669897,0.0,0.005902887787669897,101557.8515625,0.21376025991033412
-0.8589090704917908,-2.045021596409026,0.0,0.0,0.0,102767.609375,1.8635938627022475
-0.8588911890983582,-2.0449790216627575,0.003935470711439848,0.0,0.003935470711439848,101366.5546875,-0.047125025741899945
-0.8577612638473511,-2.0422887234460743,0.001968053635209799,0.0,0.001968053635209799,102205.9921875,1.0976761738317848
-0.8577433824539185,-2.042246148699806,0.005903524346649647,0.0,0.005903524346649647,101009.6015625,-0.5339276354556374
-0.8566970229148865,-2.0397548164640154,0.0,0.0,0.0,101992.0546875,0.8059142420217392
-0.8566134572029114,-2.0395558504831226,0.003936107270419598,0.0,0.003936107270419598,101644.3671875,0.3317478304940489
-0.855549156665802,-2.037021801585243,0.001968053635209799,0.0,0.001968053635209799,101430.4296875,0.039985898684003256
-0.8554655909538269,-2.03682283560435,0.0059041609056293964,0.0,0.0059041609056293964,101082.7265625,-0.4342018217782335
-0.8544849157333374,-2.0344878946031844,0.0,0.0,0.0,101216.5,-0.2517653786587692
-0.8544013500213623,-2.034288928622291,0.003936107270419598,0.0,0.003936107270419598,100868.8046875,-0.7259424446537327
-0.8533370494842529,-2.031754879724412,0.001968053635209799,0.0,0.001968053635209799,100654.8671875,-1.0177043764637783
-0.8531972169876099,-2.031421945208595,0.005894493777304888,0.0,0.005894493777304888,101559.671875,0.216242750784996
-0.8522727489471436,-2.0292208308265325,0.0,0.0,0.0,100440.9453125,-1.3094449993392776
-0.8521329164505005,-2.0288878963107155,0.003926440142095089,0.0,0.003926440142095089,101365.40625,-0.0486912324310643
-0.8510686755180359,-2.026353989328657,0.00195838650688529,0.0,0.00195838650688529,102202.96875,1.093552894997046
-0.850928783416748,-2.0260209128970192,0.005884826648980379,0.0,0.005884826648980379,101010.359375,-0.5328941521301344
-0.8500606417655945,-2.023953908965701,0.0,0.0,0.0,101988.5625,0.8011516951506068
-0.8498645424842834,-2.023487005914961,0.00391677301377058,0.0,0.00391677301377058,101643.2265625,0.33019227827215775
-0.848856508731842,-2.0210869255520048,0.00195838650688529,0.0,0.00195838650688529,101428.828125,0.037801732892991734
-0.848660409450531,-2.0206200225012645,0.005875159054994583,0.0,0.005875159054994583,101083.46875,-0.43318964738727694
-0.8478485345840454,-2.01868698710487,0.0,0.0,0.0,101214.421875,-0.25459946695344754
-0.8476524353027344,-2.0182200840541293,0.00391677301377058,0.0,0.00391677301377058,100869.09375,-0.7255482293646233
-0.846644401550293,-2.0158200036911738,0.00195838650688529,0.0,0.00195838650688529,100654.6875,-1.0179494292110625
-0.8463919758796692,-2.0152189901896884,0.005857012700289488,0.0,0.005857012700289488,101560.53125,0.21741474218505094
-0.8456363677978516,-2.013419923328218,0.0,0.0,0.0,102761.390625,1.855112906752759
-0.8453839421272278,-2.012818909826733,0.0038986261934041977,0.0,0.0038986261934041977,101365.0625,-0.049160028991086284
-0.8443759679794312,-2.010418971379598,0.0019402395701035857,0.0,0.0019402395701035857,102202.484375,1.0928923180261059
-0.8441235423088074,-2.009817957878113,0.005838865879923105,0.0,0.005838865879923105,101012.3515625,-0.5301772629754615
-0.8434242606163025,-2.008153001467387,0.0,0.0,0.0,101986.375,0.7981684443141033
-0.8431155681610107,-2.007418019430978,0.0038804791402071714,0.0,0.0038804791402071714,101643.5703125,0.33066107483217977
-0.8421638607978821,-2.005152049518767,0.0019402395701035857,0.0,0.0019402395701035857,101427.4609375,0.03593720112017703
-0.8418551087379456,-2.004416925566537,0.005820718593895435,0.0,0.005820718593895435,101311.609375,-0.12205789407450479
-0.8412121534347534,-2.0028860796065557,0.0,0.0,0.0,101211.3515625,-0.2587866725918257
-0.8409034013748169,-2.002150955654326,0.0038804791402071714,0.0,0.0038804791402071714,100868.5390625,-0.7263046965410224
-0.8399516940116882,-1.9998849857421148,0.0019402395701035857,0.0,0.0019402395701035857,100652.4296875,-1.021028570253025
-0.8395798206329346,-1.9989995729355585,0.005788289476186037,0.0,0.005788289476186037,101333.734375,-0.09188444275672618
-0.8389999866485596,-1.9976190158299039,0.0,0.0,0.0,100436.3203125,-1.3157524439650279
-0.8386281132698059,-1.9967336030233476,0.0038480497896671295,0.0,0.0038480497896671295,101363.453125,-0.051354849249371025
-0.8376764059066772,-1.9944676331111364,0.0019078103359788656,0.0,0.0019078103359788656,101166.21875,-0.3203375300292575
-0.8373045921325684,-1.993582362220401,0.005755860358476639,0.0,0.005755860358476639,101278.578125,-0.16710498170570814
-0.8367878794670105,-1.9923520939690726,0.0,0.0,0.0,101984.515625,0.7956326811030753
-0.8363528847694397,-1.9913163923081898,0.0038156206719577312,0.0,0.0038156206719577312,100818.78125,-0.7941629986042046
-0.8354642987251282,-1.9892007112503052,0.0019078103359788656,0.0,0.0019078103359788656,101425.7890625,0.03365714512370647
-0.8350293040275574,-1.9881650095894223,0.005723430775105953,0.0,0.005723430775105953,101317.453125,-0.11408835255413106
-0.8345757722854614,-1.9870851721082416,0.0,0.0,0.0,101206.734375,-0.2650834627503028
-0.8341407775878906,-1.9860494704473588,0.0038156206719577312,0.0,0.0038156206719577312,101895.09375,0.67368164869372
-0.8332521915435791,-1.9839337893894742,0.0019078103359788656,0.0,0.0019078103359788656,101692.1953125,0.396974479140744
-0.8327413201332092,-1.9827174288885934,0.0056585585698485374,0.0,0.0056585585698485374,101342.015625,-0.08059070744710566
-0.8323636651039124,-1.9818182502474104,0.0,0.0,0.0,102763.4140625,1.8578724137765248
-0.8318527340888977,-1.980601747830709,0.0037507484667003155,0.0,0.0037507484667003155,101357.453125,-0.05953748011520929
-0.830964207649231,-1.9784862086886452,0.0018429381307214499,0.0,0.0018429381307214499,102204.8046875,1.0960566948062545
-0.8304532766342163,-1.9772697062719438,0.005593686364591122,0.0,0.005593686364591122,101287.6796875,-0.1546925273323988
-0.8301515579223633,-1.9765513283865792,0.0,0.0,0.0,101983.1171875,0.7937255314611676
-0.8295647501945496,-1.97515416712988,0.0036858762614428997,0.0,0.0036858762614428997,101646.1875,0.3342303213687108
-0.8290694952011108,-1.9739749885740736,0.007485868874937296,0.0,0.007485868874937296,101264.9921875,-0.18563310029384975
-0.8287521004676819,-1.973219286827814,0.0018429381307214499,0.0,0.0018429381307214499,101424.5,0.03189915802362403
-0.8281652331352234,-1.971821983655294,0.005528814159333706,0.0,0.005528814159333706,101233.3515625,-0.2287836927504187
-0.8279394507408142,-1.9712844065257482,0.0,0.0,0.0,101202.8046875,-0.27044265978873594
-0.8273526430130005,-1.9698872452690488,0.0036858762614428997,0.0,0.0036858762614428997,100865.8828125,-0.7299272154139196
-0.8266640305519104,-1.968247691790263,0.007351401261985302,0.0,0.007351401261985302,101382.5078125,-0.0253686035699706
-0.8265399932861328,-1.967952364966983,0.0018429381307214499,0.0,0.0018429381307214499,100644.1953125,-1.0322583787590063
-0.8258916735649109,-1.9664087465831213,0.005386916920542717,0.0,0.005386916920542717,101364.9140625,-0.0493624638692776
-0.8257272839546204,-1.9660173427490961,0.0,0.0,0.0,100422.4921875,-1.3346108510386394
-0.8250790238380432,-1.9644738662810552,0.0035439790226519108,0.0,0.0035439790226519108,101331.5625,-0.09484638465868327
-0.8243904113769531,-1.9628343128022694,0.007209504023194313,0.0,0.007209504023194313,101328.984375,-0.09836235885884814
-0.8242663741111755,-1.9625389859789895,0.001701040891930461,0.0,0.001701040891930461,101102.203125,-0.4076402348660788
-0.8236181139945984,-1.9609955095109486,0.005245019681751728,0.0,0.005245019681751728,101311.3984375,-0.12234556469088191
-0.8235151767730713,-1.9607504208882651,0.0,0.0,0.0,102007.953125,0.827596082922756
-0.8228054642677307,-1.9590606292088828,0.003402081783860922,0.0,0.003402081783860922,100795.53125,-0.8258706932093278
-0.8221168518066406,-1.9574210757300967,0.007067606784403324,0.0,0.007067606784403324,101306.8125,-0.1285997369802661
-0.8220542073249817,-1.9572719222023374,0.001701040891930461,0.0,0.001701040891930461,101442.8359375,0.05690519271388758
-0.8213444948196411,-1.955582130522955,0.005103122442960739,0.0,0.005103122442960739,101492.4296875,0.124539750964332
-0.8213030695915222,-1.955483499027434,0.0,0.0,0.0,101275.4296875,-0.1713987320168186
-0.8205932974815369,-1.9537935654322307,0.003402081783860922,0.0,0.003402081783860922,100877.7109375,-0.713796351962254
-0.8198421001434326,-1.9520050003415064,0.001701040891930461,0.0,0.001701040891930461,100710.3046875,-0.9421002766929601
-0.8194923400878906,-1.9511722383045016,0.006777842529118061,0.0,0.006777842529118061,101459.5625,0.07971640714586639
-0.8194726705551147,-1.9511254060836065,0.0047578150406479836,0.0,0.0047578150406479836,101409.8671875,0.011943340820870032
-0.8190909028053284,-1.9502164352507818,0.0,0.0,0.0,100542.8984375,-1.1704042014236664
-0.8187214732170105,-1.9493368409928822,0.0030567741487175226,0.0,0.0030567741487175226,101221.6015625,-0.244808011529352
-0.8179702758789062,-1.9475482759021578,0.0013557332567870617,0.0,0.0013557332567870617,100874.8203125,-0.717738504853348
-0.8176205158233643,-1.946715513865153,0.006432534661144018,0.0,0.006432534661144018,101376.984375,-0.032901311932142026
-0.8176008462905884,-1.9466686816442582,0.004412507638335228,0.0,0.004412507638335228,101327.2734375,-0.10069568719168484
-0.8168787956237793,-1.9449495133899508,0.0,0.0,0.0,101828.7421875,0.5831932581422039
-0.8168496489524841,-1.9448801165535337,0.0027114665135741234,0.0,0.0027114665135741234,100648.7265625,-1.0260787877405346
-0.8157581686973572,-1.9422813540413266,0.0013557332567870617,0.0,0.0013557332567870617,101404.2890625,0.00433605118778602
-0.8157486915588379,-1.9422587894258045,0.006087227258831263,0.0,0.006087227258831263,101294.3984375,-0.14552968547742368
-0.8157289624214172,-1.9422118152890888,0.004067199770361185,0.0,0.004067199770361185,101244.6796875,-0.21333471520423972
-0.8146666884422302,-1.9396825915291196,0.0,0.0,0.0,101240.84375,-0.2185660586353941
-0.8146374821662903,-1.9396130527768818,0.0027114665135741234,0.0,0.0027114665135741234,102135.2109375,1.001146700336349
-0.8138382434844971,-1.937710103534517,0.0064415037631988525,0.0,0.0064415037631988525,101253.359375,-0.2014976020636846
-0.8138185739517212,-1.937663271313622,0.004421476740390062,0.0,0.004421476740390062,101273.6640625,-0.1738066416205679
-0.8135460019111633,-1.9370142902646748,0.0013557332567870617,0.0,0.0013557332567870617,102089.4375,0.9387221765825126
-0.8127270340919495,-1.935064366885594,0.003065743250772357,0.0,0.003065743250772357,101556.03125,0.21127776903567225
-0.8124545216560364,-1.9344155277524677,0.0,0.0,0.0,102691.09375,1.7592440102282632
-0.8119277954101562,-1.9331614176432292,0.00679578073322773,0.0,0.00679578073322773,101232.2890625,-0.23023270029957757
-0.8119081258773804,-1.9331145854223344,0.004775753244757652,0.0,0.004775753244757652,101198.375,-0.2764837427326556
-0.8116355538368225,-1.932465604373387,0.0017100099939852953,0.0,0.0017100099939852953,102181.2109375,1.063880203641109
-0.8108166456222534,-1.9305158229101274,0.0034200199879705906,0.0,0.0034200199879705906,101671.328125,0.36851639705395495
-0.8102424144744873,-1.9291486058916365,0.0,0.0,0.0,101924.7109375,0.7140727341265233
-0.8099976778030396,-1.9285658995310466,0.005130029749125242,0.0,0.005130029749125242,101243.328125,-0.21517793804250795
-0.8094234466552734,-1.9271986825125558,0.0017100099939852953,0.0,0.0017100099939852953,101414.828125,0.01870892753936912
-0.809164822101593,-1.9265829097656977,0.007175901904702187,0.0,0.007175901904702187,101308.984375,-0.12563779507830902
-0.8086045384407043,-1.9252489010492961,0.0034200199879705906,0.0,0.0034200199879705906,100904.9375,-0.6766655335150582
-0.8080303072929382,-1.9238816840308053,0.0,0.0,0.0,101158.3203125,-0.33110919644248993
-0.8076884150505066,-1.9230676548821586,0.005244521424174309,0.0,0.005244521424174309,101294.7421875,-0.14506088891740168
-0.8072113394737244,-1.9219317606517248,0.0017100099939852953,0.0,0.0017100099939852953,100648.4375,-1.026473003029644
-0.8068555593490601,-1.9210846651168096,0.007290393114089966,0.0,0.007290393114089966,101303.4140625,-0.13323443024411982
-0.8062952756881714,-1.919750656400408,0.0035345114301890135,0.0,0.0035345114301890135,101406.5390625,0.0074045377624753685
-0.8058182001113892,-1.9186147621699743,0.0,0.0,0.0,100391.921875,-1.3763017814787764
-0.8053790926933289,-1.9175692683174497,0.005359012633562088,0.0,0.005359012633562088,101248.9765625,-0.2074747582039649
-0.8049020767211914,-1.9164335160028367,0.0018245013197883964,0.0,0.0018245013197883964,101258.96875,-0.1938476945615077
-0.8045462369918823,-1.915586278552101,0.007404884789139032,0.0,0.007404884789139032,101269.15625,-0.1799542692372198
-0.8039859533309937,-1.9142522698356992,0.0036490026395767927,0.0,0.0036490026395767927,100872.328125,-0.7211372799135074
-0.8036060929298401,-1.913347840309143,0.0,0.0,0.0,101999.9453125,0.8166752539676984
-0.8030697703361511,-1.9120708817527408,0.005473503842949867,0.0,0.005473503842949867,101284.296875,-0.15930591166170605
-0.8026899695396423,-1.9111665941420057,0.0018245013197883964,0.0,0.0018245013197883964,101433.8125,0.0445992830133105
-0.8020132184028625,-1.9095552819115775,0.007377648260444403,0.0,0.007377648260444403,101331.703125,-0.09465460424776519
-0.8017738461494446,-1.9089853479748682,0.0036490026395767927,0.0,0.0036490026395767927,101905.6328125,0.6880545250453032
-0.801393985748291,-1.908080918448312,0.0,0.0,0.0,101203.390625,-0.2696435747432439
-0.8007494807243347,-1.9065463826769875,0.0054979766719043255,0.0,0.0054979766719043255,101550.53125,0.2037770240753205
-0.8004778623580933,-1.9058996722811745,0.0018245013197883964,0.0,0.0018245013197883964,101728.3203125,0.44624073581214524
-0.7996929287910461,-1.9040307828358243,0.007402121089398861,0.0,0.007402121089398861,101312.7421875,-0.12051299631988689
-0.7994534969329834,-1.9034607069832938,0.003673475468531251,0.0,0.003673475468531251,101373.2109375,-0.03804741962511062
-0.7991818189620972,-1.90281385467166,0.0,0.0,0.0,101551.0,0.2044162921117141
-0.7984291911125183,-1.9010218836012343,0.005522449500858784,0.0,0.005522449500858784,101018.109375,-0.5223249205950933
-0.7981575131416321,-1.9003750312896002,0.0018489741487428546,0.0,0.0018489741487428546,101195.8984375,-0.27986120885826854
-0.797372579574585,-1.89850614184425,0.007426593918353319,0.0,0.007426593918353319,101272.578125,-0.17528761257154643
-0.797133207321167,-1.8979362079075406,0.003697948297485709,0.0,0.003697948297485709,100840.796875,-0.7641387098282512
-0.7969697117805481,-1.897546932810829,0.0,0.0,0.0,101998.90625,0.8152582098203592
-0.7961088418960571,-1.89549724260966,0.005546922329813242,0.0,0.005546922329813242,101294.2578125,-0.14572146588834176
-0.7959453463554382,-1.8951079675129483,0.0018489741487428546,0.0,0.0018489741487428546,101433.140625,0.04368299882781299
-0.794979453086853,-1.8928082216353643,0.0074103837832808495,0.0,0.0074103837832808495,101339.8515625,-0.08354199488178951
-0.7949210405349731,-1.8926691441308885,0.003697948297485709,0.0,0.003697948297485709,100867.359375,-0.7279135210992796
-0.794757604598999,-1.8922800109499978,0.0,0.0,0.0,101209.90625,-0.2607577490373727
-0.7938196659088135,-1.890046823592413,0.005535782314836979,0.0,0.005535782314836979,101555.765625,0.21091551714838253
-0.7937332391738892,-1.889841045652117,0.0018489741487428546,0.0,0.0018489741487428546,100644.140625,-1.032332960029919
-0.7926902770996094,-1.8873578026181177,0.007399243768304586,0.0,0.007399243768304586,101316.671875,-0.11515379928145375
-0.7926318645477295,-1.8872187251136416,0.003686808282509446,0.0,0.003686808282509446,101365.4375,-0.04864861456197139
-0.7925454378128052,-1.8870129471733457,0.0,0.0,0.0,102773.2109375,1.8712331157371513
-0.791530430316925,-1.8845962626593453,0.005524642299860716,0.0,0.005524642299860716,101016.828125,-0.5240722532279025
-0.7914440631866455,-1.8843906266348702,0.0018378341337665915,0.0,0.0018378341337665915,102211.859375,1.1056776787539782
-0.790401041507721,-1.88190724168505,0.007388103753328323,0.0,0.007388103753328323,101275.265625,-0.17162247582955636
-0.7903426885604858,-1.881768306096395,0.003675668267533183,0.0,0.003675668267533183,101650.4921875,0.3401009328362588
-0.7903333306312561,-1.8817460253125147,0.0,0.0,0.0,101992.375,0.8063510751799415
-0.7892412543296814,-1.8791458436420987,0.005513502284884453,0.0,0.005513502284884453,101300.5078125,-0.1371978920697602
-0.7892319560050964,-1.8791237047740392,0.0018378341337665915,0.0,0.0018378341337665915,101431.015625,0.040784983729495274
-0.7881305813789368,-1.8765013842355638,0.003675668267533183,0.0,0.003675668267533183,100869.6484375,-0.7247917621882242
-0.788121223449707,-1.8764791034516835,0.0,0.0,0.0,101211.5390625,-0.2585309653772683
-0.7880669832229614,-1.87634996005467,0.007347344420850277,0.0,0.007347344420850277,101344.828125,-0.07675509922874398
-0.7870198488235474,-1.873856782913208,0.0018378341337665915,0.0,0.0018378341337665915,100650.1796875,-1.0240970568277146
-0.786980926990509,-1.8737641118821644,0.0054947868920862675,0.0,0.0054947868920862675,101559.328125,0.215773954224974
-0.785909116268158,-1.8712121815908525,0.0,0.0,0.0,100430.6953125,-1.3234236604017513
-0.7858701944351196,-1.8711195105598086,0.0036569528747349977,0.0,0.0036569528747349977,101365.453125,-0.04862730562742494
-0.7858067154884338,-1.8709683702105568,0.007328629493713379,0.0,0.007328629493713379,101316.3984375,-0.11552670563601669
-0.784759521484375,-1.868475051153274,0.0018191187409684062,0.0,0.0018191187409684062,101171.578125,-0.3130285654798239
-0.7847206592559814,-1.8683825220380512,0.005476071499288082,0.0,0.005476071499288082,101016.125,-0.5250311552824929
-0.7836970090866089,-1.8659452597300212,0.0,0.0,0.0,101986.6875,0.7985946230050324
-0.783609926700592,-1.8657379207156954,0.0036382374819368124,0.0,0.0036382374819368124,100822.25,-0.7894324151348918
-0.7835463881492615,-1.8655866384506226,0.0073099141009151936,0.0,0.0073099141009151936,101261.0,-0.1910775330704687
-0.7825474143028259,-1.8632081292924427,0.0018191187409684062,0.0,0.0018191187409684062,101429.7734375,0.03909092343305219
-0.7824603319168091,-1.863000790278117,0.005457356106489897,0.0,0.005457356106489897,100472.921875,-1.2658362647899597
-0.7814849019050598,-1.86067833786919,0.0,0.0,0.0,101213.0078125,-0.2565279255299016
-0.781397819519043,-1.8604709988548642,0.0036382374819368124,0.0,0.0036382374819368124,100872.859375,-0.720412776138928
-0.7812585830688477,-1.8601394834972564,0.007253115065395832,0.0,0.007253115065395832,101373.046875,-0.038271163437848386
-0.7803352475166321,-1.8579410655157906,0.0018191187409684062,0.0,0.0018191187409684062,100656.09375,-1.0160316251018817
-0.7802292704582214,-1.8576887391862416,0.005431616213172674,0.0,0.005431616213172674,101334.9140625,-0.09027561819846892
-0.779272735118866,-1.8554112740925381,0.0,0.0,0.0,100439.328125,-1.3116504740648356
-0.7791667580604553,-1.8551589477629888,0.00361249758861959,0.0,0.00361249758861959,101364.8984375,-0.04938377280382405
-0.7790274620056152,-1.8548272904895602,0.0072273751720786095,0.0,0.0072273751720786095,101316.4453125,-0.11546277883237734
-0.7781041860580444,-1.8526290144239155,0.0017933788476511836,0.0,0.0017933788476511836,101167.4375,-0.31867543313463415
-0.7779982089996338,-1.8523766880943662,0.005405876319855452,0.0,0.005405876319855452,101278.3046875,-0.16747788806027109
-0.7770606279373169,-1.850144352231707,0.0,0.0,0.0,101981.8125,0.7919462354265387
-0.7769356369972229,-1.8498467547552926,0.003586757695302367,0.0,0.003586757695302367,100817.921875,-0.7953349900042596
-0.7767964005470276,-1.8495152393976848,0.007201635278761387,0.0,0.007201635278761387,101259.84375,-0.19265439422690628
-0.7758920788764954,-1.8473620925630843,0.0017933788476511836,0.0,0.0017933788476511836,101429.71875,0.0390163421621396
-0.7757670879364014,-1.84706449508667,0.005380136426538229,0.0,0.005380136426538229,102107.484375,0.9633339959836668
-0.7748485207557678,-1.844877430370876,0.0,0.0,0.0,101218.125,-0.24954924946593796
-0.7747235298156738,-1.8445798328944616,0.003586757695302367,0.0,0.003586757695302367,101918.28125,0.7053041075606575
-0.7745828628540039,-1.8442449115571522,0.007142639718949795,0.0,0.007142639718949795,101371.25,-0.040721690910690576
-0.7736799716949463,-1.842095170702253,0.0017933788476511836,0.0,0.0017933788476511836,101729.078125,0.44727421913764825
-0.7735670208930969,-1.8418262402216594,0.005363503936678171,0.0,0.005363503936678171,101564.375,0.22265674008347858
-0.772636353969574,-1.8396103665942238,0.0,0.0,0.0,102740.40625,1.8264950076568716
-0.7725234627723694,-1.839341578029451,0.0035701249726116657,0.0,0.0035701249726116657,101375.171875,-0.03537314833953067
-0.7723827958106995,-1.8390066566921417,0.007126007229089737,0.0,0.007126007229089737,101314.4609375,-0.11816901351977696
-0.7714799046516418,-1.8368569158372425,0.0017767460085451603,0.0,0.0017767460085451603,102202.40625,1.0927857733533737
-0.7713669538497925,-1.836587985356649,0.005346870981156826,0.0,0.005346870981156826,101021.265625,-0.5180205158167096
-0.7704242467880249,-1.8343434447333926,0.0,0.0,0.0,101942.296875,0.738055939958557
-0.7703233957290649,-1.8341033231644404,0.0035534920170903206,0.0,0.0035534920170903206,101664.3984375,0.3590658845826027
-0.770182728767395,-1.833768401827131,0.007109374273568392,0.0,0.007109374273568392,101257.6796875,-0.19560568166159012
-0.769267737865448,-1.8315898520605904,0.0017767460085451603,0.0,0.0017767460085451603,101404.2890625,0.00433605118778602
-0.7691668272018433,-1.8313495885758173,0.005330238025635481,0.0,0.005330238025635481,102073.2578125,0.9166567748596597
-0.7682297229766846,-1.8291183880397253,0.006999907083809376,0.0,0.006999907083809376,101336.9453125,-0.08750545670742993
-0.7682121396064758,-1.8290765228725616,0.0,0.0,0.0,101144.1796875,-0.35039378220703066
-0.7681112289428711,-1.8288362593877885,0.0035534920170903206,0.0,0.0035534920170903206,101963.40625,0.7668443105308161
-0.7670556306838989,-1.8263229301997594,0.0017767460085451603,0.0,0.0017767460085451603,101853.5390625,0.6170105372674262
-0.7666895389556885,-1.8254512832278298,0.005619404837489128,0.0,0.005619404837489128,101544.09375,0.19499774304218154
-0.765999972820282,-1.8238094590959095,0.0,0.0,0.0,102847.1328125,1.9720456850764243
-0.765752375125885,-1.8232199407759166,0.007289073895663023,0.0,0.007289073895663023,101270.328125,-0.17835609914623576
-0.7656338810920715,-1.8229378121239799,0.003842658828943968,0.0,0.003842658828943968,101434.234375,0.045174624246064755
-0.7645782828330994,-1.8204244829359508,0.0020659128203988075,0.0,0.0020659128203988075,102237.984375,1.141306217315649
-0.7642121911048889,-1.8195528359640214,0.005908571649342775,0.0,0.005908571649342775,101014.921875,-0.5266719432425698
-0.7637878656387329,-1.8185425372350785,0.0,0.0,0.0,102065.03125,0.9054376208209517
-0.763156533241272,-1.8170393648601715,0.004131825640797615,0.0,0.004131825640797615,101628.828125,0.31055609508760057
-0.7623661756515503,-1.8151575610751198,0.0020659128203988075,0.0,0.0020659128203988075,101455.875,0.07468749859290329
-0.7617347836494446,-1.813654246784392,0.006197737995535135,0.0,0.006197737995535135,101019.671875,-0.5201940271404478
-0.7615757584571838,-1.8132756153742473,0.0,0.0,0.0,101282.90625,-0.16120240683634043
-0.7609444260597229,-1.8117724429993403,0.004131825640797615,0.0,0.004131825640797615,100846.71875,-0.7560626236351452
-0.7601540684700012,-1.8098906392142886,0.0020659128203988075,0.0,0.0020659128203988075,100673.765625,-0.9919312201298425
-0.759804904460907,-1.8090592963354928,0.0054832822643220425,0.0,0.0054832822643220425,101556.1328125,0.2114162771102242
-0.7594196200370789,-1.8081419524692355,0.007299807388335466,0.0,0.007299807388335466,101386.2734375,-0.020233150344275228
-0.7593636512756348,-1.808008693513416,0.0,0.0,0.0,100500.796875,-1.2278211255590863
-0.7590144872665405,-1.8071773506346203,0.0034173696767538786,0.0,0.0034173696767538786,101105.2734375,-0.40345302922770065
-0.7582241296768188,-1.8052955468495688,0.001351456856355071,0.0,0.001351456856355071,100654.4140625,-1.0183223355656255
-0.7578749656677246,-1.804464203970773,0.00476882653310895,0.0,0.00476882653310895,100981.1796875,-0.5726885873956369
-0.7574896812438965,-1.8035468601045155,0.006585351191461086,0.0,0.006585351191461086,101439.28125,0.05205741010456934
-0.7571515440940857,-1.802741771652585,0.0,0.0,0.0,101859.3515625,0.6249374609187069
-0.7570846080780029,-1.8025824001857214,0.002702913712710142,0.0,0.002702913712710142,100530.3203125,-1.1875578937335618
-0.7560120224952698,-1.8000286249887376,0.001351456856355071,0.0,0.001351456856355071,101405.96875,0.006626761651529804
-0.7559450268745422,-1.799869111606053,0.0040543703362345695,0.0,0.0040543703362345695,100406.2265625,-1.356793451901498
-0.7555597424507141,-1.7989517677397955,0.0058708954602479935,0.0,0.0058708954602479935,101338.7734375,-0.08501231136549484
-0.7549394369125366,-1.7974748497917539,0.0,0.0,0.0,101254.265625,-0.2002616838599903
-0.7548724412918091,-1.7973153364090693,0.002702913712710142,0.0,0.002702913712710142,102077.1953125,0.922026626365366
-0.7539670467376709,-1.7951596350896928,0.004334327299147844,0.0,0.004334327299147844,101301.015625,-0.13650535169700048
-0.7537998557090759,-1.7947615612120855,0.001351456856355071,0.0,0.001351456856355071,102008.1328125,0.8278411356700401
-0.7535817623138428,-1.7942422912234353,0.006150851957499981,0.0,0.006150851957499981,101257.328125,-0.19608513268888533
-0.752894401550293,-1.7926057179768882,0.0029828704427927732,0.0,0.0029828704427927732,101519.078125,0.16088213883330899
-0.7527272701263428,-1.792207786015102,0.0,0.0,0.0,102697.78125,1.7683642342141455
-0.7519890069961548,-1.7904500166575115,0.004614283796399832,0.0,0.004614283796399832,101215.6796875,-0.252884097722458
-0.7518218159675598,-1.7900519427799044,0.0016314135864377022,0.0,0.0016314135864377022,102182.3671875,1.0654570647975468
-0.7516037225723267,-1.789532672791254,0.006430808920413256,0.0,0.006430808920413256,101221.546875,-0.2448825928002646
-0.7509164214134216,-1.7878962414605277,0.0032628271728754044,0.0,0.0032628271728754044,101666.9453125,0.3625392409136747
-0.7505151629447937,-1.7869408641542708,0.0,0.0,0.0,101932.2421875,0.724343640577914
-0.7500109672546387,-1.7857403982253301,0.0048942407593131065,0.0,0.0048942407593131065,101395.3515625,-0.007852659372785563
-0.7496097087860107,-1.7847850209190732,0.0016314135864377022,0.0,0.0016314135864377022,101416.8203125,0.02142581669404198
-0.7492135763168335,-1.783841848373413,0.0066992733627557755,0.0,0.0066992733627557755,101378.2421875,-0.03118594270115249
-0.7487043142318726,-1.7826293195996967,0.0032628271728754044,0.0,0.0032628271728754044,100901.3984375,-0.68149200718983
-0.7483030557632446,-1.7816739422934396,0.0,0.0,0.0,101166.6875,-0.31969826199286394
-0.7477421164512634,-1.7803383725030082,0.004856289364397526,0.0,0.004856289364397526,101347.0390625,-0.07373988499042076
-0.7473976016044617,-1.7795180990582422,0.0016314135864377022,0.0,0.0016314135864377022,100651.2734375,-1.0226054314094628
-0.7469446659088135,-1.7784396807352703,0.006661321967840195,0.0,0.006661321967840195,101329.9296875,-0.09707316831878769
-0.7464354038238525,-1.7772271519615537,0.0032248757779598236,0.0,0.0032248757779598236,101368.203125,-0.04487693314724907
-0.7460908889770508,-1.7764068785167877,0.0,0.0,0.0,100401.1328125,-1.3637401645636418
-0.7454732060432434,-1.7749362048648654,0.004818337969481945,0.0,0.004818337969481945,101298.7265625,-0.13962711060805597
-0.7451286911964417,-1.7741159314200992,0.0015934620751067996,0.0,0.0015934620751067996,101173.3125,-0.3106632737451675
-0.7446757555007935,-1.7730375130971274,0.006623370572924614,0.0,0.006623370572924614,101281.6171875,-0.1629603939364229
-0.7441664934158325,-1.7718249843234108,0.003186924150213599,0.0,0.003186924150213599,100841.5625,-0.7630945720354749
-0.7438787817955017,-1.7711399566559565,0.0,0.0,0.0,101973.1640625,0.7801517401550765
-0.7432042956352234,-1.7695340372267223,0.004780386108905077,0.0,0.004780386108905077,101250.4140625,-0.20551433622569115
-0.7429165840148926,-1.7688490095592682,0.0015934620751067996,0.0,0.0015934620751067996,101430.625,0.040252260365833924
-0.7423200011253357,-1.7674285741079423,0.00658346526324749,0.0,0.00658346526324749,101333.1171875,-0.09272614567131111
-0.7419543862342834,-1.7665580624625796,0.003186924150213599,0.0,0.003186924150213599,101932.921875,0.7252705792306847
-0.7416666746139526,-1.7658730347951255,0.0,0.0,0.0,101205.65625,-0.26655377923400814
-0.7409621477127075,-1.7641955897921608,0.0048788804560899734,0.0,0.0048788804560899734,101551.421875,0.20499163334446838
-0.7407044768333435,-1.763582087698437,0.0015934620751067996,0.0,0.0015934620751067996,101792.5,0.5337671844617043
-0.7400778532028198,-1.7620901266733806,0.006681959610432386,0.0,0.006681959610432386,101298.890625,-0.1394033667953182
-0.7397122383117676,-1.7612196150280182,0.0032854184973984957,0.0,0.0032854184973984957,101410.9921875,0.013477584108214707
-0.7394545674324036,-1.7606061129342943,0.0,0.0,0.0,101652.0625,0.3422424807581774
-0.7387199997901917,-1.7588571423575992,0.00497737480327487,0.0,0.00497737480327487,101029.484375,-0.5068120162452748
-0.7384623289108276,-1.7582436402638755,0.0016919563058763742,0.0,0.0016919563058763742,101270.5625,-0.17803646512803897
-0.737835705280304,-1.756751679238819,0.0067804534919559956,0.0,0.0067804534919559956,101247.8515625,-0.20900900149130958
-0.7374700903892517,-1.7558811675934565,0.0033839126117527485,0.0,0.0033839126117527485,100889.0625,-0.6983154110142553
-0.7372424602508545,-1.755339191073463,0.0,0.0,0.0,101962.9765625,0.7662583148307887
-0.7364778518676758,-1.7535186949230377,0.005075868684798479,0.0,0.005075868684798479,100507.546875,-1.2186156658350182
-0.7362502217292786,-1.7529767184030443,0.0016919563058763742,0.0,0.0016919563058763742,101424.453125,0.03183523121998467
-0.7357965111732483,-1.7518964551744007,0.006760518532246351,0.0,0.006760518532246351,101323.609375,-0.10569263234282826
-0.7352579832077026,-1.7506142457326255,0.0033839126117527485,0.0,0.0033839126117527485,100885.9296875,-0.7025878523908193
-0.7350303530693054,-1.750072269212632,0.0,0.0,0.0,101178.53125,-0.3035460896066519
-0.734187126159668,-1.7480645860944477,0.005426635500043631,0.0,0.005426635500043631,101548.9140625,0.20157154934976254
-0.7340381145477295,-1.747709796542213,0.0016919563058763742,0.0,0.0016919563058763742,100640.0078125,-1.0379691732174559
-0.7335057854652405,-1.7464423463458107,0.007111285347491503,0.0,0.007111285347491503,101259.0078125,-0.19379442222514157
-0.7329672574996948,-1.7451601369040353,0.0037346794269979,0.0,0.0037346794269979,101460.96875,0.08163421125504723
-0.7328181862831116,-1.74480520543598,0.0,0.0,0.0,102819.375,1.934190362854649
-0.7318964004516602,-1.7426104772658575,0.005777402315288782,0.0,0.005777402315288782,101006.3828125,-0.5383172759722068
-0.7317473292350769,-1.7422555457978022,0.0020427231211215258,0.0,0.0020427231211215258,102236.09375,1.1387278362355282
-0.7312150597572327,-1.7409882375172208,0.007462052162736654,0.0,0.007462052162736654,101277.53125,-0.16853268032032057
-0.7306764721870422,-1.7397058861596244,0.0040854462422430515,0.0,0.0040854462422430515,101652.8046875,0.34325465514913395
-0.7306060791015625,-1.739538283575149,0.0,0.0,0.0,102015.359375,0.8376965178977751
-0.7296056151390076,-1.7371562265214466,0.006128169130533934,0.0,0.006128169130533934,101332.90625,-0.09301381628768823
-0.7295352220535278,-1.7369886239369712,0.0020427231211215258,0.0,0.0020427231211215258,101432.0703125,0.0422233368113809
-0.7284643650054932,-1.7344389642987934,0.0040854462422430515,0.0,0.0040854462422430515,100848.796875,-0.7532285353404669
-0.7283939719200134,-1.7342713617143177,0.0,0.0,0.0,101211.3359375,-0.25880798152637213
-0.7280110716819763,-1.733359694480896,0.007267332635819912,0.0,0.007267332635819912,101360.3125,-0.05563794509320825
-0.727323055267334,-1.731721560160319,0.0020427231211215258,0.0,0.0020427231211215258,100628.0625,-1.05425985367822
-0.7272994518280029,-1.731665361495245,0.005607659928500652,0.0,0.005607659928500652,101560.0,0.21669023841047153
-0.7261818051338196,-1.7290042979376656,0.0,0.0,0.0,100407.3125,-1.3553124809505193
-0.7261582016944885,-1.7289480992725919,0.0035649368073791265,0.0,0.0035649368073791265,101221.5703125,-0.2448506293984449
-0.7257049083709717,-1.7278688294546944,0.006746822968125343,0.0,0.006746822968125343,101402.8828125,0.002418247078605176
-0.7250168919563293,-1.7262306951341175,0.001522213569842279,0.0,0.001522213569842279,100883.1328125,-0.7064021516746345
-0.7249932885169983,-1.7261744964690435,0.005087150260806084,0.0,0.005087150260806084,101039.0234375,-0.49380291170466484
-0.7239696979522705,-1.7237373760768346,0.0,0.0,0.0,101969.8125,0.7755809736948622
-0.7238519787788391,-1.7234570923305694,0.003044427139684558,0.0,0.003044427139684558,100700.5859375,-0.9553544339808545
-0.7233986854553223,-1.722377822512672,0.006226313766092062,0.0,0.006226313766092062,101331.53125,-0.09488900252777617
-0.7228047847747803,-1.7209637732732865,0.001522213569842279,0.0,0.001522213569842279,101431.6484375,0.041647995578626654
-0.7226870656013489,-1.720683489527021,0.004566640593111515,0.0,0.004566640593111515,102079.859375,0.9256597997055365
-0.7217575907707214,-1.7184704542160034,0.0,0.0,0.0,101228.9140625,-0.2348354301616116
-0.72163987159729,-1.7181901704697382,0.003044427139684558,0.0,0.003044427139684558,101949.3671875,0.7476982328408274
-0.7215352654457092,-1.7179411082040696,0.006260292138904333,0.0,0.006260292138904333,101346.671875,-0.07424064495226243
-0.7205926775932312,-1.7156968514124553,0.001522213569842279,0.0,0.001522213569842279,101818.8671875,0.569726011508845
-0.7205106019973755,-1.7155014333270846,0.004681786056607962,0.0,0.004681786056607962,101555.625,0.21072373673746445
-0.7195454835891724,-1.7132035323551724,0.0,0.0,0.0,101688.359375,0.39174313570958963
-0.7194634079933167,-1.7130081142698017,0.0031595726031810045,0.0,0.0031595726031810045,101425.125,0.032751515405482184
-0.7193588018417358,-1.712759052004133,0.00637543760240078,0.0,0.00637543760240078,101287.421875,-0.1550441247524153
-0.7184162139892578,-1.7105147952125186,0.0016373590333387256,0.0,0.0016373590333387256,101294.6171875,-0.14523136039377332
-0.7183341383934021,-1.7103193771271479,0.004796931520104408,0.0,0.004796931520104408,101031.375,-0.504233635165154
-0.7173333764076233,-1.7079366104943412,0.0,0.0,0.0,101943.2734375,0.7393877483677104
-0.7172869443893433,-1.707826058069865,0.003274718066677451,0.0,0.003274718066677451,100900.8828125,-0.6821952020298631
-0.7171822786331177,-1.7075768538883755,0.006490583065897226,0.0,0.006490583065897226,101228.1640625,-0.2358582590198414
-0.7162041068077087,-1.7052478733516876,0.0016373590333387256,0.0,0.0016373590333387256,101418.265625,0.023396893139588957
-0.7161576151847839,-1.7051371790113903,0.004912076983600855,0.0,0.004912076983600855,100507.140625,-1.2191696981332258
-0.7152402997016907,-1.702953094527835,0.006469706539064646,0.0,0.006469706539064646,101338.9921875,-0.08471398628184447
-0.7151212692260742,-1.7026696886335102,0.0,0.0,0.0,101169.359375,-0.31605443418542034
-0.7150747776031494,-1.702558994293213,0.003274718066677451,0.0,0.003274718066677451,100893.25,-0.6926046165558057
-0.7139919400215149,-1.6999808095750355,0.0016373590333387256,0.0,0.0016373590333387256,100644.34375,-1.032055943880815
-0.7138910293579102,-1.6997405460902624,0.005167203955352306,0.0,0.005167203955352306,101558.359375,0.21445280028309388
-0.7129737138748169,-1.697556461606707,0.006724833510816097,0.0,0.006724833510816097,101265.75,-0.18459961696834673
-0.7129091024398804,-1.697402624856858,0.0,0.0,0.0,102783.046875,1.8846470900341439
-0.7128081917762756,-1.697162361372085,0.0035298450384289026,0.0,0.0035298450384289026,101441.7109375,0.05537094942654291
-0.7117253541946411,-1.6945841766539074,0.0018924858886748552,0.0,0.0018924858886748552,102194.171875,1.0815559648473925
-0.7116243839263916,-1.6943437712533134,0.005422330927103758,0.0,0.005422330927103758,101001.515625,-0.5449550090834272
-0.7107070684432983,-1.692159686769758,0.006979960482567549,0.0,0.006979960482567549,101278.5859375,-0.16709432723843493
-0.7106969952583313,-1.692135702996027,0.0,0.0,0.0,102059.1875,0.897468079300578
-0.7105415463447571,-1.691765586535136,0.0037849717773497105,0.0,0.0037849717773497105,101605.2890625,0.2784541851933679
-0.7095131874084473,-1.6893171128772555,0.0018924858886748552,0.0,0.0018924858886748552,101470.3046875,0.0943662996465534
-0.709357738494873,-1.6889469964163644,0.005677457433193922,0.0,0.005677457433193922,101354.6875,-0.06330916152993162
-0.7084848880767822,-1.686868781135196,0.0,0.0,0.0,101335.3203125,-0.08972158590026112
-0.708329439163208,-1.6864986646743048,0.0037849717773497105,0.0,0.0037849717773497105,100881.4140625,-0.7087461344747444
-0.7078024744987488,-1.6852439869017828,0.006668121553957462,0.0,0.006668121553957462,101386.078125,-0.020499512026105903
-0.7075528502464294,-1.6846496434438798,0.0052130576223134995,0.0,0.0052130576223134995,101535.8671875,0.1837785890034736
-0.7073010802268982,-1.6840501910164243,0.0018924858886748552,0.0,0.0018924858886748552,100746.4296875,-0.892834020021559
-0.7065245509147644,-1.68220131170182,0.0033205717336386442,0.0,0.0033205717336386442,101176.953125,-0.30569829199584375
-0.7062727212905884,-1.6816017173585438,0.0,0.0,0.0,100611.4453125,-1.0769219055683734
-0.7059975862503052,-1.680946633929298,0.006203721277415752,0.0,0.006203721277415752,101418.0859375,0.023151840392304737
-0.7057480216026306,-1.6803524323872159,0.0047486573457717896,0.0,0.0047486573457717896,100915.6640625,-0.6620369499489177
-0.7054961919784546,-1.6797528380439395,0.0014280857285484672,0.0,0.0014280857285484672,100818.0390625,-0.7951751729951612
-0.7047196626663208,-1.6779039587293354,0.0028561714570969343,0.0,0.0028561714570969343,100556.7578125,-1.1515031764809618
-0.7044423222541809,-1.6772436244147164,0.007194385398179293,0.0,0.007194385398179293,101301.0390625,-0.1364733882951808
-0.7041927576065063,-1.6766494228726343,0.00573932146653533,0.0,0.00573932146653533,101298.0234375,-0.1405860126626464
-0.7040606141090393,-1.6763347954977128,0.0,0.0,0.0,101657.9765625,0.35030791248401016
-0.703943133354187,-1.676055079414731,0.00428425706923008,0.0,0.00428425706923008,100295.4765625,-1.5078311799667625
-0.7032840847969055,-1.6744859161831085,0.0014280857285484672,0.0,0.0014280857285484672,101144.859375,-0.3494668435542599
-0.7027973532676697,-1.6733270315896898,0.006676028482615948,0.0,0.006676028482615948,101317.3515625,-0.11422686062868301
-0.7025477886199951,-1.6727328300476074,0.005220964550971985,0.0,0.005220964550971985,102309.0546875,1.2382299061001942
-0.7025075554847717,-1.6726370368685042,0.0028561714570969343,0.0,0.0028561714570969343,101809.109375,0.5564185818845847
-0.7018485069274902,-1.6710678736368816,0.0,0.0,0.0,100703.5625,-0.951295081949755
-0.7011523842811584,-1.669410438764663,0.006157671567052603,0.0,0.006157671567052603,102276.0703125,1.1932467452726303
-0.7011121511459351,-1.6693146455855596,0.003792878706008196,0.0,0.003792878706008196,101776.125,0.5114354210570207
-0.7010719180107117,-1.6692188524064564,0.0014280857285484672,0.0,0.0014280857285484672,101276.1796875,-0.1703759031585888
-0.6997569799423218,-1.6660880474817186,0.007094378117471933,0.0,0.007094378117471933,101261.5,-0.19039564716498217
-0.6997168064117432,-1.6659923962184362,0.004729585722088814,0.0,0.004729585722088814,101287.9609375,-0.15430896651056264
-0.6996765732765198,-1.665896603039333,0.002364792861044407,0.0,0.002364792861044407,101862.2109375,0.628836995940708
-0.6996363401412964,-1.6658008098602295,0.0,0.0,0.0,102436.4453125,1.411961649457432
-0.6981574892997742,-1.6622797364280337,0.006386142689734697,0.0,0.006386142689734697,101121.3359375,-0.3815474445139461
-0.6981172561645508,-1.6621839432489305,0.0040213498286902905,0.0,0.0040213498286902905,101072.03125,-0.44878778747528114
-0.6980770230293274,-1.6620881500698272,0.0016565569676458836,0.0,0.0016565569676458836,101646.2734375,0.33434752050871624
-0.6974242329597473,-1.6605338879993985,0.0,0.0,0.0,102435.2109375,1.4102782436282624
-0.6965579986572266,-1.658471425374349,0.005677906796336174,0.0,0.005677906796336174,101145.8203125,-0.348156344079653
-0.6965177655220032,-1.6583756321952456,0.003313113935291767,0.0,0.003313113935291767,100856.1015625,-0.7432666084399997
-0.6958649158477783,-1.656821228208996,0.0016565569676458836,0.0,0.0016565569676458836,101661.109375,0.3545803538605742
-0.6952121257781982,-1.6552669661385673,0.0,0.0,0.0,101411.2265625,0.013797218126411513
-0.6949584484100342,-1.6546629724048434,0.004969670902937651,0.0,0.004969670902937651,101281.1875,-0.16354638963645038
-0.6947963833808899,-1.6542771032878332,0.007251545321196318,0.0,0.007251545321196318,101322.5,-0.10720556669562648
-0.6943056583404541,-1.6531087103344146,0.003313113935291767,0.0,0.003313113935291767,100887.0,-0.7011281903743872
-0.6936528086662292,-1.651554306348165,0.0016565569676458836,0.0,0.0016565569676458836,100637.125,-1.0419006716412766
-0.6930000185966492,-1.6500000442777363,0.0,0.0,0.0,102654.1953125,1.7089229612968126
-0.6929580569267273,-1.649900135539827,0.005456907674670219,0.0,0.005456907674670219,101204.1171875,-0.2686527092868338
-0.6923052072525024,-1.6483457315535772,0.003800350707024336,0.0,0.003800350707024336,101529.7890625,0.17548941346490307
-0.6916524171829224,-1.6467914694831485,0.0021437937393784523,0.0,0.0021437937393784523,102125.0625,0.9873065473484273
-0.6909576058387756,-1.6451371567589896,0.005944144446402788,0.0,0.005944144446402788,101127.046875,-0.37375902893721724
-0.6907879114151001,-1.644733122416905,0.0,0.0,0.0,101947.078125,0.7445764739297719
-0.6903048157691956,-1.643582894688561,0.004287587478756905,0.0,0.004287587478756905,101595.921875,0.26567947893276883
-0.6894403100013733,-1.6415245476223175,0.0021437937393784523,0.0,0.0021437937393784523,101417.9375,0.022949405514113428
-0.6889572143554688,-1.6403743198939733,0.006431381218135357,0.0,0.006431381218135357,101301.921875,-0.13526943349330614
-0.688575804233551,-1.6394662005560738,0.0,0.0,0.0,101239.9453125,-0.2197913223718152
-0.6880927085876465,-1.63831597282773,0.004287587478756905,0.0,0.004287587478756905,100888.7890625,-0.6986883173688183
-0.6872282028198242,-1.6362576257614863,0.0021437937393784523,0.0,0.0021437937393784523,100710.8046875,-0.9414183907874737
-0.6869711875915527,-1.6356456847417924,0.005853503942489624,0.0,0.005853503942489624,101493.59375,0.1261272665880428
-0.6863636374473572,-1.634199136779422,0.0,0.0,0.0,102578.7578125,1.6060434253065334
-0.6861066818237305,-1.6335873376755488,0.0037097104359418154,0.0,0.0037097104359418154,101191.296875,-0.28613669008219916
-0.6852421164512634,-1.6315288486934845,0.001565916696563363,0.0,0.001565916696563363,102090.375,0.9400007126552998
-0.6849851608276367,-1.6309170495896113,0.0052756271325051785,0.0,0.0052756271325051785,101393.4140625,-0.010494967256545836
-0.6849730014801025,-1.630888098762149,0.0071578132919967175,0.0,0.0071578132919967175,101414.3671875,0.01808031397024873
-0.6841515302658081,-1.6289322149185907,0.0,0.0,0.0,101902.109375,0.6832493603050778
-0.6841205954551697,-1.628858560607547,0.003131833393126726,0.0,0.003131833393126726,101601.9921875,0.27395800000406617
-0.6830300092697144,-1.6262619268326532,0.001565916696563363,0.0,0.001565916696563363,101413.7265625,0.017206647653844123
-0.6829990744590759,-1.6261882725216095,0.004697749856859446,0.0,0.004697749856859446,101261.859375,-0.18990554167041374
-0.6829869747161865,-1.6261594636099679,0.006579936016350985,0.0,0.006579936016350985,101289.1328125,-0.1527107964195786
-0.681939423084259,-1.6236652930577598,0.0,0.0,0.0,101225.46875,-0.23953405022910468
-0.6819084882736206,-1.6235916387467157,0.003131833393126726,0.0,0.003131833393126726,100925.34375,-0.6488360649973895
-0.6809943318367004,-1.6214150758016679,0.005369491409510374,0.0,0.005369491409510374,101167.3984375,-0.3187287054710003
-0.680982232093811,-1.6213862668900263,0.007251677569001913,0.0,0.007251677569001913,101194.671875,-0.28153396022016514
-0.6808179020881653,-1.6209950049718223,0.001565916696563363,0.0,0.001565916696563363,100737.078125,-0.9055874173476116
-0.6799037456512451,-1.6188184420267742,0.003803574712947011,0.0,0.003803574712947011,101583.8125,0.24916505465926714
-0.6797272562980652,-1.6183982292811077,0.0,0.0,0.0,100548.8125,-1.1623387696978336
-0.678989589214325,-1.616641879081726,0.006041232962161303,0.0,0.006041232962161303,101072.9453125,-0.4475412148043136
-0.6788131594657898,-1.6162218082518804,0.002237658016383648,0.0,0.002237658016383648,102198.4609375,1.087405267380394
-0.6778990030288696,-1.6140452453068326,0.004475316032767296,0.0,0.004475316032767296,101665.5078125,0.3605788189354009
-0.6775151491165161,-1.6131313074202764,0.0,0.0,0.0,101945.6796875,0.7426693242878643
-0.6769848465919495,-1.6118686823617845,0.006712974049150944,0.0,0.006712974049150944,101280.6875,-0.1642282755419369
-0.6766010522842407,-1.6109548863910494,0.002237658016383648,0.0,0.002237658016383648,101412.7265625,0.01584287584287108
-0.6756868958473206,-1.6087783234460014,0.004475316032767296,0.0,0.004475316032767296,100879.7734375,-0.7109835726021221
-0.675303041934967,-1.6078643855594454,0.0,0.0,0.0,101159.9375,-0.328903721716932
-0.6744779348373413,-1.6058998448508126,0.006528295576572418,0.0,0.006528295576572418,101370.3984375,-0.04188302784347231
-0.6743889451026917,-1.6056879645302182,0.002237658016383648,0.0,0.002237658016383648,100626.9765625,-1.0557408246291984
-0.6731799840927124,-1.6028094859350297,0.00429063756018877,0.0,0.00429063756018877,101325.9453125,-0.10250694662813341
-0.673090934753418,-1.6025974636986142,0.0,0.0,0.0,100374.1953125,-1.4004767677217282
-0.6719710230827332,-1.599931007339841,0.006343617103993893,0.0,0.006343617103993893,101317.34375,-0.11423751509595624
-0.6718820333480835,-1.5997191270192466,0.0020529795438051224,0.0,0.0020529795438051224,102243.34375,1.1486151818650827
-0.6708788275718689,-1.5973305418377832,0.0,0.0,0.0,102045.0625,0.8782048024705837
-0.6706730723381042,-1.5968406484240578,0.004105959087610245,0.0,0.004105959087610245,101650.453125,0.34004766049989266
-0.6696698665618896,-1.5944520632425945,0.0020529795438051224,0.0,0.0020529795438051224,101452.1796875,0.06964793557266696
-0.669464111328125,-1.593962169828869,0.00615893816575408,0.0,0.00615893816575408,101313.640625,-0.1192877325834658
-0.6686667203903198,-1.592063619976952,0.0,0.0,0.0,101253.90625,-0.20075178935455873
-0.6684609651565552,-1.5915737265632266,0.004105959087610245,0.0,0.004105959087610245,101908.03125,0.6913254464981838
-0.6674577593803406,-1.5891851413817633,0.0020529795438051224,0.0,0.0020529795438051224,101698.859375,0.40606273972480655
-0.667244017124176,-1.5886762312480383,0.0061194696463644505,0.0,0.0061194696463644505,101335.9921875,-0.08880530171476361
-0.666454553604126,-1.5867965562003,0.0,0.0,0.0,102735.4296875,1.8197081120038259
-0.6662408113479614,-1.586287646066575,0.004066490102559328,0.0,0.004066490102559328,101349.921875,-0.06980838656660003
-0.6652376055717468,-1.5838990608851116,0.0020135105587542057,0.0,0.0020135105587542057,102178.34375,1.059970014151835
-0.6650238633155823,-1.5833901507513863,0.006080000661313534,0.0,0.006080000661313534,101281.4296875,-0.16321610115098034
-0.6642424464225769,-1.581529634339469,0.0,0.0,0.0,101993.203125,0.8074804487109035
-0.6640206575393677,-1.581001565569923,0.004027021117508411,0.0,0.004027021117508411,101621.2578125,0.3002319162998437
-0.6630254983901978,-1.5786321390242803,0.0020135105587542057,0.0,0.0020135105587542057,101436.1171875,0.047742350858912444
-0.6628037095069885,-1.5781040702547346,0.006040531676262617,0.0,0.006040531676262617,101226.8671875,-0.23762690058719704
-0.6620303392410278,-1.5762627124786377,0.0,0.0,0.0,101250.9765625,-0.2047472145820188
-0.6618085503578186,-1.575734643709092,0.004027021117508411,0.0,0.004027021117508411,100879.03125,-0.7119957469930787
-0.6608133912086487,-1.5733652171634493,0.0020135105587542057,0.0,0.0020135105587542057,100693.875,-0.9645066213685564
-0.660694420337677,-1.5730819531849454,0.0059089818969368935,0.0,0.0059089818969368935,101370.09375,-0.04229855206712815
-0.659818172454834,-1.5709956487019858,0.0,0.0,0.0,100508.734375,-1.2169961868094876
-0.6596992611885071,-1.5707125266393027,0.0038954713381826878,0.0,0.0038954713381826878,101331.34375,-0.09514470974233362
-0.6587041020393372,-1.5683431000936598,0.001881960779428482,0.0,0.001881960779428482,101093.6953125,-0.4192429497266229
-0.6585851311683655,-1.5680598361151559,0.00577743211761117,0.0,0.00577743211761117,101311.171875,-0.1226545442418055
-0.6576060652732849,-1.5657287268411546,0.0,0.0,0.0,101961.640625,0.7644364009270669
-0.6575899720191956,-1.5656904095695132,0.003763921558856964,0.0,0.003763921558856964,100757.3828125,-0.8778964569044948
-0.6564919352531433,-1.563076036317008,0.001881960779428482,0.0,0.001881960779428482,101422.625,0.02934208587804957
-0.656475841999054,-1.5630377190453666,0.005645882338285446,0.0,0.005645882338285446,101252.234375,-0.20303184535102928
-0.6556353569030762,-1.5610365640549433,0.007064181379973888,0.0,0.007064181379973888,101368.75,-0.044131120438123186
-0.6553939580917358,-1.5604618049803234,0.0,0.0,0.0,101227.03125,-0.23740315677445928
-0.6553778648376465,-1.5604234877086822,0.003763921558856964,0.0,0.003763921558856964,100883.59375,-0.7057735381055141
-0.6543254256248474,-1.5579176800591605,0.00579996220767498,0.0,0.00579996220767498,101564.5625,0.22291244729803603
-0.6542798280715942,-1.5578091144561768,0.001881960779428482,0.0,0.001881960779428482,100688.015625,-0.9724974718234766
-0.6534848809242249,-1.5559163831529164,0.007218261249363422,0.0,0.007218261249363422,101288.1328125,-0.15407456823055166
-0.6532273888587952,-1.5553033068066553,0.003918001428246498,0.0,0.003918001428246498,101407.5859375,0.008832236377087774
-0.653181791305542,-1.5551947412036715,0.0,0.0,0.0,102730.671875,1.8132195414344308
-0.6521749496459961,-1.5527974991571336,0.005954042077064514,0.0,0.005954042077064514,100997.9375,-0.5498347550945651
-0.6521293520927429,-1.5526889335541498,0.002036040648818016,0.0,0.002036040648818016,102175.1484375,1.055612337037085
-0.6513344645500183,-1.5507963441667103,0.007372341118752956,0.0,0.007372341118752956,101271.6640625,-0.17653418524251396
-0.6510769128799438,-1.5501831259046284,0.004072081297636032,0.0,0.004072081297636032,101619.6171875,0.29799447817246605
-0.6509696841239929,-1.5499278193428403,0.0,0.0,0.0,101987.3359375,0.7994789437887101
-0.6500244736671448,-1.5476773182551067,0.006108121946454048,0.0,0.006108121946454048,101064.09375,-0.4596127262248797
-0.6499172449111938,-1.5474220116933188,0.002036040648818016,0.0,0.002036040648818016,101431.8046875,0.041861084924091185
-0.6488648056983948,-1.5449162040437971,0.004072081297636032,0.0,0.004072081297636032,100876.28125,-0.7157461194732545
-0.6488217711448669,-1.5448137408211118,0.007074346300214529,0.0,0.007074346300214529,101368.515625,-0.04445075445631999
-0.6487575769424438,-1.5446608974820093,0.0,0.0,0.0,101243.984375,-0.2142829627915569
-0.6478743553161621,-1.542557988848005,0.005881351884454489,0.0,0.005881351884454489,101558.5546875,0.21471916196492455
-0.6477051377296448,-1.5421550898324876,0.002036040648818016,0.0,0.002036040648818016,100688.46875,-0.9718795127216294
-0.6467146873474121,-1.5397968746366955,0.0038453112356364727,0.0,0.0038453112356364727,101302.1953125,-0.1348965271387432
-0.6466716527938843,-1.5396944114140103,0.00684757623821497,0.0,0.00684757623821497,101361.546875,-0.05395453926403839
-0.6465454697608948,-1.539393975621178,0.0,0.0,0.0,100500.640625,-1.2280342149045507
-0.6457242369651794,-1.5374386594409035,0.005654581822454929,0.0,0.005654581822454929,101002.671875,-0.5433781479269896
-0.6455550193786621,-1.537035760425386,0.0018092705868184566,0.0,0.0018092705868184566,101045.8359375,-0.484512216242411
-0.6445645689964294,-1.534677545229594,0.0036185411736369133,0.0,0.0036185411736369133,100746.3046875,-0.8930044914979306
-0.6445214748382568,-1.5345749400910877,0.00662080617621541,0.0,0.00662080617621541,101279.1796875,-0.16628458772566967
-0.6443333625793457,-1.5341270537603469,0.0,0.0,0.0,101963.171875,0.7665246765126194
-0.643574059009552,-1.532319188117981,0.00542781176045537,0.0,0.00542781176045537,101347.4765625,-0.07314323482312006
-0.643342912197113,-1.531768838564555,0.0018092705868184566,0.0,0.0018092705868184566,101432.3359375,0.042585588698670615
-0.6423524022102356,-1.529410481452942,0.0036185411736369133,0.0,0.0036185411736369133,100901.484375,-0.6813748080498245
-0.6421212553977966,-1.5288601318995159,0.0,0.0,0.0,101235.6953125,-0.22558735256845064
-0.641469419002533,-1.5273081404822213,0.00554642453789711,0.0,0.00554642453789711,101297.9609375,-0.1406712484008322
-0.6411307454109192,-1.5265017747879028,0.0018092705868184566,0.0,0.0018092705868184566,100704.84375,-0.9495477493169459
-0.6402477622032166,-1.5243994338171822,0.0037371539510786533,0.0,0.0037371539510786533,101405.9140625,0.006552180380617216
-0.6399090886116028,-1.5235930681228638,0.0,0.0,0.0,100508.203125,-1.2177206905840672
-0.6393648386001587,-1.5222972347622827,0.00566503731533885,0.0,0.00566503731533885,101248.4453125,-0.20819926197854433
-0.6390261054039001,-1.5214907271521432,0.0019278832478448749,0.0,0.0019278832478448749,102180.6796875,1.0631556998665297
-0.6381431818008423,-1.5193885280972437,0.0038557664956897497,0.0,0.0038557664956897497,101641.328125,0.32760324272476365
-0.6376969814300537,-1.5183261462620328,0.0,0.0,0.0,101957.3828125,0.7586297162631582
-0.6372601985931396,-1.517286187126523,0.005783649627119303,0.0,0.005783649627119303,101284.3828125,-0.15918871252170055
-0.6368139982223511,-1.5162238052913122,0.0019278832478448749,0.0,0.0019278832478448749,101418.0390625,0.02308791358866538
-0.6359310746192932,-1.5141216062364125,0.0038557664956897497,0.0,0.0038557664956897497,101914.6953125,0.7004137070822464
-0.6354848742485046,-1.5130592244012016,0.0,0.0,0.0,101194.7421875,-0.2814380700147061
-0.6349466443061829,-1.5117777245385307,0.005814481060951948,0.0,0.005814481060951948,101322.0390625,-0.10783418026474687
-0.634601891040802,-1.510956883430481,0.0019278832478448749,0.0,0.0019278832478448749,101735.2578125,0.4557019027507707
-0.6336174607276917,-1.5086130017325992,0.0038865976966917515,0.0,0.0038865976966917515,101373.1171875,-0.03817527323238934
-0.6332727074623108,-1.5077921606245495,0.0,0.0,0.0,102786.21875,1.888972803747074
-0.6326330304145813,-1.5062691200347174,0.005845312029123306,0.0,0.005845312029123306,101270.2265625,-0.17849460722078772
-0.6322883367538452,-1.5054484208424888,0.001958714332431555,0.0,0.001958714332431555,102218.8828125,1.1152560448326092
-0.6313039064407349,-1.503104539144607,0.00391742866486311,0.0,0.00391742866486311,101651.53125,0.341517976983598
-0.6310606002807617,-1.5025252387637185,0.0,0.0,0.0,102000.9140625,0.8179964079095785
-0.6303194761276245,-1.5007606574467252,0.005876142531633377,0.0,0.005876142531633377,101293.359375,-0.14694672962476285
-0.6300762295722961,-1.5001814989816575,0.001958714332431555,0.0,0.001958714332431555,101433.5703125,0.04426899452784047
-0.6290917992591858,-1.4978376172837757,0.00391742866486311,0.0,0.00391742866486311,100866.2265625,-0.7294584188538976
-0.6288484930992126,-1.4972583169028872,0.0,0.0,0.0,101215.609375,-0.25297998792791704
-0.6280184388160706,-1.4952819971811204,0.005878083407878876,0.0,0.005878083407878876,101328.59375,-0.09889508222250949
-0.6278641223907471,-1.4949145771208263,0.001958714332431555,0.0,0.001958714332431555,100648.2734375,-1.0266967468423818
-0.6267907619476318,-1.492358957018171,0.003919369075447321,0.0,0.003919369075447321,101364.5390625,-0.04987387829839249
-0.6266363859176636,-1.4919913950420562,0.0,0.0,0.0,100430.3046875,-1.3239563837654125
-0.6257174015045166,-1.4898033369155157,0.005880023818463087,0.0,0.005880023818463087,101275.3125,-0.171558549025917
-0.6255630850791931,-1.4894359168552218,0.001960654743015766,0.0,0.001960654743015766,101175.1484375,-0.30815947393595916
-0.6244897246360779,-1.4868802967525665,0.003921309486031532,0.0,0.003921309486031532,100821.5390625,-0.7904019716567555
-0.6244242787361145,-1.486724473181225,0.0,0.0,0.0,101996.8046875,0.8123921581238611
-0.6234163641929626,-1.4843246766499112,0.005881964229047298,0.0,0.005881964229047298,101299.578125,-0.1384657736752742
-0.6233509182929993,-1.4841688530785697,0.001960654743015766,0.0,0.001960654743015766,101431.90625,0.041999592998643136
-0.6222776174545288,-1.4816133748917353,0.003921309486031532,0.0,0.003921309486031532,101909.2421875,0.692976888925534
-0.6222121715545654,-1.481457551320394,0.0,0.0,0.0,101216.15625,-0.25223417521879116
-0.6211388111114502,-1.4789019312177387,0.001960654743015766,0.0,0.001960654743015766,101715.59375,0.42888460862405864
-0.6211315393447876,-1.4788846174875896,0.005870332475751638,0.0,0.005870332475751638,101557.0703125,0.21269481318301142
-0.6200000047683716,-1.476190487543742,0.0,0.0,0.0,102771.0,1.868217901498828
-0.619992733001709,-1.4761731738135928,0.003909677732735872,0.0,0.003909677732735872,101363.421875,-0.051397467118463935
-0.6188539266586304,-1.4734617301395962,0.0019490228733047843,0.0,0.0019490228733047843,102208.5078125,1.101106912293764
-0.6177878975868225,-1.4709235656829107,0.0,0.0,0.0,101992.1953125,0.8061060224326573
-0.6177078485488892,-1.4707329727354503,0.0038980457466095686,0.0,0.0038980457466095686,101646.0078125,0.3339852686214265
-0.6166418194770813,-1.468194808278765,0.0019490228733047843,0.0,0.0019490228733047843,101429.703125,0.03899503322759315
-0.616561770439148,-1.4680042153313047,0.005847068503499031,0.0,0.005847068503499031,101304.421875,-0.13186000396587355
-0.6155757904052734,-1.4656566438220797,0.0,0.0,0.0,101213.3984375,-0.2559952021662402
-0.6154957413673401,-1.4654660508746193,0.0038980457466095686,0.0,0.0038980457466095686,100867.203125,-0.7281266104447442
-0.6144296526908875,-1.462927744502113,0.0019490228733047843,0.0,0.0019490228733047843,100650.890625,-1.0231275003058509
-0.6142786145210266,-1.4625681298119682,0.005828500259667635,0.0,0.005828500259667635,101558.578125,0.21475112536674423
-0.6133636236190796,-1.4603895800454276,0.0,0.0,0.0,102769.3046875,1.8659058821005379
-0.6132125854492188,-1.4600299653552828,0.0038794775027781725,0.0,0.0038794775027781725,101364.0703125,-0.0505131463347861
-0.6121464967727661,-1.4574916589827764,0.0019304546294733882,0.0,0.0019304546294733882,102208.0625,1.10049960765919
-0.6119954586029053,-1.4571320442926317,0.005809932015836239,0.0,0.005809932015836239,101013.40625,-0.5287389098935759
-0.6111515164375305,-1.4551226581845966,0.0,0.0,0.0,101988.921875,0.8016418006451752
-0.6109294295310974,-1.4545938798359463,0.0038609092589467764,0.0,0.0038609092589467764,101646.8125,0.3350826787505689
-0.609934389591217,-1.4522247371219454,0.0019304546294733882,0.0,0.0019304546294733882,101427.671875,0.03622487173655416
-0.6097123026847839,-1.4516959587732952,0.005791363772004843,0.0,0.005791363772004843,101085.5625,-0.43033425015805216
-0.6089394092559814,-1.4498557363237654,0.0,0.0,0.0,101208.515625,-0.26265424421200706
-0.6087173223495483,-1.4493269579751151,0.0038609092589467764,0.0,0.0038609092589467764,100866.421875,-0.7291920571720669
-0.607722282409668,-1.4469578152611142,0.0019304546294733882,0.0,0.0019304546294733882,100647.28125,-1.0280498641860816
-0.6074169874191284,-1.4462309224264962,0.0057657393626868725,0.0,0.0057657393626868725,101558.890625,0.2151773040576733
-0.6067273020744324,-1.4445888144629342,0.0,0.0,0.0,102771.3671875,1.8687186614606697
-0.6064220070838928,-1.4438619216283164,0.003835284849628806,0.0,0.003835284849628806,101364.9453125,-0.049319846000184686
-0.6054269671440125,-1.4414927789143155,0.001904830220155418,0.0,0.001904830220155418,102210.3515625,1.1036213665702455
-0.6051216721534729,-1.4407658860796975,0.005740114953368902,0.0,0.005740114953368902,101017.8359375,-0.5226978269496562
-0.6045151948928833,-1.4393218926021032,0.0,0.0,0.0,101986.6484375,0.7985413506686662
-0.6041266918182373,-1.4383968852815174,0.003809660440310836,0.0,0.003809660440310836,101649.328125,0.33851341721254796
-0.6032148599624634,-1.4362258570534843,0.001904830220155418,0.0,0.001904830220155418,101425.6328125,0.03344405577824193
-0.6028263568878174,-1.4353008497328985,0.005714490544050932,0.0,0.005714490544050932,101314.8828125,-0.11759367228702271
-0.6023030877113342,-1.434054970741272,0.0,0.0,0.0,101201.9296875,-0.27163596012333735
-0.6019145846366882,-1.4331299634206862,0.003809660440310836,0.0,0.003809660440310836,100864.6015625,-0.7316745480467288
-0.6010027527809143,-1.4309589351926533,0.001904830220155418,0.0,0.001904830220155418,100640.9140625,-1.0367332550137616
-0.6005085110664368,-1.429782169205802,0.005668620113283396,0.0,0.005668620113283396,101558.359375,0.21445280028309388
-0.6000909209251404,-1.42878790696462,0.0,0.0,0.0,100417.2109375,-1.341813270915341
-0.5995967388153076,-1.4276112828935896,0.003763789776712656,0.0,0.003763789776712656,101362.1640625,-0.05311283634945347
-0.5986849069595337,-1.4254402546655565,0.00185895967297256,0.0,0.00185895967297256,101165.9609375,-0.320689127449274
-0.5981906652450562,-1.4242634886787051,0.00562274968251586,0.0,0.00562274968251586,101024.46875,-0.5136521842346865
-0.5978788137435913,-1.4235209851037889,0.0,0.0,0.0,101989.1640625,0.8019720891306452
-0.5972788333892822,-1.422092460450672,0.00371791934594512,0.0,0.00371791934594512,100828.2734375,-0.7812178208672339
-0.5964727401733398,-1.4201731908889044,0.00185895967297256,0.0,0.00185895967297256,101426.6171875,0.03478651865466852
-0.5958727598190308,-1.4187446662357877,0.005576878786087036,0.0,0.005576878786087036,101325.875,-0.10260283683359245
-0.5956667065620422,-1.4182540632429577,0.0,0.0,0.0,101203.75,-0.2691534692486755
-0.5950667262077332,-1.416825538589841,0.00371791934594512,0.0,0.00371791934594512,101860.265625,0.6261840335896744
-0.5943006873130798,-1.415001636459714,0.007471673656255007,0.0,0.007471673656255007,101357.609375,-0.05932439076974475
-0.5942606329917908,-1.4149062690280734,0.00185895967297256,0.0,0.00185895967297256,101625.4609375,0.30596401969283976
-0.5935919284820557,-1.4133141154334659,0.005413661245256662,0.0,0.005413661245256662,101369.171875,-0.04355577920536893
-0.5934545397758484,-1.4129869994663058,0.0,0.0,0.0,102749.0390625,1.8382681939937873
-0.5927858948707581,-1.4113949877875192,0.003554701339453459,0.0,0.003554701339453459,101325.5859375,-0.10299705212270185
-0.5920198559761047,-1.4095710856573922,0.007308456115424633,0.0,0.007308456115424633,101331.5625,-0.09484638465868327
-0.5919798016548157,-1.4094757182257516,0.0016957417828962207,0.0,0.0016957417828962207,102179.453125,1.061482948504633
-0.5913110971450806,-1.4078835646311443,0.005250443238765001,0.0,0.005250443238765001,101318.421875,-0.11276719861225093
-0.5912424325942993,-1.4077200776054746,0.0,0.0,0.0,102008.59375,0.8284697492391606
-0.5905050039291382,-1.4059642950693767,0.0033914835657924414,0.0,0.0033914835657924414,101609.859375,0.28468704854820565
-0.5897676348686218,-1.4042086544490997,0.0016957417828962207,0.0,0.0016957417828962207,101439.0078125,0.0516845037500064
-0.5897390246391296,-1.4041405348550706,0.007145238108932972,0.0,0.007145238108932972,101280.8046875,-0.1640684585328385
-0.5890303254127502,-1.4024531557446436,0.0,0.0,0.0,101268.1484375,-0.18132869551546607
-0.5882928967475891,-1.4006973732085455,0.0033914835657924414,0.0,0.0033914835657924414,100869.40625,-0.7251220506736942
-0.5875555276870728,-1.3989417325882685,0.0016957417828962207,0.0,0.0016957417828962207,100698.5625,-0.9581139410046202
-0.5871397256851196,-1.3979517278217135,0.004689136985689402,0.0,0.004689136985689402,101432.6015625,0.04294784058596033
-0.5870621204376221,-1.3977669534229098,0.006601911038160324,0.0,0.006601911038160324,101399.6484375,-0.001992702372510764
-0.5868181586265564,-1.3971860919679915,0.0,0.0,0.0,100527.6875,-1.1911484492046391
-0.5864023566246033,-1.3961960872014365,0.0029933953192085028,0.0,0.0029933953192085028,101195.3359375,-0.28062833050194086
-0.5856649875640869,-1.3944404465811593,0.001297653536312282,0.0,0.001297653536312282,100825.890625,-0.7844674333855681
-0.5852492451667786,-1.3934505837304252,0.004291048739105463,0.0,0.004291048739105463,101347.0234375,-0.07376119392496722
-0.5851715803146362,-1.3932656674158006,0.006203823257237673,0.0,0.006203823257237673,101388.234375,-0.017558879058695277
-0.5846060514450073,-1.3919191701071603,0.0,0.0,0.0,101816.875,0.5670091223541722
-0.5845118761062622,-1.3916949431101482,0.002595307072624564,0.0,0.002595307072624564,100634.578125,-1.0453740279723487
-0.5834528803825378,-1.3891735247203283,0.001297653536312282,0.0,0.001297653536312282,101401.4296875,0.00043651616578497117
-0.5833587050437927,-1.388949297723316,0.0038929604925215244,0.0,0.0038929604925215244,101378.046875,-0.031452304382983166
-0.5832810997962952,-1.3887645233245123,0.005805734544992447,0.0,0.005805734544992447,101340.6171875,-0.08249785708901328
-0.5823939442634583,-1.3866522482463293,0.0,0.0,0.0,101244.9140625,-0.2130150811860429
-0.5822997689247131,-1.386428021249317,0.002595307072624564,0.0,0.002595307072624564,100985.96875,-0.5661573989571488
-0.5814453959465027,-1.3843937998726255,0.004173081833869219,0.0,0.004173081833869219,101303.0,-0.13379911700960084
-0.5813677906990051,-1.3842090254738217,0.006085856352001429,0.0,0.006085856352001429,101265.5625,-0.18485532418290418
-0.5812407732009888,-1.383906602859497,0.001297653536312282,0.0,0.001297653536312282,100829.453125,-0.7796089963089766
-0.5803864598274231,-1.3818725233986264,0.0028754284139722586,0.0,0.0028754284139722586,101541.4921875,0.19144980544019696
-0.5801818370819092,-1.381385326385498,0.0,0.0,0.0,100672.9375,-0.9930605936608045
-0.5795320868492126,-1.379838302021935,0.004453203175216913,0.0,0.004453203175216913,101227.921875,-0.23618854750531143
-0.5794544816017151,-1.3796535276231312,0.006365977693349123,0.0,0.006365977693349123,101190.4921875,-0.28723410021134155
-0.5793274641036987,-1.3793511050088065,0.0015777748776599765,0.0,0.0015777748776599765,101480.875,0.1087817938672294
-0.5784731507301331,-1.377317025547936,0.003155549755319953,0.0,0.003155549755319953,100977.5,-0.5777068414813267
-0.5779697299003601,-1.376118404524667,0.0,0.0,0.0,101909.671875,0.6935628846255615
-0.5776187777519226,-1.3752828041712444,0.004733324516564608,0.0,0.004733324516564608,101152.859375,-0.3385566690664756
-0.5771153569221497,-1.3740841831479755,0.0015777748776599765,0.0,0.0015777748776599765,101413.3046875,0.01663130642108987
-0.5767416954040527,-1.3731945128667922,0.006655172444880009,0.0,0.006655172444880009,101312.8203125,-0.12040645164715462
-0.576261043548584,-1.3720501036871047,0.003155549755319953,0.0,0.003155549755319953,101957.6953125,0.7590558949540872
-0.575757622718811,-1.3708514826638358,0.0,0.0,0.0,101156.1171875,-0.33411375621353995
-0.5753377676010132,-1.36985182762146,0.00489562563598156,0.0,0.00489562563598156,101274.90625,-0.1721125813241248
-0.5749032497406006,-1.3688172612871443,0.0015777748776599765,0.0,0.0015777748776599765,101835.5078125,0.5924200268008184
-0.5744606852531433,-1.367763536317008,0.0068174730986356735,0.0,0.0068174730986356735,101292.5703125,-0.14802283081935877
-0.5739799737930298,-1.3666189852214996,0.0033178506419062614,0.0,0.0033178506419062614,101430.296875,0.039804772740358395
-0.5735454559326172,-1.3655844188871837,0.0,0.0,0.0,102788.6328125,1.892265034134501
-0.5730567574501038,-1.3644208510716758,0.005057926289737225,0.0,0.005057926289737225,101228.4765625,-0.2354320803289123
-0.5726222395896912,-1.36338628473736,0.0017400756478309631,0.0,0.0017400756478309631,102229.15625,1.1292666692969027
-0.5721796751022339,-1.3623325597672236,0.006979773752391338,0.0,0.006979773752391338,101259.8125,-0.19269701209599918
-0.5716990232467651,-1.361188150587536,0.0034801512956619263,0.0,0.0034801512956619263,101669.671875,0.36625764999203086
-0.5713333487510681,-1.3603174970263527,0.0,0.0,0.0,101993.96875,0.8085245865036798
-0.5707757472991943,-1.3589898745218914,0.005220226943492889,0.0,0.005220226943492889,101273.828125,-0.17358289780783012
-0.5704100728034973,-1.358119220960708,0.0017400756478309631,0.0,0.0017400756478309631,101434.484375,0.04551556719880802
-0.5697505474090576,-1.3565489224025182,0.007071914151310921,0.0,0.007071914151310921,101327.9375,-0.09979005747346055
-0.5694868564605713,-1.355921086810884,0.0034801512956619263,0.0,0.0034801512956619263,100875.0,-0.7174934521060637
-0.569121241569519,-1.3550505751655215,0.0,0.0,0.0,101199.296875,-0.2752265155944148
-0.5684829354286194,-1.35353079863957,0.005265737883746624,0.0,0.005265737883746624,101552.4609375,0.20640867749180755
-0.5681979656219482,-1.3528522990998768,0.0017400756478309631,0.0,0.0017400756478309631,100639.8125,-1.0382355348992867
-0.5674577355384827,-1.3510898465201968,0.007117425091564655,0.0,0.007117425091564655,101309.2109375,-0.12532881552738545
-0.5671940445899963,-1.3504620109285628,0.003525662235915661,0.0,0.003525662235915661,101383.140625,-0.02450559172083922
-0.5669090747833252,-1.3497835113888697,0.0,0.0,0.0,100404.625,-1.3589776176925095
-0.5661901235580444,-1.3480717227572487,0.005311248824000359,0.0,0.005311248824000359,101020.6328125,-0.518883527665841
-0.5659051537513733,-1.3473932232175556,0.0017855865880846977,0.0,0.0017855865880846977,102218.078125,1.1141586347034669
-0.5651648640632629,-1.3456306287220547,0.00716293603181839,0.0,0.00716293603181839,101258.1171875,-0.19500903149428941
-0.5649012327194214,-1.3450029350462414,0.0035711731761693954,0.0,0.0035711731761693954,101657.5703125,0.3497538801858024
-0.5646969676017761,-1.3445165895280384,0.0,0.0,0.0,101992.71875,0.8068198717399635
-0.5638972520828247,-1.3426125049591064,0.005356759764254093,0.0,0.005356759764254093,102093.7578125,0.9446140969846071
-0.5636930465698242,-1.3421263013567244,0.0017855865880846977,0.0,0.0017855865880846977,101432.2109375,0.04241511722229899
-0.5628148317337036,-1.3400353136516754,0.0071736606769263744,0.0,0.0071736606769263744,101370.40625,-0.041872373376199076
-0.5626891255378723,-1.3397360131854104,0.0035711731761693954,0.0,0.0035711731761693954,101905.9140625,0.6884380858671393
-0.562484860420227,-1.3392496676672072,0.0,0.0,0.0,101206.8515625,-0.2649236457412044
-0.5616235136985779,-1.3371988421394712,0.0053503671661019325,0.0,0.0053503671661019325,101556.3203125,0.21167198432478165
-0.5614809393882751,-1.3368593794958932,0.0017855865880846977,0.0,0.0017855865880846977,101718.0546875,0.4322407658151251
-0.5605410933494568,-1.33462165083204,0.0071672676131129265,0.0,0.0071672676131129265,101316.84375,-0.11491940100144275
-0.5604153871536255,-1.334322350365775,0.003564780345186591,0.0,0.003564780345186591,101368.46875,-0.04451468125995935
-0.560272753238678,-1.3339827458063762,0.0,0.0,0.0,101530.1875,0.17603279129583763
-0.559349775314331,-1.3317851793198359,0.005343974102288485,0.0,0.005343974102288485,101018.8828125,-0.5212701283350438
-0.5592072010040283,-1.3314457166762579,0.0017791937571018934,0.0,0.0017791937571018934,101180.6015625,-0.3007226557792468
-0.55826735496521,-1.3292079880124048,0.007160875014960766,0.0,0.007160875014960766,101263.2734375,-0.18797708309395966
-0.5581416487693787,-1.3289086875461398,0.003558387514203787,0.0,0.003558387514203787,100831.0234375,-0.7774674483870581
-0.5580606460571289,-1.328715823945545,0.0,0.0,0.0,101988.4609375,0.8010131870760548
-0.5570760369300842,-1.3263715165002006,0.005337581038475037,0.0,0.005337581038475037,100481.4296875,-1.2542335499294157
-0.5569950938224792,-1.3261787948154269,0.0017791937571018934,0.0,0.0017791937571018934,101429.6484375,0.03892045195668056
-0.5559535622596741,-1.323698957761129,0.007126274518668652,0.0,0.007126274518668652,101344.1875,-0.07762876554514858
-0.5559294819831848,-1.3236416237694877,0.003558387514203787,0.0,0.003558387514203787,100870.8359375,-0.7231722831626937
-0.5558485388755798,-1.323448902084714,0.0,0.0,0.0,101207.59375,-0.26391147135024784
-0.5548154711723328,-1.3209892170769828,0.005287922453135252,0.0,0.005287922453135252,101559.0546875,0.21540104787041106
-0.5547829270362854,-1.3209117310387748,0.0017791937571018934,0.0,0.0017791937571018934,100648.7734375,-1.0260148609368953
-0.5536929965019226,-1.3183166583379111,0.00707661546766758,0.0,0.00707661546766758,101323.5,-0.10584179488465344
-0.5536689162254333,-1.31825932434627,0.003508728463202715,0.0,0.003508728463202715,101358.0,-0.05879166740608341
-0.553636372089386,-1.318181838308062,0.0,0.0,0.0,102757.0859375,1.849242295285211
-0.5525549054145813,-1.315606917653765,0.00523826340213418,0.0,0.00523826340213418,101022.0859375,-0.5169017967530207
-0.5525223612785339,-1.315529431615557,0.0017295348225161433,0.0,0.0017295348225161433,102203.2265625,1.0939044924170624
-0.5514324307441711,-1.3129343589146933,0.007026956416666508,0.0,0.007026956416666508,101275.078125,-0.1718781830441138
-0.5514242649078369,-1.312914916447231,0.0,0.0,0.0,101981.2421875,0.7911684593155932
-0.5514083504676819,-1.3128770249230521,0.0034590696450322866,0.0,0.0034590696450322866,101649.359375,0.3385560350816409
-0.5503102540969849,-1.310262509754726,0.0017295348225161433,0.0,0.0017295348225161433,101427.375,0.03582000198017153
-0.5502943396568298,-1.3102246182305473,0.005188604351133108,0.0,0.005188604351133108,101304.0390625,-0.13238207286226167
-0.5492121577262878,-1.3076479945863997,0.0,0.0,0.0,101205.3984375,-0.2669053766540246
-0.5491962432861328,-1.3076101030622211,0.0034590696450322866,0.0,0.0034590696450322866,100873.5234375,-0.7195071464207037
-0.5491415858268738,-1.3074799662544614,0.006935714744031429,0.0,0.006935714744031429,101348.96875,-0.07110823157393371
-0.5480981469154358,-1.3049955878938948,0.0017295348225161433,0.0,0.0017295348225161433,100651.5390625,-1.022243179522173
-0.5480459332466125,-1.304871269634792,0.005158823914825916,0.0,0.005158823914825916,101560.0546875,0.2167648196813841
-0.546999990940094,-1.3023809308097476,0.0,0.0,0.0,100429.5546875,-1.3249792126236424
-0.5469478368759155,-1.3022567544664656,0.003429288975894451,0.0,0.003429288975894451,101366.53125,-0.04715698914371962
-0.5468931794166565,-1.302126617658706,0.00690593384206295,0.0,0.00690593384206295,101318.515625,-0.1126393450049722
-0.5458496809005737,-1.2996420973823184,0.0016997542697936296,0.0,0.0016997542697936296,101173.0234375,-0.3110574890342769
-0.5457975268363953,-1.2995179210390364,0.0051290434785187244,0.0,0.0051290434785187244,101025.0703125,-0.5128317902546481
-0.5447878837585449,-1.2971140089489166,0.0,0.0,0.0,101975.703125,0.7836144420188753
-0.5446993708610535,-1.2969032639548892,0.0033995085395872593,0.0,0.0033995085395872593,100831.5546875,-0.7767429446124786
-0.5446447730064392,-1.2967732690629505,0.006876153405755758,0.0,0.006876153405755758,101263.3828125,-0.1878279205521345
-0.5436375737190247,-1.2943751755214874,0.0016997542697936296,0.0,0.0016997542697936296,101427.5546875,0.03606505472745575
-0.5435490608215332,-1.29416443052746,0.005099262576550245,0.0,0.005099262576550245,102093.5390625,0.9443157719009567
-0.5425757765769958,-1.2918470870880854,0.0,0.0,0.0,101206.203125,-0.2658079665248822
-0.5424872636795044,-1.2916363420940582,0.0033995085395872593,0.0,0.0033995085395872593,101921.8203125,0.7101305812354293
-0.5424020886421204,-1.291433544386001,0.006783885881304741,0.0,0.006783885881304741,101364.59375,-0.0497992970274799
-0.5414254665374756,-1.2891082536606562,0.0016997542697936296,0.0,0.0016997542697936296,101750.1015625,0.47594539056990187
-0.5413193702697754,-1.2888556434994654,0.005122073460370302,0.0,0.005122073460370302,101561.2265625,0.21836298977236815
-0.540363609790802,-1.2865800233114333,0.0,0.0,0.0,101578.3671875,0.24173889096982798
-0.5402575135231018,-1.2863274131502425,0.003422319423407316,0.0,0.003422319423407316,101389.5,-0.015832855360432517
-0.5401723980903625,-1.2861247573580061,0.0068066962994635105,0.0,0.0068066962994635105,101306.2265625,-0.12939882202575811
-0.539195716381073,-1.2837993247168404,0.0017225651536136866,0.0,0.0017225651536136866,101217.7734375,-0.25002870049323317
-0.5390896201133728,-1.2835467145556496,0.005144884344190359,0.0,0.005144884344190359,101028.9140625,-0.5075897923562205
-0.5381515026092529,-1.2813131014506023,0.0,0.0,0.0,101949.140625,0.7473892532899038
-0.538027822971344,-1.2810186261222476,0.003445130307227373,0.0,0.003445130307227373,100857.1796875,-0.7417962919562944
-0.53794264793396,-1.2808158284141904,0.006829507648944855,0.0,0.006829507648944855,101247.8515625,-0.20900900149130958
-0.5369836091995239,-1.2785324028560094,0.0017225651536136866,0.0,0.0017225651536136866,101412.640625,0.015725676702865583
-0.5368598699569702,-1.2782377856118339,0.005167695228010416,0.0,0.005167695228010416,100496.5859375,-1.2335638834193554
-0.5359579920768738,-1.27609045732589,0.006768684834241867,0.0,0.006768684834241867,101341.0625,-0.08189055245443934
-0.5359393954277039,-1.276046179589771,0.0,0.0,0.0,101158.546875,-0.33080021689156636
-0.5358157157897949,-1.2757517042614166,0.003445130307227373,0.0,0.003445130307227373,100876.140625,-0.7159378998841727
-0.5347715020179749,-1.2732654809951782,0.0017225651536136866,0.0,0.0017225651536136866,100622.0625,-1.062442484544058
-0.5344769954681396,-1.2725642749241421,0.005528598092496395,0.0,0.005528598092496395,101550.1484375,0.20325495517893238
-0.5337272882461548,-1.27077925772894,0.0,0.0,0.0,102818.6875,1.9332527697346051
-0.5335751175880432,-1.2704169466381983,0.007129587698727846,0.0,0.007129587698727846,101251.0859375,-0.20459805204019363
-0.5334328413009644,-1.2700781935737246,0.003806033171713352,0.0,0.003806033171713352,101462.8359375,0.08418062893334846
-0.5323886275291443,-1.2675919703074865,0.0020834680180996656,0.0,0.0020834680180996656,102236.4921875,1.1392712140664627
-0.5320941209793091,-1.2668907642364502,0.005889500956982374,0.0,0.005889500956982374,101015.4140625,-0.5260007118043566
-0.5315151810646057,-1.2655123358681089,0.0,0.0,0.0,102020.3359375,0.8444834135508206
-0.5311922430992126,-1.2647434359505063,0.007490490563213825,0.0,0.007490490563213825,101277.09375,-0.16912933048762127
-0.5310499668121338,-1.264404682886033,0.004166936036199331,0.0,0.004166936036199331,101654.2890625,0.34527900393104705
-0.5301765203475952,-1.2623250484466553,0.0020834680180996656,0.0,0.0020834680180996656,101438.1328125,0.05049120341540499
-0.5297112464904785,-1.2612172535487585,0.006250403821468353,0.0,0.006250403821468353,101335.1484375,-0.08995598418027212
-0.5293030738830566,-1.2602454140072779,0.0,0.0,0.0,101221.984375,-0.24428594263296388
-0.5288378000259399,-1.2591376191093808,0.004166936036199331,0.0,0.004166936036199331,100855.9296875,-0.7435010067200106
-0.5279799103736877,-1.2570950246992565,0.007470269221812487,0.0,0.007470269221812487,101361.0078125,-0.05468969750589105
-0.5279643535614014,-1.2570579846700034,0.0020834680180996656,0.0,0.0020834680180996656,100639.7890625,-1.0382674983011062
-0.5274703502655029,-1.2558817863464355,0.005777373909950256,0.0,0.005777373909950256,101558.578125,0.21475112536674423
-0.5270909070968628,-1.2549783502306258,0.0,0.0,0.0,100423.6328125,-1.3330552988167483
-0.5265969038009644,-1.2538021519070581,0.0036939061246812344,0.0,0.0036939061246812344,101235.3828125,-0.22601353125937973
-0.5257390141487122,-1.2517595574969338,0.00699723931029439,0.0,0.00699723931029439,101384.0390625,-0.023280327984418127
-0.5257234573364258,-1.2517225174676805,0.0016104381065815687,0.0,0.0016104381065815687,102162.5078125,1.0383734089890038
-0.5252294540405273,-1.2505463191441129,0.005304343998432159,0.0,0.005304343998432159,101021.546875,-0.5176369549948734
-0.5248787999153137,-1.2497114283697945,0.0,0.0,0.0,102008.5703125,0.8284377858373408
-0.5243560075759888,-1.2484666847047352,0.0032208762131631374,0.0,0.0032208762131631374,101594.25,0.26339942293629826
-0.5235113501548767,-1.2464555956068493,0.0016104381065815687,0.0,0.0016104381065815687,101440.3125,0.053463799784635294
-0.5234981179237366,-1.2464240902946109,0.006524209398776293,0.0,0.006524209398776293,101307.5078125,-0.1276514893929489
-0.5229885578155518,-1.24521085194179,0.0048313140869140625,0.0,0.0048313140869140625,101380.546875,-0.028042874855550553
-0.5226666927337646,-1.2444445065089635,0.0,0.0,0.0,101286.3671875,-0.15648247783430091
-0.5221439003944397,-1.243199762843904,0.0032208762131631374,0.0,0.0032208762131631374,100872.046875,-0.7215208407353435
-0.5216009020805359,-1.2419069097155617,0.006243319716304541,0.0,0.006243319716304541,101424.0078125,0.031227926585410733
-0.5212992429733276,-1.2411886737460183,0.0016104381065815687,0.0,0.0016104381065815687,100718.109375,-0.9314564638870065
-0.5211177468299866,-1.2407565400713967,0.00449173292145133,0.0,0.00449173292145133,101561.109375,0.21820317276326973
-0.5204545259475708,-1.2391774427323115,0.0,0.0,0.0,100564.15625,-1.141413395973216
-0.5202730894088745,-1.2387454509735107,0.0028812948148697615,0.0,0.0028812948148697615,101214.125,-0.25500433670983014
-0.5197300910949707,-1.2374525978451685,0.005903738085180521,0.0,0.005903738085180521,101401.984375,0.0011929833421840817
-0.5194284319877625,-1.236734361875625,0.0012708567082881927,0.0,0.0012708567082881927,100867.1328125,-0.7282225006502032
-0.5192469358444214,-1.2363022282010034,0.0041521512903273106,0.0,0.0041521512903273106,101012.8046875,-0.5295593038736144
-0.5184022784233093,-1.2342911391031175,0.0025417134165763855,0.0,0.0025417134165763855,100665.8203125,-1.0027668133467142
-0.5183424353599548,-1.23414865561894,0.007315743714570999,0.0,0.007315743714570999,101317.8515625,-0.11354497472319648
-0.5182424187660217,-1.2339105208714805,0.0,0.0,0.0,101768.2109375,0.5006424457092419
-0.5178592801094055,-1.232998285974775,0.005564156919717789,0.0,0.005564156919717789,101244.5390625,-0.2135264956151578
-0.5173761248588562,-1.23184791633061,0.0038125698920339346,0.0,0.0038125698920339346,101171.2109375,-0.31352932544166556
-0.5172163248062134,-1.2314674400147938,0.0012708567082881927,0.0,0.0012708567082881927,101396.765625,-0.005924200796331493
-0.5161901712417603,-1.2290242172422863,0.0025417134165763855,0.0,0.0025417134165763855,102314.8828125,1.2461781386860216
-0.5160303115844727,-1.2286435990106492,0.0,0.0,0.0,101216.8984375,-0.2512220008278346
-0.5160130262374878,-1.22860244342259,0.006495284847915173,0.0,0.006495284847915173,101140.78125,-0.35502847547088434
-0.5155298709869385,-1.227452073778425,0.004743698053061962,0.0,0.004743698053061962,101067.46875,-0.45500999636284567
-0.5150042176246643,-1.2262005181539626,0.0012708567082881927,0.0,0.0012708567082881927,102444.90625,1.423500437514337
-0.5143438577651978,-1.2246282327742803,0.0034728413447737694,0.0,0.0034728413447737694,101722.2734375,0.4379941781426676
-0.5141667127609253,-1.224206458954584,0.0074264127761125565,0.0,0.0074264127761125565,101219.890625,-0.2471413398621887
-0.5138182044029236,-1.223376677149818,0.0,0.0,0.0,102763.671875,1.8582240111965411
-0.513683557510376,-1.223056089310419,0.005674825981259346,0.0,0.005674825981259346,100963.7109375,-0.5965119762185722
-0.5131579041481018,-1.2218045336859567,0.0022019846364855766,0.0,0.0022019846364855766,102233.0703125,1.1346045574007892
-0.51249760389328,-1.2202323902220953,0.004403969272971153,0.0,0.004403969272971153,101702.46875,0.4109851036050374
-0.5118372440338135,-1.218660104842413,0.00660595390945673,0.0,0.00660595390945673,101265.4609375,-0.18499383225745614
-0.5116060972213745,-1.218109755288987,0.0,0.0,0.0,101949.1640625,0.7474212166917235
-0.510945737361908,-1.2165374699093048,0.0022019846364855766,0.0,0.0022019846364855766,101418.5625,0.02380176289597158
-0.5102854371070862,-1.2149653264454434,0.004403969272971153,0.0,0.004403969272971153,101865.84375,0.6337913232227586
-0.5093939900398254,-1.2128428334281558,0.0,0.0,0.0,101134.65625,-0.36338157781309427
-0.5092409253120422,-1.2124783936001007,0.006570694502443075,0.0,0.006570694502443075,101333.5625,-0.09211884103673718
-0.5087336301803589,-1.2112705480484736,0.0022019846364855766,0.0,0.0022019846364855766,101676.25,0.3752287114360879
-0.5076891183853149,-1.2087836152031308,0.0043687098659574986,0.0,0.0043687098659574986,101351.5078125,-0.06764552971013497
-0.5071818232536316,-1.207575769651504,0.0,0.0,0.0,102855.8671875,1.983957379487892
-0.5066445469856262,-1.2062965404419672,0.0065354350954294205,0.0,0.0065354350954294205,101286.796875,-0.15589648213427346
-0.5061373114585876,-1.2050888368061612,0.002166725229471922,0.0,0.002166725229471922,102257.3203125,1.1676760238168857
-0.5050927400588989,-1.2026017620449976,0.004333450458943844,0.0,0.004333450458943844,101658.7578125,0.35137335921133284
-0.5049697160720825,-1.2023088477906727,0.0,0.0,0.0,102052.0078125,0.8876766238764825
-0.5040481686592102,-1.200114687283834,0.006500175688415766,0.0,0.006500175688415766,101060.1953125,-0.4649293053942199
-0.5039251446723938,-1.199821773029509,0.002166725229471922,0.0,0.002166725229471922,101453.453125,0.07138461373820296
-0.5028806328773499,-1.1973348401841664,0.004333450458943844,0.0,0.004333450458943844,100854.8984375,-0.7449073964000766
-0.5027576088905334,-1.1970419259298415,0.0,0.0,0.0,101248.1484375,-0.20860413173492695
-0.5017408728599548,-1.1946211258570354,0.006444557104259729,0.0,0.006444557104259729,101551.2265625,0.2047252716626377
-0.5017130374908447,-1.1945548511686779,0.002166725229471922,0.0,0.002166725229471922,100649.5859375,-1.0249067963404797
-0.5005733370780945,-1.1918412787573678,0.0042778318747878075,0.0,0.0042778318747878075,101344.3203125,-0.07744763960150372
-0.5005454421043396,-1.1917748621531896,0.0,0.0,0.0,100444.2734375,-1.3049061962808828
-0.49943360686302185,-1.1891276353881473,0.00638893898576498,0.0,0.00638893898576498,101006.96875,-0.5375181909267148
-0.49940574169158936,-1.1890612897418795,0.002111106878146529,0.0,0.002111106878146529,101137.3984375,-0.3596418598001916
-0.4983333349227905,-1.1865079402923584,0.0,0.0,0.0,101997.421875,0.8132338610384461
-0.4982660412788391,-1.1863477173305694,0.004222213756293058,0.0,0.004222213756293058,100800.0546875,-0.8197017566581295
-0.4971936345100403,-1.1837943678810483,0.002111106878146529,0.0,0.002111106878146529,101432.96875,0.043448600547801995
-0.4971263110637665,-1.183634073961349,0.006333320401608944,0.0,0.006333320401608944,101311.09375,-0.12276108891453777
-0.49612122774124146,-1.1812410184315274,0.0,0.0,0.0,101229.671875,-0.2338019468361086
-0.49605393409729004,-1.1810807954697382,0.004222213756293058,0.0,0.004222213756293058,100868.5234375,-0.7263260054755689
-0.4949815273284912,-1.1785274460202173,0.002111106878146529,0.0,0.002111106878146529,100665.2265625,-1.0035765528594796
-0.494858056306839,-1.1782334673972357,0.006303395610302687,0.0,0.006303395610302687,101335.40625,-0.08960438676025563
-0.49390909075737,-1.1759740256127857,0.0,0.0,0.0,100461.9140625,-1.2808484091779364
-0.49378564953804016,-1.1756801179477148,0.004192288964986801,0.0,0.004192288964986801,101355.15625,-0.062669893493538
-0.49271324276924133,-1.1731267684981936,0.002081182086840272,0.0,0.002081182086840272,101152.6640625,-0.3388230307483062
-0.4925897717475891,-1.1728327898752122,0.0062734708189964294,0.0,0.0062734708189964294,101281.2109375,-0.1635144262346307
-0.4916969835758209,-1.1707071037519545,0.0,0.0,0.0,101993.8046875,0.808300842690942
-0.4915173649787903,-1.170279440425691,0.004162364173680544,0.0,0.004162364173680544,100801.765625,-0.8173684283252928
-0.4905011057853699,-1.1678597756794522,0.002081182086840272,0.0,0.002081182086840272,101433.0625,0.04357645415508072
-0.49032148718833923,-1.1674321123531888,0.006243546027690172,0.0,0.006243546027690172,101227.0078125,-0.23743512017627896
-0.48948487639427185,-1.1654401818911235,0.0,0.0,0.0,101233.4765625,-0.2286132212740471
-0.4893052279949188,-1.1650124476069497,0.004162364173680544,0.0,0.004162364173680544,101916.015625,0.7022143120514217
-0.4882889986038208,-1.162592853818621,0.002081182086840272,0.0,0.002081182086840272,101709.4296875,0.42047823394548256
-0.4881003499031067,-1.1621436902454922,0.006208133418112993,0.0,0.006208133418112993,101336.8125,-0.08768658265107478
-0.4872727394104004,-1.1601731890723819,0.0,0.0,0.0,102738.1875,1.823469138951275
-0.4870840907096863,-1.1597240254992531,0.004126951564103365,0.0,0.004126951564103365,101355.296875,-0.06247811308261992
-0.48606786131858826,-1.1573044317109245,0.002045769477263093,0.0,0.002045769477263093,102182.7890625,1.066032406030301
-0.48587924242019653,-1.1568553390957061,0.006172720808535814,0.0,0.006172720808535814,101281.4375,-0.1632054466837071
-0.4850606322288513,-1.1549062672115509,0.0,0.0,0.0,101987.4140625,0.7995854884614424
-0.4848629832267761,-1.154435674349467,0.004091538954526186,0.0,0.004091538954526186,101627.3828125,0.3085850186420536
-0.4838557243347168,-1.1520374388921828,0.002045769477263093,0.0,0.002045769477263093,101432.0078125,0.042138101073195086
-0.483658105134964,-1.1515669169880096,0.006137308198958635,0.0,0.006137308198958635,101226.0625,-0.23872431071633943
-0.48284849524497986,-1.1496392743928092,0.0,0.0,0.0,101236.6328125,-0.22430881649566342
-0.48265087604522705,-1.1491687524886358,0.004091538954526186,0.0,0.004091538954526186,100876.6015625,-0.7153092863150522
-0.4816436171531677,-1.1467705170313518,0.002045769477263093,0.0,0.002045769477263093,100681.2265625,-0.9817562038839107
-0.4814784824848175,-1.1463773392495655,0.006095709279179573,0.0,0.006095709279179573,101339.953125,-0.08340348680723757
-0.4806363582611084,-1.1443722815740676,0.0,0.0,0.0,100485.8515625,-1.2482031214527693
-0.4804712235927582,-1.1439791037922815,0.004049940034747124,0.0,0.004049940034747124,101355.109375,-0.06273382029717736
-0.47946399450302124,-1.1415809392929077,0.0020041705574840307,0.0,0.0020041705574840307,101145.1015625,-0.3491365550687899
-0.479298859834671,-1.1411877615111214,0.006054110359400511,0.0,0.006054110359400511,101283.71875,-0.16009434223992486
-0.4784242510795593,-1.1391053597132366,0.0,0.0,0.0,101979.234375,0.7884302612263738
-0.4782916307449341,-1.1387895970117479,0.0040083411149680614,0.0,0.0040083411149680614,100788.5859375,-0.8353425146152266
-0.4772518575191498,-1.1363139464741663,0.0020041705574840307,0.0,0.0020041705574840307,101429.1015625,0.03817463924755468
-0.47711923718452454,-1.1359981837726776,0.0060125114396214485,0.0,0.0060125114396214485,101227.46875,-0.23680650660715857
-0.47621214389801025,-1.1338384378524053,0.0,0.0,0.0,101232.34375,-0.23015811902866498
-0.4760794937610626,-1.1335226041930062,0.0040083411149680614,0.0,0.0040083411149680614,100878.953125,-0.712102291665811
-0.4750397503376007,-1.131047024613335,0.0020041705574840307,0.0,0.0020041705574840307,100682.203125,-0.9804243954747573
-0.4749451279640198,-1.1308217332476662,0.00599183002486825,0.0,0.00599183002486825,101565.9921875,0.22486221480903656
-0.4740000069141388,-1.128571445033664,0.0,0.0,0.0,102726.9453125,1.8081373605451014
-0.4739053547382355,-1.1283460827100844,0.0039876592345535755,0.0,0.0039876592345535755,101361.6015625,-0.0538799579931258
-0.47286564111709595,-1.1258705740883237,0.0019834889099001884,0.0,0.0019834889099001884,102177.921875,1.0593946729190806
-0.4727709889411926,-1.1256452117647444,0.005971148144453764,0.0,0.005971148144453764,100998.9921875,-0.5483964020126795
-0.4717878997325897,-1.1233045231728327,0.0,0.0,0.0,101977.09375,0.7855109371935096
-0.4717312455177307,-1.1231696321850733,0.003966977819800377,0.0,0.003966977819800377,101628.8828125,0.31063067635851316
-0.4706535041332245,-1.1206035812695823,0.0019834889099001884,0.0,0.0019834889099001884,101428.0625,0.0367575951002155
-0.4705968499183655,-1.1204686902818226,0.005950466729700565,0.0,0.005950466729700565,101386.46875,-0.019966788662444557
-0.46957576274871826,-1.118037530354091,0.0,0.0,0.0,101227.2265625,-0.2371367950926286
-0.46951913833618164,-1.117902710324242,0.003966977819800377,0.0,0.003966977819800377,100879.0234375,-0.7120064014603519
-0.4684413969516754,-1.115336659408751,0.0019834889099001884,0.0,0.0019834889099001884,100678.1953125,-0.9858901371859228
-0.4684084951877594,-1.1152583218756176,0.005945481825619936,0.0,0.005945481825619936,101330.46875,-0.09633801007693503
-0.4673636257648468,-1.1127705375353496,0.0,0.0,0.0,100477.3515625,-1.2597951818460402
-0.4673307538032532,-1.1126922709601266,0.0039619929157197475,0.0,0.0039619929157197475,101365.9765625,-0.04791345632011874
-0.46625301241874695,-1.1101262200446356,0.001978504005819559,0.0,0.001978504005819559,102183.609375,1.0671511250939898
-0.4662201404571533,-1.1100479534694128,0.005940496921539307,0.0,0.005940496921539307,101274.453125,-0.17273054042597197
-0.46515151858329773,-1.1075036156745184,0.0,0.0,0.0,101978.96875,0.7880680093390842
-0.4651423990726471,-1.1074819025539218,0.003957008011639118,0.0,0.003957008011639118,101632.6640625,0.315787438518755
-0.4640408754348755,-1.1048592272258941,0.001978504005819559,0.0,0.001978504005819559,101428.0234375,0.03670432276384936
-0.46403175592422485,-1.1048375141052973,0.00593551155179739,0.0,0.00593551155179739,101218.421875,-0.24914437970955533
-0.46293941140174866,-1.1022366938136874,0.0,0.0,0.0,101223.390625,-0.24236813852378303
-0.46293026208877563,-1.10221490973518,0.003957008011639118,0.0,0.003957008011639118,100877.09375,-0.714638054876839
-0.4618287682533264,-1.099592305365063,0.001978504005819559,0.0,0.001978504005819559,100672.453125,-0.9937211706317446
-0.46182164549827576,-1.0995753464244662,0.005932064726948738,0.0,0.005932064726948738,101330.015625,-0.09695596917878219
-0.4607272744178772,-1.0969697009949457,0.0,0.0,0.0,100467.8125,-1.2728042863866502
-0.46072015166282654,-1.096952742054349,0.003953560721129179,0.0,0.003953560721129179,101366.0703125,-0.04778560271284001
-0.4596186578273773,-1.0943301376842318,0.00197505671530962,0.0,0.00197505671530962,102189.4296875,1.0750887032125438
-0.45961153507232666,-1.0943131787436349,0.005928617436438799,0.0,0.005928617436438799,101274.671875,-0.17243221534232162
-0.4585151672363281,-1.0917027791341147,0.0,0.0,0.0,101982.8671875,0.7933845885084243
-0.45851004123687744,-1.0916905743735177,0.00395011343061924,0.0,0.00395011343061924,101635.3984375,0.3195165020643844
-0.45740655064582825,-1.0890632158234006,0.00197505671530962,0.0,0.00197505671530962,101428.8359375,0.03781238736026497
-0.45740142464637756,-1.0890510110628038,0.00592517014592886,0.0,0.00592517014592886,101300.65625,-0.13699545719156891
-0.45630306005477905,-1.0864358572732835,0.0,0.0,0.0,101222.265625,-0.2439023818111277
-0.4551944136619568,-1.0837962230046592,0.00197505671530962,0.0,0.00197505671530962,101724.1796875,0.440593868157335
-0.4551771581172943,-1.0837551383745103,0.005914430599659681,0.0,0.005914430599659681,101331.875,-0.09442020596775419
-0.4540909230709076,-1.0811688644545419,0.0,0.0,0.0,102749.5703125,1.8389926977683666
-0.45407363772392273,-1.0811277088664828,0.003939373884350061,0.0,0.003939373884350061,101364.484375,-0.049948459569305076
-0.45297014713287354,-1.0785003503163657,0.0019643171690404415,0.0,0.0019643171690404415,102194.09375,1.0814494201746603
-0.45295289158821106,-1.0784592656862169,0.005903691053390503,0.0,0.005903691053390503,101276.984375,-0.16927849302944645
-0.45187878608703613,-1.0759018716358004,0.0,0.0,0.0,101983.078125,0.7936722591248014
-0.45184940099716187,-1.0758319071360998,0.003928634338080883,0.0,0.003928634338080883,101638.6171875,0.3239061425809539
-0.4507580101490021,-1.073233357497624,0.0019643171690404415,0.0,0.0019643171690404415,101427.6015625,0.03612898153109511
-0.4507286250591278,-1.0731633929979234,0.0058929515071213245,0.0,0.0058929515071213245,101303.234375,-0.13347948299140402
-0.44966667890548706,-1.0706349497749692,0.0,0.0,0.0,101216.59375,-0.25163752505149045
-0.4496372640132904,-1.0705649143173581,0.003928634338080883,0.0,0.003928634338080883,100872.125,-0.7214142960626112
-0.448545902967453,-1.0679664356367928,0.0019643171690404415,0.0,0.0019643171690404415,100661.109375,-1.00919145711247
-0.44847655296325684,-1.067801316579183,0.005883583799004555,0.0,0.005883583799004555,101330.7109375,-0.09600772159146499
-0.4474545419216156,-1.0653679569562278,0.0,0.0,0.0,100450.09375,-1.2969686181623288
-0.44738519191741943,-1.0652028378986178,0.003919266629964113,0.0,0.003919266629964113,101365.3359375,-0.04878712263652334
-0.44629383087158203,-1.0626043592180525,0.0019549494609236717,0.0,0.0019549494609236717,101170.1171875,-0.3150209508599173
-0.44622448086738586,-1.0624392401604426,0.005874216090887785,0.0,0.005874216090887785,101275.4296875,-0.1713987320168186
-0.44524243474006653,-1.0601010350953965,0.0,0.0,0.0,101987.515625,0.7997239965359944
-0.44513311982154846,-1.0598407614798773,0.0039098989218473434,0.0,0.0039098989218473434,100812.8828125,-0.8022071213954909
-0.44408172369003296,-1.0573374373572213,0.0019549494609236717,0.0,0.0019549494609236717,101428.9609375,0.037982858836636595
-0.4439724087715149,-1.0570771637417022,0.005864847917109728,0.0,0.005864847917109728,101220.1484375,-0.2467897424421722
-0.44303032755851746,-1.0548341132345653,0.0,0.0,0.0,101216.3125,-0.2520210858733266
-0.4429210126399994,-1.0545738396190463,0.0039098989218473434,0.0,0.0039098989218473434,100870.390625,-0.7237795877972676
-0.4418695867061615,-1.0520704445384799,0.0019549494609236717,0.0,0.0019549494609236717,100657.75,-1.0137728780399575
-0.44171565771102905,-1.0517039469310216,0.00584883987903595,0.0,0.00584883987903595,101560.71875,0.2176704493996084
-0.440818190574646,-1.049567120415824,0.0,0.0,0.0,100445.09375,-1.303787477217194
-0.44066426157951355,-1.0492006228083657,0.003893890418112278,0.0,0.003893890418112278,101364.7109375,-0.0496394800183815
-0.43961283564567566,-1.0466972277277993,0.0019389409571886063,0.0,0.0019389409571886063,102201.0234375,1.0908999326460125
-0.4394589066505432,-1.046330730120341,0.005832831375300884,0.0,0.005832831375300884,101010.28125,-0.5330006968028667
-0.43860605359077454,-1.0443001275970822,0.0,0.0,0.0,101986.1953125,0.797923391566819
-0.4384075105190277,-1.043827405997685,0.0038778819143772125,0.0,0.0038778819143772125,101642.7109375,0.3294890834321248
-0.4374006986618042,-1.0414302349090576,0.0019389409571886063,0.0,0.0019389409571886063,101427.8828125,0.03651254235293128
-0.4372021555900574,-1.0409575133096605,0.005816822871565819,0.0,0.005816822871565819,102108.125,0.9642076623000714
-0.43639394640922546,-1.0390332057362512,0.0,0.0,0.0,101213.0625,-0.256453344258989
-0.43619537353515625,-1.0385604131789434,0.0038778819143772125,0.0,0.0038778819143772125,101912.21875,0.6970362409566334
-0.4351885914802551,-1.0361633130482266,0.0019389409571886063,0.0,0.0019389409571886063,101716.296875,0.429843510678649
-0.4349362850189209,-1.035562583378383,0.005794498138129711,0.0,0.005794498138129711,101332.21875,-0.09395140940773221
-0.434181809425354,-1.0337662129175096,0.0,0.0,0.0,102761.3671875,1.8550809433509392
-0.4339294731616974,-1.0331654122897558,0.0038555574137717485,0.0,0.0038555574137717485,101364.921875,-0.04935180940200437
-0.43292272090911865,-1.0307683831169492,0.0019166164565831423,0.0,0.0019166164565831423,102203.1640625,1.0938192566788767
-0.43267038464546204,-1.0301675824891954,0.005772173870354891,0.0,0.005772173870354891,101013.53125,-0.5285684384172042
-0.43196970224380493,-1.0284992910566784,0.0,0.0,0.0,101984.5703125,0.7957072623739878
-0.4316636025905609,-1.0277704823584783,0.0038332329131662846,0.0,0.0038332329131662846,101644.953125,0.3325469155395409
-0.4307106137275696,-1.0255014612561182,0.0019166164565831423,0.0,0.0019166164565831423,101426.359375,0.034434921234652034
-0.4304044842720032,-1.0247725816000075,0.005749849136918783,0.0,0.005749849136918783,101086.7265625,-0.4287467345343413
-0.42975759506225586,-1.0232323691958474,0.0,0.0,0.0,101207.7578125,-0.2636877275375101
-0.42945149540901184,-1.0225035604976473,0.0038332329131662846,0.0,0.0038332329131662846,100868.1484375,-0.7268374199046838
-0.4284984767436981,-1.0202344684373765,0.0019166164565831423,0.0,0.0019166164565831423,100649.5546875,-1.0249494142095725
-0.42811980843544006,-1.0193328772272383,0.00571983540430665,0.0,0.00571983540430665,101560.2421875,0.21702052689594156
-0.4275454580783844,-1.0179653763771057,0.0,0.0,0.0,102765.625,1.8608876280148479
-0.42716678977012634,-1.0170637851669675,0.003803218947723508,0.0,0.003803218947723508,101365.2265625,-0.04893628517834852
-0.4262137711048126,-1.0147946931066967,0.0018866023747250438,0.0,0.0018866023747250438,102206.7734375,1.0987416205591076
-0.42583513259887695,-1.013893172854469,0.00568982120603323,0.0,0.00568982120603323,101018.625,-0.5216217257550603
-0.42533332109451294,-1.0126983835583643,0.0,0.0,0.0,101983.7265625,0.7945565799084793
-0.42488211393356323,-1.0116240807941983,0.0037732047494500875,0.0,0.0037732047494500875,101647.9140625,0.3365849586360939
-0.42400163412094116,-1.0095277002879552,0.0018866023747250438,0.0,0.0018866023747250438,101424.8671875,0.032399917985465695
-0.42355042695999146,-1.0084533975237893,0.0056598070077598095,0.0,0.0056598070077598095,101317.375,-0.11419489722686332
-0.42312121391296387,-1.007431461697533,0.0,0.0,0.0,101201.828125,-0.2717744681978893
-0.4226699769496918,-1.0063570879754566,0.0037732047494500875,0.0,0.0037732047494500875,100866.015625,-0.7297460894702748
-0.4217895269393921,-1.004260778427124,0.0018866023747250438,0.0,0.0018866023747250438,100642.96875,-1.0339311301209029
-0.4212435483932495,-1.002960829507737,0.0056025306694209576,0.0,0.0056025306694209576,101339.15625,-0.0844902424691067
-0.4209090769290924,-1.0021644688787914,0.0,0.0,0.0,100419.921875,-1.3381161707715312
-0.42036309838294983,-1.0008645199594044,0.0037159284111112356,0.0,0.0037159284111112356,101360.6171875,-0.0552224208695524
-0.41984105110168457,-0.9996215502421062,0.007473311852663755,0.0,0.007473311852663755,101317.7421875,-0.11369413726502166
-0.41948264837265015,-0.9987682104110718,0.0018293260363861918,0.0,0.0018293260363861918,101161.8515625,-0.32629337723499136
-0.41893666982650757,-0.9974682614916848,0.005545254331082106,0.0,0.005545254331082106,101285.0,-0.15834700960711565
-0.41869696974754333,-0.9968975470179604,0.0,0.0,0.0,101984.125,0.7950999577394139
-0.4180562198162079,-0.9953719519433522,0.0036586520727723837,0.0,0.0036586520727723837,100827.6015625,-0.7821341050527314
-0.4175341725349426,-0.994128982226054,0.0074160355143249035,0.0,0.0074160355143249035,101294.625,-0.14522070592650008
-0.4172705411911011,-0.9935012885502407,0.0018293260363861918,0.0,0.0018293260363861918,101424.6875,0.03215486523818147
-0.41662976145744324,-0.991975622517722,0.005487977992743254,0.0,0.005487977992743254,101417.7890625,0.022746970635922115
-0.41648486256599426,-0.9916306251571292,0.0,0.0,0.0,101200.2265625,-0.2739586339889008
-0.4158440828323364,-0.9901049591246106,0.0036586520727723837,0.0,0.0036586520727723837,101859.1640625,0.6246817537041495
-0.4150584042072296,-0.9882342957314991,0.0018293260363861918,0.0,0.0018293260363861918,101627.65625,0.30895792499661656
-0.4150382876396179,-0.9881863991419475,0.007347029633820057,0.0,0.007347029633820057,101380.9453125,-0.02749949702461598
-0.4143456518650055,-0.9865372663452512,0.005330806132405996,0.0,0.005330806132405996,101367.0703125,-0.04642183090186697
-0.4142727255821228,-0.9863636323383876,0.0,0.0,0.0,102746.5078125,1.8348161465972617
-0.4135599732398987,-0.9846666029521397,0.0035014802124351263,0.0,0.0035014802124351263,101328.6484375,-0.0988205009515969
-0.41277429461479187,-0.9827959395590283,0.0016721541760489345,0.0,0.0016721541760489345,102179.3203125,1.0613018225609883
-0.4127541780471802,-0.9827480429694766,0.0071898577734827995,0.0,0.0071898577734827995,101330.21875,-0.0966789530296783
-0.41206061840057373,-0.9810967104775565,0.0,0.0,0.0,102003.1796875,0.8210862034188143
-0.41127586364746094,-0.9792282467796689,0.003344308352097869,0.0,0.003344308352097869,101612.1171875,0.2877661895901682
-0.4105621874332428,-0.9775290176981972,0.0016721541760489345,0.0,0.0016721541760489345,101435.984375,0.04756122491526758
-0.41047006845474243,-0.9773096867970058,0.007032685913145542,0.0,0.007032685913145542,101279.4921875,-0.1658584090347406
-0.40984851121902466,-0.9758297886167254,0.0,0.0,0.0,101259.84375,-0.19265439422690628
-0.40977743268013,-0.9756605540003096,0.0050164624117314816,0.0,0.0050164624117314816,101265.6171875,-0.1847807429119916
-0.40906375646591187,-0.9739613249188378,0.003344308352097869,0.0,0.003344308352097869,100868.7890625,-0.7259637535882791
-0.4083500802516937,-0.972262095837366,0.0016721541760489345,0.0,0.0016721541760489345,100692.6484375,-0.966179372730453
-0.40787261724472046,-0.9711252791540964,0.004606558941304684,0.0,0.004606558941304684,101437.4609375,0.04957491922990747
-0.407810777425766,-0.9709780414899191,0.006520845927298069,0.0,0.006520845927298069,101400.7421875,-0.0005010769542589967
-0.4076363742351532,-0.9705627957979839,0.0,0.0,0.0,100516.5078125,-1.2063949918726269
-0.4071589410305023,-0.9694260500726246,0.002934404881671071,0.0,0.002934404881671071,101191.0234375,-0.2865095964367621
-0.4064452648162842,-0.9677268209911528,0.0012622505892068148,0.0,0.0012622505892068148,100817.40625,-0.7960381848442926
-0.4059678018093109,-0.9665900043078831,0.004196655470877886,0.0,0.004196655470877886,101356.7109375,-0.06054965450616585
-0.40590596199035645,-0.9664427666437059,0.006110942456871271,0.0,0.006110942456871271,101391.7109375,-0.012817641122109301
-0.4054242670536041,-0.9652958739371528,0.0,0.0,0.0,101798.5078125,0.5419604697948158
-0.4052541255950928,-0.9648907752264114,0.0025245011784136295,0.0,0.0025245011784136295,100642.59375,-1.0344425445500178
-0.4042331278324127,-0.9624598281724113,0.0012622505892068148,0.0,0.0012622505892068148,101388.2578125,-0.017526915656875596
-0.404062956571579,-0.9620546585037595,0.0037867517676204443,0.0,0.0037867517676204443,101411.3828125,0.014010307471876052
-0.4040011465549469,-0.9619074917974927,0.005701038520783186,0.0,0.005701038520783186,101358.34375,-0.05832287084606143
-0.40321213006973267,-0.9600288811184111,0.0,0.0,0.0,101214.0234375,-0.2551428447843821
-0.4030419886112213,-0.9596237824076699,0.0025245011784136295,0.0,0.0025245011784136295,100978.0,-0.5770249555758402
-0.40204980969429016,-0.9572614516530719,0.003987062256783247,0.0,0.003987062256783247,101338.4140625,-0.08550241686006327
-0.40202099084854126,-0.9571928353536697,0.0012622505892068148,0.0,0.0012622505892068148,100803.78125,-0.8146195757688003
-0.4019879698753357,-0.9571142139888945,0.005901349242776632,0.0,0.005901349242776632,101285.3671875,-0.15784624964527397
-0.4010288119316101,-0.9548305045990717,0.0027248116675764322,0.0,0.0027248116675764322,101509.78125,0.14820332277816894
-0.4009999930858612,-0.9547618882996696,0.0,0.0,0.0,100629.53125,-1.0522568138308532
-0.40003663301467896,-0.9524681738444737,0.004187372978776693,0.0,0.004187372978776693,101265.4296875,-0.18503645012654904
-0.40000781416893005,-0.9523995575450716,0.0014625610783696175,0.0,0.0014625610783696175,101424.546875,0.03196308482726339
-0.3999747931957245,-0.9523209361802965,0.006101659499108791,0.0,0.006101659499108791,101212.3984375,-0.2573589739772133
-0.3990156352519989,-0.9500372267904736,0.002925122156739235,0.0,0.002925122156739235,100973.15625,-0.5836307252852408
-0.39878788590431213,-0.9494949664388385,0.0,0.0,0.0,101914.8125,0.7005735240913448
-0.39802345633506775,-0.9476748960358756,0.004387683235108852,0.0,0.004387683235108852,101192.4453125,-0.2845704833930348
-0.397795706987381,-0.9471326356842404,0.0014625610783696175,0.0,0.0014625610783696175,101422.8515625,0.029651065428973153
-0.39729127287864685,-0.9459316020920163,0.006357252597808838,0.0,0.006357252597808838,101312.96875,-0.1202040167689633
-0.39680352807044983,-0.9447703049296425,0.002925122156739235,0.0,0.002925122156739235,102003.9453125,0.8221303412115906
-0.39657577872276306,-0.9442280445780074,0.0,0.0,0.0,101179.2265625,-0.30259784201933476
-0.39586085081100464,-0.9425258352642968,0.0046061682514846325,0.0,0.0046061682514846325,101247.4921875,-0.209499106985878
-0.3955835998058319,-0.9418657138234093,0.0014625610783696175,0.0,0.0014625610783696175,101907.7265625,0.690909922274528
-0.39512863755226135,-0.940782470362527,0.006575737614184618,0.0,0.006575737614184618,101279.640625,-0.16565597415654928
-0.39464089274406433,-0.9396211732001533,0.003143607173115015,0.0,0.003143607173115015,101464.828125,0.08689751808802133
-0.3943636417388916,-0.9389610517592658,0.0,0.0,0.0,102757.2421875,1.8494553846306754
-0.39369821548461914,-0.9373767035348075,0.004824653267860413,0.0,0.004824653267860413,101204.21875,-0.26851420121228187
-0.3934209644794464,-0.9367165820939201,0.0016810460947453976,0.0,0.0016810460947453976,102212.125,1.106039930641268
-0.39296600222587585,-0.9356333386330378,0.006794222630560398,0.0,0.006794222630560398,101255.8984375,-0.19803490019988587
-0.3924782872200012,-0.9344721124285744,0.003362092189490795,0.0,0.003362092189490795,101667.0,0.36261382218458726
-0.39215153455734253,-0.9336941298984346,0.0,0.0,0.0,101974.53125,0.7820162719278912
-0.39153558015823364,-0.9322275718053182,0.005043138284236193,0.0,0.005043138284236193,101375.6640625,-0.03470191690131737
-0.39120882749557495,-0.9314495892751785,0.0016810460947453976,0.0,0.0016810460947453976,101429.40625,0.038590163471210526
-0.3906039297580719,-0.9300093565668379,0.006882879417389631,0.0,0.006882879417389631,101365.75,-0.048222435871042316
-0.39026615023612976,-0.9292051196098328,0.003362092189490795,0.0,0.003362092189490795,100884.28125,-0.7048359449854702
-0.38993939757347107,-0.928427137079693,0.0,0.0,0.0,101191.8046875,-0.28544414970943943
-0.3892776370048523,-0.9268515166782197,0.0050560710951685905,0.0,0.0050560710951685905,101326.4296875,-0.10184636965719335
-0.3889966905117035,-0.926182596456437,0.0016810460947453976,0.0,0.0016810460947453976,100646.671875,-1.0288809126333933
-0.38834595680236816,-0.924633230481829,0.006895812228322029,0.0,0.006895812228322029,101316.5078125,-0.11537754309419151
-0.3880082070827484,-0.9238290644827344,0.003375025000423193,0.0,0.003375025000423193,101378.6328125,-0.030653219337491145
-0.3877272605895996,-0.9231601442609515,0.0,0.0,0.0,100409.078125,-1.35290457134677
-0.38701969385147095,-0.9214754615511214,0.005069003906100988,0.0,0.005069003906100988,101277.1640625,-0.16903344028216222
-0.38673874735832214,-0.9208065413293385,0.0016939787892624736,0.0,0.0016939787892624736,101199.0390625,-0.2755781130144313
-0.3860880434513092,-0.9192572463126409,0.006908745039254427,0.0,0.006908745039254427,101267.1328125,-0.18271377626098556
-0.38575026392936707,-0.9184530093556359,0.003387957578524947,0.0,0.003387957578524947,100844.9296875,-0.7585024966407141
-0.38551515340805054,-0.9178932224001204,0.0,0.0,0.0,101983.1796875,0.7938107671993534
-0.3847617506980896,-0.9160994064240229,0.005081936251372099,0.0,0.005081936251372099,101289.2265625,-0.15258294281229987
-0.38452664017677307,-0.9155396194685074,0.0016939787892624736,0.0,0.0016939787892624736,101430.1875,0.03965561019853322
-0.3837214708328247,-0.9136225496019637,0.0068755741231143475,0.0,0.0068755741231143475,101338.515625,-0.08536390878551131
-0.383538156747818,-0.9131860874948048,0.003387957578524947,0.0,0.003387957578524947,101899.6171875,0.6798505852449185
-0.38330304622650146,-0.9126263005392893,0.0,0.0,0.0,101205.875,-0.2662554541503578
-0.3825121521949768,-0.9107432195118496,0.005063652992248535,0.0,0.005063652992248535,101556.8828125,0.21243910596845397
-0.382314532995224,-0.9102726976076763,0.0016939787892624736,0.0,0.0016939787892624736,101711.265625,0.4229820337546909
-0.3814718425273895,-0.9082662917318799,0.006857290863990784,0.0,0.006857290863990784,101320.34375,-0.11014619966303711
-0.3812885284423828,-0.907829829624721,0.0033696743194013834,0.0,0.0033696743194013834,101368.53125,-0.04442944552177354
-0.38109090924263,-0.9073593077205476,0.0,0.0,0.0,101522.90625,0.16610282779719016
-0.3802625238895416,-0.9053869616417658,0.005045369733124971,0.0,0.005045369733124971,101025.7890625,-0.5118515792655112
-0.3800649344921112,-0.9049165106955029,0.0016756955301389098,0.0,0.0016756955301389098,101180.171875,-0.30130865147927427
-0.37922224402427673,-0.9029101048197066,0.006839007139205933,0.0,0.006839007139205933,101269.6640625,-0.17926172886446007
-0.37903892993927,-0.9024736427125477,0.0033513910602778196,0.0,0.0033513910602778196,100837.4453125,-0.7687094762884655
-0.37887880206108093,-0.9020923858597165,0.0,0.0,0.0,101973.3125,0.7803541750332679
-0.37801289558410645,-0.900030703771682,0.005027086474001408,0.0,0.005027086474001408,100494.6953125,-1.2361422644994764
-0.37785279750823975,-0.8996495178767613,0.0016756955301389098,0.0,0.0016756955301389098,101424.8515625,0.032378609050919244
-0.3769338130950928,-0.897461459750221,0.006735273636877537,0.0,0.006735273636877537,101346.6171875,-0.07431522622317502
-0.37682679295539856,-0.8972066498938062,0.0033513910602778196,0.0,0.0033513910602778196,100876.375,-0.7156182658659758
-0.37666669487953186,-0.8968254639988854,0.0,0.0,0.0,101192.9921875,-0.28382467068390893
-0.37574267387390137,-0.8946254139854795,0.005014333408325911,0.0,0.005014333408325911,101556.7890625,0.21231125236117526
-0.3756406903266907,-0.8943825960159302,0.0016756955301389098,0.0,0.0016756955301389098,100644.53125,-1.0318002366662575
-0.3746635913848877,-0.8920561699640184,0.006722520105540752,0.0,0.006722520105540752,101315.21875,-0.11713553019427396
-0.3745565712451935,-0.8918013601076036,0.003338637761771679,0.0,0.003338637761771679,101359.4296875,-0.056841899895082884
-0.3744545578956604,-0.8915584711801439,0.0,0.0,0.0,102724.8203125,1.8052393454467839
-0.3734724521636963,-0.8892201241992769,0.005001579876989126,0.0,0.005001579876989126,101014.7734375,-0.5268743781207611
-0.3733704388141632,-0.8889772352718172,0.0016629421152174473,0.0,0.0016629421152174473,102162.0234375,1.0377128320180637
-0.37239333987236023,-0.8866508092199054,0.006709766574203968,0.0,0.006709766574203968,101259.015625,-0.19378376775786832
-0.372286319732666,-0.8863959993634906,0.0033258842304348946,0.0,0.0033258842304348946,101599.21875,0.2701756641220706
-0.37224245071411133,-0.8862915493193128,0.0,0.0,0.0,102042.2734375,0.8744011576540418
-0.3712022006511688,-0.8838147634551639,0.004988826345652342,0.0,0.004988826345652342,101284.859375,-0.15853879001803373
-0.37115833163261414,-0.883710313410986,0.0016629421152174473,0.0,0.0016629421152174473,101479.46875,0.10686398975804855
-0.3701894283294678,-0.8814034007844471,0.006568789482116699,0.0,0.006568789482116699,101346.96875,-0.0738357751958798
-0.37007421255111694,-0.8811290775026595,0.0033258842304348946,0.0,0.0033258842304348946,100916.671875,-0.6606625236706715
-0.37003031373023987,-0.8810245565005711,0.0,0.0,0.0,101359.71875,-0.05644768460597349
-0.369444340467453,-0.8796293820653643,0.0048547410406172276,0.0,0.0048547410406172276,101552.0859375,0.20589726306269265
-0.3689461946487427,-0.8784433205922445,0.0016629421152174473,0.0,0.0016629421152174473,100796.921875,-0.8239741980346935
-0.36843156814575195,-0.8772180193946475,0.006434704177081585,0.0,0.006434704177081585,101343.0078125,-0.07923759010340585
-0.3683163523674011,-0.8769436961128598,0.003191799158230424,0.0,0.003191799158230424,101330.703125,-0.09601837605873823
-0.3678181767463684,-0.8757575636818296,0.0,0.0,0.0,100677.171875,-0.9872858723987156
-0.3676864802837372,-0.8754440006755647,0.004720656201243401,0.0,0.004720656201243401,100948.6015625,-0.6171177159249931
-0.36718833446502686,-0.8742579392024449,0.0015288570430129766,0.0,0.0015288570430129766,102148.484375,1.0192486402335617
-0.36667367815971375,-0.8730325670469375,0.006300618872046471,0.0,0.006300618872046471,101266.828125,-0.18312930048464143
-0.3665584623813629,-0.8727582437651499,0.0030577140860259533,0.0,0.0030577140860259533,101636.2421875,0.3206671845298929
-0.365928590297699,-0.8712585483278548,0.004586570896208286,0.0,0.004586570896208286,102245.6875,1.1518115220470508
-0.36560606956481934,-0.8704906418209984,0.0,0.0,0.0,101647.90625,0.33657430416882067
-0.3649761974811554,-0.8689909463837033,0.0015288570430129766,0.0,0.0015288570430129766,101135.6640625,-0.36200715153484797
-0.36437803506851196,-0.8675667501631238,0.005796151235699654,0.0,0.005796151235699654,102191.90625,1.0784661693381568
-0.36434635519981384,-0.8674913219043187,0.0030577140860259533,0.0,0.0030577140860259533,101751.7890625,0.4782467555009189
-0.36339396238327026,-0.8652237199601673,0.0,0.0,0.0,100635.09375,-1.0446708331323156
-0.36282747983932495,-0.8638749519983928,0.007005731575191021,0.0,0.007005731575191021,102138.09375,1.0050781987601698
-0.36279579997062683,-0.8637995237395877,0.004267294425517321,0.0,0.004267294425517321,101697.984375,0.40486943939020514
-0.3627640902996063,-0.8637240245228722,0.0015288570430129766,0.0,0.0015288570430129766,101257.8828125,-0.19532866551248623
-0.36124521493911743,-0.8601076546169463,0.005476874765008688,0.0,0.005476874765008688,101207.1796875,-0.2644761581157289
-0.3612135350704193,-0.8600322263581412,0.002738437382504344,0.0,0.002738437382504344,101739.8046875,0.4619028027037888
-0.3611818253993988,-0.8599567271414258,0.0,0.0,0.0,102272.4140625,1.18826045458876
-0.35970282554626465,-0.8564352989196777,0.007039002142846584,0.0,0.007039002142846584,100502.0859375,-1.2260631384590037
-0.35967114567756653,-0.8563598706608727,0.004300564527511597,0.0,0.004300564527511597,101034.703125,-0.4996948321067593
-0.359639436006546,-0.8562843714441573,0.0015621272614225745,0.0,0.0015621272614225745,101567.3203125,0.22667347424548512
-0.35896971821784973,-0.8546898052805947,0.0,0.0,0.0,102522.5234375,1.5293525698738462
-0.35812875628471375,-0.8526875149636042,0.005862691905349493,0.0,0.005862691905349493,100329.6015625,-1.4612924669173075
-0.35809704661369324,-0.8526120157468887,0.003124254522845149,0.0,0.003124254522845149,100862.2265625,-0.7349135060977897
-0.35758209228515625,-0.8513859340122768,0.0074586570262908936,0.0,0.0074586570262908936,101303.03125,-0.13375649914050794
-0.35742732882499695,-0.8510174495833261,0.0015621272614225745,0.0,0.0015621272614225745,101703.625,0.412561964761475
-0.35675758123397827,-0.849422812461853,0.0,0.0,0.0,101471.1796875,0.0955595999811548
-0.35655465722084045,-0.8489396600496202,0.004686381667852402,0.0,0.004686381667852402,100157.1328125,-1.6965004864410647
-0.35600799322128296,-0.8476380790982928,0.00628234725445509,0.0,0.00628234725445509,101342.1953125,-0.08034565469982144
-0.35588493943214417,-0.8473450938860576,0.003124254522845149,0.0,0.003124254522845149,100884.7265625,-0.7042286403508963
-0.3552151918411255,-0.8457504567645845,0.0015621272614225745,0.0,0.0015621272614225745,100652.2890625,-1.0212203506639432
-0.3546549379825592,-0.8444165190060934,0.005040962249040604,0.0,0.005040962249040604,101646.140625,0.3341663945650714
-0.3545454442501068,-0.8441558196431115,0.0,0.0,0.0,102605.515625,1.6425349757173358
-0.3541082739830017,-0.843114938054766,0.006636927369982004,0.0,0.006636927369982004,101234.2265625,-0.2275903924158173
-0.3539851903915405,-0.8428218818846204,0.003478835104033351,0.0,0.003478835104033351,101501.25,0.13656864451580517
-0.35331544280052185,-0.8412272447631473,0.0019167077261954546,0.0,0.0019167077261954546,102089.4296875,0.9387115221152393
-0.35275518894195557,-0.8398933070046561,0.0053955428302288055,0.0,0.0053955428302288055,101013.03125,-0.5292503243226907
-0.35233333706855774,-0.8388888977822804,0.0,0.0,0.0,101948.1484375,0.746036135946204
-0.35220852494239807,-0.8385917260533288,0.006991507951170206,0.0,0.006991507951170206,101264.3671875,-0.1864854576757079
-0.3520854413509369,-0.8382986698831831,0.003833415452390909,0.0,0.003833415452390909,101573.3359375,0.23487741404586984
-0.3511033356189728,-0.8359603229023161,0.0019167077261954546,0.0,0.0019167077261954546,101432.0625,0.042212682344107674
-0.35085543990135193,-0.8353700950032189,0.00575012294575572,0.0,0.00575012294575572,101355.4921875,-0.062211751400789245
-0.35012122988700867,-0.8336219759214493,0.0,0.0,0.0,101290.7734375,-0.15047335829220096
-0.3498733341693878,-0.833031748022352,0.003833415452390909,0.0,0.003833415452390909,100915.953125,-0.6616427346598083
-0.3493056893348694,-0.83168021270207,0.006745066959410906,0.0,0.006745066959410906,101386.1171875,-0.020446239689739767
-0.3490709662437439,-0.8311213481993902,0.005274500697851181,0.0,0.005274500697851181,101547.9375,0.20023974094060917
-0.3488912284374237,-0.830693401041485,0.0019167077261954546,0.0,0.0019167077261954546,100774.671875,-0.8543181208288437
-0.3480888605117798,-0.8287830012185233,0.00335779320448637,0.0,0.00335779320448637,101185.8203125,-0.29360547164073125
-0.3479090929031372,-0.8283549831027077,0.0,0.0,0.0,100633.390625,-1.046993506997879
-0.34752121567726135,-0.8274314658982413,0.006269444245845079,0.0,0.006269444245845079,101422.7890625,0.029565829690787335
-0.34728649258613586,-0.8268726013955616,0.004798878449946642,0.0,0.004798878449946642,100912.0,-0.6670338951000612
-0.3471067547798157,-0.8264446542376565,0.0014410854782909155,0.0,0.0014410854782909155,100823.7109375,-0.7874400297547984
-0.34630438685417175,-0.8245342544146946,0.002882170956581831,0.0,0.002882170956581831,100549.8984375,-1.1608577987468551
-0.3459714353084564,-0.8237415126391819,0.007264388259500265,0.0,0.007264388259500265,101299.9765625,-0.13792239584433966
-0.3457367420196533,-0.8231827190944127,0.005793822463601828,0.0,0.005793822463601828,101300.8671875,-0.13670778657519178
-0.34569698572158813,-0.8230880612418765,0.0,0.0,0.0,101663.0078125,0.3571693894079683
-0.34550201892852783,-0.8226238545917329,0.004323256202042103,0.0,0.004323256202042103,102349.5703125,1.293483973379149
-0.3448946177959442,-0.8211776614189148,0.0014410854782909155,0.0,0.0014410854782909155,101142.359375,-0.3528762730816925
-0.3443249762058258,-0.8198213719186329,0.006729804445058107,0.0,0.006729804445058107,101321.078125,-0.10914467973935378
-0.3440922796726227,-0.8192673325538635,0.002882170956581831,0.0,0.002882170956581831,101806.6171875,0.5530198068244253
-0.34348487854003906,-0.8178211393810454,0.0,0.0,0.0,100699.1640625,-0.9572935470245818
-0.34268251061439514,-0.8159107395580837,0.0014410854782909155,0.0,0.0014410854782909155,101263.6640625,-0.18744435973029833
-0.3412727415561676,-0.8125541465623038,0.0,0.0,0.0,102391.375,1.3504960277581861
-0.33966949582099915,-0.8087368948119028,0.001621887320652604,0.0,0.001621887320652604,101622.5,0.3019259765962868
-0.33906060457229614,-0.8072871537435623,0.0,0.0,0.0,102468.359375,1.455485148268564
-0.3380662798881531,-0.8049197140194121,0.003243774641305208,0.0,0.003243774641305208,100853.59375,-0.7466866924347055
-0.3380642831325531,-0.8049149598394122,0.005620842333883047,0.0,0.005620842333883047,101138.1171875,-0.3586616488110547
-0.3374573886394501,-0.8034699729510716,0.001621887320652604,0.0,0.001621887320652604,101701.84375,0.41013274622317925
-0.33684849739074707,-0.8020202318827312,0.0,0.0,0.0,101513.578125,0.15338139387295724
-0.3364630341529846,-0.801102462269011,0.004865661729127169,0.0,0.004865661729127169,101217.609375,-0.25025244430597093
-0.3363252878189087,-0.8007744948069255,0.00715523399412632,0.0,0.00715523399412632,101285.890625,-0.15713240033796777
-0.3358541429042816,-0.7996527212006705,0.003243774641305208,0.0,0.003243774641305208,100935.3125,-0.6352409647567521
-0.3352452516555786,-0.79820298013233,0.001621887320652604,0.0,0.001621887320652604,100747.0625,-0.8919710081724276
-0.33481231331825256,-0.7971721745672681,0.005391869228333235,0.0,0.005391869228333235,101138.953125,-0.35752162081281946
-0.3346363604068756,-0.7967532390639895,0.0,0.0,0.0,102523.4296875,1.5305884880775407
-0.33420342206954956,-0.7957224334989276,0.0037699821405112743,0.0,0.0037699821405112743,101593.453125,0.26231266727442915
-0.33359453082084656,-0.7942726924305871,0.0021480948198586702,0.0,0.0021480948198586702,102067.765625,0.9091666843665812
-0.3331615924835205,-0.7932418868655251,0.005918076727539301,0.0,0.005918076727539301,101060.296875,-0.46479079731966794
-0.3325527012348175,-0.7917921457971846,0.0042961896397173405,0.0,0.0042961896397173405,101612.09375,0.28773422618834854
-0.33242425322532654,-0.7914863172031584,0.0,0.0,0.0,101840.828125,0.5996757190138859
-0.33151087164878845,-0.789311599163782,0.006444284226745367,0.0,0.006444284226745367,100981.625,-0.572081282761063
-0.3313824236392975,-0.789005770569756,0.0021480948198586702,0.0,0.0021480948198586702,101385.15625,-0.02175673916434668
-0.33034059405326843,-0.7865252239363535,0.0042961896397173405,0.0,0.0042961896397173405,101939.34375,0.7340285513292772
-0.33021214604377747,-0.7862193953423273,0.0,0.0,0.0,101158.2109375,-0.3312583589843151
-0.3293025493621826,-0.7840536889575777,0.006375009659677744,0.0,0.006375009659677744,101577.953125,0.24117420420434696
-0.3291703164577484,-0.7837388487089249,0.0021480948198586702,0.0,0.0021480948198586702,101720.296875,0.4352985979225412
-0.3281322419643402,-0.7812672427722386,0.004226915072649717,0.0,0.004226915072649717,101358.8984375,-0.057566403669662314
-0.328000009059906,-0.7809524025235858,0.0,0.0,0.0,102750.078125,1.8396852381411264
-0.3270941972732544,-0.7787957077934629,0.006305735092610121,0.0,0.006305735092610121,100997.5078125,-0.5504207507945926
-0.3269619643688202,-0.77848086754481,0.002078820252791047,0.0,0.002078820252791047,102189.1640625,1.0747264513252541
-0.3259239196777344,-0.7760093325660342,0.004157640505582094,0.0,0.004157640505582094,101628.2421875,0.30975701004210854
-0.32578787207603455,-0.7756854097048442,0.0,0.0,0.0,101991.0703125,0.8045717791453126
-0.32488584518432617,-0.773537726629348,0.006236460525542498,0.0,0.006236460525542498,101067.3203125,-0.45521243124103694
-0.32474982738494873,-0.7732138747260684,0.002078820252791047,0.0,0.002078820252791047,101430.1484375,0.03960233786216708
-0.3237117826938629,-0.7707423397472927,0.004157640505582094,0.0,0.004157640505582094,100869.2265625,-0.7253671034209784
-0.3235757648944855,-0.770418487844013,0.0,0.0,0.0,101232.0546875,-0.2305523343177744
-0.32264015078544617,-0.7681908352034433,0.006202262826263905,0.0,0.006202262826263905,101557.1328125,0.21278004892119726
-0.32253772020339966,-0.7679469528652373,0.002078820252791047,0.0,0.002078820252791047,100671.1328125,-0.9955217756009199
-0.3214660882949829,-0.765395448321388,0.004123442340642214,0.0,0.004123442340642214,101353.3671875,-0.06510976649910696
-0.321363627910614,-0.7651514950252715,0.0,0.0,0.0,100473.0390625,-1.2656764477808613
-0.32039445638656616,-0.7628439437775385,0.006168064661324024,0.0,0.006168064661324024,101001.4453125,-0.5450508992888863
-0.32029202580451965,-0.7626000614393326,0.0020446223206818104,0.0,0.0020446223206818104,101149.6015625,-0.34299958191941116
-0.3192203938961029,-0.7600485568954831,0.004089244641363621,0.0,0.004089244641363621,100797.6875,-0.8229300602419173
-0.31915152072906494,-0.7598845731644404,0.0,0.0,0.0,101991.1015625,0.8046143970144055
-0.31814876198768616,-0.7574970523516338,0.006133866496384144,0.0,0.006133866496384144,102116.8515625,0.9761087022442658
-0.3180798888206482,-0.7573330686205909,0.0020446223206818104,0.0,0.0020446223206818104,101431.5546875,0.04152014197134793
-0.31700828671455383,-0.754781635034652,0.004089244641363621,0.0,0.004089244641363621,101913.5390625,0.6988368459258087
-0.31693941354751587,-0.7546176513036092,0.0,0.0,0.0,101229.328125,-0.23427074339613058
-0.31591281294822693,-0.7521733641624451,0.006104986183345318,0.0,0.006104986183345318,101559.5546875,0.21608293377589757
-0.3158677816390991,-0.7520661467597598,0.0020446223206818104,0.0,0.0020446223206818104,101710.21875,0.4215543351400785
-0.3147723078727722,-0.749457875887553,0.0040603638626635075,0.0,0.0040603638626635075,101356.2421875,-0.06118892254255946
-0.3147272765636444,-0.7493506584848677,0.0,0.0,0.0,101506.890625,0.144261169887075
-0.3136768639087677,-0.7468496759732565,0.0060761054046452045,0.0,0.0060761054046452045,101002.2578125,-0.5439428346924706
-0.3136318027973175,-0.7467423876126608,0.002015741541981697,0.0,0.002015741541981697,101152.921875,-0.3384714333282897
-0.312536358833313,-0.7441341876983643,0.004031483083963394,0.0,0.004031483083963394,100798.9296875,-0.8212359999454741
-0.31251513957977295,-0.744083665666126,0.0,0.0,0.0,101989.203125,0.8020253614670114
-0.3114408850669861,-0.7415259168261573,0.006047224160283804,0.0,0.006047224160283804,100444.9453125,-1.3039899120953853
-0.31141969561576843,-0.7414754657518297,0.002015741541981697,0.0,0.002015741541981697,101430.9453125,0.04068909352403623
-0.31032422184944153,-0.7388671948796227,0.004031483083963394,0.0,0.004031483083963394,100872.6796875,-0.7206578288862121
-0.3103030323982239,-0.7388167438052949,0.0,0.0,0.0,101227.9921875,-0.23609265729985238
-0.309207558631897,-0.7362084729330881,0.002015741541981697,0.0,0.002015741541981697,100669.7265625,-0.9974395797101008
-0.3080964684486389,-0.733563020115807,0.00400309544056654,0.0,0.00400309544056654,101358.3125,-0.05836548871515433
-0.3080908954143524,-0.7335497509865534,0.0,0.0,0.0,102750.3046875,1.83999421769205
-0.30698537826538086,-0.7309175672985259,0.0059904493391513824,0.0,0.0059904493391513824,101283.2109375,-0.1607868826126846
-0.30697980523109436,-0.7309042981692723,0.0019873538985848427,0.0,0.0019873538985848427,102193.84375,1.081108477221917
-0.30587878823280334,-0.7282828291257223,0.0,0.0,0.0,101983.734375,0.7945672343757525
-0.3058687150478363,-0.7282588453519913,0.003974707797169685,0.0,0.003974707797169685,101637.375,0.3222120822845108
-0.3047676980495453,-0.7256373763084412,0.0019873538985848427,0.0,0.0019873538985848427,101427.265625,0.035670839438346355
-0.30475762486457825,-0.7256133925347101,0.005962061695754528,0.0,0.005962061695754528,101305.984375,-0.12972911051122815
-0.3036666810512543,-0.7230159072648912,0.0,0.0,0.0,101217.15625,-0.2508704034078181
-0.30365660786628723,-0.7229919234911601,0.003974707797169685,0.0,0.003974707797169685,100870.796875,-0.7232255554990599
-0.30255556106567383,-0.7203703834896996,0.0019873538985848427,0.0,0.0019873538985848427,100660.6875,-1.0097667983452243
-0.3024948239326477,-0.7202257712682089,0.005944908130913973,0.0,0.005944908130913973,101333.078125,-0.09277941800767725
-0.3014545440673828,-0.7177489144461496,0.0,0.0,0.0,100450.578125,-1.2963080411913888
-0.3013938069343567,-0.7176043022246588,0.00395755423232913,0.0,0.00395755423232913,101362.3671875,-0.05283582020034957
-0.3002927601337433,-0.7149827622231983,0.0019702003337442875,0.0,0.0019702003337442875,102201.4296875,1.0914539649442203
-0.30023202300071716,-0.7148381500017076,0.005927754566073418,0.0,0.005927754566073418,101277.828125,-0.16812781056393794
-0.29924243688583374,-0.7124819925853184,0.0,0.0,0.0,101990.2109375,0.8033997877452577
-0.29913097620010376,-0.712216610000247,0.003940400667488575,0.0,0.003940400667488575,101641.1875,0.32741146231384555
-0.2980806529521942,-0.7097158403623672,0.0019702003337442875,0.0,0.0019702003337442875,101429.96875,0.039357285114882866
-0.29796919226646423,-0.7094504577772959,0.005910600535571575,0.0,0.005910600535571575,101222.5625,-0.24349751205474507
-0.29703032970428467,-0.7072150707244873,0.0,0.0,0.0,101218.75,-0.2486968920840798
-0.2969188690185547,-0.7069496881394159,0.003940400667488575,0.0,0.003940400667488575,101914.2265625,0.6997744390458528
-0.29586854577064514,-0.7044489185015361,0.0019702003337442875,0.0,0.0019702003337442875,101716.84375,0.4305893233877749
-0.2957136034965515,-0.7040800083251226,0.0058912243694067,0.0,0.0058912243694067,101332.359375,-0.09375962899681411
-0.2948181927204132,-0.7019480779057458,0.0,0.0,0.0,102758.09375,1.8506167215634572
-0.29466328024864197,-0.7015792386872428,0.003921024035662413,0.0,0.003921024035662413,101363.171875,-0.0517384100712072
-0.29361292719841003,-0.6990783980914524,0.0019508239347487688,0.0,0.0019508239347487688,102199.8359375,1.089280453620482
-0.2934580147266388,-0.6987095588729495,0.005871848203241825,0.0,0.005871848203241825,101277.1015625,-0.16911867602034805
-0.29260608553886414,-0.6966811560449147,0.0,0.0,0.0,101986.4765625,0.7983069523886552
-0.29240766167640686,-0.6962087182771592,0.0039016478694975376,0.0,0.0039016478694975376,101641.578125,0.3279441856775069
-0.29140082001686096,-0.6938114762306213,0.0019508239347487688,0.0,0.0019508239347487688,101428.21875,0.03697068444568004
-0.2912023961544037,-0.6933390384628659,0.005852471571415663,0.0,0.005852471571415663,101308.5234375,-0.1262664086474294
-0.2903939485549927,-0.6914141632261731,0.0,0.0,0.0,101214.8671875,-0.25399216231887356
-0.2901955544948578,-0.6909417964163281,0.0039016478694975376,0.0,0.0039016478694975376,100869.9609375,-0.7243655834972951
-0.2891886830329895,-0.6885444834118798,0.0019508239347487688,0.0,0.0019508239347487688,100656.6015625,-1.015339084729122
-0.28894150257110596,-0.6879559585026332,0.005830969195812941,0.0,0.005830969195812941,101332.0234375,-0.09421777108956288
-0.2881818115711212,-0.6861471704074315,0.0,0.0,0.0,100443.2421875,-1.3063125859609488
-0.28793463110923767,-0.6855586454981849,0.003880145261064172,0.0,0.003880145261064172,101364.4921875,-0.04993780510203185
-0.2869277596473694,-0.6831613324937367,0.001929321326315403,0.0,0.001929321326315403,102201.15625,1.0910810585896573
-0.28668057918548584,-0.6825728075844901,0.005809466820210218,0.0,0.005809466820210218,101276.4609375,-0.16999234233675264
-0.28596970438957214,-0.6808802485466003,0.0,0.0,0.0,101985.125,0.7964637295503869
-0.28567370772361755,-0.6801754945800418,0.003858642652630806,0.0,0.003858642652630806,101643.109375,0.33003246126305935
-0.2847156524658203,-0.6778944106329056,0.001929321326315403,0.0,0.001929321326315403,101427.078125,0.035415132223788906
-0.2844196557998657,-0.677189656666347,0.005787963978946209,0.0,0.005787963978946209,102105.4140625,0.9605105621562616
-0.28375759720802307,-0.6756133266857692,0.0,0.0,0.0,101211.046875,-0.25920219681548157
-0.2834616005420685,-0.6749085727192107,0.003858642652630806,0.0,0.003858642652630806,101908.546875,0.6920286413382167
-0.28250354528427124,-0.6726274887720745,0.001929321326315403,0.0,0.001929321326315403,101711.6796875,0.42354672052017195
-0.28214800357818604,-0.6717809609004429,0.005755927879363298,0.0,0.005755927879363298,101560.9140625,0.21793681108143906
-0.2815454602241516,-0.6703463338670277,0.0,0.0,0.0,101514.8125,0.15506479970212708
-0.2811899483203888,-0.6694998769533067,0.0038266063202172518,0.0,0.0038266063202172518,101364.0625,-0.05052380080205933
-0.28023189306259155,-0.6672187930061704,0.0018972849939018488,0.0,0.0018972849939018488,101167.1953125,-0.31900572162010415
-0.27987635135650635,-0.666372265134539,0.005723891314119101,0.0,0.005723891314119101,101016.4296875,-0.524615631058837
-0.27933335304260254,-0.6650794120061966,0.0,0.0,0.0,101982.40625,0.7927559749393039
-0.2789182960987091,-0.6640911811874026,0.0037945699878036976,0.0,0.0037945699878036976,100819.5703125,-0.7930868974096087
-0.2780197560787201,-0.6619518001874288,0.0018972849939018488,0.0,0.0018972849939018488,101424.546875,0.03196308482726339
-0.27760469913482666,-0.660963569368635,0.005691854748874903,0.0,0.005691854748874903,101316.46875,-0.11543081543055765
-0.2771212160587311,-0.6598124191874549,0.0,0.0,0.0,101202.8125,-0.2704320053214627
-0.27670615911483765,-0.6588241883686611,0.0037945699878036976,0.0,0.0037945699878036976,100866.671875,-0.7288511142193237
-0.27580761909484863,-0.6566848073686873,0.0018972849939018488,0.0,0.0018972849939018488,100644.9375,-1.0312462043680497
-0.27530279755592346,-0.6554828513236273,0.005640602204948664,0.0,0.005640602204948664,101559.703125,0.2162853686540889
-0.2749090790748596,-0.6545454263687134,0.0,0.0,0.0,102765.2265625,1.8603442501839134
-0.27440425753593445,-0.6533434703236535,0.003743317211046815,0.0,0.003743317211046815,101361.3046875,-0.05428482774950843
-0.27350571751594543,-0.6512040893236797,0.0018460322171449661,0.0,0.0018460322171449661,102206.2421875,1.098017116784528
-0.27300089597702026,-0.6500021332786197,0.005589349195361137,0.0,0.005589349195361137,101024.03125,-0.5142488344019872
-0.27269697189331055,-0.6492785045078823,0.0,0.0,0.0,101986.0078125,0.7976676843522615
-0.27210235595703125,-0.6478627522786459,0.0036920644342899323,0.0,0.0036920644342899323,101647.2421875,0.3356686744505964
-0.2716298997402191,-0.6467378565243312,0.00746624730527401,0.0,0.00746624730527401,101293.2265625,-0.1471278555684077
-0.27129361033439636,-0.6459371674628485,0.0018460322171449661,0.0,0.0018460322171449661,101427.015625,0.03532989648560309
-0.27069899439811707,-0.6445214152336121,0.005538096651434898,0.0,0.005538096651434898,101326.3203125,-0.10199553219901852
-0.2704848647117615,-0.6440115826470512,0.0,0.0,0.0,101206.78125,-0.26501953594666344
-0.2698902487754822,-0.6425958304178148,0.0036920644342899323,0.0,0.0036920644342899323,100868.0234375,-0.7270078913810554
-0.2691238224506378,-0.6407710058348519,0.007362835109233856,0.0,0.007362835109233856,101358.8359375,-0.05765163940784813
-0.2690815031528473,-0.6406702456020174,0.0018460322171449661,0.0,0.0018460322171449661,100647.8046875,-1.0273360148787753
-0.268439918756485,-0.6391426637059167,0.005430369637906551,0.0,0.005430369637906551,101352.5859375,-0.06617521322642965
-0.26827272772789,-0.6387445898283096,0.0,0.0,0.0,100427.5546875,-1.3277067562455884
-0.2676311731338501,-0.6372170788901192,0.0035843374207615852,0.0,0.0035843374207615852,101341.296875,-0.08157091843624253
-0.2668647766113281,-0.635392325265067,0.007255108095705509,0.0,0.007255108095705509,101321.59375,-0.1084414848993208
-0.2668224275112152,-0.635291494074322,0.0017383052036166191,0.0,0.0017383052036166191,101120.8046875,-0.38227194828852556
-0.2661808729171753,-0.6337639831361317,0.005322642624378204,0.0,0.005322642624378204,101298.0703125,-0.14052208585900702
-0.26606062054634094,-0.6334776679674785,0.0,0.0,0.0,102004.9140625,0.8234514951534707
-0.2653721272945404,-0.6318383983203343,0.0034766104072332382,0.0,0.0034766104072332382,100800.5546875,-0.8190198707526429
-0.26461029052734375,-0.6300245012555804,0.0017383052036166191,0.0,0.0017383052036166191,101443.0703125,0.05722482673208439
-0.2639217972755432,-0.6283852316084363,0.005214915610849857,0.0,0.005214915610849857,101347.78125,-0.0727277105994642
-0.26384851336479187,-0.6282107461066473,0.0,0.0,0.0,101274.265625,-0.17298624764052942
-0.26315999031066895,-0.6265714055015927,0.0034766104072332382,0.0,0.0034766104072332382,100881.2265625,-0.7090018416893019
-0.2623981833457947,-0.6247575793947493,0.0017383052036166191,0.0,0.0017383052036166191,100712.4140625,-0.9392235705291889
-0.26218849420547485,-0.624258319536845,0.006958819925785065,0.0,0.006958819925785065,101387.0625,-0.019157049149679313
-0.2620161771774292,-0.623848040898641,0.0049101607874035835,0.0,0.0049101607874035835,101395.0625,-0.008246874661894959
-0.2616363763809204,-0.6229437532879057,0.0,0.0,0.0,100543.6171875,-1.1694239904345296
-0.26125437021255493,-0.6220342147917974,0.0031718555837869644,0.0,0.0031718555837869644,101254.6875,-0.19968634262723603
-0.26049256324768066,-0.620220388684954,0.0014335502637550235,0.0,0.0014335502637550235,100940.1015625,-0.628709776318264
-0.26028287410736084,-0.6197211288270497,0.006654065102338791,0.0,0.006654065102338791,101371.3828125,-0.040540564967045715
-0.2601105570793152,-0.6193108501888457,0.00460540596395731,0.0,0.00460540596395731,101318.59375,-0.11253280033223993
-0.25942426919937134,-0.6176768314270746,0.0,0.0,0.0,101828.6328125,0.5830440956003787
-0.2593487501144409,-0.6174970240820022,0.002867100527510047,0.0,0.002867100527510047,100686.0859375,-0.9751291252399636
-0.2583772540092468,-0.6151839381172544,0.006349310278892517,0.0,0.006349310278892517,101317.625,-0.11385395427412007
-0.2582804560661316,-0.6149534668241229,0.0014335502637550235,0.0,0.0014335502637550235,101386.3359375,-0.020147914606089414
-0.25820493698120117,-0.6147736594790504,0.004300650674849749,0.0,0.004300650674849749,101310.21875,-0.12395438924913918
-0.2572121322154999,-0.6124098386083331,0.0,0.0,0.0,101169.421875,-0.31596919844723453
-0.25713664293289185,-0.6122301022211711,0.002867100527510047,0.0,0.002867100527510047,102137.8515625,1.0047479102746997
-0.2562275230884552,-0.6100655311629886,0.006887102033942938,0.0,0.006887102033942938,101237.7578125,-0.22277457320831875
-0.25606831908226013,-0.6096864740053813,0.0014335502637550235,0.0,0.0014335502637550235,102129.2578125,0.9930279962741502
-0.25605523586273193,-0.6096553234826951,0.004838442429900169,0.0,0.004838442429900169,101230.359375,-0.23286435371606462
-0.2549999952316284,-0.6071428457895915,0.0,0.0,0.0,102814.578125,1.9276485199488878
-0.2549869120121002,-0.6071116952669053,0.0034048922825604677,0.0,0.0034048922825604677,101571.875,0.23288502866577643
-0.25407782196998596,-0.6049471951666333,0.007424893323332071,0.0,0.007424893323332071,101157.8828125,-0.33170584660979063
-0.2539185881614685,-0.6045680670511155,0.0019713419023901224,0.0,0.0019713419023901224,102251.5390625,1.1597917180346977
-0.2539055049419403,-0.6045369165284293,0.00537623418495059,0.0,0.00537623418495059,101150.4921875,-0.3417849726502633
-0.2528371810913086,-0.6019932883126395,0.003942683804780245,0.0,0.003942683804780245,101688.5,0.3919349161205077
-0.25278788805007935,-0.6018759239287603,0.0,0.0,0.0,101980.2421875,0.7898046875046201
-0.2517557740211487,-0.5994185095741635,0.005914025474339724,0.0,0.005914025474339724,101070.609375,-0.45072690051900843
-0.25170648097991943,-0.5993011451902844,0.0019713419023901224,0.0,0.0019713419023901224,101417.203125,0.021947885590430097
-0.2506250739097595,-0.5967263664518084,0.003942683804780245,0.0,0.003942683804780245,100854.1484375,-0.7459302252583063
-0.2505757510662079,-0.5966089311100188,0.0,0.0,0.0,101145.8984375,-0.3480497994069207
-0.24949435889720917,-0.594034187850498,0.0019713419023901224,0.0,0.0019713419023901224,100582.8515625,-1.115917255788384
-0.24922804534435272,-0.5934001079627446,0.005634506698697805,0.0,0.005634506698697805,101395.1015625,-0.008193602325528824
-0.24836362898349762,-0.5913419737702325,0.0,0.0,0.0,100311.5390625,-1.485925595253008
-0.24809733033180237,-0.5907079293614342,0.003663164796307683,0.0,0.003663164796307683,101301.1328125,-0.13634553468790206
-0.24738997220993042,-0.5890237433569772,0.007343493402004242,0.0,0.007343493402004242,101341.8359375,-0.08083576019438989
-0.24696661531925201,-0.5880157507601239,0.0016918227775022388,0.0,0.0016918227775022388,101049.3203125,-0.47976032383855177
-0.24670030176639557,-0.5873816708723705,0.0053549874573946,0.0,0.0053549874573946,101344.3203125,-0.07744763960150372
-0.24615152180194855,-0.5860750519094013,0.0,0.0,0.0,102060.8984375,0.8998014076334148
-0.24556958675384521,-0.58468949227106,0.0033836455550044775,0.0,0.0033836455550044775,100794.8046875,-0.826861558665738
-0.24486222863197327,-0.5830053062666031,0.007063974626362324,0.0,0.007063974626362324,101305.3125,-0.13064539469672568
-0.24475449323654175,-0.5827487934203375,0.0016918227775022388,0.0,0.0016918227775022388,101460.84375,0.0814637397786756
-0.24417255818843842,-0.5813632337819963,0.005075468216091394,0.0,0.005075468216091394,101353.96875,-0.0642893725190685
-0.24393939971923828,-0.580808094569615,0.0,0.0,0.0,101286.4140625,-0.15641855103066157
-0.24335747957229614,-0.5794225704102289,0.0033836455550044775,0.0,0.0033836455550044775,100860.78125,-0.7368845825433368
-0.24254238605499268,-0.5774818715595064,0.0016918227775022388,0.0,0.0016918227775022388,100686.34375,-0.9747775278199471
-0.24230211973190308,-0.5769098088854835,0.006727762520313263,0.0,0.006727762520313263,101389.3984375,-0.015971363434984467
-0.2422138750553131,-0.5766997025126502,0.004761470016092062,0.0,0.004761470016092062,101394.1953125,-0.009429520529223145
-0.24172727763652802,-0.5755411372298286,0.0,0.0,0.0,100511.921875,-1.212649164162011
-0.24139878153800964,-0.5747590036619278,0.0030696471221745014,0.0,0.0030696471221745014,101243.609375,-0.2147943772206718
-0.24058368802070618,-0.5728183048112052,0.0013778244610875845,0.0,0.0013778244610875845,100926.3046875,-0.6475255655227826
-0.24034342169761658,-0.5722462421371823,0.006413763854652643,0.0,0.006413763854652643,101370.9609375,-0.04111590619979997
-0.2402551770210266,-0.5720361357643491,0.00444747181609273,0.0,0.00444747181609273,101318.2734375,-0.11296963349044223
-0.23951517045497894,-0.5702742153689975,0.0,0.0,0.0,101826.203125,0.5797305562784052
-0.23944008350372314,-0.5700954369136265,0.002755648922175169,0.0,0.002755648922175169,100696.8203125,-0.9604898872065498
-0.23838472366333008,-0.5675826753888812,0.006099765654653311,0.0,0.006099765654653311,101314.1328125,-0.11861650114525249
-0.2383715659379959,-0.5675513474714189,0.0013778244610875845,0.0,0.0013778244610875845,101390.28125,-0.014767408633109826
-0.2382964789867401,-0.5673725690160479,0.00413347315043211,0.0,0.00413347315043211,101306.8828125,-0.12850384677480706
-0.23730304837226868,-0.5650072580292111,0.0,0.0,0.0,101177.390625,-0.30510164182854305
-0.23722796142101288,-0.5648284795738402,0.002755648922175169,0.0,0.002755648922175169,102145.546875,1.0152425605388282
-0.23625043034553528,-0.5625010246322268,0.006633853539824486,0.0,0.006633853539824486,101232.3359375,-0.23016877349593823
-0.23615944385528564,-0.5622843901316326,0.0013778244610875845,0.0,0.0013778244610875845,102149.1796875,1.0201968878208787
-0.23509091138839722,-0.5597402652104696,0.0,0.0,0.0,102823.25,1.9394749786221697
-0.23411613702774048,-0.5574193738755726,0.007167941890656948,0.0,0.007167941890656948,101150.5234375,-0.3417423547811704
-0.23402515053749084,-0.5572027393749782,0.0019119124626740813,0.0,0.0019119124626740813,102258.609375,1.169434010916968
-0.23295937478542328,-0.5546651780605316,0.0038238249253481627,0.0,0.0038238249253481627,101693.953125,0.39937173427722006
-0.23287880420684814,-0.5544733433496385,0.0,0.0,0.0,101981.25,0.7911791137828664
-0.2318935990333557,-0.552127616746085,0.005735737271606922,0.0,0.005735737271606922,101061.453125,-0.46321393616323037
-0.23181302845478058,-0.5519357820351919,0.0019119124626740813,0.0,0.0019119124626740813,101416.6015625,0.021127491610391624
-0.230747252702713,-0.5493982207207453,0.0038238249253481627,0.0,0.0038238249253481627,100851.9453125,-0.7489347850293564
-0.23066668212413788,-0.5492063860098522,0.0,0.0,0.0,101139.2421875,-0.35712740552371003
-0.23001979291439056,-0.5476661736056918,0.007328336592763662,0.0,0.007328336592763662,101340.7109375,-0.08237000348173455
-0.2296009063720703,-0.5466688246954056,0.0019119124626740813,0.0,0.0019119124626740813,100574.6015625,-1.1271683732289115
-0.22936633229255676,-0.546110314982278,0.005390702746808529,0.0,0.005390702746808529,101417.53125,0.02239537321590563
-0.22845454514026642,-0.5439393931911105,0.0,0.0,0.0,100297.2421875,-1.5054232703630133
-0.22821998596191406,-0.5433809189569383,0.0034787901677191257,0.0,0.0034787901677191257,101281.6015625,-0.16298170287096933
-0.2274925261735916,-0.5416488718418848,0.006983301602303982,0.0,0.006983301602303982,101352.8828125,-0.06577034347004704
-0.22707363963127136,-0.5406515229315985,0.0015668778214603662,0.0,0.0015668778214603662,101007.359375,-0.5369854675630534
-0.2268390655517578,-0.540093013218471,0.005045668222010136,0.0,0.005045668222010136,101366.203125,-0.04760447676919516
-0.22624243795871735,-0.5386724713302794,0.0,0.0,0.0,102048.2109375,0.8824985527816942
-0.2256927192211151,-0.5373636171931312,0.0031337556429207325,0.0,0.0031337556429207325,100784.40625,-0.8410426546064029
-0.22496525943279266,-0.5356315700780778,0.0066382670775055885,0.0,0.0066382670775055885,101307.6171875,-0.12750232685112373
-0.2248615175485611,-0.5353845655918121,0.0015668778214603662,0.0,0.0015668778214603662,101457.2265625,0.07653072143117155
-0.22431178390979767,-0.5340756759757087,0.004700633231550455,0.0,0.004700633231550455,101360.7578125,-0.05503064045863431
-0.22403031587600708,-0.5334055139904931,0.0,0.0,0.0,101281.3203125,-0.16336526369280552
-0.22348059713840485,-0.5320966598533449,0.0031337556429207325,0.0,0.0031337556429207325,100866.2421875,-0.7294371099193511
-0.22264939546585083,-0.5301176082520258,0.0015668778214603662,0.0,0.0015668778214603662,100690.3515625,-0.9693117861087818
-0.22242246568202972,-0.529577299242928,0.006248601246625185,0.0,0.006248601246625185,101396.3359375,-0.006510196496358972
-0.22237452864646912,-0.5294631634439741,0.0044080098159611225,0.0,0.0044080098159611225,101389.0234375,-0.01648277786409936
-0.22181817889213562,-0.5281385211717515,0.0,0.0,0.0,100514.4453125,-1.2092077712327587
-0.2215433269739151,-0.527484111842655,0.0028411317616701126,0.0,0.0028411317616701126,101240.5703125,-0.21893896498995705
-0.22071212530136108,-0.5255050602413359,0.0012742540566250682,0.0,0.0012742540566250682,100921.2109375,-0.6544722781849266
-0.22048519551753998,-0.5249647512322381,0.005955977365374565,0.0,0.005955977365374565,101370.6171875,-0.041584702759821957
-0.22043727338314056,-0.5248506509122395,0.004115385934710503,0.0,0.004115385934710503,101313.9921875,-0.11880828155617058
-0.21960607171058655,-0.5228715993109204,0.0,0.0,0.0,101786.1015625,0.5250411757649315
-0.21854794025421143,-0.5203522387005034,0.005663353484123945,0.0,0.005663353484123945,101295.578125,-0.1439208609191664
-0.21850000321865082,-0.5202381029015496,0.0012742540566250682,0.0,0.0012742540566250682,101385.3359375,-0.02151168641706246
-0.21739394962787628,-0.517604641971134,0.0,0.0,0.0,101178.0078125,-0.30425993891395814
-0.21643763780593872,-0.5153277090617588,0.006216219160705805,0.0,0.006216219160705805,101220.8203125,-0.24587345825667467
-0.2163897007703781,-0.515213573262805,0.004375627264380455,0.0,0.004375627264380455,101212.578125,-0.25711392122992904
-0.21628788113594055,-0.5149711455617633,0.0012742540566250682,0.0,0.0012742540566250682,102197.2578125,1.0857644794203172
-0.21528363227844238,-0.5125800768534343,0.0031013733241707087,0.0,0.0031013733241707087,101604.2578125,0.27704779551330194
-0.21518181264400482,-0.5123376491523924,0.0,0.0,0.0,102822.25,1.9381112068111965
-0.21432733535766602,-0.5103031794230144,0.006769084371626377,0.0,0.006769084371626377,101240.015625,-0.21969543216635617
-0.2142793983221054,-0.5101890436240605,0.004928492940962315,0.0,0.004928492940962315,101124.5078125,-0.377221730801016
-0.21417757868766785,-0.5099466159230187,0.0018271193839609623,0.0,0.0018271193839609623,102247.5390625,1.1543366307908056
-0.21317334473133087,-0.507555582693645,0.0036542387679219246,0.0,0.0036542387679219246,101672.828125,0.37056205477041454
-0.21296970546245575,-0.5070707272915613,0.0,0.0,0.0,102019.7734375,0.8437162919071483
-0.21218256652355194,-0.505196586960838,0.007332298904657364,0.0,0.007332298904657364,101311.546875,-0.1221431298126906
-0.2121690958738327,-0.505164513985316,0.005481358151882887,0.0,0.005481358151882887,101309.0859375,-0.12549928700375707
-0.21196545660495758,-0.5046796585832324,0.0018271193839609623,0.0,0.0018271193839609623,101445.0625,0.05994171588675725
-0.2109612226486206,-0.5022886253538587,0.0036542387679219246,0.0,0.0036542387679219246,101800.5,0.5446773589494887
-0.21075758337974548,-0.501803769951775,0.0,0.0,0.0,101217.3046875,-0.2506679685296268
-0.2102295607328415,-0.5005465731734321,0.006911230273544788,0.0,0.006911230273544788,101363.7734375,-0.05091801609116872
-0.2100309133529663,-0.5000736032213484,0.005128794815391302,0.0,0.005128794815391302,101411.65625,0.014383213826438994
-0.2097533494234085,-0.4994127367224012,0.0018271193839609623,0.0,0.0018271193839609623,101485.03125,0.11444997045658611
-0.2088230401277542,-0.497197714589891,0.00330167543143034,0.0,0.00330167543143034,101248.7578125,-0.20777308328761526
-0.20854546129703522,-0.4965368126119886,0.0,0.0,0.0,101169.546875,-0.31579872697086286
-0.2080913782119751,-0.49545566240946454,0.006558666937053204,0.0,0.006558666937053204,101373.0703125,-0.0382392000360287
-0.20789273083209991,-0.49498269245738075,0.004776231478899717,0.0,0.004776231478899717,101319.5,-0.1112968821285456
-0.20761515200138092,-0.4943217904794784,0.0014745560474693775,0.0,0.0014745560474693775,100933.28125,-0.638011126247791
-0.20668484270572662,-0.49210676834696815,0.002949112094938755,0.0,0.002949112094938755,100697.015625,-0.9602235255247191
-0.20633333921432495,-0.4912698552722023,0.0,0.0,0.0,101902.3125,0.6835263764541817
-0.2059531807899475,-0.4903647161665417,0.006206103600561619,0.0,0.006206103600561619,101280.90625,-0.16392995045828654
-0.20575453341007233,-0.4898917462144579,0.0044236681424081326,0.0,0.0044236681424081326,102142.5703125,1.0111832085077288
-0.20540302991867065,-0.48905483313969206,0.0014745560474693775,0.0,0.0014745560474693775,101423.3828125,0.030375569203552583
-0.20447272062301636,-0.4868398110071818,0.002949112094938755,0.0,0.002949112094938755,102186.6875,1.0713489851996412
-0.20412121713161469,-0.4860028979324159,0.0,0.0,0.0,101220.03125,-0.2469495594512706
-0.2039692997932434,-0.48564118998391287,0.007022827863693237,0.0,0.007022827863693237,101167.359375,-0.3187819778073664
-0.20377065241336823,-0.48516822003182913,0.005240392405539751,0.0,0.005240392405539751,101109.75,-0.39734801948014165
-0.2031909078359604,-0.48378787579990573,0.0014745560474693775,0.0,0.0014745560474693775,102230.7890625,1.131493452957007
-0.20248883962631226,-0.482116284824553,0.003765836590901017,0.0,0.003765836590901017,101618.1015625,0.29592751152146
-0.20190909504890442,-0.4807359405926296,0.0,0.0,0.0,102742.5390625,1.8294036772224624
-0.20178678631782532,-0.4804447293281555,0.006057117134332657,0.0,0.006057117134332657,101005.4296875,-0.5396171209795405
-0.2012070268392563,-0.4790643496172769,0.0022912805434316397,0.0,0.0022912805434316397,102209.5234375,1.1024919930392834
-0.20050497353076935,-0.4773927941208794,0.004582561086863279,0.0,0.004582561086863279,101676.5,0.37556965438883116
-0.19980290532112122,-0.47572120314552674,0.006873841397464275,0.0,0.006873841397464275,101143.46875,-0.3513633387288943
-0.19969697296619415,-0.47546898325284326,0.0,0.0,0.0,101950.3203125,0.7489980778481611
-0.19899490475654602,-0.47379739227749057,0.0022912805434316397,0.0,0.0022912805434316397,101417.296875,0.022075739197708822
-0.19829285144805908,-0.47212583678109304,0.004582561086863279,0.0,0.004582561086863279,100884.265625,-0.7048572539200166
-0.1974848508834839,-0.4702020259130569,0.0,0.0,0.0,101158.09375,-0.3314181759934135
-0.1972380429506302,-0.46961438797769095,0.006757597904652357,0.0,0.006757597904652357,101540.328125,0.18986228981648617
-0.19678278267383575,-0.4685304349377042,0.0022912805434316397,0.0,0.0022912805434316397,100625.0625,-1.058351169111139
-0.19572797417640686,-0.4660189861343021,0.004466317128390074,0.0,0.004466317128390074,101335.28125,-0.08977485823662726
-0.19527272880077362,-0.46493506857327055,0.0,0.0,0.0,100365.859375,-1.4118450843022614
-0.19467318058013916,-0.46350757280985516,0.0066413539461791515,0.0,0.0066413539461791515,101023.09375,-0.5155273704747745
-0.19421792030334473,-0.4624236197698684,0.0021750368177890778,0.0,0.0021750368177890778,101130.21875,-0.36943331522428713
-0.19316312670707703,-0.4599122064454215,0.0043500736355781555,0.0,0.0043500736355781555,100818.03125,-0.7951858274624344
-0.19306060671806335,-0.45966811123348417,0.0,0.0,0.0,102047.9140625,0.8820936830253115
-0.19210831820964813,-0.4574007576420194,0.006525110453367233,0.0,0.006525110453367233,101308.6171875,-0.1261385550401507
-0.19200579822063446,-0.4571566624300821,0.0021750368177890778,0.0,0.0021750368177890778,101452.453125,0.0700208419272299
-0.19095100462436676,-0.45464524910563514,0.0043500736355781555,0.0,0.0043500736355781555,101896.140625,0.6751093473083325
-0.1908484846353531,-0.45440115389369784,0.0,0.0,0.0,101251.1640625,-0.20449150736746138
-0.1898207813501358,-0.4519542413098472,0.006488919258117676,0.0,0.006488919258117676,101338.0,-0.08606710362554429
-0.1897936910390854,-0.45188974056925096,0.0021750368177890778,0.0,0.0021750368177890778,101690.34375,0.39444937039698924
-0.18866346776485443,-0.44919873277346295,0.004313882440328598,0.0,0.004313882440328598,101346.25,-0.07481598618501668
-0.18863636255264282,-0.4491341965539115,0.0,0.0,0.0,102759.015625,1.851873948701698
-0.18753322958946228,-0.4465076894987197,0.006452728062868118,0.0,0.006452728062868118,101284.390625,-0.15917805805442733
-0.18750613927841187,-0.4464431887581235,0.0021388456225395203,0.0,0.0021388456225395203,102192.0,1.0785940229454354
-0.18642424046993256,-0.44386723921412513,0.0,0.0,0.0,102004.546875,0.822950735191629
-0.1863759160041809,-0.4437521809623355,0.0042776912450790405,0.0,0.0042776912450790405,101624.9765625,0.3053034427218997
-0.1852940171957016,-0.4411762314183372,0.0021388456225395203,0.0,0.0021388456225395203,101437.5234375,0.049660154968093284
-0.18524567782878876,-0.4410611376875923,0.0064165364019572735,0.0,0.0064165364019572735,101057.9453125,-0.4679977919689093
-0.1842121183872223,-0.4386002818743388,0.0,0.0,0.0,101250.0703125,-0.20598313278571315
-0.18416379392147064,-0.43848522362254916,0.0042776912450790405,0.0,0.0042776912450790405,100870.4921875,-0.7236410797227156
-0.18308189511299133,-0.4359092740785508,0.0021388456225395203,0.0,0.0021388456225395203,100683.0390625,-0.9792843674765221
-0.1830577254295349,-0.4358517272131784,0.006193444132804871,0.0,0.006193444132804871,101560.3984375,0.21723361624140608
-0.18199999630451202,-0.4333333245345525,0.0,0.0,0.0,100495.5859375,-1.2349276552303285
-0.1819758415222168,-0.43327581314813524,0.004054598975926638,0.0,0.004054598975926638,101305.109375,-0.13092241084582956
-0.1808939427137375,-0.43069986360413687,0.0019157532369717956,0.0,0.0019157532369717956,101049.8046875,-0.4790997468676117
-0.18086977303028107,-0.43064231673876446,0.005970351863652468,0.0,0.005970351863652468,100994.6953125,-0.5542563590129543
-0.17978787422180176,-0.4280663671947661,0.0,0.0,0.0,101988.546875,0.8011303862160604
-0.17868182063102722,-0.42543290626435054,0.0019157532369717956,0.0,0.0019157532369717956,101422.75,0.029512557354421202
-0.1775757521390915,-0.42279940985497977,0.0,0.0,0.0,101226.9296875,-0.23754166484901124
-0.1774221956729889,-0.4224337992214021,0.007133339066058397,0.0,0.007133339066058397,101384.96875,-0.022012446378904125
-0.17646969854831696,-0.4201659489245642,0.0019157532369717956,0.0,0.0019157532369717956,100661.1328125,-1.0091594937106503
-0.1764267385005951,-0.420063663096655,0.005515679717063904,0.0,0.005515679717063904,101556.1484375,0.21143758604477064
-0.17536363005638123,-0.4175324525151934,0.0,0.0,0.0,100465.3046875,-1.276224370381356
-0.17532067000865936,-0.4174301666872842,0.0035999263636767864,0.0,0.0035999263636767864,101306.9296875,-0.12843991997116772
-0.17516709864139557,-0.41706452057475135,0.006901759188622236,0.0,0.006901759188622236,101358.296875,-0.05838679764970078
-0.17421460151672363,-0.41479667027791345,0.001684173010289669,0.0,0.001684173010289669,101057.703125,-0.4683280804543793
-0.17417164146900177,-0.4146943844500042,0.0052840993739664555,0.0,0.0052840993739664555,101027.6796875,-0.5092731981853903
-0.17315150797367096,-0.41226549517540706,0.0,0.0,0.0,101953.4609375,0.7532811736919983
-0.17306557297706604,-0.41206088804063346,0.003368346020579338,0.0,0.003368346020579338,100778.453125,-0.8491613586686019
-0.17291200160980225,-0.4116952419281006,0.006670178845524788,0.0,0.006670178845524788,101288.9296875,-0.1529878125686825
-0.17200249433517456,-0.4095297484170823,0.001684173010289669,0.0,0.001684173010289669,101411.1484375,0.013690673453679244
-0.17191654443740845,-0.40932510580335346,0.005052519030869007,0.0,0.005052519030869007,102066.5,0.9074406606683184
-0.1709394007921219,-0.40699857331457595,0.0,0.0,0.0,101167.4140625,-0.3187073965364538
-0.17085346579551697,-0.40679396617980235,0.003368346020579338,0.0,0.003368346020579338,101946.78125,0.7441716041733892
-0.1697903722524643,-0.40426279107729596,0.001684173010289669,0.0,0.001684173010289669,101827.0625,0.5809025476784602
-0.1695009469985962,-0.40357368332999094,0.005254010669887066,0.0,0.005254010669887066,101541.9375,0.19205711007477091
-0.16872727870941162,-0.40173161597478957,0.0,0.0,0.0,101707.328125,0.41761218224898455
-0.1684378683567047,-0.4010425437064398,0.003569837659597397,0.0,0.003569837659597397,101422.2109375,0.028777399112568547
-0.16737477481365204,-0.39851136860393344,0.0018856646493077278,0.0,0.0018856646493077278,101302.484375,-0.13450231184963382
-0.16708534955978394,-0.3978222608566284,0.005455502308905125,0.0,0.005455502308905125,101017.359375,-0.5233477494533231
-0.16651515662670135,-0.39646465863500324,0.0,0.0,0.0,102055.9296875,0.8930251664476424
-0.16602225601673126,-0.3952910857541221,0.0037713292986154556,0.0,0.0037713292986154556,100897.625,-0.6866381148827986
-0.16516265273094177,-0.3932444112641471,0.0018856646493077278,0.0,0.0018856646493077278,101446.3515625,0.06169970298683969
-0.16466973721981049,-0.3920708029043107,0.0056569939479231834,0.0,0.0056569939479231834,101385.9765625,-0.020638020100657854
-0.1643030345439911,-0.3911977012952169,0.0,0.0,0.0,101260.90625,-0.19120538667774742
-0.163810133934021,-0.3900241284143357,0.0037713292986154556,0.0,0.0037713292986154556,100836.78125,-0.7696151060066898
-0.1629505306482315,-0.3879774539243607,0.0018856646493077278,0.0,0.0018856646493077278,100651.328125,-1.0225308501385502
-0.16286496818065643,-0.3877737337634677,0.006556347478181124,0.0,0.006556347478181124,101411.7890625,0.014564339770083852
-0.1627267301082611,-0.3874445954958598,0.004969161935150623,0.0,0.004969161935150623,101557.390625,0.21313164634121373
-0.16209091246128082,-0.38593074395543053,0.0,0.0,0.0,100465.875,-1.2754465942704105
-0.16186711192131042,-0.3853978855269296,0.0030834972858428955,0.0,0.0030834972858428955,101082.6484375,-0.43430836645096577
-0.16106019914150238,-0.38347666462262475,0.007455701008439064,0.0,0.007455701008439064,101437.5859375,0.0497453907062791
-0.16100750863552094,-0.38335121103695463,0.0011978326365351677,0.0,0.0011978326365351677,100607.8984375,-1.0817590337104186
-0.16092196106910706,-0.3831475263550168,0.005868515465408564,0.0,0.005868515465408564,101470.9140625,0.09519734809386508
-0.16078370809555054,-0.38281835260845365,0.004281329922378063,0.0,0.004281329922378063,101006.8203125,-0.5377206258049061
-0.15992410480976105,-0.3807716781184787,0.0023956652730703354,0.0,0.0023956652730703354,100532.0703125,-1.185171293064359
-0.15987879037857056,-0.3806637866156442,0.0,0.0,0.0,101772.84375,0.5069605448022654
-0.159117192029953,-0.3788504572141738,0.006767868995666504,0.0,0.006767868995666504,101362.2890625,-0.052942364873081835
-0.15897893905639648,-0.3785212834676107,0.0051806834526360035,0.0,0.0051806834526360035,101345.8671875,-0.0753380550814048
-0.15884068608283997,-0.37819210972104755,0.003593497909605503,0.0,0.003593497909605503,102184.6640625,1.0685894781758754
-0.15879538655281067,-0.37808425369716825,0.0011978326365351677,0.0,0.0011978326365351677,101405.5703125,0.006083383820595232
-0.15771198272705078,-0.37550472077869235,0.0023956652730703354,0.0,0.0023956652730703354,102337.71875,1.2773211465256638
-0.1576666682958603,-0.3753968292758578,0.0,0.0,0.0,101266.15625,-0.18404558467013893
-0.15716449916362762,-0.3742011884848277,0.0060749780386686325,0.0,0.0060749780386686325,101106.5703125,-0.401684387660345
-0.1570262461900711,-0.37387201473826454,0.004487792495638132,0.0,0.004487792495638132,101593.6484375,0.2625790289562598
-0.1565832644701004,-0.3728172963573819,0.0011978326365351677,0.0,0.0011978326365351677,102490.78125,1.4860634693427253
-0.15589754283428192,-0.37118462579590933,0.0032899598591029644,0.0,0.0032899598591029644,101746.6953125,0.4713000428387749
-0.15545454621315002,-0.3701298719360715,0.0,0.0,0.0,102764.640625,1.8595451651384214
-0.15535004436969757,-0.36988105802308946,0.0069692726247012615,0.0,0.0069692726247012615,101195.2265625,-0.28077749304376604
-0.15521180629730225,-0.3695519197554816,0.005382087081670761,0.0,0.005382087081670761,101002.6171875,-0.5434527291979022
-0.15476882457733154,-0.3684972013745989,0.0020921272225677967,0.0,0.0020921272225677967,102238.65625,1.1422225015011465
-0.15408308804035187,-0.36686449533417115,0.004184254445135593,0.0,0.004184254445135593,101712.6640625,0.42488918339659854
-0.1533973515033722,-0.36523178929374334,0.006276381202042103,0.0,0.006276381202042103,101186.6640625,-0.2924547891752227
-0.15324242413043976,-0.36486291459628517,0.0,0.0,0.0,101949.359375,0.7476875783735542
-0.15255670249462128,-0.3632302440348126,0.0020921272225677967,0.0,0.0020921272225677967,101423.3671875,0.030354260269006127
-0.1518709659576416,-0.36159753799438477,0.004184254445135593,0.0,0.004184254445135593,100897.3671875,-0.6869897123028151
-0.1510303020477295,-0.3595959572564988,0.0,0.0,0.0,101134.0546875,-0.36420197179313274
-0.15088891983032227,-0.35925933292933876,0.006300879642367363,0.0,0.006300879642367363,101548.2578125,0.20067657409881148
-0.150344580411911,-0.35796328669502625,0.0020921272225677967,0.0,0.0020921272225677967,100608.0703125,-1.0815246354304076
-0.14936251938343048,-0.35562504615102497,0.004208752419799566,0.0,0.004208752419799566,101365.546875,-0.048499452020146216
-0.14881817996501923,-0.35432899991671246,0.0,0.0,0.0,100318.7578125,-1.4760808674925463
-0.14838047325611115,-0.3532868410859789,0.006325378082692623,0.0,0.006325378082692623,101021.2421875,-0.5180524792185293
-0.1478361338376999,-0.3519907948516664,0.002116625430062413,0.0,0.002116625430062413,101182.8359375,-0.2976754781391039
-0.14685408771038055,-0.3496525897866204,0.004233250860124826,0.0,0.004233250860124826,100838.5390625,-0.7672178508702138
-0.14660605788230896,-0.34906204257692613,0.0,0.0,0.0,102043.203125,0.8756690392595557
-0.14587202668190002,-0.3473143492426191,0.006349876057356596,0.0,0.006349876057356596,100494.2265625,-1.23678153253587
-0.14562401175498962,-0.3467238375118801,0.002116625430062413,0.0,0.002116625430062413,101451.1875,0.06829481822896714
-0.1446419656276703,-0.344385632446834,0.004233250860124826,0.0,0.004233250860124826,100859.1640625,-0.7390900572688947
-0.1443939357995987,-0.34379508523713975,0.0,0.0,0.0,101249.9140625,-0.20619622213117766
-0.14360477030277252,-0.341916119768506,0.0062510729767382145,0.0,0.0062510729767382145,101360.6640625,-0.055158494065913034
-0.14341188967227936,-0.34145688017209375,0.002116625430062413,0.0,0.002116625430062413,100657.8984375,-1.0135704431617663
-0.14237470924854279,-0.33898740297272095,0.004134447779506445,0.0,0.004134447779506445,101333.921875,-0.09162873554216874
-0.14218181371688843,-0.3385281278973534,0.0,0.0,0.0,100456.6171875,-1.2880721379891844
-0.1413375288248062,-0.33651792577334816,0.006152269896119833,0.0,0.006152269896119833,101304.5234375,-0.1317214958913216
-0.14114463329315186,-0.33605865069798063,0.0020178223494440317,0.0,0.0020178223494440317,102195.5703125,1.0834631144893
-0.14010745286941528,-0.33358917349860784,0.004035644698888063,0.0,0.004035644698888063,101632.953125,0.3161816538078644
-0.13996969163417816,-0.33326117055756704,0.0,0.0,0.0,101995.4765625,0.8105808986874126
-0.1390702724456787,-0.33111969629923504,0.0060534668155014515,0.0,0.0060534668155014515,101403.6953125,0.0035263116750207744
-0.1389325112104416,-0.33079169335819425,0.0020178223494440317,0.0,0.0020178223494440317,101432.859375,0.04329943800597682
-0.13789533078670502,-0.32832221615882146,0.004035644698888063,0.0,0.004035644698888063,100870.234375,-0.7239926771427322
-0.1377575695514679,-0.3279942132177807,0.0,0.0,0.0,101232.7734375,-0.22957212332863752
-0.13683518767356873,-0.3257980658894494,0.006000684108585119,0.0,0.006000684108585119,101347.2734375,-0.07342025097222396
-0.13672038912773132,-0.3255247360184079,0.0020178223494440317,0.0,0.0020178223494440317,100670.15625,-0.9968535840100733
-0.13566024601459503,-0.3230005857490358,0.003982861526310444,0.0,0.003982861526310444,101349.6796875,-0.07013867505207007
-0.13554544746875763,-0.3227272558779944,0.0,0.0,0.0,100470.0625,-1.269735799811961
-0.13460010290145874,-0.3204764354796637,0.0059479009360075,0.0,0.0059479009360075,101290.8359375,-0.15038812255401512
-0.13448530435562134,-0.32020310560862225,0.001965039409697056,0.0,0.001965039409697056,102193.484375,1.0806183717273485
-0.13342516124248505,-0.3176789553392501,0.003930078819394112,0.0,0.003930078819394112,101634.796875,0.31869610808434595
-0.13333334028720856,-0.3174603340171632,0.0,0.0,0.0,101989.34375,0.8022171418779295
-0.13236501812934875,-0.315154805069878,0.0058951182290911674,0.0,0.0058951182290911674,101234.390625,-0.22736664860307954
-0.13227319717407227,-0.31493618374779114,0.001965039409697056,0.0,0.001965039409697056,101430.6640625,0.04030553270220006
-0.13121305406093597,-0.312412033478419,0.003930078819394112,0.0,0.003930078819394112,100871.984375,-0.7216060764735294
-0.1311212182044983,-0.3121933766773769,0.0,0.0,0.0,101226.515625,-0.23810635161449226
-0.1301373690366745,-0.30985087865874883,0.005852122325450182,0.0,0.005852122325450182,101343.734375,-0.07824672464699574
-0.130061075091362,-0.30966922640800476,0.001965039409697056,0.0,0.001965039409697056,100667.84375,-1.0000073063229484
-0.12898540496826172,-0.3071081070672898,0.003887082915753126,0.0,0.003887082915753126,101354.1953125,-0.06398039296814491
-0.12890909612178802,-0.3069264193375906,0.0,0.0,0.0,100463.6875,-1.278429845106914
-0.12790971994400024,-0.30454695224761963,0.0058091264218091965,0.0,0.0058091264218091965,101287.125,-0.15544899450879793
-0.12783342599868774,-0.3043652999968756,0.0019220435060560703,0.0,0.0019220435060560703,101148.296875,-0.34477887795404005
-0.12675774097442627,-0.30180414517720544,0.0038440870121121407,0.0,0.0038440870121121407,100799.015625,-0.8211188008054686
-0.12669697403907776,-0.3016594619978042,0.0,0.0,0.0,101987.3984375,0.799564179526896
-0.1256820559501648,-0.2992429903575352,0.005766130518168211,0.0,0.005766130518168211,101230.515625,-0.2326512643706001
-0.12562130391597748,-0.29909834265708923,0.0019220435060560703,0.0,0.0019220435060560703,101430.421875,0.03997524421673002
-0.124545618891716,-0.29653718783741906,0.0038440870121121407,0.0,0.0038440870121121407,101913.1796875,0.6983467404312403
-0.12448485195636749,-0.29639250465801786,0.0,0.0,0.0,101224.4921875,-0.24086585863825805
-0.12346512079238892,-0.2939645733152117,0.005731471348553896,0.0,0.005731471348553896,101340.953125,-0.08203971499626452
-0.12340917438268661,-0.2938313675778253,0.0019220435060560703,0.0,0.0019220435060560703,101709.7578125,0.4209257215709581
-0.12232867628335953,-0.29125875305561794,0.003809427609667182,0.0,0.003809427609667182,101358.09375,-0.058663813798804684
-0.12227272987365723,-0.2911255473182315,0.0,0.0,0.0,102747.78125,1.8365528247627976
-0.12124818563461304,-0.2886861562728882,0.005696811713278294,0.0,0.005696811713278294,101284.625,-0.15885842403623052
-0.12119223922491074,-0.2885529505355018,0.0018873841036111116,0.0,0.0018873841036111116,102193.0390625,1.0800110670927747
-0.12011174112558365,-0.2859803360132944,0.0037747682072222233,0.0,0.0037747682072222233,101638.2890625,0.3234586549554784
-0.12006060779094696,-0.28585858997844515,0.0,0.0,0.0,101983.0703125,0.7936616046575282
-0.11903124302625656,-0.28340772149108706,0.005662152078002691,0.0,0.005662152078002691,101396.859375,-0.00579634718905277
-0.11898011714220047,-0.2832859931957154,0.0018873841036111116,0.0,0.0018873841036111116,101428.3203125,0.03710919252023199
-0.11789961904287338,-0.28071337867350804,0.0037747682072222233,0.0,0.0037747682072222233,100873.5703125,-0.7194432196170643
-0.1178484857082367,-0.28059163263865883,0.0,0.0,0.0,101218.3515625,-0.24924026991501438
-0.116803377866745,-0.27810328063510714,0.005629451479762793,0.0,0.005629451479762793,101340.109375,-0.08319039746177302
-0.1167679950594902,-0.2780190358559291,0.0018873841036111116,0.0,0.0018873841036111116,100663.6015625,-1.0057926820523106
-0.11567174643278122,-0.2754089200780505,0.003742067376151681,0.0,0.003742067376151681,101359.859375,-0.056255904195055405
-0.1156609058380127,-0.27538310913812547,0.007471609860658646,0.0,0.007471609860658646,101320.0546875,-0.1105404149521465
-0.11563636362552643,-0.27532467529887245,0.0,0.0,0.0,100453.6328125,-1.292142144487557
-0.11457551270723343,-0.2727988397791272,0.005596750415861607,0.0,0.005596750415861607,101283.34375,-0.16060575666903973
-0.11454012244939804,-0.27271457726047155,0.0018546831561252475,0.0,0.0018546831561252475,101158.484375,-0.33088545262975216
-0.11344388127326965,-0.2701044792220706,0.003709366312250495,0.0,0.003709366312250495,100808.09375,-0.808738309833979
-0.11343304067850113,-0.27007866828214555,0.00743890879675746,0.0,0.00743890879675746,101263.28125,-0.18796642862668644
-0.11342424154281616,-0.2700577179590861,0.0,0.0,0.0,101984.390625,0.7954622096267036
-0.11234764009714127,-0.2674943811836697,0.005564049351960421,0.0,0.005564049351960421,101226.5625,-0.23804242481085292
-0.11232800036668777,-0.26744761992068516,0.0018546831561252475,0.0,0.0018546831561252475,101429.2578125,0.03838772859301922
-0.11123175919055939,-0.26483752188228427,0.003709366312250495,0.0,0.003709366312250495,101913.0703125,0.6981975778894152
-0.11121883243322372,-0.2648067438886279,0.007384318392723799,0.0,0.007384318392723799,101347.2421875,-0.07346286884131686
-0.1112121194601059,-0.26479076061929974,0.0,0.0,0.0,101217.953125,-0.24978364774594897
-0.11012768000364304,-0.2622087619134358,0.005534857977181673,0.0,0.005534857977181673,101562.140625,0.21960956244333568
-0.11011587828397751,-0.26218066258089884,0.0018546831561252475,0.0,0.0018546831561252475,101712.8359375,0.4251235816766095
-0.10901179909706116,-0.2595519026120504,0.0036801749374717474,0.0,0.0036801749374717474,101361.9140625,-0.053453779302196726
-0.10899999737739563,-0.2595238032795134,0.0,0.0,0.0,102746.71875,1.835103817213639
-0.10790771245956421,-0.2569231249037243,0.0055056666024029255,0.0,0.0055056666024029255,101010.984375,-0.5320417947482762
-0.10789591819047928,-0.256895043310665,0.0018254917813465,0.0,0.0018254917813465,102193.765625,1.0810019325491846
-0.10678788274526596,-0.2542568636792047,0.0,0.0,0.0,101981.6875,0.7917757639501671
-0.10677890479564667,-0.25423548760868253,0.007325935643166304,0.0,0.007325935643166304,101262.7109375,-0.188744204737632
-0.10568775236606598,-0.2516375056334904,0.005476475227624178,0.0,0.005476475227624178,101087.8359375,-0.4272338001815431
-0.10568379610776901,-0.2516280859708786,0.0018254917813465,0.0,0.0018254917813465,101428.7265625,0.03766322481843979
-0.1045757606625557,-0.24898990633941834,0.0,0.0,0.0,101216.6328125,-0.2515842527151243
-0.10455991327762604,-0.2489521744705382,0.007271665148437023,0.0,0.007271665148437023,101375.5703125,-0.03482977050859609
-0.10347621887922287,-0.24637194971243542,0.005449230317026377,0.0,0.005449230317026377,101562.953125,0.22071762703975129
-0.10347168147563934,-0.24636114637056988,0.0018254917813465,0.0,0.0018254917813465,100663.6796875,-1.0056861373795785
-0.10236818343400955,-0.24373377008097513,0.003623738419264555,0.0,0.003623738419264555,101363.5703125,-0.05119503224027262
-0.10236363857984543,-0.24372294899963198,0.0,0.0,0.0,102742.7578125,1.8297020023061128
-0.10234837979078293,-0.24368661854948317,0.007244420237839222,0.0,0.007244420237839222,101318.8671875,-0.11215989397767699
-0.10126014798879623,-0.24109559044951484,0.0017982465215027332,0.0,0.0017982465215027332,102191.9453125,1.078519441674523
-0.10015664994716644,-0.23846821415992012,0.0035964930430054665,0.0,0.0035964930430054665,101641.125,0.32732622657565974
-0.10015152394771576,-0.23845600939932324,0.0,0.0,0.0,101978.8046875,0.7878442655263463
-0.10013684630393982,-0.23842106262842816,0.0072171748615801334,0.0,0.0072171748615801334,101262.15625,-0.1895006719140311
-0.09904802590608597,-0.2358286331097285,0.0017982465215027332,0.0,0.0017982465215027332,101427.9921875,0.03666170489475646
-0.0979394018650055,-0.2331890520595369,0.0,0.0,0.0,101214.8515625,-0.25401347125342005
-0.09793467074632645,-0.23317778749125345,0.007166050374507904,0.0,0.007166050374507904,101347.7890625,-0.07271705613219098
-0.09684601426124573,-0.23058574824106126,0.005368479527533054,0.0,0.005368479527533054,101563.328125,0.22122904146886618
-0.0968359038233757,-0.23056167576994216,0.0017982465215027332,0.0,0.0017982465215027332,100664.0390625,-1.00519603188501
-0.09573739022016525,-0.22794616719086966,0.003570233006030321,0.0,0.003570233006030321,101364.6796875,-0.0496820978874744
-0.09572727233171463,-0.22792207698027295,0.0,0.0,0.0,100450.8984375,-1.2958712080331865
-0.0946388766169548,-0.22533065861179716,0.005342219490557909,0.0,0.005342219490557909,101013.6328125,-0.5284299303426523
-0.09462876617908478,-0.22530658614067806,0.001771986368112266,0.0,0.001771986368112266,102190.5234375,1.0765803286307956
-0.09353025257587433,-0.22269107756160555,0.003543972736224532,0.0,0.003543972736224532,101641.3046875,0.32757127932294394
-0.09351515769958496,-0.2226551373799642,0.0,0.0,0.0,101977.2109375,0.7856707542026081
-0.09243173152208328,-0.22007555124305545,0.005315958987921476,0.0,0.005315958987921476,101092.09375,-0.42142711551763445
-0.09241664409637451,-0.2200396288008917,0.001771986368112266,0.0,0.001771986368112266,101428.0,0.036672359362029686
-0.0913277342915535,-0.21744698640846072,0.007063244003802538,0.0,0.007063244003802538,101347.6171875,-0.07295145441220197
-0.09131812304258347,-0.2174241024823416,0.003543972736224532,0.0,0.003543972736224532,100878.78125,-0.7123366899458219
-0.0913030356168747,-0.21738818004017785,0.0,0.0,0.0,101214.6796875,-0.25424786953343104
-0.09023326635360718,-0.2148411103657314,0.005289941560477018,0.0,0.005289941560477018,101563.7734375,0.2218363461034401
-0.09020451456308365,-0.21477265372162774,0.001771986368112266,0.0,0.001771986368112266,100665.484375,-1.003224955439463
-0.0891292616724968,-0.21221252779165906,0.00703722657635808,0.0,0.00703722657635808,101319.1484375,-0.11177633315584082
-0.08911965787410736,-0.21218966160501754,0.003517955308780074,0.0,0.003517955308780074,101365.4140625,-0.04868057796379107
-0.08909090608358383,-0.21212120496091388,0.0,0.0,0.0,100452.15625,-1.294155838802197
-0.08803480118513107,-0.20960666948840734,0.00526392413303256,0.0,0.00526392413303256,101014.7734375,-0.5268743781207611
-0.08800604939460754,-0.20953821284430368,0.001745968940667808,0.0,0.001745968940667808,102188.28125,1.0735224965233794
-0.08693079650402069,-0.20697808691433497,0.007011209148913622,0.0,0.007011209148913622,101262.40625,-0.18915972896128785
-0.08692119270563126,-0.20695522072769348,0.003491937881335616,0.0,0.003491937881335616,101641.3671875,0.32765651506112975
-0.08687879145145416,-0.20685426536060517,0.0,0.0,0.0,101974.265625,0.7816540200406016
-0.08583632856607437,-0.20437221087160565,0.005237906705588102,0.0,0.005237906705588102,101094.453125,-0.4182094664011199
-0.08579392731189728,-0.20427125550451733,0.001745968940667808,0.0,0.001745968940667808,101427.359375,0.03579869304562508
-0.0847473219037056,-0.20177933786596572,0.006961183622479439,0.0,0.006961183622479439,101347.546875,-0.073047344617661
-0.08470907062292099,-0.20168826338790713,0.003491937881335616,0.0,0.003491937881335616,100880.4375,-0.7100779428838978
-0.0846666693687439,-0.2015873080208188,0.0,0.0,0.0,101213.34375,-0.2560697834371528
-0.08364154398441315,-0.19914653329622178,0.005212731193751097,0.0,0.005212731193751097,101563.703125,0.22174045589798108
-0.08358180522918701,-0.19900429816473097,0.001745968940667808,0.0,0.001745968940667808,100666.4375,-1.0019251104321294
-0.08255253732204437,-0.19655366029058186,0.006936008110642433,0.0,0.006936008110642433,101319.4453125,-0.11137146339945819
-0.08251427859067917,-0.19646256807304566,0.0034667623694986105,0.0,0.0034667623694986105,101365.984375,-0.04790280185284551
-0.08245454728603363,-0.19632035068103246,0.0,0.0,0.0,100452.421875,-1.293793586914907
-0.08144675195217133,-0.1939208379813603,0.005187555681914091,0.0,0.005187555681914091,101016.046875,-0.5251376999552252
-0.08138702064752579,-0.1937786205893471,0.0017207934288308024,0.0,0.0017207934288308024,102186.1484375,1.0706138269577885
-0.08035774528980255,-0.19132796497572035,0.0069108325988054276,0.0,0.0069108325988054276,101262.578125,-0.18892533068127687
-0.08031949400901794,-0.19123689049766177,0.003441586857661605,0.0,0.003441586857661605,101640.859375,0.32696397468837
-0.08024242520332336,-0.1910533933412461,0.0,0.0,0.0,101973.4921875,0.780599227780552
-0.0792519599199295,-0.18869514266649884,0.0051623801700770855,0.0,0.0051623801700770855,101095.546875,-0.4167178409828681
-0.07917489856481552,-0.18851166324956078,0.0017207934288308024,0.0,0.0017207934288308024,101428.203125,0.036949375511133586
-0.07818804681301117,-0.18616201622145517,0.006860904395580292,0.0,0.006860904395580292,101346.7265625,-0.07416606368134984
-0.07810737192630768,-0.18596993315787544,0.003441586857661605,0.0,0.003441586857661605,100882.90625,-0.7067111312255582
-0.0780303031206131,-0.18578643600145978,0.0,0.0,0.0,101215.546875,-0.25306522366610285
-0.07707292586565018,-0.18350696634678615,0.0051386491395533085,0.0,0.0051386491395533085,101564.1796875,0.2223903784016479
-0.07696277648210526,-0.18324470590977443,0.0017207934288308024,0.0,0.0017207934288308024,100670.25,-0.9967257304027946
-0.07600900530815125,-0.18097382216226487,0.006837173365056515,0.0,0.006837173365056515,101319.8984375,-0.11075350429761104
-0.07592833042144775,-0.18078173909868514,0.003417855827137828,0.0,0.003417855827137828,101366.5703125,-0.04710371680735349
-0.07581818103790283,-0.18051947866167342,0.0,0.0,0.0,100457.59375,-1.286740329580031
-0.07489388436079025,-0.17831877228759585,0.0051149181090295315,0.0,0.0051149181090295315,101016.3671875,-0.5247008667970229
-0.07478373497724533,-0.17805651185058413,0.0016970622818917036,0.0,0.0016970622818917036,102180.7265625,1.063219626670169
-0.07382996380329132,-0.17578562810307458,0.006813442334532738,0.0,0.006813442334532738,101263.2421875,-0.18801970096305257
-0.07374928891658783,-0.17559354503949484,0.003394124563783407,0.0,0.003394124563783407,101639.3203125,0.32486504463554433
-0.07360605895519257,-0.17525252132188707,0.0,0.0,0.0,101969.7421875,0.7754850834894031
-0.07271484285593033,-0.17313057822840555,0.005091186612844467,0.0,0.005091186612844467,102111.265625,0.9684907581439086
-0.07257161289453506,-0.17278955451079778,0.0016970622818917036,0.0,0.0016970622818917036,101428.3359375,0.03713050145477844
-0.07168301194906235,-0.17067383797395796,0.006767635699361563,0.0,0.006767635699361563,101374.015625,-0.03695000949596825
-0.07153716683387756,-0.1703265876997085,0.003394124563783407,0.0,0.003394124563783407,101920.2265625,0.707957069911691
-0.0713939368724823,-0.1699855639821007,0.0,0.0,0.0,101217.34375,-0.25061469619326066
-0.07054878026247025,-0.16797328633921488,0.005085418000817299,0.0,0.005085418000817299,101564.0078125,0.22215598012163693
-0.0703594908118248,-0.16752259717101142,0.0016970622818917036,0.0,0.0016970622818917036,101729.1796875,0.4474127272122002
-0.06951694935560226,-0.1655165460847673,0.0067618670873343945,0.0,0.0067618670873343945,101317.140625,-0.11451453124506014
-0.06937110424041748,-0.1651692958105178,0.0033883557189255953,0.0,0.0033883557189255953,101372.9609375,-0.03838836257785388
-0.06918181478977203,-0.16471860664231439,0.0,0.0,0.0,102712.734375,1.7887568845751018
-0.06838271766901016,-0.1628159944500242,0.005079648923128843,0.0,0.005079648923128843,101016.734375,-0.5242001068351811
-0.06819342821836472,-0.16236530528182075,0.0016912933206185699,0.0,0.0016912933206185699,102176.390625,1.0573063973335282
-0.06735087931156158,-0.160359236456099,0.006756098009645939,0.0,0.006756098009645939,101260.265625,-0.19207905299415204
-0.0672050416469574,-0.16001200392132714,0.0033825866412371397,0.0,0.0033825866412371397,101640.03125,0.325834601157408
-0.06696969270706177,-0.15945164930252803,0.0,0.0,0.0,101965.09375,0.7691456754618331
-0.06621664762496948,-0.15765868482135592,0.005073879845440388,0.0,0.005073879845440388,102101.6953125,0.9554390357342056
-0.06598130613565445,-0.15709834794203442,0.0016912933206185699,0.0,0.0016912933206185699,101428.7421875,0.03768453375298624
-0.06525594741106033,-0.15537130335966748,0.006726220715790987,0.0,0.006726220715790987,101359.609375,-0.05659684714779867
-0.06499291956424713,-0.15474504658154078,0.0033825866412371397,0.0,0.0033825866412371397,101944.9375,0.7416571498969077
-0.0647575780749321,-0.15418470970221929,0.0,0.0,0.0,101217.4375,-0.2504868425859819
-0.0640450268983841,-0.1524881592818669,0.005152984522283077,0.0,0.005152984522283077,101560.5703125,0.2174680145214171
-0.06376919150352478,-0.15183140834172568,0.0016912933206185699,0.0,0.0016912933206185699,101788.1640625,0.5278539551250634
-0.06308432668447495,-0.15020077782017843,0.0068053253926336765,0.0,0.0068053253926336765,101299.5,-0.13857231834800648
-0.06282129883766174,-0.14957452104205177,0.003461691318079829,0.0,0.003461691318079829,101403.7890625,0.003654165282299497
-0.06254545599222183,-0.14891775236243293,0.0,0.0,0.0,101631.375,0.31402945141867256
-0.061873409897089005,-0.1473176426121167,0.005232089199125767,0.0,0.005232089199125767,101019.4296875,-0.5205243156259179
-0.061597567051649094,-0.14666087393249785,0.0017703978810459375,0.0,0.0017703978810459375,101247.0078125,-0.21015968395681808
-0.06091270595788956,-0.14503025228068941,0.006884429603815079,0.0,0.006884429603815079,101234.7734375,-0.22684457970669142
-0.060649678111076355,-0.14440399550256275,0.003540795762091875,0.0,0.003540795762091875,100862.640625,-0.7343488193323088
-0.060333337634801865,-0.1436508038923854,0.0,0.0,0.0,101946.7578125,0.7441396407715696
-0.05970178544521332,-0.14214710820288887,0.005311193410307169,0.0,0.005311193410307169,102088.5078125,0.9374542949769986
-0.05938544496893883,-0.1413939165927115,0.0017703978810459375,0.0,0.0017703978810459375,101416.78125,0.021372544357675844
-0.05902762711048126,-0.14054196931066967,0.006890563294291496,0.0,0.006890563294291496,101296.8125,-0.14223745508999655
-0.05843755602836609,-0.1391370381627764,0.003540795762091875,0.0,0.003540795762091875,102023.40625,0.8486706191891987
-0.0581212155520916,-0.13838384655259905,0.0,0.0,0.0,101170.9296875,-0.3139128862635017
-0.05741134658455849,-0.13669368234418688,0.005811099894344807,0.0,0.005811099894344807,101548.390625,0.20085770004245634
-0.05717332288622856,-0.13612695925292514,0.0017703978810459375,0.0,0.0017703978810459375,101958.2890625,0.7598656344668525
-0.05673718452453613,-0.1350885345822289,0.007390469778329134,0.0,0.007390469778329134,101227.6875,-0.23650818152350822
-0.05614711344242096,-0.13368360343433563,0.004040702246129513,0.0,0.004040702246129513,101483.28125,0.11206336978738328
-0.055909089744091034,-0.1331168803430739,0.0,0.0,0.0,101893.1640625,0.671049995277233
-0.05512090399861336,-0.1312402476157461,0.006311006378382444,0.0,0.006311006378382444,101008.265625,-0.5357495493593591
-0.05488288402557373,-0.13067353339422316,0.0022703041322529316,0.0,0.0022703041322529316,101418.1640625,0.023258385065037007
-0.05385667458176613,-0.12823017757563365,0.004540608264505863,0.0,0.004540608264505863,100943.1484375,-0.6245545340817055
-0.053696971386671066,-0.12784993187302635,0.0,0.0,0.0,101994.703125,0.8095261064273631
-0.05283046141266823,-0.1257868128873053,0.006810912396758795,0.0,0.006810912396758795,101290.6015625,-0.15070775657221194
-0.052670761942863464,-0.12540657605443684,0.0022703041322529316,0.0,0.0022703041322529316,101432.984375,0.043469909482348454
-0.05164455249905586,-0.1229632202358473,0.004540608264505863,0.0,0.004540608264505863,101842.1328125,0.6014550150485148
-0.0514848493039608,-0.12258297453324,0.0,0.0,0.0,101207.890625,-0.26350660159386524
-0.0504586398601532,-0.12013961871465048,0.0022703041322529316,0.0,0.0022703041322529316,101590.59375,0.25841313225242807
-0.050449173897504807,-0.12011708070834479,0.006536803208291531,0.0,0.006536803208291531,101389.5390625,-0.015779583024066384
-0.049272727221250534,-0.11731601719345365,0.0,0.0,0.0,101339.046875,-0.08463940501093188
-0.04926326498389244,-0.11729348805688677,0.004266499076038599,0.0,0.004266499076038599,101301.0078125,-0.1365160061642737
-0.04807735234498978,-0.11446988653568994,0.0019961947109550238,0.0,0.0019961947109550238,101049.46875,-0.47955788896036045
-0.048067886382341385,-0.11444734852938425,0.006262693554162979,0.0,0.006262693554162979,101337.8125,-0.08632281084010174
-0.04706060513854027,-0.11204905985366731,0.0,0.0,0.0,102033.65625,0.8626492802516725
-0.04688197746872902,-0.11162375587792624,0.0039923894219100475,0.0,0.0039923894219100475,100759.875,-0.8744976818443355
-0.04586523026227951,-0.1092029291959036,0.0019961947109550238,0.0,0.0019961947109550238,101448.71875,0.06492800657062744
-0.04568659886717796,-0.10877761635042373,0.005988583900034428,0.0,0.005988583900034428,101286.0703125,-0.15688734759068354
-0.0448484867811203,-0.10678211138361976,0.0,0.0,0.0,101268.671875,-0.18061484620815987
-0.04466985538601875,-0.1063567985381399,0.0039923894219100475,0.0,0.0039923894219100475,101915.6796875,0.701756169958673
-0.04365311190485954,-0.10393598072585605,0.0019961947109550238,0.0,0.0019961947109550238,101707.9375,0.41844323069629624
-0.043549876660108566,-0.10369018252406802,0.005951940082013607,0.0,0.005951940082013607,101561.7578125,0.21908749354694756
-0.042636364698410034,-0.10151515404383342,0.0,0.0,0.0,101500.1875,0.1351196369666463
-0.04253312945365906,-0.10126935584204538,0.003955745603889227,0.0,0.003955745603889227,101354.0234375,-0.0642147912481559
-0.042491354048252106,-0.10116989059107645,0.007472981233149767,0.0,0.007472981233149767,101320.15625,-0.11040190687759455
-0.04151638597249985,-0.09884853802976154,0.001959550892934203,0.0,0.001959550892934203,101146.28125,-0.3475277305105326
-0.04141315445303917,-0.09860274869771231,0.005915296263992786,0.0,0.005915296263992786,101000.09375,-0.5468941221271545
-0.04042424261569977,-0.09624819670404706,0.0,0.0,0.0,101960.921875,0.76345618993793
-0.04039640724658966,-0.09618192201568967,0.003919101785868406,0.0,0.003919101785868406,100792.359375,-0.8301964069222579
-0.04035463184118271,-0.09608245676472074,0.007436337415128946,0.0,0.007436337415128946,101251.6015625,-0.20389485720016068
-0.03930426388978958,-0.0935815806899752,0.001959550892934203,0.0,0.001959550892934203,101425.6015625,0.033401437909149026
-0.039276428520679474,-0.0935153060016178,0.005878652445971966,0.0,0.005878652445971966,102139.6796875,1.007241055616635
-0.0382121205329895,-0.09098123936426072,0.0,0.0,0.0,101221.109375,-0.2454792429675653
-0.038184285163879395,-0.09091496467590332,0.003919101785868406,0.0,0.003919101785868406,101958.515625,0.7601746140177761
-0.03710835427045822,-0.08835322445347196,0.005952748004347086,0.0,0.005952748004347086,101568.7421875,0.22861258728921244
-0.037092141807079315,-0.08831462335018885,0.001959550892934203,0.0,0.001959550892934203,101777.328125,0.5130762090170976
-0.03601621091365814,-0.08575288312775749,0.003993196878582239,0.0,0.003993196878582239,101387.5546875,-0.018485817711466016
-0.035999998450279236,-0.08571428202447437,0.0,0.0,0.0,102731.046875,1.8137309558635457
-0.03494028002023697,-0.08319114290532612,0.006026843097060919,0.0,0.006026843097060919,100997.7734375,-0.5500584989073029
-0.03492406755685806,-0.08315254180204301,0.0020336462184786797,0.0,0.0020336462184786797,102181.359375,1.0640826385193003
-0.03384813666343689,-0.08059080157961164,0.004067292436957359,0.0,0.004067292436957359,101631.6640625,0.31442366670778193
-0.03378788009285927,-0.08044733355442683,0.0,0.0,0.0,101976.203125,0.7842963279243618
-0.03277220577001572,-0.07802906135718028,0.006100938189774752,0.0,0.006100938189774752,101081.9609375,-0.43524595957100976
-0.0327119454741478,-0.07788558446225666,0.0020336462184786797,0.0,0.0020336462184786797,101426.5078125,0.03463735611284335
-0.03163601830601692,-0.0753238531095641,0.004067292436957359,0.0,0.004067292436957359,100876.8203125,-0.7150109612314018
-0.031575758010149,-0.07518037621464048,0.0,0.0,0.0,101221.3515625,-0.24514895448209525
-0.030542006716132164,-0.07271906360983849,0.006090259179472923,0.0,0.006090259179472923,101332.078125,-0.09414318981865029
-0.03049982711672783,-0.07261863599220912,0.0020336462184786797,0.0,0.0020336462184786797,100671.6640625,-0.9947972718263405
-0.02940581738948822,-0.0700138509273529,0.004056612960994244,0.0,0.004056612960994244,101364.3515625,-0.05012958551294993
-0.029363635927438736,-0.06991341887485414,0.0,0.0,0.0,100466.5078125,-1.274583582421279
-0.02831180766224861,-0.0674090658624967,0.006079580169171095,0.0,0.006079580169171095,101276.0546875,-0.17054637463496045
-0.028269626200199127,-0.06730863380999792,0.0020229669753462076,0.0,0.0020229669753462076,101167.375,-0.31876066887281995
-0.02717561647295952,-0.0647038487451417,0.004045933950692415,0.0,0.004045933950692415,100807.6875,-0.8092923421321868
-0.02715151570737362,-0.06464646596993719,0.0,0.0,0.0,101977.2578125,0.7857346810062474
-0.02608160674571991,-0.062099063680285504,0.006068900693207979,0.0,0.006068900693207979,101297.828125,-0.14085237434447706
-0.02605750598013401,-0.06204168090508098,0.0020229669753462076,0.0,0.0020229669753462076,101424.609375,0.032048320565449206
-0.0249634962528944,-0.05943689584022477,0.004045933950692415,0.0,0.004045933950692415,101940.2421875,0.7352538150656983
-0.024939395487308502,-0.05937951306502025,0.0,0.0,0.0,101204.4765625,-0.26816260379226536
-0.023845385760068893,-0.05677472800016403,0.0020229669753462076,0.0,0.0020229669753462076,101744.7578125,0.46865773495501467
-0.023801634088158607,-0.05667055735275859,0.006146931555122137,0.0,0.006146931555122137,101304.6171875,-0.13159364228404288
-0.022727273404598236,-0.0541125557252339,0.0,0.0,0.0,102761.578125,1.8553686139673164
-0.0226835235953331,-0.05400838951269786,0.004123964812606573,0.0,0.004123964812606573,101362.640625,-0.05246291384578663
-0.021565411239862442,-0.05134621723776772,0.0021009978372603655,0.0,0.0021009978372603655,102151.9140625,1.0239259513665082
-0.021521659567952156,-0.05124204659036228,0.006224962417036295,0.0,0.006224962417036295,101248.5390625,-0.20807140837126561
-0.02051515132188797,-0.048845598385447546,0.0,0.0,0.0,102103.3359375,0.9576764738615833
-0.020403549075126648,-0.04857987875030154,0.004201995674520731,0.0,0.004201995674520731,101542.234375,0.19246197983115354
-0.019353289157152176,-0.046079259897981374,0.0021009978372603655,0.0,0.0021009978372603655,101493.6640625,0.12622315679350185
-0.019241685047745705,-0.04581353582796596,0.006302993278950453,0.0,0.006302993278950453,100932.5703125,-0.6389806827696547
-0.018303031101822853,-0.04357864548053061,0.0,0.0,0.0,101445.0859375,0.059973679288576935
-0.018191426992416382,-0.043312921410515196,0.004201995674520731,0.0,0.004201995674520731,100883.9921875,-0.7052301602745796
-0.017717653885483742,-0.04218489020353272,0.005697412416338921,0.0,0.005697412416338921,101512.1953125,0.15149555316559607
-0.017474781721830368,-0.041606623147215166,0.007421697489917278,0.0,0.007421697489917278,101586.9375,0.2534268415685579
-0.01714116893708706,-0.04081230699306443,0.0021009978372603655,0.0,0.0021009978372603655,100835.4296875,-0.771458328844958
-0.01666739583015442,-0.039684275786081954,0.0035964148119091988,0.0,0.0035964148119091988,101071.7890625,-0.44911807596075115
-0.01619362272322178,-0.03855624457909947,0.005091831553727388,0.0,0.005091831553727388,100811.0234375,-0.8047428846065189
-0.016090909019112587,-0.03831168814074425,0.0,0.0,0.0,100786.8515625,-0.837707806349883
-0.015950750559568405,-0.03797797752278192,0.006816116161644459,0.0,0.006816116161644459,101469.609375,0.0934180520592362
-0.015617136843502522,-0.03718365915119648,0.0014954169746488333,0.0,0.0014954169746488333,100631.375,-1.0497423595543716
-0.015143363736569881,-0.036055627944214005,0.0029908339492976665,0.0,0.0029908339492976665,100370.609375,-1.4053671682001394
-0.014669590629637241,-0.03492759673723153,0.004486250691115856,0.0,0.004486250691115856,100109.84375,-1.760991976845907
-0.014426719397306442,-0.03434933189834867,0.006210535764694214,0.0,0.006210535764694214,101352.2734375,-0.06660139191735873
-0.01387878879904747,-0.03304473523582731,0.0,0.0,0.0,101595.4140625,0.2649869385600091
-0.01340501569211483,-0.03191670402884483,0.0014954169746488333,0.0,0.0014954169746488333,101139.3984375,-0.35691431617824554
-0.013216253370046616,-0.03146726992868242,0.004940642975270748,0.0,0.004940642975270748,102316.3515625,1.248181178533388
-0.012973381206393242,-0.030889002872364863,0.0066649275831878185,0.0,0.0066649275831878185,101418.4921875,0.02370587269051254
-0.01293124258518219,-0.03078867282186236,0.0029908339492976665,0.0,0.0029908339492976665,101729.7890625,0.4482437756595119
-0.011762915179133415,-0.028006940902698608,0.005395034793764353,0.0,0.005395034793764353,102291.9140625,1.2148540049027343
-0.011666667647659779,-0.027777780113475665,0.0,0.0,0.0,100781.9140625,-0.8444414296665623
-0.011520043015480042,-0.027428673846381053,0.007119319401681423,0.0,0.007119319401681423,101483.5625,0.11244693060921945
-0.01147790439426899,-0.02732834379587855,0.003445225767791271,0.0,0.003445225767791271,101705.359375,0.4149272564961314
-0.011192894540727139,-0.026649748906493187,0.0014954169746488333,0.0,0.0014954169746488333,101118.8046875,-0.38499949191047167
-0.010309576988220215,-0.024546611876714797,0.0058494266122579575,0.0,0.0058494266122579575,102267.4765625,1.1815268312720806
-0.010024567134678364,-0.02386801698732944,0.0038996178191155195,0.0,0.0038996178191155195,101680.9296875,0.3816107373327508
-0.009739556349813938,-0.023189419880509377,0.0019498089095577598,0.0,0.0019498089095577598,101094.3671875,-0.4183266655411254
-0.009602531790733337,-0.02286317093031747,0.007234727032482624,0.0,0.007234727032482624,101137.0078125,-0.3601745831638529
-0.009454545564949512,-0.022510822773689317,0.0,0.0,0.0,103314.859375,2.609917986257246
-0.008637827821075916,-0.02056625671684742,0.005598434712737799,0.0,0.005598434712737799,100472.8984375,-1.2658682281917795
-0.008352817967534065,-0.01988766182746206,0.0036486259195953608,0.0,0.0036486259195953608,101091.921875,-0.42166151379764544
-0.00806780718266964,-0.019209064720642,0.001698817010037601,0.0,0.001698817010037601,102577.5,1.604328056075544
-0.007930782623589039,-0.018882815770450093,0.006983735132962465,0.0,0.006983735132962465,101150.7734375,-0.34140141182842715
-0.006966079119592905,-0.016585902665697393,0.00534744281321764,0.0,0.00534744281321764,100207.4921875,-1.627821790397844
-0.00693316338583827,-0.0165075318710435,8.210142368625384e-06,0.0,8.210142368625384e-06,102385.328125,1.3422494700887084
-0.006681068800389767,-0.015907306667594684,0.003397634020075202,0.0,0.003397634020075202,101840.125,0.5987168169592956
-0.006259033922106028,-0.014902461719300066,0.0067327432334423065,0.0,0.0067327432334423065,101247.09375,-0.2100424848168126
-0.005546425003558397,-0.013205773817996185,0.0017070272006094456,0.0,0.0017070272006094456,101647.9609375,0.33664888543973326
-0.0052943299524486065,-0.012605547505830017,0.005096450913697481,0.0,0.005096450913697481,101102.75,-0.40689442215695293
-0.004411781206727028,-0.010504240968397686,1.6420284737250768e-05,0.0,1.6420284737250768e-05,101455.7890625,0.0745702994528978
-0.004352731164544821,-0.010363645629868622,0.006664634682238102,0.0,0.006664634682238102,101404.0078125,0.003952490365949851
-0.004159686155617237,-0.009904014656231518,0.0034058440942317247,0.0,0.0034058440942317247,100910.59375,-0.6689516992092419
-0.0033473812509328127,-0.00796995535936384,0.005030407104641199,0.0,0.005030407104641199,101688.5078125,0.3919455705877809
-0.0030250425916165113,-0.007202482360991694,0.0017152372747659683,0.0,0.0017152372747659683,100718.4375,-0.931008976261531
-0.0024057826958596706,-0.00572805403776112,0.006598590407520533,0.0,0.006598590407520533,101344.609375,-0.07705342431239433
-0.0022127374541014433,-0.005268422509765341,0.0033398002851754427,0.0,0.0033398002851754427,101392.1328125,-0.01224229988935505
-0.0018903986783698201,-0.004500949234213857,2.463042619638145e-05,0.0,2.463042619638145e-05,102692.140625,1.7606717088428756
-0.0014004327822476625,-0.0033343637672563395,0.004964363295584917,0.0,0.004964363295584917,101077.9609375,-0.4407010468149019
-0.0010780938901007175,-0.002566890214525518,0.0016491933492943645,0.0,0.0016491933492943645,102131.859375,0.9965759338761347
-0.00045883405255153775,-0.0010924620298846137,0.0065325465984642506,0.0,0.0065325465984642506,101245.6640625,-0.21199225232781313
-0.00026578898541629314,-0.0006328309176578408,0.003273756243288517,0.0,0.003273756243288517,101571.5703125,0.23246950444212056
1.2461483493098058e-05,2.9670198793090613e-05,3.0826533475192264e-05,4.6048610071427566e-10,3.082607298909155e-05,102063.625,0.903519816711771
0.0005465158610604703,0.0013012282406201674,0.004898319020867348,8.856867676055293e-07,0.004897433334099742,101978.9296875,0.788014737002718
0.000824766349978745,0.0019637294047112975,0.0016553894383832812,2.017127693006863e-06,0.0016533723106902745,101503.3359375,0.13941338727775676
0.001552501111291349,0.0036964312173603546,0.006505114492028952,7.146959998706853e-06,0.006497967532030245,101333.2578125,-0.09253436526039302
0.0016370712546631694,0.0038977887015789747,0.0032799523323774338,7.946767238682603e-06,0.003272005565138751,101927.390625,0.71772721640124
0.0019153216853737831,0.004560289727080436,3.702264075400308e-05,1.0877542091542171e-05,2.6145098662460906e-05,101435.1015625,0.04635727011339295
0.002219888847321272,0.005285449636479219,0.004833799321204424,1.4611660683055588e-05,0.0048191876605213685,101518.34375,0.15988061890962565
0.0027276265900582075,0.006494349023948113,0.001661585527472198,2.2059039767771558e-05,0.0016395264877044264,101875.84375,0.6474290413324889
0.0032258741557598114,0.007680652751809075,0.0064405943267047405,3.085230301969722e-05,0.006409742023685043,101329.2890625,-0.0979468346351923
0.003310444299131632,0.007882010236027696,0.00321543263271451,3.249083242535519e-05,0.0031829418002891547,101466.8046875,0.08959309830814774
0.003818181809037924,0.009090909069137914,4.3218744394835085e-05,4.321874575045773e-05,-1.3556226453881326e-12,101824.28125,0.5771095573291913
0.0038932617753744125,0.009269670893748602,0.0047692796215415,4.493466131003777e-05,0.004724344960231462,101057.7578125,-0.4682534991834667
0.0044009992852807045,0.010478569726858821,0.0015970657113939524,5.741465306203632e-05,0.001539651058331916,101415.25,0.019284268772123372
0.004899247083812952,0.011664874009078457,0.006376074627041817,7.114449469614262e-05,0.006304930132345674,101319.734375,-0.1109772481103488
0.0049838172271847725,0.011866231493297078,0.0031509127002209425,7.362071942723789e-05,0.0030772919807937047,101006.203125,-0.5385623287194911
0.005292929708957672,0.012602213592756362,0.00013413555279839784,8.303140061822807e-05,5.110415218016977e-05,102818.3203125,1.9327520097727635
0.005566634703427553,0.013253892151017984,0.004704759456217289,9.183568697661666e-05,0.004612923769240673,100597.171875,-1.096387617276559
0.005692953243851662,0.013554650580599195,0.007395154796540737,9.604831407286739e-05,0.00729910648246787,101331.546875,-0.09486769359322972
0.005875747185200453,0.013989874250477268,0.0016879824688658118,0.00010231129559915533,0.0015856711732666565,101965.1484375,0.7692202567327457
0.00636034132912755,0.015143669831256073,0.005723839625716209,0.0001198699140144136,0.005603969711701796,101335.7265625,-0.08916755360205332
0.0064585646614432335,0.015377534908198176,0.00324182934127748,0.00012359792287387796,0.003118231418403602,101111.96875,-0.3943221507745452
0.006767677143216133,0.01611351700765746,0.0002250523684779182,0.0001357017014326878,8.935066704523042e-05,102162.828125,1.038810242147206
0.007072138134390116,0.016838424129500276,0.0045920442789793015,0.0001481744632813253,0.004443869815697976,101344.3828125,-0.07736240386331791
0.00715404748916626,0.01703344640277681,0.00674291979521513,0.00015162335100170617,0.006591296444213424,101318.5546875,-0.11258607266860607
0.007350494619458914,0.017501177665378367,0.001778899342752993,0.00016005619857359718,0.0016188431441793959,101309.65625,-0.12472151089281151
0.007865844294428825,0.018728200701021012,0.005611124914139509,0.00018325951447593477,0.005427865399663574,101327.21875,-0.10077026846259743
0.007964068092405796,0.01896206688668047,0.0031291143968701363,0.00018785950491704247,0.0029412548919530938,101535.140625,0.1827877235470635
0.008242424577474594,0.01962482042255856,0.00031596916960552335,0.00020120402306485823,0.00011476514654066512,101507.328125,0.1448578200543757
0.008577641099691391,0.020422954999265216,0.004479329567402601,0.000217879694441224,0.004261449872961377,101014.0625,-0.5278439346426248
0.008659549988806248,0.0206179761638244,0.006630204617977142,0.00022205483009011214,0.00640814978788703,101170.9765625,-0.31384895945986235
0.008855997584760189,0.02108570853514331,0.0016661842819303274,0.0002322291208731042,0.0014339551610572233,101649.0390625,0.3381192019234386
0.009371346794068813,0.022312730462068605,0.005498409736901522,0.0002599977631166461,0.005238411973784876,101318.703125,-0.11238363779041476
0.009469570592045784,0.022546596647728057,0.0030163994524627924,0.00026546738380287265,0.00275093206865992,101127.9765625,-0.37249114733170324
0.009717172011733055,0.023136123837459655,0.0004068859852850437,0.0002795064842507178,0.0001273795010343259,102843.359375,1.9668995773834557
0.009954041801393032,0.02370009952712627,0.006813612300902605,0.0002932738042934586,0.006520338496609147,101281.1015625,-0.16366358877645587
0.010083143599331379,0.02400748476031281,0.004366614390164614,0.0003009160113971112,0.004065698378767502,100606.90625,-1.0831121510541184
0.01033074501901865,0.024597011950044406,0.0017571011558175087,0.0003158462476773649,0.0014412549081401437,102065.359375,0.9058851084464272
0.010665838606655598,0.025394853825370472,0.005681817419826984,0.0003366242829425775,0.005345193136884407,101265.5234375,-0.18490859651927033
0.01094431895762682,0.02605790228006386,0.0031073163263499737,0.000354392191327235,0.0027529241350227386,101287.3671875,-0.1551187060233279
0.011191919445991516,0.026647427252360755,0.0004978028009645641,0.0003705709736473957,0.0001272318273171684,102209.375,1.102289558161092
0.011248532682657242,0.026782220672993434,0.006997019983828068,0.00037432057686812915,0.006622699406959939,101291.46875,-0.14952511070488375
0.011540922336280346,0.027478386514953206,0.004463433753699064,0.00039398436938728194,0.004069449384311782,101526.375,0.1708334112665029
0.011805493384599686,0.028108317582380204,0.0018480179132893682,0.000412207780285304,0.0014358101330040642,101431.3828125,0.04128574369133694
0.01212361641228199,0.028865753362576168,0.005778636317700148,0.0004346609089072062,0.005343975408792941,101255.8203125,-0.19814144487261814
0.012402096763253212,0.029528801817269554,0.0032041354570537806,0.0004548006638946234,0.0027493347931591573,101721.4453125,0.43686480461170557
0.012666666880249977,0.03015873066726185,0.0005887196166440845,0.00047435316838270833,0.00011436644826137612,101575.3828125,0.2376688844714553
0.012706311419606209,0.03025312242763383,0.007093839347362518,0.00047731814653537456,0.006616521200827143,101281.765625,-0.16275795905823157
0.012998701073229313,0.030949288269593603,0.004560253117233515,0.0004994683287319367,0.004060784788501578,101087.203125,-0.4280968120306745
0.013263271190226078,0.0315792171195859,0.0019448371604084969,0.0005199397578185965,0.0014248974025899003,101916.515625,0.7028961979569083
0.013581395149230957,0.03233665511721657,0.005875455681234598,0.0005450938497801582,0.00533036183145444,101246.109375,-0.21138494769323918
0.013859875500202179,0.03299970357190995,0.0033009545877575874,0.0005675958747447374,0.00273335871301285,101282.28125,-0.1620547642181986
0.014141415245831013,0.03367003629959765,0.0006796364323236048,0.0005908026331554495,8.883379916815534e-05,102926.3828125,2.080124601096038
0.014195322059094906,0.03379838585498787,0.007267107721418142,0.0005952985033755785,0.006671809218042564,101271.5546875,-0.17668334778433914
0.014456478878855705,0.0344201878067993,0.004657072015106678,0.0006173176437277237,0.004039754371378954,101123.375,-0.3787666285556339
0.014738018624484539,0.035090520534486996,0.002035754034295678,0.0006414978612168679,0.0013942561730788104,102160.3515625,1.0354327760215933
0.015070406720042229,0.03588192076200531,0.006048724055290222,0.0006706356557800062,0.005378088399510216,101188.8984375,-0.2894076115350798
0.01533462293446064,0.03651100698681105,0.0033918714616447687,0.0006942530111838815,0.002697618450460887,101394.328125,-0.009248394585578287
0.015616162680089474,0.037181339714498746,0.0007705532480031252,0.0007198625426555764,5.069070534754875e-05,102359.640625,1.3072175816943383
0.015684334561228752,0.037343653717211316,0.007440375629812479,0.0007261324132115358,0.006714243216600943,101254.421875,-0.20004859451452575
0.015951547771692276,0.037979875646886374,0.004813308361917734,0.0007509668242842511,0.0040623415376334834,101145.390625,-0.3487423397796805
0.016212766990065575,0.0386018261668228,0.0021266706753522158,0.0007756418932007682,0.0013510287821514476,101593.609375,0.2625257566198937
0.01656547375023365,0.03944160416722298,0.006204960402101278,0.0008095822214234351,0.0053953781806778435,101210.9140625,-0.2593833227591264
0.01682968996465206,0.04007069039202872,0.003548107575625181,0.0008354759069620752,0.002712631668663106,101914.90625,0.7007013776986235
0.01709090918302536,0.040692640911965144,0.0008614700636826456,0.0008614700570654093,6.617236272821181e-12,101792.890625,0.5342999078253656
0.017179401591420174,0.04090333712242899,0.007596611976623535,0.0008703648181380783,0.006726247158485457,101165.9453125,-0.32071043638382046
0.017446616664528847,0.04153956348697345,0.00496954470872879,0.0008974963170165712,0.004072048391712219,101167.421875,-0.3186967420691806
0.017707834020256996,0.04216150957204047,0.002282907022163272,0.0009244143067251558,0.001358492715438116,103381.9140625,2.7013652788633524
0.01806054264307022,0.04300129200731005,0.006361196283251047,0.000961379943424203,0.005399816339826844,101148.6171875,-0.34434204479583774
0.018324758857488632,0.04363037823211579,0.0037043439224362373,0.0009895370092702783,0.002714806913165959,102272.640625,1.1885694341396835
0.01856565661728382,0.044203944326866244,0.0010643319692462683,0.0010155564320785725,4.8775537167695775e-05,103905.0859375,3.4148523342822656
0.018702946603298187,0.044530825245948064,0.007752664387226105,0.0010305332420174678,0.006722131145208637,101266.9375,-0.18298013794281626
0.018941683694720268,0.045099246892191115,0.005125780589878559,0.0010568326177412307,0.004068947972137329,101131.2734375,-0.3679949621424015
0.019182581454515457,0.04567281298694156,0.0024857688695192337,0.0010836989742648271,0.0014020698952544066,102795.8125,1.9020564895585967
0.019584087654948235,0.046628780130829134,0.006517248693853617,0.00112921074205631,0.005388037951797307,101249.6015625,-0.20662240082210676
0.019799506291747093,0.04714168164701689,0.0039072055369615555,0.0011540064019387166,0.002753199135022839,102543.234375,1.5575975626151708
0.020040404051542282,0.04771524774176734,0.00126719381660223,0.0011820465853636987,8.51472312385314e-05,103318.984375,2.61554354497751
0.0202264916151762,0.048158313369467146,0.0079087158665061,0.0012039320601757717,0.006704783806330328,101367.9296875,-0.04524983950181201
0.02043459378182888,0.048653794718640196,0.00529514579102397,0.0012286388328470348,0.004066506958176935,101147.171875,-0.34631312124138475
0.020657328888773918,0.04918411640184266,0.0026886307168751955,0.00125535425376534,0.0014332764631098554,103136.3671875,2.3664953724658306
0.021076995879411697,0.050183323522408806,0.00668661342933774,0.0013064515242312187,0.0053801619051065215,101195.5703125,-0.28030869648374407
0.021292416378855705,0.05069622947346597,0.004076570738106966,0.0013330662342781604,0.002743504503828806,102110.734375,0.9677662543693292
0.021515151485800743,0.05122655115666844,0.00147005554754287,0.0013608594828993749,0.00010919606464349519,104773.5390625,4.599224225308715
0.021719401702284813,0.05171286119591623,0.008078080601990223,0.0013865914977948248,0.006691489104195398,101243.9609375,-0.21431492619337658
0.021927502006292343,0.05220833811021987,0.005464510526508093,0.0014130496995499546,0.004051460826958138,101143.296875,-0.3515977370089053
0.02215023897588253,0.05273866422829174,0.0028579954523593187,0.001441638215133631,0.0014163572372256877,103586.7734375,2.9807467197019086
0.02256990596652031,0.05373787134885788,0.006855978164821863,0.0014962585976342037,0.0053597195671876595,101129.140625,-0.37090363170799245
0.022785324603319168,0.05425077286504564,0.004245935473591089,0.0015246786227991395,0.00272125685079195,102400.0,1.3622585596278287
0.022989898920059204,0.05473785457156954,0.0016729173948988318,0.0015519080929429893,0.00012100930195584254,104084.1328125,3.65903141525008
0.023238420486450195,0.05532957258678618,0.008210928179323673,0.0015853014087467547,0.006625626770576919,101258.8046875,-0.19407143837424545
0.023420410230755806,0.05576288150179954,0.005633875261992216,0.0016099734437919002,0.004023901818200316,101104.6796875,-0.4042627687404659
0.02362498641014099,0.05624996764319284,0.0030608572997152805,0.0016379277333313505,0.00142292956638393,102897.3671875,2.040553909643273
0.024088924750685692,0.05735458273972784,0.006988825276494026,0.0017021849810762,0.005286640295417826,101234.3359375,-0.22744122987399212
0.02426007203757763,0.057762076279946735,0.004448797088116407,0.0017261913155557445,0.002722605772560663,101710.5859375,0.4220550951019202
0.024464646354317665,0.05824915798647063,0.0018757792422547936,0.001755099428390787,0.00012067981386400663,103394.7265625,2.718838605191445
0.024757439270615578,0.05894628397765614,0.008343774825334549,0.0017968767522710664,0.006546898073063483,101364.0078125,-0.05059838207297192
0.024897627532482147,0.059280065553528924,0.005803287029266357,0.001817047432649857,0.0039862395966165,101554.3359375,0.20896574963738201
0.025099733844399452,0.05976127105809394,0.0032637191470712423,0.0018463181094879803,0.001417401037583262,102207.9609375,1.100361099584638
0.025566142052412033,0.06087176679145723,0.0071582370437681675,0.0019147268643135925,0.005243510179454575,101190.4296875,-0.28731933594952735
0.02573728933930397,0.06127926033167612,0.004618208855390549,0.0019401296456283265,0.0026780792097622222,102127.7109375,0.9909184117540513
0.025939393788576126,0.06176046140137173,0.0020786409731954336,0.001970334592036521,0.00010830638115891245,102705.3203125,1.7786457951328094
0.02623465657234192,0.06246346802938552,0.008513187058269978,0.002014865271821981,0.006498321786447997,101142.3671875,-0.3528656186144193
0.02637484483420849,0.06279724960525832,0.005972698796540499,0.0020361753708233316,0.003936523425717167,101124.703125,-0.3769553691191853
0.026576951146125793,0.06327845510982331,0.0034331309143453836,0.002067087024630069,0.0013660438897153148,103551.421875,2.932535255290557
0.027043359354138374,0.0643889508431866,0.007327648811042309,0.002139274994999587,0.005188373816042722,101101.6015625,-0.4084606288461173
0.02721450664103031,0.06479644438340551,0.004787621088325977,0.0021660618176709678,0.0026215592706550096,102409.7421875,1.3755446803175426
0.027414141222834587,0.06527176481627282,0.0022815028205513954,0.002197508824706655,8.399399584474053e-05,104150.65625,3.749754204081607
0.02771059423685074,0.06597760532583509,0.008616937324404716,0.0022446068032935832,0.006372330521111133,101243.5703125,-0.21484764955703792
0.02785206213593483,0.06631443365698769,0.00614211056381464,0.0022672502469224497,0.0038748603168921904,101060.828125,-0.46406629354508855
0.028051698580384254,0.06678975852472442,0.0036359927617013454,0.0022993888167550528,0.0013366039449462927,103008.984375,2.192774283575866
0.028519298881292343,0.06790309257450558,0.007431399542838335,0.002375510085131561,0.0050558894577067744,101202.8046875,-0.27044265978873594
0.028689254075288773,0.0683077477983066,0.0049904827028512955,0.0024034700219574333,0.002587012680893862,101867.296875,0.6357730541355787
0.028888888657093048,0.06878306823117393,0.002484364667907357,0.002436511556248711,4.785311165864635e-05,103608.21875,3.0099932323669165
0.029186535626649857,0.06949175149202347,0.00872068852186203,0.002486173597529633,0.006234514924332397,101344.7734375,-0.07682968049965656
0.02927318587899208,0.06969806161664781,0.006343948654830456,0.0025007206131811067,0.003843228041649349,101541.8515625,0.19193991093476542
0.029526446014642715,0.07030106193962551,0.0038388546090573072,0.002543469520762611,0.0012953850882946962,102466.546875,1.4530133118611754
0.02985377050936222,0.07108040597467195,0.010009977035224438,0.002599229439082493,0.007410747596141945,101353.21875,-0.06531220137729828
0.029940420761704445,0.0712867160992963,0.007633237633854151,0.0026140863521558074,0.005019151281698343,101155.25,-0.33529640208086814
0.030110375955700874,0.07169137132309732,0.005192320328205824,0.002643343139777767,0.002548977188428057,102365.8046875,1.3156239563729144
0.03036363609135151,0.07229437164607502,0.002687226515263319,0.0026872264593479247,5.591539427654557e-11,103065.78125,2.2702322606522256
0.03060765750706196,0.0728753750168142,0.008922526612877846,0.0027298323076082,0.006192694305269646,101207.6171875,-0.2638795079484282
0.030694305896759033,0.07308168070656913,0.0065457867458462715,0.002745037253693467,0.0038007494921528046,101205.46875,-0.26680948644856556
0.030947567895054817,0.07368468546441623,0.004040692467242479,0.002789708077362023,0.0012509843898804562,103189.765625,2.4393186562783367
0.031101243570446968,0.07405057992963564,0.010088033974170685,0.0028169796415146854,0.007271054332655999,101342.0703125,-0.08051612617619307
0.03136154264211655,0.07467033962408702,0.00783507525920868,0.0028634582819100055,0.004971616977298674,101184.7421875,-0.2950757881244365
0.031531497836112976,0.07507499484788804,0.00539415841922164,0.002893998697203478,0.0025001597220181615,102029.421875,0.8568745589895835
0.03183838352560997,0.07580567506097612,0.00299406168051064,0.00294953150614604,4.4530174364600106e-05,105012.203125,4.924707546038524
0.031855128705501556,0.07584554453690848,0.009000582620501518,0.0029525759390599993,0.006048006681441519,101215.59375,-0.2530012968624635
0.032115425914525986,0.07646529979649044,0.0067476243712008,0.00300009034320777,0.00374753402799303,102122.078125,0.9832365408500546
0.032348714768886566,0.07702074944972992,0.010166089981794357,0.0030429774878324464,0.0071231124939619105,101364.8359375,-0.04946900854200986
0.03242231532931328,0.07719598887931733,0.004347527865320444,0.0030565673136503393,0.0012909605516701048,103654.1953125,3.0726947722698568
0.032609015703201294,0.0776405135790507,0.007913132198154926,0.003091167675751018,0.004821964522403908,101109.34375,-0.3979020517783494
0.03300624340772629,0.07858629382791973,0.005700993817299604,0.00316539139449075,0.0025356024228088544,103134.421875,2.3638424101147972
0.033102601766586304,0.07881571849187216,0.009078639559447765,0.003183520660826087,0.005895118898621678,101130.265625,-0.36936938842064776
0.03331313282251358,0.07931698291074663,0.0033008968457579613,0.0032232993805934936,7.75974651644677e-05,104521.9609375,4.256129070176263
0.03348996117711067,0.07973800280264445,0.007096601650118828,0.0032568885807038083,0.0038397130694150195,101646.25,0.3343155571068966
0.033596187829971313,0.0799909234046936,0.01024414598941803,0.0032771449455733077,0.006967001043844722,101094.9375,-0.41754888943017987
0.03389706090092659,0.08070728785934903,0.004654362797737122,0.003334836569592082,0.0013195262281450394,104146.75,3.7444269704449935
0.03398354724049568,0.08091320771546591,0.008262109011411667,0.0033515069920126775,0.004910602019398989,101078.03125,-0.4406051566094429
0.034380778670310974,0.08185899683407376,0.006049970630556345,0.0034285714730836526,0.0026213991574726924,102658.59375,1.7149214263716392
0.03447713702917099,0.08208842149802617,0.009427616372704506,0.0034473882721634745,0.005980228100541031,101021.53125,-0.5176582639294198
0.03478787839412689,0.08282828189077832,0.0036077317781746387,0.0035083957757942098,9.933600238042897e-05,105824.171875,6.0320476386795425
0.03486449643969536,0.08301070580879848,0.007445578929036856,0.003523514518149898,0.0039220644108869576,101170.421875,-0.31460542663626145
0.035271596163511276,0.08397999086550305,0.005003339610993862,0.003604351749657858,0.0013989878613360042,104342.1328125,4.010884542481126
0.03535808250308037,0.08418591072161993,0.008611085824668407,0.0036216346936884837,0.004989451130979924,100948.125,-0.6177676384286599
0.0356377474963665,0.08485177975325357,0.010258762165904045,0.0036777833792946924,0.006580978786609353,101174.828125,-0.30859630709416147
0.03575531393289566,0.08513169984022777,0.006398947909474373,0.003701506660314605,0.002697441249159768,102860.0859375,1.9897107918154344
0.036239027976989746,0.08628339994521368,0.007794555742293596,0.0037998546582170994,0.003994701084076497,101004.890625,-0.5403522792213932
0.0362626276910305,0.08633958974054882,0.003914566710591316,0.0038046833696738654,0.00010988334091745081,105157.8359375,5.123317470478747
0.03651869297027588,0.08694926897684734,0.009442231617867947,0.003857258344664375,0.005584973273203572,101121.0859375,-0.3818883874666894
0.03674634173512459,0.08749128984553474,0.005310175009071827,0.0039042779096871267,0.0014058970993847003,103675.796875,3.102154374280329
0.03679835796356201,0.08761513800848099,0.011089907959103584,0.003915058369143952,0.007174849589959632,101237.265625,-0.22344580464653205
0.03723005950450897,0.08864299882025946,0.00670578284189105,0.004005056443230054,0.0027007263986609962,102193.7421875,1.080969969147365
0.03769175708293915,0.08974227876890274,0.008190798573195934,0.004102346069009206,0.004088452504186728,100985.71875,-0.566498341909892
0.03773737698793411,0.08985089759031932,0.004221402108669281,0.004112017246970275,0.00010938486169900612,104491.4921875,4.214576647810677
0.03797142207622528,0.09040814780053638,0.009838473983108997,0.004161797444266749,0.005676676538842248,101101.9140625,-0.40803445015518824
0.0382210910320282,0.09100259769530523,0.005617009941488504,0.004215202622011464,0.00140180731947704,103009.4453125,2.1934028971449866
0.038251087069511414,0.09107401683217003,0.011486150324344635,0.0042216398269111525,0.0072645104974334825,101218.09375,-0.2495918673350309
0.038682788610458374,0.09210187764394852,0.007102025672793388,0.004314780014742293,0.002787245658051095,102547.4140625,1.5632977026063473
0.03914448618888855,0.09320115759259179,0.008587040938436985,0.004415415779523116,0.004171625158913869,100966.546875,-0.5926444045983909
0.039212122559547424,0.09336219657035101,0.0045282370410859585,0.00443024700438289,9.799003670306859e-05,103825.1328125,3.3058145162080614
0.03942415118217468,0.09386702662422544,0.010234717279672623,0.0044768867650042884,0.005757830514668334,101082.734375,-0.4341911673109603
0.0396738201379776,0.0944614765189943,0.0060132527723908424,0.0045320902769315705,0.001481162495459272,104287.4921875,3.936367198372176
0.03998370096087456,0.09519928800208229,0.011736069805920124,0.004601033196205235,0.007135036609714889,101233.6171875,-0.22842144086312902
0.040135517716407776,0.09556075646763756,0.007498268038034439,0.004634981554488228,0.0028632864835462114,102701.6171875,1.7735955776452998
0.04059721529483795,0.09666003641628083,0.008983283303678036,0.0047389159285032775,0.004244367375174758,100947.359375,-0.6188117762214361
0.040686871856451035,0.09687350442012152,0.004835072439163923,0.004759219360526418,7.585307863750522e-05,105235.2265625,5.228860623287333
0.04114856943488121,0.09797278436876479,0.00632008770480752,0.004864392888514433,0.0014556948162930865,103649.3515625,3.066089002560456
0.04115676507353783,0.09799229779413769,0.010484636761248112,0.004866269172493165,0.005618367588754947,101143.046875,-0.35193867996164857
0.041610267013311386,0.09907206431740806,0.0078051029704511166,0.004970598568622944,0.002834504401828172,102063.46875,0.9033067273663064
0.0417163148522377,0.09932455917199454,0.011985989287495613,0.004995138305821159,0.006990850981674454,101323.171875,-0.10628928251012897
0.042112112045288086,0.10026693344116211,0.009289935231208801,0.005087204255860334,0.004202730975348467,100976.78125,-0.5786870524704636
0.042161617428064346,0.10038480340015321,0.005141907371580601,0.005098772536576763,4.3134835003838e-05,104597.078125,4.358571773008339
0.04262331500649452,0.10148408334879648,0.006626922637224197,0.005207225121639881,0.0014196975155843167,103011.203125,2.1958001522814627
0.04267166182398796,0.10159919481901895,0.010791287757456303,0.0052186406143929645,0.005572647143063338,101093.3515625,-0.4197117462866449
0.04312516003847122,0.10267895247255053,0.008111754432320595,0.005326260288932506,0.002785494143388089,102558.125,1.5779049772379412
0.043231211602687836,0.1029314561968758,0.012292641215026379,0.005351568171371685,0.0069410730436546934,101209.921875,-0.2607364401028262
0.04362700507044792,0.10387382159630458,0.009596586227416992,0.00544648888345974,0.004150097343957253,100996.2734375,-0.5521041566237624
0.04363636299967766,0.1038961023801849,0.005448742303997278,0.005448742083263892,2.2073338643013862e-10,106585.5390625,7.070378746791871
0.044138211756944656,0.10509098037367776,0.006933574099093676,0.005570180297101675,0.0013633938019920007,104785.6015625,4.615674722778578
0.044186558574438095,0.10520609184390023,0.011097939684987068,0.0055819417502596105,0.005515997934727458,101038.2421875,-0.4948683584319875
0.044640056788921356,0.1062858494974318,0.008418405428528786,0.005692797292918767,0.002725608135610019,102985.6640625,2.1609706987652837
0.0447503924369812,0.10654855342138382,0.012471930123865604,0.0057199133749908605,0.006752016748874744,101217.390625,-0.2505507693896213
0.04511111229658127,0.10740741022995541,0.005847493186593056,0.005808958586698325,3.85345998947309e-05,106001.2734375,6.273573757296324
0.045141901820898056,0.10748071862118586,0.009903237223625183,0.005816587056642023,0.00408665016698316,101015.75,-0.5255425697116077
0.04561295732855797,0.10860227935370945,0.007332324981689453,0.005933842818874149,0.0013984821628153041,104201.3359375,3.81886973328303
0.04570573568344116,0.10882318019866943,0.011277228593826294,0.0059570579019391735,0.0053201706918871204,101131.78125,-0.36730242176964173
0.046114806085824966,0.1097971573472023,0.00881715677678585,0.006059887172702408,0.0027572696040834427,102401.3828125,1.36414440033519
0.04626956954598427,0.11016564177615303,0.012651219964027405,0.006098990330404942,0.006552229633622463,101310.921875,-0.12299548719454875
0.04657725244760513,0.11089822011334556,0.010212109424173832,0.0061770553464419046,0.004035054077731927,101541.0703125,0.19087446420744272
0.04658586159348488,0.1109187180797259,0.006246244069188833,0.006179245851046208,6.699821814262503e-05,105416.9921875,5.47674745886623
0.04708770662546158,0.11211358720347996,0.007731075864285231,0.0063075162236416234,0.0014235596406436072,103617.0546875,3.022043434852936
0.04714108631014824,0.11224068169082914,0.011586099863052368,0.006321227036283068,0.0052648728267693,101078.15625,-0.44043468513307127
0.047550152987241745,0.1132146499696232,0.009126028046011925,0.006426724161151104,0.002699303884860821,102813.9765625,1.9268281259688493
0.047704920172691345,0.11358314326831273,0.012960091233253479,0.006466834399494989,0.00649325683375849,101149.9921875,-0.3424668585557498
0.04801260307431221,0.11431572160550527,0.010520980693399906,0.006546893798463846,0.00397408689493606,101143.7265625,-0.3510117413088778
0.04806060716509819,0.1144300170597576,0.0066449944861233234,0.006559422677096526,8.557180902679738e-05,104832.7109375,4.679921160436136
0.048523057252168655,0.11553108869563966,0.008039947599172592,0.006680646106739322,0.0013593014924332698,104956.1953125,4.84832567015676
0.048576436936855316,0.11565818318298886,0.011894971132278442,0.006694699860586042,0.005200271271692401,101079.0234375,-0.4392520392657431
0.04897213354706764,0.11660031796920868,0.013074527494609356,0.006799271715797398,0.006275255778811958,101177.4609375,-0.305005751623084
0.04898550361394882,0.11663215146178292,0.009434899315237999,0.006802817138644132,0.002632082176593867,103193.734375,2.444731125653136
0.04936783015727997,0.1175424527554285,0.01425408199429512,0.006904533917033831,0.007349548077261289,101377.703125,-0.03192110094300515
0.04944794997572899,0.11773321422792617,0.01082985196262598,0.006925930898263198,0.0039039210643627828,101431.2578125,0.041115272214965304
0.0495353564620018,0.1179413249095281,0.007043745834380388,0.006949305945486005,9.443988889438343e-05,106121.2109375,6.437141138874903
0.04984365031123161,0.1186753578838848,0.01200940739363432,0.007032019340713563,0.0049773880529207564,101085.203125,-0.43082435565262056
0.04999780282378197,0.11904238767567135,0.008438698016107082,0.007073532944919053,0.0013651650711880292,104358.75,4.033546594371279
0.05023934692144394,0.11961749267010462,0.013188962824642658,0.007138788977789665,0.006050173846852993,101277.546875,-0.1685113713857741
0.05046025291085243,0.12014345931155342,0.009833650663495064,0.007198690727269332,0.0026349599362257316,102596.2734375,1.6299307409331083
0.050635043531656265,0.12055962745632444,0.014368517324328423,0.007246237063645783,0.0071222802606826395,101106.7734375,-0.40140737151124106
0.05082818865776062,0.12101949680419195,0.011258182115852833,0.007298929266965022,0.003959252848887811,101630.8125,0.31326232977500024
0.05101010203361511,0.1214526238895598,0.007442496716976166,0.007348703923214845,9.379279376132109e-05,105523.7578125,5.622351408622149
0.051223885267972946,0.12196163159041178,0.012437737546861172,0.007407379984510477,0.005030357562350695,101011.6484375,-0.5311361650300519
0.05147255212068558,0.12255369552544186,0.008837449364364147,0.007475876029677176,0.0013615733346869713,103761.2890625,3.2187462096512514
0.05161958187818527,0.1229037663766316,0.01361729297786951,0.0075164997389639025,0.006100793238905608,100988.4453125,-0.5627799328315358
0.051840487867593765,0.1234297330180804,0.010261980816721916,0.007577707739279468,0.0026842730774424483,102936.1328125,2.0934213762530254
0.05220842361450195,0.12430577051071894,0.01168651320040226,0.0076801127433789905,0.004006400457023269,101145.1484375,-0.3490726282651505
0.052484847605228424,0.12496392286959149,0.007841247133910656,0.007757423188633908,8.382394527674773e-05,104926.2890625,4.8075403694348475
0.05260412022471428,0.12524790529693877,0.012866068631410599,0.00779088049513804,0.005075188136272559,100870.1171875,-0.7241524941518306
0.05278968811035156,0.12568973359607516,0.014513776637613773,0.007843052756992798,0.006670723880620975,101143.5859375,-0.3512035217197959
0.05285278707742691,0.12583996923196883,0.009265779517591,0.007860825758605292,0.001404953758985708,104934.71875,4.819036539622659
0.0532207228243351,0.1267160067246074,0.010690311901271343,0.00796479200130599,0.002725519899965353,103150.21875,2.385385742941262
0.053588658571243286,0.12759204421724593,0.012114843353629112,0.008069319810893205,0.004045523542735907,100874.546875,-0.7181114112079109
0.05377422645688057,0.12803387251638232,0.013762552291154861,0.008122250299944542,0.005640301991210319,101035.0,-0.4992899623503767
0.053959596902132034,0.12847523071936198,0.00823999848216772,0.008175265877409785,6.473260475793607e-05,106140.203125,6.463042148816118
0.05432753264904022,0.12935126821200055,0.00966452993452549,0.008280911820883452,0.0013836181136420381,104355.703125,4.029391352134721
0.05469547212123871,0.1302273145743779,0.011089062318205833,0.008387110831685012,0.002701951486520821,102571.1875,1.5957192465187766
0.05502435937523842,0.1310103794648534,0.012594806030392647,0.008482502733624412,0.004112303296768234,100875.6796875,-0.716566513453293
0.0552099272608757,0.13145220776398978,0.014242514036595821,0.008536518281028896,0.005705995755566925,101036.125,-0.497755719063032
0.055395495146512985,0.13189403606312616,0.015890222042798996,0.008590672266980298,0.007299549775818698,101196.5703125,-0.278944924672771
0.055434346199035645,0.1319865385691325,0.008638748899102211,0.008602027596043314,3.67213030588974e-05,105561.1875,5.673396961328179
0.05580228194594383,0.13286257606177104,0.01006328035145998,0.008709866542725582,0.0013534138087343984,103776.671875,3.239724855712235
0.05613116919994354,0.13364564095224654,0.011569024063646793,0.008806717019605885,0.0027623070440409084,102946.03125,2.106920586288204
0.05646006017923355,0.13442871471246085,0.013074767775833607,0.008903996915286936,0.004170770860546671,100876.8203125,-0.7150109612314018
0.056645628064870834,0.13487054301159723,0.014722476713359356,0.00895907260430979,0.005763404109049566,101037.2578125,-0.4962108213084141
0.056909091770648956,0.1354978375491642,0.009037499316036701,0.009037499519863686,-2.038269848042562e-10,107399.7421875,8.180766017073033
0.05716775357723236,0.1361136989934104,0.016202600672841072,0.00911476093374163,0.007087839739099442,101206.78125,-0.26501953594666344
0.057237982749938965,0.1362809113093785,0.010543243028223515,0.009135783135203116,0.0014074598930203987,105310.5625,5.3316016512030595
0.057566870003938675,0.137063976199854,0.012048986740410328,0.009234485988253388,0.00281450075215694,103221.375,2.4824266308658127
0.057895757257938385,0.1378470410903295,0.013554730452597141,0.009333606800492457,0.004221123652104685,100877.9453125,-0.7134767179440572
0.058383841067552567,0.1390091453989347,0.009512496180832386,0.00948147189557729,3.102428525509661e-05,106761.8125,7.31077549187769
0.05841788649559021,0.13909020594188146,0.015034854412078857,0.009491819909105107,0.00554303450297375,101084.5859375,-0.4316660585672055
0.05871272832155228,0.1397922102894102,0.0110182398930192,0.009581620532906973,0.0014366193601122266,104672.6328125,4.461611126007717
0.058940012007951736,0.1403333619236946,0.016514977440238,0.00965106958021187,0.006863907860026129,101289.5390625,-0.1521567641213708
0.059041619300842285,0.1405752840496245,0.012523983605206013,0.009682179867408573,0.00284180373779744,102583.4453125,1.6124361056704697
0.059412676841020584,0.14145875438338235,0.013971674256026745,0.009796120393408197,0.004175553862618548,100911.9140625,-0.6671510942400666
0.05985858663916588,0.14252044437896638,0.00998749304562807,0.00993372639076947,5.3766654858601604e-05,106123.8828125,6.4407849666823465
0.05993480235338211,0.1427019103651955,0.015451798215508461,0.009957320197090407,0.005494478018418054,101026.96875,-0.510242754707254
0.06018747761845589,0.14330351813918069,0.011493236757814884,0.01003569357398536,0.001457543183829525,104034.6953125,3.5916099463451
0.06045692786574364,0.14394506634700865,0.016931921243667603,0.010119529287682045,0.006812391955985557,101142.015625,-0.3533450696417145
0.060558535158634186,0.14418698847293854,0.012940927408635616,0.010151212170778932,0.002789715237856684,103003.0703125,2.1847088518500333
0.060929592698812485,0.1450704588066964,0.014388618990778923,0.010267234532723376,0.004121384458055547,101080.75,-0.4368974019983599
0.06133333221077919,0.14603174335899807,0.010462489910423756,0.010394043995719212,6.844591470454332e-05,105485.9453125,5.570783787019731
0.06145171821117401,0.14631361478850954,0.015868742018938065,0.010431339146647178,0.005437402872290886,101024.296875,-0.5138865825146975
0.06170439347624779,0.14691522256249473,0.011910180561244488,0.010511107891993299,0.0013990726692511887,105461.15625,5.536977162361781
0.06181265041232109,0.14717297717219308,0.017114074900746346,0.01054535422373001,0.0065687206770163355,101164.796875,-0.3222766430729848
0.062075451016426086,0.14779869289625258,0.013357872143387794,0.010628663290948036,0.002729208852439758,103398.890625,2.7245174362480746
0.06244650483131409,0.14868215436027163,0.014805562794208527,0.010746706555493101,0.0040588562387154255,101336.6328125,-0.087931635398359
0.0628080815076828,0.14954305120876857,0.01093748677521944,0.01086220185769022,7.528491752922112e-05,106891.265625,7.48732001459506
0.06316837668418884,0.1504008968671163,0.01729622855782509,0.01097774294374202,0.006318485614083068,101256.234375,-0.19757675810713712
0.0631791353225708,0.15042651267278762,0.012385178357362747,0.010981200023186461,0.0014039783341762858,104829.0078125,4.674870942948626
0.06352930516004562,0.151260250381061,0.01854155957698822,0.011093939260403361,0.007447620316584859,101127.140625,-0.37363117532993856
0.0635501965880394,0.1513099918762843,0.01383286900818348,0.011100678773114369,0.0027321902350691107,102766.7421875,1.8624112168349194
0.06386160105466843,0.15205143108254388,0.015331391245126724,0.011201314881225662,0.004130076363901062,101541.734375,0.191780093925667
0.0642225369811058,0.1529108023359662,0.016576722264289856,0.011318373286325302,0.005258348977964554,100939.78125,-0.6291466094764663
0.06428282707929611,0.15305435018880026,0.0114124845713377,0.011337969750564753,7.451482077294735e-05,106259.1171875,6.625213795181905
0.06458346545696259,0.1537701558499109,0.017822055146098137,0.011435871889124363,0.006386183256973774,100980.984375,-0.5729549490774676
0.06465388834476471,0.15393782939229694,0.012860175222158432,0.011458849049036997,0.0014013261731214352,105159.71875,5.125885197091595
0.06496528536081314,0.1546792508590789,0.014358697459101677,0.01156064957909419,0.0027980478800074867,103099.3359375,2.315993197590735
0.06527668982744217,0.1554206900653385,0.015857219696044922,0.011662776762427966,0.004194442933616956,101038.9453125,-0.4939094563773971
0.06563762575387955,0.15628006131876082,0.017102550715208054,0.011781550877485506,0.0053209998377225474,100834.828125,-0.7722787228249965
0.06575757265090942,0.15656564916883198,0.011887481436133385,0.011821117282151797,6.636415398158721e-05,105626.9765625,5.763118230236023
0.06577789038419724,0.15661402472427913,0.018774855881929398,0.011827824096410689,0.0069470317855187085,101134.9453125,-0.36298736252398484
0.06606897711753845,0.15730708837509155,0.01338600367307663,0.0119240593529222,0.0014619443201544305,105397.9453125,5.450771867654103
0.06638038158416748,0.15804852758135116,0.0148845249786973,0.012027317758248989,0.002857207220448311,103303.8359375,2.594884532934723
0.06669177860021591,0.15878994904813312,0.01638304628431797,0.012130887775377595,0.004252158508940375,100814.1484375,-0.8004810976972282
0.0668320506811142,0.15912393019312904,0.018055351451039314,0.012177643991580889,0.0058777074594584255,101003.6640625,-0.5420250305832898
0.06723231822252274,0.16007694814886367,0.01236247830092907,0.012311409295670274,5.1069005258795944e-05,106866.1640625,7.4530872112461815
0.06754372268915176,0.16081838735512324,0.013861000537872314,0.012415829581571709,0.0014451709563006055,104772.0546875,4.597199876526802
0.06785512715578079,0.16155982656138285,0.015359521843492985,0.012520555529379241,0.0028389663141137438,102677.9453125,1.7413125418074222
0.06815431267023087,0.1622721730243592,0.01690875180065632,0.012621458013058324,0.004287293787597995,100811.21875,-0.8044765229246882
0.06829458475112915,0.16260615416935512,0.018581056967377663,0.012668861645859557,0.005912195321518106,101000.7421875,-0.5460098013434767
0.06870707124471664,0.16358826486837297,0.012837475165724754,0.012808609685926533,2.8865479798221433e-05,106240.28125,6.5995258745861545
0.06901847571134567,0.16432970407463257,0.014335997402668,0.012914457370768998,0.0014215400318990015,104146.1796875,3.743649194334048
0.06931766122579575,0.16504205053760893,0.01588522642850876,0.0130164295247439,0.002868796903764858,103056.328125,2.257340355251621
0.06961684674024582,0.16575439700058528,0.017434457316994667,0.013118671792327823,0.004315785524666844,100808.2890625,-0.8084719481521483
0.0697571188211441,0.1660883781455812,0.01910676248371601,0.013166700150005756,0.005940062333710255,100997.8046875,-0.55001588103821
0.07018181681632996,0.16709956384840466,0.01331247203052044,0.013312471432759489,5.977609501134351e-10,107968.7890625,8.956816104320335
0.0702052116394043,0.16715526580810547,0.020585056394338608,0.01332051688213786,0.0072645395122007475,101196.203125,-0.27944568463461267
0.07048100978136063,0.16781192805085865,0.014861702919006348,0.013415484933741418,0.00144621798526493,105659.8515625,5.807952228521762
0.0707801952958107,0.168524274513835,0.016410933807492256,0.013518757992149055,0.0028921758153432012,103350.8984375,2.659067043788642
0.07107938081026077,0.16923662097681136,0.017960162833333015,0.01362229110112228,0.004337871732210735,100805.3515625,-0.8124780278468816
0.07152748107910156,0.17030352637881324,0.01943845860660076,0.0137778380341197,0.005660620572481061,101049.890625,-0.4789825477276062
0.07165656983852386,0.17061088056791396,0.013845049776136875,0.013822754385847036,2.2295390289838943e-05,107319.6328125,8.071515109653365
0.07195575535297394,0.17132322703089034,0.015394280664622784,0.013927037280537659,0.0014672433840851248,105010.6875,4.922640579387518
0.07197558134794235,0.17137043178081512,0.020916752517223358,0.013933956670627379,0.006982795846595979,101274.375,-0.17283708509870424
0.07225494086742401,0.1720355734938667,0.016943510621786118,0.014031572046818402,0.002911938574967715,102701.75,1.7737767035889447
0.07258697599172592,0.17282613331363314,0.01840907894074917,0.014147876725437334,0.004261202215311835,101434.765625,0.045899128020644185
0.07303506880998611,0.17389302097615741,0.019887372851371765,0.014305316533871792,0.005582056317499973,100995.140625,-0.5536490543783804
0.07313131541013718,0.17412217954794568,0.014377627521753311,0.014339205025321244,3.842249643206709e-05,106670.46875,7.186203460519121
0.07343050092458725,0.17483452601092203,0.01592685654759407,0.01444470911930753,0.0014821474282865413,104361.53125,4.037339584720548
0.0734831690788269,0.1749599263781593,0.02136566862463951,0.014463306955401451,0.00690236166923806,101130.8984375,-0.3685063765715164
0.07376253604888916,0.17562508583068848,0.01739242672920227,0.01456207986463605,0.00283034686456622,103138.96875,2.3700433100678153
0.07409456372261047,0.1764156279109773,0.01885799504816532,0.01467974251499138,0.004178252533173941,101054.265625,-0.4730160460545991
0.07454266399145126,0.1774825333129792,0.020336288958787918,0.014839000353009332,0.0054972886057785865,100911.484375,-0.6677370899400941
0.07460606098175049,0.17763347852797737,0.014910204336047173,0.014861574547154446,4.862978889272687e-05,106021.3125,6.30090246585215
0.07489293813705444,0.17831651937393916,0.021588066592812538,0.01496385540000948,0.006624211192803058,101149.5703125,-0.3430421997885041
0.0749380961060524,0.1784240383477438,0.016375772655010223,0.014979975059790776,0.0013957975952194474,105810.234375,6.013040069064107
0.07527012377977371,0.17921458042803265,0.017841340973973274,0.01509865714381493,0.002742683830158344,103578.5859375,2.9695808379995667
0.07560215145349503,0.18000512250832149,0.019306909292936325,0.01521762052466651,0.004089288768269816,102040.4453125,0.8719080123121067
0.0759524330496788,0.18083912630875906,0.020558686926960945,0.015343425847861369,0.005215261079099576,100996.328125,-0.5520295753528499
0.0760808140039444,0.18114479524748667,0.015442782081663609,0.015389611386067816,5.3170695595792725e-05,107425.640625,8.216085576083781
0.07630271464586258,0.1816731301091966,0.021810466423630714,0.01546953752653996,0.006340928897090755,101234.40625,-0.2273453396685331
0.07641284167766571,0.1819353373277755,0.016908351331949234,0.015509249244994498,0.001399102086954736,105194.0,5.172636999486514
0.07665298879146576,0.18250711617015658,0.023062244057655334,0.015595949405653852,0.007466294652001482,101417.9921875,0.023023986785026016
0.07674486935138702,0.18272587940806434,0.018373919650912285,0.015629158270515975,0.00274476138039631,103779.9921875,3.2442530043033564
0.07700826227664948,0.183353005420594,0.019873227924108505,0.015724471349187048,0.004148756574921458,101533.4453125,0.18047570414877326
0.07735854387283325,0.18418700922103157,0.021125005558133125,0.015851485469300784,0.005273520088832341,100901.046875,-0.6819714582171252
0.07755555957555771,0.18465609422751836,0.015975359827280045,0.01592305320166991,5.2306625610135105e-05,106809.40625,7.375682506506188
0.07770882546901703,0.18502101302146912,0.022376785054802895,0.01597879199376512,0.006397993061037773,100948.046875,-0.6178741831013922
0.07788758724927902,0.1854466363078072,0.017440928146243095,0.016043872830536883,0.0013970553157062124,105519.5390625,5.616597996294606
0.07815098017454147,0.18607376232033684,0.018940238282084465,0.016139901001317153,0.002800337280767312,103272.9921875,2.552820696140023
0.07841437309980392,0.1867008883328665,0.020439546555280685,0.016236090026410625,0.00420345652887006,101026.4453125,-0.5109566040145601
0.07875277101993561,0.18750659766651337,0.02327573299407959,0.01635990397019073,0.0069158290238888614,101108.9765625,-0.3984028117401911
0.0787646546959877,0.18753489213330407,0.021691324189305305,0.01636425674345197,0.005327067445853335,100786.28125,-0.8384855824608285
0.07903030514717102,0.18816739320755005,0.016507936641573906,0.016461643011621643,4.62936299522633e-05,107259.078125,7.988932333818583
0.07929369807243347,0.1887945192200797,0.018007246777415276,0.016558358211950598,0.0014488885654646774,105012.5390625,4.925165688131273
0.07955709099769592,0.18942164523260935,0.019506556913256645,0.016655227769488124,0.002851329143768521,102765.9921875,1.8613883879766895
0.07979672402143478,0.1899922000510352,0.024174682796001434,0.016743491840763368,0.0074311909552380664,101163.640625,-0.32385350422942244
0.07980860769748688,0.1900204945178259,0.02259027399122715,0.016747872229681524,0.005842401761545626,100998.8671875,-0.5485668734890511
0.07982048392295837,0.190048771245139,0.021005865186452866,0.01675225018020552,0.004253615006247345,100834.0859375,-0.7732908972159531
0.08050505071878433,0.19167869218758174,0.017040515318512917,0.017005118674366337,3.5396644146579864e-05,107421.6875,8.210694415643527
0.08076844364404678,0.1923058182001114,0.018539825454354286,0.017102678724844167,0.0014371467295101192,105139.3203125,5.098066383041199
0.08103183656930923,0.19293294421264104,0.020039133727550507,0.01720038468123079,0.002838749046319717,102856.9453125,1.9854276959715973
0.08125454932451248,0.19346321267741068,0.02465488202869892,0.01728311299578276,0.00737176903291616,101186.03125,-0.2933178010243541
0.08126642554998398,0.19349148940472377,0.023070473223924637,0.01728752738991789,0.005782945834006747,101021.265625,-0.5180205158167096
0.08127830922603607,0.19351978387151447,0.021486064419150352,0.017291944844508106,0.004194119574642247,100856.4921875,-0.7427338850763383
0.08197979629039764,0.19518999116761346,0.017573092132806778,0.01755321567031304,1.9876462493736285e-05,106788.1171875,7.346649083186645
0.0822431892156601,0.19581711718014308,0.019072402268648148,0.01765157308667057,0.0014208291819775773,104505.7578125,4.234031705051589
0.08248966187238693,0.1964039568390165,0.020519332960247993,0.017743736515827408,0.0027755964444205854,103271.4765625,2.550753729489017
0.08272425085306168,0.19696250203109925,0.023550672456622124,0.0178315668803493,0.005719105576272823,101043.6484375,-0.4874954670789145
0.08273613452911377,0.19699079649788995,0.02196626365184784,0.017836018991579217,0.004130244660268623,100878.8828125,-0.7121981818712699
0.08277467638254166,0.19708256281557537,0.024988237768411636,0.017850460230180536,0.0071377775382311,101195.09375,-0.28095861898741087
0.08345454186201096,0.19870129014764515,0.01810566894710064,0.01810566723058295,1.7165176884048616e-09,106154.5546875,6.482614405197036
0.08370101451873779,0.19928812980651855,0.019552599638700485,0.01819840366003374,0.0013541959786667439,105053.234375,4.980664808157512
0.08394748717546463,0.199874969465392,0.02099953033030033,0.01829125295461004,0.00270827737569029,102885.90625,2.0249238061534496
0.08419395238161087,0.20046179138478779,0.022446461021900177,0.018384211040197218,0.004062249981702959,100901.2578125,-0.6816837876007481
0.08424438536167145,0.20058186990874155,0.02388402819633484,0.018403246242100248,0.005480781954234591,101043.53125,-0.4876552840880129
0.08429481089115143,0.2007019306932177,0.02532159350812435,0.018422283239811106,0.006899310268313245,101284.234375,-0.15939114739989188
0.08492928743362427,0.20221258912767684,0.018674898892641068,0.01866220446685085,1.269442579021618e-05,107641.7421875,8.51079879532851
0.0851757600903511,0.20279942878655025,0.020121829584240913,0.018755597364133385,0.001366232220107528,105367.3828125,5.409091591681239
0.08542223274707794,0.20338626844542368,0.02156876027584076,0.018849095551162577,0.002719664724678182,103926.6328125,3.4442373550218255
0.08574240654706955,0.20414858701683228,0.02334296517074108,0.01897070703913275,0.004372258131608332,101416.25,0.020648040583096414
0.08579283207654953,0.2042686478013084,0.024780530482530594,0.018989875964438522,0.005790654518092072,100861.921875,-0.7353290303214456
0.08584325760602951,0.20438870858578456,0.026218095794320107,0.019009049163494943,0.007209046630825163,101091.1796875,-0.422673688188602
0.08640404045581818,0.20572390584718614,0.019244128838181496,0.01922255934235736,2.1569495824134283e-05,107017.9921875,7.660146128234073
0.08665051311254501,0.20631074550605957,0.02069105952978134,0.019316563254404086,0.001374496275377255,105753.828125,5.936114815351408
0.08697067946195602,0.20707304633799054,0.022465262562036514,0.019438819352878677,0.003026443209157837,103243.4296875,2.5125041919781324
0.08729085326194763,0.20783536490939913,0.024239467456936836,0.019561240292306097,0.00467822716463074,100733.03125,-0.9111064313951431
0.08734127879142761,0.20795542569387526,0.02567703276872635,0.019580535467131198,0.006096497301595151,100962.171875,-0.5986109062713979
0.08787878602743149,0.20923520482721783,0.019813356921076775,0.01978645346039499,2.6903460681786118e-05,108556.5859375,9.758436913023381
0.0881989598274231,0.20999752339862643,0.021587561815977097,0.01990931858108356,0.001678243234893538,105848.1875,6.064799471077443
0.08823806792497635,0.21009063791661037,0.026812702417373657,0.019924336540152167,0.00688836587722149,101056.1171875,-0.47049093731084435
0.0885191336274147,0.21075984197003503,0.02336176671087742,0.020032334905404976,0.003329431805472443,103139.78125,2.371151374664231
0.08883929997682571,0.211522142801966,0.02513596974313259,0.020155496743315002,0.0049804729998175895,100891.9140625,-0.6944265304595275
0.0893535390496254,0.21274652154672713,0.020382586866617203,0.02035361805804426,2.8968808572941984e-05,107722.015625,8.620273446560915
0.089673712849617,0.21350884011813573,0.022156791761517525,0.020477156174802166,0.001679635586715359,105013.609375,4.926625350147705
0.08999387919902802,0.21427114095006672,0.023930994793772697,0.02060082958825827,0.003330165205514428,102305.203125,1.2329772537344934
0.09010642766952515,0.2145391134988694,0.026700781658291817,0.020644336949786186,0.00605644470850563,101071.96875,-0.44887302321346695
0.09038545191287994,0.21520345693542844,0.02522915042936802,0.0207522694393305,0.00447688099003752,100971.8359375,-0.5854313302544162
0.09082828462123871,0.21625782052675885,0.02095181681215763,0.020923771355376975,2.8045456780655814e-05,106887.421875,7.482078016696632
0.09114845842123032,0.21702013909816742,0.022726019844412804,0.021047922336381492,0.0016780975080313114,104179.03125,3.788451229217967
0.09137354791164398,0.21755606645629522,0.028265593573451042,0.021135278357018433,0.00713031521643261,101342.4609375,-0.07998340281253173
0.09154003113508224,0.21795245508352917,0.024024175480008125,0.021199928790570057,0.002824246689438068,102994.9296875,2.173606896951331
0.09165257960557938,0.21822042763233185,0.026793962344527245,0.021243653390362237,0.005550308954165008,101126.0390625,-0.37513345521546354
0.09193161129951477,0.2188847888083685,0.025322331115603447,0.021352120014451127,0.00397021110115232,101025.8984375,-0.511702416723686
0.09230303019285202,0.21976911950679054,0.02152104489505291,0.02149663870564975,2.4406189403160944e-05,106052.84375,6.3439038957668945
0.09269461035728455,0.22070145323162987,0.02281920053064823,0.021649169315351744,0.0011700312152964874,104710.8828125,4.513775397777436
0.09291969984769821,0.22123738058975764,0.02835877425968647,0.021736923178984464,0.006621851080702006,101280.2421875,-0.16483558017651082
0.09308619052171707,0.22163378695646924,0.024117356166243553,0.021801866387931725,0.0023154897783118286,102949.3515625,2.111448734879325
0.0931987315416336,0.2219017417657943,0.026887143030762672,0.021845781926827783,0.00504136110393489,101180.1015625,-0.30140454168473335
0.093477763235569,0.22256610294183096,0.025415509939193726,0.021954721773451816,0.003460788165741909,101079.9609375,-0.4379735031929558
0.09377778321504593,0.22328043622629984,0.022090274840593338,0.022071944195971048,1.8330644622290004e-05,107700.640625,8.591122824101367
0.09414667636156082,0.22415875324181148,0.029054541140794754,0.02221619844508628,0.006838342695708474,100978.90625,-0.5757890373721459
0.09416935592889786,0.22421275221166156,0.02338843047618866,0.022225071504744596,0.0011633589714440638,105766.2265625,5.953023454914019
0.09442570060491562,0.22482309667837053,0.027582911774516106,0.022325396702126247,0.005257515072389859,100962.671875,-0.5979290203659114
0.09456093609333038,0.22514508593650093,0.024686584249138832,0.02237834842570005,0.002308235823438781,104615.640625,4.383886787249526
0.09470473974943161,0.2254874755938848,0.02611127868294716,0.022434673534350396,0.003676605148596763,100981.1484375,-0.5727312052647298
0.09525252878665924,0.22679173520633153,0.022659504786133766,0.02264940200183696,1.0102784296806e-05,107368.3203125,8.137913749700115
0.09564410150051117,0.22772405119169326,0.02395765855908394,0.02280305438038447,0.0011546041786994685,106517.078125,6.977013650076584
0.09565268456935883,0.22774448706990197,0.02827867865562439,0.02280642380016428,0.005472254855460108,100808.140625,-0.8086743830303397
0.0956755131483078,0.2277988408293043,0.029585780575871468,0.02281538581705833,0.006770394758813136,101110.5234375,-0.3962932272200922
0.0957879051566124,0.22806644084907715,0.025382352992892265,0.022859514786798076,0.00252283820609419,103914.34375,3.4274778780010395
0.09593170881271362,0.22840883050646102,0.026807047426700592,0.022915992041667967,0.0038910553850326247,100832.828125,-0.7750062664469426
0.09672727435827255,0.23030303418636322,0.023228732869029045,0.02322873396450021,-1.0954711651689486e-09,108555.0546875,9.756348637437828
0.09687107801437378,0.2306454238437471,0.024653427302837372,0.02328531484477849,0.0013681124580588802,106192.390625,6.534213990201273
0.097014881670475,0.23098781350113098,0.0260781217366457,0.023341910602876385,0.002736211133769314,103829.7265625,3.312079342964719
0.09715868532657623,0.23133020315851485,0.027502814307808876,0.023398520976864196,0.00410429333094468,100637.359375,-1.0415810376230799
0.09718151390552521,0.23138455691791718,0.028809918090701103,0.023407509101697196,0.0054024089890039075,100939.75,-0.6291892273455592
0.09720434248447418,0.23143891067731948,0.03011702001094818,0.02341649758721457,0.006700522423733611,101242.140625,-0.21679741706803846
0.09820201992988586,0.2338143331663949,0.023812245577573776,0.023809658112449825,2.5874651239515822e-06,107863.21875,8.812842288057219
0.09834582358598709,0.2341567228237788,0.025236940011382103,0.023866379129693877,0.0013705608816882257,105500.5546875,5.590707640820665
0.09848963469266891,0.23449913022064028,0.02666163444519043,0.023923115275248902,0.002738519169941528,103137.875,2.368551684649564
0.09868236631155014,0.23495801502750036,0.028382230550050735,0.023999170125711684,0.004383060424339051,101401.96875,0.0011716744076376278
0.09870519489049911,0.23501236878690265,0.029689334332942963,0.024008180022216347,0.005681154310726615,100831.0703125,-0.7774035215834186
0.09872802346944809,0.23506672254630498,0.03099643439054489,0.024017190209347745,0.006979244181197147,101058.21875,-0.46762488561434634
0.09967677295207977,0.23732564988590424,0.024395758286118507,0.024391894643569317,3.863642549190721e-06,107171.375,7.869325284209338
0.099820576608181,0.2376680395432881,0.025820452719926834,0.02444872819111651,0.0013717245288103232,104808.703125,4.647179982505509
0.10001330822706223,0.23812692435014818,0.02754104882478714,0.02452491370788198,0.003016135116905159,103263.3671875,2.5396943924594075
0.10020604729652405,0.23858582689648583,0.029261646792292595,0.024601118589989052,0.0046605282023035426,100730.5078125,-0.9145478243243954
0.10022887587547302,0.23864018065588816,0.030568748712539673,0.024610145577040252,0.0059586031354994205,100911.5078125,-0.6677051265382744
0.10108792036771774,0.24068552468504226,0.031690891832113266,0.024949983964287697,0.006740907867825569,100976.6015625,-0.5789321052177478
0.10115151852369308,0.24083694886593593,0.02497927099466324,0.024975154289860257,4.116704802981791e-06,108633.609375,9.863479305870126
0.10134425759315491,0.2412958514122736,0.026699868962168694,0.02505144322009337,0.0016484257420753233,105912.28125,6.152208720586996
0.10153699666261673,0.24175475395861126,0.028420465067029,0.025127744193359978,0.0032927208736690215,103190.9375,2.4409168263693206
0.10172972828149796,0.24221363876547133,0.030141061171889305,0.025204053625140693,0.004937007546748612,100813.1875,-0.801791597171835
0.1026262640953064,0.24434824784596762,0.02556278556585312,0.025559156106576116,3.6294592770033662e-06,107828.640625,8.765685615905918
0.1027560606598854,0.24465728728544145,0.03166696056723595,0.02561058183699283,0.006056378730243117,101075.96875,-0.4434179359695748
0.10281900316476822,0.2448071503923053,0.027283381670713425,0.025635521037582445,0.0016478606331309792,105107.3046875,5.0544043761555155
0.10301174223423004,0.24526605293864295,0.02900397777557373,0.025711893155707186,0.003292084619866544,102385.96875,1.343123136405113
0.10330414772033691,0.24596225647699266,0.030345935374498367,0.025827770011183814,0.004518165363314553,100882.4296875,-0.707361053729225
0.10378239303827286,0.24710093580541156,0.03319285809993744,0.026017319718064372,0.0071755383818730666,101338.734375,-0.08506558370186096
0.10410100966691971,0.2478595468259993,0.02614629827439785,0.026143615849302162,2.6824250956881956e-06,107023.65625,7.667870617007163
0.10429374873638153,0.248318449372337,0.027866894379258156,0.026220019612866644,0.0016468747663915123,104302.328125,3.9566000317240344
0.10433048009872437,0.24840590499696277,0.03187183290719986,0.026234580588885472,0.005637252318314388,101076.296875,-0.44297044834409927
0.1045861542224884,0.2490146529106867,0.029208851978182793,0.026335936411713907,0.002872915566468886,103042.359375,2.2382901677670914
0.10487856715917587,0.24971087418851398,0.03055080957710743,0.02645185930363622,0.004098950273471208,100922.234375,-0.6530765429721339
0.10535681247711182,0.2508495535169329,0.03339773416519165,0.026641453735897117,0.006756280429294534,101270.15625,-0.17859049742624675
0.10557575523853302,0.25137084580603103,0.026729809120297432,0.02672824905074263,1.5600695548005639e-06,108231.53125,9.315136493186229
0.10586816817522049,0.25206706708385834,0.028071768581867218,0.02684416611058691,0.0012276024712803077,106139.671875,6.462317645041538
0.10590489953756332,0.2521545227084841,0.03207670897245407,0.026858726576993695,0.005217982395460376,101116.09375,-0.38869659205428136
0.10616057366132736,0.252763270622208,0.029413726180791855,0.026960073631175013,0.0024536525496168422,104047.8125,3.609498796896848
0.10645297914743423,0.2534594741605577,0.03075568377971649,0.027075972348192763,0.0036797114315237286,100962.03125,-0.598802686682316
0.10658938437700272,0.25378424851667314,0.034381985664367676,0.027130034699825476,0.0072519509645422,101077.578125,-0.44122311571129
0.10705050826072693,0.2548821625255403,0.027313323691487312,0.027312774111487883,5.495799994294226e-07,107798.0,8.723898795260322
0.10713747143745422,0.25508921770822435,0.033060964196920395,0.027347232795819073,0.005713731401101322,100828.25,-0.7812497842690536
0.1073429137468338,0.25557836606389,0.02865528129041195,0.027428632389681608,0.0012266489007303413,105706.140625,5.871079947115631
0.10763532668352127,0.2562745873417173,0.029997238889336586,0.027544475849776706,0.00245276303955988,103614.265625,3.018239790036394
0.10768555849790573,0.25639418689977556,0.031739939004182816,0.027564373933045637,0.004175565071137179,100695.1796875,-0.9627273253339275
0.10837004333734512,0.2580239127079646,0.03404521569609642,0.027835450959169353,0.0062097647369270675,100915.7421875,-0.6619304052761854
0.10881766676902771,0.25908968278339933,0.02923879399895668,0.028012649635214774,0.0012261443637419066,105272.59375,5.279820940255177
0.10886789858341217,0.25920928234145757,0.03098149411380291,0.028032530591506087,0.0029489635222968227,103530.234375,2.9036403400455653
0.10891813039779663,0.2593288818995158,0.03272419422864914,0.02805241068237523,0.00467178354627391,100488.75,-1.2442503140944021
0.10928018391132355,0.2601909140745799,0.035317372530698776,0.02819567287182097,0.007121699658877805,100982.6484375,-0.5706855475482702
0.10999999940395355,0.2619047604856037,0.028480347245931625,0.028480347244404867,1.5267578867828036e-12,108487.2109375,9.663825243637126
0.11005023866891861,0.2620243777831396,0.030223049223423004,0.028500207799424967,0.0017228414239980373,105800.609375,5.99991376538349
0.11010047048330307,0.2621439773411978,0.031965747475624084,0.028520064279482796,0.0034456831961412887,103114.0,2.3359916326625823
0.11015070229768753,0.26226357689925606,0.033708445727825165,0.0285399196188075,0.005168526109017666,100753.8984375,-0.882648349308354
0.11090979725122452,0.26407094583624885,0.03531203418970108,0.028839823598674964,0.006472210591026116,101058.6484375,-0.46703888991431886
0.11152498424053192,0.26553567676317125,0.030797915533185005,0.0290826527137051,0.0017152628194799062,104933.90625,4.817928475026244
0.11157521605491638,0.2656552763212295,0.032540615648031235,0.02910247103825537,0.003438144609775866,103099.1875,2.315790762712544
0.11190108209848404,0.26643114785353345,0.03405395522713661,0.02923100116017017,0.004822954066966444,100839.875,-0.7653959369664919
0.11266017705202103,0.26823851679052624,0.03565753996372223,0.02953015120251758,0.006127388761204649,101021.125,-0.5182122962276277
0.11299972981214523,0.26904697574320297,0.031372781842947006,0.0296638406034553,0.0017089412394917063,104810.2734375,4.649321530427428
0.11332559585571289,0.26982284727550687,0.03288612142205238,0.029792064518391472,0.0030940569036609113,102840.4453125,1.962925461090542
0.11341927200555801,0.2700458857275191,0.037261124700307846,0.029828910482259004,0.007432214218048842,101123.5625,-0.37851092134107645
0.11365146189928055,0.27059871880781083,0.03439946472644806,0.029920210197289597,0.004479254529158462,100884.6015625,-0.7043991118272679
0.11441055685281754,0.2724060877448037,0.036003049463033676,0.030218401190624574,0.005784648272409102,101065.859375,-0.4572048166211304
0.11475010961294174,0.27321454669748035,0.031718287616968155,0.030351632858847604,0.0013666547581205508,104551.5234375,4.296445574338153
0.11502306163311005,0.2738644324597858,0.03733111172914505,0.030458660236353092,0.006872451492791958,101193.8984375,-0.2825887524802146
0.1150759756565094,0.2739904182297843,0.03323163092136383,0.030479400802569695,0.0027522301187941356,102581.6875,1.6100388505339935
0.11540183424949646,0.2747662720226106,0.03474497050046921,0.030607071257669177,0.0041378992428000305,100929.328125,-0.6434022866880439
0.11601434648036957,0.2762246344770704,0.03607303276658058,0.03084678522303252,0.0052262475435480606,101045.3125,-0.48522606554971714
0.11622485518455505,0.276725845677512,0.03229315206408501,0.03092908705958822,0.001364065004496786,105447.796875,5.518758023324564
0.11655072122812271,0.277501717209816,0.03380649536848068,0.031056402822561245,0.0027500925459194372,102985.828125,2.1611944425780214
0.11662685126066208,0.2776829791920526,0.03740109130740166,0.031086131310387278,0.006314959997014379,101063.4921875,-0.46043312020491817
0.11669005453586578,0.27783346318063284,0.03499787673354149,0.03111080743104289,0.003887069302498599,101618.3515625,0.2962684544742033
0.11723934859037399,0.2791413061675571,0.03872915357351303,0.03132508943770538,0.007404064135807652,101405.234375,0.005625241727846475
0.1173025593161583,0.279291807895615,0.03632593899965286,0.03134972758694341,0.004976211412709451,101080.0703125,-0.43782434065113063
0.11769960820674896,0.28023716239702134,0.03286801651120186,0.0315043884428312,0.001363628068370662,104876.109375,4.739106726138911
0.11783893406391144,0.2805688906283606,0.03405940160155296,0.03155861791411095,0.0025007836874420125,103474.0,2.826949484612878
0.1179150640964508,0.28075015261059716,0.03765399754047394,0.0315882405553538,0.006065756985120137,101131.1484375,-0.36816543361877313
0.11797827482223511,0.280900654338655,0.03525078296661377,0.031612831205411515,0.0036379517612022544,101390.0234375,-0.015119006053126315
0.11859077960252762,0.2823589990536372,0.036578841507434845,0.03185087173344142,0.0047279697739934234,101147.71875,-0.34556730853225887
0.11868280917406082,0.2825781170810972,0.038639843463897705,0.03188659927213336,0.006753244191764346,101188.671875,-0.2897165910860034
0.11898782104253769,0.2833043358155659,0.03312092274427414,0.032004937008715754,0.001115985735558385,105329.640625,5.35761986028428
0.11912715435028076,0.2836360817863828,0.034312304109334946,0.03205895720488491,0.002253346904450039,103245.671875,2.5155620240855483
0.11926648765802383,0.28396782775719964,0.03550368547439575,0.03211295324843543,0.0033907322259603204,103127.90625,2.354956584408926
0.11935851722955704,0.28418694578465964,0.03756468743085861,0.032148604245986694,0.0054160831848719185,101062.7265625,-0.4614772579976944
0.12003423273563385,0.28579579222769963,0.03648953139781952,0.032410034911806156,0.004079496486013363,102497.9375,1.4958229613650011
0.12012626975774765,0.2860149279946373,0.03855053335428238,0.03244559740054359,0.006104935953738788,101129.40625,-0.37054137982070273
0.120462566614151,0.28681563479559763,0.03369579091668129,0.03257544390924782,0.0011203470074334712,105430.015625,5.494508455810699
0.12060189992189407,0.2871473807664145,0.034887172281742096,0.03262919658309747,0.0022579756986446237,104246.15625,3.8799944120295327
0.12080197781324387,0.2876237566981997,0.037475377321243286,0.032706336959597196,0.00476904036164609,101867.96875,0.6366893383210762
0.12092556059360504,0.28791800141334534,0.039847761392593384,0.03275395677910844,0.0070938046134849456,101059.546875,-0.46581362617789773
0.12136964499950409,0.2889753452369145,0.03587301820516586,0.03292489704626876,0.002948121158897102,103616.1796875,3.0208501345183345
0.12156972289085388,0.2894517211686997,0.038461219519376755,0.03300182030545858,0.005459399213918172,100885.171875,-0.7036213357163223
0.12193731218576431,0.29032693377562935,0.03427065908908844,0.033142993779597875,0.001127665309490565,105364.40625,5.405032239650139
0.1221373900771141,0.2908033097074145,0.03685886040329933,0.03321974997640344,0.0036391104268958946,102322.7578125,1.2569178416974343
0.12261340022087097,0.29193666719254996,0.03973466530442238,0.033402119235149574,0.006332546069272804,101106.359375,-0.4019720582767221
0.12270505726337433,0.2921548982461294,0.03525650128722191,0.03343719502968212,0.0018193062575397878,104955.34375,4.847164333223978
0.12281586974859238,0.29241873749664854,0.03830423578619957,0.033479583906094984,0.004824651880104586,99928.7421875,-2.00797318270658
0.12327272444963455,0.2935064867848442,0.033654142171144485,0.033654139783503664,2.3876408211664923e-09,107587.9140625,8.437389515815976
0.1233835369348526,0.29377032603536335,0.03670187667012215,0.03369642917175081,0.0030054474983713386,102561.328125,1.5822733088199643
0.12365707010030746,0.29442159547692254,0.041008111089468,0.033800732778108585,0.007207378311359418,101327.53125,-0.10034408977166835
0.12385953962802887,0.2949036657810211,0.039577681571245193,0.03387785977644109,0.005699821794804105,100955.6171875,-0.6075500043136353
0.12395120412111282,0.29512191457407816,0.035099517554044724,0.033912755442396046,0.0011867621116486773,105193.9140625,5.1725198003465085
0.12406201660633087,0.2953857538245973,0.038147248327732086,0.033954921921363485,0.004192326406368602,100167.3125,-1.68261771558405
0.1246296837925911,0.2967373423633121,0.03654488921165466,0.03417060742240935,0.002374281789245314,102799.8984375,1.9076287759424944
0.12490321695804596,0.29738861180487136,0.04085112735629082,0.034274339976370236,0.006576787379920582,101080.828125,-0.43679085732562767
0.12510569393634796,0.29787069984844755,0.03942069411277771,0.034351041994082586,0.005069652118695124,101047.234375,-0.48260506660050334
0.12530815601348877,0.2983527524130685,0.0379902608692646,0.03442766634061475,0.0035625945286498553,100405.8671875,-1.3572835573960664
0.12542596459388733,0.2986332490330651,0.03564314544200897,0.03447221906923809,0.0011709263727708794,105821.21875,6.028020250050263
0.1260487288236618,0.3001160210087186,0.04141208902001381,0.0347073206924341,0.006704768327579706,101009.328125,-0.5343005418102003
0.1261044293642044,0.30024864134334384,0.03708851709961891,0.03472831396768565,0.002360203131933261,103440.5234375,2.7812950923471007
0.1262512058019638,0.3005981090522948,0.0399816557765007,0.03478360592427321,0.005198049852227493,100962.9375,-0.5975667684786217
0.12645366787910461,0.30108016161691575,0.038551222532987595,0.03485980954721386,0.0036914129857737316,100929.3359375,-0.6433916322207706
0.12690070271492004,0.30214453027361915,0.03618677332997322,0.035027794002415596,0.0011589793275576243,105054.8984375,4.982934209686709
0.12724994122982025,0.30297605054719107,0.037649478763341904,0.035158764069668044,0.0024907146936738594,103728.109375,3.1734966871418564
0.12739671766757965,0.303325518256142,0.040542617440223694,0.0352137372632047,0.005328880177018991,100863.265625,-0.7334964619504506
0.12757129967212677,0.3037411896955399,0.041846659034490585,0.035279069941341945,0.00656758909314864,101130.71875,-0.3687514293188006
0.12759917974472046,0.303807570820763,0.03911218419671059,0.03528949778434456,0.003822686412366029,100845.0390625,-0.7583533340988889
0.1280462145805359,0.30487193947746644,0.03674773499369621,0.03545648991919488,0.001291245074501332,105877.5234375,6.10480699568841
0.1283954530954361,0.30570345975103835,0.038210440427064896,0.035586671410202914,0.002623769016861982,103719.6875,3.1620111714213177
0.1287446916103363,0.30653498002461027,0.03967314586043358,0.035716604868330386,0.003956540992103193,101561.84375,0.21920469268695306
0.12891927361488342,0.3069506514640082,0.04097718745470047,0.035781463643404565,0.005195723811295905,100984.6484375,-0.5679580039263241
0.12909385561943054,0.30736632290340604,0.04228123277425766,0.03584625910789345,0.00643497366636421,101252.1171875,-0.2031916623601277
0.1295209676027298,0.3083832561969757,0.03729136288166046,0.0360045104680761,0.0012868524135843593,105239.5,5.234688616885788
0.12987020611763,0.3092147764705476,0.038754068315029144,0.03613362047511835,0.0026204478399107917,103081.65625,2.291882138151423
0.13029111921787262,0.3102169505187443,0.04044615477323532,0.036288878091264846,0.0041572766819704746,101510.4609375,0.1491302614309397
0.13046570122241974,0.31063262195814223,0.04175020009279251,0.036353160721384954,0.005397039371407557,100880.96875,-0.7093534391093184
0.13064028322696686,0.31104829339754014,0.0430542416870594,0.03641737614126797,0.006636865545791432,101047.28125,-0.48254113979686397
0.1309957057237625,0.3118945374375298,0.03783499076962471,0.036547899484045604,0.0012870912855791061,104601.46875,4.364559583615892
0.13141663372516632,0.3128967469646817,0.03952707722783089,0.036702110977255585,0.0028249662505753018,103267.4296875,2.5452347154414854
0.13149656355381012,0.3130870560805003,0.04409864917397499,0.03673134861171007,0.007367300562264922,101124.53125,-0.3771897673991963
0.13183754682540894,0.3138989210128784,0.04121916741132736,0.03685591248915907,0.00436325492216829,100877.1484375,-0.7145634736059263
0.13201212882995605,0.31431459245227633,0.042523209005594254,0.036919584571460023,0.00560362443413423,100942.453125,-0.6255027816690226
0.13254213333129883,0.31557650793166386,0.03860799968242645,0.03711244615159513,0.00149555353083132,105835.5,6.047496616225722
0.13286840915679932,0.3163533551352365,0.04356761649250984,0.03723084257417893,0.006336773918330915,101064.0625,-0.4596553440939726
0.13296306133270264,0.31657871745881583,0.04030008986592293,0.03726514149981674,0.0030349483661061896,103265.90625,2.543157094323206
0.13338397443294525,0.3175808915070125,0.041992176324129105,0.03741740459577567,0.004574771728353431,100904.375,-0.6774326551587306
0.13401688635349274,0.3190878246511732,0.039151631295681,0.03764554042611074,0.0015060908695702577,104965.3984375,4.860876632604621
0.13415680825710297,0.31942097204072134,0.04501521959900856,0.037695841729006425,0.007319377870002135,101278.7890625,-0.16681731108933104
0.13443779945373535,0.3200899986993699,0.040843717753887177,0.03779670841837739,0.00304700933550979,102395.796875,1.3565264562348325
0.1346723735332489,0.32064850841249737,0.04343978315591812,0.03788076007089461,0.005559023085023512,101119.1171875,-0.3845733132195426
0.13489651679992676,0.3211821828569685,0.042051661759614944,0.03796094327014822,0.004090718489466724,101090.9921875,-0.42292939540315944
0.13549162447452545,0.3225991058917273,0.03969525918364525,0.038173204603109204,0.0015220545805360447,104095.28125,3.6742353400489747
0.13595034182071686,0.32369129004932584,0.040903203189373016,0.038336188051598614,0.002567015137774402,103002.8671875,2.1844318357009294
0.13596077263355255,0.3237161253179823,0.04488738626241684,0.038339887693739604,0.006547498568677236,101333.859375,-0.09171397128035455
0.1361849159002304,0.3242497997624534,0.04349926486611366,0.038419317909398135,0.005079946956715528,101180.6875,-0.3006054566392413
0.13640905916690826,0.32478347420692444,0.042111143469810486,0.038498614106928904,0.003612529362881582,101153.8203125,-0.33724616959186865
0.13654544949531555,0.32510821308408466,0.03854680061340332,0.038546799577143784,1.0362595365132066e-09,105794.75,5.99192291492857
0.13700416684150696,0.32620039724168326,0.03975474461913109,0.03870849111510976,0.0010462535040213286,104520.0,4.253454798890682
0.13746288418769836,0.32729258139928186,0.04096268489956856,0.038869607727314064,0.002093077172254494,102931.40625,2.086975423552723
0.13747330009937286,0.327317381188983,0.04494687169790268,0.03887325940294631,0.006073612294956371,101270.3671875,-0.17830282680986964
0.13769744336605072,0.3278510556334541,0.0435587503015995,0.03895176801445903,0.004606982287140474,101243.5,-0.21494353976249697
0.13792158663272858,0.3283847300779252,0.04217062518000603,0.039030136621094856,0.003140488558911171,101216.6171875,-0.25160556164967074
0.13847891986370087,0.32971171396119253,0.040245771408081055,0.03922438793659172,0.0010213834714893344,105362.9375,5.403029199802773
0.138693705201149,0.3302231076217833,0.0455658882856369,0.03929901320299276,0.00626687508264414,100966.40625,-0.5928361850093089
0.1387975513935089,0.3304703604607355,0.046813253313302994,0.03933504630186998,0.007478207011433015,101234.65625,-0.22700439671578984
0.13891784846782684,0.3307567820662544,0.044177766889333725,0.039376748882102026,0.0048010180072316985,101040.8515625,-0.4913097663627297
0.13893762230873108,0.3308038626398359,0.04145371541380882,0.039383599759604586,0.0020701156542042368,104517.5625,4.250130605101435
0.1391419917345047,0.3312904565107255,0.04278964549303055,0.03945433977794517,0.0033353057150853765,101155.546875,-0.3348915323244855
0.13995365798473358,0.33322299520174664,0.04073680192232132,0.039734086384082705,0.0010027155382386146,106134.2265625,6.4548914813520994
0.14013823866844177,0.3336624730200995,0.04479678347706795,0.03979743260398587,0.0049993508730820785,100841.03125,-0.7638190758100544
0.1401580274105072,0.3337095890726362,0.042072732001543045,0.039804217890494424,0.002268514111048621,103823.4921875,3.303577078080684
0.1402420997619629,0.33390976133800687,0.04604414850473404,0.039833032132675354,0.006211116372058685,101109.2890625,-0.397976633049262
0.14034594595432281,0.3341570141769591,0.04729151353240013,0.03986859437262718,0.007422919159772952,101377.5390625,-0.03214484475574291
0.14036238193511963,0.33419614746457055,0.04340866208076477,0.03987421993666059,0.0035344421441041787,101003.390625,-0.5423979369378528
0.1411740630865097,0.33612872163454693,0.04135581851005554,0.040151022313083574,0.0012047961969719675,105726.8515625,5.899324939856955
0.14137841761112213,0.3366152800264813,0.04269174858927727,0.0402203964489227,0.0024713521403545644,103713.1015625,3.1530294555099876
0.14158277213573456,0.3371018384184156,0.04402767866849899,0.04028964235288644,0.00373803631561255,100715.6484375,-0.934812621078073
0.14168663322925568,0.33734912673632306,0.045275043696165085,0.04032478651881206,0.004950257177353028,100983.9140625,-0.5689595238500075
0.1417904943227768,0.3375964150542305,0.04652240872383118,0.04035989730942953,0.006162511414401647,101252.1640625,-0.20312773555648833
0.14189434051513672,0.33784366789318265,0.04776977002620697,0.040394969609764075,0.007374800416442895,101520.4140625,0.16270405273703079
0.14264880120754242,0.339640002875101,0.04184684902429581,0.04064876383343356,0.0011980851908622442,105045.765625,4.970479137444307
0.14285317063331604,0.3401265967459906,0.04318277910351753,0.040717203090919155,0.0024655760125983778,103032.03125,2.2242049620318856
0.1431085169315338,0.3407345641226996,0.044828929007053375,0.040802526663431565,0.00402640234362181,101545.4609375,0.19686227481499624
0.14321237802505493,0.34098185244060697,0.04607629403471947,0.04083717204906009,0.00523912198565938,100889.125,-0.6982301752760695
0.14331623911857605,0.3412291407585144,0.04732365533709526,0.04087178282239757,0.006451872514697692,101036.2265625,-0.49761721098848005
0.14412355422973633,0.3431513195946103,0.04233787953853607,0.04113962388416987,0.0011982556543662023,105450.3828125,5.522284651992002
0.14414823055267334,0.34321007274446036,0.04833359643816948,0.04114777725644389,0.007185819181725589,101118.2890625,-0.3857026867505046
0.1443789154291153,0.3437593224502745,0.043984029442071915,0.041223901781080693,0.002760127660991221,103171.3046875,2.4141421501117017
0.14463426172733307,0.3443672898269835,0.04563017934560776,0.041307959900237105,0.004322219445370652,100892.21875,-0.6940110062358716
0.1447381228208542,0.34461457814489094,0.04687754064798355,0.041342088456637144,0.005535452191346407,100919.625,-0.6566351350413917
0.14557012915611267,0.3465955456097921,0.04788748174905777,0.04161418400989488,0.006273297739162888,101034.03125,-0.5006111162922569
0.14564929902553558,0.3467840452988943,0.043139126151800156,0.04163995401845433,0.0014991721333458274,105502.09375,5.59280657087349
0.14590466022491455,0.3473920481545585,0.044785276055336,0.041722929877053776,0.003062346178282223,103118.8125,2.34255478450289
0.14616000652313232,0.34800001553126747,0.04643142595887184,0.04180567875176335,0.00462574720710849,100849.375,-0.752440104762248
0.14646989107131958,0.34873783588409424,0.049346551299095154,0.04190580147404914,0.007440749825046014,101256.5,-0.1972145062198474
0.14705976843833923,0.3501423058055696,0.047890499234199524,0.0420954722457628,0.005795026988436723,101071.84375,-0.44904349468983856
0.1471240520477295,0.35029536201840356,0.04363015666604042,0.042116069050669024,0.001514087615371397,104591.9921875,4.351635714813468
0.14737939834594727,0.35090332939511254,0.04527630656957626,0.042197740535120355,0.003078566034455908,102208.71875,1.101394582910141
0.14784176647663116,0.35200420589674086,0.04667630046606064,0.04234504338313814,0.0043312570829225,100988.46875,-0.5627479694297162
0.14795953035354614,0.3522845960798718,0.04934956878423691,0.04238244015498628,0.006967128629250627,101294.3046875,-0.1456575390847024
0.1485987901687622,0.35380664325895766,0.044121187180280685,0.04258457868356844,0.0015366084967122426,103681.890625,3.110464858753446
0.14874152839183807,0.35414649617104305,0.04813537001609802,0.04262951328064415,0.005505856735453875,101088.421875,-0.4264347151360511
0.1490611582994461,0.354907519760586,0.04552117735147476,0.042729867083016806,0.0027913102684579555,102725.09375,1.8056122518013467
0.14952352643013,0.3560083962622143,0.046921174973249435,0.04287437896688891,0.0040467960063605285,101024.796875,-0.513204696609211
0.14964129030704498,0.35628878644534523,0.049594439566135406,0.0429110608359183,0.006683378730217106,101188.390625,-0.29010015190783955
0.14981818199157715,0.35670995712280273,0.04296606406569481,0.04296606447149564,-4.058008304386185e-10,105155.046875,5.119513825662205
0.15028055012226105,0.35781083362443106,0.044366057962179184,0.043109290075699906,0.0012567678864792778,104078.265625,3.6510299103278867
0.15042328834533691,0.3581506865365165,0.04838024452328682,0.04315334521398299,0.005226899309303833,101124.7578125,-0.3768807878482727
0.15074291825294495,0.35891171012605944,0.04576605185866356,0.04325172101089123,0.0025143308477723267,102423.765625,1.394669449072985
0.15095612406730652,0.3594193430173965,0.04970555752515793,0.04331712875200361,0.00638842877315432,101202.265625,-0.2711778180305886
0.15120527148246765,0.36001255114873254,0.047166045755147934,0.043393345911048244,0.0037726998440996903,101061.125,-0.4636614237887059
0.15173812210559845,0.36128124310856774,0.04849136248230934,0.043555562218865515,0.004935800263443826,101034.8359375,-0.49951370616311447
0.15175530314445496,0.3613221503439404,0.04478519409894943,0.043560774681122516,0.0012244194178269163,104541.375,4.282605421350231
0.15221765637397766,0.3624229913666135,0.04618518799543381,0.043700621130472045,0.0024845668649617625,103489.7734375,2.848460854037523
0.15227095782756805,0.3625498995894478,0.04981667548418045,0.04371669026903855,0.0060999852151418996,101098.8828125,-0.41216838345720025
0.15265166759490967,0.3634563514164516,0.047651804983615875,0.04383114640179383,0.0038206585818220465,101617.7890625,0.295501332830531
0.15280379354953766,0.36381855607032776,0.05114198848605156,0.043876724374965315,0.007265264111086245,101121.6875,-0.38106799348665094
0.15318451821804047,0.36472504337628686,0.04897712171077728,0.04399039709297045,0.004986724617806831,100997.0390625,-0.5510600188309862
0.15323004126548767,0.3648334315844945,0.04520432651042938,0.04400395097483584,0.0012003755355935453,104875.5703125,4.738371567897058
0.15366405248641968,0.36586679163433256,0.04667094349861145,0.04413276349624941,0.002538180002362042,103003.5859375,2.1854120466900664
0.15371735394001007,0.36599369985716684,0.05030243471264839,0.04414853197974769,0.006153902732900701,101011.0,-0.5320204858137297
0.15409806370735168,0.3669001516841707,0.04813756048679352,0.04426083268720475,0.0038767277995887667,101131.6015625,-0.367547474516926
0.15463091433048248,0.3681688436440059,0.049462877213954926,0.04441704320274861,0.005045834011206313,100900.3203125,-0.6829623236735354
0.1546764373779297,0.36827723185221356,0.045690085738897324,0.044430336093427274,0.00125974964547005,105110.390625,5.05861289072844
0.15491650998592377,0.3688488332998185,0.05115223303437233,0.044500300431125094,0.006651932603247236,101161.4609375,-0.32682610059865275
0.1551104485988617,0.3693105919020517,0.04715670272707939,0.04455665044370019,0.0026000522833792006,103213.265625,2.4713672938362032
0.1555444598197937,0.3703439519518898,0.04862331971526146,0.04468220359404827,0.003941116121213187,100914.09375,-0.6641784978708363
0.15583007037639618,0.3710239770866576,0.050312675535678864,0.044764408740960465,0.005548266794718398,101061.875,-0.4626385949304761
0.15611568093299866,0.3717040022214254,0.05200203135609627,0.04484628045023216,0.007155750905864108,101209.640625,-0.26112000092466237
0.1561511904001236,0.3717885485717229,0.046109218150377274,0.0448564360394548,0.0012527821109224735,104429.234375,4.129671198110332
0.1565852016210556,0.37282190862156095,0.04757583513855934,0.04498014236025756,0.002595692778301781,102532.1015625,1.5424149467508224
0.15701155364513397,0.3738370324884142,0.04909433424472809,0.045100907056508495,0.0039934271882195935,100902.921875,-0.6794143860715508
0.15729716420173645,0.37451705762318205,0.05078369006514549,0.04518138362464507,0.005602306440500422,101050.6953125,-0.47788513759846385
0.15758277475833893,0.37519708275794983,0.0524730458855629,0.045261519142788434,0.007211526742774463,101198.46875,-0.27635588912537684
0.1576259434223175,0.37529986529123216,0.046528350561857224,0.04527360148050526,0.0012547490813519663,103748.0546875,3.200697542090405
0.15805229544639587,0.3763149891580854,0.04804684966802597,0.04539251043542016,0.0026543392326058082,102884.5390625,2.0230592743806346
0.15847864747047424,0.3773301130249387,0.04956534877419472,0.04551065081576183,0.004054697958432885,100891.734375,-0.6946715832068118
0.15876425802707672,0.37801013815970647,0.05125470459461212,0.04558936004109029,0.005665344553521828,101039.515625,-0.49313168026645154
0.15909303724765778,0.37879294582775663,0.04699936509132385,0.04567953420902218,0.0013198308823016702,105091.3203125,5.032605336114493
0.1593635231256485,0.37943695982297265,0.052714455872774124,0.04575337249553368,0.006961083377240447,101224.96875,-0.2402159361345912
0.15951938927173615,0.3798080696946099,0.0485178641974926,0.045795778347573514,0.0027220858499190856,103094.6875,2.3096537895631655
0.15994574129581451,0.38082319356146316,0.050036363303661346,0.04591123750603131,0.004125125797630039,100880.546875,-0.7099287803420726
0.16054502129554749,0.3822500507036845,0.05149611830711365,0.04607219065130538,0.005423927655808271,101132.359375,-0.36651399119142297
0.1605677753686905,0.3823042270683107,0.0474185012280941,0.046078270967004654,0.0013402302610894465,104272.75,3.916262218627597
0.16099414229393005,0.38331938641411917,0.04893699660897255,0.04619178392867686,0.0027452126802956917,103092.25,2.3063295957739185
0.16114428639411926,0.38367687236695064,0.05295586958527565,0.046231566749904286,0.006724302835371364,101314.0078125,-0.11878697262162413
0.16151635348796844,0.3845627463999249,0.05031212419271469,0.04632972180652389,0.0039824023861908045,101546.296875,0.19800230281323153
0.1620425283908844,0.38581554378782,0.04783763363957405,0.04646748260093081,0.0013701510386432414,104211.375,3.8325607237291264
0.16211561858654022,0.385989568063191,0.05177187919616699,0.04648652108108562,0.005285358115081372,101127.9140625,-0.37257638306988905
0.1625647395849228,0.38705890377362573,0.049212757498025894,0.046602982393095495,0.0026097751049303994,102665.4375,1.7242547397029862
0.162714883685112,0.38741638972645714,0.053231630474328995,0.04664171403063052,0.006589916443698475,101193.296875,-0.28340914646025306
0.16309091448783875,0.38831170116152086,0.046738266944885254,0.04673826972878782,-2.783902566805274e-09,105330.515625,5.358813160618881
0.16361312568187714,0.3895550611473265,0.048113394528627396,0.04687129810541789,0.0012420964232095072,103784.578125,3.2505071765927407
0.16368621587753296,0.3897290854226975,0.05204764008522034,0.04688981814372073,0.005157821941499607,101129.46875,-0.3704561440825169
0.16413533687591553,0.39079842113313223,0.04948852211236954,0.04700308319901943,0.0024854389133501104,102238.625,1.1421798836320536
0.1643643081188202,0.3913435907590957,0.05334674194455147,0.0470604721840052,0.006286269760546269,101225.3125,-0.23974713957456922
0.16465754806995392,0.3920417811189379,0.05086364969611168,0.04713361696660127,0.0037300327295104116,100692.671875,-0.9661474093286333
0.16504241526126862,0.3929581315744491,0.0546458438038826,0.047229014136456755,0.0074168296674258435,101367.859375,-0.04534572970727105
0.16508787870407104,0.39306637786683585,0.04844416305422783,0.04724023785671046,0.001203925197517372,103905.59375,3.4155448746550254
0.16533564031124115,0.39365628645533607,0.05216275155544281,0.04730123489351601,0.004861516661926801,101163.53125,-0.3240026667712476
0.16561008989810944,0.3943097378526415,0.04981929063796997,0.047368468672483684,0.002450821965486287,102244.7578125,1.1505436404415368
0.16601374745368958,0.39527082727068946,0.05346185341477394,0.04746671588946317,0.005995137525310772,101319.546875,-0.11123295532490625
0.16619251668453217,0.3956964682965052,0.05105380713939667,0.047509982905375815,0.0035438242340208523,101691.59375,0.39615408516070555
0.16656263172626495,0.3965776945863451,0.04877493157982826,0.04759908285115819,0.001175848728670069,103131.7421875,2.3601879278400806
0.1666918396949768,0.39688533260708764,0.05476095527410507,0.0476300356529708,0.007130919621134275,101304.859375,-0.13126335379857285
0.1668706089258194,0.39731097363290335,0.0523529052734375,0.047672731047499355,0.004680174225938145,101199.6953125,-0.27468313776348025
0.1671450436115265,0.3979643895512536,0.05000944435596466,0.04773797941131183,0.002271464944652829,102673.046875,1.7346321908271092
0.16754870116710663,0.39892547896930153,0.05365201085805893,0.047833300417234166,0.005818710440824763,101136.75,-0.3605261805838694
0.16772747039794922,0.3993511199951172,0.05124396085739136,0.04787526721440741,0.00336869364298395,101378.359375,-0.031026125692054086
0.168097585439682,0.4002323462849572,0.04896508902311325,0.04796166695784327,0.0010034220652699807,104615.8203125,4.384131839996811
0.168290376663208,0.40069137300763813,0.05476232245564461,0.04800641172824629,0.006755910727398319,101326.3125,-0.10200618666629174
0.16840556263923645,0.40096562533151536,0.05254306271672249,0.048033059806460214,0.004510002910262274,101126.4296875,-0.3746007318518022
0.16868001222610474,0.4016190767288208,0.05019960179924965,0.04809629543510108,0.0021033063641485716,103174.515625,2.4185211361609977
0.16914723813533783,0.40273151936985196,0.053653374314308167,0.048203110439789046,0.005450263874519121,101233.078125,-0.22915659910498165
0.16926242411136627,0.40300577169372925,0.05143411457538605,0.04822928099724318,0.003204833578142864,101116.1015625,-0.38868593758700815
0.16957232356071472,0.40374362752551124,0.049295857548713684,0.04829937044030763,0.0009964871084060523,104039.453125,3.5980985169144954
0.1698889136314392,0.4044974134081886,0.05476368963718414,0.048370489257141616,0.006393200380042527,101347.734375,-0.07279163740310357
0.17000409960746765,0.40477166573206586,0.052544429898262024,0.0483962430110685,0.004148186887193525,101222.7578125,-0.2432311503729144
0.17015475034713745,0.4051303579693749,0.05053037032485008,0.048429827984156876,0.0021005423406932067,102598.15625,1.632498467545956
0.17060266435146332,0.4061968198844365,0.05154327303171158,0.04852902407510056,0.0030142489566110167,102002.734375,0.8204788987842404
0.17063181102275848,0.40626621672085356,0.05602456256747246,0.04853544473768251,0.0074891178297899486,101358.8671875,-0.057609021538755224
0.17074577510356903,0.40653755977040246,0.053654745221138,0.048560509432846774,0.0050942357882912265,101329.4140625,-0.09777636315882067
0.17104707658290863,0.40725494424502057,0.04962662234902382,0.04862646712673341,0.0010001552222904109,104144.453125,3.7412945570666647
0.1713443398475647,0.4079627139227731,0.052653584629297256,0.04869110027406749,0.0039624843552297645,101334.8125,-0.09041412627302087
0.1714949756860733,0.40832137068112695,0.050639525055885315,0.04872368515703347,0.0019158398988518427,102936.9296875,2.0945081319148944
0.17194288969039917,0.4093878325961885,0.05165242776274681,0.04881990858908754,0.002832519173659273,101729.3984375,0.44771105229585056
0.17208601534366608,0.4097286079611097,0.05376389995217323,0.04885044458184267,0.004913455370330562,101212.1484375,-0.25769991692995653
0.17215001583099365,0.4098809900737944,0.055964358150959015,0.04886406600039002,0.007100292150568996,101336.2421875,-0.08846435876202034
0.17238730192184448,0.4104459569567726,0.04973577708005905,0.048914389313583155,0.0008213877664758965,103871.1171875,3.368526710578275
0.17268456518650055,0.41115372663452515,0.05276273936033249,0.04897703387608637,0.0037857054842461157,101397.75,-0.004581737919904902
0.17282763123512268,0.41149436008362544,0.054604142904281616,0.049007024908458596,0.00559711799582302,101171.21875,-0.31351867097439234
0.17283521592617035,0.4115124188718342,0.05074867978692055,0.04900861201578815,0.001740067771132399,102663.6015625,1.7217509398937778
0.17328311502933502,0.41257884530794053,0.051761578768491745,0.04910182099144741,0.0026597577770443373,101456.0703125,0.07495386027473397
0.17342618107795715,0.4129194787570409,0.05360298603773117,0.04913137977803512,0.004471606259696052,101237.1328125,-0.2236269305901769
0.17349018156528473,0.4130718608697256,0.05580344423651695,0.04914456932561841,0.006658874910898539,101237.4609375,-0.22317944296470138
0.1738620549440384,0.4139572736762819,0.050066545605659485,0.049220795785036686,0.0008457498206227987,103834.53125,3.3186318403377535
0.17402473092079163,0.41434459743045626,0.05260182544589043,0.049253920093478454,0.003347905352411973,102901.453125,2.046126196027171
0.17416779696941376,0.41468523087955655,0.054443228989839554,0.04928294003486218,0.005160288954977374,101181.3046875,-0.29976375372465636
0.17430995404720306,0.41502370011238826,0.05107944831252098,0.049311672228312314,0.0017677760842086665,103764.90625,3.223679227998755
0.17476634681224823,0.416110349552972,0.05344207212328911,0.04940321846717875,0.0040388536561103555,102388.21875,1.3461916229798025
0.174830362200737,0.4162627671446119,0.05564253032207489,0.04941597380903744,0.006226556513037447,101138.484375,-0.35816088884921304
0.17505156993865967,0.416789452234904,0.051919691264629364,0.04945988853892269,0.0024598027257066724,103251.671875,2.5237446549513867
0.1753367930650711,0.417468554916836,0.05039731413125992,0.0495161405880837,0.0008811735431762183,104115.1171875,3.701287032455698
0.17550796270370483,0.4178761016754877,0.05428231507539749,0.04954969773575071,0.004732617339646784,100995.671875,-0.552924550603801
0.17557401955127716,0.41803337988399325,0.056876424700021744,0.04956260751981178,0.007313817180209965,101285.890625,-0.15713240033796777
0.17579318583011627,0.4185552043574197,0.052759937942028046,0.04960527876901432,0.0031546591730137255,102048.4921875,0.8828821136035304
0.1760784089565277,0.4192343070393517,0.0512375570833683,0.049660439132626424,0.001577117950741877,103601.8828125,3.0013524594083294
0.1762516349554062,0.4196467498938243,0.055516213178634644,0.049693734200977654,0.005822478977656989,101143.078125,-0.35189606209255564
0.17636363208293915,0.4199134097212837,0.049715179949998856,0.049715177822301775,2.1276970810224505e-09,105282.875,5.293842219186743
0.17670604586601257,0.4207286806333633,0.054063986986875534,0.04978033389507189,0.004283653091803646,100874.0703125,-0.7187613337115778
0.176991268992424,0.42140778331529527,0.05254160985350609,0.049834141187600864,0.0027074686659052244,101942.9765625,0.7389828786113277
0.17699530720710754,0.42141739811216083,0.0567501075565815,0.049834899948375186,0.006915207608206311,101290.4921875,-0.15085691911403712
0.17727649211883545,0.42208688599722727,0.051019228994846344,0.04988752364366108,0.001131705351185265,103560.171875,2.944468258636571
0.17744971811771393,0.42249932885169983,0.05529788136482239,0.049919736906382114,0.005378144458440273,101052.6953125,-0.47515759397651774
0.17790411412715912,0.4235812241122836,0.05384565517306328,0.050003488857257486,0.0038421663158057923,100971.0859375,-0.586454159112646
0.17818933725357056,0.4242603267942156,0.05232327803969383,0.05005550514662324,0.002267772893070591,101837.46875,0.5950942980863984
0.17864778637886047,0.4253518723306202,0.05507955327630043,0.05013821369192046,0.004941339584379971,101111.84375,-0.3944926222509168
0.17875123023986816,0.4255981672377814,0.05124863237142563,0.05015672233220963,0.001091910039216,103558.6796875,2.9424332553873844
0.17910218238830566,0.426433767591204,0.05362732335925102,0.050219093853546115,0.0034082295057049072,101020.953125,-0.5184466945076387
0.17939530313014984,0.4271316741194044,0.056434791535139084,0.05027068651561445,0.006164105019524635,101271.15625,-0.17722672561527372
0.17966409027576447,0.42777164351372493,0.05255268141627312,0.05031759446482892,0.0022350869514441984,101970.8671875,0.7770193267767478
0.17984969913959503,0.42821356937998817,0.054982565343379974,0.05034976164607762,0.004632803697302353,101180.265625,-0.3011807978719956
0.1801428198814392,0.4289114759081886,0.05779002979397774,0.0504001867137103,0.007389843080267439,101430.4609375,0.04002851655309616
0.18022598326206207,0.42910948395729065,0.05147803574800491,0.050414409520781,0.0010636262272239114,102619.5859375,1.6617236712764174
0.18040946125984192,0.42954633633295697,0.05393701419234276,0.050445657431712476,0.003491356760630282,101734.3046875,0.45440205774343706
0.1805972158908844,0.4299933711687724,0.05633780360221863,0.050477446924329136,0.005860356677889492,101339.578125,-0.08391490123635245
0.18097135424613953,0.4308841767765227,0.052862368524074554,0.0505402294971547,0.002322139026919856,102444.3359375,1.4227226614033914
0.1811569780111313,0.4313261381217412,0.05529225245118141,0.05057109884129367,0.004721153609887743,101091.59375,-0.42210900142312097
0.18134473264217377,0.43177317295755663,0.05769304186105728,0.0506021337207127,0.007090908140344583,101498.859375,0.13330837753019772
0.18153324723243713,0.4322220172200884,0.05178772285580635,0.05063310291053643,0.0011546199452699205,103721.625,3.1646534793050782
0.18171672523021698,0.4326588695957547,0.054246705025434494,0.05066306037500399,0.003583644650430505,101030.1015625,-0.50597031333069
0.18190449476242065,0.4331059399105254,0.056647494435310364,0.0506935300574358,0.005953964377874564,101067.625,-0.4547969070173811
0.1822786182165146,0.43399671003932044,0.05317205935716629,0.05075367035996176,0.0024183889972045278,102551.234375,1.5685077371029552
0.18241411447525024,0.43431932017916725,0.058119941502809525,0.05077526406121079,0.007344677441598738,101242.7265625,-0.21599833202254642
0.18246424198150635,0.43443867138453895,0.05560194328427315,0.050783227485945014,0.004818715798328134,101037.9921875,-0.4952093013847308
0.18297386169433594,0.4356520516531808,0.05707439035177231,0.05086341148785545,0.006210978863916861,101213.0859375,-0.2564213808571693
0.18300800025463104,0.43573333393959773,0.052017126232385635,0.05086873232159649,0.001148393910789143,103122.8203125,2.3480205262140554
0.18302398920059204,0.4357714028585525,0.05455639213323593,0.050871222172190575,0.0036851699610453564,101081.640625,-0.43568279272921207
0.18353360891342163,0.43698478312719435,0.05602884292602539,0.05094985054972648,0.005078992376298913,101153.9609375,-0.33705438918095054
0.1837533712387085,0.43750802675882977,0.053401462733745575,0.05098331903327915,0.0024181437004664255,102845.796875,1.9702237711727024
0.18404322862625122,0.4381981633958363,0.05750128999352455,0.051027057817251614,0.006474232176272937,101226.28125,-0.23842598563268907
0.18438491225242615,0.4390116958391099,0.05483689531683922,0.0510780247484521,0.0037588705683871196,101067.4453125,-0.4550419597646653
0.18448273837566376,0.43924461518015184,0.05224652960896492,0.05109249870233742,0.0011540309066275026,102524.015625,1.5313875731230326
0.18489453196525574,0.44022507610775174,0.05630934610962868,0.05115284812937353,0.005156497980255151,101139.765625,-0.35641355621640386
0.1851142942905426,0.44074831973938716,0.05368196591734886,0.05118467213755212,0.0024972937797967387,102329.90625,1.2666666792524368
0.18540415167808533,0.4414384563763937,0.05778179317712784,0.05122623860136168,0.006555554575766155,101212.0703125,-0.25780646160268883
0.18574583530426025,0.44225198881966726,0.055117398500442505,0.051274639997109,0.0038427585033335016,101053.2421875,-0.47441178126739186
0.18584366142749786,0.44248490816070923,0.05252703279256821,0.051288378473522786,0.0012386543190454208,103052.421875,2.2520131216150077
0.18625544011592865,0.4434653336093539,0.056589849293231964,0.05134562531336538,0.005244223979866583,101125.5546875,-0.3757940321864036
0.18647520244121552,0.44398857724098933,0.05396246910095215,0.051375791673679894,0.002586677427272255,101814.0,0.5630882783976248
0.18686774373054504,0.4449231993584406,0.05790778622031212,0.05142900581404111,0.006478780406271006,101254.765625,-0.19957979795450376
0.18710674345493317,0.44549224632126944,0.05539790168404579,0.0514609844393895,0.003936917244656293,101039.0234375,-0.49380291170466484
0.18731841444969177,0.4459962248802185,0.05275643616914749,0.05148903999238734,0.0012673961767601521,102979.796875,2.15296919384309
0.18771904706954956,0.4469501120703561,0.056715838611125946,0.05154145494682565,0.005174383664300293,101238.7421875,-0.22143211033189217
0.18794995546340942,0.44749989396049866,0.05419187247753143,0.05157125628982397,0.00262061618770746,101680.9296875,0.3816107373327508
0.18833135068416595,0.44840797781944275,0.0580337755382061,0.05161982433200046,0.006413951206205644,101371.640625,-0.040188967547029227
0.18857958912849426,0.4489990217345102,0.055516522377729416,0.051650996535025015,0.003865525842704401,101591.6484375,0.25985148533431374
0.18879316747188568,0.44950754159972783,0.052985843271017075,0.051677538763444865,0.0013083045075722097,102180.8984375,1.06345402495018
0.18919189274311066,0.4504568874835968,0.05683445557951927,0.05172640189226126,0.005108053687258009,101226.7734375,-0.23775475419447578
0.18942280113697052,0.45100666937373934,0.05431048944592476,0.051754289042682755,0.002556200403242004,102005.46875,0.8242079623298698
0.18963636457920074,0.4515151537600018,0.051779814064502716,0.05177981317650239,8.880003260491875e-10,102680.8359375,1.7452546946985164
0.18980419635772705,0.4519147532326835,0.058152396231889725,0.05179969060912251,0.006352705622767213,101241.5,-0.21767108338444305
0.19005243480205536,0.45250579714775085,0.05563513934612274,0.051828798697974236,0.0038063406481485054,101079.3359375,-0.438825860574814
0.19026601314544678,0.4530143170129685,0.0531044639647007,0.051853563049074125,0.0012509009156265738,103141.1875,2.3730691787734117
0.19066473841667175,0.45396366289683754,0.056953076273202896,0.0518991022983364,0.005053973974866496,101202.0625,-0.27145483417969246
0.19089564681053162,0.4545134447869801,0.05442911013960838,0.05192506171794098,0.002504048421667404,102184.1015625,1.0678223565322031
0.1913018822669983,0.45548067206428167,0.05827328935265541,0.051969995357367606,0.006303293995287805,101266.5,-0.18357678811011696
0.19152528047561646,0.4560125725609916,0.05575375631451607,0.0519943046114808,0.003759451703035266,101227.015625,-0.23742446570900574
0.1917407512664795,0.4565255982535226,0.05322348698973656,0.05201748146810247,0.0012060055216340862,102373.2734375,1.3258096270861195
0.192162424325943,0.4575295817284357,0.05707397311925888,0.0520620708512132,0.0050119022680456815,101234.171875,-0.2276649736867299
0.19237039983272552,0.45802476150648935,0.05454813688993454,0.052083688542915486,0.0024644483470190534,101416.203125,0.020584113779457052
0.19279956817626953,0.45904659089587985,0.058394186198711395,0.052127514734417034,0.006266671464294361,101266.6953125,-0.1833104264282863
0.19300827383995056,0.45954350914273945,0.05587167292833328,0.05214844586053381,0.00372322706779947,101556.6953125,0.21218339875389652
0.1932155042886734,0.4600369149730319,0.053342513740062714,0.05216898165330917,0.0011735320867535468,101605.359375,0.2785500753988269
0.1936454176902771,0.4610605183101836,0.0571918860077858,0.052210797515420876,0.004981088492364921,101238.6484375,-0.22155996393917088
0.19385337829589844,0.461555662609282,0.054666049778461456,0.05223064342454014,0.002435406353921317,101844.1953125,0.6042677944086468
0.19428256154060364,0.4625775274776277,0.05851210281252861,0.05227081330171531,0.0062412895108132985,101271.1875,-0.17718410774618082
0.19449126720428467,0.4630744457244873,0.0559895895421505,0.05228996352155975,0.003699626020590749,101119.8828125,-0.38352917542676634
0.1946984976530075,0.4635678515547798,0.05346042662858963,0.05230872963121344,0.0011516969973761892,102968.3515625,2.1373603992878127
0.1951284110546112,0.4645914548919315,0.05730980262160301,0.052346869903519715,0.0049629327180832974,101243.140625,-0.2154336452570654
0.19533637166023254,0.4650865991910299,0.05478396639227867,0.052364935802355086,0.0024190305899235848,102095.03125,0.9463507751501431
0.19577687978744507,0.4661354280653454,0.058636315166950226,0.05240237652502375,0.006233938641926479,101274.7578125,-0.17231501620231612
0.19597424566745758,0.46660534682728,0.056107502430677414,0.05241878671230604,0.0036887157183713715,101221.7109375,-0.24465884898752682
0.19617325067520142,0.4670791682742891,0.05357944965362549,0.0524351044097137,0.0011443452439117915,102301.703125,1.2282040523960878
0.19662272930145264,0.46814935547964914,0.057434018701314926,0.05247111391085727,0.004962904790457655,101238.1875,-0.22218857750829127
0.19681112468242645,0.4685979159105392,0.05490298941731453,0.05248585785691628,0.0024171315603982516,101428.3984375,0.037215737192964254
0.1972712129354477,0.46969336413201834,0.05876053124666214,0.05252099685522544,0.0062395343914367005,101270.0,-0.1788035867717113
0.19745562970638275,0.47013245168186374,0.05622465908527374,0.05253473559761154,0.0036899234876622,101549.9296875,0.20295663009528203
0.19764798879623413,0.4705904495148432,0.053698476403951645,0.05254885488341844,0.0011496215205332033,101635.0703125,0.3190690144389089
0.1981040984392166,0.47167642485527767,0.057551171630620956,0.05258147128616225,0.004969700344458705,101243.84375,-0.21447474320247498
0.19829249382019043,0.4721249852861677,0.05502014234662056,0.05259458915455623,0.0024255531920643267,101858.59375,0.6239039775932039
0.19875258207321167,0.47322043350764686,0.05887768790125847,0.05262575343642658,0.006251934464831889,101171.46875,-0.31317772802164906
0.19893699884414673,0.4736595210574922,0.05634181201457977,0.05263789759286523,0.003703914421714541,101114.3359375,-0.39109384719075746
0.1991293579339981,0.4741175188904717,0.053815633058547974,0.052650352781860664,0.0011652802766873097,103005.8125,2.188448569862936
0.1995854675769806,0.4752034942309062,0.057668328285217285,0.052679020049960674,0.004989308235256611,101188.7109375,-0.2896633187496373
0.1997738629579544,0.4756520546617962,0.05513729900121689,0.05269050539850399,0.002446793602712896,102109.8671875,0.966583608502001
0.20023338496685028,0.4767461546829769,0.05901085585355759,0.05271764697810442,0.00629320887545317,101283.984375,-0.15973209035263514
0.2004183530807495,0.4771865549541655,0.0564589649438858,0.0527282224217749,0.0037307425221109053,101213.9140625,-0.25529200732620727
0.20060411095619202,0.477628835609981,0.05393465980887413,0.05273864090380414,0.0011960189050699913,102221.6328125,1.1190064173127852
0.2010662853717804,0.4787292508851914,0.0578014962375164,0.05276368317185341,0.005037813065662991,101301.2265625,-0.13621768108062335
0.20124861598014832,0.47916337138130555,0.055256325751543045,0.05277321720372238,0.0024831085478206616,101325.6796875,-0.10286919851542313
0.20171421766281128,0.4802719468162174,0.059144027531147,0.052796676334013914,0.006347351197133089,101396.5078125,-0.00627579821634798
0.2018989622592926,0.4807118149030776,0.05654849112033844,0.05280563112173541,0.003742859998603028,101604.0859375,0.27681339723329096
0.20207886397838593,0.4811401523294903,0.05405368283390999,0.0528141580680714,0.0012395247658385858,101437.4453125,0.04955361029536102
0.2025468796491623,0.4822544753551483,0.05789101868867874,0.05283544793736002,0.005055570751318725,101271.921875,-0.1761825878224975
0.2027292102575302,0.48268859585126245,0.05534584820270538,0.0528433927070226,0.00250245549568278,101666.859375,0.36242204177366916
0.20290909707546234,0.48311689779871986,0.05285103991627693,0.052851038917419844,9.988570873198377e-10,102926.40625,2.080156564497858
0.20319481194019318,0.4837971712861742,0.05923354998230934,0.052862791136627875,0.0063707588456814665,101280.8671875,-0.16398322279465266
0.2033795565366745,0.48423703937303453,0.05663801357150078,0.05287013379209871,0.0037678797794020655,101082.125,-0.435022215758272
0.20355945825576782,0.4846653767994472,0.05414320528507233,0.05287709039286769,0.0012661148922046353,102350.703125,1.2950288711337667
0.2040274739265442,0.4857796998251052,0.05798054113984108,0.0528942928894204,0.005086248250420679,101243.6796875,-0.21469848701521274
0.2042098045349121,0.48621382032121935,0.05543537065386772,0.0529006444992804,0.002534726154587323,101774.9921875,0.5098905233024028
0.20466835796833038,0.48730561421031043,0.059346430003643036,0.05291575022587617,0.0064306797777668664,101292.4140625,-0.1482359201648233
0.2048601508140564,0.48776226384299143,0.056727536022663116,0.052921699632606074,0.003805836390057042,101282.3203125,-0.16200149188183247
0.20503419637680054,0.4881766580400013,0.05414717271924019,0.0529269102667197,0.001220262452520486,101545.1640625,0.19645740505861362
0.2055010199546814,0.48928814274924143,0.058093421161174774,0.052940001385868095,0.005153419775306679,101300.09375,-0.13776257883524126
0.20568454265594482,0.4897251015617734,0.055439338088035583,0.052944794818140774,0.0024945432698948097,101854.4921875,0.6183103822747598
0.2061418890953064,0.49081402165549143,0.05945930629968643,0.05295587284956361,0.006503433450122824,101317.859375,-0.11353432025592326
0.20636431872844696,0.49134361602011184,0.05674726516008377,0.052960813039829926,0.0037864521202538443,101291.453125,-0.14954641963943022
0.20650893449783325,0.4916879392805554,0.05415114387869835,0.0529638678077313,0.0011872760709670457,101731.4765625,0.4505451405905289
0.20700518786907196,0.49286949492636184,0.05811315029859543,0.052973408455945864,0.0051397418426495645,101309.21875,-0.12531816106011223
0.2071887105703354,0.4933064537388938,0.05545906722545624,0.05297656720255103,0.002482500022905211,101416.5390625,0.02104225587220581
0.20764607191085815,0.49439540931156706,0.059479039162397385,0.05298357071979759,0.006495468442599794,101213.875,-0.2553452796625734
0.20786850154399872,0.49492500367618747,0.056766998022794724,0.05298652867605279,0.0037804693467419354,101300.5859375,-0.13709134739702794
0.20801310241222382,0.4952692914576758,0.054170873016119,0.05298829433681719,0.0011825786793018128,101293.5234375,-0.1467229858120251
0.20850937068462372,0.49645088258243747,0.05813288316130638,0.052993411320943505,0.005139471840362876,101252.1171875,-0.2031916623601277
0.20869289338588715,0.4968878413949694,0.05547880008816719,0.052994933766291136,0.002483866321876055,100978.5859375,-0.5762258705303482
0.2092609703540802,0.49824040560495286,0.05942168086767197,0.052998380442651045,0.006423300425020921,101314.109375,-0.11864846454707217
0.20937266945838928,0.4985063558533078,0.05678672716021538,0.05299883301114077,0.003787894149074607,101290.359375,-0.15103804505768198
0.20948785543441772,0.49878060817718506,0.054174840450286865,0.05299922221413336,0.0011756182361535028,101448.546875,0.06469360829061645
0.21012426912784576,0.5002958788758233,0.05807552486658096,0.052999954206545144,0.005075570660035819,101352.3515625,-0.06649484724462647
0.21016764640808105,0.5003991581144788,0.05548277124762535,0.05299991665773248,0.0024828545898928703,100959.890625,-0.6017220107151802
0.21087586879730225,0.5020854018983387,0.05936431884765625,0.05299772517008657,0.006366593677569678,101322.7109375,-0.10691789607924936
0.21088619530200958,0.5021099888143086,0.05677415058016777,0.05299767121411591,0.0037764793660518617,101519.7265625,0.1617664596169868
0.21096260845661163,0.5022919248966944,0.054178811609745026,0.05299725230278014,0.0011815593069648828,100761.046875,-0.8728995117533515
0.21163778007030487,0.5038994763578688,0.05806294456124306,0.05299204635006699,0.005070898211176067,101320.96875,-0.10929384228117896
0.21168115735054016,0.5040027555965242,0.055470190942287445,0.05299161948187209,0.0024785714604153575,101404.625,0.004794193280534776
0.21238939464092255,0.5056890348593395,0.05935174226760864,0.05298307196446832,0.006368670303140325,101214.15625,-0.25496171884073726
0.2123997062444687,0.505713586296354,0.056761570274829865,0.052982925556626585,0.0037786447182032792,101090.6171875,-0.42344080983227433
0.21247613430023193,0.5058955578576951,0.05416623502969742,0.05298182075823554,0.0011844142714618755,102157.703125,1.0318209116159693
0.21315130591392517,0.5075031093188694,0.05805036798119545,0.05297055729371013,0.005079810687485323,101270.84375,-0.17765290430620279
0.21319468319416046,0.5076063885575249,0.05545761436223984,0.052969741321134176,0.002487873041105662,101653.7421875,0.34453319122192116
0.213913232088089,0.5093172192573547,0.05674898996949196,0.05295460330771493,0.003794386661777026,101149.8046875,-0.3427225657703073
0.2139301896095276,0.509357594308399,0.059324461966753006,0.05295420912660922,0.006370252840143788,101321.984375,-0.10790876153565945
0.21395087242126465,0.5094068390982491,0.05417020246386528,0.05295372604579469,0.001216476418070593,101373.09375,-0.038207236634209024
0.21466942131519318,0.511117669798079,0.0554615817964077,0.05293537113186013,0.0025262106645475707,101748.9921875,0.47443245621710367
0.2146921157836914,0.5111717042468843,0.05802308768033981,0.05293474164128169,0.005088346039058125,101378.671875,-0.030599947001125012
0.2154073566198349,0.5128746586186546,0.056732796132564545,0.05291334168947453,0.003819454443090016,101576.6484375,0.23939490816971806
0.21542562544345856,0.5129181558177585,0.05417417362332344,0.05291275546995275,0.0012614181533706914,100588.4921875,-1.1082247304171142
0.21547101438045502,0.5130262247153691,0.05929718166589737,0.05291129046643932,0.006385891199458052,101429.8125,0.03914419576941833
0.2161635458469391,0.5146751091593788,0.05544538423418999,0.05288742794987456,0.0025579562843154255,101242.65625,-0.21609422222800548
0.21618181467056274,0.5147186063584828,0.05288676172494888,0.05288676010746442,1.617484465810115e-09,101706.3515625,0.4162803738398312
0.21618624031543732,0.5147291436081841,0.0580068901181221,0.05288659802526072,0.005120292092861384,101338.2109375,-0.08577943300916717
0.2169014811515808,0.5164320979799544,0.05671659857034683,0.05285888414082497,0.0038577144295218607,101070.3046875,-0.4511424247426643
0.21691974997520447,0.5164755951790583,0.05415797606110573,0.05285813672816552,0.0012998393329402072,101529.3125,0.17483949096123622
0.21696513891220093,0.5165836640766689,0.05928098410367966,0.05285627125759222,0.006424712846087435,101220.6015625,-0.24617178334032502
0.217657670378685,0.5182325485206786,0.055429186671972275,0.05282630178381237,0.0026028848881599065,101352.265625,-0.06661204638463196
0.21768036484718323,0.5182865829694839,0.05799069255590439,0.052825271839787954,0.005165420716116434,101281.7578125,-0.1627686135255048
0.21839450299739838,0.5199869118985676,0.05404673144221306,0.05279131262545397,0.0012554188167590852,100719.921875,-0.9289846274796179
0.21839559078216553,0.5199895018622989,0.05670039728283882,0.05279125860840451,0.0039091386744343135,101968.5234375,0.7738229865947798
0.21848568320274353,0.5202040076255798,0.05922158062458038,0.05278676064665158,0.006434819977928802,101331.328125,-0.09516601867688007
0.2191324234008789,0.5217438652401879,0.055317945778369904,0.05275307020919095,0.002564875569178955,101426.90625,0.035180733943777916
0.21920092403888702,0.5219069619973501,0.057931289076805115,0.05274935783829352,0.005181931238511593,101380.375,-0.028277273135561547
0.2198692411184311,0.5234981931391217,0.05393549054861069,0.05271169279753741,0.0012237977510732787,100885.28125,-0.7034721731744972
0.21989138424396515,0.5235509148665837,0.056590594351291656,0.0527103999893078,0.003880194361983856,101535.953125,0.1838957881434791
0.22000624239444733,0.523824386653446,0.05916217714548111,0.05270364794147612,0.006458529204004991,101365.890625,-0.04803065546012423
0.22062820196151733,0.5253052427655175,0.05520813912153244,0.052665742225869144,0.002542396895663296,100994.328125,-0.554757118974796
0.22069670259952545,0.5254683395226797,0.05782148241996765,0.0526614288678435,0.00516005355212415,101387.015625,-0.019220975953318675
0.22136501967906952,0.5270595706644513,0.053825683891773224,0.05261790532034724,0.0012077785714259826,100452.703125,-1.293410026093071
0.22138717770576477,0.5271123278708685,0.05648079141974449,0.0526164175599301,0.0038643738598143906,101103.375,-0.4060420647750948
0.22150202095508575,0.5273857641787756,0.059052370488643646,0.0526086606417926,0.0064437098468510465,101372.53125,-0.03897435827788136
0.22212399542331696,0.5288666557698023,0.055098336189985275,0.052565311988291966,0.0025330242016933097,100561.75,-1.1446949718933699
0.22219249606132507,0.5290297525269645,0.057711679488420486,0.05256039979688289,0.0051512796915376,101393.6484375,-0.01017533323834903
0.22283977270126343,0.5305708873839605,0.053714439272880554,0.05251263314020588,0.0012018061326746765,100618.3046875,-1.0675672833024803
0.2228829562664032,0.5306737053961981,0.05637098476290703,0.052509359509707615,0.0038616252531994133,101413.921875,0.017473009335674798
0.22304365038871765,0.5310563104493278,0.05895195156335831,0.05249708237715789,0.006454869186200418,101346.7265625,-0.07416606368134984
0.22359874844551086,0.5323779724893116,0.054987091571092606,0.05245351711008952,0.0025335744610030866,101422.3203125,0.028926561654393723
0.22373412549495697,0.5327002987975166,0.05761126056313515,0.0524426208484588,0.0051686397146763485,101393.203125,-0.010782637872922963
0.22431452572345734,0.5340822041034698,0.053603194653987885,0.05239470000563099,0.0012084946483568934,100898.390625,-0.6855939770900223
0.22439268231391907,0.5342682912236169,0.05624531954526901,0.05238809777081916,0.0038572217744498524,101415.734375,0.01994484574306344
0.22458527982234955,0.5347268567198799,0.05885153263807297,0.052371677158985955,0.006479855479087013,101372.4765625,-0.039048939548793946
0.22510845959186554,0.5359725228377751,0.05486142262816429,0.05232598779810923,0.0025354348300550625,100994.9921875,-0.5538514892565717
0.22524385154247284,0.5362948846249354,0.05748559534549713,0.052313906205046404,0.005171689140450728,101395.015625,-0.00831080146553432
0.2258242517709732,0.5376767899308886,0.05347752943634987,0.052260915226173967,0.0012166142101759023,100471.0625,-1.2683720280009878
0.22590240836143494,0.5378628770510356,0.056119654327631,0.05225363100987714,0.003866023317753854,101417.5546875,0.022427336617725308
0.22609500586986542,0.5383214425472986,0.05872586742043495,0.05223553061061595,0.006490336809819003,101248.046875,-0.2087426398094789
0.2266182005405426,0.5395671441441491,0.054735761135816574,0.05218528249812751,0.002550478637689063,100567.671875,-1.136618885700264
0.2267535775899887,0.5398894704523541,0.057359930127859116,0.05217202438327493,0.005187905744584186,101344.984375,-0.07654200988327944
0.22729898989200592,0.5411880711714427,0.0533662885427475,0.05211754347240832,0.0012487450703391745,100544.3828125,-1.1683798526417533
0.2274121344089508,0.5414574628784543,0.05599398910999298,0.0521060278157968,0.0038879612941961836,101441.9140625,0.05564796557564681
0.22759462893009186,0.5418919736430758,0.05859500542283058,0.05208729925668557,0.0065077061661450095,101355.0,-0.06288298283900254
0.22809293866157532,0.5430784253847032,0.0546245202422142,0.052035189122050685,0.0025893311201635183,100447.4453125,-1.3005804825679528
0.22825318574905396,0.5434599660691761,0.057229068130254745,0.05201812979159917,0.005210938338655574,101451.9375,0.06931764708719693
0.22877374291419983,0.544699387890952,0.053255047649145126,0.051961701678117984,0.001293345971027142,99761.3203125,-2.2362984163718327
0.228932723402977,0.5450779128642309,0.05584898218512535,0.051944160315562746,0.0039048218695626052,101564.9765625,0.22347713406351705
0.2290942370891571,0.5454624692598979,0.05846414342522621,0.05192619206583406,0.006537951359392148,101461.953125,0.08297667413147383
0.22945454716682434,0.5463203503972008,0.05188557505607605,0.05188557310680816,1.9492678929311502e-09,100530.90625,-1.1867588086880696
0.2296135276556015,0.5466988753704798,0.054479509592056274,0.05186741611902457,0.002612093473031707,100835.1953125,-0.7717779628631548
0.22977375984191895,0.5470803805759975,0.057084061205387115,0.051848970986384406,0.00523509021900271,101414.375,0.01809096843752196
0.230294331908226,0.5483198378767287,0.053110040724277496,0.05178804057529498,0.0013220001489825176,100744.15625,-0.895934469998068
0.23045329749584198,0.5486983273710524,0.05570397526025772,0.051769128583104604,0.003934846677153117,101076.640625,-0.44250165178407724
0.2306148260831833,0.5490829192456745,0.05831913650035858,0.051749765290708946,0.006569371209649635,101254.765625,-0.19957979795450376
0.2311341017484665,0.5503192898773012,0.054334502667188644,0.05168651865212849,0.0026479840150601536,100957.3984375,-0.6051207857753396
0.23129434883594513,0.5507008305617741,0.05693905055522919,0.05166669383178404,0.00527235672344515,101348.8359375,-0.07128935751757857
0.23176908493041992,0.5518311545962379,0.05288795381784439,0.051607113806547734,0.0012808400112966564,99951.3515625,-1.9771391544178614
0.23197387158870697,0.5523187418778738,0.05555896461009979,0.051581021664895206,0.003977942945204586,101974.3359375,0.7817499102460606
0.2321292757987976,0.552688751901899,0.058167457580566406,0.051561064295392485,0.006606393285173921,101360.0,-0.05606412378413732
0.2326088547706604,0.5538306065968105,0.05411241576075554,0.05149862213713322,0.0026137936236223167,101072.0,-0.4488304053443741
0.23280881345272064,0.5543066986969539,0.05678737163543701,0.051472206821786,0.005315164813651012,101437.15625,0.04915939500625162
0.23324382305145264,0.555342435836792,0.052665870636701584,0.051413968833734044,0.0012519018029675394,100169.6640625,-1.6794107209348086
0.2334548979997635,0.5558449952375322,0.05537288635969162,0.051385330309575004,0.0039875560501166155,101552.4375,0.20637671408998787
0.23364374041557312,0.5562946200370789,0.05801577866077423,0.0513594979714292,0.006656280689345033,101402.46875,0.0018535603131241498
0.23408986628055573,0.5573568244775137,0.053926337510347366,0.05129768339779597,0.002628654112551393,100650.1015625,-1.0242036015004468
0.23428982496261597,0.5578329165776571,0.05660129338502884,0.05126961875291296,0.005331674632115882,101446.5390625,0.06195541020139714
0.23472483456134796,0.5588686537174952,0.05247979238629341,0.05120779893439631,0.0012719934518971021,99747.7578125,-2.2547945715581545
0.2349359095096588,0.5593712131182353,0.05518680810928345,0.051177425574624354,0.004009382534659094,101130.5390625,-0.3689964820660848
0.23512475192546844,0.559820837917782,0.05782970041036606,0.051150042887626375,0.0066796575227396834,101271.8984375,-0.17621455122431717
0.23557087779045105,0.5608830423582168,0.053740259259939194,0.0510845723943055,0.002655686865633694,100228.1953125,-1.5995874521237927
0.2357708364725113,0.5613591344583603,0.056415215134620667,0.05105487219578123,0.005360342938839434,101378.3671875,-0.03101547122478086
0.23619958758354187,0.5623799704370045,0.052257709205150604,0.05099044874952236,0.0012672604556282427,99882.9140625,-2.070472287731329
0.23641692101955414,0.5628974309989384,0.055000726133584976,0.050957407605630944,0.004043318527954032,101550.9140625,0.20429909297170862
0.236710324883461,0.5635960116272881,0.05783863738179207,0.050912391446079924,0.006926245935712144,101363.0703125,-0.05187691814575915
0.23704563081264496,0.5643943590777261,0.05351817607879639,0.05086037053686651,0.002657805541929875,101044.53125,-0.4862915122770399
0.23735640943050385,0.5651343081678664,0.05642415210604668,0.05081160754240567,0.005612544563641006,101478.2578125,0.10521254733069839
0.23767434060573578,0.5658912871565138,0.0520356260240078,0.05076117849281244,0.0012744475311953565,100071.984375,-1.8126235252519647
0.23782189190387726,0.5662425997711363,0.05471975728869438,0.05073758792881269,0.003982169359881695,101541.9453125,0.19206776454204413
0.23829589784145355,0.5673711853367942,0.05784757807850838,0.05066100516534974,0.007186572913158634,101405.6015625,0.00612600168968814
0.23845058679580688,0.5677394923709688,0.053237203508615494,0.050635749725394974,0.00260145378322052,100560.46875,-1.1464423045261791
0.23876138031482697,0.5684794769400642,0.056143179535865784,0.05058461714148575,0.005558562394380032,101469.28125,0.09297056443376067
0.2390792965888977,0.5692364204497564,0.051754653453826904,0.050531774028800845,0.0012228794250260591,99587.921875,-2.472774317501104
0.23922684788703918,0.569587733064379,0.05443878471851349,0.050507063718597894,0.003931720999915594,101532.96875,0.17982578164510643
0.23970085382461548,0.5707163186300369,0.057566605508327484,0.050426891417416186,0.007139714090911298,101275.6796875,-0.17105778906407534
0.23985555768013,0.5710846611431667,0.0529562309384346,0.0504004645410308,0.0025557663974037984,100076.3984375,-1.8066037512425914
0.2401663362979889,0.5718246102333069,0.05586220696568489,0.05034698985748826,0.005515217108196628,101460.296875,0.08071792706954972
0.24055403470993042,0.5727477016903105,0.0515325702726841,0.05027955734534715,0.001253012927336948,99763.7265625,-2.2330168404516786
0.2406318038702011,0.5729328663576218,0.0541578084230423,0.05026593453337307,0.0038918738896692243,101523.9765625,0.16756248981362223
0.24081701040267944,0.573373834292094,0.05694759637117386,0.05023336244124436,0.0067142339299295015,101408.4296875,0.009982918842596281
0.24128249287605286,0.574482125895364,0.055243201553821564,0.05015069466275541,0.005092506891066155,101563.0546875,0.22085613511430324
0.24133029580116272,0.5745959423837208,0.052734147757291794,0.0501421400547218,0.0025920077025699956,100046.71875,-1.8470800724135805
0.2419331818819046,0.5760313854331062,0.05632859095931053,0.05003321375751808,0.006295377201792449,101541.1640625,0.19100231781472143
0.24197985231876373,0.5761425055208661,0.05379028245806694,0.050024701642531415,0.0037655808155355255,101606.9375,0.28070227778801876
0.24202878773212433,0.5762590184098199,0.05131048709154129,0.0500157641078863,0.001294722983654989,99069.34375,-3.1799965461633595
0.24263052642345428,0.5776917295796531,0.05487567186355591,0.04990483409967448,0.004970837763881429,101543.59375,0.19431585713669502
0.24267834424972534,0.5778055815469652,0.05236661806702614,0.04989593745851056,0.002470680608515581,100271.2578125,-1.540860028513766
0.24272727966308594,0.5779220944359189,0.04988682270050049,0.049886820491764884,2.2087356041367023e-09,98091.953125,-4.5129343288476855
0.24328123033046722,0.5792410245963505,0.055961061269044876,0.04978274327803838,0.006178317991006495,101300.125,-0.13771996096614833
0.24332788586616516,0.5793521092051551,0.053422752767801285,0.04977390444898142,0.0036488483188198625,101559.1328125,0.21550759254314333
0.24337683618068695,0.5794686575730642,0.050942957401275635,0.049764618688988994,0.0011783387122866404,99768.0859375,-2.227071647713218
0.2439785748720169,0.5809013687428974,0.05450814217329025,0.04964945249255714,0.004858689680733115,101410.5390625,0.012859625006367545
0.24402637779712677,0.5810151852312543,0.05199908837676048,0.0496402229800257,0.0023588653967347856,100338.75,-1.4488160857403587
0.24453701078891754,0.5822309780688513,0.05612679570913315,0.04954089548555285,0.006585900223580299,101342.671875,-0.0796957321961546
0.2446759194135666,0.5825617128894442,0.05305521935224533,0.0495136423324397,0.0035415770198056334,102076.3828125,0.9209185617689505
0.24485157430171967,0.5829799388136183,0.05061876028776169,0.049479037474079265,0.0011397228136824228,98774.4375,-3.582181376793129
0.24523437023162842,0.5838913576943534,0.054673876613378525,0.049403075474117854,0.005270801139260671,101453.0859375,0.07088385377636129
0.24550113081932068,0.5845265019507635,0.051674891263246536,0.049349695289063876,0.0023251959741826603,100643.109375,-1.033739349709985
0.24579280614852905,0.5852209670203072,0.05629253387451172,0.04929091309442293,0.007001620780088785,101385.2109375,-0.021682157893434088
0.24589426815509796,0.5854625432264238,0.053455788642168045,0.04927036337000243,0.004185425272165616,102321.3515625,1.2550000375882533
0.24632632732391357,0.5864912555331275,0.05029456317424774,0.04918226899779106,0.0011122941764566824,99209.84375,-2.988386606721647
0.2464527040719986,0.5867921525523776,0.05507444217801094,0.049156322217583114,0.005918119960427827,101517.0546875,0.1581226318095432
0.24671946465969086,0.5874272968087878,0.05207545682787895,0.04910128705285433,0.0029741697750246196,100888.078125,-0.6996578738906819
0.24711260199546814,0.588363338084448,0.05385635420680046,0.049019523333138276,0.0048368308736621846,102566.3203125,1.5890815134075562
0.24754466116428375,0.5893920503911518,0.05069512873888016,0.048928766415090814,0.001766362323789343,99454.8125,-2.654305130902344
0.24767103791236877,0.5896929474104019,0.055475007742643356,0.04890204284066877,0.006572964901974586,101685.875,0.38835501511670345
0.24793779850006104,0.590328091666812,0.05247602239251137,0.04884537097819425,0.003630651414317121,101133.0390625,-0.3655870525386522
0.24833093583583832,0.5912641329424722,0.05425691604614258,0.048761202618613,0.0054957134275295805,102811.2734375,1.9231416802923127
0.24836590886116028,0.5913474020503816,0.049719881266355515,0.04875367776293521,0.0009662035034203043,99128.921875,-3.098745578737731
0.24875904619693756,0.5922834433260419,0.051500774919986725,0.04866867103467179,0.002832103885314935,99879.578125,-2.075021745256997
0.24908313155174255,0.5930550751231966,0.055606659501791,0.04859801843638542,0.00700864106540558,101496.9921875,0.1307619598518965
0.24915218353271484,0.593219484601702,0.053281672298908234,0.04858289749574551,0.004698774803162727,100630.2265625,-1.051308566243536
0.2495802789926529,0.5942387595063164,0.05052553117275238,0.048488628251480086,0.0020369029212722947,99303.03125,-2.8613001210865963
0.24970029294490814,0.594524507011686,0.05437255650758743,0.04846203842095097,0.005910518086636465,101444.09375,0.058620561944877116
0.2498406618833542,0.5948587187698909,0.04939568415284157,0.048430849001069136,0.0009648351517724321,99216.171875,-2.979756488230333
0.24997341632843018,0.5951748007819766,0.05230642855167389,0.04840126250862853,0.0039051660430453605,100053.6953125,-1.8375656331385888
0.2504524886608124,0.5963154491924104,0.05572229623794556,0.048293775936631075,0.007428520301314481,101399.1171875,-0.0027172061470901935
0.25052154064178467,0.5964798586709159,0.05339730903506279,0.04827819072596502,0.005119118309097767,101432.5625,0.0428945682495942
0.2507946491241455,0.5971301169622513,0.051331181079149246,0.048216321867369946,0.0031148592117793,99477.15625,-2.623833354500915
0.2510550320148468,0.5977500762258258,0.050201334059238434,0.04815699823190397,0.002044335827334466,100448.375,-1.2993126009624387
0.2510696351528168,0.5977848456019447,0.05448819324374199,0.048153661425203845,0.006334531818538144,101450.8125,0.06778340379985226
0.2513154149055481,0.5983700354894003,0.04907148703932762,0.048097345984182645,0.0009741410551449767,99298.7890625,-2.8670854968159585
0.2513427734375,0.5984351748511905,0.052422065287828445,0.0480910592584458,0.0043310060293826474,101358.59375,-0.057981927893318165
0.2518908977508545,0.5997402327401298,0.053512945771217346,0.04796434490296318,0.005548600868254164,101427.53125,0.03603309132563607
0.25202178955078125,0.6000518798828125,0.05120055004954338,0.047933871788210965,0.003266678261332416,101259.3515625,-0.19332562566511957
0.25228217244148254,0.600671839146387,0.05007070302963257,0.04787300741716121,0.002197695612471358,100109.7734375,-1.761087867051366
0.2524389922618866,0.6010452196711585,0.05460382625460625,0.04783619432817544,0.00676763192643081,101261.96875,-0.18975637912858856
0.25254252552986145,0.6012917274520511,0.048940856009721756,0.04781182576490609,0.0011290302448156639,99536.75,-2.54256107814074
0.25256991386413574,0.6013569377717518,0.05229143053293228,0.04780537083544152,0.00448605969749076,101410.21875,0.012422791848165242
0.25311800837516785,0.6026619247027806,0.05338231474161148,0.047675444448782224,0.005706870292829257,101312.0234375,-0.12149320730902376
0.253248929977417,0.6029736428033738,0.05106991529464722,0.04764419836809889,0.0034257169265483264,100920.7578125,-0.6550902372867737
0.2535092830657959,0.6035935311090379,0.0499400720000267,0.04758182093171539,0.0023582510683113136,100249.0703125,-1.5711187155697304
0.2537970244884491,0.6042786297344026,0.052160799503326416,0.04751250957605353,0.004648289927272883,101455.71875,0.07447440924743876
0.25401729345321655,0.6048030796505156,0.04861665889620781,0.04745918785710088,0.0011574710391069262,98876.2421875,-3.443343013755709
0.2540683150291443,0.6049245595932007,0.054467737674713135,0.047446804299205655,0.007020933375507479,101286.0234375,-0.1569512743943229
0.25447604060173035,0.6058953347660246,0.05093928426504135,0.047347406522463435,0.003591877742577916,101599.40625,0.27043137133662803
0.25474733114242554,0.6065412646248227,0.05324622243642807,0.0472808397325361,0.005965382703891971,101413.0390625,0.016269054533800155
0.254984050989151,0.6071048833075025,0.04961587116122246,0.047222475903853964,0.002393395257368494,100447.09375,-1.301059933595248
0.2554263472557068,0.6081579696564448,0.052024707198143005,0.047112730889913745,0.00491197630822926,101556.734375,0.21223667109026267
0.25549203157424927,0.6083143608910697,0.04829246178269386,0.04709635585244649,0.001196105930247375,98215.734375,-4.344124949370678
0.255697637796402,0.6088038995152428,0.05433164909482002,0.047044969935591235,0.007286679159228787,101310.078125,-0.12414616966005726
0.25600001215934753,0.609523838474637,0.04696904867887497,0.04696904635791379,2.3209611801910945e-09,98490.6015625,-3.9692688272967356
0.25601786375045776,0.6095663422629947,0.05061136931180954,0.04696455086940306,0.0036468184424064826,101377.953125,-0.031580157990261884
0.2563766539096832,0.6104206045468649,0.05311013385653496,0.04687388927991252,0.006236244576622439,101514.0546875,0.15403131637662407
0.2565258741378784,0.6107758908044725,0.049287956207990646,0.04683601030177014,0.0024519459062205054,100016.1875,-1.8887177305173513
0.2569681704044342,0.6118289771534148,0.051696792244911194,0.046723140476360926,0.004973651768550268,101496.5,0.13009072841368322
0.2570338547229767,0.6119853683880397,0.04796454682946205,0.04670630283222237,0.0012582439972396789,99304.515625,-2.859275772304683
0.2575596868991852,0.6132373497599647,0.05028345435857773,0.046570808090505816,0.003712646268071912,100947.046875,-0.6192379549123652
0.25791847705841064,0.6140916120438349,0.052782218903303146,0.04647764284482168,0.006304576058481469,101324.5234375,-0.10444605967186071
0.25806766748428345,0.6144468273435321,0.048960041254758835,0.04643873373975847,0.002521307515000362,100118.421875,-1.749293371779904
0.2585085928440094,0.6154966496285939,0.047550976276397705,0.04632315989321933,0.0012278163831783775,98521.9140625,-3.926565722465642
0.2591014802455902,0.6169082862990243,0.04995553568005562,0.046166395575607116,0.003789140104448502,101579.7421875,0.2436140772099159
0.25954240560531616,0.6179581085840862,0.04854647070169449,0.046048807450522825,0.002497663251171664,100181.2578125,-1.66359949150134
0.2597460448741913,0.6184429639861697,0.05249524861574173,0.045994212496536103,0.006501036119205626,101412.765625,0.015896148179237214
0.2599833309650421,0.619007930869148,0.04713740572333336,0.045930368755546,0.0012070369677873588,98597.796875,-3.8230788818407895
0.26033756136894226,0.6198513365927197,0.051081910729408264,0.04583460486869895,0.005247305860709317,101529.375,0.17492472669942205
0.26059383153915405,0.6204615036646526,0.04949240759015083,0.04576498524613559,0.003727422344015241,101571.8828125,0.23289568313304965
0.26103475689888,0.6215113259497144,0.048083338886499405,0.04564453915535962,0.002438799731139786,99749.6953125,-2.2521522636743945
0.26147568225860596,0.6225611482347762,0.046674273908138275,0.04552326008443112,0.0011510138237071574,99005.0,-3.2677467386256565
0.2615736424922943,0.6227943868864151,0.05220828577876091,0.04549620299627846,0.006712082782482448,101479.0078125,0.10623537618892817
0.2618299126625061,0.6234045539583479,0.05061877891421318,0.04542522712338961,0.005193551790823571,101521.515625,0.16420633262255577
0.2620861828327179,0.6240147210302808,0.04902927577495575,0.045353973088476024,0.0036753026864797256,101564.0234375,0.22217728905618336
0.26252710819244385,0.6250645433153426,0.04762021079659462,0.04523072906333746,0.002389481733257162,99867.265625,-2.0918131856796025
0.26295042037963867,0.6260724294753301,0.04626070335507393,0.045111641274551084,0.0011490620805228446,98379.03125,-4.121425274425689
0.26306599378585815,0.6263476042520433,0.051745153963565826,0.045078997815443785,0.006666156148122042,101338.4375,-0.08547045345824358
0.26332226395606995,0.6269577713239761,0.050155650824308395,0.04500641688815426,0.0051492339361541364,101540.1015625,0.18955331026556257
0.26357850432395935,0.6275678674379985,0.048566143959760666,0.044933572442520886,0.00363257151723978,101741.7578125,0.46456641952209554
0.26400184631347656,0.6285758245558966,0.04720664024353027,0.04481263114088535,0.002394009102644923,100070.75,-1.8143069310811346
0.2643072009086609,0.6293028593063354,0.0508296899497509,0.044724940500132836,0.006104749449618065,101490.765625,0.12227034943513466
0.2644251585006714,0.6295837107158843,0.04584713280200958,0.04469096392841524,0.0011561688735943418,98521.203125,-3.9275352789875058
0.2645634710788727,0.6299130263782683,0.04924018308520317,0.044651052151002436,0.004589130934200734,101692.4296875,0.3972941131589408
0.2650184631347656,0.630996340797061,0.04812049865722656,0.0445192112843806,0.003601287372845964,101226.3125,-0.23838336776359617
0.26529213786125183,0.6316479472886949,0.05150372534990311,0.04443950738334347,0.0070642179665596355,101441.421875,0.054976734137433515
0.26544177532196045,0.6320042269570487,0.04676099494099617,0.04439580034200663,0.0023651945989895395,99676.7578125,-2.3516223701372407
0.2655484080314636,0.6322581143606277,0.049914222210645676,0.04436459966028785,0.005549622550357826,101643.0859375,0.3300004978612397
0.2658650875091553,0.6330121131170364,0.04540148749947548,0.04427167171710308,0.0011298157823724023,98127.203125,-4.464861372510885
0.26600340008735657,0.6333414287794205,0.04879453778266907,0.044230959340239934,0.004563578442429134,101543.1484375,0.19370855250212107
0.2664584219455719,0.6344248141561236,0.04767485335469246,0.044096488701633955,0.0035783646530585037,100832.3125,-0.7757094612869756
0.26653334498405457,0.6346032023429871,0.05058825761079788,0.04407426867266391,0.006513988938133972,101286.0546875,-0.15690865652523
0.2668817341327667,0.6354327003161113,0.04631534963846207,0.043970656844791546,0.0023446927936705206,99282.765625,-2.888937809193347
0.2669883668422699,0.6356865877196902,0.04946857690811157,0.04393884901715613,0.0055297278909554395,101601.890625,0.2738194919295142
0.2673398554325104,0.636523465315501,0.04498791694641113,0.04383368852433493,0.0011542284220762006,98284.046875,-4.250962287533582
0.26744335889816284,0.636769902138483,0.048348892480134964,0.043802630253741336,0.004546262226393628,101527.046875,0.17174969545200042
0.26789480447769165,0.6378447725659325,0.0504910908639431,0.04366668095200522,0.006824409911937883,101300.6640625,-0.1369848027242957
0.2678983509540558,0.6378532165572757,0.047229208052158356,0.04366560985059405,0.003563598201564308,100438.3125,-1.313035554810355
0.268349826335907,0.6389281579426357,0.04937140643596649,0.043528862379141504,0.005842544056824987,101453.2421875,0.07109694312182582
0.26835647225379944,0.6389439815566653,0.04590177536010742,0.04352684357871875,0.0023749317813886728,100082.046875,-1.7989005714040485
0.2688048183917999,0.6400114723614284,0.04825172200798988,0.04339026385100221,0.004861458156987672,101504.859375,0.141491008396036
0.2688145935535431,0.640034746556055,0.044574346393346786,0.043387277556250596,0.0011870688370961904,97637.7890625,-5.132310474842185
0.26925626397132874,0.641086342788878,0.05039392411708832,0.04325197221590174,0.007141951901186577,101315.2578125,-0.11708225785790782
0.26927271485328674,0.6411255115554446,0.04324691370129585,0.043246918338603633,-4.63730778083038e-09,97753.5546875,-4.974432578787509
0.26944538950920105,0.6415366416885739,0.04688265547156334,0.04319380979754946,0.0036888456740138825,101281.65625,-0.16290712160005674
0.2697112560272217,0.6421696572076707,0.04927423968911171,0.04311182110032556,0.006162418588786148,101517.984375,0.1593905134150572
0.2699035108089447,0.6426274066879636,0.045555222779512405,0.043052369210266714,0.0025028535692456916,99753.328125,-2.247197936392344
0.2703518271446228,0.6436948265348162,0.04790516942739487,0.042913203083145716,0.0049919663442491505,101512.4296875,0.1518151871837929
0.27036163210868835,0.6437181716873532,0.04422779381275177,0.042910151158445244,0.0013176426543065264,98843.578125,-3.487889341425071
0.27061769366264343,0.6443278420539129,0.05029675364494324,0.04283032379707266,0.007466429847870576,101272.640625,-0.1752023768333606
0.2709923982620239,0.6452199958619618,0.04653610289096832,0.04271307781392218,0.003823025077046141,100952.9296875,-0.6112151410556254
0.27125826478004456,0.6458530113810584,0.04892768710851669,0.042629578337698946,0.006298108770817747,101340.9765625,-0.08200775159444484
0.2714505195617676,0.6463107608613514,0.04520867019891739,0.042569038716737326,0.002639631482180063,99933.6015625,-2.001346104062633
0.27183637022972107,0.6472294529279073,0.043741099536418915,0.04244713658432987,0.0012939629520890422,98106.8671875,-4.492594950823095
0.2718988358974457,0.6473781807082041,0.04755861684679985,0.04242735167201889,0.0051312651747809634,101476.2265625,0.10244238583965938
0.2725394070148468,0.6489033500353496,0.04618954658508301,0.04222366237084737,0.003965884214235639,101828.3671875,0.5826818437130891
0.2729252576828003,0.6498220421019055,0.04472197964787483,0.04210027124415806,0.0026217084037167687,100139.8359375,-1.720089476983989
0.2729969620704651,0.6499927668344407,0.0489041842520237,0.04207728351249186,0.006826900739531835,101407.3828125,0.008555220227983875
0.2733111083507538,0.6507407341684615,0.04325440898537636,0.04197636032424634,0.0012780486611300157,98451.3046875,-4.022860797681067
0.2736375331878662,0.6515179361615863,0.04753511771559715,0.04187113041832683,0.005663987297270322,101520.484375,0.1627999429424898
0.2740500271320343,0.6525000646000817,0.04578429087996483,0.041737630378964836,0.004046660500999992,101481.3203125,0.10938909850180333
0.2744358777999878,0.6534187566666376,0.044316720217466354,0.04161222786348607,0.0027044923539802854,99792.78125,-2.193392876662548
0.27473562955856323,0.6541324513299125,0.048880685120821,0.041514459982208624,0.007366225138612376,101441.671875,0.05531767709017677
0.2748217284679413,0.6543374487331935,0.04284914955496788,0.04148632181614584,0.0013628277388220422,98839.296875,-3.4937279894907993
0.2751481235027313,0.6551145797684079,0.047129858285188675,0.04137942658075992,0.005750431704428752,101541.53125,0.1915030777765631
0.2755606174468994,0.6560967082069034,0.04537903517484665,0.0412438265733666,0.004135208601480048,101134.2578125,-0.3639249556440288
0.2759464681148529,0.6570154002734593,0.043911464512348175,0.04111647674807659,0.0027949877642715823,100022.7578125,-1.8797573235405673
0.27624621987342834,0.6577290949367341,0.04847542569041252,0.041017207477954364,0.007458218212458158,101334.5703125,-0.0907444147584909
0.276296466588974,0.6578487299737477,0.042362459003925323,0.04100053856988389,0.0013619204340414304,98168.6953125,-4.408275496822777
0.27665871381759644,0.6587112233752296,0.046724602580070496,0.04088012434130628,0.005844478238764217,101562.5703125,0.22019555814336317
0.2770712077617645,0.6596933518137251,0.04497377574443817,0.040742493612054925,0.004231282132383246,101730.8671875,0.4497140921432172
0.2774212062358856,0.6605266815140134,0.04342477023601532,0.04062528928849657,0.002799480947518751,100217.984375,-1.6135128408499002
0.2777712047100067,0.6613600112143018,0.04187576472759247,0.04050769771637355,0.0013680670112189153,98455.640625,-4.016947568344426
0.27779752016067505,0.6614226670492264,0.04781850054860115,0.040498840757462316,0.007319659791138834,101431.4296875,0.041349670494976294
0.27821001410484314,0.6624047954877218,0.046067677438259125,0.04035972551421816,0.005707951924040965,101614.296875,0.2907387859593985
0.2785506248474121,0.6632157734462193,0.044470757246017456,0.040244455106988195,0.0042263021390292616,101721.484375,0.4369180769480717
0.2789006233215332,0.6640491031465077,0.042921751737594604,0.040125635952478624,0.002796115785115981,99796.4609375,-2.188374622576858
0.2792506217956543,0.6648824328467959,0.04137274622917175,0.04000644324753359,0.0013663029816381664,98034.109375,-4.591820004538657
0.27934885025024414,0.6651163101196289,0.04716157540678978,0.039972924659286445,0.007188650747503335,101497.71875,0.13175282530830662
0.2796894311904907,0.6659272171202161,0.04556465521454811,0.039856483050683615,0.005708172163864496,101604.90625,0.2779321162969798
0.2800300419330597,0.6667381950787136,0.04396773502230644,0.039739684476233966,0.004228050546072476,101137.2734375,-0.35981233127656326
0.2803800404071808,0.667571524779002,0.04241873323917389,0.03961930868918673,0.0027994245499871617,99374.921875,-2.7632577132383624
0.2807253897190094,0.6683937850452605,0.040886055678129196,0.03950017935032209,0.001385876327807109,98114.0625,-4.482782186464453
0.2808282673358917,0.6686387317521232,0.046658556908369064,0.03946462416562993,0.007193932742739134,101488.328125,0.11894615564588787
0.2811688482761383,0.6694496387527102,0.045061636716127396,0.03934669849275973,0.005714938223367667,101595.515625,0.26512544663456106
0.2815094590187073,0.6702606167112078,0.04346471652388573,0.039228428959810324,0.004236287564075403,101702.71875,0.41132604655778066
0.2818547785282135,0.6710828060195559,0.041932038962841034,0.039108187056640396,0.0028238519062006376,100136.484375,-1.7246602434442033
0.2822001278400421,0.6719050662858146,0.04039936140179634,0.03898759825593906,0.001411763145857281,97419.0625,-5.4306035950907185
0.28227266669273376,0.6720777778398423,0.046066764742136,0.03896222673018457,0.007104538011951433,101452.6328125,0.07026589467451412
0.28254544734954834,0.6727272555941627,0.03886668384075165,0.03886668658853607,-2.7477844236067916e-09,97258.078125,-5.650149547722832
0.28261324763298035,0.6728886848404294,0.04446984454989433,0.03884290784156974,0.0056269367083245925,101649.0703125,0.3381618197925315
0.28300973773002625,0.6738327088810149,0.042938318103551865,0.03870359835645718,0.004234719747094683,101738.2265625,0.45975060031459697
0.28335508704185486,0.6746549691472735,0.04140564054250717,0.03858190750749217,0.0028237330350149997,99705.765625,-2.3120623331517494
0.2837004065513611,0.6754771584556216,0.03987296298146248,0.038459904714129835,0.0014130582673326439,98559.65625,-3.8750939910686832
0.2837170660495758,0.6755168239275615,0.04547497257590294,0.03845401074865012,0.007020961827252821,101534.890625,0.18244678059432023
0.2841135263442993,0.6764607770102365,0.04394344612956047,0.03831352875534804,0.00562991737421243,101624.046875,0.3040355611163857
0.2845100164413452,0.677404801050822,0.042411919683218,0.038172620590174185,0.004239299093043818,101713.1953125,0.425613687171178
0.28485536575317383,0.6782270613170805,0.04087924212217331,0.038049552485071275,0.002829689637102034,99861.234375,-2.1000384344145338
0.2851751744747162,0.6789885106540862,0.039332274347543716,0.037935310987166126,0.00139696336037759,97852.171875,-4.839941238397565
0.2852173447608948,0.6790889160973685,0.04494857415556908,0.037920227403666636,0.007028346751902441,101361.6875,-0.05376275885312031
0.2856138050556183,0.6800328691800436,0.04341704770922661,0.037778198990980935,0.005638848718245673,101563.25,0.2211224967961339
0.2860102951526642,0.680976893220629,0.04188552126288414,0.03763576312361836,0.004249758139265779,101764.8046875,0.4959970979781149
0.28633010387420654,0.6817383425576347,0.04033855348825455,0.03752058873282071,0.0028179647554338397,100034.8203125,-1.863306826070705
0.2866499125957489,0.6824997918946403,0.038791585713624954,0.0374051620835691,0.0013864236300558525,98144.3671875,-4.441453507911606
0.28681764006614685,0.6828991430146354,0.04444677382707596,0.037344525256224656,0.007102248570851302,101450.4921875,0.06734657064164995
0.28721413016319275,0.6838431670552209,0.04291524738073349,0.03720091539649345,0.00571433198424004,101652.046875,0.34222117182363093
0.28753572702407837,0.6846088738668533,0.04134537652134895,0.03708415532103503,0.004261221200313921,101738.4296875,0.4600276164637009
0.2878555357456207,0.6853703232038589,0.03979841247200966,0.03696780150279892,0.0028306109692107367,99651.84375,-2.3855994662715614
0.2881753146648407,0.6861317015829541,0.03825144097208977,0.03685121895545054,0.0014002220166392243,97761.3828125,-4.963756802579735
0.2884179651737213,0.6867094408898127,0.04394497722387314,0.03676259707156724,0.007182380152305899,101539.28125,0.18843459120187375
0.28873956203460693,0.6874751477014451,0.0423751063644886,0.036644933863533125,0.005730172500955477,101621.3828125,0.3004023877762153
0.28906115889549255,0.6882408545130775,0.040805235505104065,0.03652703583654985,0.004278199668554215,101159.3203125,-0.3297454246315169
0.2893809378147125,0.6890022328921727,0.03925826773047447,0.0364095741395861,0.0028486935908883723,99268.859375,-2.907902760939691
0.2896500825881958,0.6896430537814185,0.037710752338171005,0.036310535582630116,0.0014002167555408895,97852.1953125,-4.839909274995746
0.2899433970451355,0.690341421536037,0.04340483248233795,0.03620242212815713,0.007202410354180823,101504.328125,0.14076650462145657
0.2902649939060211,0.6911071283476694,0.041834961622953415,0.03608366937254023,0.005751292250413188,101614.1875,0.29058962341757333
0.29058656096458435,0.6918727642013913,0.04026509076356888,0.03596470582478581,0.0043003849387830695,100776.3203125,-0.8520700282341929
0.2908557057380676,0.6925135850906372,0.03871757909655571,0.03586496737266931,0.0028526117238864,100075.6328125,-1.8076478890353678
0.2911248207092285,0.6931543350219727,0.03717006370425224,0.035765088166309765,0.001404975537942478,97193.203125,-5.738624243959708
0.29149743914604187,0.6940415217762902,0.0428922101855278,0.03562654716158013,0.007265663023947669,101448.390625,0.06448051894515192
0.2918190360069275,0.6948072285879227,0.041322339326143265,0.035506748017820056,0.005815591308323209,101632.3671875,0.31538256876237236
0.2920818030834198,0.6954328644843328,0.039729099720716476,0.03540870887421665,0.004320390846499829,101571.9140625,0.23293830100214255
0.2923509180545807,0.6960736144156683,0.03818158805370331,0.035308158634066535,0.0028734294196367735,99678.5234375,-2.3492144605334913
0.2926200330257416,0.6967143643470037,0.03663407266139984,0.03520746562902665,0.0014266070323731908,97785.140625,-4.931356567601852
0.29305151104927063,0.6977416929744539,0.04237958788871765,0.03504572843684307,0.0073338594518745845,101503.734375,0.13995676510869132
0.29331424832344055,0.6983672579129537,0.04078634828329086,0.03494706794723487,0.005839280336055991,101623.984375,0.3039503253781999
0.29357701539993286,0.698992893809364,0.039193108677864075,0.03484826574457226,0.004344842933291813,101174.796875,-0.3086389249632544
0.29384613037109375,0.6996336437406995,0.037645597010850906,0.03474694298824544,0.0028986540226054666,99281.421875,-2.890770377564342
0.2940948009490967,0.7002257165454683,0.03609338402748108,0.03465319876032097,0.00144018526716011,97849.328125,-4.84381946448502
0.2945467233657837,0.701301722299485,0.04184359684586525,0.03448254437796778,0.007361052467897471,101360.5,-0.0553822378786508
0.2948094606399536,0.7019272872379848,0.04025035724043846,0.034383161630704685,0.005867195609733776,101584.109375,0.24956992441564976
0.2950722277164459,0.7025529231343951,0.03865711763501167,0.03428364580180512,0.004373471833206556,100777.6875,-0.8502054964613781
0.29532089829444885,0.7031449959391639,0.037104908376932144,0.0341893578378385,0.0029155505390936476,99199.46875,-3.0025357392604923
0.2955695390701294,0.7037369977860224,0.03555269539356232,0.034094974778852705,0.0014577206147096122,97172.4375,-5.766943817971946
0.29581817984580994,0.7043289996328809,0.03400048613548279,0.03400048663705268,-5.015698897881116e-10,95145.40625,-8.531351896683399
0.2960413992404938,0.7048604743821281,0.04124380275607109,0.033915570654504124,0.007328232101566967,101457.6953125,0.07716998946756516
0.2963041663169861,0.7054861102785384,0.0396505631506443,0.03381550424950003,0.005835058901144274,101681.296875,0.3821114972945925
0.29654258489608765,0.7060537735621135,0.03808622807264328,0.033724612329830164,0.004361615742813116,101581.9921875,0.24668256378460526
0.2967912554740906,0.7066458463668823,0.03653401508927345,0.03362971415377324,0.0029043009355002106,99610.765625,-2.4416206551941886
0.2970398962497711,0.7072378482137408,0.034981805831193924,0.033534728699430146,0.0014470771317637784,98340.6640625,-4.173749363204506
0.29753610491752625,0.7084192974226816,0.04064400866627693,0.033344878012660645,0.007299130653616287,101554.875,0.20970090787923468
0.2977745234966278,0.7089869607062567,0.03907967358827591,0.0332535236648013,0.005826149923474612,101644.8984375,0.3324723342686283
0.29801294207572937,0.7095546239898318,0.03751533478498459,0.03316208340148339,0.0043532513835011985,101147.0234375,-0.3465155561195761
0.2982615828514099,0.7101466258366903,0.03596312552690506,0.03306663237387932,0.002896493153025738,99764.5390625,-2.2319087758552634
0.29851463437080383,0.7107491294542949,0.03440836817026138,0.032969394821511594,0.001438973348749789,97673.6875,-5.083353197721707
0.29900646209716797,0.7119201478503999,0.04007311537861824,0.0327801411899092,0.007292974188709042,101505.6484375,0.14256710959063193
0.29924488067626953,0.7124878111339751,0.03850878030061722,0.03268827554874604,0.0058205047518711805,101620.7265625,0.29950741252526425
0.2994832694530487,0.7130554034596398,0.036944445222616196,0.032596342680887375,0.004348102541728821,101188.4140625,-0.2900681885060199
0.2997363209724426,0.7136579070772444,0.03538968786597252,0.03249867042515753,0.0028910174408149913,99097.5703125,-3.141501955905191
0.29998937249183655,0.7142604106948489,0.03383493050932884,0.03240091220207807,0.0014340183072507756,97006.71875,-5.992946377771635
0.3004668056964874,0.7153971564202082,0.03948017209768295,0.03221624225312859,0.007263929844554366,101465.2421875,0.08746220485350235
0.300705224275589,0.7159648197037833,0.03791583701968193,0.03212391279418889,0.005791924225493038,101691.3671875,0.395845105609782
0.30093875527381897,0.7165208458900452,0.03637390211224556,0.03203340672131908,0.0043404953909264785,101557.9609375,0.2139094224521593
0.3011918067932129,0.7171233495076498,0.03481914475560188,0.031935259169374744,0.002883885586227139,99548.0703125,-2.5271227550618343
0.3014448583126068,0.7177258531252544,0.033264387398958206,0.03183703372436543,0.0014273536745927767,97538.171875,-5.268165587043101
0.3019271492958069,0.7188741649900164,0.038887232542037964,0.03164961518917446,0.007237617352863504,101537.453125,0.18594144585993866
0.30216068029403687,0.7194301911762783,0.03734529763460159,0.03155876798625758,0.005786529648344016,101651.9140625,0.3420400458799861
0.30239421129226685,0.7199862173625401,0.03580336272716522,0.03146785903937115,0.004335503687794069,101145.9453125,-0.34798587260328134
0.30264726281166077,0.7205887209801447,0.034248605370521545,0.03136928273019686,0.0028793226403246858,99136.046875,-3.0890287045845484
0.3029195964336395,0.7212371343658084,0.032690949738025665,0.03126311715071578,0.0014278325873098852,97649.640625,-5.1161476479887
0.30338260531425476,0.7223395364625114,0.03831668943166733,0.031082438876671326,0.007234250554996002,101373.0625,-0.03824985450330193
0.30361613631248474,0.7228955626487732,0.03677475452423096,0.03099122496985831,0.0057835295543726475,101604.6875,0.27763379121332943
0.3038496673107147,0.7234515888350351,0.035232819616794586,0.03089995624612968,0.004332863370664908,100733.921875,-0.9098918221259953
0.3041220009326935,0.7241000022206988,0.033675167709589005,0.030793454906974597,0.002881712802614407,99093.84375,-3.14658413679452
0.30439433455467224,0.7247484156063625,0.032117512077093124,0.030686882303853982,0.001430629773239142,97027.109375,-5.965138218188513
0.30479198694229126,0.7256952070054554,0.03774714842438698,0.030531144241951188,0.00721600418243579,101472.984375,0.09802078192127021
0.30502551794052124,0.7262512331917172,0.036205217242240906,0.030439616448246,0.005765600793994907,101704.6015625,0.41389377317062837
0.30523988604545593,0.7267616334415617,0.034671809524297714,0.030355556811811485,0.004316252712486229,101543.2578125,0.19385771504394625
0.3055122196674347,0.7274100468272254,0.033114153891801834,0.030248710227529747,0.0028654436642720875,99511.8125,-2.5765701376768804
0.30578455328941345,0.7280584602128892,0.03155650198459625,0.030141801421107037,0.001414700563489215,97480.375,-5.346987335930434
0.30620136857032776,0.7290508775483995,0.03717761114239693,0.029978057637715164,0.0071995535046817626,101572.8984375,0.23428076387856914
0.30641573667526245,0.729561277798244,0.035644203424453735,0.029893791145812774,0.005750412278640961,101659.34375,0.35217244425682487
0.30663013458251953,0.7300717490059989,0.034110795706510544,0.02980947802832321,0.004301317678187335,101115.2265625,-0.38987923792160956
0.3069024682044983,0.7307201623916626,0.03255314379930496,0.02970233240687926,0.0028508113924257013,99083.78125,-3.160307090642436
0.30725932121276855,0.7315698124113538,0.03098306432366371,0.029561853708617875,0.0014212106150458363,97609.984375,-5.1702297238676
0.30759158730506897,0.7323609221549261,0.036616597324609756,0.029430975358721623,0.007185621965888133,101528.0078125,0.17306019492660732
0.30780598521232605,0.7328713933626811,0.035083189606666565,0.02934648619552168,0.005736703411144885,101634.3984375,0.31815273025341134
0.30802035331726074,0.7333817936125256,0.03354978188872337,0.029261979500091212,0.0042878023886321615,101895.96875,0.6748749490283215
0.308377206325531,0.7342314436322167,0.03197970613837242,0.029121240828926996,0.002858465309445425,100083.3125,-1.7971745477057857
0.30859923362731934,0.7347600800650461,0.03596462681889534,0.029033637892235578,0.006930988926659762,101505.9609375,0.142993288281561
0.30873405933380127,0.7350810936519078,0.03040962666273117,0.02898042745343315,0.001429199209298019,98270.640625,-4.26924535337444
0.30881360173225403,0.7352704803148906,0.03443121910095215,0.028949030429770397,0.0054821886711817515,101632.6640625,0.315787438518755
0.30909091234207153,0.7359307436715989,0.02883954532444477,0.028839543386735313,1.9377094581662924e-09,97082.90625,-5.889044012923126
0.30958256125450134,0.7371013363202413,0.03317536041140556,0.028645334080750366,0.004530026330655197,101655.09375,0.34637641406018943
0.3096068501472473,0.7371591670172556,0.03531265631318092,0.02863573647892797,0.006676919834252955,101578.078125,0.24134467568071857
0.3099394142627716,0.7379509863399324,0.03160528093576431,0.028504298056097797,0.0031009828796665154,99842.4296875,-2.1256837371411907
0.31029626727104187,0.7388006363596236,0.030035201460123062,0.028363204909741244,0.0016719965503818185,98640.34375,-3.7650546530707953
0.31037580966949463,0.7389900230226063,0.03405679762363434,0.028331747922445652,0.005725049701188686,101675.0,0.3735239966723716
0.31114476919174194,0.740820879027957,0.032800935208797455,0.028027516967962962,0.004773418240834493,101414.203125,0.017856570157510965
0.3111690580844879,0.7408787097249713,0.03493823483586311,0.028017903811372705,0.006920331024490408,101421.8359375,0.028265984683453656
0.3115016222000122,0.7416705290476482,0.031230855733156204,0.027886260617911628,0.0033445951152445766,100197.7734375,-1.6410759476857382
0.311771035194397,0.7423119885580881,0.02945154719054699,0.027779590047679725,0.0016719571428672649,97917.1015625,-4.7513919608897766
0.31193801760673523,0.742709565730322,0.03368237242102623,0.02771346498956685,0.005968907431459381,101653.7734375,0.3445758090910141
0.31270697712898254,0.7445404217356727,0.032426510006189346,0.02740886558808548,0.005017644418103866,102232.640625,1.1340185617007619
0.3129763901233673,0.7451818812461126,0.03064720146358013,0.027302115492270976,0.0033450859713091557,100312.0390625,-1.4852437093475215
0.31304648518562317,0.7453487742514837,0.033834680914878845,0.027274339367409486,0.006560341547469359,101642.8828125,0.3297234817121358
0.3132457733154297,0.7458232697986421,0.028867894783616066,0.027195364177489374,0.0016725306061266924,98391.4375,-4.104505980395805
0.3139486610889435,0.7474968121165321,0.032999925315380096,0.02691677463985467,0.006083150675525426,101715.6015625,0.42889526309133186
0.31439292430877686,0.748554581687564,0.03178960084915161,0.026740665215878253,0.005048935633273358,101856.5078125,0.6210592348312524
0.3146623373031616,0.7491960411980039,0.030010290443897247,0.02663386211721346,0.0033764283266837884,99935.8984375,-1.9982136906843042
0.314931720495224,0.7498374297505334,0.028230983763933182,0.02652706865886795,0.0017039151050652311,98015.3046875,-4.617465307265315
0.31498992443084717,0.7499760105496361,0.026504933834075928,0.026503994349279286,9.394847966422148e-07,96457.515625,-6.74193411814494
0.3151903450489044,0.7504532024973914,0.03357334062457085,0.026424539887250194,0.007148800737320653,101626.8828125,0.30790313273656705
0.3156346082687378,0.7515109720684233,0.03236301615834236,0.026248420265468107,0.006114595892874254,101752.8671875,0.4797170719846242
0.31607887148857117,0.7525687416394552,0.031152687966823578,0.02607231175629243,0.005080376210531149,101480.359375,0.10807859902719642
0.31634828448295593,0.7532102011498951,0.029373381286859512,0.02596552359233256,0.0034078576945269536,99559.7578125,-2.5111836720210867
0.3164064586162567,0.7533487109910875,0.02764733135700226,0.025942465989392656,0.0017048653676096023,97974.125,-4.673625004262493
0.3164646625518799,0.7534872917901903,0.025921281427145004,0.025919396996755776,1.8844303892283365e-06,95726.09375,-7.73942665319899
0.31687629222869873,0.7544673624492827,0.03293643146753311,0.025756262120402364,0.007180169347130748,101401.578125,0.0006389510439762825
0.3173205554485321,0.7555251320203146,0.03172610327601433,0.02558022592119614,0.00614587735481819,101625.59375,0.30614514563648465
0.3177648186683655,0.7565829015913464,0.030515776947140694,0.025404230349615673,0.005111546597525021,101795.046875,0.5372405407927763
0.31782302260398865,0.7567214823904492,0.02878972701728344,0.025381176188374835,0.0034085508289086047,99490.7265625,-2.60532654484732
0.31788119673728943,0.7568599922316416,0.027063677087426186,0.0253581346792228,0.0017055424082033852,97242.6953125,-5.671128193783816
0.3179394006729126,0.7569985730307444,0.02533762715756893,0.025335082231526817,2.5449260421146758e-06,96820.7734375,-6.246533353341708
0.31854426860809326,0.7584387347811744,0.03215385973453522,0.025095571710425563,0.007058288024109655,101609.40625,0.2840690894463585
0.3192538917064667,0.7601283135868254,0.029726581647992134,0.02481472915591391,0.004911852492078223,101960.5390625,0.7629341210415419
0.31929343938827515,0.7602224747339885,0.031047511845827103,0.02479908294165983,0.006248428904167273,101684.453125,0.38641590207297616
0.31931206583976746,0.7602668234280178,0.02800053171813488,0.024791713981093637,0.0032088177370412432,99686.0703125,-2.3389222451475544
0.3193702697753906,0.7604054042271206,0.026274481788277626,0.024768688310552803,0.0015057934777248233,98302.265625,-4.2261160698524165
0.3194141387939453,0.7605098542712984,0.024753974750638008,0.024751334447451513,2.640303186494941e-06,96204.203125,-7.087394565012049
0.3207429349422455,0.7636736546243941,0.028937388211488724,0.02422607600033306,0.004711312211155665,101280.859375,-0.1639938772619259
0.32078251242637634,0.7637678867294675,0.030258316546678543,0.02421044420909033,0.006047872337588214,101741.6171875,0.46437463911117743
0.32080113887786865,0.7638122354234969,0.02721133828163147,0.024203087657049704,0.0030082506245817653,99783.75,-2.205709440830398
0.3208220601081848,0.7638620478766306,0.03157924488186836,0.024194824990484688,0.007384419891383675,101573.84375,0.2355699544186296
0.3208450376987457,0.7639167564255851,0.025690829381346703,0.024185750441701192,0.0015050789396455107,97685.6875,-5.0669879359900305
0.3208889067173004,0.7640212064697629,0.024170322343707085,0.02416842599344528,1.8963502618034311e-06,95587.625,-7.928266431149663
0.3222320079803467,0.767219066619873,0.028148192912340164,0.023638539422851764,0.0045096534894884,101861.09375,0.6273134071206365
0.32227155566215515,0.7673132277670361,0.029469123110175133,0.02362295334730194,0.0058461697628731935,101633.140625,0.3164373610224218
0.32227587699890137,0.7673235166640509,0.026627685874700546,0.023621250332911466,0.0030064355417890806,99972.65625,-1.9480844221637716
0.3223111033439636,0.7674073889141991,0.030790051445364952,0.02360736827879996,0.007182683166564993,101391.5078125,-0.013094657271213202
0.32231977581977844,0.7674280376661392,0.02510717697441578,0.02360395073881438,0.0015032262356013994,97069.1171875,-5.907849147660372
0.32236364483833313,0.767532487710317,0.023586668074131012,0.023586664136936875,3.93719413668836e-09,94971.046875,-8.769138297287277
0.32357773184776306,0.7704231710661026,0.02754415199160576,0.023108776881051132,0.004435375110554626,101831.171875,0.5865067974641774
0.32362163066864014,0.7705276920681908,0.02602364309132099,0.023091517495763218,0.002932125595557774,99499.1171875,-2.593883646995874
0.3236654996871948,0.7706321421123686,0.024503136053681374,0.023074271296178624,0.00142886475750275,97410.4921875,-5.442291545689448
0.323712557554245,0.7707441846529643,0.029100676998496056,0.023055773107041908,0.006044903891454147,101717.515625,0.43150560757327244
0.32375213503837585,0.7708384167580378,0.030421607196331024,0.023040216736476108,0.007381390459854916,101475.890625,0.10198424374691063
0.32383841276168823,0.7710438399087816,0.023015735670924187,0.02300630852851817,9.427142406016886e-06,96123.6484375,-7.197252777066292
0.32492345571517944,0.773627275512332,0.026940109208226204,0.022580388744363116,0.004359720463863088,101801.21875,0.5456575699386256
0.3249673545360565,0.7737317965144203,0.025419602170586586,0.022563177803548242,0.002856424367038344,99025.5859375,-3.2396722173607033
0.32505831122398376,0.7739483600571042,0.02849663607776165,0.022527522800503286,0.005969113277258364,101659.640625,0.3525773140132075
0.3251402676105499,0.7741434943108332,0.0239322017878294,0.022495402211341876,0.0014367995764875234,97574.28125,-5.218920639306247
0.32531315088272095,0.7745551211493357,0.02244480326771736,0.02242766508994121,1.7138177776151314e-05,95542.7265625,-7.989497654568899
0.3262691795825958,0.7768313799585616,0.02633606642484665,0.022053589159522057,0.004282477265324592,101771.28125,0.50482965134762
0.32640403509140015,0.7771524645033338,0.027892593294382095,0.02200089418606988,0.005891699108312214,101629.6953125,0.31173874095492876
0.32644209265708923,0.7772430777549744,0.02484866790473461,0.02198602644427617,0.0028626414604584413,99836.34375,-2.133983567147035
0.32661500573158264,0.7776547755513873,0.023361269384622574,0.02191849393380424,0.0014427754508183344,97776.5,-4.943140408406041
0.32678788900375366,0.7780664023898897,0.021873869001865387,0.02185100371156434,2.2865290301047475e-05,96661.328125,-6.463980375920997
0.3273514211177826,0.77940814551853,0.027002226561307907,0.021631230129185348,0.005370996432122559,101746.453125,0.4709697543533049
0.3274862468242645,0.7797291591053918,0.028558751568198204,0.021578699757908524,0.00698005181028968,101535.6640625,0.1835015728543697
0.32765236496925354,0.7801246784982228,0.025732463225722313,0.021514004877517503,0.00421845834820481,101448.40625,0.06450182787969837
0.32782527804374695,0.7805363762946356,0.024245062842965126,0.02144669641843275,0.0027983664245323746,99388.5546875,-2.7446656678465815
0.32799819111824036,0.7809480740910485,0.02275766432285309,0.021379421772991417,0.0013782425498616718,98078.2265625,-4.531654227846745
0.32826265692710876,0.7815777545883542,0.02130293659865856,0.021276593479224087,2.6343119434474316e-05,96069.8046875,-7.270683365513372
0.32843366265296936,0.7819849110784985,0.027668384835124016,0.021210147300528746,0.0064582375345952694,101680.8828125,0.38154681052911144
0.3287346065044403,0.7827014440581912,0.02639862149953842,0.021093296556605415,0.005305324942933006,101698.28125,0.4052743091465878
0.32903555035591125,0.783417977037884,0.025128858163952827,0.020976555400914233,0.004152302763038594,101000.625,-0.546169618352575
0.32920846343040466,0.7838296748342969,0.02364145964384079,0.020909530016803762,0.0027319296270370275,99495.125,-2.599328079772493
0.32947292923927307,0.7844593553316026,0.022186731919646263,0.020807089042970774,0.0013796428766754895,97486.703125,-5.33835721743912
0.3297373950481415,0.7850890358289083,0.020732004195451736,0.020704737180697708,2.7267014754028818e-05,95478.28125,-8.077386355105746
0.3298168480396271,0.7852782096181598,0.02706477977335453,0.020674005440490674,0.006390774332863856,101422.5,0.029171614401677943
0.330117791891098,0.7859947425978525,0.025795016437768936,0.02055767792004735,0.0052373385177215855,101622.078125,0.3013506353635325
0.33041873574256897,0.7867112755775452,0.024525253102183342,0.02044147084426655,0.004083782257916793,100912.0078125,-0.6670232406327878
0.3306832015514374,0.7873409560748509,0.023070525377988815,0.020339450771024736,0.0027310746069640797,99831.421875,-2.1406958815291675
0.3309476673603058,0.7879706365721567,0.021615799516439438,0.020237527129319546,0.0013782723871198915,96895.171875,-6.145070861498769
0.3312121331691742,0.7886003170694624,0.02016107179224491,0.020135701514569403,2.537027767550784e-05,96871.8515625,-6.176874446309351
0.3312297463417053,0.7886422531945365,0.026754487305879593,0.02012892354566677,0.006625563760212824,101494.71875,0.12766150987538746
0.33153069019317627,0.7893587861742293,0.025484723970294,0.02001318190977274,0.0054715420605212575,101609.2265625,0.28382403669907424
0.3319367468357086,0.7903255877040681,0.024030935019254684,0.019857223191180204,0.004173711828074481,101426.171875,0.034179214020094585
0.332201212644577,0.7909552682013739,0.022576207295060158,0.019755778303425266,0.002820428991634892,99517.0078125,-2.5694849169401843
0.33246567845344543,0.7915849486986797,0.02112148143351078,0.019654438983475627,0.0014670424500351532,98311.8984375,-4.212979111704528
0.33264267444610596,0.7920063677288237,0.026444194838404655,0.01958667653820386,0.006857518300200795,101543.1015625,0.1936446256984817
0.3326868712902069,0.7921115983100164,0.019590139389038086,0.019569763438155134,2.03759508829518e-05,96232.3359375,-7.049027828361159
0.3330487012863159,0.7929730983007522,0.02499040588736534,0.019431414144835173,0.0055589917425301685,101616.78125,0.2941269065522847
0.33345475792884827,0.7939398998305911,0.023536616936326027,0.019276401180631043,0.0042602157556949835,101111.7578125,-0.3946098213909223
0.3337192237377167,0.7945695803278969,0.0220818892121315,0.01917558379291945,0.002906305419212052,99751.9375,-2.249094431566978
0.33394044637680054,0.7950963008971441,0.020550549030303955,0.01909133919203316,0.001459209838270796,97672.3828125,-5.085132493756336
0.334161639213562,0.795622950508481,0.01901920698583126,0.019007187068437414,1.2019917393846918e-05,95592.8125,-7.921191864880241
0.33456671237945557,0.7965874104272752,0.024496085941791534,0.018853291609758547,0.0056427943320329875,101580.8671875,0.2451483204972606
0.3349727690219879,0.7975542119571141,0.02304229699075222,0.018699304339254236,0.004342992651497984,101783.0859375,0.5209285513974659
0.3351939916610718,0.7980809325263614,0.021510956808924675,0.0186155317122659,0.002895425096658775,99112.4140625,-3.12125846808606
0.33541518449783325,0.7986075821376982,0.01997961662709713,0.01853185670929374,0.0014477599178033887,97032.859375,-5.957296530275418
0.3356363773345947,0.7991342317490351,0.018448274582624435,0.01844826895523195,5.627392486023952e-09,94953.2890625,-8.793355901399321
0.33590754866600037,0.7997798777761914,0.025552166625857353,0.01834591494799047,0.0072062516778668845,101456.4140625,0.07542265683475595
0.3363136053085327,0.8007466793060303,0.02409837767481804,0.018192899723987424,0.005905477950830615,101646.0234375,0.334006577555973
0.33639463782310486,0.8009396138645354,0.02244514413177967,0.018162400571861272,0.004282743559918398,101763.21875,0.49383424112164986
0.33661583065986633,0.8014662634758722,0.020913802087306976,0.01807921014662937,0.002834591940677606,99497.6171875,-2.5959293047123335
0.3368370234966278,0.8019929130872091,0.01938246190547943,0.017996111926659387,0.0013863499788200444,98300.046875,-4.229141938558013
0.33711111545562744,0.8026455129895892,0.017912497743964195,0.017893269727874042,1.922801609015312e-05,96413.640625,-6.801769606351383
0.3376544415950775,0.8039391466549465,0.025154458358883858,0.017689837425091448,0.00746462093379241,101508.9453125,0.14706329477993368
0.33773547410964966,0.8041320812134516,0.02350122295320034,0.017659546763168794,0.0058416761900315466,101626.140625,0.30689095834561053
0.3378164768218994,0.8043249448140463,0.021847989410161972,0.017629280225792552,0.00421870918436942,101743.34375,0.4667292763785606
0.3380376696586609,0.8048515944253831,0.020316649228334427,0.017546698348337827,0.0027699508799966,99614.40625,-2.436655673444865
0.3383117616176605,0.8055041943277632,0.01884668506681919,0.017444502803720733,0.001402182263098458,97728.0,-5.009283341238234
0.33858585357666016,0.8061567942301433,0.017376720905303955,0.017342459511955996,3.426139334795908e-05,95841.59375,-7.581911009031603
0.33907628059387207,0.8073244776044574,0.02455730363726616,0.017160260919181377,0.007397042718084782,101365.9140625,-0.04799869205830455
0.3391573131084442,0.8075174121629625,0.02290406823158264,0.01713020465477186,0.00577386357681078,101606.265625,0.27978599360252127
0.33923831582069397,0.8077102757635571,0.021250834688544273,0.017100173206158857,0.004150661482385416,101723.4609375,0.4396136571681981
0.3395124077796936,0.8083628756659372,0.019780870527029037,0.016998657285145886,0.002782213241883151,99884.625,-2.0681389593984925
0.33978649973869324,0.8090154755683172,0.01831090822815895,0.01689730111312277,0.0014136071150361793,97962.6328125,-4.68929772562141
0.34006059169769287,0.8096680754706973,0.016840944066643715,0.01679610639422191,4.48376724218047e-05,96040.640625,-7.310456491844328
0.34021204710006714,0.8100286835715884,0.02358260564506054,0.016740258954500507,0.006842346690560032,101517.6484375,0.15893237132230845
0.3402930498123169,0.8102215471721831,0.021929370239377022,0.016710410680955034,0.005218959558421988,101776.53125,0.5119894533552285
0.3406130075454712,0.810983351298741,0.020726047456264496,0.016592652056356478,0.004133395399908018,101397.046875,-0.005540639974495324
0.3408870995044708,0.8116359512011211,0.01925608515739441,0.016491954479095898,0.002764130678298511,99475.0625,-2.6266887517301396
0.34116119146347046,0.8122885511035012,0.017786120995879173,0.01639142517017487,0.001394695825704305,97553.0703125,-5.2478475179530575
0.3413477838039398,0.8127328185808091,0.02260790765285492,0.016323085419357904,0.006284822233497016,101669.375,0.3658527802356482
0.341535359621048,0.8131794276691618,0.016305169090628624,0.01625446539602937,5.070369459925228e-05,96392.1484375,-6.83108004582003
0.3416677415370941,0.8134946227073669,0.021404583007097244,0.016206085240022122,0.005198497767075122,101655.1640625,0.34647230426564846
0.3419876992702484,0.8142564268339249,0.02020126022398472,0.01608932090538407,0.004111939318600648,100987.484375,-0.5640904323061428
0.34226179122924805,0.8149090267363049,0.01873129792511463,0.015989484258724866,0.0027418136663897655,99065.4921875,-3.1852491985290605
0.34240251779556274,0.8152440899894351,0.023286443203687668,0.01593829385174197,0.0073481493519456965,101562.21875,0.21971610711606795
0.34263595938682556,0.8157999033019656,0.017250344157218933,0.015853480958330238,0.0013968631988886954,97717.25,-5.023943888206194
0.34272247552871704,0.816005894115993,0.022083120420575142,0.01582208124660067,0.006261039173974473,101629.8984375,0.3120157571040327
0.3430100977420807,0.816690708909716,0.015769392251968384,0.015717822031571335,5.1570220397048616e-05,95820.8203125,-7.610241237511113
0.34304243326187134,0.8167676982425508,0.020879795774817467,0.015706113284103092,0.005173682490714374,101628.2109375,0.30971439217301566
0.34336239099502563,0.8175295023691087,0.01967647299170494,0.015590392621200383,0.004086080370504558,100577.9140625,-1.1226508791050633
0.34373655915260315,0.8184203789347695,0.01819552108645439,0.015455382663409413,0.002740138423044979,99042.3359375,-3.216829039526905
0.34398671984672546,0.8190159996350607,0.021947864443063736,0.015365310705936677,0.006582553737127059,101475.859375,0.10194162587781772
0.3441106975078583,0.8193111845425197,0.016714569181203842,0.01532072947202086,0.0013938397091829823,97145.9140625,-5.803115734364551
0.34430667757987976,0.8197778037616185,0.02074454165995121,0.01525033533175445,0.0054942063281967594,101574.7734375,0.2368378360241436
0.3444848358631134,0.8202019901502701,0.015233615413308144,0.015186426498220868,4.7188915087275143e-05,97227.6875,-5.691595425415685
0.3448392152786255,0.821045750663394,0.019306421279907227,0.015059543087590646,0.00424687819231658,101663.7109375,0.3581282914625587
0.3452133536338806,0.8219365562711444,0.017825469374656677,0.01492593411573425,0.002899535258922427,99743.375,-2.260771727698435
0.3452509641647339,0.8220261051541283,0.02181261032819748,0.014912522963763185,0.0069000873644342944,101509.21875,0.14743620113449663
0.34558752179145813,0.8228274328368052,0.016344517469406128,0.014792677130076402,0.0015518403393297263,98637.609375,-3.768783716616425
0.3457835018634796,0.8232940520559039,0.020374489948153496,0.014723026518516258,0.005651463429637238,101598.15625,0.2687266565729117
0.3459596037864685,0.8237133423487346,0.014697839505970478,0.014660526863246972,3.7312642723505776e-05,96581.75,-6.572506779566086
0.34631603956222534,0.8245619989576795,0.01893637143075466,0.014534277542415215,0.004402093888339446,101230.96875,-0.23203330526875293
0.34669020771980286,0.8254528755233401,0.017455419525504112,0.014402113518360023,0.0030533060071440896,100047.53125,-1.8459720078171649
0.34672778844833374,0.8255423534484136,0.021442558616399765,0.014388860097754724,0.007053698518645041,101355.28125,-0.06249942201716637
0.34706225991249084,0.8263387140773591,0.015808740630745888,0.014271072736145533,0.001537667894600355,97991.671875,-4.649695070766826
0.34726032614707947,0.8268103003501892,0.02000444009900093,0.01420146594454994,0.005802974154450991,101536.171875,0.18419411322712945
0.3474343419075012,0.8272246235892886,0.014162062667310238,0.014140400343127666,2.166232418257183e-05,95935.8046875,-7.45342878818376
0.3477928638458252,0.8280782472519648,0.018566319718956947,0.014014852363260378,0.004551467355696569,102020.1015625,0.8441637795326238
0.34816494584083557,0.8289641567638942,0.016919642686843872,0.013884935732577802,0.0030347069542660705,100449.7421875,-1.297448069189624
0.34825044870376587,0.8291677350089663,0.021278034895658493,0.013855136526161273,0.00742289836949722,101425.03125,0.03262366179820346
0.34853699803352356,0.8298499953179133,0.015272964723408222,0.013755420325672469,0.0015175443977357532,97345.71875,-5.530627733851773
0.3487829864025116,0.8304356819107419,0.01983991637825966,0.013670005669761365,0.006169910708498294,101544.9375,0.19614842550769004
0.34890908002853394,0.8307359048298427,0.013626285828649998,0.013626289406478207,-3.5778282090476177e-09,98143.75,-4.442295210826191
0.34954267740249634,0.8322444700059437,0.018242131918668747,0.013407319746293469,0.004834812172375278,101755.6484375,0.483510062333893
0.3499147593975067,0.8331303795178732,0.01659545488655567,0.01327927610651669,0.0033161787800389825,100185.28125,-1.658112440855628
0.3502868115901947,0.8340162180718922,0.014948776923120022,0.013151652303996725,0.0017971246191232967,99346.1796875,-2.802455498336564
0.35038381814956665,0.8342471860703968,0.01314671989530325,0.013118444278009669,2.8275617293580316e-05,97399.2734375,-5.457591360693803
0.35053277015686035,0.8346018337068104,0.01951572857797146,0.013067508772763975,0.006448219805207484,101575.265625,0.2375090674623569
0.3512924909591675,0.8364106927599226,0.017917944118380547,0.012808758286625107,0.005109185831755439,101491.1796875,0.12283503620061569
0.35166454315185547,0.8372965313139417,0.01627126708626747,0.012682685455432103,0.0035885816308353687,100548.6015625,-1.1626264403142108
0.3517615795135498,0.8375275702703567,0.014469210058450699,0.012649874137059812,0.0018193359213908872,98601.6953125,-3.817762302671449
0.35185858607292175,0.8377585382688614,0.012667153961956501,0.012617102069042483,5.005189291401764e-05,96654.78125,-6.47290881949596
0.3522825837135315,0.8387680564607893,0.019191540777683258,0.012474205535140372,0.0067173352425428864,101605.59375,0.27886970941702377
0.35304227471351624,0.840576844555991,0.017593756318092346,0.012219588073538666,0.00537416824455368,101751.015625,0.47719196324086943
0.35313931107521057,0.8408078835124062,0.015791701152920723,0.01218719759855567,0.0036045035543650523,99804.125,-2.1779225901818227
0.3532363176345825,0.8410388515109108,0.01398964412510395,0.012154847219233593,0.0018347969058703575,97857.203125,-4.833079761473607
0.35333332419395447,0.8412698195094155,0.012187587097287178,0.012122527051145209,6.506004614196918e-05,95910.2890625,-7.488226278298119
0.3538714647293091,0.842551106498355,0.019156640395522118,0.011943783806143637,0.00721285658937848,101570.625,0.23118031390206012
0.35425418615341187,0.843462347984314,0.01663355343043804,0.011817236360575873,0.004816317069862169,101669.4921875,0.3660125972447466
0.3543512225151062,0.843693386940729,0.01483149640262127,0.011785227458258756,0.003046268944362513,99536.5390625,-2.5428487487571174
0.35444822907447815,0.8439243549392337,0.013029440306127071,0.011753259381100733,0.0012761809250263385,97403.5625,-5.451742058160801
0.35469022393226624,0.8445005331720625,0.017993485555052757,0.01167364657948374,0.006319838975569017,101966.0703125,0.7704774838709865
0.35480809211730957,0.8447811717078799,0.01170802116394043,0.011634939961883722,7.308120205670732e-05,96794.140625,-6.282854432276139
0.3554660975933075,0.8463478514126369,0.015673348680138588,0.011419710775627093,0.0042536379045114946,100852.3984375,-0.7483168259275093
0.35556313395500183,0.846578890369052,0.01387129258364439,0.011388093967091898,0.002483198616552492,98719.4375,-3.6571888263966463
0.35590213537216187,0.8473860366003855,0.017033280804753304,0.01127788945119545,0.0057553913535578535,101748.171875,0.4733137371534148
0.35592299699783325,0.8474357071376982,0.012549873441457748,0.011271120393567513,0.0012787530478902357,97865.828125,-4.821317229603965
0.3562828302383423,0.848292452948434,0.011228455230593681,0.011154597822116356,7.385740847732497e-05,96333.3671875,-6.911244257583789
0.35633817315101624,0.8484242217881339,0.01839321292936802,0.011136715839929806,0.007256497089438213,101733.2578125,0.45297435912882467
0.3566780090332031,0.8492333548409599,0.014713144861161709,0.011027141982742303,0.0036860028784194056,101558.1640625,0.21418643860126318
0.35703787207603455,0.8500901716096061,0.013391726650297642,0.010911546757403684,0.0024801798928939574,98937.5,-3.359801335866337
0.3571140468120575,0.8502715400287083,0.016073077917099,0.0108871357307094,0.005185942186389599,101469.9453125,0.09387619415198495
0.35739773511886597,0.8509469883782523,0.012070307508111,0.010796403323119277,0.0012739041849917226,97405.046875,-5.449717709378888
0.35755008459091187,0.8513097252164569,0.017433010041713715,0.010747793818730617,0.006685216222983098,101381.7109375,-0.026455359231839743
0.357757568359375,0.8518037341889881,0.010748888365924358,0.010681724496084297,6.716386984006138e-05,95872.59375,-7.539634082891439
0.35820892453193665,0.8528783917427063,0.014556282199919224,0.01053852579786677,0.004017756402052455,101579.8671875,0.24378454868628754
0.35856878757476807,0.8537352085113525,0.013234863057732582,0.010424875595066505,0.0028099874626660772,99959.796875,-1.9656216752955031
0.358644962310791,0.8539165769304549,0.015916213393211365,0.010400878095694259,0.005515335297517106,101491.640625,0.12346364976973608
0.3589286506175995,0.8545920252799988,0.01191344391554594,0.010311691288227056,0.001601752627318884,98522.2421875,-3.9261182348401666
0.3590810000896454,0.8549547621182033,0.01727614551782608,0.010263915424233161,0.007012230093592919,101286.7890625,-0.15590713660154668
0.3592323362827301,0.8553150863874527,0.01026932243257761,0.010216540816423862,5.2781616153747823e-05,97154.7265625,-5.791097495280351
0.35973986983299255,0.8565234996023633,0.014399418607354164,0.010058272123458537,0.004341146483895627,101601.5625,0.2733720043040387
0.360099732875824,0.8573803163710095,0.013077999465167522,0.00994662659220477,0.0031313728729627528,99803.4140625,-2.178892146703686
0.3601759076118469,0.8575616847901117,0.01575935073196888,0.009923055215233732,0.005836295516735148,101510.453125,0.14911960696366647
0.3604033887386322,0.8581033065205529,0.011433877982199192,0.009852792107550436,0.0015810858746487556,98380.703125,-4.119145218429218
0.3605065941810608,0.8583490337644305,0.01713789813220501,0.009820978110330435,0.007316920021874574,101349.0234375,-0.07103365030302113
0.3607070744037628,0.8588263676280068,0.009789756499230862,0.009759291994526562,3.0464504704300066e-05,96437.21875,-6.769614424120784
0.3612707853317261,0.8601685365041097,0.01424255408346653,0.009586651549068608,0.004655902534397922,101734.109375,0.45413569606160636
0.3615744709968567,0.8608915976115635,0.0125984326004982,0.009494143434563977,0.0031042891659342226,99606.6796875,-2.447192941578086
0.36160150170326233,0.8609559564363389,0.015621102415025234,0.009485926378755598,0.006135176036269636,101572.6875,0.233993093262192
0.3618781268596649,0.861614587761107,0.010954311117529869,0.00940199534696813,0.0015523157705617397,97663.203125,-5.0976514928023775
0.36218181252479553,0.8623376488685608,0.009310189634561539,0.009310191100486784,-1.465925245774935e-09,98160.6640625,-4.419228289179655
0.36281484365463257,0.8638448658443633,0.013559140264987946,0.009119968441450264,0.004439171823537681,101767.421875,0.49956634451464593
0.36292964220046997,0.8641181957154047,0.015112629160284996,0.009085638523442626,0.00602699063684237,101637.296875,0.32210553761177857
0.3631185293197632,0.8645679269518172,0.011915018782019615,0.00902926462409468,0.0028857541579249343,99844.6953125,-2.1225939416319552
0.3634221851825714,0.8652909171013605,0.010270897299051285,0.008938930250254473,0.001331967048796812,99053.0390625,-3.202232419362584
0.36365655064582825,0.8658489301091149,0.008905678987503052,0.00886945671775298,3.622226975007192e-05,97607.2421875,-5.1739694418805025
0.36435890197753906,0.8675211951846169,0.012875725515186787,0.008662558324174768,0.004213167191012019,101729.609375,0.4479987229122277
0.36447370052337646,0.8677945250556582,0.014429214410483837,0.008628927648470305,0.005800286762013532,101599.4765625,0.27052726154208706
0.3645884692668915,0.8680677839687893,0.015982702374458313,0.008595358391897361,0.007387343982560952,101469.34375,0.09305580017194648
0.3646625876426697,0.8682442562920707,0.011231604032218456,0.008573707198335058,0.002657896833883398,99945.3984375,-1.9852578584800602
0.3648969531059265,0.8688022692998251,0.009866386651992798,0.00850539035414034,0.0013609962978524577,98499.609375,-3.956984226530705
0.36513131856918335,0.8693602823075794,0.008501168340444565,0.008437294712617015,6.387362782754938e-05,97053.8046875,-5.928731903515897
0.36590296030044556,0.8711975245248704,0.012192310765385628,0.008214665245107403,0.003977645520278225,101691.7890625,0.39642044684253624
0.36601775884628296,0.8714708543959119,0.013745799660682678,0.008181751755110251,0.005564047905572427,101561.6484375,0.2189383310051224
0.366132527589798,0.8717441133090428,0.015299287624657154,0.008148900816447067,0.007150386808210087,101431.5234375,0.04147752410225502
0.3661373257637024,0.8717555375326248,0.01082709338515997,0.008147528584072493,0.0026795648010874765,99391.9765625,-2.739999011180908
0.36637169122695923,0.8723135505403792,0.009461876004934311,0.008080617524802984,0.0013812584801313268,97946.1796875,-4.711736033698826
0.36660605669021606,0.8728715635481336,0.008096657693386078,0.008013932889817695,8.272480356838301e-05,98067.125,-4.546794225842
0.3669743239879608,0.8737483904475258,0.012901844456791878,0.007909608203425837,0.0049922362533660405,101594.1328125,0.26323960592719986
0.36708909273147583,0.8740216493606567,0.014455333352088928,0.007877211089963095,0.006578122262125834,101491.4140625,0.12315467021881249
0.3672369122505188,0.8743736005964734,0.011770145036280155,0.007835565249396267,0.0039345797868838885,101568.0703125,0.22769630310371491
0.36747127771377563,0.8749316136042278,0.010404927656054497,0.00776972359602619,0.0026352040600283065,99782.6796875,-2.20716910284683
0.36770564317703247,0.8754896266119822,0.009039710275828838,0.007704112188671893,0.0013355980871569452,98989.4375,-3.2889704374339246
0.3680456876754761,0.8762992563701811,0.013611379079520702,0.00760932661113214,0.006002052468388562,101593.328125,0.26214219579805753
0.36808082461357117,0.8763829157465981,0.007692147046327591,0.0075995602032141105,9.258684311348048e-05,97518.921875,-5.294418194404332
0.36830827593803406,0.8769244665191287,0.01247967965900898,0.00753646592372465,0.00494321373528433,101567.2734375,0.22660954744184578
0.36857083439826965,0.8775496057101658,0.011347980238497257,0.007463906093591543,0.0038840741449057145,100908.2890625,-0.672094767054844
0.3688051998615265,0.8781076187179202,0.009982762858271599,0.0073993856377868525,0.0025833772204847463,99911.734375,-2.031167957960395
0.36911702156066895,0.8788500513349261,0.014320912770926952,0.007313905753552884,0.007007007017374068,101592.5234375,0.26104478566891515
0.3691803812980652,0.8790009078525362,0.008635199628770351,0.007296587882912179,0.001338611745858172,98441.2265625,-4.03660506046353
0.36937960982322693,0.8794752614838737,0.01318921335041523,0.007242246015357678,0.005946967335057552,101566.4609375,0.22550148284543017
0.3695555627346039,0.8798941969871521,0.007287636399269104,0.007194395080295316,9.324131897378834e-05,96970.703125,-6.042063471901211
0.3696421980857849,0.8801004716328212,0.012057513929903507,0.007170883455296234,0.004886630474607273,101540.4140625,0.18997948895649167
0.3699047565460205,0.8807256108238584,0.010925814509391785,0.007099827223046243,0.0038259872863455413,100834.046875,-0.7733441695523192
0.3702799379825592,0.8816188999584743,0.009578251279890537,0.0069988115131894655,0.0025794397667010718,99363.53125,-2.778791926522727
0.37029871344566345,0.8816636034420559,0.014219534583389759,0.006993772429036099,0.00722576215435366,101289.734375,-0.15189040243954013
0.37056130170822144,0.8822888135910034,0.013087835162878036,0.006923458685790048,0.006164376477087988,101454.875,0.07332372678193025
0.3706551194190979,0.8825121890930903,0.00823068805038929,0.006898410136240461,0.0013322779141488285,97893.015625,-4.784239683493135
0.3708238899707794,0.882914023739951,0.011956135742366314,0.006853447040079237,0.005102688702287077,101512.3359375,0.15168733357651415
0.3710303008556366,0.8834054782277062,0.00688312528654933,0.006798626255076707,8.449903147262315e-05,96422.4921875,-6.7896980949308166
0.37130653858184814,0.8840631870996385,0.010632244870066643,0.006725554139574545,0.003906690730492097,101379.59375,-0.029342719862884236
0.37148040533065796,0.8844771555491856,0.014118156395852566,0.006679734917557636,0.0074384214782949295,101310.0546875,-0.12417813306187694
0.37168172001838684,0.8849564762342544,0.009284681640565395,0.006626849858287842,0.0026578317822775538,99941.4453125,-1.9906490189203132
0.37174299359321594,0.8851023656981333,0.012986456975340843,0.006610789142726962,0.006375667832613881,101498.7421875,0.13314856052109933
0.37205690145492554,0.8858497653688704,0.007937118411064148,0.006528771627568333,0.0014083467834958147,99187.5546875,-3.0187838018521633
0.37222567200660706,0.8862516000157311,0.011662566103041172,0.006484857370506665,0.005177708732534507,101518.6875,0.16034941546964762
0.3725050687789917,0.8869168304261708,0.006478614639490843,0.006412438647599678,6.61759918911646e-05,97680.2890625,-5.074350172875831
0.3727083206176758,0.8874007633754185,0.0103386752307415,0.006359976876123377,0.003978698354618124,101034.2890625,-0.5002595188722403
0.3730835020542145,0.8882940525100345,0.008991112001240253,0.006263627428651645,0.002727484572588608,100137.2421875,-1.7236267601187003
0.3731447756290436,0.8884399419739133,0.012692887336015701,0.006247952386847812,0.0064449349491678895,101327.671875,-0.10015230936075027
0.37353166937828064,0.8893611175673349,0.007532608229666948,0.00614937048401496,0.001383237745651988,98629.9765625,-3.7791931311423674
0.3736274540424347,0.8895891762915112,0.01136899646371603,0.006125069367449515,0.005243927096266515,101472.59375,0.09748805855760888
0.3739798069000244,0.8904281116667249,0.006074103992432356,0.006036035828205922,3.8068164226434144e-05,97122.703125,-5.834770156633308
0.3741101026535034,0.8907383396511986,0.010045105591416359,0.006003256195432071,0.004041849395984288,101086.9296875,-0.42846971838523745
0.3745582699775696,0.891805404708499,0.008586601354181767,0.0058911022348542945,0.002695499119327472,99579.6640625,-2.484036089408905
0.37500640749931335,0.8928723988078889,0.007128097116947174,0.005779882031534322,0.001348215085412852,98072.3984375,-4.539602460432572
0.3750440776348114,0.8929620896066939,0.011215783655643463,0.005770575298602541,0.005445208357040922,101561.03125,0.21809662809053748
0.37545454502105713,0.8939393929072789,0.005669592879712582,0.005669593095547813,-2.1583523163171137e-10,99032.671875,-3.2300086155438867
0.3755795657634735,0.8942370613416036,0.00976077001541853,0.005638991665874355,0.004121778349544174,101560.0625,0.21677547414865733
0.3759780526161194,0.895185839562189,0.012386461719870567,0.005541941202557677,0.00684452051731289,101504.546875,0.14106482970510692
0.3760277032852173,0.8953040554409936,0.008302264846861362,0.005529901019269762,0.0027723638275916,100205.390625,-1.630687842094342
0.37647584080696106,0.8963710495403835,0.006843761075288057,0.005421752875414908,0.001422008199873149,99763.5859375,-2.2332086208625967
0.3765135407447815,0.8964608112970989,0.010931447148323059,0.005412697957633615,0.005518749190689444,101513.765625,0.1536371010875147
0.37692928314208984,0.897450674147833,0.00535603379830718,0.005313288802234375,4.2744996072805776e-05,98469.7890625,-3.997652328112612
0.3770489990711212,0.8977357120740982,0.009476433508098125,0.005284815047262685,0.00419161846083544,101585.984375,0.2521269965612242
0.3774475157260895,0.898684561252594,0.012102125212550163,0.005190520915035141,0.006911604297515022,101309.4375,-0.12501983597646188
0.377497136592865,0.8988027061734881,0.008017929270863533,0.005178832940509405,0.002839096330354128,100494.4921875,-1.2364192806485803
0.3779505789279938,0.8998823307809376,0.006530201993882656,0.0050725716571156845,0.0014576303367669716,99200.703125,-3.000852333431322
0.3779829740524292,0.8999594620295933,0.01064711157232523,0.005065017748475842,0.005582093823849388,101451.234375,0.06835874503260651
0.37840405106544495,0.9009620263462975,0.005042474716901779,0.004967289479692442,7.518523720933742e-05,97906.90625,-4.765296040681338
0.37851840257644653,0.9012342918486822,0.009192097000777721,0.0049408968657464756,0.004251200135031246,101593.015625,0.26171601710712844
0.3789718747138977,0.9023139874140422,0.0077043697237968445,0.004836856306430549,0.0028675134173662955,100919.6328125,-0.6566244805741185
0.3789975345134735,0.902375082174937,0.011949381791055202,0.004830998911497388,0.007118382879557814,101393.4609375,-0.010431040452906475
0.3794253468513489,0.9033936829794021,0.0062166424468159676,0.004733812717336582,0.0014828297294793855,99833.2578125,-2.1381920817199593
0.37953299283981323,0.9036499829519363,0.010494368150830269,0.0047094989959274814,0.005784869154902787,101535.25,0.18293688608888867
0.37987878918647766,0.9044733075868516,0.004728915169835091,0.004631777513889223,9.713765594586768e-05,99522.15625,-2.562463623007128
0.38003775477409363,0.9048517970811754,0.009041289798915386,0.004596244498752737,0.004445045300162649,101515.234375,0.15564014093488135
0.3804911971092224,0.9059314216886248,0.007553562987595797,0.004495569449526101,0.0030579935380696957,100544.0234375,-1.1688699581363218
0.38054758310317993,0.9060656740551903,0.011796639300882816,0.004483121099490054,0.0073135182013927625,101477.46875,0.10413644613610247
0.3809446692466736,0.9070111172539848,0.00606583571061492,0.0043959004270480205,0.0016699352835668991,100156.953125,-1.6967455391883488
0.38105231523513794,0.9072674172265189,0.010343560948967934,0.004372390055768713,0.005971170893199221,101464.6796875,0.08669508320983002
0.38135355710983276,0.9079846597853162,0.004415356088429689,0.004306902649741004,0.00010845343868868575,98775.015625,-3.58139294621491
0.38155707716941833,0.908469231355758,0.008890482597053051,0.004262914167770132,0.004627568429282919,101522.84375,0.16601759205900435
0.3820105493068695,0.9095489269211179,0.007402755785733461,0.004165643406750167,0.0032371123789832947,100791.7421875,-0.8310381098368429
0.38206690549850464,0.909683108329773,0.011645832099020481,0.004153626597428586,0.007492205501591895,101414.109375,0.017728716550232244
0.3824194073677063,0.9105223984945389,0.005752276163548231,0.0040788234859210695,0.0016734526776271616,99409.8046875,-2.715685516863404
0.38257166743278503,0.910884922459012,0.010192753747105598,0.004046705646255789,0.00614604810084981,101472.2890625,0.09707253433395302
0.3828282952308655,0.9114959410258702,0.004101796541363001,0.00399283613791928,0.0001089604034437211,98027.859375,-4.600343578357239
0.38307639956474304,0.9120866656303406,0.008739675395190716,0.003941071196234478,0.0047986041989562375,101790.3203125,0.530794588092474
0.3834852874279022,0.913060208161672,0.007089196238666773,0.0038564385503815223,0.0032327576882852506,100044.59375,-1.8499780875118983
0.3838941752910614,0.9140337506930034,0.00543871708214283,0.003772653157257552,0.001666063924885278,98662.640625,-3.734646803473006
0.38428425788879395,0.9149625187828427,0.009903445839881897,0.0036935137364337463,0.006209932103448151,101624.7265625,0.30496249976915646
0.3843030333518982,0.9150072222664243,0.003788237227126956,0.003689724165616761,9.85130615101951e-05,97280.6953125,-5.61930486496684
0.38449257612228394,0.9154585145768666,0.008201940916478634,0.0036515683817008693,0.004550372534777764,101740.8203125,0.4632878834493083
0.3849014639854431,0.916432057108198,0.006551461759954691,0.003569883490092974,0.002981578269861717,100239.703125,-1.5838934218303296
0.3853103518486023,0.9174055996395293,0.004900982137769461,0.0034890565732269155,0.0014119255645425452,98840.09375,-3.49264123382893
0.38570043444633484,0.9183343677293687,0.009365711361169815,0.003412749456711656,0.005952961904458159,101575.2265625,0.23745579512599077
0.3857778012752533,0.9185185744648888,0.0034746781457215548,0.0033977084735590086,7.696967216254619e-05,98630.375,-3.778649753311433
0.38590875267982483,0.9188303635233925,0.007664206437766552,0.0033723205776351474,0.004291885860131404,101691.328125,0.3957918332734158
0.386317640542984,0.9198039060547238,0.006013726815581322,0.003293620102719555,0.002720106712861767,99679.9765625,-2.3472327296206714
0.386785089969635,0.9209168808800834,0.004587422590702772,0.0032047119513245663,0.0013827106393782059,99236.859375,-2.951543458890828
0.38690829277038574,0.9212102208818709,0.010529480874538422,0.0031814684868596973,0.007348012387678724,101409.625,0.011613052335399998
0.38711661100387573,0.9217062166758946,0.008827975951135159,0.0031423473760215023,0.005685628575113656,101525.734375,0.1699597449500983
0.387252539396286,0.9220298557054429,0.00316111883148551,0.0031169429914243807,4.4175840061129196e-05,98104.046875,-4.49644121350873
0.3873249292373657,0.9222022124699184,0.0071264710277318954,0.00310345311820477,0.004023017909527126,101641.828125,0.32828512863025017
0.3877923786640167,0.923315187295278,0.005700167268514633,0.0030170051035076405,0.0026831621650069927,99843.328125,-2.12445847340477
0.3880763053894043,0.9239912033081055,0.009666013531386852,0.0029650572834969907,0.0067009562478898615,101444.0390625,0.05854598067396453
0.3882598280906677,0.9244281621206375,0.004273863509297371,0.0029317054595884417,0.0013421580497089292,98710.53125,-3.669334919088125
0.3882846236228943,0.9244871991021293,0.00796450860798359,0.002927212951680927,0.005037295656302662,101629.3359375,0.3112486354603603
0.388718843460083,0.9255210558573406,0.006796024739742279,0.0028490663659844944,0.003946958373757785,101398.03125,-0.004198177098068734
0.3887272775173187,0.925541136945997,0.0028475592844188213,0.0028475583577898347,9.26628986649275e-10,97577.71875,-5.214232673706027
0.389186292886734,0.9266340306827,0.005369720980525017,0.0027660550159295336,0.002603665964595483,100323.1953125,-1.4700291300813535
0.38924434781074524,0.9267722566922506,0.008802546188235283,0.0027558263558403345,0.006046719832394949,101578.0390625,0.24129140334435245
0.389653742313385,0.9277470055080596,0.003943416755646467,0.0026842043086709707,0.0012592124469754966,100220.328125,-1.610316500667932
0.3896785378456116,0.9278060424895513,0.0076340618543326855,0.0026798950867526483,0.004954166767580037,101518.859375,0.16058381374965863
0.3901127874851227,0.9288399702026731,0.006465577986091375,0.002604958594008445,0.0038606193920829304,101036.2265625,-0.49761721098848005
0.39020201563835144,0.929052418186551,0.0026372731663286686,0.0025896856857815314,4.7587480547137215e-05,99361.515625,-2.7815407790792195
0.3905802369117737,0.9299529450280326,0.005039274226874113,0.002525420078880062,0.002513854147994051,100603.3828125,-1.0879173157943436
0.3906382620334625,0.9300911000796727,0.008472098968923092,0.002515628577176646,0.005956470391746446,101501.40625,0.1367817338612697
0.39107248187065125,0.9311249568348839,0.007303615100681782,0.0024429299159522346,0.004860685184729548,101525.484375,0.16961880199735505
0.3911284804344177,0.9312582867486137,0.0037331306375563145,0.002433628267842788,0.0012995023697135264,99744.578125,-2.259130939738358
0.3914342522621155,0.9319863149097988,0.009558457881212234,0.0023831360737560084,0.007175321807456226,101290.71875,-0.15054793956311355
0.39150670170783997,0.9321588135900952,0.006135131232440472,0.0023712463847743366,0.003763884847666135,100986.4375,-0.5655181309207551
0.39167678356170654,0.9325637703850156,0.002426987048238516,0.002343445627849596,8.354142038891977e-05,98885.7578125,-3.430365872616919
0.3918684720993042,0.9330201716650101,0.008389974012970924,0.0023123006101949243,0.0060776734027760005,101404.703125,0.004900737953267046
0.3920549750328064,0.9334642262685867,0.00482898810878396,0.0022821890402156372,0.002546799068568323,100127.625,-1.7367424093320427
0.3923026919364929,0.9340540284202212,0.007221489679068327,0.00224248578881183,0.004979003890256497,101450.34375,0.06714413576345864
0.3926032483577728,0.9347696389470782,0.0035228445194661617,0.002194760946068955,0.0013280835733972068,99268.828125,-2.9079453788087837
0.39266443252563477,0.9349153155372256,0.009476331993937492,0.0021851057808172283,0.007291226213120264,101312.4921875,-0.12085393927263015
0.39291104674339294,0.9355024922461738,0.005954490974545479,0.002146395448565258,0.003808095525980221,101457.03125,0.07626435974934087
0.3930986821651459,0.9359492432503473,0.008307848125696182,0.002117164870871374,0.006190683254824808,101435.9375,0.04749729811162822
0.39315152168273926,0.9360750516255697,0.002216700930148363,0.002108967984049142,0.00010773294609922124,100211.1328125,-1.6228568086485202
0.3934593200683594,0.9368079049246653,0.0046483478508889675,0.002061522979678288,0.0025868248712106797,100590.6328125,-1.10530540638425
0.3937070369720459,0.9373977070762998,0.007040849421173334,0.0020237153944243657,0.005017134026748969,101442.6328125,0.05662817656478368
0.39389464259147644,0.937844387122563,0.00939420610666275,0.0019953058989632243,0.007398900207699526,101306.421875,-0.12913246034392745
0.3940075933933258,0.9381133176031567,0.003342204261571169,0.0019782946064868696,0.0013639096550842993,100492.75,-1.2387952268505098
0.3943153917789459,0.9388461709022522,0.005773851182311773,0.0019322932157380878,0.0038415579665736855,101031.3984375,-0.5042016717633343
0.39450302720069885,0.9392929219064259,0.00812720786780119,0.0019045060396093317,0.006222701828191858,101428.2265625,0.036981338912953264
0.39462628960609436,0.9395864038240342,0.0020064148120582104,0.001886357405894035,0.00012005740616417545,99572.78125,-2.4934226750766175
0.39486366510391235,0.9401515835807437,0.004467707592993975,0.0018516430818234565,0.002616064511170518,100774.359375,-0.8547442995197728
0.3951113820075989,0.9407413857323783,0.006860209628939629,0.0018157478494697699,0.0050444617794698585,101434.9140625,0.0461015628988355
0.3954823315143585,0.9416245988437107,0.003131918143481016,0.001762629742464054,0.0013692884010169622,99854.3984375,-2.1093610932786073
0.3957197368144989,0.9421898495583307,0.0055932109244167805,0.0017290341824233273,0.003864176741993453,101055.9609375,-0.4707040266563089
0.39590445160865784,0.9426296466872806,0.008033974096179008,0.0017031110370726208,0.006330863059106387,101374.03125,-0.03692870056142179
0.3961010277271271,0.9430976850645884,0.0017961286939680576,0.0016757312376764798,0.00012039745629157782,98934.421875,-3.363999195971988
0.39633843302726746,0.9436629357792082,0.004257421474903822,0.0016429508303236532,0.0026144706445801686,100135.9921875,-1.7253314748824167
0.39651280641555786,0.9440781105132331,0.00676697539165616,0.0016190734303548387,0.005147901961301321,101425.640625,0.033454710245515155
0.3969570994377136,0.9451359510421753,0.0029216320253908634,0.0015590008967959878,0.0013626311285948756,99216.0234375,-2.9799589231085246
0.3971768021583557,0.9456590527579898,0.005433100741356611,0.001529702030123258,0.0039033987112333532,101476.328125,0.10258089391421134
0.3973058760166168,0.9459663714681353,0.007940739393234253,0.0015126149127537372,0.006428124480480516,101413.171875,0.016450180477445012
0.3975757658481598,0.9466089663051424,0.001585842575877905,0.0014771873751132023,0.00010865520076470264,98296.0546875,-4.234586371334633
0.3977954685688019,0.9471320680209568,0.004097311291843653,0.0014486488933343781,0.0026486623985092746,100629.046875,-1.0529173908017933
0.3979698717594147,0.9475473137128921,0.006606865208595991,0.0014261872963605834,0.005180677912235408,101426.5078125,0.03463735611284335
0.39841416478157043,0.9486051542418344,0.0027615216095000505,0.0013697378716774238,0.0013917837378226267,100533.53125,-1.1831789076842654
0.3986338675022125,0.9491282559576489,0.005272990092635155,0.001342233730421748,0.0039307563622134065,101075.96875,-0.4434179359695748
0.39876291155815125,0.9494355037098839,0.007780629210174084,0.0013262056384848186,0.006454423571689265,101414.046875,0.017643480812046426
0.3990505337715149,0.9501203185036069,0.0013755564577877522,0.0012908188096914552,8.473764809629699e-05,99683.984375,-2.341766987909506
0.3992525339126587,0.950601271220616,0.003937200643122196,0.001266245223424072,0.0026709554196981244,100823.2421875,-0.788079297791192
0.3994269073009491,0.9510164459546407,0.006446754559874535,0.0012452177758752088,0.005201536783999326,101427.390625,0.03584131091471798
0.39988890290260315,0.9521164354823884,0.002551235491409898,0.0011903375847865363,0.0013608979066233615,99973.703125,-1.9466567235491592
0.40009090304374695,0.9525973881993975,0.005112879443913698,0.0011667218201077611,0.003946157623805937,101112.9453125,-0.3929903423653918
0.4002220630645752,0.9529096739632743,0.00767803518101573,0.0011515118083269813,0.006526523372688749,101361.21875,-0.05440202688951392
0.4005252718925476,0.953631599744161,0.0011652703396975994,0.0011167237815199321,4.854655817766729e-05,99124.15625,-3.1052448037744
0.4007272720336914,0.9541125524611701,0.0037269145250320435,0.001093837545015947,0.0026330769800160967,100263.4140625,-1.5515571136560857
0.40088605880737305,0.9544906162080311,0.006344160530716181,0.0010760101591893584,0.005268150371526822,101449.2265625,0.06562054694338719
0.40136364102363586,0.9556277167229426,0.002340949373319745,0.0010232558511724774,0.0013176935221472677,99413.8828125,-2.7101238849467797
0.4015600085258484,0.9560952583948772,0.0049758655950427055,0.0010019419945193294,0.0039739236005233766,101467.875,0.09105276032457982
0.40168124437332153,0.9563839151745751,0.007575441617518663,0.0009888928286621904,0.0065865487888564726,101372.515625,-0.038995667212427816
0.4020000100135803,0.9571428809847151,0.0009549841633997858,0.0009549831354538859,1.027945899841759e-09,101173.21875,-0.31079112735244624
0.40219637751579285,0.9576104226566496,0.003589900676161051,0.0009343830305232081,0.0026555176456378427,100832.359375,-0.7756455344833362
0.4023551642894745,0.9579884864035108,0.006207146681845188,0.0009178866878768364,0.005289259993968351,101406.6171875,0.007511082435207638
0.4028327465057373,0.9591255869184222,0.0022039355244487524,0.0008691410992682684,0.001334794425180484,101160.8359375,-0.3276784579805109
0.40302911400794983,0.9595931285903567,0.004838851746171713,0.0008494778019167502,0.0039893739442549625,101126.765625,-0.3741425897590534
0.403150349855423,0.9598817853700548,0.007438427768647671,0.0008374483370290564,0.006600979431618614,101256.34375,-0.19742759556531192
0.40347474813461304,0.9606541622252692,0.0008562348084524274,0.0008056755928422132,5.055921561021419e-05,100623.3359375,-1.0607058063785222
0.4036654829978943,0.9611082928521293,0.003452886827290058,0.0007872767801839585,0.0026656100471060995,101148.4375,-0.344587097543122
0.4038242697715759,0.9614863565989903,0.0060701328329741955,0.0007721194484972407,0.0052980133844769545,101437.1953125,0.049212667342617755
0.40430748462677,0.9626368681589763,0.0021051859948784113,0.0007268866164265966,0.0013782993784518147,100610.9453125,-1.07760379147386
0.40449821949005127,0.9630909987858364,0.00470183789730072,0.0007094028829294077,0.003992435014371312,101436.375,0.04809394827892893
0.4046391546726227,0.9634265587443398,0.007334530353546143,0.0006966189369408083,0.006637911416605334,101353.9140625,-0.06436395378998108
0.40494951605796814,0.9641655144237337,0.0007574853952974081,0.0006688711859325184,8.861420936488967e-05,100073.4375,-1.8106417943391444
0.4051402509212494,0.9646196450505938,0.003354137297719717,0.0006520948290707361,0.0027020424686489807,100598.5390625,-1.0945230855037444
0.405313104391098,0.9650312009311858,0.005966235417872667,0.0006370730312409395,0.005329162386631728,101443.9296875,0.05839681813213935
0.4057822525501251,0.9661482203574409,0.002006436698138714,0.0005971737606132822,0.0014092629375254315,100061.0546875,-1.8275291249672092
0.40597066283226013,0.9665968162672861,0.004615504760295153,0.0005815091729392538,0.004033995587355899,101390.7421875,-0.014138795063989438
0.4061279594898224,0.9669713321186247,0.007230632472783327,0.0005685891059581872,0.00666204336682514,101451.46875,0.06867837905080332
0.40642425417900085,0.9676767956642878,0.0006587359821423888,0.0005446420281725548,0.00011409395396983402,99523.5390625,-2.560577782299767
0.40661266446113586,0.968125391574133,0.0032678041607141495,0.0005296795761879024,0.002738124584526247,101056.5078125,-0.469958213947183
0.4067855179309845,0.9685369474547251,0.0058799022808671,0.0005161340256065638,0.005363768255260536,101376.21875,-0.03394544972491826
0.407254695892334,0.9696540378388905,0.0019201035611331463,0.00048024330217292854,0.0014398602589602177,101393.578125,-0.010271223443808071
0.407443106174469,0.9701026337487357,0.004529171623289585,0.00046619111435984757,0.004062980508929738,101385.5625,-0.021202706866138878
0.40760040283203125,0.9704771496000745,0.007144298870116472,0.0004546178816200386,0.006689680988496434,101237.71875,-0.22282784554468488
0.40789902210235596,0.9711881478627523,0.0005599865689873695,0.00043304356522962085,0.0001269430037577487,100825.96875,-0.7843608887128358
0.4080851078033447,0.9716312090555828,0.003181471023708582,0.0004198625175649195,0.0027616085061436626,101274.171875,-0.17311410124780813
0.40825796127319336,0.9720427649361747,0.005793568678200245,0.00040779981634158675,0.005385768861858658,101313.46875,-0.11952213086347678
0.4087294340133667,0.9731653190794446,0.001821354147978127,0.000375784950903915,0.001445569197074212,100706.5625,-0.9472037665168359
0.40891551971435547,0.9736083802722749,0.0044428384862840176,0.0003635066097143304,0.004079331876569687,101389.2109375,-0.016227070649541913
0.40908727049827576,0.9740173107101804,0.00707462802529335,0.0003523538624927084,0.006722274162800642,101341.4453125,-0.08136848355805122
0.40937376022338867,0.9746994291033064,0.0004612371849361807,0.00033413462379000385,0.00012710256114617687,100138.9609375,-1.7212827773185904
0.40955987572669983,0.9751425612540473,0.0030827217269688845,0.0003225561779148462,0.002760165549054038,100587.1640625,-1.1100359898535628
0.40974485874176025,0.9755829970041912,0.005723897367715836,0.0003112492699505151,0.00541264809776532,101417.1875,0.021926576655883646
0.4102042019367218,0.9766766712779091,0.0017226047348231077,0.0002840398814292907,0.001438564853393817,100019.5546875,-1.8841256551225904
0.41039690375328064,0.9771354851268587,0.004352007992565632,0.00027299363857452666,0.004079014353991105,101388.09375,-0.01775065946961336
0.41057419776916504,0.9775576137361073,0.007004956249147654,0.00026302313230088355,0.00674193311684677,101445.171875,0.06009087842858243
0.4108484983444214,0.9782107103438605,0.00036248777178116143,0.0002479609611298316,0.0001145268106513298,99451.9453125,-2.6582153203916183
0.4110412299633026,0.9786695951507205,0.002991891000419855,0.00023764224316945293,0.002754248757250402,101045.828125,-0.4845228707096842
0.41122621297836304,0.9791100309008645,0.00563306687399745,0.00022794371275182385,0.005405123161245626,101372.3046875,-0.03928333782880494
0.4116855561733246,0.9802037051745823,0.0016317741246894002,0.00020473092235522548,0.0014270432023341748,101363.6171875,-0.05113110543663326
0.4118782579898834,0.980662519023532,0.004261177498847246,0.00019536244231390008,0.004065815056533346,101383.828125,-0.023567998600795254
0.4120555520057678,0.9810846476327806,0.006914125755429268,0.00018693612065655545,0.006727189634772712,101234.546875,-0.22715355925761502
0.4123232662677765,0.981722062542325,0.00026373835862614214,0.00017456316525279265,8.917519337334949e-05,100872.7734375,-0.7205299752789335
0.4125225841999054,0.9821966290473938,0.0029010602738708258,0.00016562549382292298,0.0027354347800479027,101266.5390625,-0.1835235157737508
0.4127075672149658,0.9826370647975377,0.005542236380279064,0.000157540103804832,0.005384696276474232,101295.96875,-0.14338813755550506
0.4131602942943573,0.9837149864151364,0.001533024711534381,0.00013860309229878166,0.0013944216192355993,100775.703125,-0.8529117311487777
0.4133595824241638,0.9841894819622948,0.004170346539467573,0.0001306503664017299,0.0040396961730658435,101357.375,-0.05964402478794156
0.4135535657405853,0.9846513470013937,0.0068555246107280254,0.00012313443802638993,0.0067323901727016355,101333.8046875,-0.09178855255126714
0.4137980043888092,0.9852333437828791,0.0001649889600230381,0.00011397992619993584,5.100903382310225e-05,100284.8515625,-1.5223212554583512
0.4139973223209381,0.9857079102879479,0.0028023109771311283,0.00010677638570970064,0.0026955345914214278,100678.625,-0.9853041414858953
0.4142056107521057,0.9862038351240613,0.005483635235577822,9.949938713990282e-05,0.005384135848437919,101395.21875,-0.00803378531643042
0.41463503241539,0.9872262676556905,0.0014342752983793616,8.530570884932845e-05,0.001348969589530033,100187.78125,-1.6547030113281955
0.41484829783439636,0.9877340424628486,0.004132765810936689,7.86617409704863e-05,0.004054104069966203,101327.09375,-0.10094073993896906
0.4150516092777252,0.9882181173279172,0.006796923466026783,7.257827824750743e-05,0.006724345187779275,101433.0625,0.04357645415508072
0.41527271270751953,0.9887445540655228,6.62395468680188e-05,6.6239953025062e-05,-4.0615704319213984e-10,102254.59375,1.1639576147385295
0.41548600792884827,0.9892523998305911,0.002764729782938957,6.03995319271631e-05,0.0027043302510117943,101222.8359375,-0.24312460570018213
0.41569432616233826,0.9897483956246149,0.005446054041385651,5.495524242561059e-05,0.00539109879896004,101337.2109375,-0.08714320482014021
0.41612371802330017,0.9907707571983337,0.0013966942206025124,4.454367586641278e-05,0.0013521505447360996,101890.453125,0.6673528951334232
0.4163370132446289,0.9912786029634022,0.004095184616744518,3.977764356326211e-05,0.004055406973181256,101346.09375,-0.07502907553048122
0.41654032468795776,0.9917626778284709,0.006759342737495899,3.5485487005156285e-05,0.0067238572504907425,101226.3515625,-0.23833009542723002
0.41674748063087463,0.9922559062639873,5.8879599237116054e-05,3.136397728772674e-05,2.7515621949389312e-05,101659.96875,0.35302480163868305
0.4169747233390808,0.9927969603311448,0.0027271488215774298,2.713520436435751e-05,0.002700013617213072,101526.3046875,0.17073752106104387
0.4171830117702484,0.9932928851672581,0.005408473312854767,2.3527881499746424e-05,0.005384945431355021,101286.078125,-0.15687669312341032
0.4175984561443329,0.9942820384388878,0.0013893342111259699,1.710060059623936e-05,0.0013722336105297306,101295.8203125,-0.14359057243369636
0.41782569885253906,0.9948230925060454,0.004057603422552347,1.4017744256948498e-05,0.004043585678295399,101345.796875,-0.07543394528686384
0.41802993416786194,0.995309367066338,0.006723522674292326,1.1508191387739755e-05,0.006712014482904587,101327.6015625,-0.10024819956620931
0.41822221875190735,0.9957671875045413,5.1519647968234494e-05,9.371477722431755e-06,4.214817024580274e-05,101065.3359375,-0.4579186659284366
0.4184494614601135,0.996308241571699,0.0027197888121008873,7.128902781156499e-06,0.0027126599093197307,100931.6640625,-0.640216600973349
0.4186726212501526,0.9968395744051253,0.005372653249651194,5.224593244661434e-06,0.005367428656406532,101387.328125,-0.018794797262389598
0.4190731942653656,0.997793319679442,0.0013819743180647492,2.5471088307659056e-06,0.0013794272092339833,100701.1796875,-0.9545446944680892
0.41930869221687317,0.9983540290877932,0.004036478698253632,1.417150767127611e-06,0.0040350615474865036,101322.1875,-0.10763174538655555
0.4195195436477661,0.998856056304205,0.00668770307675004,6.845151173108203e-07,0.006687018561632729,101428.8515625,0.03783369629481142
0.41969695687294006,0.9992784687450954,4.4159696699352935e-05,2.723235299451745e-07,4.388737316940776e-05,100470.6953125,-1.2688727879628294
0.41993245482444763,0.9998391781534468,0.0026986643206328154,1.3528999065283214e-08,0.0026986507916337502,101371.859375,-0.039890642463378874
0.4201556146144867,1.000370510986873,0.005351528525352478,0.0,0.005351528525352478,101321.46875,-0.10861195637569243
0.4205561876296997,1.00132425626119,0.0013608495937660336,0.0,0.0013608495937660336,101211.4609375,-0.2586375100500005
0.4207916855812073,1.0018849656695412,0.004015353973954916,0.0,0.004015353973954916,101315.9375,-0.11615531920513708
0.4210025370121002,1.002386992885953,0.0066665783524513245,0.0,0.0066665783524513245,101215.8515625,-0.252649699442447
0.4211716949939728,1.0027897499856495,3.679974906845018e-05,0.0,3.679974906845018e-05,101802.328125,0.5471705042914238
0.42141541838645935,1.0033700437772841,0.002677539363503456,0.0,0.002677539363503456,100932.9140625,-0.6385118862096327
0.4216386079788208,1.003901447568621,0.0053304038010537624,0.0,0.0053304038010537624,101266.5703125,-0.1834808979046579
0.4220309257507324,1.004835537501744,0.0013534895842894912,0.0,0.0013534895842894912,101361.1171875,-0.05454053496406587
0.422274649143219,1.0054158312933785,0.0039942292496562,0.0,0.0039942292496562,101317.3046875,-0.11429078743232238
0.42250412702560425,1.0059622072038197,0.006636200938373804,0.0,0.006636200938373804,101320.6953125,-0.1096667486357419
0.4226464629173279,1.006301102184114,2.9439797799568623e-05,0.0,2.9439797799568623e-05,101115.5234375,-0.38947436816522696
0.42289018630981445,1.0068813959757488,0.0026701795868575573,0.0,0.0026701795868575573,101802.0703125,0.5468189068714072
0.42314016819000244,1.0074765909285772,0.005300026386976242,0.0,0.005300026386976242,101371.4296875,-0.04047663816340635
0.4235056936740875,1.0083468897002084,0.0013461296912282705,0.0,0.0013461296912282705,101634.3828125,0.3181314213188649
0.4237690269947052,1.0089738737969172,0.003973842598497868,0.0,0.003973842598497868,101316.734375,-0.11506856354326793
0.4240056872367859,1.009537350563776,0.006605823524296284,0.0,0.006605823524296284,101425.5390625,0.03331620217096321
0.4241212010383606,1.0098123834246682,2.2079848349676467e-05,0.0,2.2079848349676467e-05,102475.640625,1.4654151117672116
0.42438453435897827,1.010439367521377,0.0026497929356992245,0.0,0.0026497929356992245,101368.1328125,-0.04497282335270811
0.42463454604148865,1.0110346334321159,0.005279639735817909,0.0,0.005279639735817909,101318.46875,-0.11270327180861156
0.42500007152557373,1.011904932203747,0.0013257430400699377,0.0,0.0013257430400699377,102040.6640625,0.872206337395757
0.4252634048461914,1.0125319163004558,0.003953455947339535,0.0,0.003953455947339535,101314.8984375,-0.11757236335247626
0.4255000650882721,1.0130953930673146,0.006585436873137951,0.0,0.006585436873137951,101320.2109375,-0.11032732560668196
0.4255959689617157,1.0133237356231326,1.4719898899784312e-05,0.0,1.4719898899784312e-05,101797.5390625,0.5406393158529357
0.4258789122104645,1.0139974100249154,0.0026294062845408916,0.0,0.0026294062845408916,101605.6796875,0.27898690855702923
0.42612892389297485,1.0145926759356545,0.005259253084659576,0.0,0.005259253084659576,101316.6328125,-0.11520707161781989
0.42647480964660645,1.015416213444301,0.0013183830305933952,0.0,0.0013183830305933952,101362.5546875,-0.05258011298579212
0.4267577528953552,1.016089887846084,0.003933069296181202,0.0,0.003933069296181202,101313.0546875,-0.12008681762895781
0.42702093720436096,1.0167165171532404,0.0065536764450371265,0.0,0.0065536764450371265,101321.0546875,-0.10917664314117345
0.4270707070827484,1.0168350168636868,7.359949449892156e-06,0.0,7.359949449892156e-06,101119.421875,-0.3841577889958867
0.4273536801338196,1.01750876222338,0.002622046275064349,0.0,0.002622046275064349,100927.578125,-0.6457888873572467
0.4276497960090637,1.0182138000215804,0.005227492656558752,0.0,0.005227492656558752,101372.0859375,-0.039581662912455295
0.42794957756996155,1.0189275656427657,0.0013110231375321746,0.0,0.0013110231375321746,100684.453125,-0.9773559089000681
0.4282635748386383,1.0196751781872342,0.003912915010005236,0.0,0.003912915010005236,101313.875,-0.11896809856526898
0.42854180932044983,1.0203376412391663,0.006521916016936302,0.0,0.006521916016936302,101425.3046875,0.0329965681527664
0.42854544520378113,1.0203462981042408,0.0,0.0,0.0,100441.3125,-1.3089442393774358
0.4288594722747803,1.0210939816066198,0.002601891988888383,0.0,0.002601891988888383,101382.890625,-0.02484653467358248
0.4291555881500244,1.02179901940482,0.005207338370382786,0.0,0.005207338370382786,101316.6328125,-0.11520707161781989
0.42945536971092224,1.0225127850260054,0.0012908689677715302,0.0,0.0012908689677715302,101232.890625,-0.2294123063195391
0.429769366979599,1.023260397570474,0.003892760956659913,0.0,0.003892760956659913,101315.59375,-0.11662411576515906
0.43002021312713623,1.0238576503027053,0.0,0.0,0.0,101853.546875,0.6170211917346994
0.4300476014614105,1.023922860622406,0.006501761730760336,0.0,0.006501761730760336,101218.2109375,-0.24943205032593246
0.43036526441574097,1.0246792009898595,0.0025817379355430603,0.0,0.0025817379355430603,100960.078125,-0.6014663035006227
0.4306613802909851,1.0253842387880598,0.0051871840842068195,0.0,0.0051871840842068195,101271.8984375,-0.17621455122431717
0.43093010783195496,1.0260240662665594,0.0012908689677715302,0.0,0.0012908689677715302,101398.96875,-0.002919641025281505
0.4312751293182373,1.0268455459958032,0.003872606670483947,0.0,0.003872606670483947,101325.6015625,-0.1029757431881554
0.43149495124816895,1.0273689315432595,0.0,0.0,0.0,101167.515625,-0.3185688884619019
0.4315987825393677,1.0276161489032565,0.006467598490417004,0.0,0.006467598490417004,101322.3515625,-0.10740800157381779
0.4318400025367737,1.0281904822304135,0.0025817379355430603,0.0,0.0025817379355430603,100944.3828125,-0.6228711282525355
0.43221256136894226,1.02907752706891,0.005153020843863487,0.0,0.005153020843863487,101376.046875,-0.03417984800492925
0.43240484595298767,1.0295353475071136,0.0012908689677715302,0.0,0.0012908689677715302,100712.9296875,-0.9385203756891559
0.43280234932899475,1.0304817841166543,0.003839199198409915,0.0,0.003839199198409915,101321.296875,-0.10884635465570343
0.43296968936920166,1.0308802127838135,0.0,0.0,0.0,100481.4765625,-1.2541696231257764
0.4331499934196472,1.0313095081420172,0.006433434784412384,0.0,0.006433434784412384,101426.4921875,0.03461604717829689
0.43336719274520874,1.0318266493933541,0.002548330230638385,0.0,0.002548330230638385,101385.6796875,-0.021042889857040475
0.4337397515773773,1.0327136942318509,0.005119613371789455,0.0,0.005119613371789455,101319.46875,-0.11133949999763852
0.43393203616142273,1.0331715146700542,0.0012574613792821765,0.0,0.0012574613792821765,101238.28125,-0.22206072390101256
0.4343295395374298,1.0341179512795948,0.003805791726335883,0.0,0.003805791726335883,101322.234375,-0.1075678185829162
0.4344444274902344,1.0343914940243677,0.0,0.0,0.0,101864.6171875,0.6321185718608618
0.4346771836280823,1.0349456753049577,0.006400027312338352,0.0,0.006400027312338352,101223.2578125,-0.2425492644674279
0.4348943829536438,1.035462816556295,0.002514922758564353,0.0,0.002514922758564353,100966.6875,-0.5924526241874728
0.43526697158813477,1.036349932352702,0.005086205434054136,0.0,0.005086205434054136,101277.6953125,-0.1683089365075828
0.43540677428245544,1.0366827959106082,0.0012574613792821765,0.0,0.0012574613792821765,101404.3515625,0.004421286925971835
0.43585672974586487,1.0377541184425354,0.0037723840214312077,0.0,0.0037723840214312077,101331.328125,-0.09516601867688007
0.4359191954135895,1.0379028462228321,0.0,0.0,0.0,101177.5546875,-0.3048778980158053
0.43632009625434875,1.0388573720341638,0.006366755347698927,0.0,0.006366755347698927,101323.6796875,-0.10559674213736922
0.4363691508769989,1.0389741687547593,0.002514922758564353,0.0,0.002514922758564353,101768.765625,0.501398912885641
0.43688154220581055,1.0401941481090728,0.0012574613792821765,0.0,0.0012574613792821765,101591.0703125,0.2590630547560949
0.43690985441207886,1.0402615581239973,0.005052933935075998,0.0,0.005052933935075998,101319.6015625,-0.11115837405399366
0.43734103441238403,1.041288177172343,0.0036981103476136923,0.0,0.0036981103476136923,101340.3046875,-0.08292403577994235
0.4373939335346222,1.0414141274633861,0.0,0.0,0.0,102507.3515625,1.5086615944292396
0.43785345554351807,1.042508227484567,0.0024406490847468376,0.0,0.0024406490847468376,101342.96875,-0.07929086243977199
0.43796297907829285,1.0427689978054593,0.006333483383059502,0.0,0.006333483383059502,101307.8671875,-0.12716138389838047
0.4383658468723297,1.0437282068388802,0.0011831877054646611,0.0,0.0011831877054646611,102038.28125,0.8689567248774228
0.438394159078598,1.043795616853805,0.004978660028427839,0.0,0.004978660028427839,101328.5703125,-0.09892704562432918
0.4388253688812256,1.044822306860061,0.003623836673796177,0.0,0.003623836673796177,101349.2578125,-0.07071401628482432
0.4388687014579773,1.0449254796618508,0.0,0.0,0.0,101853.03125,0.6163179968946664
0.43933776021003723,1.0460422862143743,0.0023663754109293222,0.0,0.0023663754109293222,101569.1953125,0.22923054639105958
0.439447283744812,1.0463030565352667,0.00625920994207263,0.0,0.00625920994207263,101316.8359375,-0.11493005546871599
0.4398405849933624,1.0472394880794345,0.0011831877054646611,0.0,0.0011831877054646611,101383.953125,-0.023397527124423622
0.4398784935474396,1.0473297465415228,0.0049043865874409676,0.0,0.0049043865874409676,101337.5390625,-0.08669571719466468
0.44030967354774475,1.0483563655898684,0.0035495629999786615,0.0,0.0035495629999786615,101358.2265625,-0.05848268785515983
0.44034343957901,1.0484367609024048,0.0,0.0,0.0,101198.7109375,-0.27602560063990683
0.44070005416870117,1.0492858432588124,0.007386972662061453,0.0,0.007386972662061453,101281.7109375,-0.16283254032914415
0.44081252813339233,1.049553638412839,0.0023663754109293222,0.0,0.0023663754109293222,100914.8828125,-0.6631023966762404
0.44113126397132874,1.0503125332650685,0.0060321493074297905,0.0,0.0060321493074297905,101368.859375,-0.04398195789629801
0.44131535291671753,1.050750840277899,0.0011831877054646611,0.0,0.0011831877054646611,100729.6328125,-0.9157411246589968
0.4415624439716339,1.0513391523134141,0.004677325952798128,0.0,0.004677325952798128,101456.0078125,0.07486862453654815
0.4416024088859558,1.0514343068713234,0.0033257317263633013,0.0,0.0033257317263633013,101376.21875,-0.03394544972491826
0.4418181777000427,1.051948042142959,0.0,0.0,0.0,100544.3828125,-1.1683798526417533
0.442105233669281,1.0526315087363833,0.002142544137313962,0.0,0.002142544137313962,101154.8984375,-0.3357758531081633
0.4423840045928955,1.0532952490307037,0.0071599120274186134,0.0,0.0071599120274186134,101421.7109375,0.028095513207082024
0.4426080882549286,1.0538287815593539,0.000959356315433979,0.0,0.000959356315433979,100838.328125,-0.7675055214865909
0.44281521439552307,1.0543219390369598,0.005805088672786951,0.0,0.005805088672786951,101508.8671875,0.1469567501072014
0.4428551495075226,1.0544170226369585,0.004453494679182768,0.0,0.004453494679182768,101398.6328125,-0.003377783118030262
0.44289514422416687,1.0545122481527782,0.003101900452747941,0.0,0.003101900452747941,101326.71875,-0.10145215436808394
0.4432929456233978,1.0554593943414234,0.0,0.0,0.0,101563.2890625,0.22117576913250003
0.44339796900749207,1.0557094500178383,0.001918712630867958,0.0,0.001918712630867958,100737.796875,-0.9046072063584747
0.44406795501708984,1.0573046548025948,0.006932851392775774,0.0,0.006932851392775774,101087.484375,-0.4277132512088383
0.4440828263759613,1.0573400627999079,0.000959356315433979,0.0,0.000959356315433979,101355.40625,-0.06232895054079474
0.44410791993141174,1.0573998093605042,0.005581257399171591,0.0,0.005581257399171591,101257.015625,-0.19651131137981442
0.44414788484573364,1.0574949639184135,0.004229663405567408,0.0,0.004229663405567408,101301.078125,-0.13642011595881465
0.44418784976005554,1.0575901184763228,0.002878068946301937,0.0,0.002878068946301937,101345.15625,-0.07630761160326845
0.44476768374443054,1.0589706755819774,0.0,0.0,0.0,101228.0546875,-0.23600742156166657
0.4448727071285248,1.0592207312583923,0.001918712630867958,0.0,0.001918712630867958,102219.6640625,1.116321491559932
0.44554561376571655,1.0608228899183727,0.005924544762820005,0.0,0.005924544762820005,101150.9609375,-0.34114570461386967
0.445557564496994,1.0608513440404619,0.000959356315433979,0.0,0.000959356315433979,102331.1015625,1.2682968127452405
0.44558560848236084,1.0609181154341925,0.004572950303554535,0.0,0.004572950303554535,101227.984375,-0.2361033117671256
0.44562557339668274,1.0610132699921018,0.0032213563099503517,0.0,0.0032213563099503517,101272.0546875,-0.17600146187885263
0.44624242186546326,1.0624819568225317,0.0,0.0,0.0,102900.765625,2.045188602907127
0.4463104009628296,1.0626438118162609,0.0022619999945163727,0.0,0.0022619999945163727,101756.953125,0.4852893583685219
0.44699525833129883,1.0642744245983307,0.0013026435626670718,0.0,0.0013026435626670718,102328.15625,1.264280078583234
0.44702330231666565,1.064341195992061,0.0049162376672029495,0.0,0.0049162376672029495,101214.4296875,-0.2545888124861743
0.4470377564430237,1.064375610578628,0.006291151978075504,0.0,0.006291151978075504,101223.4140625,-0.24233617512196334
0.44706326723098755,1.0644363505499703,0.0035646434407681227,0.0,0.0035646434407681227,101198.953125,-0.2756953121544368
0.44771715998649597,1.0659932380630857,0.0,0.0,0.0,102009.21875,0.8293221066210187
0.4477481245994568,1.06606696333204,0.0026052871253341436,0.0,0.0026052871253341436,101755.5390625,0.4833608997920678
0.44846999645233154,1.0677857058388847,0.0013026435626670718,0.0,0.0013026435626670718,101436.6015625,0.04840292782985251
0.44850096106529236,1.067859431107839,0.003907930571585894,0.0,0.003907930571585894,101277.890625,-0.16804257482575213
0.4485154449939728,1.0678939166523163,0.005282844882458448,0.0,0.005282844882458448,101286.890625,-0.15576862852699472
0.4485299289226532,1.0679284021967934,0.006657759193331003,0.0,0.006657759193331003,101295.859375,-0.14353730009733023
0.4491919279098511,1.0695045902615503,0.0,0.0,0.0,101117.6640625,-0.38655504413236275
0.4492228627204895,1.069578244572594,0.0026052871253341436,0.0,0.0026052871253341436,100863.9921875,-0.7325055964940405
0.44994476437568665,1.071297058037349,0.0013026435626670718,0.0,0.0013026435626670718,100545.0546875,-1.1674635684562558
0.44996896386146545,1.071354675860632,0.0035619197878986597,0.0,0.0035619197878986597,101429.8671875,0.039218777040330915
0.4499991536140442,1.0714265562239147,0.004902421496808529,0.0,0.004902421496808529,101389.1640625,-0.016290997453181275
0.4500136077404022,1.0714609708104814,0.006277335807681084,0.0,0.006277335807681084,101403.546875,0.003323876796829463
0.4506666660308838,1.0730158715021043,0.0,0.0,0.0,100226.1171875,-1.602421540418471
0.4506908655166626,1.0730734893253873,0.0022592763416469097,0.0,0.0022592763416469097,101079.4609375,-0.43865538909844237
0.45141276717185974,1.0747923027901423,0.0009566327789798379,0.0,0.0009566327789798379,100675.078125,-0.9901412696279404
0.45143693685531616,1.0748498496555148,0.0032159090042114258,0.0,0.0032159090042114258,101375.5390625,-0.034872388377689
0.4514671266078949,1.0749217300187974,0.004556410945951939,0.0,0.004556410945951939,101420.7734375,0.026816977134294796
0.45149731636047363,1.07499361038208,0.005896912422031164,0.0,0.005896912422031164,101483.109375,0.1118289715073723
0.45151180028915405,1.0750280959265572,0.007271827198565006,0.0,0.007271827198565006,101497.5,0.13145450022465627
0.4521414339542389,1.0765272237005687,0.0,0.0,0.0,101631.328125,0.3139655246150332
0.4521588385105133,1.0765686631202698,0.0019132655579596758,0.0,0.0019132655579596758,100643.640625,-1.0330148459354054
0.45288750529289246,1.0783035840306963,0.0009566327789798379,0.0,0.0009566327789798379,101368.3515625,-0.044674498269057755
0.45290490984916687,1.0783450234503973,0.002869898220524192,0.0,0.002869898220524192,101328.5390625,-0.09896966349342208
0.452935129404068,1.0784169747715906,0.004210399929434061,0.0,0.004210399929434061,101285.8828125,-0.157143054805241
0.45296531915664673,1.0784888551348732,0.005550901871174574,0.0,0.005550901871174574,101243.2265625,-0.2153164461170599
0.4529954791069031,1.0785606645402455,0.0068914033472537994,0.0,0.0068914033472537994,101081.640625,-0.43568279272921207
0.4536161720752716,1.080038504941123,0.0,0.0,0.0,101261.640625,-0.1902038667540641
0.4536336064338684,1.0800800153187344,0.0019132655579596758,0.0,0.0019132655579596758,102155.1171875,1.0282942829485313
0.45436227321624756,1.081814936229161,0.0009566327789798379,0.0,0.0009566327789798379,102268.265625,1.1826029324666765
0.45439252257347107,1.0818869585082644,0.0031961179338395596,0.0,0.0031961179338395596,101268.7109375,-0.18056157387179375
0.4544227123260498,1.081958838871547,0.004536619875580072,0.0,0.004536619875580072,101226.046875,-0.2387456196508859
0.45445290207862854,1.08203071923483,0.005877121351659298,0.0,0.005877121351659298,101183.375,-0.2969403198972512
0.45450320839881897,1.0821504961876642,0.007214863784611225,0.0,0.007214863784611225,101155.7109375,-0.3346677885117477
0.4550909101963043,1.083549786181677,0.0,0.0,0.0,102920.5859375,2.0722189863793035
0.4551211893558502,1.0836218794186911,0.0022394850384444,0.0,0.0022394850384444,101719.890625,0.4347445656243334
0.45584985613822937,1.0853568003291176,0.0012828523758798838,0.0,0.0012828523758798838,102335.1015625,1.2737518999891326
0.4558801054954529,1.0854288226082212,0.0035223374143242836,0.0,0.0035223374143242836,101208.8671875,-0.2621747931847119
0.4559102952480316,1.0855007029715038,0.0048628393560647964,0.0,0.0048628393560647964,101222.5390625,-0.24352947545656475
0.45596060156822205,1.0856204799243383,0.006200581789016724,0.0,0.006200581789016724,101226.15625,-0.23859645710906072
0.4565656781196594,1.0870611383801416,0.0,0.0,0.0,102019.1796875,0.8429065523943831
0.45660877227783203,1.0871637435186476,0.0025657047517597675,0.0,0.0025657047517597675,101749.609375,0.4752741591316886
0.4573245942592621,1.0888680815696716,0.0012828523758798838,0.0,0.0012828523758798838,101433.6875,0.044428811536938874
0.4573676884174347,1.0889706867081779,0.0038485571276396513,0.0,0.0038485571276396513,101292.984375,-0.14745814405387775
0.4574179947376251,1.0890904636610121,0.005186299327760935,0.0,0.005186299327760935,101296.59375,-0.1425357801736469
0.45746833086013794,1.089210311571757,0.006524041760712862,0.0,0.006524041760712862,101300.21875,-0.13759210735886962
0.45804041624069214,1.0905724196206956,0.0,0.0,0.0,101117.765625,-0.38641653605781084
0.45808351039886475,1.0906750247592019,0.0025657047517597675,0.0,0.0025657047517597675,100848.1875,-0.7540595837877785
0.4587993323802948,1.0923793628102259,0.0012828523758798838,0.0,0.0012828523758798838,100532.265625,-1.1849049313825282
0.45888039469718933,1.0925723683266413,0.004777251277118921,0.0,0.004777251277118921,101405.0859375,0.0054228068496551644
0.45893070101737976,1.0926921452794756,0.0061149937100708485,0.0,0.0061149937100708485,101412.65625,0.015746985637412038
0.4589810371398926,1.0928119931902205,0.007452736143022776,0.0,0.007452736143022776,101420.2265625,0.02607116442516891
0.4595116674900055,1.0940753987857275,0.0021926555782556534,0.0,0.0021926555782556534,101014.5703125,-0.527151394269865
0.45951515436172485,1.0940837008612496,0.0,0.0,0.0,100216.34375,-1.615750278977278
0.4602240324020386,1.0957715057191395,0.0031024590134620667,0.0,0.0031024590134620667,101369.6640625,-0.04288454776715563
0.46022748947143555,1.0957797368367515,0.0009098033187910914,0.0,0.0009098033187910914,100565.0625,-1.1401774777695217
0.46030858159065247,1.0959728133110773,0.0044042025692760944,0.0,0.0044042025692760944,101423.6328125,0.030716512156295842
0.46039313077926636,1.0961741209030151,0.005705945659428835,0.0,0.005705945659428835,101493.6484375,0.12620184785895538
0.4604434370994568,1.0962938978558496,0.007043688092380762,0.0,0.007043688092380762,101501.2265625,0.13653668111398548
0.46093985438346863,1.0974758437701635,0.0018196066375821829,0.0,0.0018196066375821829,100559.140625,-1.1482535639626277
0.46098989248275757,1.0975949821018038,0.0,0.0,0.0,101629.828125,0.3119198668985736
0.4616521894931793,1.099171879745665,0.0027294098399579525,0.0,0.0027294098399579525,101295.0234375,-0.14467732809556552
0.46170222759246826,1.0992910180773054,0.0009098033187910914,0.0,0.0009098033187910914,101384.5078125,-0.02264105994802451
0.4617367386817932,1.099373187337603,0.00403115339577198,0.0,0.00403115339577198,101349.0078125,-0.07105495923756758
0.4618212878704071,1.0995744949295407,0.005332896951586008,0.0,0.005332896951586008,101402.96875,0.002535446218610672
0.461905837059021,1.0997758025214786,0.0066346400417387486,0.0,0.0066346400417387486,101582.2109375,0.24698088886825562
0.46241459250450134,1.1009871250107175,0.0018196066375821829,0.0,0.0018196066375821829,102074.7890625,0.9187450504452122
0.46246466040611267,1.1011063343002683,0.0,0.0,0.0,101369.890625,-0.042575568216232054
0.4629207253456116,1.1021922032038372,0.002933155745267868,0.0,0.002933155745267868,101328.7421875,-0.09869264734431818
0.4630052447319031,1.1023934398378645,0.004234899301081896,0.0,0.004234899301081896,101252.5234375,-0.2026376300619199
0.46308982372283936,1.1025948183877128,0.005536642391234636,0.0,0.005536642391234636,101111.3203125,-0.395206471558223
0.46317699551582336,1.1028023702757699,0.0009098033187910914,0.0,0.0009098033187910914,102129.8828125,0.9938803536560084
0.4635556936264038,1.1037040324438185,0.006810497958213091,0.0,0.006810497958213091,101214.9765625,-0.2538429997770484
0.4636831283569336,1.1040074484688895,0.0020233523100614548,0.0,0.0020233523100614548,101672.9375,0.3707112173122397
0.4639393985271454,1.1046176155408225,0.0,0.0,0.0,102511.3203125,1.5140740638040389
0.46418923139572144,1.1052124557040988,0.00313690141774714,0.0,0.00313690141774714,101285.703125,-0.15738810755252522
0.4642738103866577,1.105413834253947,0.004438644740730524,0.0,0.004438644740730524,101151.46875,-0.34045316424110994
0.4644455313682556,1.105822693733942,0.0011135491076856852,0.0,0.0011135491076856852,102109.3359375,0.9658591047274215
0.46473968029022217,1.1065230483100528,0.005712500307708979,0.0,0.005712500307708979,101255.1171875,-0.19910034692720857
0.46495166420936584,1.1070277719270616,0.0022270982153713703,0.0,0.0022270982153713703,101707.34375,0.417633491183531
0.4652055501937866,1.1076322623661587,0.006986355874687433,0.0,0.006986355874687433,101358.765625,-0.057747529613307175
0.4654141664505005,1.108128967739287,0.0,0.0,0.0,101852.8984375,0.6161368709510215
0.4654577672481537,1.1082327791622708,0.003340647090226412,0.0,0.003340647090226412,101254.2734375,-0.20025102939271705
0.46592026948928833,1.1093339749744962,0.0011135491076856852,0.0,0.0011135491076856852,101450.90625,0.06791125740713098
0.4663895070552826,1.1104512072744823,0.005888358224183321,0.0,0.005888358224183321,101322.5078125,-0.10719491222835326
0.46642640233039856,1.1105390531676156,0.0022270982153713703,0.0,0.0022270982153713703,101048.921875,-0.4803037016694863
0.46685537695884705,1.1115604213305883,0.007162213791161776,0.0,0.007162213791161776,101175.0,-0.3083619088141505
0.4668889045715332,1.111640248979841,0.0,0.0,0.0,101194.4609375,-0.28182163083654227
0.4669343829154968,1.111748530751183,0.003401316236704588,0.0,0.003401316236704588,101275.8828125,-0.17078077291497143
0.46739503741264343,1.1128453271729606,0.0011135491076856852,0.0,0.0011135491076856852,100792.484375,-0.8300259354458863
0.46786612272262573,1.1139669588633947,0.005949027370661497,0.0,0.005949027370661497,101202.78125,-0.2704746231905556
0.4679030179977417,1.114054804756528,0.0022877671290189028,0.0,0.0022877671290189028,101457.546875,0.07696755458937385
0.4683636426925659,1.1151515302203951,0.0,0.0,0.0,102554.9453125,1.5735686090577379
0.46840059757232666,1.1152395180293493,0.007144967094063759,0.0,0.007144967094063759,101277.015625,-0.16923587516035354
0.46841099858283997,1.1152642823400951,0.0034619851503521204,0.0,0.0034619851503521204,101297.4921875,-0.1413105164372258
0.4688716530799866,1.1163610787618727,0.0011742180213332176,0.0,0.0011742180213332176,102097.4375,0.949632351070297
0.4688768684864044,1.116373496396201,0.004735840484499931,0.0,0.004735840484499931,101331.6171875,-0.09477180338777068
0.46937963366508484,1.1175705563454401,0.0023484360426664352,0.0,0.0023484360426664352,101639.921875,0.3256854386155828
0.46941134333610535,1.1176460555621557,0.00593178067356348,0.0,0.00593178067356348,101304.7890625,-0.13135924400403187
0.469838410615921,1.1186628824188596,0.0,0.0,0.0,101889.109375,0.6655203267624282
0.4698876142501831,1.1187800339290075,0.003522654063999653,0.0,0.003522654063999653,101258.3046875,-0.194753324279732
0.4699458181858063,1.1189186147281103,0.007127720396965742,0.0,0.007127720396965742,101379.0234375,-0.0301204959738298
0.4703463912010193,1.119872360002427,0.0011742180213332176,0.0,0.0011742180213332176,101431.59375,0.041573414307714066
0.47042208909988403,1.120052593094962,0.004718593787401915,0.0,0.004718593787401915,101332.5546875,-0.09349326731498345
0.47085437178611755,1.1210818375859941,0.0023484360426664352,0.0,0.0023484360426664352,100974.0859375,-0.5823628436797269
0.47095656394958496,1.1213251522609167,0.005914533976465464,0.0,0.005914533976465464,101406.7890625,0.00774548071521863
0.47131314873695374,1.1221741636594138,0.0,0.0,0.0,101223.2734375,-0.24252795553288142
0.4713817536830902,1.1223375087692624,0.0035226326435804367,0.0,0.0035226326435804367,101315.84375,-0.1162831728124158
0.4714910089969635,1.1225976404689608,0.007110473699867725,0.0,0.007110473699867725,101481.0234375,0.10898422874542071
0.471821129322052,1.123383641242981,0.0011742180213332176,0.0,0.0011742180213332176,100765.7578125,-0.8664748679875957
0.47191622853279114,1.123610067935217,0.0047185723669826984,0.0,0.0047185723669826984,101329.5859375,-0.09754196487880967
0.47234851121902466,1.1246393124262493,0.0023484148550778627,0.0,0.0023484148550778627,101390.8359375,-0.014010941456710715
0.47245070338249207,1.1248826271011716,0.0059145125560462475,0.0,0.0059145125560462475,101343.3203125,-0.07881141141247677
0.47278788685798645,1.1256854448999678,0.0,0.0,0.0,102522.78125,1.5297041672938627
0.4728758931159973,1.1258949836095176,0.003522611455991864,0.0,0.003522611455991864,101110.7421875,-0.39599490213644184
0.47301343083381653,1.1262224543662298,0.007063739933073521,0.0,0.007063739933073521,101272.71875,-0.17509583216062832
0.4733152687549591,1.126941116083236,0.0011741967173293233,0.0,0.0011741967173293233,102071.4453125,0.914184938452271
0.47341036796569824,1.1271675427754722,0.00471855141222477,0.0,0.00471855141222477,101344.3828125,-0.07736240386331791
0.47384265065193176,1.1281967872665042,0.0023483934346586466,0.0,0.0023483934346586466,101620.109375,0.29866570961067934
0.4739730954170227,1.1285073700405304,0.005867778789252043,0.0,0.005867778789252043,101308.1328125,-0.12679913201109075
0.47426262497901917,1.1291967261405218,0.0,0.0,0.0,101871.3046875,0.6412387958467441
0.47437000274658203,1.129452387491862,0.003522590035572648,0.0,0.003522590035572648,101168.7578125,-0.3168748281654588
0.47453582286834717,1.1298471973055886,0.007017006166279316,0.0,0.007017006166279316,101377.9765625,-0.031548194588442206
0.4747900068759918,1.13045239732379,0.0011741967173293233,0.0,0.0011741967173293233,101419.96875,0.025719567005152422
0.4749327600002289,1.1307922857148307,0.004671817645430565,0.0,0.004671817645430565,101343.5703125,-0.0784704684597335
0.4753173887729645,1.1317080685070584,0.0023483934346586466,0.0,0.0023483934346586466,100968.6328125,-0.5897996618364393
0.47549548745155334,1.132132112979889,0.005821045022457838,0.0,0.005821045022457838,101413.3984375,0.016759160028368594
0.47573739290237427,1.1327080783389865,0.0,0.0,0.0,101219.828125,-0.2472265756003745
0.4758616089820862,1.133003830909729,0.003509519388899207,0.0,0.003509519388899207,101509.546875,0.14788368875997215
0.4760581851005554,1.1334718692870367,0.006970272399485111,0.0,0.006970272399485111,101483.2421875,0.11201009745101714
0.4762647747993469,1.1339637495222545,0.0011741967173293233,0.0,0.0011741967173293233,100768.4765625,-0.8627671133765127
0.47642433643341064,1.1343436581747872,0.004658746533095837,0.0,0.004658746533095837,101335.8046875,-0.08906100892932105
0.47680896520614624,1.135259440967015,0.002335322555154562,0.0,0.002335322555154562,101380.90625,-0.027552769360982117
0.4769870638847351,1.1356834854398454,0.005807974375784397,0.0,0.005807974375784397,101201.7265625,-0.27191297627244126
0.477212131023407,1.1362193595795405,0.0,0.0,0.0,102509.765625,1.5119538248166666
0.47735321521759033,1.1365552743275962,0.0034964485093951225,0.0,0.0034964485093951225,101110.515625,-0.3963038816873654
0.47756466269493103,1.1370587207022167,0.0069357408210635185,0.0,0.0069357408210635185,101270.3359375,-0.17834544467896254
0.4777563512325287,1.1375151219822113,0.0011611259542405605,0.0,0.0011611259542405605,102064.1015625,0.9041697392154378
0.4779159426689148,1.1378951015926544,0.004645675886422396,0.0,0.004645675886422396,101240.140625,-0.21952496068998453
0.4783005714416504,1.1388108843848819,0.002322251908481121,0.0,0.002322251908481121,101618.421875,0.29636434467966233
0.47849351167678833,1.1392702658971152,0.005773442797362804,0.0,0.005773442797362804,101308.75,-0.12595742909650584
0.4786868989467621,1.1397307117780051,0.0,0.0,0.0,101857.9921875,0.6230835836131655
0.4788447916507721,1.1401066467875527,0.003483377629891038,0.0,0.003483377629891038,101172.734375,-0.3114517043233863
0.47907111048698425,1.1406455011594863,0.006901209242641926,0.0,0.006901209242641926,101377.3515625,-0.03240055197030036
0.4792310893535614,1.1410264032227653,0.0011611259542405605,0.0,0.0011611259542405605,101412.3203125,0.015288843544663281
0.479422390460968,1.141481882049924,0.004611144308000803,0.0,0.004611144308000803,101347.171875,-0.0735587590467759
0.4797753393650055,1.1423222365833465,0.002322251908481121,0.0,0.002322251908481121,100966.640625,-0.5925165509911121
0.47999995946884155,1.1428570463543848,0.005738910753279924,0.0,0.005738910753279924,101415.765625,0.019987463612156347
0.4801616370677948,1.143241993018559,0.0,0.0,0.0,101206.21875,-0.26578665759033576
0.4803471267223358,1.1436836350531805,0.0034596817567944527,0.0,0.0034596817567944527,101509.546875,0.14788368875997215
0.4805775284767151,1.1442322106588454,0.006866677198559046,0.0,0.006866677198559046,101484.375,0.11355499520563506
0.4807058572769165,1.1445377554212297,0.0011611259542405605,0.0,0.0011611259542405605,100760.546875,-0.8735813976588379
0.48092469573020935,1.1450587993576413,0.004587448202073574,0.0,0.004587448202073574,101340.9296875,-0.0820716783980842
0.4812776446342468,1.145899153891064,0.002298555802553892,0.0,0.002298555802553892,101373.78125,-0.037269643514165056
0.4815022945404053,1.1464340346200126,0.0057152146473526955,0.0,0.0057152146473526955,101202.9609375,-0.2702295704432714
0.4816363751888275,1.146753274259113,0.0,0.0,0.0,102496.3046875,1.4935961777048967
0.48184943199157715,1.147260552360898,0.0034359856508672237,0.0,0.0034359856508672237,101116.203125,-0.3885474295124562
0.48210057616233826,1.147858514672234,0.006827692035585642,0.0,0.006827692035585642,101270.2734375,-0.17843068041714835
0.4822081923484802,1.1481147436868577,0.0011374298483133316,0.0,0.0011374298483133316,102055.9453125,0.8930464753821888
0.48242703080177307,1.1486357876232693,0.004563752096146345,0.0,0.004563752096146345,101242.2421875,-0.2166589089934865
0.48277997970581055,1.149476142156692,0.002274859696626663,0.0,0.002274859696626663,101615.5859375,0.29249677305948096
0.48302531242370605,1.1500602676754907,0.0056762294843792915,0.0,0.0056762294843792915,101309.5625,-0.12484936450009024
0.4831111431121826,1.1502646264575778,0.0,0.0,0.0,101852.1640625,0.6151353510273382
0.4833517372608185,1.1508374696686154,0.003412289312109351,0.0,0.003412289312109351,101175.21875,-0.30806358373050013
0.4836236238479614,1.1514848186856226,0.006788707338273525,0.0,0.006788707338273525,101376.875,-0.0330504744739672
0.48368293046951294,1.1516260249274117,0.0011374298483133316,0.0,0.0011374298483133316,101411.8046875,0.014585648704630305
0.48395004868507385,1.1522620206787473,0.004524766933172941,0.0,0.004524766933172941,101348.8515625,-0.07126804858303212
0.48425471782684326,1.152987423397246,0.002274859696626663,0.0,0.002274859696626663,100971.4375,-0.5859747080853508
0.4845483601093292,1.1536865716888791,0.005637244787067175,0.0,0.005637244787067175,101416.1640625,0.02053084144309092
0.48458588123321533,1.1537759076981318,0.0,0.0,0.0,101208.015625,-0.26333613011749357
0.48484933376312256,1.1544031756264823,0.003399512730538845,0.0,0.003399512730538845,101512.1953125,0.15149555316559607
0.4851466417312622,1.1551110517411005,0.006749722175300121,0.0,0.006749722175300121,101483.4609375,0.11230842253466751
0.48515766859054565,1.155137306167966,0.0011374298483133316,0.0,0.0011374298483133316,100767.65625,-0.8638858324402015
0.48544761538505554,1.1558276556787037,0.0045119901187717915,0.0,0.0045119901187717915,101334.8046875,-0.0904247807402941
0.48575228452682495,1.1565530583972023,0.0022620828822255135,0.0,0.0022620828822255135,101385.34375,-0.02150103194978923
0.4860459268093109,1.1572522066888355,0.005624467972666025,0.0,0.005624467972666025,101342.9921875,-0.0792588990379523
0.48606061935424805,1.1572871889386858,0.0,0.0,0.0,102482.6171875,1.4749295510422031
0.48634690046310425,1.1579688106264387,0.003386736148968339,0.0,0.003386736148968339,101124.65625,-0.3770192959228247
0.48665523529052734,1.1587029411679224,0.0011246531503275037,0.0,0.0011246531503275037,102049.9296875,0.8848425355818041
0.48694518208503723,1.1593932906786601,0.004499213770031929,0.0,0.004499213770031929,101348.8046875,-0.07133197538667148
0.48724985122680664,1.1601186933971588,0.0022493063006550074,0.0,0.0022493063006550074,101617.2421875,0.29475552012140505
0.48753535747528076,1.16079847017924,0.0,0.0,0.0,101850.2109375,0.6124717342090314
0.48756277561187744,1.1608637514568512,0.005586989689618349,0.0,0.005586989689618349,101308.3046875,-0.12656473373107976
0.48784446716308594,1.1615344456263952,0.003373959334567189,0.0,0.003373959334567189,101184.53125,-0.29536345874081366
0.48812997341156006,1.1622142224084764,0.0011246531503275037,0.0,0.0011246531503275037,101417.5234375,0.0223847187486324
0.48818033933639526,1.1623341412771315,0.006674765609204769,0.0,0.006674765609204769,101376.3671875,-0.03374301484672695
0.48846203088760376,1.1630048354466758,0.004461735486984253,0.0,0.004461735486984253,101347.5546875,-0.07303669015038779
0.48872458934783936,1.1636299746377128,0.0022493063006550074,0.0,0.0022493063006550074,100984.828125,-0.5677129511790399
0.4890100955963135,1.164309751419794,0.0,0.0,0.0,101217.796875,-0.24999673709141348
0.4890795946121216,1.1644752252669561,0.005549511406570673,0.0,0.005549511406570673,101415.6171875,0.019785028733965034
0.4893382489681244,1.1650910689717249,0.003397459164261818,0.0,0.003397459164261818,101522.5390625,0.1656020678353485
0.4896047115325928,1.1657255036490304,0.0011246531503275037,0.0,0.0011246531503275037,100785.109375,-0.8400837525518126
0.4896971583366394,1.1659456150872367,0.006637286860495806,0.0,0.006637286860495806,101160.109375,-0.32866932343692096
0.4899558126926422,1.1665614587920052,0.004485235083848238,0.0,0.004485235083848238,101315.671875,-0.11651757109242679
0.4902183711528778,1.1671865979830425,0.0022728058975189924,0.0,0.0022728058975189924,101425.8515625,0.03374238086189228
0.4904848337173462,1.1678210326603482,0.0,0.0,0.0,102477.875,1.4684622894073545
0.49057337641716003,1.1680318486122858,0.005573011003434658,0.0,0.005573011003434658,101190.1953125,-0.28763896996772415
0.49083203077316284,1.1686476923170543,0.003420958761125803,0.0,0.003420958761125803,101143.2578125,-0.35165100934527144
0.4910984933376312,1.16928212699436,0.0011481528636068106,0.0,0.0011481528636068106,102062.1640625,0.9015274313316775
0.4911361038684845,1.169371675877344,0.006625662092119455,0.0,0.006625662092119455,101269.375,-0.17965594415356945
0.49144959449768066,1.170118082137335,0.004508734680712223,0.0,0.004508734680712223,101220.2734375,-0.24661927096580058
0.49171215295791626,1.1707432213283722,0.002296305727213621,0.0,0.002296305727213621,101646.4375,0.334571264321454
0.4919595718383789,1.1713323139009022,0.0,0.0,0.0,101843.1015625,0.602776168990395
0.4920123219490051,1.1714579094023931,0.005561386235058308,0.0,0.005561386235058308,101299.4453125,-0.13864689961891907
0.4923258125782013,1.172204315662384,0.0034444585908204317,0.0,0.0034444585908204317,101230.7109375,-0.2323849026887694
0.49257323145866394,1.1727934082349143,0.0011481528636068106,0.0,0.0011481528636068106,101427.3828125,0.03583065644744476
0.4925750494003296,1.1727977366674514,0.006614037323743105,0.0,0.006614037323743105,101378.609375,-0.030685182739310826
0.49288854002952576,1.1735441429274422,0.004497109912335873,0.0,0.004497109912335873,101329.5234375,-0.0976272006169955
0.49318692088127136,1.1742545735268366,0.002296305727213621,0.0,0.002296305727213621,101011.6484375,-0.5311361650300519
0.493434339761734,1.1748436660993666,0.0,0.0,0.0,101208.3125,-0.262931260361111
0.4934512674808502,1.1748839701925005,0.00554976100102067,0.0,0.00554976100102067,101408.6875,0.010334516262612769
0.49388566613197327,1.1759182526951746,0.0036473372019827366,0.0,0.0036473372019827366,101542.0390625,0.19219561814932284
0.4940139651298523,1.1762237264996485,0.006602412089705467,0.0,0.006602412089705467,101487.84375,0.1182855786749478
0.49404799938201904,1.1763047604333787,0.0011481528636068106,0.0,0.0011481528636068106,100792.6015625,-0.8298661184367879
0.49444839358329773,1.1772580799602328,0.004699988290667534,0.0,0.004699988290667534,101247.046875,-0.21010641162045196
0.49474674463272095,1.1779684396017165,0.002499184338375926,0.0,0.002499184338375926,101551.203125,0.20469330826081802
0.4949090778827667,1.1783549473399209,0.0,0.0,0.0,102752.5390625,1.843041395332193
0.4949396252632141,1.178427679198129,0.007296457886695862,0.0,0.007296457886695862,101175.625,-0.30750955143229236
0.4950111210346222,1.178597907225291,0.005752639379352331,0.0,0.005752639379352331,101174.28125,-0.30934211980328735
0.49544551968574524,1.179632189727965,0.003850215580314398,0.0,0.003850215580314398,101138.359375,-0.3583313603255847
0.495607852935791,1.180018697466169,0.0013510313583537936,0.0,0.0013510313583537936,102223.40625,1.1214249813838075
0.4959367513656616,1.180801788965861,0.006446685176342726,0.0,0.006446685176342726,101225.5,-0.23949143236001177
0.4960082471370697,1.1809720169930231,0.004902866668999195,0.0,0.004902866668999195,101224.1640625,-0.24131334626373357
0.4963066279888153,1.1816824475924175,0.0027020627167075872,0.0,0.0027020627167075872,101694.265625,0.39979791296814915
0.4963838458061218,1.1818662995383853,0.0,0.0,0.0,101983.40625,0.794119746750277
0.49686238169670105,1.1830056707064311,0.007140730507671833,0.0,0.007140730507671833,101276.7265625,-0.16963009044946292
0.49693387746810913,1.1831758987335932,0.00559691246598959,0.0,0.00559691246598959,101275.3828125,-0.17146265882045797
0.4970053732395172,1.1833461267607552,0.004053093958646059,0.0,0.004053093958646059,101165.109375,-0.3218504643820558
0.49708259105682373,1.1835299787067233,0.0013510313583537936,0.0,0.0013510313583537936,101454.265625,0.07249267833461855
0.49766337871551514,1.1849128064655123,0.006356716621667147,0.0,0.006356716621667147,101396.203125,-0.00669132244000383
0.4977348744869232,1.1850830344926744,0.004812898579984903,0.0,0.004812898579984903,101337.25,-0.08708993248377407
0.497781366109848,1.1851937288329715,0.0027020627167075872,0.0,0.0027020627167075872,100925.125,-0.6491343900810399
0.49785858392715454,1.1853775807789395,0.0,0.0,0.0,101214.2734375,-0.2548019018316388
0.49839287996292114,1.1866497141974313,0.007116520777344704,0.0,0.007116520777344704,101521.1640625,0.16372688159526055
0.4984643757343292,1.1868199422245935,0.00557270273566246,0.0,0.00557270273566246,101462.203125,0.08331761708421709
0.4985516369342804,1.187027706986382,0.00404635164886713,0.0,0.00404635164886713,101519.328125,0.16122308178605224
0.49855735898017883,1.1870413309051877,0.0013510313583537936,0.0,0.0013510313583537936,100685.125,-0.9764396247145706
0.49919384717941284,1.188556778998602,0.006332506891340017,0.0,0.006332506891340017,101587.15625,0.25372516665220823
0.4992811381816864,1.188764614718301,0.004806155804544687,0.0,0.004806155804544687,101317.640625,-0.11383264533957362
0.49933332204818726,1.1888888620194935,0.0,0.0,0.0,102592.7421875,1.6251149217256098
0.49990758299827576,1.1902561499958948,0.007074844092130661,0.0,0.007074844092130661,101131.6015625,-0.367547474516926
0.50001060962677,1.1905014514923096,0.005565960425883532,0.0,0.005565960425883532,101176.734375,-0.3059966170794941
0.5001035928726196,1.190722840172904,0.001344288932159543,0.0,0.001344288932159543,102130.59375,0.9948499101778719
0.5007243156433105,1.192200751531692,0.006308297626674175,0.0,0.006308297626674175,101220.65625,-0.24609720206941244
0.5008081197738647,1.1924002851758684,0.0,0.0,0.0,101884.015625,0.6585736141002843
0.5008273720741272,1.1924461239860171,0.0047994134947657585,0.0,0.0047994134947657585,101265.7890625,-0.1845463446319806
0.500873863697052,1.1925568183263144,0.002688577864319086,0.0,0.002688577864319086,101668.4453125,0.3645848986301342
0.5014380216598511,1.193900051571074,0.007050634827464819,0.0,0.007050634827464819,101307.2109375,-0.12805635914933153
0.5015410780906677,1.1941454240253995,0.005541750695556402,0.0,0.005541750695556402,101271.4453125,-0.17683251032616432
0.5015783905982971,1.1942342633292788,0.001344288932159543,0.0,0.001344288932159543,101421.8671875,0.028308602552546563
0.5016441345214844,1.1943907964797247,0.0040328665636479855,0.0,0.0040328665636479855,101270.171875,-0.1785691884917003
0.5022828578948975,1.1959115664164226,0.0,0.0,0.0,101175.296875,-0.3079570390577679
0.5023486614227295,1.1960682414826893,0.002688577864319086,0.0,0.002688577864319086,100959.71875,-0.6019564089951912
0.5028907656669617,1.1973589658737183,0.006972861010581255,0.0,0.006972861010581255,101353.1328125,-0.06542940051730377
0.5029938220977783,1.1976043383280437,0.0054639773443341255,0.0,0.0054639773443341255,101280.9375,-0.16388733258919364
0.5030531287193298,1.197745544569833,0.001344288932159543,0.0,0.001344288932159543,100713.140625,-0.9382327050727788
0.5031733512878418,1.1980317887805758,0.003995541017502546,0.0,0.003995541017502546,101290.390625,-0.15099542718858908
0.5037575960159302,1.1994228476569766,0.0,0.0,0.0,102592.890625,1.625317356603801
0.5038778781890869,1.1997092337835402,0.0026512520853430033,0.0,0.0026512520853430033,101373.28125,-0.037951529419651575
0.5043434500694275,1.2008177382605416,0.006895087659358978,0.0,0.006895087659358978,101291.703125,-0.14920547668668696
0.5045230388641357,1.2012453306288946,0.005426651332527399,0.0,0.005426651332527399,101301.1484375,-0.13632422575335562
0.5045823454856873,1.201386536870684,0.0013069631531834602,0.0,0.0013069631531834602,102113.875,0.9720493502131664
0.5047025680541992,1.2016727810814267,0.003958215471357107,0.0,0.003958215471357107,101310.59375,-0.12344297482002428
0.5052323341369629,1.2029341288975308,0.0,0.0,0.0,101886.171875,0.6615142470676949
0.5054070949554443,1.2033502260843914,0.0026139263063669205,0.0,0.0026139263063669205,101634.8515625,0.31877068935525854
0.5058726668357849,1.2044587305613927,0.006857762113213539,0.0,0.006857762113213539,101311.90625,-0.12165302431812217
0.5060522556304932,1.2048863229297457,0.00538932578638196,0.0,0.00538932578638196,101321.34375,-0.10878242785206406
0.50605708360672,1.204897818111238,0.0013069631531834602,0.0,0.0013069631531834602,101407.1484375,0.008235586209787068
0.5062317848205566,1.2053137733822779,0.003920889459550381,0.0,0.003920889459550381,101330.78125,-0.09591183138600595
0.5067070722579956,1.2064454101380848,0.0,0.0,0.0,101179.4453125,-0.3022995169356844
0.506881833076477,1.2068615073249453,0.0026139263063669205,0.0,0.0026139263063669205,100928.1171875,-0.645053729115394
0.507301390171051,1.2078604527882169,0.006762282457202673,0.0,0.006762282457202673,101331.3046875,-0.09519798207869976
0.5074809789657593,1.2082880451565698,0.005293846130371094,0.0,0.005293846130371094,101321.8046875,-0.10815381428294367
0.5075318217277527,1.2084090993517922,0.0013069631531834602,0.0,0.0013069631531834602,100700.4140625,-0.9555888322608654
0.5077666640281677,1.2089682476861137,0.003877042792737484,0.0,0.003877042792737484,101330.3984375,-0.09643390028239407
0.5081818103790283,1.2099566913786388,0.0,0.0,0.0,102634.8828125,1.6825851181973956
0.5084166526794434,1.2105158397129605,0.0025700796395540237,0.0,0.0025700796395540237,101360.984375,-0.05472166090771073
0.5087301135063171,1.2112621750150407,0.006666802801191807,0.0,0.006666802801191807,101311.578125,-0.1221005119435977
0.5090158581733704,1.2119425194604057,0.005249999463558197,0.0,0.005249999463558197,101320.1796875,-0.11036994347577488
0.5090667009353638,1.212063573655628,0.0012631164863705635,0.0,0.0012631164863705635,102114.765625,0.9732639594823143
0.5093015432357788,1.2126227219899497,0.0038331961259245872,0.0,0.0038331961259245872,101328.78125,-0.09863937500795204
0.5096566081047058,1.213468114535014,0.0,0.0,0.0,101915.46875,0.7014684993422958
0.5099515914916992,1.2141704559326172,0.002526232972741127,0.0,0.002526232972741127,101594.640625,0.26393214629995965
0.5102649927139282,1.2149166493188768,0.00662295613437891,0.0,0.00662295613437891,101309.9609375,-0.12430598666915567
0.5105414390563965,1.2155748548961822,0.0012631164863705635,0.0,0.0012631164863705635,101395.34375,-0.00786331384005879
0.5105507373809814,1.2155969937642417,0.0052061527967453,0.0,0.0052061527967453,101318.5703125,-0.11256476373405962
0.5108364224433899,1.2162771962937855,0.003789349226281047,0.0,0.003789349226281047,101327.1640625,-0.10084484973351002
0.5111313462257385,1.216979395775568,0.0,0.0,0.0,101196.0390625,-0.27966942844735043
0.5114263296127319,1.2176817371731714,0.002526232972741127,0.0,0.002526232972741127,100875.2109375,-0.7172057814896866
0.5119226574897766,1.218863470213754,0.006325969006866217,0.0,0.006325969006866217,101373.890625,-0.03712048097233988
0.5120161771774292,1.2190861361367362,0.0012631164863705635,0.0,0.0012631164863705635,100675.9140625,-0.989001241629705
0.5121740698814392,1.2194620711462838,0.0035091054160147905,0.0,0.0035091054160147905,101411.9921875,0.01484135591918775
0.5122083425521851,1.2195436727432978,0.004909165669232607,0.0,0.004909165669232607,101464.609375,0.08659919300437098
0.5126060843467712,1.2204906770161221,0.0,0.0,0.0,100476.6015625,-1.26081801070427
0.5127639770507812,1.2208666120256697,0.002245988929644227,0.0,0.002245988929644227,101105.171875,-0.4035915373022526
0.5132945775985718,1.2221299466632662,0.007445785216987133,0.0,0.007445785216987133,101419.5703125,0.02517618917421785
0.5133538246154785,1.2222710109892345,0.0009828725596889853,0.0,0.0009828725596889853,100751.3671875,-0.8861003967048796
0.5135117173194885,1.2226469459987823,0.003228861605748534,0.0,0.003228861605748534,101342.7890625,-0.0795359151870562
0.5135459899902344,1.222728547595796,0.0046289218589663506,0.0,0.0046289218589663506,101409.65625,0.011655670204492905
0.5135802626609802,1.22281014919281,0.006028981879353523,0.0,0.006028981879353523,101510.2890625,0.1488958631509287
0.514080822467804,1.2240019582566761,0.0,0.0,0.0,101629.1875,0.31104620058216903
0.5141015648841858,1.2240513449623471,0.0019657451193779707,0.0,0.0019657451193779707,100666.2109375,-1.0022340899830529
0.5148285627365112,1.2257822922297887,0.0009828725596889853,0.0,0.0009828725596889853,101381.375,-0.0269135013245885
0.5148493051528931,1.2258316789354597,0.002948617562651634,0.0,0.002948617562651634,101273.5703125,-0.1739344952278466
0.5148836374282837,1.2259134224482946,0.004348677583038807,0.0,0.004348677583038807,101340.453125,-0.08272160090175104
0.5149179100990295,1.2259950240453086,0.005748738069087267,0.0,0.005748738069087267,101407.328125,0.008480638957071287
0.5149521827697754,1.2260766256423223,0.00714879808947444,0.0,0.00714879808947444,101096.1953125,-0.41583352019919034
0.5155555605888367,1.2275132394972301,0.0,0.0,0.0,101305.09375,-0.13094371978037603
0.5155763030052185,1.2275626262029014,0.0019657451193779707,0.0,0.0019657451193779707,102164.09375,1.0405362658454689
0.5161734223365784,1.2289843388966153,0.0032340011093765497,0.0,0.0032340011093765497,101275.421875,-0.17140938648409182
0.5162076950073242,1.229065940493629,0.004634061362594366,0.0,0.004634061362594366,101221.9765625,-0.2442965971002371
0.5162419676780701,1.229147542090643,0.006034121382981539,0.0,0.006034121382981539,101113.7265625,-0.39192489563806915
0.516303300857544,1.2292935734703427,0.0009828725596889853,0.0,0.0009828725596889853,102241.703125,1.146377743737705
0.5166166424751282,1.2300396249407815,0.007420342415571213,0.0,0.007420342415571213,101232.3515625,-0.23014746456139176
0.5169004201889038,1.2307152861640567,0.0022511284332722425,0.0,0.0022511284332722425,101714.1953125,0.426977458982151
0.5170302987098694,1.2310245207377843,0.0,0.0,0.0,102668.140625,1.7279411853795226
0.5174974799156189,1.2321368569419497,0.0035193844232708216,0.0,0.0035193844232708216,101201.96875,-0.2715826877869712
0.5175317525863647,1.2322184585389637,0.004919444676488638,0.0,0.004919444676488638,101131.2578125,-0.36801627107694795
0.5176273584365845,1.2324460915156774,0.001268255989998579,0.0,0.001268255989998579,102199.8984375,1.0893656893586678
0.5179064273834229,1.2331105413891021,0.006305665709078312,0.0,0.006305665709078312,101249.875,-0.20624949446754381
0.5182244777679443,1.2338678042093914,0.002536511979997158,0.0,0.002536511979997158,101731.65625,0.4507901933378131
0.5185050368309021,1.2345358019783383,0.0,0.0,0.0,101942.3046875,0.7380665944258302
0.5188215374946594,1.2352893749872844,0.003804767969995737,0.0,0.003804767969995737,101261.59375,-0.19026779355770346
0.519102156162262,1.2359575146720523,0.001268255989998579,0.0,0.001268255989998579,101474.0625,0.09949109840497554
0.5191962122917175,1.2361814578374228,0.005190989002585411,0.0,0.005190989002585411,101292.578125,-0.14801217635208552
0.5195708274841309,1.2370733987717402,0.006577209569513798,0.0,0.006577209569513798,101323.5625,-0.10575655914646762
0.519699215888977,1.2373790854499453,0.002536511979997158,0.0,0.002536511979997158,101005.8125,-0.5390950520831524
0.5199798345565796,1.2380472251347134,0.0,0.0,0.0,101216.4609375,-0.2518186509951353
0.5202547907829285,1.2387018828164964,0.003832935355603695,0.0,0.003832935355603695,101286.328125,-0.15653575017066707
0.5205768942832947,1.2394687959126065,0.001268255989998579,0.0,0.001268255989998579,100748.203125,-0.8904154559505365
0.5206294059753418,1.239593823750814,0.005219156388193369,0.0,0.005219156388193369,101317.3125,-0.11428013296504914
0.5210040807723999,1.2404859066009521,0.006605376955121756,0.0,0.006605376955121756,101222.40625,-0.24371060140020961
0.5211324691772461,1.2407915932791573,0.002564679365605116,0.0,0.002564679365605116,101427.3046875,0.03572411177471249
0.5214545726776123,1.2415585063752674,0.0,0.0,0.0,100490.609375,-1.241714550883374
0.5216879844665527,1.2421142487298875,0.0038611027412116528,0.0,0.0038611027412116528,101311.0625,-0.12280370678363067
0.5220101475715637,1.2428813037418185,0.0012964233756065369,0.0,0.0012964233756065369,101292.3125,-0.14837442823937524
0.5220626592636108,1.243006331580026,0.0052473233081400394,0.0,0.0052473233081400394,101256.671875,-0.1969801079398364
0.5225656628608704,1.2442039591925484,0.0025928467512130737,0.0,0.0025928467512130737,100972.46875,-0.5845683184052849
0.5227185487747192,1.2445679732731412,0.006546984892338514,0.0,0.006546984892338514,101314.4765625,-0.11814770458523051
0.522929310798645,1.2450697876158214,0.0,0.0,0.0,101866.8046875,0.6351018226973654
0.523121178150177,1.2455266146432786,0.003889269893988967,0.0,0.003889269893988967,101290.9375,-0.1502496144794632
0.5234848856925964,1.2463925849823725,0.0012964233756065369,0.0,0.0012964233756065369,101407.8125,0.009141215928011355
0.5237771272659302,1.2470883982522147,0.005188931245356798,0.0,0.005188931245356798,101348.7421875,-0.0714172111248573
0.5240404009819031,1.2477152404331027,0.0025928467512130737,0.0,0.0025928467512130737,101806.25,0.5525190468625837
0.5244040489196777,1.2485810688563757,0.0,0.0,0.0,101184.3828125,-0.295565893619005
0.5244330763816833,1.2486501818611508,0.006488592829555273,0.0,0.006488592829555273,101406.546875,0.007415192229748596
0.5246661901473999,1.2492052146366666,0.0038787261582911015,0.0,0.0038787261582911015,101319.25,-0.11163782508128887
0.5249596238136292,1.2499038662229265,0.0012964233756065369,0.0,0.0012964233756065369,101674.0078125,0.37217087932867177
0.5253220796585083,1.2507668563297818,0.005178387276828289,0.0,0.005178387276828289,101326.203125,-0.10215534920811692
0.5255853533744812,1.2513936985106695,0.0025823027826845646,0.0,0.0025823027826845646,101383.8671875,-0.023514726264429117
0.5258787870407104,1.2520923500969297,0.0,0.0,0.0,102610.078125,1.6487571846049003
0.5259780287742615,1.252328639938718,0.006478048861026764,0.0,0.006478048861026764,101211.140625,-0.25907434320820283
0.526211142539978,1.2528836727142334,0.0038681821897625923,0.0,0.0038681821897625923,101322.515625,-0.10718425776108002
0.5265045762062073,1.2535823243004935,0.0012858794070780277,0.0,0.0012858794070780277,102123.7734375,0.9855485602483449
0.5268670916557312,1.2544454563231695,0.00516784330829978,0.0,0.00516784330829978,101248.5703125,-0.2080287905021727
0.5271303653717041,1.2550722985040574,0.0025717588141560555,0.0,0.0025717588141560555,101637.453125,0.32231862695724306
0.5273535251617432,1.2556036313374839,0.0,0.0,0.0,101910.5859375,0.694809457296529
0.5275669097900391,1.2561116899762834,0.006444189697504044,0.0,0.006444189697504044,101312.5859375,-0.12072608566535142
0.5277560949325562,1.2565621307918005,0.0038576379884034395,0.0,0.0038576379884034395,101314.796875,-0.11771087142702821
0.52797931432724,1.2570936055410475,0.0012858794070780277,0.0,0.0012858794070780277,101424.2734375,0.03159017847270045
0.528455913066864,1.2582283644449144,0.0051339841447770596,0.0,0.0051339841447770596,101321.3828125,-0.10872915551569792
0.5286051034927368,1.2585835797446114,0.0025717588141560555,0.0,0.0025717588141560555,100937.9453125,-0.6316504092856745
0.5288282632827759,1.2591149125780379,0.0,0.0,0.0,101211.078125,-0.25915957894638864
0.5291557908058167,1.2598947400138492,0.006410330533981323,0.0,0.006410330533981323,101327.96875,-0.09974743960436765
0.5292779803276062,1.2601856674466814,0.003839808516204357,0.0,0.003839808516204357,101319.2265625,-0.11166978848310856
0.5294540524482727,1.2606048867816018,0.0012858794070780277,0.0,0.0012858794070780277,100724.7734375,-0.922368203302944
0.5299777984619141,1.2618519010997955,0.0051161544397473335,0.0,0.0051161544397473335,101325.8125,-0.10268807257177827
0.5301269292831421,1.2622069744836717,0.0025539291091263294,0.0,0.0025539291091263294,101378.203125,-0.031239215037518624
0.5303030014038086,1.2626261938185919,0.0,0.0,0.0,102580.6640625,1.6086431153212009
0.5306776762008667,1.2635182766687303,0.006392500828951597,0.0,0.006392500828951597,101210.390625,-0.2600971720664326
0.5307998657226562,1.2638092041015625,0.0038219790440052748,0.0,0.0038219790440052748,101323.65625,-0.10562870553918889
0.5309759378433228,1.264228423436483,0.0012680498184636235,0.0,0.0012680498184636235,102105.4375,0.9605425255580813
0.5314996838569641,1.2654754377546764,0.005098325200378895,0.0,0.005098325200378895,101252.0390625,-0.20329820703285995
0.5316488146781921,1.2658305111385528,0.002536099636927247,0.0,0.002536099636927247,101630.2109375,0.3124419357949617
0.5317777991294861,1.266137616974967,0.0,0.0,0.0,101893.65625,0.6717212267154463
0.5322232842445374,1.2671982958203272,0.006355969235301018,0.0,0.006355969235301018,101314.421875,-0.1182222858561431
0.5323216915130615,1.2674325988406228,0.0038041493389755487,0.0,0.0038041493389755487,101293.6640625,-0.146531205401107
0.5324506759643555,1.267739704677037,0.0012680498184636235,0.0,0.0012680498184636235,101418.4296875,0.02362063695232672
0.5330452919006348,1.2691554569062733,0.005061793606728315,0.0,0.005061793606728315,101356.0546875,-0.06144462975711691
0.5331235527992249,1.2693417923791068,0.002536099636927247,0.0,0.002536099636927247,100943.1953125,-0.624490607278066
0.5332525372505188,1.269648898215521,0.0,0.0,0.0,101206.65625,-0.26519000742303506
0.5337688326835632,1.270878173056103,0.006319438107311726,0.0,0.006319438107311726,101418.4453125,0.023641945886873177
0.5338226556777954,1.27100632304237,0.0037786655593663454,0.0,0.0037786655593663454,101324.5859375,-0.10436082393367489
0.5339254140853882,1.271250985917591,0.0012680498184636235,0.0,0.0012680498184636235,100731.4296875,-0.9132905971861547
0.5345462560653687,1.2727291811080206,0.005036309827119112,0.0,0.005036309827119112,101328.1875,-0.0994491145207173
0.5346245169639587,1.2729155165808541,0.0025106156244874,0.0,0.0025106156244874,101376.0625,-0.0341585390703828
0.5347272753715515,1.2731601794560752,0.0,0.0,0.0,102553.1796875,1.5711606994539886
0.5352697968482971,1.2744518972578502,0.006293954327702522,0.0,0.006293954327702522,101210.3203125,-0.26019306227189165
0.5353236198425293,1.2745800472441173,0.0037531815469264984,0.0,0.0037531815469264984,101329.5703125,-0.09756327381335612
0.5354263782501221,1.2748247101193384,0.0012425659224390984,0.0,0.0012425659224390984,102089.109375,0.938274688957037
0.5360472202301025,1.276302905309768,0.005010826047509909,0.0,0.005010826047509909,101256.6796875,-0.19696945347256317
0.5361254811286926,1.2764892407826016,0.0024851318448781967,0.0,0.0024851318448781967,101625.03125,0.3053780239928123
0.5362020134925842,1.2766714606966292,0.0,0.0,0.0,101875.140625,0.6464701392778985
0.5367944836616516,1.2780821039563135,0.006244407966732979,0.0,0.006244407966732979,101316.6875,-0.1151324903469073
0.5368245840072632,1.2781537714458648,0.0037276975344866514,0.0,0.0037276975344866514,101303.0390625,-0.1337458446732347
0.5369011163711548,1.2783359913598924,0.0012425659224390984,0.0,0.0012425659224390984,101411.0625,0.013573474313673749
0.5375417470932007,1.279861302602859,0.007477989885956049,0.0,0.007477989885956049,101376.6953125,-0.03329552722125142
0.5375718474388123,1.2799329700924102,0.004961279686540365,0.0,0.004961279686540365,101363.0546875,-0.0518982270803056
0.5376002192497253,1.2800005220231556,0.0024851318448781967,0.0,0.0024851318448781967,100946.9921875,-0.6193125361832778
0.5376767516136169,1.2801827419371832,0.0,0.0,0.0,101197.0859375,-0.27824172983273804
0.5383196473121643,1.2817134459813437,0.003694907296448946,0.0,0.003694907296448946,101520.0546875,0.16221394724246233
0.5383758544921875,1.2818472726004464,0.0012425659224390984,0.0,0.0012425659224390984,100733.0078125,-0.9111383947969628
0.5390669107437134,1.2834926446278891,0.004928489215672016,0.0,0.004928489215672016,101330.7890625,-0.09590117691873273
0.5390952825546265,1.2835601965586345,0.0024523413740098476,0.0,0.0024523413740098476,101371.59375,-0.04025289435066859
0.5391514897346497,1.2836940231777374,0.0,0.0,0.0,102536.8046875,1.548828936049305
0.5398146510124207,1.2852729786010015,0.003662116825580597,0.0,0.003662116825580597,101101.21875,-0.4089826977425054
0.5398709177970886,1.2854069471359253,0.0012097754515707493,0.0,0.0012097754515707493,102077.28125,0.9221438255053716
0.5405619144439697,1.287052177247547,0.004895698744803667,0.0,0.004895698744803667,101260.8203125,-0.1913225858177529
0.5405697822570801,1.287070910135905,0.007344995159655809,0.0,0.007344995159655809,101268.8359375,-0.1803911023954221
0.5405902862548828,1.2871197291782925,0.0024195509031414986,0.0,0.0024195509031414986,101617.75,0.29544806049416483
0.5406262874603271,1.2872054463341123,0.0,0.0,0.0,101866.890625,0.6352190218373709
0.541309654712677,1.2888325112206596,0.003629326354712248,0.0,0.003629326354712248,101311.203125,-0.12261192637271259
0.5413175225257874,1.2888512441090176,0.00607862276956439,0.0,0.00607862276956439,101319.234375,-0.11165913401583533
0.5413456559181213,1.2889182283764795,0.0012097754515707493,0.0,0.0012097754515707493,101407.359375,0.008523256826164194
0.5420650243759155,1.2906310104188465,0.0024195509031414986,0.0,0.0024195509031414986,100947.8203125,-0.6181831626523158
0.5421010255813599,1.2907167275746665,0.0,0.0,0.0,101196.9609375,-0.27841220130910965
0.5427675247192383,1.2923036302839008,0.003576106857508421,0.0,0.003576106857508421,101517.671875,0.15896433472412813
0.542820394039154,1.2924295096170335,0.0012097754515707493,0.0,0.0012097754515707493,100737.4296875,-0.9051079663203164
0.5435228943824768,1.2941021294820876,0.0023663314059376717,0.0,0.0023663314059376717,101345.015625,-0.07649939201418653
0.5435757637023926,1.2942280088152205,0.0,0.0,0.0,102459.875,1.4439143968098396
0.5442253351211548,1.295774607431321,0.003522887360304594,0.0,0.003522887360304594,101095.296875,-0.4170587839356114
0.5442782044410706,1.2959004867644537,0.0011565559543669224,0.0,0.0011565559543669224,102014.9609375,0.8371531400668405
0.5449807047843933,1.297573106629508,0.0023131119087338448,0.0,0.0023131119087338448,101570.0390625,0.2303812288565681
0.5450505018234253,1.2977392900557745,0.0,0.0,0.0,101888.8046875,0.6651048025387724
0.5450681447982788,1.2977812971387592,0.007055004592984915,0.0,0.007055004592984915,101276.359375,-0.1701308504113046
0.5456831455230713,1.2992455845787412,0.0034696676302701235,0.0,0.0034696676302701235,101125.1171875,-0.3763906823537043
0.5457529425621033,1.299411768005008,0.0011565559543669224,0.0,0.0011565559543669224,101443.8828125,0.05833289132849999
0.5457703471183777,1.299453207424709,0.005818861071020365,0.0,0.005818861071020365,101334.7265625,-0.09053132541302637
0.546455442905426,1.301084387870062,0.0023131119087338448,0.0,0.0023131119087338448,100998.9609375,-0.5484390198817725
0.5464726090431213,1.3011252596264795,0.004582717549055815,0.0,0.004582717549055815,101393.09375,-0.010931800414748139
0.546525239944458,1.3012505712963287,0.0,0.0,0.0,101317.7265625,-0.11371544619956812
0.5465598106384277,1.301332882472447,0.006931910756975412,0.0,0.006931910756975412,101402.2734375,0.0015871986312934773
0.5469920039176941,1.302361914089748,0.003387562930583954,0.0,0.003387562930583954,101417.796875,0.022757625103195345
0.547227680683136,1.302923049245562,0.0011565559543669224,0.0,0.0011565559543669224,100872.8046875,-0.7204873574098405
0.5472620129585266,1.3030047927583968,0.005695767235010862,0.0,0.005695767235010862,101460.640625,0.0811867236295717
0.5477643013000488,1.3042007173810688,0.0022310069762170315,0.0,0.0022310069762170315,101267.921875,-0.18163767506638964
0.5477814078330994,1.3042414472216652,0.0045006126165390015,0.0,0.0045006126165390015,101315.0234375,-0.11740189187610463
0.5479999780654907,1.3047618525368827,0.0,0.0,0.0,102130.2890625,0.9944343859542161
0.5480514168739319,1.304884325890314,0.006808816455304623,0.0,0.006808816455304623,101216.6875,-0.2515096714442117
0.5483008623123169,1.3054782436007546,0.0033054579980671406,0.0,0.0033054579980671406,100919.5234375,-0.6567736431159437
0.5485365390777588,1.3060393787565685,0.001074451021850109,0.0,0.001074451021850109,101851.3125,0.6139740140945564
0.5485708713531494,1.3061211222694034,0.005613662302494049,0.0,0.005613662302494049,101149.09375,-0.34369212229217094
0.5490731596946716,1.3073170468920754,0.002148902043700218,0.0,0.002148902043700218,101572.328125,0.23350298776762357
0.5490903258323669,1.3073579186484927,0.004418507684022188,0.0,0.004418507684022188,101158.90625,-0.33031011139699795
0.5495694279670715,1.308498638016837,0.006485304795205593,0.0,0.006485304795205593,101277.5078125,-0.16856464372214025
0.5496097207069397,1.3085945731117612,0.0032233528327196836,0.0,0.0032233528327196836,101293.34375,-0.1469680385593093
0.5499028563499451,1.309292515118917,0.0,0.0,0.0,101356.140625,-0.06132743061711141
0.5500888824462891,1.3097354343959264,0.005290150176733732,0.0,0.005290150176733732,101284.1484375,-0.15950834653989737
0.5504394173622131,1.3105700413386028,0.001074451021850109,0.0,0.001074451021850109,101077.15625,-0.4417984569440443
0.5506082773208618,1.310972088859195,0.004094995558261871,0.0,0.004094995558261871,102430.28125,1.4035552747788562
0.550976037979126,1.3118477094741094,0.002148902043700218,0.0,0.002148902043700218,100798.171875,-0.8222694832709772
0.5510874390602112,1.31211295014336,0.006161792669445276,0.0,0.006161792669445276,101338.3203125,-0.08563027046734199
0.5516068339347839,1.3133496046066284,0.004966638050973415,0.0,0.004966638050973415,102468.484375,1.4556556197449357
0.5518057346343994,1.313823177700951,0.0,0.0,0.0,100581.96875,-1.1171212105902586
0.5519745945930481,1.3142252252215432,0.0030205445364117622,0.0,0.0030205445364117622,101948.5703125,0.7466114771789583
0.5519965291023254,1.314277450243632,0.007337138522416353,0.0,0.007337138522416353,101263.484375,-0.18768941247758253
0.5523422956466675,1.3151007039206368,0.001074451021850109,0.0,0.001074451021850109,100303.0,-1.497570927982645
0.552605390548706,1.3157271203540621,0.005838280543684959,0.0,0.005838280543684959,100912.53125,-0.6663093913254817
0.5529731512069702,1.3166027409689767,0.0038921870291233063,0.0,0.0038921870291233063,101462.8046875,0.08413801106425556
0.5533408522605896,1.3174782196680705,0.0019460935145616531,0.0,0.0019460935145616531,102013.078125,0.8345854134539928
0.5536361336708069,1.3181812706447784,0.0071399640291929245,0.0,0.0071399640291929245,101144.34375,-0.3501700383942929
0.5537086129188538,1.3183538402829853,0.0,0.0,0.0,103254.2578125,2.5272712836188247
0.5543365478515625,1.3198489234561013,0.005543868988752365,0.0,0.005543868988752365,101041.8125,-0.48999926688812284
0.5547042489051819,1.320724402155195,0.0035977757070213556,0.0,0.0035977757070213556,101130.7578125,-0.36869815698243447
0.555072009563446,1.3216000227701097,0.0016516821924597025,0.0,0.0016516821924597025,102539.015625,1.5518441502876283
0.5553672909736633,1.3223030737468175,0.00684555247426033,0.0,0.00684555247426033,101157.8671875,-0.3317271555443371
0.5560676455497742,1.3239705846423195,0.005249457899481058,0.0,0.005249457899481058,100248.453125,-1.5719604184843152
0.5562300086021423,1.3243571633384341,0.0,0.0,0.0,102346.03125,1.2886574997043772
0.5564354062080383,1.324846205257234,0.003303364384919405,0.0,0.003303364384919405,101823.7578125,0.5763957080218851
0.557098388671875,1.3264247349330358,0.006551140919327736,0.0,0.006551140919327736,101253.375,-0.20147629312913815
0.5575934052467346,1.3276033458255587,0.0016516821924597025,0.0,0.0016516821924597025,101630.78125,0.3132197119059073
0.5577988028526306,1.3280923877443587,0.004955046344548464,0.0,0.004955046344548464,101108.4921875,-0.3990633887111312
0.5587514042854309,1.3303604863938832,0.0,0.0,0.0,101437.796875,0.050033061322656225
0.558799684047699,1.330475438208807,0.00641259178519249,0.0,0.00641259178519249,101385.765625,-0.02092569071703498
0.5589568018913269,1.330849528312683,0.003303364384919405,0.0,0.003303364384919405,100915.5234375,-0.6622287303598358
0.5597425103187561,1.3327202626637051,0.004975821357220411,0.0,0.004975821357220411,101643.65625,0.33077827397218523
0.5601148009300232,1.3336066688810078,0.0016516821924597025,0.0,0.0016516821924597025,100722.5546875,-0.9253940720085404
0.5607433915138245,1.3351033131281536,0.006433366797864437,0.0,0.006433366797864437,101315.796875,-0.11634709961605516
0.5609005093574524,1.3354774032320296,0.0033241393975913525,0.0,0.0033241393975913525,101415.5703125,0.019721101930325675
0.5612727403640747,1.3363636675335113,0.0,0.0,0.0,100529.5546875,-1.188602031526338
0.5616862177848816,1.3373481375830514,0.004996596369892359,0.0,0.004996596369892359,101009.703125,-0.5337891273810854
0.5620585083961487,1.338234543800354,0.00167245720513165,0.0,0.00167245720513165,101187.484375,-0.2913360701115339
0.56268709897995,1.3397311880475,0.006454141810536385,0.0,0.006454141810536385,101245.828125,-0.21176850851507534
0.5628442168235779,1.340105278151376,0.0033449144102633,0.0,0.0033449144102633,100781.625,-0.8448356449556718
0.5634848475456238,1.3416305893943423,0.0,0.0,0.0,101760.8984375,0.49066986434150145
0.5636299252510071,1.3419760125023978,0.005017371382564306,0.0,0.005017371382564306,102321.9296875,1.2557884681664722
0.5641797780990601,1.3432851859501431,0.006436903961002827,0.0,0.006436903961002827,101328.59375,-0.09889508222250949
0.5642706155776978,1.3435014656611852,0.00167245720513165,0.0,0.00167245720513165,101187.90625,-0.29076072887877963
0.565056324005127,1.345372200012207,0.0033449144102633,0.0,0.0033449144102633,101732.375,0.45177040432695004
0.565324604511261,1.34601096312205,0.005527470260858536,0.0,0.005527470260858536,102237.046875,1.1400276812428618
0.5656969547271729,1.3468975112551735,0.0,0.0,0.0,100762.9921875,-0.8702465494023179
0.565874457359314,1.347320136569795,0.006947002373635769,0.0,0.006947002373635769,101434.9609375,0.04616548970247486
0.5664827227592468,1.3487683875220162,0.00167245720513165,0.0,0.00167245720513165,101142.8125,-0.35225831397984536
0.5667510032653809,1.3494071506318592,0.003855013055726886,0.0,0.003855013055726886,101647.4921875,0.3360096174033397
0.5670193433761597,1.3500460556575231,0.006037568673491478,0.0,0.006037568673491478,102152.1640625,1.0242668943192514
0.5675691962242126,1.3513552291052682,0.007457101251929998,0.0,0.007457101251929998,101371.9296875,-0.039794752257919834
0.5679090619087219,1.3521644331160045,0.0,0.0,0.0,100553.234375,-1.1563083412211872
0.5681774020195007,1.3528033381416684,0.002182555850595236,0.0,0.002182555850595236,101057.921875,-0.46802975537072894
0.5684457421302795,1.3534422431673323,0.004365111701190472,0.0,0.004365111701190472,101562.59375,0.22022752154518285
0.5687140226364136,1.3540810062771753,0.00654766708612442,0.0,0.00654766708612442,101244.015625,-0.214240344922464
0.5694335699081421,1.355794214067005,0.0013416105648502707,0.0,0.0013416105648502707,101545.5625,0.1970007828895482
0.5697019100189209,1.3564331190926688,0.0035241665318608284,0.0,0.0035241665318608284,100934.734375,-0.6360293953349708
0.5699701905250549,1.3570718822025118,0.005706722382456064,0.0,0.005706722382456064,100323.90625,-1.4690595735594898
0.5701212286949158,1.3574314968926566,0.0,0.0,0.0,102422.5859375,1.3930606245147277
0.5703809261322021,1.3580498241242909,0.00726817874237895,0.0,0.00726817874237895,101204.109375,-0.26866336375410704
0.5709580183029175,1.3594238531021845,0.0026832211297005415,0.0,0.0026832211297005415,100773.65625,-0.8557032015743632
0.5712263584136963,1.3600627581278484,0.004865777213126421,0.0,0.004865777213126421,100162.828125,-1.6887333797988822
0.5716370940208435,1.3610407000496274,0.006427233573049307,0.0,0.006427233573049307,101268.109375,-0.18138196785183222
0.5716456770896912,1.3610611359278362,0.0013416105648502707,0.0,0.0013416105648502707,101681.234375,0.3820262615564067
0.5723333358764648,1.3626984187534879,0.0,0.0,0.0,101519.5625,0.16154271580424903
0.5724824666976929,1.363053492137364,0.00402483157813549,0.0,0.00402483157813549,100001.734375,-1.908428494972821
0.5728932023048401,1.364031434059143,0.005586288403719664,0.0,0.005586288403719664,101343.0,-0.07924824457067907
0.5731701254844666,1.3646907749630157,0.0026832211297005415,0.0,0.0026832211297005415,100939.8984375,-0.6289867924673679
0.5733039379119873,1.3650093759809223,0.007147745229303837,0.0,0.007147745229303837,101341.09375,-0.08184793458534644
0.5738577842712402,1.3663280577886672,0.0013416105648502707,0.0,0.0013416105648502707,100778.2265625,-0.8494703382195254
0.5741647481918335,1.3670589242662703,0.004305650945752859,0.0,0.004305650945752859,101687.1875,0.39014496561860557
0.5745454430580139,1.3679653406143188,0.0,0.0,0.0,102499.2421875,1.4976022573996302
0.5745754837989807,1.3680368661880493,0.005867107771337032,0.0,0.005867107771337032,101243.6171875,-0.21478372275339858
0.5748524069786072,1.368696207091922,0.0029640402644872665,0.0,0.0029640402644872665,101556.421875,0.21181049239933358
0.5749862194061279,1.3690148081098286,0.007428564131259918,0.0,0.007428564131259918,101195.7109375,-0.28011691607282596
0.5755400657653809,1.3703334899175734,0.001622429583221674,0.0,0.001622429583221674,102064.0625,0.9041164668790717
0.5758470296859741,1.3710643563951765,0.0045864698477089405,0.0,0.0045864698477089405,101049.734375,-0.4791956370730707
0.5762577652931213,1.3720422983169556,0.006147926673293114,0.0,0.006147926673293114,101200.6484375,-0.27338329275614653
0.5765346884727478,1.3727016392208282,0.003244859166443348,0.0,0.003244859166443348,101628.875,0.31062002189123994
0.576757550239563,1.37323226247515,0.0,0.0,0.0,101828.921875,0.5834383108894882
0.57752925157547,1.375069646608262,0.004867288749665022,0.0,0.004867288749665022,101325.296875,-0.10339126741181125
0.5777521729469299,1.3756004117784046,0.001622429583221674,0.0,0.001622429583221674,101393.734375,-0.010058134098343533
0.578182578086853,1.3766251859210787,0.006961377337574959,0.0,0.006961377337574959,101340.984375,-0.08199709712717161
0.5787467956542969,1.3779685610816592,0.003244859166443348,0.0,0.003244859166443348,100958.5546875,-0.6035439246189019
0.5789697170257568,1.378499326251802,0.0,0.0,0.0,101158.59375,-0.330736290087927
0.5796065330505371,1.3800155548822313,0.005018384661525488,0.0,0.005018384661525488,101280.28125,-0.1647823078401447
0.5799643397331238,1.3808674755550567,0.001622429583221674,0.0,0.001622429583221674,100723.3984375,-0.9242433895430319
0.5802598595619202,1.381571094195048,0.007112473249435425,0.0,0.007112473249435425,101295.9609375,-0.14339879202277828
0.5808240175247192,1.3829143274398077,0.003395955078303814,0.0,0.003395955078303814,101447.8984375,0.06380928750693862
0.5811818242073059,1.3837662481126332,0.0,0.0,0.0,100488.2578125,-1.2449215455326155
0.5816837549209595,1.3849613212403797,0.005169480573385954,0.0,0.005169480573385954,101235.2578125,-0.22618400273575134
0.5820415616035461,1.3858132419132052,0.00177352549508214,0.0,0.00177352549508214,101309.6875,-0.12467889302371861
0.5823370814323425,1.3865168605531966,0.007263569161295891,0.0,0.007263569161295891,101250.9453125,-0.20478983245111174
0.5829012989997864,1.387860235713777,0.00354705099016428,0.0,0.00354705099016428,100876.578125,-0.715341249716872
0.5833939909934998,1.3890333118892852,0.0,0.0,0.0,101933.609375,0.7262081723507287
0.5837609767913818,1.3899070875985282,0.00532057648524642,0.0,0.00532057648524642,101295.796875,-0.14362253583551604
0.58425372838974,1.391080305689857,0.00177352549508214,0.0,0.00177352549508214,101403.7890625,0.003654165282299497
0.5844866037368774,1.3916347708020893,0.007211976684629917,0.0,0.007211976684629917,101330.21875,-0.0966789530296783
0.5851134061813354,1.3931271575746083,0.00354705099016428,0.0,0.00354705099016428,101953.1796875,0.7528976128701621
0.5856060981750488,1.3943002337501162,0.0,0.0,0.0,101140.6328125,-0.35523091034907567
0.5862374901771545,1.3958035480408442,0.0056332810781896114,0.0,0.0056332810781896114,101243.4453125,-0.21501812103340956
0.5864658355712891,1.3963472275506883,0.00177352549508214,0.0,0.00177352549508214,101856.8046875,0.621464104587635
0.5875899195671082,1.3990236180169242,0.0038597555831074715,0.0,0.0038597555831074715,101438.328125,0.050757565097235655
0.5878182053565979,1.3995671556109475,0.0,0.0,0.0,101760.421875,0.4900199418378346
0.5887140035629272,1.4017000084831601,0.005945985671132803,0.0,0.005945985671132803,101191.0859375,-0.2864243606985763
0.588942289352417,1.4022435460771834,0.0020862300880253315,0.0,0.0020862300880253315,101341.9453125,-0.08068659765256471
0.590030312538147,1.4048340774717785,0.0,0.0,0.0,102032.109375,0.8605396957315735
0.5900663733482361,1.4049199365434193,0.004172460176050663,0.0,0.004172460176050663,100923.46875,-0.651393137142964
0.5911543965339661,1.4075104679380146,0.0020862300880253315,0.0,0.0020862300880253315,101436.109375,0.04773169639163922
0.5911904573440552,1.4075963270096552,0.0062586902640759945,0.0,0.0062586902640759945,101138.71875,-0.35784125483101625
0.592242419719696,1.4101009993326097,0.0,0.0,0.0,101200.875,-0.27307431320522296
0.5922784805297852,1.4101868584042505,0.004172460176050663,0.0,0.004172460176050663,101770.2109375,0.5033699893311879
0.5933665037155151,1.4127773897988456,0.0020862300880253315,0.0,0.0020862300880253315,101487.7890625,0.1182109974040352
0.5936435461044312,1.41343701453436,0.005848176311701536,0.0,0.005848176311701536,101442.1015625,0.05590367279020425
0.5944545269012451,1.415367921193441,0.0,0.0,0.0,101205.3515625,-0.26696930345766395
0.5947315692901611,1.416027545928955,0.0037619462236762047,0.0,0.0037619462236762047,101266.71875,-0.1832784630264666
0.5954037308692932,1.4176279306411743,0.007292520254850388,0.0,0.007292520254850388,101365.515625,-0.04854206988923913
0.5958195924758911,1.4186180773235504,0.0016757161356508732,0.0,0.0016757161356508732,100984.2890625,-0.5684481094208925
0.5960966348648071,1.4192777020590646,0.005437662359327078,0.0,0.005437662359327078,101382.59375,-0.025251404429965103
0.596666693687439,1.4206349849700928,0.0,0.0,0.0,102021.7734375,0.8464438355290943
0.5971846580505371,1.4218682334536599,0.0033514322713017464,0.0,0.0033514322713017464,100763.2109375,-0.8699482243186676
0.5978568196296692,1.423468618165879,0.006882006302475929,0.0,0.006882006302475929,101306.0,-0.1297078015766817
0.598031759262085,1.4238851411002023,0.0016757161356508732,0.0,0.0016757161356508732,101447.2734375,0.06295693012508047
0.5985497236251831,1.4251183895837694,0.0050271484069526196,0.0,0.0050271484069526196,101323.078125,-0.10641713611740769
0.598878800868988,1.425901906830924,0.0,0.0,0.0,101248.28125,-0.2084230057912821
0.599396824836731,1.427135297230312,0.0033514322713017464,0.0,0.0033514322713017464,100872.78125,-0.7205193208116601
0.5998721718788147,1.4282670759019398,0.006706673186272383,0.0,0.006706673186272383,101367.53125,-0.045793217332746584
0.600243866443634,1.4291520629610335,0.0016757161356508732,0.0,0.0016757161356508732,100673.78125,-0.991909911195296
0.6006894707679749,1.4302130256380354,0.004996647126972675,0.0,0.004996647126972675,101329.375,-0.09782963549518679
0.6010909080505371,1.431168828691755,0.0,0.0,0.0,100474.78125,-1.2633005015789318
0.6015365123748779,1.432229791368757,0.003320930991321802,0.0,0.003320930991321802,101366.1953125,-0.047615131236468385
0.6020119190216064,1.4333617119562059,0.0066761719062924385,0.0,0.0066761719062924385,101311.3984375,-0.12234556469088191
0.602383553981781,1.4342465570994787,0.001645214855670929,0.0,0.001645214855670929,101169.234375,-0.31622490566179196
0.6028291583061218,1.4353075197764806,0.004966145846992731,0.0,0.004966145846992731,101273.234375,-0.17439263732059535
0.6033030152320862,1.4364357505525862,0.0,0.0,0.0,101946.3671875,0.7436069174079083
0.6036761999130249,1.4373242855072021,0.003290429711341858,0.0,0.003290429711341858,100825.703125,-0.7847231406001255
0.6041516065597534,1.438456206094651,0.006645670626312494,0.0,0.006645670626312494,101255.2578125,-0.19890856651629046
0.6045957207679749,1.4395136208761306,0.001645214855670929,0.0,0.001645214855670929,101420.8359375,0.02690221287248061
0.6049688458442688,1.4404020139149258,0.004935644567012787,0.0,0.004935644567012787,101217.109375,-0.25093433021145745
0.60551518201828,1.4417028143292383,0.0,0.0,0.0,101210.1953125,-0.26036353374826327
0.6058883666992188,1.4425913492838542,0.003290429711341858,0.0,0.003290429711341858,100895.3046875,-0.689802491662947
0.6061800122261047,1.4432857433954875,0.006535606924444437,0.0,0.006535606924444437,101364.4921875,-0.04993780510203185
0.6068078279495239,1.4447805427369618,0.001645214855670929,0.0,0.001645214855670929,100684.6796875,-0.9770469293491445
0.6070877909660339,1.4454471213476998,0.004885584581643343,0.0,0.004885584581643343,101344.984375,-0.07654200988327944
0.6077272891998291,1.4469697361900693,0.0,0.0,0.0,100474.0390625,-1.2643126759698884
0.6080073118209839,1.4476364567166284,0.003240369725972414,0.0,0.003240369725972414,101372.0234375,-0.03966689865064111
0.6082989573478699,1.4483308508282617,0.006485546939074993,0.0,0.006485546939074993,101318.9296875,-0.11207465823949117
0.6089267730712891,1.449825650169736,0.001595154870301485,0.0,0.001595154870301485,101170.265625,-0.314818515981726
0.6092067956924438,1.4504923706962949,0.004835524596273899,0.0,0.004835524596273899,101285.875,-0.1571537092725142
0.6099393963813782,1.4522366580509005,0.0,0.0,0.0,101917.421875,0.7041321161606026
0.610126256942749,1.4526815641494024,0.00319030974060297,0.0,0.00319030974060297,100829.890625,-0.7790123461416759
0.6104179620742798,1.4533761001768566,0.006435486953705549,0.0,0.006435486953705549,101259.8125,-0.19269701209599918
0.6111388802528381,1.455092572030567,0.001595154870301485,0.0,0.001595154870301485,101405.9921875,0.006658725053349485
0.611325740814209,1.455537478129069,0.004785464610904455,0.0,0.004785464610904455,101226.75,-0.23778671759629547
0.6121515035629272,1.4575035799117315,0.0,0.0,0.0,101161.90625,-0.32621879596407877
0.6122568249702454,1.457754345167251,0.00630086287856102,0.0,0.00630086287856102,101335.4375,-0.08956176889116271
0.6123383641242981,1.4579484860102336,0.00319030974060297,0.0,0.00319030974060297,101991.6796875,0.8054028275926243
0.6133509874343872,1.4603594938913982,0.001595154870301485,0.0,0.001595154870301485,101878.046875,0.650433601103539
0.6136186122894287,1.4609966959272114,0.005023619160056114,0.0,0.005023619160056114,101241.71875,-0.2173727583007927
0.6143636107444763,1.4627705017725627,0.0,0.0,0.0,102784.6640625,1.8868525647597019
0.6145496964454651,1.463213562965393,0.006539017427712679,0.0,0.006539017427712679,101268.203125,-0.18125411424455348
0.6146312355995178,1.463407703808376,0.003428464522585273,0.0,0.003428464522585273,101442.84375,0.05691584718116081
0.6156438589096069,1.4658187116895405,0.0018333096522837877,0.0,0.0018333096522837877,102195.4140625,1.0832500251438355
0.6159114837646484,1.4664559137253534,0.0052617741748690605,0.0,0.0052617741748690605,101007.640625,-0.5366019067412173
0.6165757775306702,1.4680375655492148,0.0,0.0,0.0,102062.1796875,0.9015487402662239
0.6168425679206848,1.4686727807635354,0.006777172442525625,0.0,0.006777172442525625,101279.390625,-0.16599691710929257
0.6169241070747375,1.468866921606518,0.0036666193045675755,0.0,0.0036666193045675755,101606.1484375,0.27962617659342287
0.6178560256958008,1.4710857754661923,0.0018333096522837877,0.0,0.0018333096522837877,101472.921875,0.09793554618308441
0.6182043552398682,1.4719151315234957,0.0054999287240207195,0.0,0.0054999287240207195,101354.734375,-0.06324523472629226
0.6187878847122192,1.4733044874100458,0.0,0.0,0.0,101339.6875,-0.08376573869452728
0.6191362738609314,1.47413398538317,0.0036666193045675755,0.0,0.0036666193045675755,100883.6640625,-0.7056776479000552
0.6197521686553955,1.4756004015604656,0.006482385098934174,0.0,0.006482385098934174,101387.6875,-0.01830469176782116
0.6199581623077393,1.4760908626374745,0.00505369808524847,0.0,0.00505369808524847,101536.734375,0.1849612348708018
0.6200681328773499,1.4763526973270236,0.0018333096522837877,0.0,0.0018333096522837877,100750.4453125,-0.8873576238431203
0.6208900809288025,1.4783097164971488,0.0032203886657953262,0.0,0.0032203886657953262,101173.8125,-0.309981387839681
0.6209999918937683,1.478571409270877,0.0,0.0,0.0,100617.1953125,-1.0690802176552785
0.6212999820709229,1.4792856715974354,0.00746484100818634,0.0,0.00746484100818634,101420.625,0.026614542256103484
0.6215059757232666,1.4797761326744443,0.006036153994500637,0.0,0.006036153994500637,101415.46875,0.019582593855773725
0.6217119693756104,1.4802665937514532,0.004607467446476221,0.0,0.004607467446476221,100913.796875,-0.6645833676272189
0.621821939945221,1.4805284284410023,0.0013870790135115385,0.0,0.0013870790135115385,100810.8984375,-0.8049133560828905
0.6226438283920288,1.4824853056953067,0.002774158027023077,0.0,0.002774158027023077,100550.8828125,-1.1595153358704284
0.623053789138794,1.4834614027114141,0.007018610369414091,0.0,0.007018610369414091,101302.7578125,-0.13412940549507088
0.6232121586799622,1.483838473047529,0.0,0.0,0.0,101633.2890625,0.31663979590061314
0.6232597827911377,1.483951863788423,0.005589923821389675,0.0,0.005589923821389675,101299.7890625,-0.1381781030588971
0.6234657168388367,1.4844421829496113,0.004161236807703972,0.0,0.004161236807703972,102359.40625,1.3068979476761415
0.62403404712677,1.4857953503018335,0.0013870790135115385,0.0,0.0013870790135115385,101136.4375,-0.3609523592747985
0.6246458888053894,1.487252116203308,0.006493001710623503,0.0,0.006493001710623503,101324.203125,-0.10488289283006301
0.6248518228530884,1.4877424353644961,0.005064315162599087,0.0,0.005064315162599087,102326.328125,1.261786933241299
0.6248559355735779,1.487752227556138,0.002774158027023077,0.0,0.002774158027023077,101823.7109375,0.5763317812182458
0.6254242658615112,1.4891053949083601,0.0,0.0,0.0,100697.7734375,-0.9591900421992161
0.6260319352149963,1.4905522267023723,0.007396080065518618,0.0,0.007396080065518618,101339.46875,-0.08406406377817763
0.6262420415878296,1.491052479971023,0.0036772361490875483,0.0,0.0036772361490875483,101790.6328125,0.531220766783403
0.6262461543083191,1.4910622721626645,0.0013870790135115385,0.0,0.0013870790135115385,101288.0078125,-0.15424503970692327
0.6276240348815918,1.4943429401942663,0.006870471406728029,0.0,0.006870471406728029,101089.953125,-0.4243464395504986
0.6276322603225708,1.4943625245775496,0.0022901571355760098,0.0,0.0022901571355760098,101842.828125,0.602403262635832
0.6276363730430603,1.4943723167691914,0.0,0.0,0.0,102409.234375,1.3748521399447828
0.6292042136192322,1.4981052705219815,0.003869089297950268,0.0,0.003869089297950268,101059.671875,-0.4656431547015261
0.6292083263397217,1.498115062713623,0.0015789320459589362,0.0,0.0015789320459589362,101626.078125,0.3068057226074247
0.6298484802246094,1.4996392386300224,0.0,0.0,0.0,102456.2265625,1.4389387605932427
0.6307803392410278,1.5018579505738758,0.0031578640919178724,0.0,0.0031578640919178724,100842.921875,-0.7612406947299334
0.6314204931259155,1.5033821264902751,0.0015789320459589362,0.0,0.0015789320459589362,101685.6640625,0.3880673445003263
0.6320606470108032,1.5049063024066744,0.0,0.0,0.0,101488.40625,0.11905270031862014
0.6323522925376892,1.5056006965183077,0.004736796021461487,0.0,0.004736796021461487,101298.734375,-0.13961645614078272
0.6325003504753113,1.5059532154174078,0.006913577672094107,0.0,0.006913577672094107,101324.703125,-0.10420100692457648
0.6329924464225769,1.507124872434707,0.0031578640919178724,0.0,0.0031578640919178724,100915.09375,-0.6628147260598632
0.6336326003074646,1.5086490483511061,0.0015789320459589362,0.0,0.0015789320459589362,100717.84375,-0.9318187157742962
0.6340985298156738,1.509758404323033,0.005073617212474346,0.0,0.005073617212474346,101226.2265625,-0.23850056690360166
0.6342465281486511,1.5101107813063122,0.007250398863106966,0.0,0.007250398863106966,101252.203125,-0.20307446322012218
0.6342727541923523,1.5101732242675054,0.0,0.0,0.0,102545.1640625,1.5602292160316578
0.6347386837005615,1.5112825802394323,0.0034946852829307318,0.0,0.0034946852829307318,101527.046875,0.17174969545200042
0.6353788375854492,1.5128067561558316,0.0019157532369717956,0.0,0.0019157532369717956,102079.53125,0.9252123120800609
0.6358447074890137,1.5139159702119374,0.0054104384034872055,0.0,0.0054104384034872055,101153.7265625,-0.3373740231991474
0.6364848613739014,1.5154401461283367,0.0,0.0,0.0,101856.90625,0.621602612662187
0.6375909447669983,1.5180736780166626,0.0019157532369717956,0.0,0.0019157532369717956,101391.265625,-0.013424945756683236
0.6386969685554504,1.5207070679891677,0.0,0.0,0.0,101168.640625,-0.3170346451745572
0.6397250890731812,1.5231549739837646,0.005812854506075382,0.0,0.005812854506075382,101309.171875,-0.12538208786375157
0.6398030519485474,1.5233405998774938,0.0019157532369717956,0.0,0.0019157532369717956,100703.0,-0.9520622035934273
0.6408311128616333,1.5257883639562697,0.003897101152688265,0.0,0.003897101152688265,101398.390625,-0.003708071603500296
0.6409090757369995,1.5259739898499989,0.0,0.0,0.0,100480.375,-1.2556719030113013
0.6418592929840088,1.5282364118666876,0.0058784494176507,0.0,0.0058784494176507,101257.5,-0.19585073440887435
0.6419371962547302,1.5284218958445959,0.001981348032131791,0.0,0.001981348032131791,101214.203125,-0.2548977920370979
0.6429653167724609,1.5308698018391929,0.003962696064263582,0.0,0.003962696064263582,100813.328125,-0.801599816760917
0.6431212425231934,1.531241053626651,0.0,0.0,0.0,101971.9140625,0.7784470253913602
0.6439934372901917,1.5333177078337896,0.00594404386356473,0.0,0.00594404386356473,101205.828125,-0.2663193809539971
0.6441493630409241,1.5336889596212477,0.001981348032131791,0.0,0.001981348032131791,101423.3203125,0.030290333465366765
0.6451774835586548,1.5361368656158447,0.003962696064263582,0.0,0.003962696064263582,101919.59375,0.7070940580625596
0.6453333497047424,1.536507975487482,0.0,0.0,0.0,101211.359375,-0.2587760181245525
0.6462521553039551,1.5386956078665597,0.005945137236267328,0.0,0.005945137236267328,101329.1953125,-0.09807468824247102
0.6463614702224731,1.538955881482079,0.001981348032131791,0.0,0.001981348032131791,101726.6796875,0.4440032976847676
0.6474361419677734,1.541514623732794,0.003963789436966181,0.0,0.003963789436966181,101366.40625,-0.04732746062009126
0.6475454568862915,1.5417748973483132,0.0,0.0,0.0,102762.046875,1.85600788200371
0.6485108137130737,1.5440733659835089,0.005946230608969927,0.0,0.005946230608969927,101275.609375,-0.17115367926953437
0.6486201286315918,1.5443336395990281,0.0019824414048343897,0.0,0.0019824414048343897,102201.8515625,1.0920293061769746
0.6496948003768921,1.546892381849743,0.003964882809668779,0.0,0.003964882809668779,101641.640625,0.3280294214156927
0.6497576236724854,1.5470419611249653,0.0,0.0,0.0,101991.6953125,0.8054241365271707
0.6507694721221924,1.549451124100458,0.005947323981672525,0.0,0.005947323981672525,101297.734375,-0.14098022795175577
0.6508322954177856,1.5496007033756802,0.0019824414048343897,0.0,0.0019824414048343897,101431.4921875,0.041434906233162115
0.6519069671630859,1.5521594456263952,0.003964882809668779,0.0,0.003964882809668779,101921.890625,0.7102264714408884
0.6519697308540344,1.5523088829857963,0.0,0.0,0.0,101221.328125,-0.24518091788391494
0.6530200839042664,1.5548097235815865,0.005959185305982828,0.0,0.005959185305982828,101559.4375,0.21592311676679918
0.6530444025993347,1.5548676252365112,0.0019824414048343897,0.0,0.0019824414048343897,101731.140625,0.45008699849778017
0.6541575193405151,1.5575179031917028,0.003976744133979082,0.0,0.003976744133979082,101368.6875,-0.044216356176309
0.6541818380355835,1.5575758048466275,0.0,0.0,0.0,102758.5078125,1.8511814083289382
0.6552706956863403,1.560168323062715,0.005971046630293131,0.0,0.005971046630293131,101006.2265625,-0.5385303653176714
0.6552949547767639,1.5602260828018188,0.0019943027291446924,0.0,0.0019943027291446924,102200.0859375,1.0896213965732253
0.6563939452171326,1.5628427267074585,0.0,0.0,0.0,101987.0859375,0.7991380008359669
0.6564081311225891,1.5628765026728313,0.003988605458289385,0.0,0.003988605458289385,101641.65625,0.3280507303502392
0.657507061958313,1.56549300466265,0.0019943027291446924,0.0,0.0019943027291446924,101428.65625,0.03756733461298074
0.6575212478637695,1.5655267806280226,0.005982907954603434,0.0,0.005982907954603434,101301.90625,-0.1352907424278526
0.6586060523986816,1.5681096485682897,0.0,0.0,0.0,101215.6484375,-0.2529267155915509
0.6586202383041382,1.5681434245336623,0.003988605458289385,0.0,0.003988605458289385,100870.2265625,-0.7240033316100054
0.6597191691398621,1.570759926523481,0.0019943027291446924,0.0,0.0019943027291446924,100657.2109375,-1.0145080362818102
0.6597931981086731,1.5709361859730313,0.005977301392704248,0.0,0.005977301392704248,101559.0546875,0.21540104787041106
0.6608181595802307,1.5733765704291207,0.0,0.0,0.0,100444.1953125,-1.3050127409536152
0.660892128944397,1.57355268796285,0.0039829988963902,0.0,0.0039829988963902,101365.03125,-0.049202646860179194
0.6619911193847656,1.5761693318684897,0.0019886961672455072,0.0,0.0019886961672455072,101171.0078125,-0.3138063415907694
0.6620650887489319,1.5763454494022189,0.005971694830805063,0.0,0.005971694830805063,101008.4765625,-0.535461878742982
0.6630302667617798,1.578643492289952,0.0,0.0,0.0,101991.4765625,0.8051258114435204
0.6631640791893005,1.5789620933078585,0.0039773923344910145,0.0,0.0039773923344910145,100814.4453125,-0.8000762279408455
0.6642032861709595,1.5814363956451416,0.0019886961672455072,0.0,0.0019886961672455072,101430.40625,0.03995393528218357
0.6643370389938354,1.5817548547472273,0.005966088268905878,0.0,0.005966088268905878,101387.8046875,-0.018144874758722757
0.6652424335479736,1.583910556066604,0.0,0.0,0.0,101218.8515625,-0.24855838400952787
0.6653761863708496,1.5842290151686895,0.0039773923344910145,0.0,0.0039773923344910145,101914.1171875,0.6996252765040276
0.6664153933525085,1.5867033175059728,0.0019886961672455072,0.0,0.0019886961672455072,101714.5234375,0.42742494660762653
0.6665952801704407,1.5871316194534302,0.005945297423750162,0.0,0.005945297423750162,101332.1171875,-0.09408991748228415
0.6674545407295227,1.589177477927435,0.0,0.0,0.0,101514.9375,0.15523527117849872
0.6676344871520996,1.5896059217907135,0.0039566014893352985,0.0,0.0039566014893352985,101361.03125,-0.05465773410407137
0.6686736345291138,1.5920800822121757,0.0019679053220897913,0.0,0.0019679053220897913,101161.453125,-0.32683675506592597
0.6688535809516907,1.5925085260754541,0.005924506578594446,0.0,0.005924506578594446,101276.4296875,-0.17003496020584555
0.6696667075157166,1.5944445417040871,0.0,0.0,0.0,101995.0234375,0.8099629395855654
0.6698927283287048,1.5949826864969163,0.003935810644179583,0.0,0.003935810644179583,100807.9375,-0.8089513991794436
0.6708858013153076,1.5973471459888278,0.0019679053220897913,0.0,0.0019679053220897913,101434.8203125,0.04597370929155677
0.6711118221282959,1.597885290781657,0.00590371573343873,0.0,0.00590371573343873,101220.7265625,-0.2460013118639534
0.6718788146972656,1.5997114635649181,0.0,0.0,0.0,101235.828125,-0.2254062266248058
0.6721048951148987,1.6002497502735684,0.003935810644179583,0.0,0.003935810644179583,100874.6171875,-0.7180155210024519
0.6730979084968567,1.6026140678496588,0.0019679053220897913,0.0,0.0019679053220897913,100675.6171875,-0.9894061113860877
0.6732886433601379,1.603068198476519,0.00585342338308692,0.0,0.00585342338308692,101341.5546875,-0.08121932101622605
0.6740909218788147,1.6049783854257493,0.0,0.0,0.0,100476.6328125,-1.260775392835177
0.6742817163467407,1.6054326579684304,0.0038855180609971285,0.0,0.0038855180609971285,101357.78125,-0.05908999248973376
0.6752747297286987,1.607796975544521,0.0019176126224920154,0.0,0.0019176126224920154,101150.09375,-0.34232835048119786
0.67546546459198,1.608251106171381,0.005803130567073822,0.0,0.005803130567073822,101284.0078125,-0.15970012695081545
0.6763030290603638,1.6102453072865806,0.0,0.0,0.0,101959.3359375,0.761293333081465
0.676458477973938,1.6106154237474715,0.0038352252449840307,0.0,0.0038352252449840307,100798.53125,-0.8217793777764087
0.6774868369102478,1.613063897405352,0.0019176126224920154,0.0,0.0019176126224920154,101416.5859375,0.021106182675845173
0.6776422262191772,1.613433871950422,0.005752837751060724,0.0,0.005752837751060724,101226.4609375,-0.23818093288540484
0.6785151362419128,1.6155122291474115,0.0,0.0,0.0,101191.5,-0.28585967393309525
0.6786231398582458,1.6157693806148712,0.007406971417367458,0.0,0.007406971417367458,101354.9921875,-0.06289363730627577
0.6786705851554871,1.6158823456083027,0.0038352252449840307,0.0,0.0038352252449840307,100873.8359375,-0.7190809677297746
0.6796989440917969,1.6183308192661832,0.0019176126224920154,0.0,0.0019176126224920154,100648.7578125,-1.0260361698714417
0.6799418330192566,1.6189091262363253,0.005940814036875963,0.0,0.005940814036875963,101267.0703125,-0.1827990119991714
0.6807272434234619,1.6207791510082428,0.0,0.0,0.0,102779.4375,1.8797247261539132
0.6809701919555664,1.6213575998942058,0.004023201763629913,0.0,0.004023201763629913,101405.4453125,0.005912912344223602
0.6819984912872314,1.6238059316362654,0.002105589024722576,0.0,0.002105589024722576,102190.609375,1.076697527770801
0.6822414398193359,1.6243843805222284,0.006128790322691202,0.0,0.006128790322691202,101202.546875,-0.27079425720875244
0.6829394102096558,1.6260462147848946,0.0,0.0,0.0,102042.53125,0.8747527550740583
0.683269739151001,1.626832712264288,0.004211178049445152,0.0,0.004211178049445152,101601.78125,0.27367032938768904
0.6842106580734253,1.6290729954129175,0.002105589024722576,0.0,0.002105589024722576,101453.703125,0.07172555669094621
0.6845409870147705,1.6298594928923107,0.006316766608506441,0.0,0.006316766608506441,101320.546875,-0.10986918351393321
0.6851515173912048,1.6313131366457259,0.0,0.0,0.0,101305.609375,-0.13024052494034305
0.6854819059371948,1.6320997760409401,0.004211178049445152,0.0,0.004211178049445152,100864.859375,-0.7313229506267123
0.6862066984176636,1.6338254724230086,0.007370463106781244,0.0,0.007370463106781244,101399.4609375,-0.0022484095870682094
0.6864227652549744,1.6343399172737485,0.002105589024722576,0.0,0.002105589024722576,100716.78125,-0.9332677233234551
0.68644118309021,1.6343837692624048,0.005739732179790735,0.0,0.005739732179790735,101551.0625,0.20450152784989994
0.6873636245727539,1.636580058506557,0.0,0.0,0.0,100568.6875,-1.1352338049547444
0.6873821020126343,1.636624052411034,0.003634143155068159,0.0,0.003634143155068159,101160.9609375,-0.32750798650413926
0.688106894493103,1.6383497487931025,0.006793428212404251,0.0,0.006793428212404251,101442.2578125,0.05611676213566879
0.6883229613304138,1.6388641936438424,0.0015285540139302611,0.0,0.0015285540139302611,102037.234375,0.8675290262628104
0.6883413791656494,1.6389080456324987,0.005162697285413742,0.0,0.005162697285413742,100955.53125,-0.6076672034536408
0.6892822980880737,1.641148328781128,0.0030571080278605223,0.0,0.0030571080278605223,101582.4296875,0.24727921395190597
0.689575731754303,1.641846980367388,0.0,0.0,0.0,101866.859375,0.635176403968278
0.6900070905685425,1.6428740251631964,0.006216392852365971,0.0,0.006216392852365971,101245.9375,-0.21161934597325016
0.6902415752410889,1.6434323220025926,0.004585661925375462,0.0,0.004585661925375462,102186.8828125,1.0716153468814718
0.6905350685119629,1.6441311155046736,0.0015285540139302611,0.0,0.0015285540139302611,101412.0625,0.014937246124646792
0.6914944052696228,1.6464152506419591,0.0030571080278605223,0.0,0.0030571080278605223,102225.1015625,1.123737000782098
0.6917878985404968,1.6471140441440402,0.0,0.0,0.0,101241.6953125,-0.21740472170261238
0.6918482780456543,1.6472578048706055,0.007065735757350922,0.0,0.007065735757350922,101139.5390625,-0.35672253576732743
0.6920828223228455,1.6478162436258226,0.005435004364699125,0.0,0.005435004364699125,101079.015625,-0.4392626937330163
0.6927472352981567,1.6493981792813257,0.0015285540139302611,0.0,0.0015285540139302611,102263.3203125,1.1758586546827239
0.6933356523513794,1.6507991722651891,0.00390645070001483,0.0,0.00390645070001483,101635.34375,0.31944192079347183
0.693924069404602,1.6522001652490526,0.006284346804022789,0.0,0.006284346804022789,100972.609375,-0.5843765379943667
0.6940000057220459,1.6523809660048712,0.0,0.0,0.0,102685.765625,1.7519776635479225
0.6945884227752686,1.6537819589887348,0.0023778965696692467,0.0,0.0023778965696692467,102174.6640625,1.0549517600661449
0.6951768398284912,1.6551829519725982,0.004755793139338493,0.0,0.004755793139338493,101663.5546875,0.35791520211709416
0.6957652568817139,1.6565839449564617,0.007133689243346453,0.0,0.007133689243346453,102054.875,0.8915868133657567
0.6962121725082397,1.6576480297815233,0.0,0.0,0.0,101921.0703125,0.7091077523771995
0.6968005895614624,1.6590490227653867,0.0023778965696692467,0.0,0.0023778965696692467,101409.9609375,0.012071194428148755
0.6973890066146851,1.66045001574925,0.004755793139338493,0.0,0.004755793139338493,101838.0,0.5958188018609778
0.6983450055122375,1.6627262036005657,0.0069411988370120525,0.0,0.0069411988370120525,101538.109375,0.18683642111088972
0.6984242796897888,1.6629149516423545,0.0,0.0,0.0,101156.359375,-0.3337834677280699
0.6990126967430115,1.664315944626218,0.0023778965696692467,0.0,0.0023778965696692467,101621.125,0.30005079035619886
0.699968695640564,1.6665921324775332,0.004563302267342806,0.0,0.004563302267342806,101321.234375,-0.10893159039388924
0.7006363868713379,1.6681818735031855,0.0,0.0,0.0,101404.2421875,0.004272124384146658
0.7009246945381165,1.6688683203288488,0.006748707965016365,0.0,0.006748707965016365,101021.34375,-0.5179139711439773
0.7015924453735352,1.670458203270322,0.002185405697673559,0.0,0.002185405697673559,101104.359375,-0.4046996018986682
0.7025484442710876,1.6727343911216372,0.004370811395347118,0.0,0.004370811395347118,100804.46875,-0.8136819826487562
0.702848494052887,1.6734487953640167,0.0,0.0,0.0,102050.875,0.8861317261218646
0.7035044431686401,1.6750105789729528,0.00655621662735939,0.0,0.00655621662735939,100504.578125,-1.2226643633988443
0.7038045525550842,1.675725125131153,0.002185405697673559,0.0,0.002185405697673559,101450.765625,0.06771947699621289
0.7047605514526367,1.6780013129824685,0.004370811395347118,0.0,0.004370811395347118,100850.65625,-0.7506927721294387
0.705060601234436,1.6787157172248477,0.0,0.0,0.0,101247.6328125,-0.20930732657495993
0.7058582901954651,1.6806149766558693,0.006412466987967491,0.0,0.006412466987967491,101369.1875,-0.043534470270822474
0.7060166597366333,1.6809920469919841,0.002185405697673559,0.0,0.002185405697673559,100647.53125,-1.0277089212333383
0.7071143984794617,1.683605710665385,0.004227061290293932,0.0,0.004227061290293932,101324.078125,-0.10505336430643464
0.7072727084159851,1.683982639085679,0.0,0.0,0.0,100444.390625,-1.3047463792717844
0.70821213722229,1.6862193743387859,0.006268716882914305,0.0,0.006268716882914305,101316.1875,-0.11581437625239382
0.7083705067634583,1.6865964446749007,0.0020416555926203728,0.0,0.0020416555926203728,102213.9375,1.1085117670486566
0.7094682455062866,1.6892101083483015,0.0040833111852407455,0.0,0.0040833111852407455,101642.875,0.32971282724486256
0.709484875202179,1.689249702862331,0.0,0.0,0.0,102006.296875,0.8253373358608318
0.710565984249115,1.6918237720217024,0.006124966312199831,0.0,0.006124966312199831,101309.765625,-0.12457234835098634
0.7105826139450073,1.6918633665357319,0.0020416555926203728,0.0,0.0020416555926203728,101435.2421875,0.04654905052431103
0.7116803526878357,1.6944770302091328,0.0040833111852407455,0.0,0.0040833111852407455,100864.1875,-0.7322392348122098
0.711696982383728,1.694516624723162,0.0,0.0,0.0,101227.609375,-0.2366147261962405
0.7127947211265564,1.6971302883965629,0.0020416555926203728,0.0,0.0020416555926203728,100656.5625,-1.0153923570654881
0.712851881980896,1.6972663856688,0.006142829079180956,0.0,0.006142829079180956,101321.4609375,-0.10862261084296565
0.7139090895652771,1.6997835465839932,0.0,0.0,0.0,100448.921875,-1.298566788253313
0.7139662504196167,1.6999196438562303,0.004101173486560583,0.0,0.004101173486560583,101367.1171875,-0.046357904098227605
0.7150805592536926,1.7025727601278398,0.0020595178939402103,0.0,0.0020595178939402103,102203.4296875,1.0941815085661664
0.7151377201080322,1.7027088574000768,0.0061606913805007935,0.0,0.0061606913805007935,101268.984375,-0.18018866751723078
0.7161211967468262,1.7050504684448242,0.0,0.0,0.0,101990.9609375,0.8044226166034875
0.7162520885467529,1.705362115587507,0.004119035787880421,0.0,0.004119035787880421,101642.0625,0.32860476264844696
0.7172927260398865,1.7078398239044916,0.0020595178939402103,0.0,0.0020595178939402103,101429.59375,0.038845870685767975
0.7174235582351685,1.7081513291313535,0.006178553216159344,0.0,0.006178553216159344,101306.71875,-0.12872759058754482
0.71833336353302,1.7103175322214763,0.0,0.0,0.0,101217.1171875,-0.2509236757441842
0.718464195728302,1.7106290374483382,0.004119035787880421,0.0,0.004119035787880421,101912.9375,0.6980164519457703
0.7195048332214355,1.7131067457653228,0.0020595178939402103,0.0,0.0020595178939402103,101719.5859375,0.4343290414006776
0.7197157740592957,1.713608985855466,0.006172790192067623,0.0,0.006172790192067623,101327.3671875,-0.10056783358440612
0.7205454707145691,1.7155844540823075,0.0,0.0,0.0,102767.15625,1.8629759036004003
0.7207564115524292,1.7160866941724506,0.004113272298127413,0.0,0.004113272298127413,101364.734375,-0.04960751661656181
0.7217970490455627,1.718564402489435,0.0020537544041872025,0.0,0.0020537544041872025,102205.2734375,1.096695962842648
0.7220079898834229,1.7190666425795782,0.006167026702314615,0.0,0.006167026702314615,101274.3828125,-0.172826430631431
0.7227575778961182,1.7208513759431385,0.0,0.0,0.0,101989.3984375,0.802291723148842
0.7230486273765564,1.7215443508965629,0.004107508808374405,0.0,0.004107508808374405,101643.375,0.3303947131503491
0.7240091562271118,1.7238313243502663,0.0020537544041872025,0.0,0.0020537544041872025,101427.5078125,0.03600112792381639
0.7243001461029053,1.7245241573878698,0.00616126274690032,0.0,0.00616126274690032,101221.3828125,-0.24510633661300235
0.7249696850776672,1.7261182978039697,0.0,0.0,0.0,101211.640625,-0.2583924573027163
0.7252607345581055,1.726811272757394,0.004107508808374405,0.0,0.004107508808374405,100865.6171875,-0.7302894673012092
0.7262212634086609,1.7290982462110973,0.0020537544041872025,0.0,0.0020537544041872025,100649.7421875,-1.0246937069950153
0.726615309715271,1.7300364517030262,0.006140207871794701,0.0,0.006140207871794701,101329.390625,-0.09780832656064034
0.7271817922592163,1.7313852196648007,0.0,0.0,0.0,100433.8828125,-1.3190766377542746
0.7275758385658264,1.7323234251567297,0.004086453467607498,0.0,0.004086453467607498,101360.4765625,-0.055414201280470476
0.7285364270210266,1.734610540526254,0.0020326990634202957,0.0,0.0020326990634202957,101163.1875,-0.3244714633312696
0.7289304733276367,1.7355487460181827,0.006119152531027794,0.0,0.006119152531027794,101275.671875,-0.17106844353134856
0.7293939590454102,1.7366522834414528,0.0,0.0,0.0,102005.890625,0.8247833035626241
0.7298910021781921,1.737835719471886,0.004065398126840591,0.0,0.004065398126840591,100814.703125,-0.799724630520829
0.7307485342025757,1.739877462387085,0.0020326990634202957,0.0,0.0020326990634202957,101440.890625,0.054252230362854086
0.7312455773353577,1.7410608984175182,0.006098097190260887,0.0,0.006098097190260887,101318.9765625,-0.11201073143585182
0.7316060662269592,1.7419192053022838,0.0,0.0,0.0,101248.9921875,-0.20745344926941844
0.7321031093597412,1.7431026413327173,0.004065398126840591,0.0,0.004065398126840591,100875.8828125,-0.7162894973041891
0.7329606413841248,1.7451443842479162,0.0020326990634202957,0.0,0.0020326990634202957,100683.9921875,-0.9779845224691884
0.7333772778511047,1.7461363758359638,0.0059904009103775024,0.0,0.0059904009103775024,101353.21875,-0.06531220137729828
0.7338181734085083,1.747186127163115,0.0,0.0,0.0,102726.125,1.8070186414814127
0.7342348098754883,1.7481781187511627,0.003957702312618494,0.0,0.003957702312618494,101335.140625,-0.08996663864754534
0.7350923418998718,1.7502198616663616,0.0019250030163675547,0.0,0.0019250030163675547,102165.859375,1.0429441754492181
0.735508918762207,1.7512117113385883,0.005882705096155405,0.0,0.005882705096155405,101305.3046875,-0.1306560491639989
0.7360303401947021,1.7524531909397671,0.0,0.0,0.0,101986.09375,0.7977848834922671
0.7363664507865906,1.7532534542537872,0.0038500060327351093,0.0,0.0038500060327351093,101605.5859375,0.27885905494975055
0.7373044490814209,1.7554867835271928,0.0019250030163675547,0.0,0.0019250030163675547,101425.828125,0.033710417460072604
0.7376405596733093,1.7562870468412128,0.00577500881627202,0.0,0.00577500881627202,101257.390625,-0.19599989695069953
0.7382424473762512,1.7577201128005981,0.0,0.0,0.0,101246.0625,-0.21144887449687855
0.7385785579681396,1.7585203761146182,0.0038500060327351093,0.0,0.0038500060327351093,100865.546875,-0.7303853575066683
0.73951655626297,1.7607537053880238,0.0019250030163675547,0.0,0.0019250030163675547,100685.796875,-0.975523340529073
0.7397031784057617,1.7611980438232422,0.0053522041998803616,0.0,0.0053522041998803616,101427.59375,0.036118327063821884
0.7404545545578003,1.7629870346614294,0.0,0.0,0.0,100506.03125,-1.2206826324860243
0.740641176700592,1.7634313730966478,0.003427201183512807,0.0,0.003427201183512807,101226.0234375,-0.23877758305270555
0.7415791749954224,1.7656647023700534,0.0015021980507299304,0.0,0.0015021980507299304,100888.953125,-0.6984645735560805
0.7417657971382141,1.7661090408052718,0.0049293991178274155,0.0,0.0049293991178274155,101341.359375,-0.08148568269805673
0.7418122291564941,1.766219593229748,0.007084779441356659,0.0,0.007084779441356659,101380.4296875,-0.02820269186464896
0.7426666617393494,1.7682539565222604,0.0,0.0,0.0,101911.15625,0.6955872334074745
0.7427037954330444,1.7683423700786773,0.003004396101459861,0.0,0.003004396101459861,100661.171875,-1.0091062213742843
0.7437913417816162,1.7709317661467052,0.0015021980507299304,0.0,0.0015021980507299304,101421.4921875,0.02779718812343167
0.7438284158706665,1.7710200377873013,0.004506594035774469,0.0,0.004506594035774469,101255.109375,-0.1991110013944818
0.7438748478889465,1.7711305902117775,0.006661974824965,0.0,0.006661974824965,101294.1875,-0.14581735609380078
0.7448788285255432,1.7735210202989125,0.0,0.0,0.0,101237.5,-0.22312617062833523
0.7449159622192383,1.7736094338553292,0.003004396101459861,0.0,0.003004396101459861,102111.0,0.9681285062566188
0.7458335161209106,1.7757940860021684,0.004907925613224506,0.0,0.004907925613224506,101256.0546875,-0.19782181085442133
0.7458798885345459,1.7759044965108237,0.007063306402415037,0.0,0.007063306402415037,101247.9609375,-0.2088598389494844
0.7460034489631653,1.7761986880075364,0.0015021980507299304,0.0,0.0015021980507299304,102050.2734375,0.8853113321418261
0.7469210624694824,1.7783834820701963,0.003405727678909898,0.0,0.003405727678909898,101529.265625,0.17477556415759687
0.7470909357070923,1.7787879421597437,0.0,0.0,0.0,102716.234375,1.7935300859135075
0.7478386163711548,1.7805681342170352,0.005309257190674543,0.0,0.005309257190674543,101181.1015625,-0.30004076987376027
0.74788498878479,1.7806785447256905,0.007464637514203787,0.0,0.007464637514203787,101234.78125,-0.2268339252394182
0.7480085492134094,1.7809727362224035,0.0019035295117646456,0.0,0.0019035295117646456,102187.8359375,1.0729151918888056
0.7489261031150818,1.7831573883692424,0.003807059023529291,0.0,0.003807059023529291,101659.4296875,0.3522896433968304
0.7493030428886414,1.7840548640205747,0.0,0.0,0.0,101953.0546875,0.7527271413937905
0.7498436570167542,1.7853420405160814,0.005710588302463293,0.0,0.005710588302463293,101241.984375,-0.217010506413503
0.7502206563949585,1.7862396580832345,0.0019035295117646456,0.0,0.0019035295117646456,101424.65625,0.03211224736908857
0.7511382102966309,1.7884243102300736,0.003807059023529291,0.0,0.003807059023529291,100896.25,-0.6885133011228866
0.7515151500701904,1.789321785881406,0.0,0.0,0.0,101189.875,-0.28807580312592646
0.7520743012428284,1.7906530981972104,0.0058157905004918575,0.0,0.0058157905004918575,101298.171875,-0.14038357778445507
0.7524327635765076,1.7915065799440657,0.0019035295117646456,0.0,0.0019035295117646456,100661.46875,-1.0087013516179015
0.7533687949180603,1.7937352259953818,0.003912260755896568,0.0,0.003912260755896568,101398.203125,-0.003963778818057742
0.7537272572517395,1.7945887077422369,0.0,0.0,0.0,100426.6875,-1.3288894021129167
0.7543048858642578,1.7959640139625186,0.005920992232859135,0.0,0.005920992232859135,101251.1796875,-0.20447019843291492
0.754663348197937,1.7968174957093739,0.0020087314769625664,0.0,0.0020087314769625664,102207.0390625,1.0991038724463973
0.7555994391441345,1.7990462836765109,0.004017462953925133,0.0,0.004017462953925133,101651.921875,0.3420507003472593
0.7559394240379333,1.799855771518889,0.0,0.0,0.0,101978.2890625,0.7871410706863133
0.7565354704856873,1.8012749297278268,0.006026193965226412,0.0,0.006026193965226412,101284.578125,-0.15892235083986989
0.7568754553794861,1.802084417570205,0.0020087314769625664,0.0,0.0020087314769625664,101423.1796875,0.030098553054448682
0.7578115463256836,1.8043132055373419,0.004017462953925133,0.0,0.004017462953925133,100868.0625,-0.7269546190446893
0.7581515312194824,1.8051226933797202,0.0,0.0,0.0,101194.4375,-0.2818535942383619
0.7589133381843567,1.8069365194865636,0.006147625856101513,0.0,0.006147625856101513,101547.046875,0.1990251316714613
0.7590876221656799,1.807351481346857,0.0020087314769625664,0.0,0.0020087314769625664,100639.3125,-1.0389174208047731
0.760189414024353,1.8099747952960787,0.0041388943791389465,0.0,0.0041388943791389465,101393.46875,-0.010420385985633248
0.7603636384010315,1.8103896152405512,0.0,0.0,0.0,100410.5625,-1.350880222564857
0.7612912058830261,1.8125981092453003,0.006269057281315327,0.0,0.006269057281315327,101017.5625,-0.5230707333042192
0.7614654898643494,1.8130130711055938,0.00213016290217638,0.0,0.00213016290217638,102241.9296875,1.1466867232886286
0.7625672817230225,1.8156363850548154,0.00426032580435276,0.0,0.00426032580435276,101674.484375,0.3728208018323386
0.7625758051872253,1.8156566790172033,0.0,0.0,0.0,101980.1328125,0.7896555249627949
0.7636690139770508,1.8182595570882163,0.006390488240867853,0.0,0.006390488240867853,101107.0390625,-0.40104511962395134
0.7636775970458984,1.8182799929664248,0.00213016290217638,0.0,0.00213016290217638,101412.6875,0.015789603506504945
0.7647793889045715,1.8209033069156466,0.00426032580435276,0.0,0.00426032580435276,100845.2578125,-0.7580550090152386
0.7647879123687744,1.8209236008780343,0.0,0.0,0.0,101150.890625,-0.34124159481932875
0.7658897042274475,1.823546914827256,0.00213016290217638,0.0,0.00213016290217638,100583.4609375,-1.1150862073410723
0.7663217186927795,1.8245755206970942,0.006607871036976576,0.0,0.006607871036976576,101535.0078125,0.18260659760341863
0.7670000195503235,1.8261905227388655,0.0,0.0,0.0,100321.6484375,-1.4721387146014524
0.7674320340156555,1.8272191286087036,0.004477708134800196,0.0,0.004477708134800196,101391.234375,-0.013467563625776143
0.7685423493385315,1.829862736520313,0.0023475452326238155,0.0,0.0023475452326238155,102230.203125,1.1306943679115151
0.7689743638038635,1.8308913423901514,0.006825253367424011,0.0,0.006825253367424011,101024.1171875,-0.5141316352619818
0.7692121267318726,1.8314574445996967,0.0,0.0,0.0,102081.03125,0.9272579697965204
0.7700846791267395,1.8335349503017608,0.004695090465247631,0.0,0.004695090465247631,101613.71875,0.28995035538117975
0.7707544565200806,1.8351296583811443,0.0023475452326238155,0.0,0.0023475452326238155,101464.546875,0.08651395726618516
0.7714242339134216,1.8367243664605277,0.0,0.0,0.0,101315.359375,-0.11694374978335587
0.7716270089149475,1.8372071640832084,0.007042635697871447,0.0,0.007042635697871447,101332.0546875,-0.09417515322046997
0.7722967863082886,1.8388018721625918,0.004695090465247631,0.0,0.004695090465247631,100848.046875,-0.7542513641986965
0.7729665637016296,1.8403965802419755,0.0023475452326238155,0.0,0.0023475452326238155,100698.875,-0.9576877623136911
0.7735521197319031,1.841790761266436,0.006156489253044128,0.0,0.006156489253044128,101590.1484375,0.25780582761785414
0.7736363410949707,1.841991288321359,0.0,0.0,0.0,100549.6875,-1.1611454693632322
0.7742218971252441,1.8433854693458194,0.003808944020420313,0.0,0.003808944020420313,101086.421875,-0.4291622587579972
0.7748916745185852,1.844980177425203,0.0014613987877964973,0.0,0.0014613987877964973,102052.453125,0.8882839285110564
0.7754772901535034,1.8463745003654843,0.00527034280821681,0.0,0.00527034280821681,101482.4375,0.11091268732187477
0.7758219242095947,1.8471950576418923,0.0071602449752390385,0.0,0.0071602449752390385,101460.8046875,0.08141046744230947
0.7758484482765198,1.84725821018219,0.0,0.0,0.0,101917.140625,0.7037485553387663
0.7761470675468445,1.8479692084448678,0.0029227975755929947,0.0,0.0029227975755929947,101558.9375,0.21524123086131267
0.7771037817001343,1.850247099286034,0.0014613987877964973,0.0,0.0014613987877964973,101423.625,0.030705857689022616
0.777402400970459,1.8509580975487119,0.004384196363389492,0.0,0.004384196363389492,101374.703125,-0.03601241637592428
0.7777470946311951,1.8517787967409407,0.00627409853041172,0.0,0.00627409853041172,101353.078125,-0.06550398178821636
0.7780606150627136,1.852525273958842,0.0,0.0,0.0,101288.3046875,-0.15384016995054065
0.7783591747283936,1.853236130305699,0.0029227975755929947,0.0,0.0029227975755929947,100930.1171875,-0.6423261854934479
0.7792923450469971,1.8554579643976121,0.004563919734209776,0.0,0.004563919734209776,101338.5234375,-0.08535325431823809
0.7793159484863281,1.8555141630626861,0.0014613987877964973,0.0,0.0014613987877964973,100794.8046875,-0.826861558665738
0.7796370387077332,1.856278663589841,0.006453821901232004,0.0,0.006453821901232004,101279.890625,-0.16531503120380603
0.7802491188049316,1.8577359971545993,0.0031025211792439222,0.0,0.0031025211792439222,101472.734375,0.09767983896852696
0.7802727222442627,1.8577921958196733,0.0,0.0,0.0,100659.4765625,-1.0114182407725745
0.7811822891235352,1.8599578312465124,0.004743643570691347,0.0,0.004743643570691347,101258.4140625,-0.1946041617379068
0.7812058925628662,1.8600140299115864,0.0016411223914474249,0.0,0.0016411223914474249,102140.09375,1.0078057423821158
0.7815269231796265,1.8607783885229203,0.006633545272052288,0.0,0.006633545272052288,101242.1953125,-0.21672283579712587
0.7821390628814697,1.8622358640034995,0.0032822447828948498,0.0,0.0032822447828948498,101644.4296875,0.3318330662322347
0.7824848890304565,1.8630592595963251,0.0,0.0,0.0,101899.765625,0.6800530201231098
0.7830721735954285,1.8644575561795917,0.004923366941511631,0.0,0.004923366941511631,101274.7265625,-0.17235763407140903
0.7834179997444153,1.8652809517724174,0.0016411223914474249,0.0,0.0016411223914474249,101404.109375,0.0040909984405018
0.784073531627655,1.8668417419706074,0.006632681470364332,0.0,0.006632681470364332,101334.1640625,-0.0912984470566987
0.7843511700630188,1.8675027858643305,0.0032822447828948498,0.0,0.0032822447828948498,100908.453125,-0.6718710232421061
0.7846969962120056,1.8683261814571563,0.0,0.0,0.0,101163.78125,-0.32366172381850433
0.7853083610534668,1.869781812032064,0.0049125878140330315,0.0,0.0049125878140330315,101563.890625,0.22199616311253853
0.7856301665306091,1.8705480155490695,0.0016411223914474249,0.0,0.0016411223914474249,100668.140625,-0.9996024365665658
0.7863096594810486,1.8721658559072587,0.006621901877224445,0.0,0.006621901877224445,101320.578125,-0.1098265656448403
0.7865872979164124,1.8728268998009818,0.003271465189754963,0.0,0.003271465189754963,101370.4609375,-0.04179779210528649
0.7869091033935547,1.8735931033179873,0.0,0.0,0.0,100427.8125,-1.3273551588255719
0.7875444889068604,1.8751059259687153,0.004901808220893145,0.0,0.004901808220893145,101019.15625,-0.5208972219804808
0.7878662943840027,1.8758721294857208,0.0016303429147228599,0.0,0.0016303429147228599,102180.8203125,1.0633474802774479
0.7885458469390869,1.877490111759731,0.0066111222840845585,0.0,0.0066111222840845585,101265.0234375,-0.18559048242475684
0.7888234853744507,1.878151155653454,0.0032606858294457197,0.0,0.0032606858294457197,101623.1640625,0.30283160631451106
0.7891212701797485,1.8788601670946394,0.0,0.0,0.0,102010.2421875,0.8307178418338115
0.7897806167602539,1.8804300399053666,0.004891028627753258,0.0,0.004891028627753258,101065.515625,-0.4576736131811524
0.7900784015655518,1.8811390513465518,0.0016303429147228599,0.0,0.0016303429147228599,101452.59375,0.07021262233814798
0.7910009026527405,1.883335482506525,0.00654761353507638,0.0,0.00654761353507638,101358.3671875,-0.058290907444241744
0.7910355925559998,1.8834180775142852,0.0032606858294457197,0.0,0.0032606858294457197,100894.9375,-0.6903032516247887
0.7913333773612976,1.8841270889554707,0.0,0.0,0.0,101282.015625,-0.1624170161054883
0.7917355895042419,1.8850847369148618,0.00477215088903904,0.0,0.00477215088903904,101561.5546875,0.21881047739784368
0.7922905087471008,1.886405973207383,0.0016303429147228599,0.0,0.0016303429147228599,100724.375,-0.9229115811338785
0.7929558157920837,1.8879900376001995,0.006428735796362162,0.0,0.006428735796362162,101343.5,-0.07856635866519256
0.792990505695343,1.8880726326079595,0.003141807857900858,0.0,0.003141807857900858,101321.9921875,-0.10789810706838622
0.7935454249382019,1.8893938689004808,0.0,0.0,0.0,100553.796875,-1.1555412195775148
0.7936905026435852,1.8897392920085363,0.004653272684663534,0.0,0.004653272684663534,100997.46875,-0.5504740231309587
0.7942454814910889,1.8910606702168784,0.0015114648267626762,0.0,0.0015114648267626762,102061.9609375,0.9012504151825735
0.7949107885360718,1.8926447346096948,0.006309857591986656,0.0,0.006309857591986656,101230.5390625,-0.23261930096878042
0.794945478439331,1.892727329617455,0.0030229296535253525,0.0,0.0030229296535253525,101615.90625,0.2929336062176833
0.7956454157829285,1.8943938471022108,0.004534394480288029,0.0,0.004534394480288029,101146.234375,-0.34759165731417196
0.7957575917243958,1.8946609326771329,0.0,0.0,0.0,101871.7421875,0.6418354460140449
0.7964575886726379,1.8963275920777094,0.0015114648267626762,0.0,0.0015114648267626762,101425.6875,0.03351863704915452
0.7967318296432495,1.8969805467696417,0.0071818591095507145,0.0,0.0071818591095507145,101165.734375,-0.3209981070001976
0.7971575856208801,1.8979942514782862,0.0030229296535253525,0.0,0.0030229296535253525,102186.484375,1.0710719690505373
0.797466516494751,1.8987298011779785,0.005406395997852087,0.0,0.005406395997852087,101081.4296875,-0.4359704633455892
0.7979696989059448,1.8999278545379639,0.0,0.0,0.0,101235.46875,-0.22589633211937424
0.798669695854187,1.9015945139385406,0.0015114648267626762,0.0,0.0015114648267626762,102242.2578125,1.147134210914104
0.7989786267280579,1.902330063638233,0.0038949311710894108,0.0,0.0038949311710894108,101628.6640625,0.3103323512748628
0.7992875576019287,1.9030656133379256,0.006278397515416145,0.0,0.006278397515416145,101016.6328125,-0.5243386149097331
0.8001818060874939,1.905194776398795,0.0,0.0,0.0,102689.4375,1.7569852631663392
0.8004907369613647,1.9059303260984877,0.0023834663443267345,0.0,0.0023834663443267345,102181.8671875,1.06477517889206
0.8007996678352356,1.90666587579818,0.004766932688653469,0.0,0.004766932688653469,101674.2890625,0.3725544401505079
0.8011085391044617,1.9074012835820517,0.007150399032980204,0.0,0.007150399032980204,101989.8515625,0.8029096822506893
0.802393913269043,1.910461698259626,0.0,0.0,0.0,101906.6796875,0.6894822236599155
0.8027028441429138,1.9111972479593187,0.0023834663443267345,0.0,0.0023834663443267345,101399.1015625,-0.0027385150816366475
0.8030117750167847,1.9119327976590113,0.004766932688653469,0.0,0.004766932688653469,101791.1484375,0.531923961623436
0.8039848208427429,1.9142495734351022,0.006944393273442984,0.0,0.006944393273442984,101514.8671875,0.15513938097303967
0.8046060800552368,1.9157287620362782,0.0,0.0,0.0,101123.90625,-0.3780421247810545
0.8049150109291077,1.9164643117359708,0.0023834663443267345,0.0,0.0023834663443267345,101592.4296875,0.2609169320616364
0.8058880567550659,1.918781087512062,0.004560926929116249,0.0,0.004560926929116249,101316.1484375,-0.11586764858875995
0.8068181872367859,1.9209956838971094,0.0,0.0,0.0,101393.703125,-0.01010075196743644
0.8068611025810242,1.9210978632881528,0.006738387048244476,0.0,0.006738387048244476,101039.8671875,-0.4926522292391563
0.8077912330627441,1.9233124596732003,0.002177460351958871,0.0,0.002177460351958871,101117.4296875,-0.3868746781505596
0.8087642788887024,1.9256292354492914,0.004354920703917742,0.0,0.004354920703917742,100841.15625,-0.7636486043336828
0.8090303540229797,1.9262627476737613,0.0,0.0,0.0,102097.8828125,0.9502396557048709
0.8097373247146606,1.9279460112253826,0.006532380823045969,0.0,0.006532380823045969,100564.8828125,-1.1404225305168059
0.8100033402442932,1.9285793815340315,0.002177460351958871,0.0,0.002177460351958871,101469.359375,0.09307710910649293
0.8109764456748962,1.9308962992259435,0.004354920703917742,0.0,0.004354920703917742,100840.84375,-0.7640747830246118
0.8112424612045288,1.9315296695345925,0.0,0.0,0.0,101263.203125,-0.18807297329941872
0.8120824694633484,1.9335296891984486,0.006270674057304859,0.0,0.006270674057304859,101398.25,-0.00389985201441838
0.8122155070304871,1.9338464453106836,0.002177460351958871,0.0,0.002177460351958871,100634.6875,-1.0452248654305234
0.8133215308189392,1.9364798352831887,0.004093213472515345,0.0,0.004093213472515345,101288.90625,-0.15301977597050218
0.8134545683860779,1.9367965913954237,0.0,0.0,0.0,100428.53125,-1.326374947836435
0.8144276142120361,1.9391133671715146,0.006008966825902462,0.0,0.006008966825902462,101345.4375,-0.07592405078143227
0.8145606517791748,1.9394301232837496,0.0019157532369717956,0.0,0.0019157532369717956,102206.796875,1.0987735839609272
0.8156667351722717,1.9420636551720756,0.0,0.0,0.0,102035.796875,0.8655686042845366
0.8167727589607239,1.9446970451445806,0.0019157532369717956,0.0,0.0019157532369717956,101446.6640625,0.062125881677768766
0.8178788423538208,1.9473305770329068,0.0,0.0,0.0,101275.671875,-0.17106844353134856
0.8188489079475403,1.9496402570179532,0.005399540066719055,0.0,0.005399540066719055,101563.1796875,0.22102660659067486
0.818984866142273,1.9499639670054119,0.0019157532369717956,0.0,0.0019157532369717956,100686.5390625,-0.9745111661381165
0.8199549913406372,1.9522737889062791,0.003483786713331938,0.0,0.003483786713331938,101262.21875,-0.1894154361758453
0.8200908899307251,1.952597356977917,0.0,0.0,0.0,100515.5546875,-1.2076948368799605
0.8203814029693604,1.9532890546889532,0.007492447271943092,0.0,0.007492447271943092,101381.1015625,-0.027286407679151442
0.8209251165390015,1.9545836108071464,0.005051820073276758,0.0,0.005051820073276758,101017.1484375,-0.5236354200697002
0.8210610747337341,1.954907320794605,0.0015680333599448204,0.0,0.0015680333599448204,102168.5,1.0465453853875688
0.8220311999320984,1.9572171426954725,0.003136066719889641,0.0,0.003136066719889641,101701.515625,0.4096852585977037
0.822303056716919,1.957864420754569,0.0,0.0,0.0,101852.421875,0.6154869484473546
0.8224576115608215,1.9582324084781466,0.007144727278500795,0.0,0.007144727278500795,101358.2734375,-0.05841876105152047
0.8230013251304626,1.9595269645963398,0.004704100079834461,0.0,0.004704100079834461,101342.578125,-0.07982358580343332
0.8232731819152832,1.9601742426554363,0.0015680333599448204,0.0,0.0015680333599448204,101385.4453125,-0.021362523875237283
0.8242433071136475,1.9624840645563035,0.003136066719889641,0.0,0.003136066719889641,100918.46875,-0.6582119961978292
0.824515163898468,1.9631313426154,0.0,0.0,0.0,101069.3671875,-0.4524209608154515
0.8254852890968323,1.9654411645162675,0.0015680333599448204,0.0,0.0015680333599448204,100602.390625,-1.0892704331380434
0.825518786907196,1.9655209212076097,0.005260202568024397,0.0,0.005260202568024397,101219.0703125,-0.24826005892587752
0.8267272710800171,1.9683982644762312,0.0,0.0,0.0,100286.3125,-1.5203288700782578
0.8267607688903809,1.9684780211675736,0.00369216944091022,0.0,0.00369216944091022,101326.0078125,-0.1024217108899476
0.8280027508735657,1.9714351211275374,0.0021241360809653997,0.0,0.0021241360809653997,101881.015625,0.6544822986673652
0.8280362486839294,1.9715148778188798,0.00581630552187562,0.0,0.00581630552187562,101095.5625,-0.4166965320483217
0.8289393782615662,1.9736651863370624,0.0,0.0,0.0,102707.46875,1.7815757736329467
0.8292782306671143,1.9744719777788435,0.0042482721619307995,0.0,0.0042482721619307995,100883.9609375,-0.7052727781436725
0.8302148580551147,1.9767020429883686,0.0021241360809653997,0.0,0.0021241360809653997,101710.4140625,0.42182069682190915
0.8305537104606628,1.9775088344301497,0.006372408010065556,0.0,0.006372408010065556,101245.8828125,-0.21169392724416275
0.83115154504776,1.9789322501137143,0.0,0.0,0.0,102536.8671875,1.5489141717874908
0.8314903974533081,1.9797390415554956,0.0042482721619307995,0.0,0.0042482721619307995,100713.375,-0.937913071054582
0.8324270248413086,1.9819691067650205,0.0021241360809653997,0.0,0.0021241360809653997,101539.828125,0.18918040391099963
0.8333636522293091,1.9841991719745455,0.0,0.0,0.0,102366.265625,1.3162525699420349
0.8337025046348572,1.9850059634163266,0.0042482721619307995,0.0,0.0042482721619307995,101263.515625,-0.18764679460848963
0.8346391320228577,1.9872360286258517,0.0021241360809653997,0.0,0.0021241360809653997,100915.7890625,-0.6618664784725461
0.8355757594108582,1.9894660938353765,0.0,0.0,0.0,100568.0625,-1.1360861623366025
0.8368512392044067,1.9925029504866827,0.0021241360809653997,0.0,0.0021241360809653997,100185.765625,-1.657451863884688
0.8377878665924072,1.9947330156962078,0.0,0.0,0.0,99838.046875,-2.131660893281471
0.8399999737739563,1.999999937557039,0.0,0.0,0.0,99108.015625,-3.1272569331608864
