<?xml version='1.0'?>
<!-- patch='bottomWall' time='80' index='80' -->
<VTKFile type='PolyData' version='0.1' byte_order='LittleEndian' header_type='UInt64'>
  <PolyData>
    <FieldData>
      <DataArray type='Float32' Name='TimeValue' NumberOfTuples='1' format='ascii'>
80
      </DataArray>
    </FieldData>
    <Piece NumberOfPoints='1042' NumberOfPolys='520'>
      <Points>
        <DataArray type='Float32' Name='Points' NumberOfComponents='3' format='ascii'>
-0.9 0 -0.01 -0.898901 0 -0.01 -0.898901 0 0.01
-0.9 0 0.01 -0.897373 0 -0.01 -0.897373 0 0.01
-0.895561 0 -0.01 -0.895561 0 0.01 -0.893612 0 -0.01
-0.893612 0 0.01 -0.891675 0 -0.01 -0.891675 0 0.01
-0.889896 0 -0.01 -0.889896 0 0.01 -0.8882 0 -0.01
-0.8882 0 0.01 -0.8865 0 -0.01 -0.8865 0 0.01
-0.884796 0 -0.01 -0.884796 0 0.01 -0.883089 0 -0.01
-0.883089 0 0.01 -0.881378 0 -0.01 -0.881378 0 0.01
-0.879663 0 -0.01 -0.879663 0 0.01 -0.877945 0 -0.01
-0.877945 0 0.01 -0.876223 0 -0.01 -0.876223 0 0.01
-0.874498 0 -0.01 -0.874498 0 0.01 -0.872768 0 -0.01
-0.872768 0 0.01 -0.871036 0 -0.01 -0.871036 0 0.01
-0.869299 0 -0.01 -0.869299 0 0.01 -0.867559 0 -0.01
-0.867559 0 0.01 -0.865815 0 -0.01 -0.865815 0 0.01
-0.864068 0 -0.01 -0.864068 0 0.01 -0.862316 0 -0.01
-0.862316 0 0.01 -0.860562 0 -0.01 -0.860562 0 0.01
-0.858803 0 -0.01 -0.858803 0 0.01 -0.857041 0 -0.01
-0.857041 0 0.01 -0.855274 0 -0.01 -0.855274 0 0.01
-0.853505 0 -0.01 -0.853505 0 0.01 -0.851731 0 -0.01
-0.851731 0 0.01 -0.849954 0 -0.01 -0.849954 0 0.01
-0.848172 0 -0.01 -0.848172 0 0.01 -0.846388 0 -0.01
-0.846388 0 0.01 -0.844599 0 -0.01 -0.844599 0 0.01
-0.842806 0 -0.01 -0.842806 0 0.01 -0.84101 0 -0.01
-0.84101 0 0.01 -0.83921 0 -0.01 -0.83921 0 0.01
-0.837406 0 -0.01 -0.837406 0 0.01 -0.835598 0 -0.01
-0.835598 0 0.01 -0.833787 0 -0.01 -0.833787 0 0.01
-0.831971 0 -0.01 -0.831971 0 0.01 -0.830152 0 -0.01
-0.830152 0 0.01 -0.828329 0 -0.01 -0.828329 0 0.01
-0.826502 0 -0.01 -0.826502 0 0.01 -0.824671 0 -0.01
-0.824671 0 0.01 -0.822837 0 -0.01 -0.822837 0 0.01
-0.820998 0 -0.01 -0.820998 0 0.01 -0.819156 0 -0.01
-0.819156 0 0.01 -0.817309 0 -0.01 -0.817309 0 0.01
-0.815459 0 -0.01 -0.815459 0 0.01 -0.813605 0 -0.01
-0.813605 0 0.01 -0.811746 0 -0.01 -0.811746 0 0.01
-0.809884 0 -0.01 -0.809884 0 0.01 -0.808018 0 -0.01
-0.808018 0 0.01 -0.806148 0 -0.01 -0.806148 0 0.01
-0.804274 0 -0.01 -0.804274 0 0.01 -0.802396 0 -0.01
-0.802396 0 0.01 -0.800514 0 -0.01 -0.800514 0 0.01
-0.798629 0 -0.01 -0.798629 0 0.01 -0.796739 0 -0.01
-0.796739 0 0.01 -0.794845 0 -0.01 -0.794845 0 0.01
-0.792947 0 -0.01 -0.792947 0 0.01 -0.791045 0 -0.01
-0.791045 0 0.01 -0.789139 0 -0.01 -0.789139 0 0.01
-0.787229 0 -0.01 -0.787229 0 0.01 -0.785315 0 -0.01
-0.785315 0 0.01 -0.783397 0 -0.01 -0.783397 0 0.01
-0.781475 0 -0.01 -0.781475 0 0.01 -0.779548 0 -0.01
-0.779548 0 0.01 -0.777618 0 -0.01 -0.777618 0 0.01
-0.775684 0 -0.01 -0.775684 0 0.01 -0.773745 0 -0.01
-0.773745 0 0.01 -0.771803 0 -0.01 -0.771803 0 0.01
-0.769856 0 -0.01 -0.769856 0 0.01 -0.767905 0 -0.01
-0.767905 0 0.01 -0.76595 0 -0.01 -0.76595 0 0.01
-0.763991 0 -0.01 -0.763991 0 0.01 -0.762028 0 -0.01
-0.762028 0 0.01 -0.76006 0 -0.01 -0.76006 0 0.01
-0.758088 0 -0.01 -0.758088 0 0.01 -0.756113 0 -0.01
-0.756113 0 0.01 -0.754133 0 -0.01 -0.754133 0 0.01
-0.752149 0 -0.01 -0.752149 0 0.01 -0.75016 0 -0.01
-0.75016 0 0.01 -0.748168 0 -0.01 -0.748168 0 0.01
-0.746171 0 -0.01 -0.746171 0 0.01 -0.74417 0 -0.01
-0.74417 0 0.01 -0.742164 0 -0.01 -0.742164 0 0.01
-0.740155 0 -0.01 -0.740155 0 0.01 -0.738141 0 -0.01
-0.738141 0 0.01 -0.736123 0 -0.01 -0.736123 0 0.01
-0.734101 0 -0.01 -0.734101 0 0.01 -0.732074 0 -0.01
-0.732074 0 0.01 -0.730043 0 -0.01 -0.730043 0 0.01
-0.728008 0 -0.01 -0.728008 0 0.01 -0.725968 0 -0.01
-0.725968 0 0.01 -0.723924 0 -0.01 -0.723924 0 0.01
-0.721876 0 -0.01 -0.721876 0 0.01 -0.719824 0 -0.01
-0.719824 0 0.01 -0.717767 0 -0.01 -0.717767 0 0.01
-0.715706 0 -0.01 -0.715706 0 0.01 -0.71364 0 -0.01
-0.71364 0 0.01 -0.71157 0 -0.01 -0.71157 0 0.01
-0.709496 0 -0.01 -0.709496 0 0.01 -0.707417 0 -0.01
-0.707417 0 0.01 -0.705334 0 -0.01 -0.705334 0 0.01
-0.703246 0 -0.01 -0.703246 0 0.01 -0.701154 0 -0.01
-0.701154 0 0.01 -0.699058 0 -0.01 -0.699058 0 0.01
-0.696957 0 -0.01 -0.696957 0 0.01 -0.694851 0 -0.01
-0.694851 0 0.01 -0.692742 0 -0.01 -0.692742 0 0.01
-0.690627 0 -0.01 -0.690627 0 0.01 -0.688509 0 -0.01
-0.688509 0 0.01 -0.686385 0 -0.01 -0.686385 0 0.01
-0.684258 0 -0.01 -0.684258 0 0.01 -0.682125 0 -0.01
-0.682125 0 0.01 -0.679989 0 -0.01 -0.679989 0 0.01
-0.677847 0 -0.01 -0.677847 0 0.01 -0.675701 0 -0.01
-0.675701 0 0.01 -0.673551 0 -0.01 -0.673551 0 0.01
-0.671396 0 -0.01 -0.671396 0 0.01 -0.669237 0 -0.01
-0.669237 0 0.01 -0.667073 0 -0.01 -0.667073 0 0.01
-0.664904 0 -0.01 -0.664904 0 0.01 -0.662731 0 -0.01
-0.662731 0 0.01 -0.660553 0 -0.01 -0.660553 0 0.01
-0.65837 0 -0.01 -0.65837 0 0.01 -0.656183 0 -0.01
-0.656183 0 0.01 -0.653991 0 -0.01 -0.653991 0 0.01
-0.651795 0 -0.01 -0.651795 0 0.01 -0.649594 0 -0.01
-0.649594 0 0.01 -0.647388 0 -0.01 -0.647388 0 0.01
-0.645178 0 -0.01 -0.645178 0 0.01 -0.642963 0 -0.01
-0.642963 0 0.01 -0.640743 0 -0.01 -0.640743 0 0.01
-0.638519 0 -0.01 -0.638519 0 0.01 -0.636289 0 -0.01
-0.636289 0 0.01 -0.634056 0 -0.01 -0.634056 0 0.01
-0.631817 0 -0.01 -0.631817 0 0.01 -0.629574 0 -0.01
-0.629574 0 0.01 -0.627325 0 -0.01 -0.627325 0 0.01
-0.625073 0 -0.01 -0.625073 0 0.01 -0.622815 0 -0.01
-0.622815 0 0.01 -0.620552 0 -0.01 -0.620552 0 0.01
-0.618285 0 -0.01 -0.618285 0 0.01 -0.616013 0 -0.01
-0.616013 0 0.01 -0.613736 0 -0.01 -0.613736 0 0.01
-0.611455 0 -0.01 -0.611455 0 0.01 -0.609168 0 -0.01
-0.609168 0 0.01 -0.606877 0 -0.01 -0.606877 0 0.01
-0.604581 0 -0.01 -0.604581 0 0.01 -0.602279 0 -0.01
-0.602279 0 0.01 -0.599973 0 -0.01 -0.599973 0 0.01
-0.597663 0 -0.01 -0.597663 0 0.01 -0.595347 0 -0.01
-0.595347 0 0.01 -0.593026 0 -0.01 -0.593026 0 0.01
-0.590701 0 -0.01 -0.590701 0 0.01 -0.58837 0 -0.01
-0.58837 0 0.01 -0.586035 0 -0.01 -0.586035 0 0.01
-0.583694 0 -0.01 -0.583694 0 0.01 -0.581349 0 -0.01
-0.581349 0 0.01 -0.578999 0 -0.01 -0.578999 0 0.01
-0.576643 0 -0.01 -0.576643 0 0.01 -0.574283 0 -0.01
-0.574283 0 0.01 -0.571918 0 -0.01 -0.571918 0 0.01
-0.569547 0 -0.01 -0.569547 0 0.01 -0.567172 0 -0.01
-0.567172 0 0.01 -0.564792 0 -0.01 -0.564792 0 0.01
-0.562406 0 -0.01 -0.562406 0 0.01 -0.560016 0 -0.01
-0.560016 0 0.01 -0.55762 0 -0.01 -0.55762 0 0.01
-0.55522 0 -0.01 -0.55522 0 0.01 -0.552814 0 -0.01
-0.552814 0 0.01 -0.550403 0 -0.01 -0.550403 0 0.01
-0.547987 0 -0.01 -0.547987 0 0.01 -0.545566 0 -0.01
-0.545566 0 0.01 -0.54314 0 -0.01 -0.54314 0 0.01
-0.540709 0 -0.01 -0.540709 0 0.01 -0.538273 0 -0.01
-0.538273 0 0.01 -0.535831 0 -0.01 -0.535831 0 0.01
-0.533384 0 -0.01 -0.533384 0 0.01 -0.530932 0 -0.01
-0.530932 0 0.01 -0.528475 0 -0.01 -0.528475 0 0.01
-0.526013 0 -0.01 -0.526013 0 0.01 -0.523545 0 -0.01
-0.523545 0 0.01 -0.521072 0 -0.01 -0.521072 0 0.01
-0.518594 0 -0.01 -0.518594 0 0.01 -0.516111 0 -0.01
-0.516111 0 0.01 -0.513623 0 -0.01 -0.513623 0 0.01
-0.511129 0 -0.01 -0.511129 0 0.01 -0.50863 0 -0.01
-0.50863 0 0.01 -0.506125 0 -0.01 -0.506125 0 0.01
-0.503615 0 -0.01 -0.503615 0 0.01 -0.5011 0 -0.01
-0.5011 0 0.01 -0.49858 0 -0.01 -0.49858 0 0.01
-0.496054 0 -0.01 -0.496054 0 0.01 -0.493523 0 -0.01
-0.493523 0 0.01 -0.490987 0 -0.01 -0.490987 0 0.01
-0.488445 0 -0.01 -0.488445 0 0.01 -0.485898 0 -0.01
-0.485898 0 0.01 -0.483345 0 -0.01 -0.483345 0 0.01
-0.480787 0 -0.01 -0.480787 0 0.01 -0.478224 0 -0.01
-0.478224 0 0.01 -0.475655 0 -0.01 -0.475655 0 0.01
-0.473081 0 -0.01 -0.473081 0 0.01 -0.470501 0 -0.01
-0.470501 0 0.01 -0.467916 0 -0.01 -0.467916 0 0.01
-0.465325 0 -0.01 -0.465325 0 0.01 -0.462729 0 -0.01
-0.462729 0 0.01 -0.460127 0 -0.01 -0.460127 0 0.01
-0.45752 0 -0.01 -0.45752 0 0.01 -0.454907 0 -0.01
-0.454907 0 0.01 -0.452289 0 -0.01 -0.452289 0 0.01
-0.449665 0 -0.01 -0.449665 0 0.01 -0.447036 0 -0.01
-0.447036 0 0.01 -0.444401 0 -0.01 -0.444401 0 0.01
-0.441761 0 -0.01 -0.441761 0 0.01 -0.439114 0 -0.01
-0.439114 0 0.01 -0.436463 0 -0.01 -0.436463 0 0.01
-0.433805 0 -0.01 -0.433805 0 0.01 -0.431142 0 -0.01
-0.431142 0 0.01 -0.428474 0 -0.01 -0.428474 0 0.01
-0.4258 0 -0.01 -0.4258 0 0.01 -0.42312 0 -0.01
-0.42312 0 0.01 -0.420434 0 -0.01 -0.420434 0 0.01
-0.417743 0 -0.01 -0.417743 0 0.01 -0.415046 0 -0.01
-0.415046 0 0.01 -0.412343 0 -0.01 -0.412343 0 0.01
-0.409635 0 -0.01 -0.409635 0 0.01 -0.40692 0 -0.01
-0.40692 0 0.01 -0.4042 0 -0.01 -0.4042 0 0.01
-0.401475 0 -0.01 -0.401475 0 0.01 -0.398743 0 -0.01
-0.398743 0 0.01 -0.396006 0 -0.01 -0.396006 0 0.01
-0.393263 0 -0.01 -0.393263 0 0.01 -0.390514 0 -0.01
-0.390514 0 0.01 -0.387759 0 -0.01 -0.387759 0 0.01
-0.384999 0 -0.01 -0.384999 0 0.01 -0.382233 0 -0.01
-0.382233 0 0.01 -0.37946 0 -0.01 -0.37946 0 0.01
-0.376682 0 -0.01 -0.376682 0 0.01 -0.373898 0 -0.01
-0.373898 0 0.01 -0.371108 0 -0.01 -0.371108 0 0.01
-0.368312 0 -0.01 -0.368312 0 0.01 -0.365511 0 -0.01
-0.365511 0 0.01 -0.362703 0 -0.01 -0.362703 0 0.01
-0.359889 0 -0.01 -0.359889 0 0.01 -0.35707 0 -0.01
-0.35707 0 0.01 -0.354244 0 -0.01 -0.354244 0 0.01
-0.351413 0 -0.01 -0.351413 0 0.01 -0.348575 0 -0.01
-0.348575 0 0.01 -0.345731 0 -0.01 -0.345731 0 0.01
-0.342882 0 -0.01 -0.342882 0 0.01 -0.340026 0 -0.01
-0.340026 0 0.01 -0.337165 0 -0.01 -0.337165 0 0.01
-0.334297 0 -0.01 -0.334297 0 0.01 -0.331423 0 -0.01
-0.331423 0 0.01 -0.328543 0 -0.01 -0.328543 0 0.01
-0.325657 0 -0.01 -0.325657 0 0.01 -0.322765 0 -0.01
-0.322765 0 0.01 -0.319867 0 -0.01 -0.319867 0 0.01
-0.316962 0 -0.01 -0.316962 0 0.01 -0.314052 0 -0.01
-0.314052 0 0.01 -0.311135 0 -0.01 -0.311135 0 0.01
-0.308212 0 -0.01 -0.308212 0 0.01 -0.305283 0 -0.01
-0.305283 0 0.01 -0.302348 0 -0.01 -0.302348 0 0.01
-0.299406 0 -0.01 -0.299406 0 0.01 -0.296458 0 -0.01
-0.296458 0 0.01 -0.293504 0 -0.01 -0.293504 0 0.01
-0.290544 0 -0.01 -0.290544 0 0.01 -0.287578 0 -0.01
-0.287578 0 0.01 -0.284605 0 -0.01 -0.284605 0 0.01
-0.281626 0 -0.01 -0.281626 0 0.01 -0.27864 0 -0.01
-0.27864 0 0.01 -0.275648 0 -0.01 -0.275648 0 0.01
-0.27265 0 -0.01 -0.27265 0 0.01 -0.269646 0 -0.01
-0.269646 0 0.01 -0.266635 0 -0.01 -0.266635 0 0.01
-0.263618 0 -0.01 -0.263618 0 0.01 -0.260594 0 -0.01
-0.260594 0 0.01 -0.257564 0 -0.01 -0.257564 0 0.01
-0.254528 0 -0.01 -0.254528 0 0.01 -0.251485 0 -0.01
-0.251485 0 0.01 -0.248436 0 -0.01 -0.248436 0 0.01
-0.24538 0 -0.01 -0.24538 0 0.01 -0.242318 0 -0.01
-0.242318 0 0.01 -0.239249 0 -0.01 -0.239249 0 0.01
-0.236174 0 -0.01 -0.236174 0 0.01 -0.233092 0 -0.01
-0.233092 0 0.01 -0.230004 0 -0.01 -0.230004 0 0.01
-0.226909 0 -0.01 -0.226909 0 0.01 -0.223807 0 -0.01
-0.223807 0 0.01 -0.220699 0 -0.01 -0.220699 0 0.01
-0.217585 0 -0.01 -0.217585 0 0.01 -0.214464 0 -0.01
-0.214464 0 0.01 -0.211336 0 -0.01 -0.211336 0 0.01
-0.208202 0 -0.01 -0.208202 0 0.01 -0.205061 0 -0.01
-0.205061 0 0.01 -0.201913 0 -0.01 -0.201913 0 0.01
-0.198759 0 -0.01 -0.198759 0 0.01 -0.195598 0 -0.01
-0.195598 0 0.01 -0.19243 0 -0.01 -0.19243 0 0.01
-0.189255 0 -0.01 -0.189255 0 0.01 -0.186074 0 -0.01
-0.186074 0 0.01 -0.182886 0 -0.01 -0.182886 0 0.01
-0.179692 0 -0.01 -0.179692 0 0.01 -0.17649 0 -0.01
-0.17649 0 0.01 -0.173282 0 -0.01 -0.173282 0 0.01
-0.170067 0 -0.01 -0.170067 0 0.01 -0.166845 0 -0.01
-0.166845 0 0.01 -0.163616 0 -0.01 -0.163616 0 0.01
-0.160381 0 -0.01 -0.160381 0 0.01 -0.157139 0 -0.01
-0.157139 0 0.01 -0.153889 0 -0.01 -0.153889 0 0.01
-0.150633 0 -0.01 -0.150633 0 0.01 -0.14737 0 -0.01
-0.14737 0 0.01 -0.1441 0 -0.01 -0.1441 0 0.01
-0.140823 0 -0.01 -0.140823 0 0.01 -0.13754 0 -0.01
-0.13754 0 0.01 -0.134249 0 -0.01 -0.134249 0 0.01
-0.130951 0 -0.01 -0.130951 0 0.01 -0.127646 0 -0.01
-0.127646 0 0.01 -0.124335 0 -0.01 -0.124335 0 0.01
-0.121016 0 -0.01 -0.121016 0 0.01 -0.11769 0 -0.01
-0.11769 0 0.01 -0.114357 0 -0.01 -0.114357 0 0.01
-0.111017 0 -0.01 -0.111017 0 0.01 -0.107671 0 -0.01
-0.107671 0 0.01 -0.104316 0 -0.01 -0.104316 0 0.01
-0.100955 0 -0.01 -0.100955 0 0.01 -0.097587 0 -0.01
-0.097587 0 0.01 -0.0942116 0 -0.01 -0.0942116 0 0.01
-0.090829 0 -0.01 -0.090829 0 0.01 -0.0874393 0 -0.01
-0.0874393 0 0.01 -0.0840424 0 -0.01 -0.0840424 0 0.01
-0.0806383 0 -0.01 -0.0806383 0 0.01 -0.0772269 0 -0.01
-0.0772269 0 0.01 -0.0738084 0 -0.01 -0.0738084 0 0.01
-0.0703826 0 -0.01 -0.0703826 0 0.01 -0.0669495 0 -0.01
-0.0669495 0 0.01 -0.0635091 0 -0.01 -0.0635091 0 0.01
-0.0600615 0 -0.01 -0.0600615 0 0.01 -0.0566066 0 -0.01
-0.0566066 0 0.01 -0.0531443 0 -0.01 -0.0531443 0 0.01
-0.0496747 0 -0.01 -0.0496747 0 0.01 -0.0461978 0 -0.01
-0.0461978 0 0.01 -0.0427135 0 -0.01 -0.0427135 0 0.01
-0.0392218 0 -0.01 -0.0392218 0 0.01 -0.0357227 0 -0.01
-0.0357227 0 0.01 -0.0322161 0 -0.01 -0.0322161 0 0.01
-0.0287022 0 -0.01 -0.0287022 0 0.01 -0.0251808 0 -0.01
-0.0251808 0 0.01 -0.021652 0 -0.01 -0.021652 0 0.01
-0.0181156 0 -0.01 -0.0181156 0 0.01 -0.0145718 -4.72678e-07 -0.01
-0.0145718 -4.72678e-07 0.01 -0.0110205 -1.60976e-06 -0.01 -0.0110205 -1.60976e-06 0.01
-0.00746162 -4.19662e-07 -0.01 -0.00746162 -4.19662e-07 0.01 -0.00389523 -9.30144e-06 -0.01
-0.00389523 -9.30144e-06 0.01 -0.000321283 -1.65032e-05 -0.01 -0.000321283 -1.65032e-05 0.01
0.00325972 3.49333e-05 -0.01 0.00325972 3.49333e-05 0.01 0.00684516 0.000149506 -0.01
0.00684516 0.000149506 0.01 0.0104382 0.000325491 -0.01 0.0104382 0.000325491 0.01
0.0140327 0.0005816 -0.01 0.0140327 0.0005816 0.01 0.0176259 0.000916238 -0.01
0.0176259 0.000916238 0.01 0.0212267 0.00132532 -0.01 0.0212267 0.00132532 0.01
0.0248181 0.00180526 -0.01 0.0248181 0.00180526 0.01 0.028409 0.00235799 -0.01
0.028409 0.00235799 0.01 0.0320075 0.00298045 -0.01 0.0320075 0.00298045 0.01
0.0355825 0.00366637 -0.01 0.0355825 0.00366637 0.01 0.0391635 0.00442042 -0.01
0.0391635 0.00442042 0.01 0.0427444 0.00523535 -0.01 0.0427444 0.00523535 0.01
0.0463035 0.00610753 -0.01 0.0463035 0.00610753 0.01 0.0498703 0.00704017 -0.01
0.0498703 0.00704017 0.01 0.0534272 0.00802253 -0.01 0.0534272 0.00802253 0.01
0.0569711 0.00905633 -0.01 0.0569711 0.00905633 0.01 0.0605225 0.0101409 -0.01
0.0605225 0.0101409 0.01 0.0640569 0.0112636 -0.01 0.0640569 0.0112636 0.01
0.0675877 0.0124314 -0.01 0.0675877 0.0124314 0.01 0.071126 0.0136388 -0.01
0.071126 0.0136388 0.01 0.074644 0.0148742 -0.01 0.074644 0.0148742 0.01
0.0781667 0.0161467 -0.01 0.0781667 0.0161467 0.01 0.0816939 0.0174461 -0.01
0.0816939 0.0174461 0.01 0.0852084 0.0187674 -0.01 0.0852084 0.0187674 0.01
0.0887303 0.0201149 -0.01 0.0887303 0.0201149 0.01 0.0922548 0.0214768 -0.01
0.0922548 0.0214768 0.01 0.0957774 0.0228553 -0.01 0.0957774 0.0228553 0.01
0.0993075 0.0242473 -0.01 0.0993075 0.0242473 0.01 0.102843 0.0256435 -0.01
0.102843 0.0256435 0.01 0.106383 0.0270488 -0.01 0.106383 0.0270488 0.01
0.109931 0.0284541 -0.01 0.109931 0.0284541 0.01 0.113492 0.0298562 -0.01
0.113492 0.0298562 0.01 0.117061 0.0312565 -0.01 0.117061 0.0312565 0.01
0.120639 0.0326432 -0.01 0.120639 0.0326432 0.01 0.124239 0.0340214 -0.01
0.124239 0.0340214 0.01 0.127847 0.0353833 -0.01 0.127847 0.0353833 0.01
0.131471 0.0367209 -0.01 0.131471 0.0367209 0.01 0.135119 0.0380404 -0.01
0.135119 0.0380404 0.01 0.138776 0.0393285 -0.01 0.138776 0.0393285 0.01
0.142461 0.0405845 -0.01 0.142461 0.0405845 0.01 0.146165 0.0418079 -0.01
0.146165 0.0418079 0.01 0.149878 0.0429847 -0.01 0.149878 0.0429847 0.01
0.153636 0.0441237 -0.01 0.153636 0.0441237 0.01 0.157403 0.0452119 -0.01
0.157403 0.0452119 0.01 0.161193 0.0462435 -0.01 0.161193 0.0462435 0.01
0.165016 0.0472224 -0.01 0.165016 0.0472224 0.01 0.168847 0.0481351 -0.01
0.168847 0.0481351 0.01 0.172718 0.0489834 -0.01 0.172718 0.0489834 0.01
0.176605 0.0497617 -0.01 0.176605 0.0497617 0.01 0.180511 0.0504623 -0.01
0.180511 0.0504623 0.01 0.184449 0.0510873 -0.01 0.184449 0.0510873 0.01
0.188395 0.0516281 -0.01 0.188395 0.0516281 0.01 0.192371 0.0520833 -0.01
0.192371 0.0520833 0.01 0.19636 0.0524503 -0.01 0.19636 0.0524503 0.01
0.200363 0.0527249 -0.01 0.200363 0.0527249 0.01 0.204384 0.0529063 -0.01
0.204384 0.0529063 0.01 0.208414 0.0529925 -0.01 0.208414 0.0529925 0.01
0.212454 0.0529819 -0.01 0.212454 0.0529819 0.01 0.216502 0.0528745 -0.01
0.216502 0.0528745 0.01 0.220553 0.0526705 -0.01 0.220553 0.0526705 0.01
0.224607 0.0523694 -0.01 0.224607 0.0523694 0.01 0.228668 0.0519734 -0.01
0.228668 0.0519734 0.01 0.232715 0.0514845 -0.01 0.232715 0.0514845 0.01
0.23677 0.0509026 -0.01 0.23677 0.0509026 0.01 0.240813 0.0502345 -0.01
0.240813 0.0502345 0.01 0.244851 0.0494783 -0.01 0.244851 0.0494783 0.01
0.24889 0.0486406 -0.01 0.24889 0.0486406 0.01 0.252906 0.0477256 -0.01
0.252906 0.0477256 0.01 0.25693 0.0467322 -0.01 0.25693 0.0467322 0.01
0.26093 0.0456738 -0.01 0.26093 0.0456738 0.01 0.264929 0.0445443 -0.01
0.264929 0.0445443 0.01 0.268923 0.0433551 -0.01 0.268923 0.0433551 0.01
0.272896 0.0421092 -0.01 0.272896 0.0421092 0.01 0.276879 0.0408062 -0.01
0.276879 0.0408062 0.01 0.280838 0.0394619 -0.01 0.280838 0.0394619 0.01
0.2848 0.0380679 -0.01 0.2848 0.0380679 0.01 0.28876 0.0366385 -0.01
0.28876 0.0366385 0.01 0.29271 0.0351735 -0.01 0.29271 0.0351735 0.01
0.296667 0.0336765 -0.01 0.296667 0.0336765 0.01 0.300616 0.0321595 -0.01
0.300616 0.0321595 0.01 0.30457 0.0306169 -0.01 0.30457 0.0306169 0.01
0.308529 0.0290628 -0.01 0.308529 0.0290628 0.01 0.31249 0.0274943 -0.01
0.31249 0.0274943 0.01 0.31646 0.0259208 -0.01 0.31646 0.0259208 0.01
0.320441 0.0243463 -0.01 0.320441 0.0243463 0.01 0.32443 0.0227728 -0.01
0.32443 0.0227728 0.01 0.328433 0.0212116 -0.01 0.328433 0.0212116 0.01
0.332453 0.0196588 -0.01 0.332453 0.0196588 0.01 0.336481 0.01813 -0.01
0.336481 0.01813 0.01 0.340542 0.0166194 -0.01 0.340542 0.0166194 0.01
0.344611 0.01514 -0.01 0.344611 0.01514 0.01 0.34871 0.0136966 -0.01
0.34871 0.0136966 0.01 0.35283 0.0122897 -0.01 0.35283 0.0122897 0.01
0.356969 0.0109346 -0.01 0.356969 0.0109346 0.01 0.361147 0.00962449 -0.01
0.361147 0.00962449 0.01 0.365334 0.00837807 -0.01 0.365334 0.00837807 0.01
0.36957 0.00719118 -0.01 0.36957 0.00719118 0.01 0.37382 0.00607562 -0.01
0.37382 0.00607562 0.01 0.378105 0.00503761 -0.01 0.378105 0.00503761 0.01
0.382417 0.0040788 -0.01 0.382417 0.0040788 0.01 0.386752 0.00321161 -0.01
0.386752 0.00321161 0.01 0.391124 0.00243432 -0.01 0.391124 0.00243432 0.01
0.395508 0.00175908 -0.01 0.395508 0.00175908 0.01 0.399933 0.00118553 -0.01
0.399933 0.00118553 0.01 0.404366 0.000721293 -0.01 0.404366 0.000721293 0.01
0.408828 0.000372581 -0.01 0.408828 0.000372581 0.01 0.413303 0.000136527 -0.01
0.413303 0.000136527 0.01 0.417792 1.53545e-05 -0.01 0.417792 1.53545e-05 0.01
0.422293 2.24238e-06 -0.01 0.422293 2.24238e-06 0.01 0.426804 -5.16471e-06 -0.01
0.426804 -5.16471e-06 0.01 0.431325 -2.75699e-06 -0.01 0.431325 -2.75699e-06 0.01
0.435855 0 -0.01 0.435855 0 0.01 0.440395 0 -0.01
0.440395 0 0.01 0.444944 0 -0.01 0.444944 0 0.01
0.449503 0 -0.01 0.449503 0 0.01 0.454072 0 -0.01
0.454072 0 0.01 0.45865 0 -0.01 0.45865 0 0.01
0.463238 0 -0.01 0.463238 0 0.01 0.467836 0 -0.01
0.467836 0 0.01 0.472443 0 -0.01 0.472443 0 0.01
0.477061 0 -0.01 0.477061 0 0.01 0.481688 0 -0.01
0.481688 0 0.01 0.486324 0 -0.01 0.486324 0 0.01
0.490971 0 -0.01 0.490971 0 0.01 0.495628 0 -0.01
0.495628 0 0.01 0.500294 0 -0.01 0.500294 0 0.01
0.50497 0 -0.01 0.50497 0 0.01 0.509657 0 -0.01
0.509657 0 0.01 0.514353 0 -0.01 0.514353 0 0.01
0.519059 0 -0.01 0.519059 0 0.01 0.523775 0 -0.01
0.523775 0 0.01 0.528501 0 -0.01 0.528501 0 0.01
0.533237 0 -0.01 0.533237 0 0.01 0.537983 0 -0.01
0.537983 0 0.01 0.542739 0 -0.01 0.542739 0 0.01
0.547505 0 -0.01 0.547505 0 0.01 0.552282 0 -0.01
0.552282 0 0.01 0.557068 0 -0.01 0.557068 0 0.01
0.561865 0 -0.01 0.561865 0 0.01 0.566672 0 -0.01
0.566672 0 0.01 0.571488 0 -0.01 0.571488 0 0.01
0.576316 0 -0.01 0.576316 0 0.01 0.581153 0 -0.01
0.581153 0 0.01 0.586001 0 -0.01 0.586001 0 0.01
0.590859 0 -0.01 0.590859 0 0.01 0.595727 0 -0.01
0.595727 0 0.01 0.600605 0 -0.01 0.600605 0 0.01
0.605494 0 -0.01 0.605494 0 0.01 0.610393 0 -0.01
0.610393 0 0.01 0.615303 0 -0.01 0.615303 0 0.01
0.620223 0 -0.01 0.620223 0 0.01 0.625153 0 -0.01
0.625153 0 0.01 0.630094 0 -0.01 0.630094 0 0.01
0.635046 0 -0.01 0.635046 0 0.01 0.640007 0 -0.01
0.640007 0 0.01 0.64498 0 -0.01 0.64498 0 0.01
0.649963 0 -0.01 0.649963 0 0.01 0.654956 0 -0.01
0.654956 0 0.01 0.65996 0 -0.01 0.65996 0 0.01
0.665573 0 -0.01 0.665573 0 0.01 0.67 0 -0.01
0.67 0 0.01
        </DataArray>
      </Points>
      <Polys>
        <DataArray type='Int32' Name='connectivity' format='ascii'>
0 1 2 3 1 4 5 2 4
6 7 5 6 8 9 7 8 10
11 9 10 12 13 11 12 14 15
13 14 16 17 15 16 18 19 17
18 20 21 19 20 22 23 21 22
24 25 23 24 26 27 25 26 28
29 27 28 30 31 29 30 32 33
31 32 34 35 33 34 36 37 35
36 38 39 37 38 40 41 39 40
42 43 41 42 44 45 43 44 46
47 45 46 48 49 47 48 50 51
49 50 52 53 51 52 54 55 53
54 56 57 55 56 58 59 57 58
60 61 59 60 62 63 61 62 64
65 63 64 66 67 65 66 68 69
67 68 70 71 69 70 72 73 71
72 74 75 73 74 76 77 75 76
78 79 77 78 80 81 79 80 82
83 81 82 84 85 83 84 86 87
85 86 88 89 87 88 90 91 89
90 92 93 91 92 94 95 93 94
96 97 95 96 98 99 97 98 100
101 99 100 102 103 101 102 104 105
103 104 106 107 105 106 108 109 107
108 110 111 109 110 112 113 111 112
114 115 113 114 116 117 115 116 118
119 117 118 120 121 119 120 122 123
121 122 124 125 123 124 126 127 125
126 128 129 127 128 130 131 129 130
132 133 131 132 134 135 133 134 136
137 135 136 138 139 137 138 140 141
139 140 142 143 141 142 144 145 143
144 146 147 145 146 148 149 147 148
150 151 149 150 152 153 151 152 154
155 153 154 156 157 155 156 158 159
157 158 160 161 159 160 162 163 161
162 164 165 163 164 166 167 165 166
168 169 167 168 170 171 169 170 172
173 171 172 174 175 173 174 176 177
175 176 178 179 177 178 180 181 179
180 182 183 181 182 184 185 183 184
186 187 185 186 188 189 187 188 190
191 189 190 192 193 191 192 194 195
193 194 196 197 195 196 198 199 197
198 200 201 199 200 202 203 201 202
204 205 203 204 206 207 205 206 208
209 207 208 210 211 209 210 212 213
211 212 214 215 213 214 216 217 215
216 218 219 217 218 220 221 219 220
222 223 221 222 224 225 223 224 226
227 225 226 228 229 227 228 230 231
229 230 232 233 231 232 234 235 233
234 236 237 235 236 238 239 237 238
240 241 239 240 242 243 241 242 244
245 243 244 246 247 245 246 248 249
247 248 250 251 249 250 252 253 251
252 254 255 253 254 256 257 255 256
258 259 257 258 260 261 259 260 262
263 261 262 264 265 263 264 266 267
265 266 268 269 267 268 270 271 269
270 272 273 271 272 274 275 273 274
276 277 275 276 278 279 277 278 280
281 279 280 282 283 281 282 284 285
283 284 286 287 285 286 288 289 287
288 290 291 289 290 292 293 291 292
294 295 293 294 296 297 295 296 298
299 297 298 300 301 299 300 302 303
301 302 304 305 303 304 306 307 305
306 308 309 307 308 310 311 309 310
312 313 311 312 314 315 313 314 316
317 315 316 318 319 317 318 320 321
319 320 322 323 321 322 324 325 323
324 326 327 325 326 328 329 327 328
330 331 329 330 332 333 331 332 334
335 333 334 336 337 335 336 338 339
337 338 340 341 339 340 342 343 341
342 344 345 343 344 346 347 345 346
348 349 347 348 350 351 349 350 352
353 351 352 354 355 353 354 356 357
355 356 358 359 357 358 360 361 359
360 362 363 361 362 364 365 363 364
366 367 365 366 368 369 367 368 370
371 369 370 372 373 371 372 374 375
373 374 376 377 375 376 378 379 377
378 380 381 379 380 382 383 381 382
384 385 383 384 386 387 385 386 388
389 387 388 390 391 389 390 392 393
391 392 394 395 393 394 396 397 395
396 398 399 397 398 400 401 399 400
402 403 401 402 404 405 403 404 406
407 405 406 408 409 407 408 410 411
409 410 412 413 411 412 414 415 413
414 416 417 415 416 418 419 417 418
420 421 419 420 422 423 421 422 424
425 423 424 426 427 425 426 428 429
427 428 430 431 429 430 432 433 431
432 434 435 433 434 436 437 435 436
438 439 437 438 440 441 439 440 442
443 441 442 444 445 443 444 446 447
445 446 448 449 447 448 450 451 449
450 452 453 451 452 454 455 453 454
456 457 455 456 458 459 457 458 460
461 459 460 462 463 461 462 464 465
463 464 466 467 465 466 468 469 467
468 470 471 469 470 472 473 471 472
474 475 473 474 476 477 475 476 478
479 477 478 480 481 479 480 482 483
481 482 484 485 483 484 486 487 485
486 488 489 487 488 490 491 489 490
492 493 491 492 494 495 493 494 496
497 495 496 498 499 497 498 500 501
499 500 502 503 501 502 504 505 503
504 506 507 505 506 508 509 507 508
510 511 509 510 512 513 511 512 514
515 513 514 516 517 515 516 518 519
517 518 520 521 519 520 522 523 521
522 524 525 523 524 526 527 525 526
528 529 527 528 530 531 529 530 532
533 531 532 534 535 533 534 536 537
535 536 538 539 537 538 540 541 539
540 542 543 541 542 544 545 543 544
546 547 545 546 548 549 547 548 550
551 549 550 552 553 551 552 554 555
553 554 556 557 555 556 558 559 557
558 560 561 559 560 562 563 561 562
564 565 563 564 566 567 565 566 568
569 567 568 570 571 569 570 572 573
571 572 574 575 573 574 576 577 575
576 578 579 577 578 580 581 579 580
582 583 581 582 584 585 583 584 586
587 585 586 588 589 587 588 590 591
589 590 592 593 591 592 594 595 593
594 596 597 595 596 598 599 597 598
600 601 599 600 602 603 601 602 604
605 603 604 606 607 605 606 608 609
607 608 610 611 609 610 612 613 611
612 614 615 613 614 616 617 615 616
618 619 617 618 620 621 619 620 622
623 621 622 624 625 623 624 626 627
625 626 628 629 627 628 630 631 629
630 632 633 631 632 634 635 633 634
636 637 635 636 638 639 637 638 640
641 639 640 642 643 641 642 644 645
643 644 646 647 645 646 648 649 647
648 650 651 649 650 652 653 651 652
654 655 653 654 656 657 655 656 658
659 657 658 660 661 659 660 662 663
661 662 664 665 663 664 666 667 665
666 668 669 667 668 670 671 669 670
672 673 671 672 674 675 673 674 676
677 675 676 678 679 677 678 680 681
679 680 682 683 681 682 684 685 683
684 686 687 685 686 688 689 687 688
690 691 689 690 692 693 691 692 694
695 693 694 696 697 695 696 698 699
697 698 700 701 699 700 702 703 701
702 704 705 703 704 706 707 705 706
708 709 707 708 710 711 709 710 712
713 711 712 714 715 713 714 716 717
715 716 718 719 717 718 720 721 719
720 722 723 721 722 724 725 723 724
726 727 725 726 728 729 727 728 730
731 729 730 732 733 731 732 734 735
733 734 736 737 735 736 738 739 737
738 740 741 739 740 742 743 741 742
744 745 743 744 746 747 745 746 748
749 747 748 750 751 749 750 752 753
751 752 754 755 753 754 756 757 755
756 758 759 757 758 760 761 759 760
762 763 761 762 764 765 763 764 766
767 765 766 768 769 767 768 770 771
769 770 772 773 771 772 774 775 773
774 776 777 775 776 778 779 777 778
780 781 779 780 782 783 781 782 784
785 783 784 786 787 785 786 788 789
787 788 790 791 789 790 792 793 791
792 794 795 793 794 796 797 795 796
798 799 797 798 800 801 799 800 802
803 801 802 804 805 803 804 806 807
805 806 808 809 807 808 810 811 809
810 812 813 811 812 814 815 813 814
816 817 815 816 818 819 817 818 820
821 819 820 822 823 821 822 824 825
823 824 826 827 825 826 828 829 827
828 830 831 829 830 832 833 831 832
834 835 833 834 836 837 835 836 838
839 837 838 840 841 839 840 842 843
841 842 844 845 843 844 846 847 845
846 848 849 847 848 850 851 849 850
852 853 851 852 854 855 853 854 856
857 855 856 858 859 857 858 860 861
859 860 862 863 861 862 864 865 863
864 866 867 865 866 868 869 867 868
870 871 869 870 872 873 871 872 874
875 873 874 876 877 875 876 878 879
877 878 880 881 879 880 882 883 881
882 884 885 883 884 886 887 885 886
888 889 887 888 890 891 889 890 892
893 891 892 894 895 893 894 896 897
895 896 898 899 897 898 900 901 899
900 902 903 901 902 904 905 903 904
906 907 905 906 908 909 907 908 910
911 909 910 912 913 911 912 914 915
913 914 916 917 915 916 918 919 917
918 920 921 919 920 922 923 921 922
924 925 923 924 926 927 925 926 928
929 927 928 930 931 929 930 932 933
931 932 934 935 933 934 936 937 935
936 938 939 937 938 940 941 939 940
942 943 941 942 944 945 943 944 946
947 945 946 948 949 947 948 950 951
949 950 952 953 951 952 954 955 953
954 956 957 955 956 958 959 957 958
960 961 959 960 962 963 961 962 964
965 963 964 966 967 965 966 968 969
967 968 970 971 969 970 972 973 971
972 974 975 973 974 976 977 975 976
978 979 977 978 980 981 979 980 982
983 981 982 984 985 983 984 986 987
985 986 988 989 987 988 990 991 989
990 992 993 991 992 994 995 993 994
996 997 995 996 998 999 997 998 1000
1001 999 1000 1002 1003 1001 1002 1004 1005
1003 1004 1006 1007 1005 1006 1008 1009 1007
1008 1010 1011 1009 1010 1012 1013 1011 1012
1014 1015 1013 1014 1016 1017 1015 1016 1018
1019 1017 1018 1020 1021 1019 1020 1022 1023
1021 1022 1024 1025 1023 1024 1026 1027 1025
1026 1028 1029 1027 1028 1030 1031 1029 1030
1032 1033 1031 1032 1034 1035 1033 1034 1036
1037 1035 1036 1038 1039 1037 1038 1040 1041
1039
        </DataArray>
        <DataArray type='Int32' Name='offsets' format='ascii'>
4 8 12 16 20 24 28 32 36
40 44 48 52 56 60 64 68 72
76 80 84 88 92 96 100 104 108
112 116 120 124 128 132 136 140 144
148 152 156 160 164 168 172 176 180
184 188 192 196 200 204 208 212 216
220 224 228 232 236 240 244 248 252
256 260 264 268 272 276 280 284 288
292 296 300 304 308 312 316 320 324
328 332 336 340 344 348 352 356 360
364 368 372 376 380 384 388 392 396
400 404 408 412 416 420 424 428 432
436 440 444 448 452 456 460 464 468
472 476 480 484 488 492 496 500 504
508 512 516 520 524 528 532 536 540
544 548 552 556 560 564 568 572 576
580 584 588 592 596 600 604 608 612
616 620 624 628 632 636 640 644 648
652 656 660 664 668 672 676 680 684
688 692 696 700 704 708 712 716 720
724 728 732 736 740 744 748 752 756
760 764 768 772 776 780 784 788 792
796 800 804 808 812 816 820 824 828
832 836 840 844 848 852 856 860 864
868 872 876 880 884 888 892 896 900
904 908 912 916 920 924 928 932 936
940 944 948 952 956 960 964 968 972
976 980 984 988 992 996 1000 1004 1008
1012 1016 1020 1024 1028 1032 1036 1040 1044
1048 1052 1056 1060 1064 1068 1072 1076 1080
1084 1088 1092 1096 1100 1104 1108 1112 1116
1120 1124 1128 1132 1136 1140 1144 1148 1152
1156 1160 1164 1168 1172 1176 1180 1184 1188
1192 1196 1200 1204 1208 1212 1216 1220 1224
1228 1232 1236 1240 1244 1248 1252 1256 1260
1264 1268 1272 1276 1280 1284 1288 1292 1296
1300 1304 1308 1312 1316 1320 1324 1328 1332
1336 1340 1344 1348 1352 1356 1360 1364 1368
1372 1376 1380 1384 1388 1392 1396 1400 1404
1408 1412 1416 1420 1424 1428 1432 1436 1440
1444 1448 1452 1456 1460 1464 1468 1472 1476
1480 1484 1488 1492 1496 1500 1504 1508 1512
1516 1520 1524 1528 1532 1536 1540 1544 1548
1552 1556 1560 1564 1568 1572 1576 1580 1584
1588 1592 1596 1600 1604 1608 1612 1616 1620
1624 1628 1632 1636 1640 1644 1648 1652 1656
1660 1664 1668 1672 1676 1680 1684 1688 1692
1696 1700 1704 1708 1712 1716 1720 1724 1728
1732 1736 1740 1744 1748 1752 1756 1760 1764
1768 1772 1776 1780 1784 1788 1792 1796 1800
1804 1808 1812 1816 1820 1824 1828 1832 1836
1840 1844 1848 1852 1856 1860 1864 1868 1872
1876 1880 1884 1888 1892 1896 1900 1904 1908
1912 1916 1920 1924 1928 1932 1936 1940 1944
1948 1952 1956 1960 1964 1968 1972 1976 1980
1984 1988 1992 1996 2000 2004 2008 2012 2016
2020 2024 2028 2032 2036 2040 2044 2048 2052
2056 2060 2064 2068 2072 2076 2080
        </DataArray>
      </Polys>
      <CellData>
        <DataArray type='Float32' Name='k' format='ascii'>
0.455128 0.959032 1.63916 2.42147 3.34558 4.28098 5.21155 6.14114 7.03204
7.85336 8.58319 9.20879 9.72561 10.1356 10.4454 10.6643 10.8033 10.8743
10.8932 10.8684 10.8079 10.7189 10.6078 10.4808 10.3424 10.1972 10.0499
9.90361 9.75914 9.61696 9.47754 9.34206 9.2114 9.08625 8.96709 8.85424
8.74786 8.64797 8.55448 8.46723 8.38601 8.31055 8.24055 8.17568 8.11562
8.06005 8.00864 7.96112 7.91721 7.87665 7.83916 7.80451 7.77242 7.74266
7.71499 7.68915 7.66492 7.6421 7.6205 7.59997 7.58039 7.56162 7.54358
7.52614 7.50922 7.49274 7.47662 7.46082 7.44527 7.42993 7.41476 7.39971
7.38477 7.36991 7.35511 7.34037 7.32565 7.31094 7.29623 7.2815 7.26675
7.25196 7.23713 7.22226 7.20734 7.19237 7.17735 7.16229 7.14718 7.13204
7.11686 7.10165 7.0864 7.07113 7.05584 7.0405 7.02513 7.00972 6.99426
6.97875 6.96321 6.94763 6.93202 6.91639 6.90075 6.88511 6.86948 6.85389
6.83833 6.82284 6.80743 6.79211 6.7769 6.76182 6.74689 6.73212 6.71753
6.70313 6.68894 6.67497 6.66124 6.64776 6.63453 6.62157 6.60889 6.59649
6.58439 6.57258 6.56107 6.54987 6.53897 6.52838 6.5181 6.50812 6.49845
6.48907 6.47999 6.4712 6.4627 6.45447 6.44651 6.43882 6.43138 6.42419
6.41724 6.41052 6.40402 6.39774 6.39165 6.38577 6.38007 6.37456 6.36921
6.36402 6.35899 6.3541 6.34936 6.34474 6.34025 6.33588 6.33161 6.32746
6.3234 6.31943 6.31556 6.31176 6.30805 6.3044 6.30083 6.29732 6.29387
6.29048 6.28714 6.28385 6.2806 6.2774 6.27423 6.27111 6.26802 6.26496
6.26193 6.25894 6.25596 6.25301 6.25008 6.24718 6.24428 6.24141 6.23855
6.23571 6.23287 6.23005 6.22724 6.22444 6.22164 6.21885 6.21606 6.21328
6.2105 6.20773 6.20495 6.20218 6.1994 6.19663 6.19385 6.19107 6.18829
6.1855 6.18271 6.17992 6.17712 6.17431 6.17149 6.16867 6.16584 6.163
6.16015 6.1573 6.15443 6.15155 6.14865 6.14575 6.14283 6.1399 6.13696
6.13399 6.13102 6.12802 6.12501 6.12198 6.11893 6.11586 6.11277 6.10966
6.10652 6.10336 6.10017 6.09696 6.09372 6.09046 6.08716 6.08384 6.08048
6.07709 6.07367 6.07021 6.06672 6.06319 6.05962 6.05601 6.05236 6.04867
6.04493 6.04115 6.03732 6.03344 6.02951 6.02553 6.0215 6.01741 6.01326
6.00905 6.00478 6.00044 5.99604 5.99157 5.98702 5.9824 5.97771 5.97293
5.96808 5.96313 5.9581 5.95297 5.94775 5.94243 5.937 5.93147 5.92583
5.92006 5.91418 5.90818 5.90204 5.89577 5.88936 5.88281 5.8761 5.86924
5.86221 5.85501 5.84763 5.84007 5.83232 5.82437 5.8162 5.80782 5.79922
5.79038 5.78129 5.77194 5.76233 5.75243 5.74224 5.73175 5.72093 5.70979
5.69829 5.68642 5.67417 5.66151 5.64843 5.63491 5.62092 5.60645 5.59145
5.57592 5.55982 5.54312 5.52578 5.50778 5.48907 5.46962 5.44938 5.4283
5.40635 5.38345 5.35956 5.33462 5.30855 5.28127 5.25272 5.2228 5.19142
5.15847 5.12384 5.0874 5.04901 5.00851 4.96573 4.92048 4.87255 4.82168
4.76761 4.71001 4.64855 4.5828 4.51229 4.43648 4.35472 4.26624 4.17015
4.06536 3.95057 3.82418 3.68382 3.52491 3.3493 3.13945 2.87327 2.6206
2.45068 2.35565 2.3401 2.38275 2.4487 2.51346 2.57896 2.65201 2.73675
2.83676 2.94762 3.07508 3.22052 3.37901 3.55588 3.75118 3.96037 4.18843
4.43538 4.69671 4.97634 5.27427 5.58582 5.9177 6.26722 6.62839 7.01099
7.40944 7.81765 8.24837 8.6914 9.14266 9.61414 10.0917 10.5801 11.0843
11.5868 12.1029 12.626 13.1409 13.6655 14.1839 14.6923 15.1971 15.6751
16.1394 16.5773 16.9751 17.3414 17.6548 17.9202 18.1266 18.2581 18.3117
18.2806 18.1667 17.9826 17.6907 17.3064 16.8388 16.2983 15.6919 15.0172
14.2947 13.5233 12.7196 11.8958 11.0521 10.2188 9.38517 8.57428 7.78447
7.01569 6.29459 5.599 4.96544 4.39479 3.89379 3.4615 3.04601 2.64316
2.20091 1.83053 1.55169 1.38138 1.39274 1.34232 1.26331 1.19804 1.30138
1.65175 2.10708 2.55139 2.9097 3.14906 3.28412 3.28828 3.18463 3.01586
2.83779 2.65701 2.69642 2.75901 2.82959 2.91848 3.05184 3.22529 3.47057
3.61555 3.76416 3.90301 4.03549 4.16507 4.28973 4.40865 4.5206 4.62462
4.72005 4.80651 4.88391 4.95244 5.01246 5.06446 5.10896 5.14653 5.17779
5.20339 5.22394 5.2399 5.25139 5.25807 5.26034 5.25898 5.2548 5.24852
5.24073 5.23187 5.22227 5.21214 5.2016 5.1907 5.17945 5.1678 5.1557
5.14311 5.13001 5.11641 5.10238 5.08798 5.07333 5.05854 5.04376 5.0291
5.0147 5.00065 4.9871 4.97412 4.96168 4.95008 4.93909
        </DataArray>
        <DataArray type='Float32' Name='nut' format='ascii'>
0 0 0 5.17006e-07 2.71436e-06 4.60516e-06 6.26249e-06 7.75574e-06 9.0695e-06
1.01986e-05 1.11464e-05 1.19229e-05 1.25418e-05 1.30196e-05 1.33734e-05 1.36197e-05 1.37746e-05 1.38534e-05
1.38742e-05 1.38468e-05 1.37798e-05 1.36807e-05 1.35565e-05 1.34133e-05 1.32564e-05 1.30905e-05 1.29207e-05
1.27507e-05 1.25813e-05 1.24133e-05 1.22471e-05 1.20843e-05 1.1926e-05 1.17732e-05 1.16266e-05 1.14867e-05
1.13539e-05 1.12283e-05 1.111e-05 1.0999e-05 1.08951e-05 1.0798e-05 1.07074e-05 1.06231e-05 1.05448e-05
1.04719e-05 1.04043e-05 1.03416e-05 1.02835e-05 1.02296e-05 1.01797e-05 1.01334e-05 1.00904e-05 1.00505e-05
1.00133e-05 9.97844e-06 9.94574e-06 9.91488e-06 9.88562e-06 9.85777e-06 9.83116e-06 9.80563e-06 9.78104e-06
9.75724e-06 9.73413e-06 9.71158e-06 9.68951e-06 9.66784e-06 9.64649e-06 9.62541e-06 9.60452e-06 9.58379e-06
9.56318e-06 9.54265e-06 9.5222e-06 9.50179e-06 9.48139e-06 9.46099e-06 9.44055e-06 9.42007e-06 9.39953e-06
9.37892e-06 9.35823e-06 9.33745e-06 9.31658e-06 9.29562e-06 9.27456e-06 9.25341e-06 9.23218e-06 9.21087e-06
9.18948e-06 9.16803e-06 9.1465e-06 9.12491e-06 9.10325e-06 9.08151e-06 9.05969e-06 9.03779e-06 9.01579e-06
8.9937e-06 8.97152e-06 8.94927e-06 8.92695e-06 8.90457e-06 8.88214e-06 8.85968e-06 8.83722e-06 8.81476e-06
8.79235e-06 8.76999e-06 8.74771e-06 8.72554e-06 8.70351e-06 8.68164e-06 8.65995e-06 8.63847e-06 8.61722e-06
8.59623e-06 8.57551e-06 8.5551e-06 8.53501e-06 8.51525e-06 8.49585e-06 8.47682e-06 8.45818e-06 8.43994e-06
8.42211e-06 8.40469e-06 8.38771e-06 8.37115e-06 8.35504e-06 8.33936e-06 8.32412e-06 8.30932e-06 8.29496e-06
8.28103e-06 8.26753e-06 8.25445e-06 8.24178e-06 8.22952e-06 8.21766e-06 8.20617e-06 8.19507e-06 8.18432e-06
8.17393e-06 8.16387e-06 8.15414e-06 8.14473e-06 8.13562e-06 8.12679e-06 8.11824e-06 8.10996e-06 8.10193e-06
8.09414e-06 8.08657e-06 8.07922e-06 8.07208e-06 8.06513e-06 8.05837e-06 8.05178e-06 8.04536e-06 8.03909e-06
8.03297e-06 8.02699e-06 8.02114e-06 8.01541e-06 8.0098e-06 8.00429e-06 7.99889e-06 7.99358e-06 7.98837e-06
7.98324e-06 7.97818e-06 7.9732e-06 7.96829e-06 7.96344e-06 7.95864e-06 7.95391e-06 7.94922e-06 7.94459e-06
7.94e-06 7.93545e-06 7.93093e-06 7.92646e-06 7.92201e-06 7.91759e-06 7.9132e-06 7.90883e-06 7.90449e-06
7.90016e-06 7.89585e-06 7.89156e-06 7.88728e-06 7.88301e-06 7.87876e-06 7.87451e-06 7.87026e-06 7.86603e-06
7.86179e-06 7.85756e-06 7.85333e-06 7.8491e-06 7.84487e-06 7.84063e-06 7.8364e-06 7.83215e-06 7.8279e-06
7.82365e-06 7.81938e-06 7.81511e-06 7.81083e-06 7.80654e-06 7.80223e-06 7.79791e-06 7.79358e-06 7.78924e-06
7.78488e-06 7.7805e-06 7.77611e-06 7.77169e-06 7.76726e-06 7.76281e-06 7.75833e-06 7.75384e-06 7.74932e-06
7.74477e-06 7.7402e-06 7.7356e-06 7.73098e-06 7.72632e-06 7.72163e-06 7.71691e-06 7.71216e-06 7.70737e-06
7.70254e-06 7.69768e-06 7.69278e-06 7.68783e-06 7.68284e-06 7.67781e-06 7.67273e-06 7.66761e-06 7.66243e-06
7.6572e-06 7.65192e-06 7.64658e-06 7.64118e-06 7.63573e-06 7.63021e-06 7.62463e-06 7.61899e-06 7.61328e-06
7.60749e-06 7.60164e-06 7.59571e-06 7.5897e-06 7.58361e-06 7.57744e-06 7.57118e-06 7.56483e-06 7.55839e-06
7.55185e-06 7.54522e-06 7.53848e-06 7.53163e-06 7.52468e-06 7.51761e-06 7.51042e-06 7.5031e-06 7.49566e-06
7.48809e-06 7.48038e-06 7.47252e-06 7.46452e-06 7.45636e-06 7.44805e-06 7.43957e-06 7.43091e-06 7.42208e-06
7.41305e-06 7.40384e-06 7.39443e-06 7.3848e-06 7.37496e-06 7.36489e-06 7.35459e-06 7.34404e-06 7.33324e-06
7.32217e-06 7.31082e-06 7.29919e-06 7.28726e-06 7.27501e-06 7.26244e-06 7.24953e-06 7.23626e-06 7.22263e-06
7.20861e-06 7.19418e-06 7.17933e-06 7.16404e-06 7.14829e-06 7.13206e-06 7.11532e-06 7.09805e-06 7.08023e-06
7.06183e-06 7.04282e-06 7.02316e-06 7.00284e-06 6.98181e-06 6.96003e-06 6.93747e-06 6.91409e-06 6.88985e-06
6.86468e-06 6.83855e-06 6.81141e-06 6.78318e-06 6.75382e-06 6.72324e-06 6.69139e-06 6.65818e-06 6.62352e-06
6.58733e-06 6.5495e-06 6.50993e-06 6.46851e-06 6.42509e-06 6.37955e-06 6.33172e-06 6.28144e-06 6.22853e-06
6.17278e-06 6.11396e-06 6.05181e-06 5.98607e-06 5.9164e-06 5.84247e-06 5.76386e-06 5.68013e-06 5.59076e-06
5.49516e-06 5.39266e-06 5.28246e-06 5.16366e-06 5.03516e-06 4.8957e-06 4.74376e-06 4.57748e-06 4.39463e-06
4.19245e-06 3.9675e-06 3.71542e-06 3.42977e-06 3.09872e-06 2.72301e-06 2.25762e-06 1.64248e-06 1.0303e-06
5.94377e-07 3.36142e-07 2.77709e-07 3.65117e-07 5.04387e-07 6.30081e-07 7.46373e-07 8.72474e-07 1.01607e-06
1.18387e-06 1.36745e-06 1.5731e-06 1.80507e-06 2.05325e-06 2.31852e-06 2.60736e-06 2.90803e-06 3.21968e-06
3.55355e-06 3.89285e-06 4.23927e-06 4.60593e-06 4.96902e-06 5.34433e-06 5.73727e-06 6.11848e-06 6.51722e-06
6.92867e-06 7.32466e-06 7.74394e-06 8.16745e-06 8.57747e-06 9.01224e-06 9.43793e-06 9.86266e-06 1.03081e-05
1.07326e-05 1.11693e-05 1.16145e-05 1.20359e-05 1.24728e-05 1.2899e-05 1.33103e-05 1.37258e-05 1.41096e-05
1.44854e-05 1.48413e-05 1.51601e-05 1.54586e-05 1.57122e-05 1.59289e-05 1.61005e-05 1.62125e-05 1.62651e-05
1.62513e-05 1.61719e-05 1.60352e-05 1.5813e-05 1.55146e-05 1.51445e-05 1.47099e-05 1.42119e-05 1.36476e-05
1.30313e-05 1.23544e-05 1.1635e-05 1.08712e-05 1.00661e-05 9.24413e-06 8.38366e-06 7.51911e-06 6.62899e-06
5.72359e-06 4.82827e-06 3.90606e-06 3.02199e-06 2.16366e-06 1.36701e-06 6.36441e-07 0 0
0 0 0 0 0 0 0 0 0
0 0 0 7.35026e-07 1.36208e-06 1.75824e-06 1.87434e-06 1.76174e-06 1.48872e-06
1.17529e-06 8.2657e-07 9.97206e-07 1.2143e-06 1.43894e-06 1.69447e-06 2.03509e-06 2.44498e-06 2.98351e-06
3.28884e-06 3.59416e-06 3.87318e-06 4.13426e-06 4.38489e-06 4.62182e-06 4.84416e-06 5.05036e-06 5.23933e-06
5.41057e-06 5.564e-06 5.70002e-06 5.81941e-06 5.92321e-06 6.01256e-06 6.0886e-06 6.15252e-06 6.2055e-06
6.24873e-06 6.28336e-06 6.31019e-06 6.32949e-06 6.34069e-06 6.3445e-06 6.34222e-06 6.33521e-06 6.32467e-06
6.31158e-06 6.29669e-06 6.28054e-06 6.26348e-06 6.24571e-06 6.22732e-06 6.20829e-06 6.18858e-06 6.16807e-06
6.1467e-06 6.12444e-06 6.10131e-06 6.07738e-06 6.0528e-06 6.02774e-06 6.00242e-06 5.97705e-06 5.95186e-06
5.92706e-06 5.90284e-06 5.87944e-06 5.85699e-06 5.83544e-06 5.81495e-06 5.79671e-06
        </DataArray>
        <DataArray type='Float32' Name='omega' format='ascii'>
29300.5 32665.3 36718.1 40885 45315.4 49396 53145.7 56644.7 59806.3
62579.6 64944.7 66905.5 68483 69709.1 70621.4 71258.9 71660.8 71865.4
71919.5 71848.2 71674.1 71417.1 71095.1 70724.7 70319.4 69891.5 69454.7
69018 68584.1 68154.4 67730.4 67315.8 66913.5 66525.9 66154.8 65801.4
65466.5 65150.4 64853.3 64574.7 64314.3 64071.4 63845.2 63635 63439.7
63258.4 63090.2 62934.4 62790.1 62656.4 62532.7 62418.1 62311.8 62213
62121 62035 61954.3 61878.1 61805.9 61737.2 61671.6 61608.7 61548.2
61489.6 61432.6 61377.2 61322.9 61269.6 61217 61165.2 61113.8 61062.9
61012.2 60961.8 60911.5 60861.4 60811.3 60761.1 60710.9 60660.6 60610.2
60559.5 60508.7 60457.7 60406.4 60354.9 60303.2 60251.2 60199 60146.7
60094.1 60041.4 59988.5 59935.5 59882.3 59828.9 59775.3 59721.6 59667.6
59613.5 59559.1 59504.6 59450 59395.3 59340.6 59285.9 59231.1 59176.5
59122.1 59067.9 59013.9 58960.4 58907.2 58854.5 58802.4 58750.8 58699.9
58649.8 58600.4 58551.8 58504 58457.2 58411.3 58366.4 58322.5 58279.6
58237.8 58197.1 58157.4 58118.8 58081.2 58044.8 58009.5 57975.2 57942
57909.8 57878.7 57848.5 57819.4 57791.2 57763.9 57737.5 57712.1 57687.4
57663.6 57640.6 57618.3 57596.7 57575.8 57555.6 57536 57517 57498.6
57480.8 57463.4 57446.5 57430.1 57414.1 57398.6 57383.4 57368.6 57354.1
57340 57326.2 57312.6 57299.4 57286.4 57273.6 57261 57248.7 57236.5
57224.6 57212.8 57201.2 57189.7 57178.3 57167.1 57156 57145 57134.1
57123.3 57112.6 57102 57091.5 57081 57070.6 57060.2 57049.9 57039.6
57029.4 57019.2 57009 56998.9 56988.8 56978.7 56968.6 56958.6 56948.5
56938.5 56928.4 56918.4 56908.3 56898.3 56888.2 56878.1 56868.1 56858
56847.8 56837.7 56827.6 56817.4 56807.2 56796.9 56786.7 56776.4 56766
56755.7 56745.3 56734.8 56724.3 56713.8 56703.2 56692.6 56681.9 56671.1
56660.3 56649.4 56638.5 56627.5 56616.4 56605.3 56594.1 56582.8 56571.4
56559.9 56548.4 56536.7 56525 56513.1 56501.2 56489.1 56476.9 56464.6
56452.2 56439.7 56427 56414.2 56401.2 56388.1 56374.9 56361.5 56347.9
56334.2 56320.3 56306.2 56292 56277.6 56262.9 56248.1 56233 56217.8
56202.3 56186.6 56170.6 56154.4 56137.9 56121.2 56104.2 56086.8 56069.2
56051.3 56033.1 56014.5 55995.6 55976.3 55956.6 55936.6 55916.1 55895.2
55873.9 55852.2 55829.9 55807.2 55784 55760.2 55735.9 55711 55685.6
55659.5 55632.7 55605.3 55577.2 55548.4 55518.8 55488.4 55457.1 55425.1
55392.1 55358.2 55323.3 55287.4 55250.4 55212.2 55173 55132.4 55090.6
55047.5 55002.9 54956.9 54909.3 54860.1 54809.1 54756.4 54701.7 54645.1
54586.3 54525.4 54462.1 54396.3 54327.9 54256.7 54182.6 54105.4 54024.9
53940.8 53853.1 53761.4 53665.5 53565 53459.8 53349.4 53233.4 53111.5
52983.2 52848.1 52705.5 52554.8 52395.4 52226.5 52047.3 51856.7 51653.7
51437 51205.2 50956.7 50689.5 50401.3 50089.6 49751.2 49382.4 48978.7
48534.5 48043.1 47496.1 46881.2 46174.8 45380 44416.2 43154.8 41908.6
41070.2 40624.6 40622 40956.9 41442.8 41956.4 42509.7 43125.8 43830.7
44641.4 45516.4 46505.3 47594.5 48744.5 50015.7 51362.6 52764.9 54281.7
55845.8 57468.7 59182 60911.7 62709.6 64568.5 66423.2 68347 70295
72226.6 74217.8 76198.1 78160.5 80155.6 82101.3 84040 85974.7 87839
89697.8 91513.8 93255.1 94969.9 96604.1 98173.8 99680.2 101082 102402
103624 104730 105724 106590 107320 107915 108356 108620 108694
108573 108260 107790 107059 106101 104933 103564 102008 100236
98281.9 96148.2 93825.5 91380 88759.2 86051.4 83249.3 80350.6 77432.7
74416.9 71431.6 68431.4 65485.5 62732 60130.7 57745.4 55369.3 52913.8
50171.6 47660.6 45593 44070.5 43598.5 42780.9 41773.6 41011.4 41459.2
43206.8 45271.2 46977.1 48114.3 48606.9 48598.7 48001.9 46929.8 45648.9
44352.4 43212.5 43104.3 43110.2 43186.1 43442 43957.2 44677.3 45764
46420.5 47088.7 47704.7 48282.8 48839.5 49367.5 49864.6 50327.1 50752.1
51138 51484.3 51791.6 52061.5 52296.2 52498.4 52670.5 52815.3 52935.6
53034 53113 53174.1 53217.4 53242 53250.2 53245.2 53229.9 53206.9
53178.4 53145.9 53110.6 53073.1 53033.9 52993 52950.6 52906.3 52860.1
52811.8 52761.3 52708.8 52654.6 52599.1 52542.6 52485.8 52429.2 52373.4
52318.8 52265.9 52215.3 52167.2 52121.7 52081 52038.9
        </DataArray>
        <DataArray type='Float32' Name='p' format='ascii'>
28.636 24.6447 22.9342 22.6388 22.3924 22.105 21.8193 21.4667 21.0853
20.7276 20.386 20.0552 19.7337 19.4213 19.1217 18.8359 18.5697 18.3325
18.1083 17.8788 17.6499 17.4265 17.2089 17.0066 16.8169 16.6357 16.4713
16.3176 16.1681 16.0242 15.8887 15.7621 15.6437 15.5355 15.4338 15.3354
15.2441 15.1611 15.0851 15.0148 14.9498 14.8901 14.8351 14.7842 14.7369
14.6935 14.6521 14.6112 14.5719 14.5345 14.4989 14.4648 14.4319 14.4002
14.3696 14.3404 14.3124 14.2853 14.2593 14.2343 14.2088 14.1816 14.154
14.1269 14.1004 14.0739 14.0471 14.0202 13.9934 13.9671 13.9415 13.9164
13.8922 13.8682 13.843 13.8167 13.7902 13.764 13.7382 13.7126 13.6869
13.6613 13.6357 13.6102 13.5851 13.5602 13.5357 13.5113 13.4869 13.4623
13.4375 13.4126 13.388 13.3636 13.3394 13.3152 13.2907 13.266 13.2412
13.2162 13.1912 13.1659 13.1404 13.1147 13.0891 13.0636 13.0384 13.0133
12.9883 12.9633 12.9383 12.9134 12.8886 12.8641 12.8397 12.8156 12.7919
12.7685 12.7455 12.7228 12.7007 12.679 12.6578 12.6372 12.6172 12.5978
12.5792 12.5613 12.544 12.5275 12.5118 12.4967 12.4824 12.4687 12.4558
12.4435 12.4319 12.4209 12.4105 12.4007 12.3914 12.3827 12.3745 12.3668
12.3595 12.3527 12.3462 12.3401 12.3344 12.329 12.3239 12.3192 12.3147
12.3106 12.3066 12.303 12.2996 12.2965 12.2936 12.291 12.2886 12.2865
12.2847 12.283 12.2816 12.2805 12.2796 12.2789 12.2785 12.2782 12.2782
12.2783 12.2788 12.2798 12.2812 12.2829 12.2849 12.2872 12.2897 12.2925
12.2956 12.2991 12.3029 12.3072 12.3119 12.317 12.3225 12.3285 12.3348
12.3416 12.3489 12.3566 12.3648 12.3736 12.3829 12.3927 12.403 12.4139
12.4254 12.4375 12.4502 12.4635 12.4774 12.4921 12.5074 12.5234 12.5402
12.5577 12.5759 12.5949 12.6148 12.6355 12.657 12.6794 12.7028 12.727
12.7523 12.7785 12.8057 12.834 12.8634 12.8939 12.9256 12.9584 12.9925
13.0278 13.0644 13.1024 13.1417 13.1825 13.2247 13.2684 13.3137 13.3606
13.4091 13.4594 13.5114 13.5652 13.6209 13.6785 13.7381 13.7997 13.8635
13.9295 13.9977 14.0682 14.1412 14.2166 14.2946 14.3752 14.4586 14.5447
14.6338 14.7259 14.8211 14.9195 15.0213 15.1264 15.2351 15.3475 15.4636
15.5837 15.7078 15.836 15.9686 16.1057 16.2473 16.3938 16.5452 16.7017
16.8636 17.0309 17.2038 17.3827 17.5676 17.7589 17.9566 18.1612 18.3727
18.5915 18.8178 19.0519 19.2942 19.5448 19.8041 20.0724 20.3502 20.6376
20.9352 21.2433 21.5623 21.8926 22.2347 22.5891 22.9562 23.3365 23.7307
24.1392 24.5627 25.0017 25.457 25.9292 26.4191 26.9274 27.4548 28.0024
28.5708 29.1612 29.7745 30.4116 31.0739 31.7623 32.4782 33.2229 33.9977
34.8042 35.6439 36.5185 37.4298 38.3797 39.3701 40.4034 41.4818 42.6077
43.7838 45.013 46.2983 47.6431 49.0508 50.5254 52.071 53.692 55.3934
57.1804 59.0589 61.0353 63.1162 65.3095 67.6234 70.0672 72.6511 75.3865
78.2859 81.3636 84.6353 88.119 91.8349 95.8061 100.059 104.623 109.533
114.829 120.557 126.768 133.524 140.932 149.256 157.787 168.561 181.414
189.802 195.535 201.28 205.015 206.845 207.741 207.894 206.499 204.106
200.977 196.532 191.431 185.1 177.515 169.529 159.969 149.339 138.31
125.344 111.666 97.2974 80.8664 64.3178 46.4285 26.6222 7.17929 -14.3804
-37.4893 -60.0363 -85.3641 -111.557 -137.484 -166.492 -195.209 -224.844 -257.011
-287.752 -320.787 -355.061 -387.485 -422.786 -457.174 -490.92 -526.413 -558.889
-592.298 -624.611 -653.736 -683.072 -708.391 -731.936 -752.809 -769.049 -782.818
-791.92 -796.638 -798.215 -794.808 -785.636 -773.354 -756.365 -736.532 -712.738
-685.43 -656.611 -623.742 -590.466 -554.675 -517.664 -481.213 -442.589 -405.587
-367.765 -330.719 -295.738 -260.833 -228.872 -198.08 -169.477 -143.957 -120.583
-101.125 -84.1953 -69.435 -56.5897 -44.3052 -32.7621 -21.9557 -13.6575 -8.96945
-5.82745 -1.52161 6.87146 19.8127 37.0936 57.5298 79.1238 100.693 120.733
138.83 154.378 167.386 177.798 185.362 190.602 192.666 191.05 186.249
173.951 164.15 154.068 143.878 134.669 126.004 117.851 110.271 103.247
96.742 90.7243 85.155 79.9842 75.164 70.6596 66.4488 62.5142 58.8356
55.3895 52.1536 49.1108 46.2476 43.554 41.0202 38.6341 36.3808 34.2444
32.2108 30.2686 28.4099 26.6283 24.9192 23.2789 21.7048 20.1941 18.7441
17.3516 16.0128 14.7231 13.4772 12.2698 11.0956 9.94959 8.82792 7.72721
6.64623 5.58164 4.53811 3.50302 2.4994 1.43285 0.422913
        </DataArray>
        <DataArray type='Float32' Name='U' NumberOfComponents='3' format='ascii'>
0 0 0 0 0 0 0 0 0
0 0 0 0 0 0 0 0 0
0 0 0 0 0 0 0 0 0
0 0 0 0 0 0 0 0 0
0 0 0 0 0 0 0 0 0
0 0 0 0 0 0 0 0 0
0 0 0 0 0 0 0 0 0
0 0 0 0 0 0 0 0 0
0 0 0 0 0 0 0 0 0
0 0 0 0 0 0 0 0 0
0 0 0 0 0 0 0 0 0
0 0 0 0 0 0 0 0 0
0 0 0 0 0 0 0 0 0
0 0 0 0 0 0 0 0 0
0 0 0 0 0 0 0 0 0
0 0 0 0 0 0 0 0 0
0 0 0 0 0 0 0 0 0
0 0 0 0 0 0 0 0 0
0 0 0 0 0 0 0 0 0
0 0 0 0 0 0 0 0 0
0 0 0 0 0 0 0 0 0
0 0 0 0 0 0 0 0 0
0 0 0 0 0 0 0 0 0
0 0 0 0 0 0 0 0 0
0 0 0 0 0 0 0 0 0
0 0 0 0 0 0 0 0 0
0 0 0 0 0 0 0 0 0
0 0 0 0 0 0 0 0 0
0 0 0 0 0 0 0 0 0
0 0 0 0 0 0 0 0 0
0 0 0 0 0 0 0 0 0
0 0 0 0 0 0 0 0 0
0 0 0 0 0 0 0 0 0
0 0 0 0 0 0 0 0 0
0 0 0 0 0 0 0 0 0
0 0 0 0 0 0 0 0 0
0 0 0 0 0 0 0 0 0
0 0 0 0 0 0 0 0 0
0 0 0 0 0 0 0 0 0
0 0 0 0 0 0 0 0 0
0 0 0 0 0 0 0 0 0
0 0 0 0 0 0 0 0 0
0 0 0 0 0 0 0 0 0
0 0 0 0 0 0 0 0 0
0 0 0 0 0 0 0 0 0
0 0 0 0 0 0 0 0 0
0 0 0 0 0 0 0 0 0
0 0 0 0 0 0 0 0 0
0 0 0 0 0 0 0 0 0
0 0 0 0 0 0 0 0 0
0 0 0 0 0 0 0 0 0
0 0 0 0 0 0 0 0 0
0 0 0 0 0 0 0 0 0
0 0 0 0 0 0 0 0 0
0 0 0 0 0 0 0 0 0
0 0 0 0 0 0 0 0 0
0 0 0 0 0 0 0 0 0
0 0 0 0 0 0 0 0 0
0 0 0 0 0 0 0 0 0
0 0 0 0 0 0 0 0 0
0 0 0 0 0 0 0 0 0
0 0 0 0 0 0 0 0 0
0 0 0 0 0 0 0 0 0
0 0 0 0 0 0 0 0 0
0 0 0 0 0 0 0 0 0
0 0 0 0 0 0 0 0 0
0 0 0 0 0 0 0 0 0
0 0 0 0 0 0 0 0 0
0 0 0 0 0 0 0 0 0
0 0 0 0 0 0 0 0 0
0 0 0 0 0 0 0 0 0
0 0 0 0 0 0 0 0 0
0 0 0 0 0 0 0 0 0
0 0 0 0 0 0 0 0 0
0 0 0 0 0 0 0 0 0
0 0 0 0 0 0 0 0 0
0 0 0 0 0 0 0 0 0
0 0 0 0 0 0 0 0 0
0 0 0 0 0 0 0 0 0
0 0 0 0 0 0 0 0 0
0 0 0 0 0 0 0 0 0
0 0 0 0 0 0 0 0 0
0 0 0 0 0 0 0 0 0
0 0 0 0 0 0 0 0 0
0 0 0 0 0 0 0 0 0
0 0 0 0 0 0 0 0 0
0 0 0 0 0 0 0 0 0
0 0 0 0 0 0 0 0 0
0 0 0 0 0 0 0 0 0
0 0 0 0 0 0 0 0 0
0 0 0 0 0 0 0 0 0
0 0 0 0 0 0 0 0 0
0 0 0 0 0 0 0 0 0
0 0 0 0 0 0 0 0 0
0 0 0 0 0 0 0 0 0
0 0 0 0 0 0 0 0 0
0 0 0 0 0 0 0 0 0
0 0 0 0 0 0 0 0 0
0 0 0 0 0 0 0 0 0
0 0 0 0 0 0 0 0 0
0 0 0 0 0 0 0 0 0
0 0 0 0 0 0 0 0 0
0 0 0 0 0 0 0 0 0
0 0 0 0 0 0 0 0 0
0 0 0 0 0 0 0 0 0
0 0 0 0 0 0 0 0 0
0 0 0 0 0 0 0 0 0
0 0 0 0 0 0 0 0 0
0 0 0 0 0 0 0 0 0
0 0 0 0 0 0 0 0 0
0 0 0 0 0 0 0 0 0
0 0 0 0 0 0 0 0 0
0 0 0 0 0 0 0 0 0
0 0 0 0 0 0 0 0 0
0 0 0 0 0 0 0 0 0
0 0 0 0 0 0 0 0 0
0 0 0 0 0 0 0 0 0
0 0 0 0 0 0 0 0 0
0 0 0 0 0 0 0 0 0
0 0 0 0 0 0 0 0 0
0 0 0 0 0 0 0 0 0
0 0 0 0 0 0 0 0 0
0 0 0 0 0 0 0 0 0
0 0 0 0 0 0 0 0 0
0 0 0 0 0 0 0 0 0
0 0 0 0 0 0 0 0 0
0 0 0 0 0 0 0 0 0
0 0 0 0 0 0 0 0 0
0 0 0 0 0 0 0 0 0
0 0 0 0 0 0 0 0 0
0 0 0 0 0 0 0 0 0
0 0 0 0 0 0 0 0 0
0 0 0 0 0 0 0 0 0
0 0 0 0 0 0 0 0 0
0 0 0 0 0 0 0 0 0
0 0 0 0 0 0 0 0 0
0 0 0 0 0 0 0 0 0
0 0 0 0 0 0 0 0 0
0 0 0 0 0 0 0 0 0
0 0 0 0 0 0 0 0 0
0 0 0 0 0 0 0 0 0
0 0 0 0 0 0 0 0 0
0 0 0 0 0 0 0 0 0
0 0 0 0 0 0 0 0 0
0 0 0 0 0 0 0 0 0
0 0 0 0 0 0 0 0 0
0 0 0 0 0 0 0 0 0
0 0 0 0 0 0 0 0 0
0 0 0 0 0 0 0 0 0
0 0 0 0 0 0 0 0 0
0 0 0 0 0 0 0 0 0
0 0 0 0 0 0 0 0 0
0 0 0 0 0 0 0 0 0
0 0 0 0 0 0 0 0 0
0 0 0 0 0 0 0 0 0
0 0 0 0 0 0 0 0 0
0 0 0 0 0 0 0 0 0
0 0 0 0 0 0 0 0 0
0 0 0 0 0 0 0 0 0
0 0 0 0 0 0 0 0 0
0 0 0 0 0 0 0 0 0
0 0 0 0 0 0 0 0 0
0 0 0 0 0 0 0 0 0
0 0 0 0 0 0 0 0 0
0 0 0 0 0 0 0 0 0
0 0 0 0 0 0 0 0 0
0 0 0 0 0 0 0 0 0
0 0 0 0 0 0 0 0 0
0 0 0 0 0 0 0 0 0
0 0 0 0 0 0 0 0 0
0 0 0 0 0 0 0 0 0
0 0 0 0 0 0 0 0 0
0 0 0 0 0 0 0 0 0
0 0 0
        </DataArray>
        <DataArray type='Float32' Name='wallShearStress' NumberOfComponents='3' format='ascii'>
-2.44124 -7.30339e-05 -7.63579e-29 -2.43101 -0.00192526 -1.15241e-23 -2.41263 -0.00275199 1.48697e-23
-2.47128 -0.00396584 -1.37364e-23 -2.78197 -0.00583982 -3.4783e-24 -3.03962 -0.00783824 -1.8929e-25
-3.25621 -0.00999284 -8.82437e-24 -3.44176 -0.0120129 1.60948e-23 -3.59465 -0.0137748 -3.24662e-24
-3.71518 -0.0152758 -9.09121e-24 -3.80507 -0.0164695 1.62981e-23 -3.86699 -0.0173528 -2.24606e-24
-3.90412 -0.0179335 1.05586e-23 -3.91984 -0.0182344 5.48535e-24 -3.91753 -0.0182773 -3.10987e-23
-3.90033 -0.0180876 -2.32918e-23 -3.87114 -0.0177022 4.05686e-23 -3.83258 -0.0169954 2.4788e-23
-3.787 -0.0160873 -1.94393e-23 -3.73606 -0.0152283 -3.42957e-23 -3.68116 -0.0143981 4.34286e-23
-3.62354 -0.0135817 -2.29789e-23 -3.56431 -0.0127604 2.68522e-23 -3.50458 -0.0119046 -2.45537e-23
-3.44521 -0.0110338 1.26024e-23 -3.38698 -0.0101981 -5.20254e-23 -3.33038 -0.0094585 4.16469e-24
-3.27562 -0.00881792 3.35386e-23 -3.2228 -0.00823518 9.38103e-24 -3.17199 -0.00768737 -7.04697e-23
-3.12321 -0.00716715 1.02839e-22 -3.0766 -0.00667195 -7.40715e-23 -3.03226 -0.0062019 3.44679e-23
-2.99023 -0.00574836 -2.47886e-24 -2.95056 -0.00531109 5.65926e-23 -2.91323 -0.00489888 -4.10305e-23
-2.87819 -0.0045096 -5.19554e-23 -2.84536 -0.0041413 5.95504e-23 -2.81467 -0.00379475 -8.02191e-23
-2.78603 -0.00347129 9.45741e-23 -2.75933 -0.00317156 -4.45544e-23 -2.73448 -0.00289254 -6.68397e-23
-2.71136 -0.00263549 6.36238e-23 -2.68985 -0.00239964 -2.23812e-23 -2.66985 -0.00218404 1.45558e-23
-2.65127 -0.00198412 -5.03529e-23 -2.634 -0.00180023 3.8031e-23 -2.61796 -0.00163508 3.59263e-23
-2.60306 -0.00148291 1.88232e-23 -2.5892 -0.00133939 -3.43208e-24 -2.57631 -0.00120496 1.13224e-22
-2.56432 -0.001082 -1.33868e-23 -2.55313 -0.000971963 -9.73481e-23 -2.54268 -0.000874587 1.89921e-23
-2.53289 -0.000788839 -6.47731e-23 -2.5237 -0.000713842 5.09621e-23 -2.51503 -0.000648946 5.20775e-24
-2.50684 -0.00059343 -1.39406e-22 -2.49906 -0.000545786 1.77508e-22 -2.49166 -0.000502702 -8.95116e-23
-2.48461 -0.00046425 1.27448e-22 -2.47786 -0.000432999 -1.18559e-22 -2.47139 -0.00040812 3.68526e-23
-2.46516 -0.000387899 -8.22107e-24 -2.45914 -0.000371379 6.59043e-23 -2.45331 -0.00035786 -3.94868e-23
-2.44764 -0.000346796 -6.23617e-24 -2.44212 -0.000337794 -1.28301e-22 -2.43673 -0.000330583 1.79924e-22
-2.43145 -0.000325021 -1.18341e-22 -2.42626 -0.000321046 1.13946e-23 -2.42115 -0.000318803 -3.2808e-23
-2.41611 -0.000316823 5.73936e-23 -2.41114 -0.000314489 -8.26615e-23 -2.40623 -0.000313712 1.22257e-22
-2.40138 -0.00031508 -3.66644e-23 -2.39656 -0.000317782 1.29655e-23 -2.39178 -0.000321087 -1.25681e-22
-2.38702 -0.000324614 7.7602e-23 -2.38229 -0.000328236 -4.16982e-24 -2.37757 -0.000331913 4.48897e-23
-2.37287 -0.000335627 -5.68197e-23 -2.36818 -0.000339389 7.08193e-23 -2.3635 -0.000343207 5.14656e-24
-2.35882 -0.000347098 -1.33389e-22 -2.35414 -0.000350938 6.68447e-23 -2.34947 -0.00035455 9.97352e-23
-2.3448 -0.000358031 -2.30729e-23 -2.34012 -0.000361468 2.8698e-23 -2.33545 -0.000364925 -1.1195e-22
-2.33078 -0.000368609 1.0616e-22 -2.32611 -0.000372647 2.28965e-23 -2.32144 -0.000376923 -3.99047e-23
-2.31676 -0.000381338 -1.79118e-22 -2.31208 -0.00038593 9.41981e-23 -2.30739 -0.000390642 -2.51265e-23
-2.30269 -0.000395372 1.51802e-22 -2.29797 -0.000400031 5.10567e-23 -2.29325 -0.000404573 -4.90834e-23
-2.28851 -0.000408812 -2.23024e-22 -2.28376 -0.000412641 2.281e-22 -2.279 -0.000416227 5.37785e-23
-2.27423 -0.000419734 -7.86355e-24 -2.26945 -0.000423237 -2.00006e-22 -2.26466 -0.000426653 1.55563e-22
-2.25987 -0.000429806 9.39046e-23 -2.25508 -0.000432605 -1.15422e-22 -2.2503 -0.000435032 -2.13029e-22
-2.24553 -0.000437087 2.94251e-23 -2.24077 -0.00043878 -1.33542e-23 -2.23602 -0.00044012 2.6435e-22
-2.2313 -0.000441088 5.64922e-23 -2.22661 -0.000441651 -9.54408e-23 -2.22195 -0.000441778 -3.18704e-22
-2.21732 -0.000441432 3.00333e-23 -2.21274 -0.0004406 3.22341e-22 -2.20821 -0.000439273 9.87872e-23
-2.20373 -0.000437423 -1.0585e-22 -2.1993 -0.000435037 -2.72823e-22 -2.19493 -0.00043208 -1.80652e-23
-2.19063 -0.00042855 2.72876e-22 -2.1864 -0.000424475 -5.69338e-23 -2.18224 -0.000419882 -2.04051e-22
-2.17816 -0.000414796 4.84565e-23 -2.17415 -0.000409236 2.28885e-22 -2.17023 -0.000403222 4.55963e-23
-2.1664 -0.000396769 -2.44466e-22 -2.16265 -0.000389876 -9.54585e-24 -2.15899 -0.000382586 1.87097e-22
-2.15542 -0.000374949 -3.05194e-23 -2.15195 -0.000366995 1.31254e-22 -2.14857 -0.000358769 -1.38302e-22
-2.14528 -0.00035029 4.04206e-23 -2.14209 -0.000341594 -2.28149e-22 -2.13899 -0.000332733 -3.12961e-23
-2.13598 -0.000323744 9.39319e-23 -2.13307 -0.000314659 -1.21329e-22 -2.13024 -0.000305517 -1.32202e-23
-2.12751 -0.000296368 9.45401e-23 -2.12487 -0.000287255 -1.20005e-22 -2.12231 -0.0002782 4.13855e-22
-2.11984 -0.000269219 -3.66106e-22 -2.11745 -0.000260331 2.54491e-22 -2.11514 -0.000251562 -1.15731e-22
-2.11291 -0.000242946 4.36331e-23 -2.11075 -0.000234512 9.86381e-23 -2.10867 -0.000226292 -1.83403e-22
-2.10666 -0.000218309 -7.62598e-23 -2.10471 -0.000210576 -5.62552e-23 -2.10283 -0.000203104 3.37231e-23
-2.10101 -0.000195896 1.92201e-22 -2.09925 -0.000188951 -1.92561e-22 -2.09754 -0.000182274 3.01589e-22
-2.09589 -0.000175868 -4.78899e-23 -2.09429 -0.000169743 -2.79997e-23 -2.09274 -0.000163902 6.16385e-23
-2.09124 -0.000158337 -3.56815e-22 -2.08977 -0.000153035 1.54228e-22 -2.08835 -0.000147984 2.08767e-22
-2.08697 -0.000143177 -2.25972e-22 -2.08563 -0.000138607 2.84297e-22 -2.08432 -0.000134275 -2.19719e-22
-2.08304 -0.000130183 -1.30258e-22 -2.08179 -0.000126323 2.76367e-22 -2.08058 -0.000122683 -1.22805e-22
-2.07939 -0.000119255 -1.37749e-22 -2.07822 -0.00011615 3.03228e-22 -2.07708 -0.000111304 2.8945e-22
-2.07596 -0.000123216 -5.20137e-23 -2.07487 -0.000136803 4.9562e-23 -2.07379 -0.000145371 -5.86259e-26
-2.07273 -0.000150706 -1.32307e-22 -2.07169 -0.000133108 1.89561e-22 -2.07066 -0.000124774 -2.00314e-22
-2.06965 -0.000111805 5.77929e-22 -2.06865 -0.000101168 -4.28122e-22 -2.06767 -9.39851e-05 -1.0874e-22
-2.0667 -8.988e-05 2.67845e-23 -2.06574 -8.77978e-05 5.18295e-22 -2.06479 -8.67814e-05 -3.20383e-22
-2.06385 -8.62506e-05 -1.84929e-22 -2.06291 -8.58497e-05 3.06562e-22 -2.06199 -8.52907e-05 5.28451e-23
-2.06107 -8.447e-05 -2.128e-22 -2.06016 -8.34066e-05 2.90635e-22 -2.05926 -8.21921e-05 2.50507e-23
-2.05836 -8.10149e-05 -6.13769e-22 -2.05747 -7.99961e-05 2.46063e-22 -2.05658 -7.91588e-05 -3.92947e-22
-2.0557 -7.85215e-05 5.65561e-22 -2.05482 -7.80425e-05 -4.4213e-22 -2.05394 -7.76163e-05 5.17029e-22
-2.05307 -7.71551e-05 -5.24982e-22 -2.0522 -7.66582e-05 2.99472e-22 -2.05133 -7.61635e-05 -2.05513e-22
-2.05046 -7.57071e-05 -5.40075e-23 -2.0496 -7.53043e-05 2.33487e-22 -2.04873 -7.49538e-05 -7.07004e-23
-2.04787 -7.46639e-05 2.17167e-22 -2.047 -7.4439e-05 -3.9305e-22 -2.04614 -7.42537e-05 3.07495e-23
-2.04528 -7.40829e-05 5.71297e-22 -2.04441 -7.39316e-05 -2.42325e-22 -2.04355 -7.38051e-05 -9.00708e-23
-2.04268 -7.3691e-05 -2.27463e-22 -2.04182 -7.35833e-05 1.11413e-22 -2.04095 -7.34989e-05 2.48033e-22
-2.04008 -7.3446e-05 2.97804e-22 -2.03921 -7.34282e-05 -1.30673e-22 -2.03834 -7.34405e-05 1.43273e-22
-2.03746 -7.34821e-05 -7.16661e-22 -2.03658 -7.35487e-05 2.41486e-22 -2.0357 -7.36282e-05 -5.14549e-23
-2.03482 -7.37146e-05 -2.07566e-22 -2.03394 -7.38115e-05 2.99798e-23 -2.03305 -7.39248e-05 2.18499e-22
-2.03215 -7.40591e-05 -4.3201e-23 -2.03126 -7.42169e-05 4.41433e-22 -2.03036 -7.43948e-05 -9.9281e-23
-2.02945 -7.45855e-05 -8.4172e-23 -2.02855 -7.47862e-05 -5.22707e-22 -2.02763 -7.50011e-05 4.81267e-23
-2.02672 -7.52362e-05 1.3235e-22 -2.02579 -7.54938e-05 1.48644e-22 -2.02487 -7.57726e-05 -1.0022e-22
-2.02393 -7.60681e-05 6.19831e-22 -2.02299 -7.63756e-05 -5.84705e-22 -2.02205 -7.6694e-05 -2.17884e-22
-2.0211 -7.70266e-05 6.08859e-23 -2.02014 -7.7377e-05 2.72455e-22 -2.01918 -7.77512e-05 2.16234e-22
-2.01821 -7.81514e-05 -3.61148e-22 -2.01723 -7.85789e-05 -2.95073e-22 -2.01624 -7.90324e-05 6.73461e-22
-2.01525 -7.95104e-05 -3.96346e-22 -2.01425 -8.00077e-05 -3.48141e-22 -2.01324 -8.05204e-05 -1.00161e-23
-2.01222 -8.10464e-05 2.06966e-22 -2.01119 -8.1587e-05 3.67607e-22 -2.01015 -8.2147e-05 1.4393e-22
-2.0091 -8.27334e-05 4.82027e-23 -2.00804 -8.33521e-05 -2.94115e-22 -2.00697 -8.40084e-05 3.35058e-22
-2.00589 -8.47046e-05 -2.3237e-22 -2.0048 -8.54378e-05 -1.07629e-22 -2.00369 -8.62025e-05 -3.24214e-22
-2.00257 -8.69917e-05 2.18835e-22 -2.00144 -8.77994e-05 -2.06767e-22 -2.0003 -8.86236e-05 2.86988e-22
-1.99914 -8.94687e-05 -8.58751e-23 -1.99797 -9.03421e-05 -9.45681e-23 -1.99679 -9.12488e-05 -2.98911e-22
-1.99558 -9.21929e-05 4.01692e-22 -1.99437 -9.31779e-05 7.94665e-23 -1.99313 -9.42067e-05 1.43554e-23
-1.99188 -9.52774e-05 -1.55191e-22 -1.99061 -9.6385e-05 6.44686e-22 -1.98933 -9.75224e-05 -1.69863e-22
-1.98802 -9.86907e-05 -3.45579e-22 -1.9867 -9.98946e-05 2.21325e-22 -1.98535 -0.000101141 -4.95694e-22
-1.98399 -0.000102434 8.96648e-22 -1.9826 -0.000103775 -6.87169e-22 -1.98119 -0.000105163 -4.31931e-22
-1.97976 -0.000106596 1.55855e-22 -1.9783 -0.000108079 6.04226e-22 -1.97682 -0.000109618 -3.6018e-22
-1.97531 -0.000111215 -9.08003e-23 -1.97378 -0.000112871 -5.84645e-23 -1.97222 -0.000114585 8.09654e-22
-1.97063 -0.000116357 -1.65608e-22 -1.96901 -0.000118189 1.17824e-22 -1.96735 -0.000120086 -6.81294e-22
-1.96567 -0.000122056 -4.02979e-22 -1.96396 -0.000124104 1.21258e-21 -1.96221 -0.000126225 -1.14777e-21
-1.96042 -0.000128423 4.868e-22 -1.9586 -0.000130704 -1.04381e-22 -1.95673 -0.000133073 3.2298e-24
-1.95483 -0.000135534 5.91268e-22 -1.95289 -0.000138091 5.55693e-23 -1.9509 -0.000140748 -8.56837e-22
-1.94887 -0.000143503 2.26164e-22 -1.94679 -0.00014636 3.74603e-22 -1.94466 -0.000149329 -7.29206e-22
-1.94248 -0.000152421 6.71703e-22 -1.94025 -0.000155638 -1.7966e-22 -1.93797 -0.00015899 1.89871e-22
-1.93563 -0.00016248 -6.4574e-22 -1.93322 -0.000166103 5.52787e-22 -1.93076 -0.000169864 -3.37606e-23
-1.92823 -0.000173778 9.24927e-22 -1.92564 -0.000177859 -1.8662e-21 -1.92298 -0.000182117 2.54572e-22
-1.92024 -0.000186561 1.92014e-21 -1.91743 -0.000191192 -1.03879e-21 -1.91454 -0.000196016 -4.87739e-22
-1.91156 -0.000201045 6.17322e-22 -1.9085 -0.000206294 1.24684e-21 -1.90535 -0.00021178 -1.94993e-21
-1.90211 -0.000217515 -1.15865e-22 -1.89877 -0.000223508 -1.80404e-22 -1.89533 -0.000229764 1.14652e-21
-1.89178 -0.000236304 -8.4647e-22 -1.88811 -0.000243153 4.70962e-22 -1.88433 -0.000250333 1.1826e-21
-1.88043 -0.000257862 -1.63149e-21 -1.8764 -0.000265757 -1.72994e-21 -1.87223 -0.00027404 2.00587e-21
-1.86792 -0.000282732 -9.17348e-22 -1.86347 -0.000291861 2.13683e-21 -1.85885 -0.000301456 -9.13476e-22
-1.85407 -0.000311547 7.74295e-22 -1.84912 -0.000322169 -1.71241e-21 -1.84399 -0.000333363 1.82111e-21
-1.83867 -0.000345175 -6.90551e-22 -1.83314 -0.00035765 -1.49664e-21 -1.82741 -0.000370832 1.22717e-21
-1.82144 -0.000384766 5.27285e-22 -1.81524 -0.000399505 -1.22177e-21 -1.8088 -0.000415114 1.83906e-21
-1.80208 -0.000431667 -1.08998e-21 -1.79509 -0.000449243 1.28953e-21 -1.78779 -0.000467937 -6.72868e-22
-1.78018 -0.00048784 -2.7451e-21 -1.77224 -0.000509056 2.03241e-21 -1.76394 -0.000531706 1.20352e-21
-1.75526 -0.000555921 -9.43444e-22 -1.74618 -0.000581845 6.16942e-22 -1.73666 -0.000609641 -1.70214e-21
-1.72668 -0.000639488 -1.91814e-21 -1.71621 -0.000671595 6.61697e-21 -1.7052 -0.000706219 -4.5652e-21
-1.69363 -0.000743623 4.17124e-21 -1.68145 -0.000784124 -3.02067e-21 -1.6686 -0.000828074 -1.20244e-21
-1.65504 -0.000875902 3.87385e-21 -1.64071 -0.000928065 -6.10414e-21 -1.62554 -0.000985146 3.04341e-23
-1.60946 -0.00104778 -1.4853e-21 -1.59239 -0.00111674 4.7912e-21 -1.57423 -0.00119293 -2.33425e-21
-1.55488 -0.00127745 -4.43399e-22 -1.53421 -0.00137164 4.83752e-21 -1.5121 -0.00147713 -8.08667e-21
-1.48837 -0.00159583 6.67317e-21 -1.46285 -0.00173008 -1.88145e-21 -1.43532 -0.00188283 -5.6955e-21
-1.40553 -0.00205789 1.63849e-21 -1.37318 -0.00226 4.04165e-21 -1.33791 -0.00249495 7.68266e-21
-1.29929 -0.00277112 -3.09346e-21 -1.25682 -0.00309567 -7.98444e-21 -1.20985 -0.00349638 6.43248e-21
-1.15743 -0.00395496 -5.9887e-21 -1.09721 -0.00437355 -2.57307e-20 -1.03181 -0.00550648 2.68711e-20
-0.951037 -0.00624686 2.42233e-20 -0.843569 -0.00684867 1.43602e-20 -0.752612 -0.0112812 -3.8571e-19
-0.70445 -0.0197464 -2.04442e-19 -0.681854 -0.0295661 -7.78943e-19 -0.681078 -0.0421396 2.18389e-18
-0.701477 -0.0572563 1.38584e-18 -0.733302 -0.0745367 -7.49173e-20 -0.768667 -0.0894875 9.02944e-20
-0.804335 -0.0954399 7.04181e-23 -0.844912 -0.126225 -3.75238e-18 -0.88905 -0.154252 3.45084e-19
-0.93827 -0.181081 2.73801e-18 -0.991131 -0.208368 3.58035e-18 -1.04825 -0.237598 -8.38024e-19
-1.11155 -0.269301 -1.84457e-20 -1.1777 -0.302599 4.95366e-18 -1.24853 -0.338734 -1.6967e-18
-1.32564 -0.377357 -6.38414e-18 -1.40495 -0.417418 -2.29835e-18 -1.48975 -0.460531 -1.77807e-18
-1.58043 -0.50553 3.18533e-18 -1.67315 -0.551885 1.70345e-18 -1.77224 -0.600925 1.53811e-18
-1.87568 -0.650788 -2.42468e-18 -1.98141 -0.702169 -4.09615e-18 -2.09483 -0.755813 -3.7074e-18
-2.21094 -0.808945 1.45605e-18 -2.33003 -0.863529 -8.41954e-20 -2.45777 -0.919208 1.01611e-19
-2.58679 -0.973055 8.22125e-19 -2.71995 -1.02795 -5.46536e-18 -2.86175 -1.08212 -1.08393e-17
-3.00363 -1.13329 3.08781e-18 -3.15099 -1.18443 2.90475e-18 -3.30452 -1.23201 -9.17953e-18
-3.45826 -1.27617 1.05334e-17 -3.61955 -1.3185 -3.37126e-18 -3.78299 -1.3542 -1.10981e-17
-3.94699 -1.38613 -4.45432e-18 -4.11928 -1.41331 -1.87772e-17 -4.28953 -1.43146 -2.92641e-17
-4.46051 -1.44446 3.33719e-18 -4.63544 -1.44847 -2.26272e-18 -4.80513 -1.44248 1.13645e-17
-4.97508 -1.42852 -1.45685e-17 -5.13974 -1.40153 1.44661e-17 -5.29584 -1.36458 5.60094e-18
-5.44829 -1.31605 1.2699e-17 -5.58641 -1.25346 3.65332e-17 -5.71208 -1.18037 -3.78979e-17
-5.8231 -1.09349 9.07208e-18 -5.91345 -0.995331 1.0572e-17 -5.98578 -0.888017 -2.52557e-17
-6.03175 -0.772678 4.80559e-18 -6.05051 -0.650384 -9.71703e-18 -6.03978 -0.522065 8.86015e-19
-5.99515 -0.393561 -8.26389e-18 -5.92448 -0.242994 3.2306e-18 -5.82894 -0.22278 1.92501e-22
-5.68429 -0.0409326 5.86114e-19 -5.51108 0.132269 8.57428e-18 -5.3104 0.283115 5.37421e-18
-5.0872 0.408463 -1.31068e-17 -4.84216 0.50625 -4.97798e-17 -4.57402 0.585804 2.15729e-18
-4.29466 0.648946 8.06431e-18 -3.99959 0.69672 7.22323e-18 -3.69909 0.728096 5.75116e-18
-3.39526 0.744209 3.23449e-17 -3.08753 0.745128 -4.37433e-17 -2.79045 0.732573 2.96131e-17
-2.49416 0.707555 5.31363e-18 -2.21113 0.672238 -3.38864e-17 -1.93737 0.627544 2.64584e-17
-1.67244 0.575173 -4.01198e-17 -1.42885 0.518156 -2.25918e-17 -1.19408 0.456134 2.06347e-17
-0.983233 0.394872 -2.53022e-17 -0.794719 0.335087 -4.25191e-18 -0.631937 0.27941 -1.32844e-17
-0.499595 0.229418 1.02965e-17 -0.38397 0.182462 6.3381e-18 -0.292919 0.144663 1.50808e-18
-0.20023 0.10452 1.03745e-17 -0.112444 0.0685748 2.02901e-17 -0.0431461 0.0398506 1.37754e-17
0.0234674 0.0132273 8.11071e-19 0.0673926 2.76736e-05 3.87464e-18 0.0860031 -0.00371029 -9.30554e-19
0.0826539 -0.00339318 -4.85146e-18 0.0834382 -0.0177945 2.19985e-18 0.132679 -0.0555844 7.29671e-19
0.21711 -0.0897357 1.08874e-19 0.30318 -0.110576 1.40643e-19 0.364975 -0.116141 6.15673e-19
0.413844 -0.116509 -8.20399e-19 0.431368 -0.105841 -3.11647e-18 0.410606 -0.0848052 6.12244e-20
0.358053 -0.0568716 9.44103e-18 0.275813 -0.0300534 4.35434e-18 0.187064 -0.00786197 -5.69731e-18
0.0946854 0.0118161 8.12326e-18 0.00237263 0.0264497 4.5946e-18 -0.0896595 0.0373303 -8.18409e-18
-0.187934 0.045955 -7.45561e-18 -0.291586 0.0496994 -7.88711e-18 -0.394894 0.0454258 -7.2542e-18
-0.514955 0.0550454 -1.23385e-21 -0.641522 0.0394089 -2.10355e-18 -0.800319 0.0255235 -5.75815e-20
-0.942381 0.0168727 6.59027e-20 -1.0606 0.0124982 -9.3635e-22 -1.16582 0.00961748 6.71608e-21
-1.25836 0.00796357 8.19671e-22 -1.33939 0.00675691 -8.20032e-22 -1.41132 0.00570466 2.83319e-22
-1.47504 0.0047889 1.87106e-21 -1.53109 0.00398662 -2.2179e-21 -1.58011 0.00329908 5.81096e-22
-1.62276 0.00273041 -3.53574e-22 -1.65962 0.00227199 -2.40705e-22 -1.69126 0.00189266 -1.59962e-22
-1.71824 0.00156278 1.24159e-21 -1.74107 0.00126168 -3.74251e-22 -1.76019 0.00098831 -8.05476e-22
-1.776 0.000753111 2.09451e-22 -1.78886 0.00055568 -4.53145e-24 -1.79912 0.000394892 3.83762e-22
-1.80713 0.00025183 -8.93402e-23 -1.81318 0.000128618 -1.86331e-22 -1.81745 4.99071e-05 2.22797e-22
-1.82002 -3.17754e-05 -3.93182e-22 -1.82079 -0.000129357 4.64715e-22 -1.81999 -0.00022646 -6.9464e-23
-1.81796 -0.000281375 5.16691e-24 -1.81499 -0.000305795 -1.06835e-22 -1.81136 -0.000316361 1.21721e-22
-1.80726 -0.000319409 -1.45874e-22 -1.80288 -0.000318537 -1.04703e-23 -1.7983 -0.000318711 -3.07894e-23
-1.79362 -0.000321533 1.47849e-22 -1.78888 -0.000327671 -7.55543e-23 -1.7841 -0.000336151 -2.8282e-23
-1.77928 -0.000345443 -4.1018e-23 -1.77442 -0.000353424 9.01727e-23 -1.76951 -0.000358469 1.80684e-23
-1.76452 -0.000359238 -2.16045e-25 -1.75945 -0.000355086 1.33098e-23 -1.75431 -0.000346332 -7.48821e-23
-1.7491 -0.000333855 5.66244e-23 -1.74384 -0.000318773 1.29266e-23 -1.73856 -0.000302646 -2.14296e-23
-1.73328 -0.000287042 -2.07682e-23 -1.72805 -0.000273207 2.74004e-23 -1.72288 -0.000262497 -9.94164e-24
-1.71781 -0.000254776 2.33629e-24 -1.71286 -0.000250331 -3.70063e-24 -1.70808 -0.000246952 8.37416e-24
-1.70347 -0.00024569 -5.19351e-24 -1.69898 -0.000244881 3.89291e-24 -1.69499 -0.000235009 1.8708e-24
-1.6905 -0.000205004 -2.82068e-24
        </DataArray>
      </CellData>
      <PointData>
        <DataArray type='Float32' Name='k' format='ascii'>
0.455128 0.706903 0.706903 0.455128 1.2989 1.2989 2.03019 2.03019 2.88354
2.88354 3.81345 3.81345 4.74635 4.74635 5.67634 5.67634 6.58659 6.58659
7.4427 7.4427 8.21827 8.21827 8.89599 8.89599 9.4672 9.4672 9.93061
9.93061 10.2905 10.2905 10.5549 10.5549 10.7338 10.7338 10.8388 10.8388
10.8837 10.8837 10.8808 10.8808 10.8381 10.8381 10.7634 10.7634 10.6634
10.6634 10.5443 10.5443 10.4116 10.4116 10.2698 10.2698 10.1236 10.1236
9.97678 9.97678 9.83138 9.83138 9.68805 9.68805 9.54725 9.54725 9.4098
9.4098 9.27673 9.27673 9.14882 9.14882 9.02667 9.02667 8.91067 8.91067
8.80105 8.80105 8.69792 8.69792 8.60122 8.60122 8.51085 8.51085 8.42662
8.42662 8.34828 8.34828 8.27555 8.27555 8.20812 8.20812 8.14565 8.14565
8.08783 8.08783 8.03435 8.03435 7.98488 7.98488 7.93917 7.93917 7.89693
7.89693 7.85791 7.85791 7.82184 7.82184 7.78847 7.78847 7.75754 7.75754
7.72882 7.72882 7.70207 7.70207 7.67703 7.67703 7.65351 7.65351 7.6313
7.6313 7.61024 7.61024 7.59018 7.59018 7.571 7.571 7.5526 7.5526
7.53486 7.53486 7.51768 7.51768 7.50098 7.50098 7.48468 7.48468 7.46872
7.46872 7.45305 7.45305 7.4376 7.4376 7.42235 7.42235 7.40724 7.40724
7.39224 7.39224 7.37734 7.37734 7.36251 7.36251 7.34774 7.34774 7.33301
7.33301 7.3183 7.3183 7.30359 7.30359 7.28887 7.28887 7.27413 7.27413
7.25935 7.25935 7.24455 7.24455 7.2297 7.2297 7.2148 7.2148 7.19986
7.19986 7.18486 7.18486 7.16982 7.16982 7.15474 7.15474 7.13961 7.13961
7.12445 7.12445 7.10925 7.10925 7.09402 7.09402 7.07877 7.07877 7.06349
7.06349 7.04817 7.04817 7.03282 7.03282 7.01742 7.01742 7.00199 7.00199
6.9865 6.9865 6.97098 6.97098 6.95542 6.95542 6.93982 6.93982 6.9242
6.9242 6.90857 6.90857 6.89293 6.89293 6.8773 6.8773 6.86168 6.86168
6.84611 6.84611 6.83059 6.83059 6.81513 6.81513 6.79977 6.79977 6.7845
6.7845 6.76936 6.76936 6.75436 6.75436 6.73951 6.73951 6.72482 6.72482
6.71033 6.71033 6.69604 6.69604 6.68196 6.68196 6.66811 6.66811 6.6545
6.6545 6.64114 6.64114 6.62805 6.62805 6.61523 6.61523 6.60269 6.60269
6.59044 6.59044 6.57849 6.57849 6.56683 6.56683 6.55547 6.55547 6.54442
6.54442 6.53368 6.53368 6.52324 6.52324 6.51311 6.51311 6.50329 6.50329
6.49376 6.49376 6.48453 6.48453 6.4756 6.4756 6.46695 6.46695 6.45858
6.45858 6.45049 6.45049 6.44266 6.44266 6.4351 6.4351 6.42778 6.42778
6.42071 6.42071 6.41388 6.41388 6.40727 6.40727 6.40088 6.40088 6.3947
6.3947 6.38871 6.38871 6.38292 6.38292 6.37731 6.37731 6.37188 6.37188
6.36661 6.36661 6.36151 6.36151 6.35655 6.35655 6.35173 6.35173 6.34705
6.34705 6.3425 6.3425 6.33806 6.33806 6.33375 6.33375 6.32954 6.32954
6.32543 6.32543 6.32142 6.32142 6.3175 6.3175 6.31366 6.31366 6.30991
6.30991 6.30623 6.30623 6.30262 6.30262 6.29907 6.29907 6.29559 6.29559
6.29217 6.29217 6.28881 6.28881 6.28549 6.28549 6.28222 6.28222 6.279
6.279 6.27582 6.27582 6.27267 6.27267 6.26956 6.26956 6.26649 6.26649
6.26345 6.26345 6.26044 6.26044 6.25745 6.25745 6.25449 6.25449 6.25155
6.25155 6.24863 6.24863 6.24573 6.24573 6.24285 6.24285 6.23998 6.23998
6.23713 6.23713 6.23429 6.23429 6.23146 6.23146 6.22865 6.22865 6.22584
6.22584 6.22304 6.22304 6.22024 6.22024 6.21746 6.21746 6.21467 6.21467
6.21189 6.21189 6.20911 6.20911 6.20634 6.20634 6.20357 6.20357 6.20079
6.20079 6.19802 6.19802 6.19524 6.19524 6.19246 6.19246 6.18968 6.18968
6.1869 6.1869 6.18411 6.18411 6.18131 6.18131 6.17852 6.17852 6.17571
6.17571 6.1729 6.1729 6.17008 6.17008 6.16726 6.16726 6.16442 6.16442
6.16158 6.16158 6.15872 6.15872 6.15586 6.15586 6.15299 6.15299 6.1501
6.1501 6.1472 6.1472 6.14429 6.14429 6.14137 6.14137 6.13843 6.13843
6.13548 6.13548 6.13251 6.13251 6.12952 6.12952 6.12652 6.12652 6.12349
6.12349 6.12045 6.12045 6.11739 6.11739 6.11431 6.11431 6.11121 6.11121
6.10809 6.10809 6.10494 6.10494 6.10177 6.10177 6.09857 6.09857 6.09534
6.09534 6.09209 6.09209 6.08881 6.08881 6.0855 6.0855 6.08216 6.08216
6.07879 6.07879 6.07538 6.07538 6.07194 6.07194 6.06847 6.06847 6.06496
6.06496 6.06141 6.06141 6.05782 6.05782 6.05419 6.05419 6.05052 6.05052
6.0468 6.0468 6.04304 6.04304 6.03924 6.03924 6.03538 6.03538 6.03148
6.03148 6.02752 6.02752 6.02352 6.02352 6.01945 6.01945 6.01533 6.01533
6.01115 6.01115 6.00691 6.00691 6.00261 6.00261 5.99824 5.99824 5.9938
5.9938 5.98929 5.98929 5.98471 5.98471 5.98006 5.98006 5.97532 5.97532
5.9705 5.9705 5.9656 5.9656 5.96061 5.96061 5.95553 5.95553 5.95036
5.95036 5.94509 5.94509 5.93971 5.93971 5.93424 5.93424 5.92865 5.92865
5.92295 5.92295 5.91713 5.91713 5.91118 5.91118 5.90511 5.90511 5.89891
5.89891 5.89257 5.89257 5.88609 5.88609 5.87946 5.87946 5.87267 5.87267
5.86572 5.86572 5.85861 5.85861 5.85132 5.85132 5.84385 5.84385 5.8362
5.8362 5.82834 5.82834 5.82029 5.82029 5.81201 5.81201 5.80352 5.80352
5.7948 5.7948 5.78583 5.78583 5.77661 5.77661 5.76713 5.76713 5.75738
5.75738 5.74734 5.74734 5.737 5.737 5.72634 5.72634 5.71536 5.71536
5.70404 5.70404 5.69235 5.69235 5.68029 5.68029 5.66784 5.66784 5.65497
5.65497 5.64167 5.64167 5.62792 5.62792 5.61368 5.61368 5.59895 5.59895
5.58369 5.58369 5.56787 5.56787 5.55147 5.55147 5.53445 5.53445 5.51678
5.51678 5.49842 5.49842 5.47934 5.47934 5.4595 5.4595 5.43884 5.43884
5.41733 5.41733 5.3949 5.3949 5.37151 5.37151 5.34709 5.34709 5.32158
5.32158 5.29491 5.29491 5.267 5.267 5.23776 5.23776 5.20711 5.20711
5.17495 5.17495 5.14116 5.14116 5.10562 5.10562 5.0682 5.0682 5.02876
5.02876 4.98712 4.98712 4.94311 4.94311 4.89652 4.89652 4.84712 4.84712
4.79464 4.79464 4.73881 4.73881 4.67928 4.67928 4.61568 4.61568 4.54755
4.54755 4.47439 4.47439 4.3956 4.3956 4.31048 4.31048 4.2182 4.2182
4.11776 4.11776 4.00797 4.00797 3.88738 3.88738 3.754 3.754 3.60437
3.60437 3.43711 3.43711 3.24438 3.24438 3.00637 3.00637 2.74694 2.74694
2.53564 2.53564 2.40316 2.40316 2.34788 2.34788 2.36143 2.36143 2.41572
2.41572 2.48108 2.48108 2.54621 2.54621 2.61548 2.61548 2.69438 2.69438
2.78675 2.78675 2.89219 2.89219 3.01135 3.01135 3.14779 3.14779 3.29976
3.29976 3.46744 3.46744 3.65352 3.65352 3.85577 3.85577 4.07439 4.07439
4.31189 4.31189 4.56605 4.56605 4.83652 4.83652 5.1253 5.1253 5.43005
5.43005 5.75175 5.75175 6.09245 6.09245 6.4478 6.4478 6.81968 6.81968
7.21021 7.21021 7.61353 7.61353 8.033 8.033 8.46987 8.46987 8.91702
8.91702 9.3784 9.3784 9.8529 9.8529 10.3359 10.3359 10.8322 10.8322
11.3355 11.3355 11.8448 11.8448 12.3644 12.3644 12.8834 12.8834 13.4032
13.4032 13.9247 13.9247 14.4381 14.4381 14.9447 14.9447 15.4361 15.4361
15.9073 15.9073 16.3583 16.3583 16.7762 16.7762 17.1583 17.1583 17.4981
17.4981 17.7875 17.7875 18.0234 18.0234 18.1923 18.1923 18.2849 18.2849
18.2962 18.2962 18.2237 18.2237 18.0747 18.0747 17.8367 17.8367 17.4986
17.4986 17.0726 17.0726 16.5685 16.5685 15.9951 15.9951 15.3546 15.3546
14.6559 14.6559 13.909 13.909 13.1215 13.1215 12.3077 12.3077 11.474
11.474 10.6354 10.6354 9.80203 9.80203 8.97975 8.97975 8.17937 8.17937
7.40013 7.40013 6.65512 6.65512 5.94683 5.94683 5.28223 5.28223 4.68012
4.68012 4.14431 4.14431 3.67764 3.67764 3.25377 3.25377 2.8446 2.8446
2.42205 2.42205 2.01573 2.01573 1.69112 1.69112 1.46654 1.46654 1.38706
1.38706 1.36753 1.36753 1.30281 1.30281 1.23068 1.23068 1.24971 1.24971
1.47655 1.47655 1.87941 1.87941 2.32924 2.32924 2.73052 2.73052 3.02939
3.02939 3.21658 3.21658 3.2862 3.2862 3.23645 3.23645 3.10025 3.10025
2.92683 2.92683 2.74741 2.74741 2.67672 2.67672 2.72771 2.72771 2.7943
2.7943 2.87403 2.87403 2.98516 2.98516 3.13856 3.13856 3.34793 3.34793
3.54306 3.54306 3.68985 3.68985 3.83358 3.83358 3.96925 3.96925 4.10028
4.10028 4.2274 4.2274 4.34919 4.34919 4.46462 4.46462 4.57261 4.57261
4.67233 4.67233 4.76328 4.76328 4.84521 4.84521 4.91817 4.91817 4.98245
4.98245 5.03846 5.03846 5.08671 5.08671 5.12774 5.12774 5.16216 5.16216
5.19059 5.19059 5.21367 5.21367 5.23192 5.23192 5.24564 5.24564 5.25473
5.25473 5.2592 5.2592 5.25966 5.25966 5.25689 5.25689 5.25166 5.25166
5.24462 5.24462 5.2363 5.2363 5.22707 5.22707 5.2172 5.2172 5.20687
5.20687 5.19615 5.19615 5.18508 5.18508 5.17362 5.17362 5.16175 5.16175
5.1494 5.1494 5.13656 5.13656 5.12321 5.12321 5.10939 5.10939 5.09518
5.09518 5.08065 5.08065 5.06593 5.06593 5.05115 5.05115 5.03643 5.03643
5.0219 5.0219 5.00767 5.00767 4.99387 4.99387 4.98061 4.98061 4.9679
4.9679 4.9559 4.9559 4.94455 4.94455 4.93909 4.93909
        </DataArray>
        <DataArray type='Float32' Name='nut' format='ascii'>
0 0 0 0 0 0 2.58421e-07 2.58421e-07 1.61572e-06
1.61572e-06 3.66011e-06 3.66011e-06 5.43397e-06 5.43397e-06 7.00911e-06 7.00911e-06 8.41261e-06 8.41261e-06
9.63404e-06 9.63404e-06 1.06725e-05 1.06725e-05 1.15346e-05 1.15346e-05 1.22323e-05 1.22323e-05 1.27807e-05
1.27807e-05 1.31965e-05 1.31965e-05 1.34965e-05 1.34965e-05 1.36972e-05 1.36972e-05 1.3814e-05 1.3814e-05
1.38638e-05 1.38638e-05 1.38605e-05 1.38605e-05 1.38133e-05 1.38133e-05 1.37303e-05 1.37303e-05 1.36186e-05
1.36186e-05 1.34849e-05 1.34849e-05 1.33349e-05 1.33349e-05 1.31735e-05 1.31735e-05 1.30056e-05 1.30056e-05
1.28357e-05 1.28357e-05 1.2666e-05 1.2666e-05 1.24973e-05 1.24973e-05 1.23302e-05 1.23302e-05 1.21657e-05
1.21657e-05 1.20052e-05 1.20052e-05 1.18496e-05 1.18496e-05 1.16999e-05 1.16999e-05 1.15566e-05 1.15566e-05
1.14203e-05 1.14203e-05 1.12911e-05 1.12911e-05 1.11692e-05 1.11692e-05 1.10545e-05 1.10545e-05 1.0947e-05
1.0947e-05 1.08465e-05 1.08465e-05 1.07527e-05 1.07527e-05 1.06653e-05 1.06653e-05 1.0584e-05 1.0584e-05
1.05084e-05 1.05084e-05 1.04381e-05 1.04381e-05 1.0373e-05 1.0373e-05 1.03125e-05 1.03125e-05 1.02565e-05
1.02565e-05 1.02046e-05 1.02046e-05 1.01565e-05 1.01565e-05 1.01119e-05 1.01119e-05 1.00704e-05 1.00704e-05
1.00319e-05 1.00319e-05 9.99585e-06 9.99585e-06 9.96209e-06 9.96209e-06 9.93031e-06 9.93031e-06 9.90025e-06
9.90025e-06 9.8717e-06 9.8717e-06 9.84446e-06 9.84446e-06 9.81839e-06 9.81839e-06 9.79333e-06 9.79333e-06
9.76914e-06 9.76914e-06 9.74569e-06 9.74569e-06 9.72285e-06 9.72285e-06 9.70055e-06 9.70055e-06 9.67868e-06
9.67868e-06 9.65717e-06 9.65717e-06 9.63595e-06 9.63595e-06 9.61496e-06 9.61496e-06 9.59416e-06 9.59416e-06
9.57349e-06 9.57349e-06 9.55292e-06 9.55292e-06 9.53243e-06 9.53243e-06 9.51199e-06 9.51199e-06 9.49159e-06
9.49159e-06 9.47119e-06 9.47119e-06 9.45077e-06 9.45077e-06 9.43031e-06 9.43031e-06 9.4098e-06 9.4098e-06
9.38922e-06 9.38922e-06 9.36857e-06 9.36857e-06 9.34784e-06 9.34784e-06 9.32702e-06 9.32702e-06 9.3061e-06
9.3061e-06 9.28509e-06 9.28509e-06 9.26399e-06 9.26399e-06 9.2428e-06 9.2428e-06 9.22153e-06 9.22153e-06
9.20018e-06 9.20018e-06 9.17875e-06 9.17875e-06 9.15726e-06 9.15726e-06 9.1357e-06 9.1357e-06 9.11408e-06
9.11408e-06 9.09238e-06 9.09238e-06 9.0706e-06 9.0706e-06 9.04874e-06 9.04874e-06 9.02679e-06 9.02679e-06
9.00474e-06 9.00474e-06 8.98261e-06 8.98261e-06 8.9604e-06 8.9604e-06 8.93811e-06 8.93811e-06 8.91576e-06
8.91576e-06 8.89335e-06 8.89335e-06 8.87091e-06 8.87091e-06 8.84845e-06 8.84845e-06 8.82599e-06 8.82599e-06
8.80356e-06 8.80356e-06 8.78117e-06 8.78117e-06 8.75885e-06 8.75885e-06 8.73663e-06 8.73663e-06 8.71453e-06
8.71453e-06 8.69258e-06 8.69258e-06 8.67079e-06 8.67079e-06 8.64921e-06 8.64921e-06 8.62784e-06 8.62784e-06
8.60672e-06 8.60672e-06 8.58587e-06 8.58587e-06 8.56531e-06 8.56531e-06 8.54505e-06 8.54505e-06 8.52513e-06
8.52513e-06 8.50555e-06 8.50555e-06 8.48634e-06 8.48634e-06 8.4675e-06 8.4675e-06 8.44906e-06 8.44906e-06
8.43102e-06 8.43102e-06 8.4134e-06 8.4134e-06 8.3962e-06 8.3962e-06 8.37943e-06 8.37943e-06 8.3631e-06
8.3631e-06 8.3472e-06 8.3472e-06 8.33174e-06 8.33174e-06 8.31672e-06 8.31672e-06 8.30214e-06 8.30214e-06
8.288e-06 8.288e-06 8.27428e-06 8.27428e-06 8.26099e-06 8.26099e-06 8.24812e-06 8.24812e-06 8.23565e-06
8.23565e-06 8.22359e-06 8.22359e-06 8.21191e-06 8.21191e-06 8.20062e-06 8.20062e-06 8.18969e-06 8.18969e-06
8.17912e-06 8.17912e-06 8.1689e-06 8.1689e-06 8.15901e-06 8.15901e-06 8.14944e-06 8.14944e-06 8.14017e-06
8.14017e-06 8.1312e-06 8.1312e-06 8.12252e-06 8.12252e-06 8.1141e-06 8.1141e-06 8.10594e-06 8.10594e-06
8.09803e-06 8.09803e-06 8.09035e-06 8.09035e-06 8.0829e-06 8.0829e-06 8.07565e-06 8.07565e-06 8.06861e-06
8.06861e-06 8.06175e-06 8.06175e-06 8.05508e-06 8.05508e-06 8.04857e-06 8.04857e-06 8.04222e-06 8.04222e-06
8.03603e-06 8.03603e-06 8.02998e-06 8.02998e-06 8.02406e-06 8.02406e-06 8.01827e-06 8.01827e-06 8.0126e-06
8.0126e-06 8.00704e-06 8.00704e-06 8.00159e-06 8.00159e-06 7.99624e-06 7.99624e-06 7.99098e-06 7.99098e-06
7.9858e-06 7.9858e-06 7.98071e-06 7.98071e-06 7.97569e-06 7.97569e-06 7.97075e-06 7.97075e-06 7.96586e-06
7.96586e-06 7.96104e-06 7.96104e-06 7.95628e-06 7.95628e-06 7.95156e-06 7.95156e-06 7.9469e-06 7.9469e-06
7.94229e-06 7.94229e-06 7.93772e-06 7.93772e-06 7.93319e-06 7.93319e-06 7.92869e-06 7.92869e-06 7.92423e-06
7.92423e-06 7.9198e-06 7.9198e-06 7.9154e-06 7.9154e-06 7.91102e-06 7.91102e-06 7.90666e-06 7.90666e-06
7.90232e-06 7.90232e-06 7.89801e-06 7.89801e-06 7.89371e-06 7.89371e-06 7.88942e-06 7.88942e-06 7.88515e-06
7.88515e-06 7.88089e-06 7.88089e-06 7.87663e-06 7.87663e-06 7.87239e-06 7.87239e-06 7.86815e-06 7.86815e-06
7.86391e-06 7.86391e-06 7.85968e-06 7.85968e-06 7.85545e-06 7.85545e-06 7.85122e-06 7.85122e-06 7.84698e-06
7.84698e-06 7.84275e-06 7.84275e-06 7.83852e-06 7.83852e-06 7.83427e-06 7.83427e-06 7.83003e-06 7.83003e-06
7.82578e-06 7.82578e-06 7.82152e-06 7.82152e-06 7.81725e-06 7.81725e-06 7.81297e-06 7.81297e-06 7.80868e-06
7.80868e-06 7.80438e-06 7.80438e-06 7.80007e-06 7.80007e-06 7.79575e-06 7.79575e-06 7.79141e-06 7.79141e-06
7.78706e-06 7.78706e-06 7.78269e-06 7.78269e-06 7.7783e-06 7.7783e-06 7.7739e-06 7.7739e-06 7.76948e-06
7.76948e-06 7.76503e-06 7.76503e-06 7.76057e-06 7.76057e-06 7.75609e-06 7.75609e-06 7.75158e-06 7.75158e-06
7.74704e-06 7.74704e-06 7.74249e-06 7.74249e-06 7.7379e-06 7.7379e-06 7.73329e-06 7.73329e-06 7.72865e-06
7.72865e-06 7.72397e-06 7.72397e-06 7.71927e-06 7.71927e-06 7.71454e-06 7.71454e-06 7.70976e-06 7.70976e-06
7.70496e-06 7.70496e-06 7.70011e-06 7.70011e-06 7.69523e-06 7.69523e-06 7.6903e-06 7.6903e-06 7.68534e-06
7.68534e-06 7.68033e-06 7.68033e-06 7.67527e-06 7.67527e-06 7.67017e-06 7.67017e-06 7.66502e-06 7.66502e-06
7.65981e-06 7.65981e-06 7.65456e-06 7.65456e-06 7.64925e-06 7.64925e-06 7.64388e-06 7.64388e-06 7.63846e-06
7.63846e-06 7.63297e-06 7.63297e-06 7.62742e-06 7.62742e-06 7.62181e-06 7.62181e-06 7.61613e-06 7.61613e-06
7.61039e-06 7.61039e-06 7.60457e-06 7.60457e-06 7.59867e-06 7.59867e-06 7.5927e-06 7.5927e-06 7.58665e-06
7.58665e-06 7.58052e-06 7.58052e-06 7.57431e-06 7.57431e-06 7.568e-06 7.568e-06 7.56161e-06 7.56161e-06
7.55512e-06 7.55512e-06 7.54854e-06 7.54854e-06 7.54185e-06 7.54185e-06 7.53506e-06 7.53506e-06 7.52816e-06
7.52816e-06 7.52114e-06 7.52114e-06 7.51401e-06 7.51401e-06 7.50676e-06 7.50676e-06 7.49938e-06 7.49938e-06
7.49188e-06 7.49188e-06 7.48423e-06 7.48423e-06 7.47645e-06 7.47645e-06 7.46852e-06 7.46852e-06 7.46044e-06
7.46044e-06 7.45221e-06 7.45221e-06 7.44381e-06 7.44381e-06 7.43524e-06 7.43524e-06 7.42649e-06 7.42649e-06
7.41757e-06 7.41757e-06 7.40845e-06 7.40845e-06 7.39913e-06 7.39913e-06 7.38961e-06 7.38961e-06 7.37988e-06
7.37988e-06 7.36993e-06 7.36993e-06 7.35974e-06 7.35974e-06 7.34931e-06 7.34931e-06 7.33864e-06 7.33864e-06
7.3277e-06 7.3277e-06 7.31649e-06 7.31649e-06 7.30501e-06 7.30501e-06 7.29322e-06 7.29322e-06 7.28113e-06
7.28113e-06 7.26873e-06 7.26873e-06 7.25599e-06 7.25599e-06 7.2429e-06 7.2429e-06 7.22945e-06 7.22945e-06
7.21562e-06 7.21562e-06 7.20139e-06 7.20139e-06 7.18676e-06 7.18676e-06 7.17169e-06 7.17169e-06 7.15617e-06
7.15617e-06 7.14018e-06 7.14018e-06 7.12369e-06 7.12369e-06 7.10669e-06 7.10669e-06 7.08914e-06 7.08914e-06
7.07103e-06 7.07103e-06 7.05232e-06 7.05232e-06 7.03299e-06 7.03299e-06 7.013e-06 7.013e-06 6.99232e-06
6.99232e-06 6.97092e-06 6.97092e-06 6.94875e-06 6.94875e-06 6.92578e-06 6.92578e-06 6.90197e-06 6.90197e-06
6.87726e-06 6.87726e-06 6.85162e-06 6.85162e-06 6.82498e-06 6.82498e-06 6.7973e-06 6.7973e-06 6.7685e-06
6.7685e-06 6.73853e-06 6.73853e-06 6.70732e-06 6.70732e-06 6.67478e-06 6.67478e-06 6.64085e-06 6.64085e-06
6.60542e-06 6.60542e-06 6.56842e-06 6.56842e-06 6.52972e-06 6.52972e-06 6.48922e-06 6.48922e-06 6.4468e-06
6.4468e-06 6.40232e-06 6.40232e-06 6.35563e-06 6.35563e-06 6.30658e-06 6.30658e-06 6.25499e-06 6.25499e-06
6.20066e-06 6.20066e-06 6.14337e-06 6.14337e-06 6.08289e-06 6.08289e-06 6.01894e-06 6.01894e-06 5.95123e-06
5.95123e-06 5.87943e-06 5.87943e-06 5.80316e-06 5.80316e-06 5.72199e-06 5.72199e-06 5.63545e-06 5.63545e-06
5.54296e-06 5.54296e-06 5.44391e-06 5.44391e-06 5.33756e-06 5.33756e-06 5.22306e-06 5.22306e-06 5.09941e-06
5.09941e-06 4.96544e-06 4.96544e-06 4.81973e-06 4.81973e-06 4.66062e-06 4.66062e-06 4.48606e-06 4.48606e-06
4.29355e-06 4.29355e-06 4.07998e-06 4.07998e-06 3.84147e-06 3.84147e-06 3.5726e-06 3.5726e-06 3.26425e-06
3.26425e-06 2.91087e-06 2.91087e-06 2.49032e-06 2.49032e-06 1.95006e-06 1.95006e-06 1.3364e-06 1.3364e-06
8.12345e-07 8.12345e-07 4.65265e-07 4.65265e-07 3.06926e-07 3.06926e-07 3.21412e-07 3.21412e-07 4.34748e-07
4.34748e-07 5.67234e-07 5.67234e-07 6.88224e-07 6.88224e-07 8.09418e-07 8.09418e-07 9.44275e-07 9.44275e-07
1.09996e-06 1.09996e-06 1.27565e-06 1.27565e-06 1.47028e-06 1.47028e-06 1.68908e-06 1.68908e-06 1.92916e-06
1.92916e-06 2.18588e-06 2.18588e-06 2.46292e-06 2.46292e-06 2.75769e-06 2.75769e-06 3.06385e-06 3.06385e-06
3.3866e-06 3.3866e-06 3.7232e-06 3.7232e-06 4.06604e-06 4.06604e-06 4.42259e-06 4.42259e-06 4.78748e-06
4.78748e-06 5.15666e-06 5.15666e-06 5.5408e-06 5.5408e-06 5.92787e-06 5.92787e-06 6.31784e-06 6.31784e-06
6.72294e-06 6.72294e-06 7.12666e-06 7.12666e-06 7.5343e-06 7.5343e-06 7.95568e-06 7.95568e-06 8.37245e-06
8.37245e-06 8.79485e-06 8.79485e-06 9.22507e-06 9.22507e-06 9.6503e-06 9.6503e-06 1.00854e-05 1.00854e-05
1.05203e-05 1.05203e-05 1.0951e-05 1.0951e-05 1.13919e-05 1.13919e-05 1.18252e-05 1.18252e-05 1.22544e-05
1.22544e-05 1.26859e-05 1.26859e-05 1.31047e-05 1.31047e-05 1.35181e-05 1.35181e-05 1.39177e-05 1.39177e-05
1.42975e-05 1.42975e-05 1.46633e-05 1.46633e-05 1.50007e-05 1.50007e-05 1.53093e-05 1.53093e-05 1.55854e-05
1.55854e-05 1.58205e-05 1.58205e-05 1.60147e-05 1.60147e-05 1.61565e-05 1.61565e-05 1.62388e-05 1.62388e-05
1.62582e-05 1.62582e-05 1.62116e-05 1.62116e-05 1.61036e-05 1.61036e-05 1.59241e-05 1.59241e-05 1.56638e-05
1.56638e-05 1.53296e-05 1.53296e-05 1.49272e-05 1.49272e-05 1.44609e-05 1.44609e-05 1.39298e-05 1.39298e-05
1.33395e-05 1.33395e-05 1.26929e-05 1.26929e-05 1.19947e-05 1.19947e-05 1.12531e-05 1.12531e-05 1.04687e-05
1.04687e-05 9.65509e-06 9.65509e-06 8.81393e-06 8.81393e-06 7.95141e-06 7.95141e-06 7.07405e-06 7.07405e-06
6.17635e-06 6.17635e-06 5.27591e-06 5.27591e-06 4.36721e-06 4.36721e-06 3.46405e-06 3.46405e-06 2.59283e-06
2.59283e-06 1.76537e-06 1.76537e-06 1.00172e-06 1.00172e-06 3.18244e-07 3.18244e-07 0 0
0 0 0 0 0 0 0 0 0
0 0 0 0 0 0 0 0 0
0 0 0 0 0 0 3.67466e-07 3.67466e-07 1.04857e-06
1.04857e-06 1.56013e-06 1.56013e-06 1.8163e-06 1.8163e-06 1.81805e-06 1.81805e-06 1.62524e-06 1.62524e-06
1.332e-06 1.332e-06 1.00095e-06 1.00095e-06 9.1189e-07 9.1189e-07 1.10574e-06 1.10574e-06 1.32662e-06
1.32662e-06 1.5667e-06 1.5667e-06 1.86478e-06 1.86478e-06 2.24002e-06 2.24002e-06 2.71423e-06 2.71423e-06
3.13617e-06 3.13617e-06 3.44149e-06 3.44149e-06 3.73366e-06 3.73366e-06 4.00372e-06 4.00372e-06 4.25957e-06
4.25957e-06 4.50335e-06 4.50335e-06 4.73299e-06 4.73299e-06 4.94726e-06 4.94726e-06 5.14484e-06 5.14484e-06
5.32495e-06 5.32495e-06 5.48728e-06 5.48728e-06 5.63201e-06 5.63201e-06 5.75972e-06 5.75972e-06 5.87131e-06
5.87131e-06 5.96788e-06 5.96788e-06 6.05058e-06 6.05058e-06 6.12056e-06 6.12056e-06 6.17901e-06 6.17901e-06
6.22711e-06 6.22711e-06 6.26604e-06 6.26604e-06 6.29677e-06 6.29677e-06 6.31984e-06 6.31984e-06 6.33509e-06
6.33509e-06 6.34259e-06 6.34259e-06 6.34336e-06 6.34336e-06 6.33871e-06 6.33871e-06 6.32994e-06 6.32994e-06
6.31812e-06 6.31812e-06 6.30414e-06 6.30414e-06 6.28862e-06 6.28862e-06 6.27201e-06 6.27201e-06 6.2546e-06
6.2546e-06 6.23651e-06 6.23651e-06 6.21781e-06 6.21781e-06 6.19844e-06 6.19844e-06 6.17832e-06 6.17832e-06
6.15739e-06 6.15739e-06 6.13557e-06 6.13557e-06 6.11287e-06 6.11287e-06 6.08934e-06 6.08934e-06 6.06509e-06
6.06509e-06 6.04027e-06 6.04027e-06 6.01508e-06 6.01508e-06 5.98973e-06 5.98973e-06 5.96445e-06 5.96445e-06
5.93946e-06 5.93946e-06 5.91496e-06 5.91496e-06 5.89114e-06 5.89114e-06 5.86821e-06 5.86821e-06 5.84621e-06
5.84621e-06 5.82523e-06 5.82523e-06 5.80576e-06 5.80576e-06 5.79671e-06 5.79671e-06
        </DataArray>
        <DataArray type='Float32' Name='omega' format='ascii'>
29300.5 30981.7 30981.7 29300.5 34690.5 34690.5 38800.8 38800.8 43100.2
43100.2 47356.4 47356.4 51271.2 51271.2 54895.2 54895.2 58225.5 58225.5
61192.9 61192.9 63762.1 63762.1 65925.1 65925.1 67694.2 67694.2 69096
69096 70165.2 70165.2 70940.2 70940.2 71459.9 71459.9 71763.1 71763.1
71892.5 71892.5 71883.9 71883.9 71761.2 71761.2 71545.6 71545.6 71256.1
71256.1 70909.9 70909.9 70522.1 70522.1 70105.5 70105.5 69673.1 69673.1
69236.4 69236.4 68801.1 68801.1 68369.3 68369.3 67942.4 67942.4 67523.1
67523.1 67114.7 67114.7 66719.7 66719.7 66340.4 66340.4 65978.1 65978.1
65634 65634 65308.5 65308.5 65001.9 65001.9 64714 64714 64444.5
64444.5 64192.9 64192.9 63958.3 63958.3 63740.1 63740.1 63537.3 63537.3
63349 63349 63174.3 63174.3 63012.3 63012.3 62862.2 62862.2 62723.3
62723.3 62594.6 62594.6 62475.4 62475.4 62364.9 62364.9 62262.4 62262.4
62167 62167 62078 62078 61994.6 61994.6 61916.2 61916.2 61842
61842 61771.6 61771.6 61704.4 61704.4 61640.2 61640.2 61578.4 61578.4
61518.9 61518.9 61461.1 61461.1 61404.9 61404.9 61350 61350 61296.2
61296.2 61243.3 61243.3 61191.1 61191.1 61139.5 61139.5 61088.4 61088.4
61037.6 61037.6 60987 60987 60936.6 60936.6 60886.4 60886.4 60836.3
60836.3 60786.2 60786.2 60736 60736 60685.8 60685.8 60635.4 60635.4
60584.8 60584.8 60534.1 60534.1 60483.2 60483.2 60432 60432 60380.6
60380.6 60329 60329 60277.2 60277.2 60225.1 60225.1 60172.9 60172.9
60120.4 60120.4 60067.8 60067.8 60015 60015 59962 59962 59908.9
59908.9 59855.6 59855.6 59802.1 59802.1 59748.4 59748.4 59694.6 59694.6
59640.5 59640.5 59586.3 59586.3 59531.9 59531.9 59477.3 59477.3 59422.7
59422.7 59368 59368 59313.2 59313.2 59258.5 59258.5 59203.8 59203.8
59149.3 59149.3 59095 59095 59040.9 59040.9 58987.2 58987.2 58933.8
58933.8 58880.9 58880.9 58828.4 58828.4 58776.6 58776.6 58725.4 58725.4
58674.9 58674.9 58625.1 58625.1 58576.1 58576.1 58527.9 58527.9 58480.6
58480.6 58434.3 58434.3 58388.9 58388.9 58344.5 58344.5 58301.1 58301.1
58258.7 58258.7 58217.4 58217.4 58177.2 58177.2 58138.1 58138.1 58100
58100 58063 58063 58027.1 58027.1 57992.3 57992.3 57958.6 57958.6
57925.9 57925.9 57894.2 57894.2 57863.6 57863.6 57833.9 57833.9 57805.3
57805.3 57777.5 57777.5 57750.7 57750.7 57724.8 57724.8 57699.7 57699.7
57675.5 57675.5 57652.1 57652.1 57629.4 57629.4 57607.5 57607.5 57586.3
57586.3 57565.7 57565.7 57545.8 57545.8 57526.5 57526.5 57507.8 57507.8
57489.7 57489.7 57472.1 57472.1 57455 57455 57438.3 57438.3 57422.1
57422.1 57406.4 57406.4 57391 57391 57376 57376 57361.4 57361.4
57347.1 57347.1 57333.1 57333.1 57319.4 57319.4 57306 57306 57292.9
57292.9 57280 57280 57267.3 57267.3 57254.9 57254.9 57242.6 57242.6
57230.6 57230.6 57218.7 57218.7 57207 57207 57195.4 57195.4 57184
57184 57172.7 57172.7 57161.6 57161.6 57150.5 57150.5 57139.6 57139.6
57128.7 57128.7 57118 57118 57107.3 57107.3 57096.7 57096.7 57086.2
57086.2 57075.8 57075.8 57065.4 57065.4 57055 57055 57044.7 57044.7
57034.5 57034.5 57024.3 57024.3 57014.1 57014.1 57004 57004 56993.8
56993.8 56983.7 56983.7 56973.7 56973.7 56963.6 56963.6 56953.5 56953.5
56943.5 56943.5 56933.4 56933.4 56923.4 56923.4 56913.4 56913.4 56903.3
56903.3 56893.2 56893.2 56883.2 56883.2 56873.1 56873.1 56863 56863
56852.9 56852.9 56842.8 56842.8 56832.6 56832.6 56822.5 56822.5 56812.3
56812.3 56802.1 56802.1 56791.8 56791.8 56781.5 56781.5 56771.2 56771.2
56760.9 56760.9 56750.5 56750.5 56740 56740 56729.6 56729.6 56719.1
56719.1 56708.5 56708.5 56697.9 56697.9 56687.2 56687.2 56676.5 56676.5
56665.7 56665.7 56654.9 56654.9 56644 56644 56633 56633 56622
56622 56610.9 56610.9 56599.7 56599.7 56588.4 56588.4 56577.1 56577.1
56565.7 56565.7 56554.2 56554.2 56542.6 56542.6 56530.8 56530.8 56519
56519 56507.1 56507.1 56495.1 56495.1 56483 56483 56470.8 56470.8
56458.4 56458.4 56445.9 56445.9 56433.3 56433.3 56420.6 56420.6 56407.7
56407.7 56394.7 56394.7 56381.5 56381.5 56368.2 56368.2 56354.7 56354.7
56341.1 56341.1 56327.3 56327.3 56313.3 56313.3 56299.1 56299.1 56284.8
56284.8 56270.2 56270.2 56255.5 56255.5 56240.6 56240.6 56225.4 56225.4
56210 56210 56194.4 56194.4 56178.6 56178.6 56162.5 56162.5 56146.2
56146.2 56129.5 56129.5 56112.7 56112.7 56095.5 56095.5 56078 56078
56060.3 56060.3 56042.2 56042.2 56023.8 56023.8 56005 56005 55985.9
55985.9 55966.5 55966.5 55946.6 55946.6 55926.3 55926.3 55905.7 55905.7
55884.6 55884.6 55863.1 55863.1 55841.1 55841.1 55818.6 55818.6 55795.6
55795.6 55772.1 55772.1 55748.1 55748.1 55723.5 55723.5 55698.3 55698.3
55672.5 55672.5 55646.1 55646.1 55619 55619 55591.3 55591.3 55562.8
55562.8 55533.6 55533.6 55503.6 55503.6 55472.8 55472.8 55441.1 55441.1
55408.6 55408.6 55375.1 55375.1 55340.7 55340.7 55305.3 55305.3 55268.9
55268.9 55231.3 55231.3 55192.6 55192.6 55152.7 55152.7 55111.5 55111.5
55069.1 55069.1 55025.2 55025.2 54979.9 54979.9 54933.1 54933.1 54884.7
54884.7 54834.6 54834.6 54782.8 54782.8 54729.1 54729.1 54673.4 54673.4
54615.7 54615.7 54555.9 54555.9 54493.7 54493.7 54429.2 54429.2 54362.1
54362.1 54292.3 54292.3 54219.6 54219.6 54144 54144 54065.1 54065.1
53982.9 53982.9 53897 53897 53807.3 53807.3 53713.4 53713.4 53615.3
53615.3 53512.4 53512.4 53404.6 53404.6 53291.4 53291.4 53172.5 53172.5
53047.4 53047.4 52915.7 52915.7 52776.8 52776.8 52630.1 52630.1 52475.1
52475.1 52311 52311 52136.9 52136.9 51952 51952 51755.2 51755.2
51545.4 51545.4 51321.1 51321.1 51081 51081 50823.1 50823.1 50545.4
50545.4 50245.5 50245.5 49920.4 49920.4 49566.8 49566.8 49180.6 49180.6
48756.6 48756.6 48288.8 48288.8 47769.6 47769.6 47188.6 47188.6 46528
46528 45777.4 45777.4 44898.1 44898.1 43785.5 43785.5 42531.7 42531.7
41489.4 41489.4 40847.4 40847.4 40623.3 40623.3 40789.5 40789.5 41199.9
41199.9 41699.6 41699.6 42233 42233 42817.7 42817.7 43478.3 43478.3
44236 44236 45078.8 45078.8 46010.9 46010.9 47049.8 47049.8 48169.5
48169.5 49380.1 49380.1 50689.1 50689.1 52063.8 52063.8 53523.3 53523.3
55063.7 55063.7 56657.3 56657.3 58325.3 58325.3 60046.8 60046.8 61810.7
61810.7 63639 63639 65495.8 65495.8 67385.1 67385.1 69321 69321
71260.8 71260.8 73222.2 73222.2 75207.9 75207.9 77179.3 77179.3 79158.1
79158.1 81128.5 81128.5 83070.5 83070.5 85007.3 85007.3 86906.8 86906.8
88768.3 88768.3 90605.8 90605.8 92384.3 92384.3 94112.4 94112.4 95787
95787 97388.9 97388.9 98927 98927 100381 100381 101742 101742
103013 103013 104177 104177 105227 105227 106157 106157 106955
106955 107617 107617 108136 108136 108488 108488 108657 108657
108634 108634 108416 108416 108025 108025 107424 107424 106580
106580 105517 105517 104248 104248 102786 102786 101122 101122
99258.9 99258.9 97215.1 97215.1 94987 94987 92602.7 92602.7 90069.8
90069.8 87405.2 87405.2 84650.5 84650.5 81800 81800 78891.6 78891.6
75925 75925 72924.2 72924.2 69931.6 69931.6 66958.5 66958.5 64108.8
64108.8 61431.5 61431.5 58938 58938 56557.4 56557.4 54141.6 54141.6
51542.7 51542.7 48916.1 48916.1 46626.9 46626.9 44831.8 44831.8 43834.5
43834.5 43189.7 43189.7 42277.2 42277.2 41392.6 41392.6 41235.3 41235.3
42332.9 42332.9 44238.9 44238.9 46124.1 46124.1 47545.6 47545.6 48360.6
48360.6 48602.8 48602.8 48300.3 48300.3 47465.9 47465.9 46289.4 46289.4
45000.6 45000.6 43782.5 43782.5 43158.4 43158.4 43107.3 43107.3 43148.2
43148.2 43314 43314 43699.6 43699.6 44317.2 44317.2 45220.6 45220.6
46092.2 46092.2 46754.5 46754.5 47396.6 47396.6 47993.7 47993.7 48561.1
48561.1 49103.4 49103.4 49616 49616 50095.9 50095.9 50539.6 50539.6
50945 50945 51311.1 51311.1 51638 51638 51926.6 51926.6 52178.9
52178.9 52397.3 52397.3 52584.4 52584.4 52742.9 52742.9 52875.5 52875.5
52984.8 52984.8 53073.5 53073.5 53143.6 53143.6 53195.8 53195.8 53229.7
53229.7 53246.1 53246.1 53247.7 53247.7 53237.5 53237.5 53218.4 53218.4
53192.7 53192.7 53162.2 53162.2 53128.2 53128.2 53091.8 53091.8 53053.5
53053.5 53013.4 53013.4 52971.8 52971.8 52928.5 52928.5 52883.2 52883.2
52835.9 52835.9 52786.5 52786.5 52735.1 52735.1 52681.7 52681.7 52626.8
52626.8 52570.8 52570.8 52514.2 52514.2 52457.5 52457.5 52401.3 52401.3
52346.1 52346.1 52292.4 52292.4 52240.6 52240.6 52191.3 52191.3 52144.5
52144.5 52101.5 52101.5 52059.8 52059.8 52038.9 52038.9
        </DataArray>
        <DataArray type='Float32' Name='p' format='ascii'>
28.636 26.6417 26.6417 28.636 23.7899 23.7899 22.7866 22.7866 22.5156
22.5156 22.2486 22.2486 21.9621 21.9621 21.643 21.643 21.276 21.276
20.9065 20.9065 20.5568 20.5568 20.2206 20.2206 19.8945 19.8945 19.5775
19.5775 19.2715 19.2715 18.9788 18.9788 18.7028 18.7028 18.4511 18.4511
18.2204 18.2204 17.9935 17.9935 17.7643 17.7643 17.5382 17.5382 17.3177
17.3177 17.1078 17.1078 16.9117 16.9117 16.7263 16.7263 16.5535 16.5535
16.3944 16.3944 16.2428 16.2428 16.0962 16.0962 15.9565 15.9565 15.8254
15.8254 15.7029 15.7029 15.5896 15.5896 15.4847 15.4847 15.3846 15.3846
15.2898 15.2898 15.2026 15.2026 15.1231 15.1231 15.0499 15.0499 14.9823
14.9823 14.92 14.92 14.8626 14.8626 14.8096 14.8096 14.7605 14.7605
14.7152 14.7152 14.6728 14.6728 14.6316 14.6316 14.5915 14.5915 14.5532
14.5532 14.5167 14.5167 14.4819 14.4819 14.4484 14.4484 14.416 14.416
14.3849 14.3849 14.355 14.355 14.3264 14.3264 14.2989 14.2989 14.2723
14.2723 14.2468 14.2468 14.2216 14.2216 14.1952 14.1952 14.1678 14.1678
14.1404 14.1404 14.1137 14.1137 14.0871 14.0871 14.0605 14.0605 14.0336
14.0336 14.0068 14.0068 13.9803 13.9803 13.9543 13.9543 13.9289 13.9289
13.9043 13.9043 13.8802 13.8802 13.8556 13.8556 13.8298 13.8298 13.8034
13.8034 13.7771 13.7771 13.7511 13.7511 13.7254 13.7254 13.6998 13.6998
13.6741 13.6741 13.6485 13.6485 13.623 13.623 13.5977 13.5977 13.5726
13.5726 13.548 13.548 13.5235 13.5235 13.4991 13.4991 13.4746 13.4746
13.4499 13.4499 13.4251 13.4251 13.4003 13.4003 13.3758 13.3758 13.3515
13.3515 13.3273 13.3273 13.3029 13.3029 13.2783 13.2783 13.2536 13.2536
13.2287 13.2287 13.2037 13.2037 13.1786 13.1786 13.1532 13.1532 13.1276
13.1276 13.1019 13.1019 13.0764 13.0764 13.051 13.051 13.0259 13.0259
13.0008 13.0008 12.9758 12.9758 12.9508 12.9508 12.9259 12.9259 12.901
12.901 12.8764 12.8764 12.8519 12.8519 12.8277 12.8277 12.8038 12.8038
12.7802 12.7802 12.757 12.757 12.7341 12.7341 12.7117 12.7117 12.6898
12.6898 12.6684 12.6684 12.6475 12.6475 12.6272 12.6272 12.6075 12.6075
12.5885 12.5885 12.5702 12.5702 12.5527 12.5527 12.5358 12.5358 12.5197
12.5197 12.5042 12.5042 12.4895 12.4895 12.4755 12.4755 12.4622 12.4622
12.4496 12.4496 12.4377 12.4377 12.4264 12.4264 12.4157 12.4157 12.4056
12.4056 12.396 12.396 12.3871 12.3871 12.3786 12.3786 12.3707 12.3707
12.3632 12.3632 12.3561 12.3561 12.3494 12.3494 12.3431 12.3431 12.3372
12.3372 12.3317 12.3317 12.3264 12.3264 12.3215 12.3215 12.3169 12.3169
12.3126 12.3126 12.3086 12.3086 12.3048 12.3048 12.3013 12.3013 12.298
12.298 12.295 12.295 12.2923 12.2923 12.2898 12.2898 12.2876 12.2876
12.2856 12.2856 12.2838 12.2838 12.2823 12.2823 12.281 12.281 12.28
12.28 12.2792 12.2792 12.2787 12.2787 12.2783 12.2783 12.2782 12.2782
12.2782 12.2782 12.2786 12.2786 12.2793 12.2793 12.2805 12.2805 12.2821
12.2821 12.2839 12.2839 12.286 12.286 12.2884 12.2884 12.2911 12.2911
12.294 12.294 12.2973 12.2973 12.301 12.301 12.3051 12.3051 12.3095
12.3095 12.3144 12.3144 12.3198 12.3198 12.3255 12.3255 12.3316 12.3316
12.3382 12.3382 12.3453 12.3453 12.3527 12.3527 12.3607 12.3607 12.3692
12.3692 12.3782 12.3782 12.3878 12.3878 12.3978 12.3978 12.4085 12.4085
12.4197 12.4197 12.4315 12.4315 12.4438 12.4438 12.4568 12.4568 12.4705
12.4705 12.4848 12.4848 12.4997 12.4997 12.5154 12.5154 12.5318 12.5318
12.5489 12.5489 12.5668 12.5668 12.5854 12.5854 12.6049 12.6049 12.6251
12.6251 12.6462 12.6462 12.6682 12.6682 12.6911 12.6911 12.7149 12.7149
12.7396 12.7396 12.7654 12.7654 12.7921 12.7921 12.8199 12.8199 12.8487
12.8487 12.8787 12.8787 12.9098 12.9098 12.942 12.942 12.9754 12.9754
13.0101 13.0101 13.0461 13.0461 13.0834 13.0834 13.122 13.122 13.1621
13.1621 13.2036 13.2036 13.2465 13.2465 13.291 13.291 13.3371 13.3371
13.3848 13.3848 13.4342 13.4342 13.4854 13.4854 13.5383 13.5383 13.593
13.593 13.6497 13.6497 13.7083 13.7083 13.7689 13.7689 13.8316 13.8316
13.8965 13.8965 13.9636 13.9636 14.0329 14.0329 14.1047 14.1047 14.1789
14.1789 14.2556 14.2556 14.3349 14.3349 14.4169 14.4169 14.5016 14.5016
14.5893 14.5893 14.6799 14.6799 14.7735 14.7735 14.8703 14.8703 14.9704
14.9704 15.0738 15.0738 15.1808 15.1808 15.2913 15.2913 15.4056 15.4056
15.5236 15.5236 15.6457 15.6457 15.7719 15.7719 15.9023 15.9023 16.0371
16.0371 16.1765 16.1765 16.3206 16.3206 16.4695 16.4695 16.6235 16.6235
16.7827 16.7827 16.9472 16.9472 17.1174 17.1174 17.2933 17.2933 17.4752
17.4752 17.6632 17.6632 17.8577 17.8577 18.0589 18.0589 18.2669 18.2669
18.4821 18.4821 18.7047 18.7047 18.9349 18.9349 19.173 19.173 19.4195
19.4195 19.6744 19.6744 19.9383 19.9383 20.2113 20.2113 20.4939 20.4939
20.7864 20.7864 21.0893 21.0893 21.4028 21.4028 21.7275 21.7275 22.0637
22.0637 22.4119 22.4119 22.7726 22.7726 23.1464 23.1464 23.5336 23.5336
23.9349 23.9349 24.3509 24.3509 24.7822 24.7822 25.2294 25.2294 25.6931
25.6931 26.1742 26.1742 26.6732 26.6732 27.1911 27.1911 27.7286 27.7286
28.2866 28.2866 28.866 28.866 29.4678 29.4678 30.093 30.093 30.7427
30.7427 31.4181 31.4181 32.1202 32.1202 32.8505 32.8505 33.6103 33.6103
34.4009 34.4009 35.224 35.224 36.0812 36.0812 36.9741 36.9741 37.9047
37.9047 38.8749 38.8749 39.8868 39.8868 40.9426 40.9426 42.0447 42.0447
43.1957 43.1957 44.3984 44.3984 45.6556 45.6556 46.9707 46.9707 48.3469
48.3469 49.7881 49.7881 51.2982 51.2982 52.8814 52.8814 54.5426 54.5426
56.2869 56.2869 58.1197 58.1197 60.0471 60.0471 62.0757 62.0757 64.2128
64.2128 66.4664 66.4664 68.8453 68.8453 71.3591 71.3591 74.0188 74.0188
76.8362 76.8362 79.8247 79.8247 82.9994 82.9994 86.3771 86.3771 89.9769
89.9769 93.8204 93.8204 97.9323 97.9323 102.341 102.341 107.078 107.078
112.181 112.181 117.693 117.693 123.662 123.662 130.146 130.146 137.228
137.228 145.093 145.093 153.521 153.521 163.174 163.174 174.987 174.987
185.608 185.608 192.668 192.668 198.407 198.407 203.147 203.147 205.93
205.93 207.293 207.293 207.817 207.817 207.196 207.196 205.303 205.303
202.542 202.542 198.755 198.755 193.981 193.981 188.266 188.266 181.308
181.308 173.522 173.522 164.75 164.75 154.654 154.654 143.825 143.825
131.828 131.828 118.505 118.505 104.482 104.482 89.0824 89.0824 72.592
72.592 55.3738 55.3738 36.5257 36.5257 16.9009 16.9009 -3.59995 -3.59995
-25.9345 -25.9345 -48.7623 -48.7623 -72.6998 -72.6998 -98.4601 -98.4601 -124.52
-124.52 -151.988 -151.988 -180.849 -180.849 -210.026 -210.026 -240.927 -240.927
-272.38 -272.38 -304.27 -304.27 -337.922 -337.922 -371.272 -371.272 -405.136
-405.136 -439.977 -439.977 -474.048 -474.048 -508.666 -508.666 -542.649 -542.649
-575.594 -575.594 -608.453 -608.453 -639.174 -639.174 -668.404 -668.404 -695.731
-695.731 -720.164 -720.164 -742.372 -742.372 -760.929 -760.929 -775.933 -775.933
-787.369 -787.369 -794.279 -794.279 -797.427 -797.427 -796.512 -796.512 -790.222
-790.222 -779.495 -779.495 -764.86 -764.86 -746.448 -746.448 -724.636 -724.636
-699.084 -699.084 -671.021 -671.021 -640.178 -640.178 -607.104 -607.104 -572.573
-572.573 -536.169 -536.169 -499.44 -499.44 -461.902 -461.902 -424.088 -424.088
-386.678 -386.678 -349.242 -349.242 -313.23 -313.23 -278.286 -278.286 -244.852
-244.852 -213.477 -213.477 -183.778 -183.778 -156.718 -156.718 -132.271 -132.271
-110.854 -110.854 -92.6605 -92.6605 -76.8156 -76.8156 -63.0126 -63.0126 -50.4477
-50.4477 -38.534 -38.534 -27.3589 -27.3589 -17.8071 -17.8071 -11.3135 -11.3135
-7.39858 -7.39858 -3.67463 -3.67463 2.67491 2.67491 13.3413 13.3413 28.4536
28.4536 47.3101 47.3101 68.3271 68.3271 89.9073 89.9073 110.712 110.712
129.781 129.781 146.603 146.603 160.882 160.882 172.591 172.591 181.58
181.58 187.982 187.982 191.634 191.634 191.858 191.858 188.65 188.65
180.1 180.1 169.051 169.051 159.109 159.109 148.973 148.973 139.274
139.274 130.337 130.337 121.928 121.928 114.061 114.061 106.759 106.759
99.9948 99.9948 93.7333 93.7333 87.9398 87.9398 82.5697 82.5697 77.5742
77.5742 72.9119 72.9119 68.5543 68.5543 64.4816 64.4816 60.675 60.675
57.1126 57.1126 53.7716 53.7716 50.6323 50.6323 47.6793 47.6793 44.9009
44.9009 42.2872 42.2872 39.8272 39.8272 37.5075 37.5075 35.3126 35.3126
33.2277 33.2277 31.2398 31.2398 29.3393 29.3393 27.5192 27.5192 25.7738
25.7738 24.0991 24.0991 22.4919 22.4919 20.9495 20.9495 19.4691 19.4691
18.0479 18.0479 16.6822 16.6822 15.368 15.368 14.1002 14.1002 12.8736
12.8736 11.6827 11.6827 10.5226 10.5226 9.38879 9.38879 8.2776 8.2776
7.18675 7.18675 6.11397 6.11397 5.0599 5.0599 4.02059 4.02059 3.00124
3.00124 1.96814 1.96814 0.924349 0.924349 0.422913 0.422913
        </DataArray>
        <DataArray type='Float32' Name='U' NumberOfComponents='3' format='ascii'>
0 0 0 0 0 0 0 0 0
0 0 0 0 0 0 0 0 0
0 0 0 0 0 0 0 0 0
0 0 0 0 0 0 0 0 0
0 0 0 0 0 0 0 0 0
0 0 0 0 0 0 0 0 0
0 0 0 0 0 0 0 0 0
0 0 0 0 0 0 0 0 0
0 0 0 0 0 0 0 0 0
0 0 0 0 0 0 0 0 0
0 0 0 0 0 0 0 0 0
0 0 0 0 0 0 0 0 0
0 0 0 0 0 0 0 0 0
0 0 0 0 0 0 0 0 0
0 0 0 0 0 0 0 0 0
0 0 0 0 0 0 0 0 0
0 0 0 0 0 0 0 0 0
0 0 0 0 0 0 0 0 0
0 0 0 0 0 0 0 0 0
0 0 0 0 0 0 0 0 0
0 0 0 0 0 0 0 0 0
0 0 0 0 0 0 0 0 0
0 0 0 0 0 0 0 0 0
0 0 0 0 0 0 0 0 0
0 0 0 0 0 0 0 0 0
0 0 0 0 0 0 0 0 0
0 0 0 0 0 0 0 0 0
0 0 0 0 0 0 0 0 0
0 0 0 0 0 0 0 0 0
0 0 0 0 0 0 0 0 0
0 0 0 0 0 0 0 0 0
0 0 0 0 0 0 0 0 0
0 0 0 0 0 0 0 0 0
0 0 0 0 0 0 0 0 0
0 0 0 0 0 0 0 0 0
0 0 0 0 0 0 0 0 0
0 0 0 0 0 0 0 0 0
0 0 0 0 0 0 0 0 0
0 0 0 0 0 0 0 0 0
0 0 0 0 0 0 0 0 0
0 0 0 0 0 0 0 0 0
0 0 0 0 0 0 0 0 0
0 0 0 0 0 0 0 0 0
0 0 0 0 0 0 0 0 0
0 0 0 0 0 0 0 0 0
0 0 0 0 0 0 0 0 0
0 0 0 0 0 0 0 0 0
0 0 0 0 0 0 0 0 0
0 0 0 0 0 0 0 0 0
0 0 0 0 0 0 0 0 0
0 0 0 0 0 0 0 0 0
0 0 0 0 0 0 0 0 0
0 0 0 0 0 0 0 0 0
0 0 0 0 0 0 0 0 0
0 0 0 0 0 0 0 0 0
0 0 0 0 0 0 0 0 0
0 0 0 0 0 0 0 0 0
0 0 0 0 0 0 0 0 0
0 0 0 0 0 0 0 0 0
0 0 0 0 0 0 0 0 0
0 0 0 0 0 0 0 0 0
0 0 0 0 0 0 0 0 0
0 0 0 0 0 0 0 0 0
0 0 0 0 0 0 0 0 0
0 0 0 0 0 0 0 0 0
0 0 0 0 0 0 0 0 0
0 0 0 0 0 0 0 0 0
0 0 0 0 0 0 0 0 0
0 0 0 0 0 0 0 0 0
0 0 0 0 0 0 0 0 0
0 0 0 0 0 0 0 0 0
0 0 0 0 0 0 0 0 0
0 0 0 0 0 0 0 0 0
0 0 0 0 0 0 0 0 0
0 0 0 0 0 0 0 0 0
0 0 0 0 0 0 0 0 0
0 0 0 0 0 0 0 0 0
0 0 0 0 0 0 0 0 0
0 0 0 0 0 0 0 0 0
0 0 0 0 0 0 0 0 0
0 0 0 0 0 0 0 0 0
0 0 0 0 0 0 0 0 0
0 0 0 0 0 0 0 0 0
0 0 0 0 0 0 0 0 0
0 0 0 0 0 0 0 0 0
0 0 0 0 0 0 0 0 0
0 0 0 0 0 0 0 0 0
0 0 0 0 0 0 0 0 0
0 0 0 0 0 0 0 0 0
0 0 0 0 0 0 0 0 0
0 0 0 0 0 0 0 0 0
0 0 0 0 0 0 0 0 0
0 0 0 0 0 0 0 0 0
0 0 0 0 0 0 0 0 0
0 0 0 0 0 0 0 0 0
0 0 0 0 0 0 0 0 0
0 0 0 0 0 0 0 0 0
0 0 0 0 0 0 0 0 0
0 0 0 0 0 0 0 0 0
0 0 0 0 0 0 0 0 0
0 0 0 0 0 0 0 0 0
0 0 0 0 0 0 0 0 0
0 0 0 0 0 0 0 0 0
0 0 0 0 0 0 0 0 0
0 0 0 0 0 0 0 0 0
0 0 0 0 0 0 0 0 0
0 0 0 0 0 0 0 0 0
0 0 0 0 0 0 0 0 0
0 0 0 0 0 0 0 0 0
0 0 0 0 0 0 0 0 0
0 0 0 0 0 0 0 0 0
0 0 0 0 0 0 0 0 0
0 0 0 0 0 0 0 0 0
0 0 0 0 0 0 0 0 0
0 0 0 0 0 0 0 0 0
0 0 0 0 0 0 0 0 0
0 0 0 0 0 0 0 0 0
0 0 0 0 0 0 0 0 0
0 0 0 0 0 0 0 0 0
0 0 0 0 0 0 0 0 0
0 0 0 0 0 0 0 0 0
0 0 0 0 0 0 0 0 0
0 0 0 0 0 0 0 0 0
0 0 0 0 0 0 0 0 0
0 0 0 0 0 0 0 0 0
0 0 0 0 0 0 0 0 0
0 0 0 0 0 0 0 0 0
0 0 0 0 0 0 0 0 0
0 0 0 0 0 0 0 0 0
0 0 0 0 0 0 0 0 0
0 0 0 0 0 0 0 0 0
0 0 0 0 0 0 0 0 0
0 0 0 0 0 0 0 0 0
0 0 0 0 0 0 0 0 0
0 0 0 0 0 0 0 0 0
0 0 0 0 0 0 0 0 0
0 0 0 0 0 0 0 0 0
0 0 0 0 0 0 0 0 0
0 0 0 0 0 0 0 0 0
0 0 0 0 0 0 0 0 0
0 0 0 0 0 0 0 0 0
0 0 0 0 0 0 0 0 0
0 0 0 0 0 0 0 0 0
0 0 0 0 0 0 0 0 0
0 0 0 0 0 0 0 0 0
0 0 0 0 0 0 0 0 0
0 0 0 0 0 0 0 0 0
0 0 0 0 0 0 0 0 0
0 0 0 0 0 0 0 0 0
0 0 0 0 0 0 0 0 0
0 0 0 0 0 0 0 0 0
0 0 0 0 0 0 0 0 0
0 0 0 0 0 0 0 0 0
0 0 0 0 0 0 0 0 0
0 0 0 0 0 0 0 0 0
0 0 0 0 0 0 0 0 0
0 0 0 0 0 0 0 0 0
0 0 0 0 0 0 0 0 0
0 0 0 0 0 0 0 0 0
0 0 0 0 0 0 0 0 0
0 0 0 0 0 0 0 0 0
0 0 0 0 0 0 0 0 0
0 0 0 0 0 0 0 0 0
0 0 0 0 0 0 0 0 0
0 0 0 0 0 0 0 0 0
0 0 0 0 0 0 0 0 0
0 0 0 0 0 0 0 0 0
0 0 0 0 0 0 0 0 0
0 0 0 0 0 0 0 0 0
0 0 0 0 0 0 0 0 0
0 0 0 0 0 0 0 0 0
0 0 0 0 0 0 0 0 0
0 0 0 0 0 0 0 0 0
0 0 0 0 0 0 0 0 0
0 0 0 0 0 0 0 0 0
0 0 0 0 0 0 0 0 0
0 0 0 0 0 0 0 0 0
0 0 0 0 0 0 0 0 0
0 0 0 0 0 0 0 0 0
0 0 0 0 0 0 0 0 0
0 0 0 0 0 0 0 0 0
0 0 0 0 0 0 0 0 0
0 0 0 0 0 0 0 0 0
0 0 0 0 0 0 0 0 0
0 0 0 0 0 0 0 0 0
0 0 0 0 0 0 0 0 0
0 0 0 0 0 0 0 0 0
0 0 0 0 0 0 0 0 0
0 0 0 0 0 0 0 0 0
0 0 0 0 0 0 0 0 0
0 0 0 0 0 0 0 0 0
0 0 0 0 0 0 0 0 0
0 0 0 0 0 0 0 0 0
0 0 0 0 0 0 0 0 0
0 0 0 0 0 0 0 0 0
0 0 0 0 0 0 0 0 0
0 0 0 0 0 0 0 0 0
0 0 0 0 0 0 0 0 0
0 0 0 0 0 0 0 0 0
0 0 0 0 0 0 0 0 0
0 0 0 0 0 0 0 0 0
0 0 0 0 0 0 0 0 0
0 0 0 0 0 0 0 0 0
0 0 0 0 0 0 0 0 0
0 0 0 0 0 0 0 0 0
0 0 0 0 0 0 0 0 0
0 0 0 0 0 0 0 0 0
0 0 0 0 0 0 0 0 0
0 0 0 0 0 0 0 0 0
0 0 0 0 0 0 0 0 0
0 0 0 0 0 0 0 0 0
0 0 0 0 0 0 0 0 0
0 0 0 0 0 0 0 0 0
0 0 0 0 0 0 0 0 0
0 0 0 0 0 0 0 0 0
0 0 0 0 0 0 0 0 0
0 0 0 0 0 0 0 0 0
0 0 0 0 0 0 0 0 0
0 0 0 0 0 0 0 0 0
0 0 0 0 0 0 0 0 0
0 0 0 0 0 0 0 0 0
0 0 0 0 0 0 0 0 0
0 0 0 0 0 0 0 0 0
0 0 0 0 0 0 0 0 0
0 0 0 0 0 0 0 0 0
0 0 0 0 0 0 0 0 0
0 0 0 0 0 0 0 0 0
0 0 0 0 0 0 0 0 0
0 0 0 0 0 0 0 0 0
0 0 0 0 0 0 0 0 0
0 0 0 0 0 0 0 0 0
0 0 0 0 0 0 0 0 0
0 0 0 0 0 0 0 0 0
0 0 0 0 0 0 0 0 0
0 0 0 0 0 0 0 0 0
0 0 0 0 0 0 0 0 0
0 0 0 0 0 0 0 0 0
0 0 0 0 0 0 0 0 0
0 0 0 0 0 0 0 0 0
0 0 0 0 0 0 0 0 0
0 0 0 0 0 0 0 0 0
0 0 0 0 0 0 0 0 0
0 0 0 0 0 0 0 0 0
0 0 0 0 0 0 0 0 0
0 0 0 0 0 0 0 0 0
0 0 0 0 0 0 0 0 0
0 0 0 0 0 0 0 0 0
0 0 0 0 0 0 0 0 0
0 0 0 0 0 0 0 0 0
0 0 0 0 0 0 0 0 0
0 0 0 0 0 0 0 0 0
0 0 0 0 0 0 0 0 0
0 0 0 0 0 0 0 0 0
0 0 0 0 0 0 0 0 0
0 0 0 0 0 0 0 0 0
0 0 0 0 0 0 0 0 0
0 0 0 0 0 0 0 0 0
0 0 0 0 0 0 0 0 0
0 0 0 0 0 0 0 0 0
0 0 0 0 0 0 0 0 0
0 0 0 0 0 0 0 0 0
0 0 0 0 0 0 0 0 0
0 0 0 0 0 0 0 0 0
0 0 0 0 0 0 0 0 0
0 0 0 0 0 0 0 0 0
0 0 0 0 0 0 0 0 0
0 0 0 0 0 0 0 0 0
0 0 0 0 0 0 0 0 0
0 0 0 0 0 0 0 0 0
0 0 0 0 0 0 0 0 0
0 0 0 0 0 0 0 0 0
0 0 0 0 0 0 0 0 0
0 0 0 0 0 0 0 0 0
0 0 0 0 0 0 0 0 0
0 0 0 0 0 0 0 0 0
0 0 0 0 0 0 0 0 0
0 0 0 0 0 0 0 0 0
0 0 0 0 0 0 0 0 0
0 0 0 0 0 0 0 0 0
0 0 0 0 0 0 0 0 0
0 0 0 0 0 0 0 0 0
0 0 0 0 0 0 0 0 0
0 0 0 0 0 0 0 0 0
0 0 0 0 0 0 0 0 0
0 0 0 0 0 0 0 0 0
0 0 0 0 0 0 0 0 0
0 0 0 0 0 0 0 0 0
0 0 0 0 0 0 0 0 0
0 0 0 0 0 0 0 0 0
0 0 0 0 0 0 0 0 0
0 0 0 0 0 0 0 0 0
0 0 0 0 0 0 0 0 0
0 0 0 0 0 0 0 0 0
0 0 0 0 0 0 0 0 0
0 0 0 0 0 0 0 0 0
0 0 0 0 0 0 0 0 0
0 0 0 0 0 0 0 0 0
0 0 0 0 0 0 0 0 0
0 0 0 0 0 0 0 0 0
0 0 0 0 0 0 0 0 0
0 0 0 0 0 0 0 0 0
0 0 0 0 0 0 0 0 0
0 0 0 0 0 0 0 0 0
0 0 0 0 0 0 0 0 0
0 0 0 0 0 0 0 0 0
0 0 0 0 0 0 0 0 0
0 0 0 0 0 0 0 0 0
0 0 0 0 0 0 0 0 0
0 0 0 0 0 0 0 0 0
0 0 0 0 0 0 0 0 0
0 0 0 0 0 0 0 0 0
0 0 0 0 0 0 0 0 0
0 0 0 0 0 0 0 0 0
0 0 0 0 0 0 0 0 0
0 0 0 0 0 0 0 0 0
0 0 0 0 0 0 0 0 0
0 0 0 0 0 0 0 0 0
0 0 0 0 0 0 0 0 0
0 0 0 0 0 0 0 0 0
0 0 0 0 0 0 0 0 0
0 0 0 0 0 0 0 0 0
0 0 0 0 0 0 0 0 0
0 0 0 0 0 0 0 0 0
0 0 0 0 0 0 0 0 0
0 0 0 0 0 0 0 0 0
0 0 0 0 0 0 0 0 0
0 0 0 0 0 0 0 0 0
0 0 0 0 0 0 0 0 0
0 0 0 0 0 0 0 0 0
0 0 0 0 0 0 0 0 0
0 0 0 0 0 0 0 0 0
0 0 0 0 0 0 0 0 0
0 0 0 0 0 0 0 0 0
0 0 0 0 0 0 0 0 0
0 0 0 0 0 0 0 0 0
0 0 0 0 0 0 0 0 0
0 0 0 0 0 0 0 0 0
0 0 0 0 0 0 0 0 0
0 0 0 0 0 0 0 0 0
0 0 0 0 0 0 0 0 0
0 0 0 0 0 0 0 0 0
0 0 0 0 0 0 0 0 0
0 0 0 0 0 0 0 0 0
0 0 0 0 0 0 0 0 0
0 0 0 0 0 0 0 0 0
0 0 0 0 0 0 0 0 0
0 0 0 0 0 0 0 0 0
0 0 0
        </DataArray>
        <DataArray type='Float32' Name='wallShearStress' NumberOfComponents='3' format='ascii'>
-2.44124 -7.30339e-05 -7.63579e-29 -2.43613 -0.000998496 -5.75806e-24 -2.43613 -0.000998496 -5.75806e-24
-2.44124 -7.30339e-05 -7.63579e-29 -2.42182 -0.00233838 1.66502e-24 -2.42182 -0.00233838 1.66502e-24
-2.44195 -0.00335872 5.71238e-25 -2.44195 -0.00335872 5.71238e-25 -2.62663 -0.00490285 -8.60718e-24
-2.62663 -0.00490285 -8.60718e-24 -2.91084 -0.00683939 -1.8332e-24 -2.91084 -0.00683939 -1.8332e-24
-3.14794 -0.00891573 -4.5076e-24 -3.14794 -0.00891573 -4.5076e-24 -3.34899 -0.0110029 3.63514e-24
-3.34899 -0.0110029 3.63514e-24 -3.5182 -0.0128939 6.42418e-24 -3.5182 -0.0128939 6.42418e-24
-3.65491 -0.0145253 -6.16889e-24 -3.65491 -0.0145253 -6.16889e-24 -3.76012 -0.0158726 3.60333e-24
-3.76012 -0.0158726 3.60333e-24 -3.83603 -0.0169111 7.02607e-24 -3.83603 -0.0169111 7.02607e-24
-3.88555 -0.0176431 4.15624e-24 -3.88555 -0.0176431 4.15624e-24 -3.91198 -0.0180839 8.02202e-24
-3.91198 -0.0180839 8.02202e-24 -3.91869 -0.0182558 -1.28065e-23 -3.91869 -0.0182558 -1.28065e-23
-3.90893 -0.0181825 -2.71953e-23 -3.90893 -0.0181825 -2.71953e-23 -3.88574 -0.0178949 8.63819e-24
-3.88574 -0.0178949 8.63819e-24 -3.85186 -0.0173488 3.26784e-23 -3.85186 -0.0173488 3.26784e-23
-3.80979 -0.0165413 2.67455e-24 -3.80979 -0.0165413 2.67455e-24 -3.76153 -0.0156578 -2.68674e-23
-3.76153 -0.0156578 -2.68674e-23 -3.70861 -0.0148132 4.5661e-24 -3.70861 -0.0148132 4.5661e-24
-3.65235 -0.0139899 1.02251e-23 -3.65235 -0.0139899 1.02251e-23 -3.59393 -0.013171 1.93648e-24
-3.59393 -0.013171 1.93648e-24 -3.53445 -0.0123325 1.14949e-24 -3.53445 -0.0123325 1.14949e-24
-3.4749 -0.0114692 -5.97582e-24 -3.4749 -0.0114692 -5.97582e-24 -3.4161 -0.010616 -1.97113e-23
-3.4161 -0.010616 -1.97113e-23 -3.35868 -0.00982831 -2.39306e-23 -3.35868 -0.00982831 -2.39306e-23
-3.303 -0.00913821 1.88515e-23 -3.303 -0.00913821 1.88515e-23 -3.24921 -0.00852655 2.14599e-23
-3.24921 -0.00852655 2.14599e-23 -3.19739 -0.00796128 -3.0544e-23 -3.19739 -0.00796128 -3.0544e-23
-3.1476 -0.00742726 1.61838e-23 -3.1476 -0.00742726 1.61838e-23 -3.09991 -0.00691955 1.43843e-23
-3.09991 -0.00691955 1.43843e-23 -3.05443 -0.00643693 -1.98023e-23 -3.05443 -0.00643693 -1.98023e-23
-3.01124 -0.00597513 1.59947e-23 -3.01124 -0.00597513 1.59947e-23 -2.97039 -0.00552973 2.70566e-23
-2.97039 -0.00552973 2.70566e-23 -2.93189 -0.00510499 7.78145e-24 -2.93189 -0.00510499 7.78145e-24
-2.89571 -0.00470424 -4.64929e-23 -2.89571 -0.00470424 -4.64929e-23 -2.86177 -0.00432545 3.79698e-24
-2.86177 -0.00432545 3.79698e-24 -2.83001 -0.00396803 -1.03338e-23 -2.83001 -0.00396803 -1.03338e-23
-2.80035 -0.00363302 7.17674e-24 -2.80035 -0.00363302 7.17674e-24 -2.77268 -0.00332143 2.50104e-23
-2.77268 -0.00332143 2.50104e-23 -2.74691 -0.00303205 -5.5697e-23 -2.74691 -0.00303205 -5.5697e-23
-2.72292 -0.00276401 -1.60852e-24 -2.72292 -0.00276401 -1.60852e-24 -2.7006 -0.00251756 2.06217e-23
-2.7006 -0.00251756 2.06217e-23 -2.67985 -0.00229184 -3.91283e-24 -2.67985 -0.00229184 -3.91283e-24
-2.66056 -0.00208408 -1.78982e-23 -2.66056 -0.00208408 -1.78982e-23 -2.64263 -0.00189217 -6.16134e-24
-2.64263 -0.00189217 -6.16134e-24 -2.62598 -0.00171765 3.69787e-23 -2.62598 -0.00171765 3.69787e-23
-2.61051 -0.001559 2.73748e-23 -2.61051 -0.001559 2.73748e-23 -2.59613 -0.00141115 7.69566e-24
-2.59613 -0.00141115 7.69566e-24 -2.58276 -0.00127217 5.48953e-23 -2.58276 -0.00127217 5.48953e-23
-2.57031 -0.00114348 4.9919e-23 -2.57031 -0.00114348 4.9919e-23 -2.55872 -0.00102698 -5.5367e-23
-2.55872 -0.00102698 -5.5367e-23 -2.5479 -0.000923275 -3.91785e-23 -2.5479 -0.000923275 -3.91785e-23
-2.53778 -0.000831713 -2.28901e-23 -2.53778 -0.000831713 -2.28901e-23 -2.52829 -0.000751341 -6.90604e-24
-2.52829 -0.000751341 -6.90604e-24 -2.51936 -0.000681394 2.80851e-23 -2.51936 -0.000681394 2.80851e-23
-2.51094 -0.000621188 -6.70987e-23 -2.51094 -0.000621188 -6.70987e-23 -2.50295 -0.000569608 1.90492e-23
-2.50295 -0.000569608 1.90492e-23 -2.49536 -0.000524244 4.39994e-23 -2.49536 -0.000524244 4.39994e-23
-2.48813 -0.000483476 1.89673e-23 -2.48813 -0.000483476 1.89673e-23 -2.48123 -0.000448625 4.4459e-24
-2.48123 -0.000448625 4.4459e-24 -2.47463 -0.00042056 -4.08538e-23 -2.47463 -0.00042056 -4.08538e-23
-2.46827 -0.000398009 1.4316e-23 -2.46827 -0.000398009 1.4316e-23 -2.46215 -0.000379639 2.88413e-23
-2.46215 -0.000379639 2.88413e-23 -2.45622 -0.00036462 1.32093e-23 -2.45622 -0.00036462 1.32093e-23
-2.45047 -0.000352328 -2.28616e-23 -2.45047 -0.000352328 -2.28616e-23 -2.44488 -0.000342295 -6.72678e-23
-2.44488 -0.000342295 -6.72678e-23 -2.43943 -0.000334188 2.58104e-23 -2.43943 -0.000334188 2.58104e-23
-2.43409 -0.000327802 3.07931e-23 -2.43409 -0.000327802 3.07931e-23 -2.42885 -0.000323033 -5.34739e-23
-2.42885 -0.000323033 -5.34739e-23 -2.42371 -0.000319924 -1.07065e-23 -2.42371 -0.000319924 -1.07065e-23
-2.41863 -0.000317813 1.22924e-23 -2.41863 -0.000317813 1.22924e-23 -2.41363 -0.000315656 -1.26333e-23
-2.41363 -0.000315656 -1.26333e-23 -2.40869 -0.000314101 1.97967e-23 -2.40869 -0.000314101 1.97967e-23
-2.40381 -0.000314396 4.27971e-23 -2.40381 -0.000314396 4.27971e-23 -2.39897 -0.000316431 -1.18497e-23
-2.39897 -0.000316431 -1.18497e-23 -2.39417 -0.000319435 -5.63573e-23 -2.39417 -0.000319435 -5.63573e-23
-2.3894 -0.00032285 -2.40408e-23 -2.3894 -0.00032285 -2.40408e-23 -2.38465 -0.000326425 3.67165e-23
-2.38465 -0.000326425 3.67165e-23 -2.37993 -0.000330074 2.03597e-23 -2.37993 -0.000330074 2.03597e-23
-2.37522 -0.00033377 -5.96444e-24 -2.37522 -0.00033377 -5.96444e-24 -2.37053 -0.000337508 6.99915e-24
-2.37053 -0.000337508 6.99915e-24 -2.36584 -0.000341298 3.79833e-23 -2.36584 -0.000341298 3.79833e-23
-2.36116 -0.000345153 -6.41207e-23 -2.36116 -0.000345153 -6.41207e-23 -2.35648 -0.000349018 -3.32734e-23
-2.35648 -0.000349018 -3.32734e-23 -2.35181 -0.000352744 8.32898e-23 -2.35181 -0.000352744 8.32898e-23
-2.34713 -0.000356291 3.83318e-23 -2.34713 -0.000356291 3.83318e-23 -2.34246 -0.000359749 2.81228e-24
-2.34246 -0.000359749 2.81228e-24 -2.33779 -0.000363196 -4.16254e-23 -2.33779 -0.000363196 -4.16254e-23
-2.33312 -0.000366767 -2.89652e-24 -2.33312 -0.000366767 -2.89652e-24 -2.32845 -0.000370628 6.45285e-23
-2.32845 -0.000370628 6.45285e-23 -2.32378 -0.000374785 -8.50375e-24 -2.32378 -0.000374785 -8.50375e-24
-2.3191 -0.00037913 -1.0951e-22 -2.3191 -0.00037913 -1.0951e-22 -2.31442 -0.000383634 -4.24612e-23
-2.31442 -0.000383634 -4.24612e-23 -2.30973 -0.000388286 3.45365e-23 -2.30973 -0.000388286 3.45365e-23
-2.30504 -0.000393007 6.33366e-23 -2.30504 -0.000393007 6.33366e-23 -2.30033 -0.000397701 1.0143e-22
-2.30033 -0.000397701 1.0143e-22 -2.29561 -0.000402302 9.87177e-25 -2.29561 -0.000402302 9.87177e-25
-2.29088 -0.000406693 -1.36053e-22 -2.29088 -0.000406693 -1.36053e-22 -2.28613 -0.000410726 2.53578e-24
-2.28613 -0.000410726 2.53578e-24 -2.28138 -0.000414434 1.4094e-22 -2.28138 -0.000414434 1.4094e-22
-2.27661 -0.00041798 2.29578e-23 -2.27661 -0.00041798 2.29578e-23 -2.27184 -0.000421485 -1.03934e-22
-2.27184 -0.000421485 -1.03934e-22 -2.26705 -0.000424945 -2.22235e-23 -2.26705 -0.000424945 -2.22235e-23
-2.26227 -0.000428229 1.24734e-22 -2.26227 -0.000428229 1.24734e-22 -2.25748 -0.000431205 -1.07575e-23
-2.25748 -0.000431205 -1.07575e-23 -2.25269 -0.000433819 -1.64225e-22 -2.25269 -0.000433819 -1.64225e-22
-2.24791 -0.000436059 -9.18033e-23 -2.24791 -0.000436059 -9.18033e-23 -2.24315 -0.000437933 8.03568e-24
-2.24315 -0.000437933 8.03568e-24 -2.23839 -0.00043945 1.25496e-22 -2.23839 -0.00043945 1.25496e-22
-2.23366 -0.000440604 1.60422e-22 -2.23366 -0.000440604 1.60422e-22 -2.22896 -0.000441369 -1.94734e-23
-2.22896 -0.000441369 -1.94734e-23 -2.22428 -0.000441714 -2.07071e-22 -2.22428 -0.000441714 -2.07071e-22
-2.21964 -0.000441605 -1.44337e-22 -2.21964 -0.000441605 -1.44337e-22 -2.21503 -0.000441016 1.76185e-22
-2.21503 -0.000441016 1.76185e-22 -2.21048 -0.000439937 2.10565e-22 -2.21048 -0.000439937 2.10565e-22
-2.20597 -0.000438348 -3.52999e-24 -2.20597 -0.000438348 -3.52999e-24 -2.20151 -0.00043623 -1.89335e-22
-2.20151 -0.00043623 -1.89335e-22 -2.19712 -0.000433559 -1.45446e-22 -2.19712 -0.000433559 -1.45446e-22
-2.19278 -0.000430315 1.27404e-22 -2.19278 -0.000430315 1.27404e-22 -2.18852 -0.000426512 1.07973e-22
-2.18852 -0.000426512 1.07973e-22 -2.18432 -0.000422179 -1.30492e-22 -2.18432 -0.000422179 -1.30492e-22
-2.1802 -0.000417339 -7.77989e-23 -2.1802 -0.000417339 -7.77989e-23 -2.17616 -0.000412016 1.38669e-22
-2.17616 -0.000412016 1.38669e-22 -2.17219 -0.000406229 1.37242e-22 -2.17219 -0.000406229 1.37242e-22
-2.16832 -0.000399995 -9.9433e-23 -2.16832 -0.000399995 -9.9433e-23 -2.16452 -0.000393322 -1.27007e-22
-2.16452 -0.000393322 -1.27007e-22 -2.16082 -0.000386231 8.87741e-23 -2.16082 -0.000386231 8.87741e-23
-2.15721 -0.000378767 7.829e-23 -2.15721 -0.000378767 7.829e-23 -2.15369 -0.000370972 5.03662e-23
-2.15369 -0.000370972 5.03662e-23 -2.15026 -0.000362882 -3.5226e-24 -2.15026 -0.000362882 -3.5226e-24
-2.14692 -0.00035453 -4.8942e-23 -2.14692 -0.00035453 -4.8942e-23 -2.14368 -0.000345942 -9.38627e-23
-2.14368 -0.000345942 -9.38627e-23 -2.14054 -0.000337163 -1.29724e-22 -2.14054 -0.000337163 -1.29724e-22
-2.13748 -0.000328238 3.13171e-23 -2.13748 -0.000328238 3.13171e-23 -2.13452 -0.000319202 -1.36974e-23
-2.13452 -0.000319202 -1.36974e-23 -2.13166 -0.000310088 -6.72755e-23 -2.13166 -0.000310088 -6.72755e-23
-2.12888 -0.000300943 4.06592e-23 -2.12888 -0.000300943 4.06592e-23 -2.12619 -0.000291812 -1.27312e-23
-2.12619 -0.000291812 -1.27312e-23 -2.12359 -0.000282728 1.46921e-22 -2.12359 -0.000282728 1.46921e-22
-2.12108 -0.00027371 2.38795e-23 -2.12108 -0.00027371 2.38795e-23 -2.11865 -0.000264775 -5.58119e-23
-2.11865 -0.000264775 -5.58119e-23 -2.1163 -0.000255946 6.93822e-23 -2.1163 -0.000255946 6.93822e-23
-2.11403 -0.000247254 -3.60502e-23 -2.11403 -0.000247254 -3.60502e-23 -2.11183 -0.000238729 7.11352e-23
-2.11183 -0.000238729 7.11352e-23 -2.10971 -0.000230402 -4.23804e-23 -2.10971 -0.000230402 -4.23804e-23
-2.10766 -0.0002223 -1.29832e-22 -2.10766 -0.0002223 -1.29832e-22 -2.10568 -0.000214443 -6.62577e-23
-2.10568 -0.000214443 -6.62577e-23 -2.10377 -0.00020684 -1.12667e-23 -2.10377 -0.00020684 -1.12667e-23
-2.10192 -0.0001995 1.12961e-22 -2.10192 -0.0001995 1.12961e-22 -2.10013 -0.000192424 -1.77462e-25
-2.10013 -0.000192424 -1.77462e-25 -2.0984 -0.000185613 5.45106e-23 -2.0984 -0.000185613 5.45106e-23
-2.09672 -0.000179071 1.26852e-22 -2.09672 -0.000179071 1.26852e-22 -2.09509 -0.000172806 -3.79449e-23
-2.09509 -0.000172806 -3.79449e-23 -2.09352 -0.000166823 1.68188e-23 -2.09352 -0.000166823 1.68188e-23
-2.09199 -0.00016112 -1.47585e-22 -2.09199 -0.00016112 -1.47585e-22 -2.09051 -0.000155686 -1.01297e-22
-2.09051 -0.000155686 -1.01297e-22 -2.08906 -0.00015051 1.81497e-22 -2.08906 -0.00015051 1.81497e-22
-2.08766 -0.000145581 -8.59946e-24 -2.08766 -0.000145581 -8.59946e-24 -2.0863 -0.000140892 2.91591e-23
-2.0863 -0.000140892 2.91591e-23 -2.08497 -0.000136441 3.2293e-23 -2.08497 -0.000136441 3.2293e-23
-2.08368 -0.000132229 -1.74989e-22 -2.08368 -0.000132229 -1.74989e-22 -2.08242 -0.000128253 7.30516e-23
-2.08242 -0.000128253 7.30516e-23 -2.08118 -0.000124503 7.67842e-23 -2.08118 -0.000124503 7.67842e-23
-2.07998 -0.000120969 -1.30277e-22 -2.07998 -0.000120969 -1.30277e-22 -2.0788 -0.000117702 8.27363e-23
-2.0788 -0.000117702 8.27363e-23 -2.07765 -0.000113727 2.9634e-22 -2.07765 -0.000113727 2.9634e-22
-2.07652 -0.00011726 1.18721e-22 -2.07652 -0.00011726 1.18721e-22 -2.07541 -0.000130009 -1.22665e-24
-2.07541 -0.000130009 -1.22665e-24 -2.07433 -0.000141087 2.4752e-23 -2.07433 -0.000141087 2.4752e-23
-2.07326 -0.000148038 -6.61816e-23 -2.07326 -0.000148038 -6.61816e-23 -2.07221 -0.000141907 2.86247e-23
-2.07221 -0.000141907 2.86247e-23 -2.07118 -0.000128941 -5.37365e-24 -2.07118 -0.000128941 -5.37365e-24
-2.07016 -0.00011829 1.88801e-22 -2.07016 -0.00011829 1.88801e-22 -2.06915 -0.000106487 7.4911e-23
-2.06915 -0.000106487 7.4911e-23 -2.06816 -9.75768e-05 -2.68433e-22 -2.06816 -9.75768e-05 -2.68433e-22
-2.06718 -9.19326e-05 -4.09786e-23 -2.06718 -9.19326e-05 -4.09786e-23 -2.06622 -8.88389e-05 2.72536e-22
-2.06622 -8.88389e-05 2.72536e-22 -2.06526 -8.72896e-05 9.89627e-23 -2.06526 -8.72896e-05 9.89627e-23
-2.06432 -8.6516e-05 -2.52657e-22 -2.06432 -8.6516e-05 -2.52657e-22 -2.06338 -8.60501e-05 6.08123e-23
-2.06338 -8.60501e-05 6.08123e-23 -2.06245 -8.55702e-05 1.79705e-22 -2.06245 -8.55702e-05 1.79705e-22
-2.06153 -8.48804e-05 -7.99755e-23 -2.06153 -8.48804e-05 -7.99755e-23 -2.06062 -8.39383e-05 3.89134e-23
-2.06062 -8.39383e-05 3.89134e-23 -2.05971 -8.27994e-05 1.57845e-22 -2.05971 -8.27994e-05 1.57845e-22
-2.05881 -8.16035e-05 -2.94354e-22 -2.05881 -8.16035e-05 -2.94354e-22 -2.05792 -8.05055e-05 -1.8386e-22
-2.05792 -8.05055e-05 -1.8386e-22 -2.05703 -7.95775e-05 -7.34367e-23 -2.05703 -7.95775e-05 -7.34367e-23
-2.05614 -7.88402e-05 8.62992e-23 -2.05614 -7.88402e-05 8.62992e-23 -2.05526 -7.8282e-05 6.17236e-23
-2.05526 -7.8282e-05 6.17236e-23 -2.05438 -7.78294e-05 3.74417e-23 -2.05438 -7.78294e-05 3.74417e-23
-2.05351 -7.73857e-05 -3.96811e-24 -2.05351 -7.73857e-05 -3.96811e-24 -2.05263 -7.69067e-05 -1.12762e-22
-2.05263 -7.69067e-05 -1.12762e-22 -2.05176 -7.64108e-05 4.69836e-23 -2.05176 -7.64108e-05 4.69836e-23
-2.05089 -7.59353e-05 -1.29761e-22 -2.05089 -7.59353e-05 -1.29761e-22 -2.05003 -7.55057e-05 8.97372e-23
-2.05003 -7.55057e-05 8.97372e-23 -2.04916 -7.5129e-05 8.13957e-23 -2.04916 -7.5129e-05 8.13957e-23
-2.0483 -7.48089e-05 7.32308e-23 -2.0483 -7.48089e-05 7.32308e-23 -2.04744 -7.45515e-05 -8.79363e-23
-2.04744 -7.45515e-05 -8.79363e-23 -2.04657 -7.43463e-05 -1.81154e-22 -2.04657 -7.43463e-05 -1.81154e-22
-2.04571 -7.41683e-05 3.01019e-22 -2.04571 -7.41683e-05 3.01019e-22 -2.04484 -7.40072e-05 1.64493e-22
-2.04484 -7.40072e-05 1.64493e-22 -2.04398 -7.38684e-05 -1.66199e-22 -2.04398 -7.38684e-05 -1.66199e-22
-2.04312 -7.37481e-05 -1.58765e-22 -2.04312 -7.37481e-05 -1.58765e-22 -2.04225 -7.36372e-05 -5.80275e-23
-2.04225 -7.36372e-05 -5.80275e-23 -2.04138 -7.35411e-05 1.79722e-22 -2.04138 -7.35411e-05 1.79722e-22
-2.04051 -7.34725e-05 2.72918e-22 -2.04051 -7.34725e-05 2.72918e-22 -2.03964 -7.34371e-05 8.3569e-23
-2.03964 -7.34371e-05 8.3569e-23 -2.03877 -7.34344e-05 6.29753e-24 -2.03877 -7.34344e-05 6.29753e-24
-2.0379 -7.34613e-05 -2.86686e-22 -2.0379 -7.34613e-05 -2.86686e-22 -2.03702 -7.35154e-05 -2.37596e-22
-2.03702 -7.35154e-05 -2.37596e-22 -2.03614 -7.35884e-05 9.50182e-23 -2.03614 -7.35884e-05 9.50182e-23
-2.03526 -7.36714e-05 -1.29509e-22 -2.03526 -7.36714e-05 -1.29509e-22 -2.03438 -7.3763e-05 -8.87951e-23
-2.03438 -7.3763e-05 -8.87951e-23 -2.03349 -7.38682e-05 1.24238e-22 -2.03349 -7.38682e-05 1.24238e-22
-2.0326 -7.39919e-05 8.76513e-23 -2.0326 -7.39919e-05 8.76513e-23 -2.03171 -7.4138e-05 1.99112e-22
-2.03171 -7.4138e-05 1.99112e-22 -2.03081 -7.43058e-05 1.71081e-22 -2.03081 -7.43058e-05 1.71081e-22
-2.02991 -7.44901e-05 -9.17266e-23 -2.02991 -7.44901e-05 -9.17266e-23 -2.029 -7.46859e-05 -3.03435e-22
-2.029 -7.46859e-05 -3.03435e-22 -2.02809 -7.48937e-05 -2.37295e-22 -2.02809 -7.48937e-05 -2.37295e-22
-2.02717 -7.51186e-05 9.02378e-23 -2.02717 -7.51186e-05 9.02378e-23 -2.02625 -7.5365e-05 1.40497e-22
-2.02625 -7.5365e-05 1.40497e-22 -2.02533 -7.56332e-05 2.42145e-23 -2.02533 -7.56332e-05 2.42145e-23
-2.0244 -7.59203e-05 2.59799e-22 -2.0244 -7.59203e-05 2.59799e-22 -2.02346 -7.62219e-05 1.75742e-23
-2.02346 -7.62219e-05 1.75742e-23 -2.02252 -7.65348e-05 -4.01298e-22 -2.02252 -7.65348e-05 -4.01298e-22
-2.02157 -7.68603e-05 -7.85019e-23 -2.02157 -7.68603e-05 -7.85019e-23 -2.02062 -7.72018e-05 1.66669e-22
-2.02062 -7.72018e-05 1.66669e-22 -2.01966 -7.75641e-05 2.44345e-22 -2.01966 -7.75641e-05 2.44345e-22
-2.01869 -7.79513e-05 -7.24516e-23 -2.01869 -7.79513e-05 -7.24516e-23 -2.01772 -7.83651e-05 -3.28111e-22
-2.01772 -7.83651e-05 -3.28111e-22 -2.01674 -7.88057e-05 1.89185e-22 -2.01674 -7.88057e-05 1.89185e-22
-2.01575 -7.92714e-05 1.38568e-22 -2.01575 -7.92714e-05 1.38568e-22 -2.01475 -7.9759e-05 -3.72244e-22
-2.01475 -7.9759e-05 -3.72244e-22 -2.01374 -8.0264e-05 -1.79082e-22 -2.01374 -8.0264e-05 -1.79082e-22
-2.01273 -8.07834e-05 9.84729e-23 -2.01273 -8.07834e-05 9.84729e-23 -2.0117 -8.13167e-05 2.87285e-22
-2.0117 -8.13167e-05 2.87285e-22 -2.01067 -8.1867e-05 2.55771e-22 -2.01067 -8.1867e-05 2.55771e-22
-2.00963 -8.24402e-05 9.60675e-23 -2.00963 -8.24402e-05 9.60675e-23 -2.00857 -8.30427e-05 -1.22953e-22
-2.00857 -8.30427e-05 -1.22953e-22 -2.00751 -8.36802e-05 2.04653e-23 -2.00751 -8.36802e-05 2.04653e-23
-2.00643 -8.43565e-05 5.13502e-23 -2.00643 -8.43565e-05 5.13502e-23 -2.00534 -8.50712e-05 -1.70001e-22
-2.00534 -8.50712e-05 -1.70001e-22 -2.00425 -8.58202e-05 -2.15919e-22 -2.00425 -8.58202e-05 -2.15919e-22
-2.00313 -8.65971e-05 -5.26948e-23 -2.00313 -8.65971e-05 -5.26948e-23 -2.00201 -8.73955e-05 6.03833e-24
-2.00201 -8.73955e-05 6.03833e-24 -2.00087 -8.82115e-05 4.01054e-23 -2.00087 -8.82115e-05 4.01054e-23
-1.99972 -8.90461e-05 1.00561e-22 -1.99972 -8.90461e-05 1.00561e-22 -1.99856 -8.99053e-05 -9.02215e-23
-1.99856 -8.99053e-05 -9.02215e-23 -1.99738 -9.07954e-05 -1.96737e-22 -1.99738 -9.07954e-05 -1.96737e-22
-1.99618 -9.17208e-05 5.13833e-23 -1.99618 -9.17208e-05 5.13833e-23 -1.99497 -9.26854e-05 2.40583e-22
-1.99497 -9.26854e-05 2.40583e-22 -1.99375 -9.36923e-05 4.69116e-23 -1.99375 -9.36923e-05 4.69116e-23
-1.99251 -9.4742e-05 -7.04158e-23 -1.99251 -9.4742e-05 -7.04158e-23 -1.99125 -9.58312e-05 2.44739e-22
-1.99125 -9.58312e-05 2.44739e-22 -1.98997 -9.69537e-05 2.37421e-22 -1.98997 -9.69537e-05 2.37421e-22
-1.98867 -9.81065e-05 -2.57719e-22 -1.98867 -9.81065e-05 -2.57719e-22 -1.98736 -9.92927e-05 -6.21332e-23
-1.98736 -9.92927e-05 -6.21332e-23 -1.98602 -0.000100518 -1.37177e-22 -1.98602 -0.000100518 -1.37177e-22
-1.98467 -0.000101787 2.00462e-22 -1.98467 -0.000101787 2.00462e-22 -1.98329 -0.000103105 1.04757e-22
-1.98329 -0.000103105 1.04757e-22 -1.98189 -0.000104469 -5.59553e-22 -1.98189 -0.000104469 -5.59553e-22
-1.98047 -0.00010588 -1.38044e-22 -1.98047 -0.00010588 -1.38044e-22 -1.97903 -0.000107338 3.80036e-22
-1.97903 -0.000107338 3.80036e-22 -1.97756 -0.000108848 1.22034e-22 -1.97756 -0.000108848 1.22034e-22
-1.97606 -0.000110417 -2.25493e-22 -1.97606 -0.000110417 -2.25493e-22 -1.97454 -0.000112043 -7.46328e-23
-1.97454 -0.000112043 -7.46328e-23 -1.973 -0.000113728 3.75585e-22 -1.973 -0.000113728 3.75585e-22
-1.97142 -0.000115471 3.22034e-22 -1.97142 -0.000115471 3.22034e-22 -1.96982 -0.000117273 -2.3895e-23
-1.96982 -0.000117273 -2.3895e-23 -1.96818 -0.000119137 -2.81725e-22 -1.96818 -0.000119137 -2.81725e-22
-1.96651 -0.000121071 -5.4214e-22 -1.96651 -0.000121071 -5.4214e-22 -1.96481 -0.00012308 4.04782e-22
-1.96481 -0.00012308 4.04782e-22 -1.96308 -0.000125165 3.24324e-23 -1.96308 -0.000125165 3.24324e-23
-1.96131 -0.000127324 -3.30504e-22 -1.96131 -0.000127324 -3.30504e-22 -1.95951 -0.000129563 1.91216e-22
-1.95951 -0.000129563 1.91216e-22 -1.95766 -0.000131889 -5.05769e-23 -1.95766 -0.000131889 -5.05769e-23
-1.95578 -0.000134304 2.97242e-22 -1.95578 -0.000134304 2.97242e-22 -1.95386 -0.000136813 3.23425e-22
-1.95386 -0.000136813 3.23425e-22 -1.95189 -0.00013942 -4.00623e-22 -1.95189 -0.00013942 -4.00623e-22
-1.94988 -0.000142126 -3.1535e-22 -1.94988 -0.000142126 -3.1535e-22 -1.94783 -0.000144931 3.00381e-22
-1.94783 -0.000144931 3.00381e-22 -1.94573 -0.000147845 -1.77288e-22 -1.94573 -0.000147845 -1.77288e-22
-1.94357 -0.000150875 -2.87684e-23 -1.94357 -0.000150875 -2.87684e-23 -1.94137 -0.000154029 2.46032e-22
-1.94137 -0.000154029 2.46032e-22 -1.93911 -0.000157314 5.1011e-24 -1.93911 -0.000157314 5.1011e-24
-1.9368 -0.000160735 -2.27924e-22 -1.9368 -0.000160735 -2.27924e-22 -1.93442 -0.000164291 -4.64909e-23
-1.93442 -0.000164291 -4.64909e-23 -1.93199 -0.000167983 2.59521e-22 -1.93199 -0.000167983 2.59521e-22
-1.9295 -0.000171821 4.45571e-22 -1.9295 -0.000171821 4.45571e-22 -1.92694 -0.000175819 -4.70601e-22
-1.92694 -0.000175819 -4.70601e-22 -1.92431 -0.000179988 -8.05839e-22 -1.92431 -0.000179988 -8.05839e-22
-1.92161 -0.000184339 1.08734e-21 -1.92161 -0.000184339 1.08734e-21 -1.91883 -0.000188876 4.40712e-22
-1.91883 -0.000188876 4.40712e-22 -1.91598 -0.000193604 -7.63272e-22 -1.91598 -0.000193604 -7.63272e-22
-1.91305 -0.00019853 6.47771e-23 -1.91305 -0.00019853 6.47771e-23 -1.91003 -0.00020367 9.32073e-22
-1.91003 -0.00020367 9.32073e-22 -1.90693 -0.000209037 -3.51503e-22 -1.90693 -0.000209037 -3.51503e-22
-1.90373 -0.000214648 -1.03292e-21 -1.90373 -0.000214648 -1.03292e-21 -1.90044 -0.000220511 -1.48133e-22
-1.90044 -0.000220511 -1.48133e-22 -1.89705 -0.000226636 4.83042e-22 -1.89705 -0.000226636 4.83042e-22
-1.89355 -0.000233034 1.50052e-22 -1.89355 -0.000233034 1.50052e-22 -1.88995 -0.000239728 -1.87771e-22
-1.88995 -0.000239728 -1.87771e-22 -1.88622 -0.000246743 8.26773e-22 -1.88622 -0.000246743 8.26773e-22
-1.88238 -0.000254097 -2.24405e-22 -1.88238 -0.000254097 -2.24405e-22 -1.87842 -0.000261809 -1.68071e-21
-1.87842 -0.000261809 -1.68071e-21 -1.87432 -0.000269899 1.37914e-22 -1.87432 -0.000269899 1.37914e-22
-1.87008 -0.000278386 5.443e-22 -1.87008 -0.000278386 5.443e-22 -1.86569 -0.000287297 6.09698e-22
-1.86569 -0.000287297 6.09698e-22 -1.86116 -0.000296658 6.11716e-22 -1.86116 -0.000296658 6.11716e-22
-1.85646 -0.000306501 -6.96136e-23 -1.85646 -0.000306501 -6.96136e-23 -1.8516 -0.000316858 -4.69023e-22
-1.8516 -0.000316858 -4.69023e-22 -1.84656 -0.000327766 5.43019e-23 -1.84656 -0.000327766 5.43019e-23
-1.84133 -0.000339269 5.65313e-22 -1.84133 -0.000339269 5.65313e-22 -1.83591 -0.000351412 -1.09358e-21
-1.83591 -0.000351412 -1.09358e-21 -1.83027 -0.000364241 -1.34772e-22 -1.83027 -0.000364241 -1.34772e-22
-1.82442 -0.000377799 8.77236e-22 -1.82442 -0.000377799 8.77236e-22 -1.81834 -0.000392135 -3.47219e-22
-1.81834 -0.000392135 -3.47219e-22 -1.81202 -0.000407309 3.08602e-22 -1.81202 -0.000407309 3.08602e-22
-1.80544 -0.00042339 3.7458e-22 -1.80544 -0.00042339 3.7458e-22 -1.79858 -0.000440455 9.97399e-23
-1.79858 -0.000440455 9.97399e-23 -1.79144 -0.00045859 3.08359e-22 -1.79144 -0.00045859 3.08359e-22
-1.78399 -0.000477888 -1.70895e-21 -1.78399 -0.000477888 -1.70895e-21 -1.77621 -0.000498448 -3.56411e-22
-1.77621 -0.000498448 -3.56411e-22 -1.76809 -0.000520381 1.61798e-21 -1.76809 -0.000520381 1.61798e-21
-1.7596 -0.000543813 1.30069e-22 -1.7596 -0.000543813 1.30069e-22 -1.75072 -0.000568883 -1.63274e-22
-1.75072 -0.000568883 -1.63274e-22 -1.74142 -0.000595742 -5.42566e-22 -1.74142 -0.000595742 -5.42566e-22
-1.73167 -0.000624564 -1.81014e-21 -1.73167 -0.000624564 -1.81014e-21 -1.72144 -0.000655541 2.34929e-21
-1.72144 -0.000655541 2.34929e-21 -1.71071 -0.000688906 1.02605e-21 -1.71071 -0.000688906 1.02605e-21
-1.69942 -0.00072492 -1.97109e-22 -1.69942 -0.00072492 -1.97109e-22 -1.68754 -0.000763873 5.75388e-22
-1.68754 -0.000763873 5.75388e-22 -1.67502 -0.000806098 -2.11158e-21 -1.67502 -0.000806098 -2.11158e-21
-1.66182 -0.000851987 1.33563e-21 -1.66182 -0.000851987 1.33563e-21 -1.64788 -0.000901983 -1.115e-21
-1.64788 -0.000901983 -1.115e-21 -1.63313 -0.000956605 -3.03694e-21 -1.63313 -0.000956605 -3.03694e-21
-1.6175 -0.00101646 -7.27412e-22 -1.6175 -0.00101646 -7.27412e-22 -1.60093 -0.00108226 1.65285e-21
-1.60093 -0.00108226 1.65285e-21 -1.58331 -0.00115483 1.22859e-21 -1.58331 -0.00115483 1.22859e-21
-1.56455 -0.00123519 -1.38885e-21 -1.56455 -0.00123519 -1.38885e-21 -1.54455 -0.00132455 2.19698e-21
-1.54455 -0.00132455 2.19698e-21 -1.52316 -0.00142438 -1.62438e-21 -1.52316 -0.00142438 -1.62438e-21
-1.50024 -0.00153648 -7.06979e-22 -1.50024 -0.00153648 -7.06979e-22 -1.47561 -0.00166295 2.396e-21
-1.47561 -0.00166295 2.396e-21 -1.44909 -0.00180645 -3.78841e-21 -1.44909 -0.00180645 -3.78841e-21
-1.42043 -0.00197036 -2.02862e-21 -1.42043 -0.00197036 -2.02862e-21 -1.38936 -0.00215894 2.84003e-21
-1.38936 -0.00215894 2.84003e-21 -1.35555 -0.00237747 5.8621e-21 -1.35555 -0.00237747 5.8621e-21
-1.3186 -0.00263303 2.29477e-21 -1.3186 -0.00263303 2.29477e-21 -1.27806 -0.00293339 -5.53887e-21
-1.27806 -0.00293339 -5.53887e-21 -1.23334 -0.00329602 -7.76213e-22 -1.23334 -0.00329602 -7.76213e-22
-1.18364 -0.00372567 2.22091e-22 -1.18364 -0.00372567 2.22091e-22 -1.12732 -0.00416425 -1.58594e-20
-1.12732 -0.00416425 -1.58594e-20 -1.06451 -0.00494 5.6934e-22 -1.06451 -0.00494 5.6934e-22
-0.991424 -0.00587666 2.55472e-20 -0.991424 -0.00587666 2.55472e-20 -0.897305 -0.00654775 1.92919e-20
-0.897305 -0.00654775 1.92919e-20 -0.798092 -0.00906487 -1.85668e-19 -0.798092 -0.00906487 -1.85668e-19
-0.728531 -0.0155137 -2.95078e-19 -0.728531 -0.0155137 -2.95078e-19 -0.693152 -0.024656 -4.9168e-19
-0.693152 -0.024656 -4.9168e-19 -0.681466 -0.0358527 7.02435e-19 -0.681466 -0.0358527 7.02435e-19
-0.691277 -0.0496978 1.78488e-18 -0.691277 -0.0496978 1.78488e-18 -0.717388 -0.065896 6.55511e-19
-0.717388 -0.065896 6.55511e-19 -0.750985 -0.0820121 7.68884e-21 -0.750985 -0.0820121 7.68884e-21
-0.7865 -0.0924635 4.51844e-20 -0.7865 -0.0924635 4.51844e-20 -0.824622 -0.110831 -1.876e-18
-0.824622 -0.110831 -1.876e-18 -0.866982 -0.140239 -1.70354e-18 -0.866982 -0.140239 -1.70354e-18
-0.913658 -0.167665 1.54145e-18 -0.913658 -0.167665 1.54145e-18 -0.964699 -0.194723 3.15916e-18
-0.964699 -0.194723 3.15916e-18 -1.01969 -0.222983 1.37109e-18 -1.01969 -0.222983 1.37109e-18
-1.0799 -0.253448 -4.28275e-19 -1.0799 -0.253448 -4.28275e-19 -1.14463 -0.28595 2.46757e-18
-1.14463 -0.28595 2.46757e-18 -1.21311 -0.320666 1.6285e-18 -1.21311 -0.320666 1.6285e-18
-1.28708 -0.358043 -4.04019e-18 -1.28708 -0.358043 -4.04019e-18 -1.3653 -0.397388 -4.3412e-18
-1.3653 -0.397388 -4.3412e-18 -1.44735 -0.438973 -2.03822e-18 -1.44735 -0.438973 -2.03822e-18
-1.53509 -0.483028 7.03406e-19 -1.53509 -0.483028 7.03406e-19 -1.62679 -0.528709 2.44436e-18
-1.62679 -0.528709 2.44436e-18 -1.72269 -0.576403 1.62079e-18 -1.72269 -0.576403 1.62079e-18
-1.82396 -0.625855 -4.43164e-19 -1.82396 -0.625855 -4.43164e-19 -1.92855 -0.676479 -3.26043e-18
-1.92855 -0.676479 -3.26043e-18 -2.03812 -0.728989 -3.90179e-18 -2.03812 -0.728989 -3.90179e-18
-2.15288 -0.782378 -1.12576e-18 -2.15288 -0.782378 -1.12576e-18 -2.27049 -0.836236 6.85944e-19
-2.27049 -0.836236 6.85944e-19 -2.3939 -0.891367 8.70265e-21 -2.3939 -0.891367 8.70265e-21
-2.52228 -0.94613 4.61857e-19 -2.52228 -0.94613 4.61857e-19 -2.65337 -1.0005 -2.3215e-18
-2.65337 -1.0005 -2.3215e-18 -2.79085 -1.05503 -8.15222e-18 -2.79085 -1.05503 -8.15222e-18
-2.93268 -1.10771 -3.87605e-18 -2.93268 -1.10771 -3.87605e-18 -3.07731 -1.15886 2.99628e-18
-3.07731 -1.15886 2.99628e-18 -3.22775 -1.20822 -3.13731e-18 -3.22775 -1.20822 -3.13731e-18
-3.38138 -1.25409 6.76113e-19 -3.38138 -1.25409 6.76113e-19 -3.5389 -1.29734 3.58113e-18
-3.5389 -1.29734 3.58113e-18 -3.70127 -1.33635 -7.23459e-18 -3.70127 -1.33635 -7.23459e-18
-3.86498 -1.37016 -7.7765e-18 -3.86498 -1.37016 -7.7765e-18 -4.03314 -1.39972 -1.16159e-17
-4.03314 -1.39972 -1.16159e-17 -4.2044 -1.42238 -2.40202e-17 -4.2044 -1.42238 -2.40202e-17
-4.37502 -1.43796 -1.29641e-17 -4.37502 -1.43796 -1.29641e-17 -4.54798 -1.44646 5.37143e-19
-4.54798 -1.44646 5.37143e-19 -4.72027 -1.44547 4.54987e-18 -4.72027 -1.44547 4.54987e-18
-4.89011 -1.4355 -1.60239e-18 -4.89011 -1.4355 -1.60239e-18 -5.05741 -1.41503 -5.1701e-20
-5.05741 -1.41503 -5.1701e-20 -5.21778 -1.38305 1.00339e-17 -5.21778 -1.38305 1.00339e-17
-5.37207 -1.34031 9.15008e-18 -5.37207 -1.34031 9.15008e-18 -5.51734 -1.28476 2.46147e-17
-5.51734 -1.28476 2.46147e-17 -5.64925 -1.21691 -6.82204e-19 -5.64925 -1.21691 -6.82204e-19
-5.76759 -1.13693 -1.44133e-17 -5.76759 -1.13693 -1.44133e-17 -5.86827 -1.04442 9.82199e-18
-5.86827 -1.04442 9.82199e-18 -5.94961 -0.941673 -7.34217e-18 -5.94961 -0.941673 -7.34217e-18
-6.00876 -0.830352 -1.02264e-17 -6.00876 -0.830352 -1.02264e-17 -6.04113 -0.711532 -2.45556e-18
-6.04113 -0.711532 -2.45556e-18 -6.04515 -0.586226 -4.41566e-18 -6.04515 -0.586226 -4.41566e-18
-6.01747 -0.457817 -3.68865e-18 -6.01747 -0.457817 -3.68865e-18 -5.95981 -0.31828 -2.5168e-18
-5.95981 -0.31828 -2.5168e-18 -5.87671 -0.232888 1.61547e-18 -5.87671 -0.232888 1.61547e-18
-5.75662 -0.131861 2.93139e-19 -5.75662 -0.131861 2.93139e-19 -5.59769 0.0456652 4.58007e-18
-5.59769 0.0456652 4.58007e-18 -5.41074 0.207689 6.97431e-18 -5.41074 0.207689 6.97431e-18
-5.19881 0.345784 -3.8656e-18 -5.19881 0.345784 -3.8656e-18 -4.96468 0.457357 -3.14437e-17
-4.96468 0.457357 -3.14437e-17 -4.7081 0.546023 -2.38139e-17 -4.7081 0.546023 -2.38139e-17
-4.43434 0.617375 5.11079e-18 -4.43434 0.617375 5.11079e-18 -4.14713 0.672832 7.64379e-18
-4.14713 0.672832 7.64379e-18 -3.84935 0.712407 6.48725e-18 -3.84935 0.712407 6.48725e-18
-3.54717 0.736153 1.90485e-17 -3.54717 0.736153 1.90485e-17 -3.24141 0.744668 -5.69421e-18
-3.24141 0.744668 -5.69421e-18 -2.93898 0.73885 -7.06379e-18 -2.93898 0.73885 -7.06379e-18
-2.64232 0.720065 1.74644e-17 -2.64232 0.720065 1.74644e-17 -2.35265 0.689898 -1.42852e-17
-2.35265 0.689898 -1.42852e-17 -2.07425 0.649891 -3.7136e-18 -2.07425 0.649891 -3.7136e-18
-1.80492 0.601362 -6.82651e-18 -1.80492 0.601362 -6.82651e-18 -1.55064 0.546663 -3.13555e-17
-1.55064 0.546663 -3.13555e-17 -1.31147 0.487148 -9.80573e-19 -1.31147 0.487148 -9.80573e-19
-1.08866 0.425504 -2.33262e-18 -1.08866 0.425504 -2.33262e-18 -0.888977 0.36498 -1.47772e-17
-0.888977 0.36498 -1.47772e-17 -0.713336 0.307251 -8.7677e-18 -0.713336 0.307251 -8.7677e-18
-0.565765 0.254414 -1.49384e-18 -0.565765 0.254414 -1.49384e-18 -0.441787 0.205942 8.31743e-18
-0.441787 0.205942 8.31743e-18 -0.338446 0.163563 3.9232e-18 -0.338446 0.163563 3.9232e-18
-0.246576 0.124592 5.94112e-18 -0.246576 0.124592 5.94112e-18 -0.156339 0.0865481 1.53321e-17
-0.156339 0.0865481 1.53321e-17 -0.0777968 0.0542134 1.70329e-17 -0.0777968 0.0542134 1.70329e-17
-0.00984066 0.0265395 7.29348e-18 -0.00984066 0.0265395 7.29348e-18 0.045429 0.0066278 2.34278e-18
0.045429 0.0066278 2.34278e-18 0.0766973 -0.00184119 1.47219e-18 0.0766973 -0.00184119 1.47219e-18
0.0843285 -0.00355173 -2.89101e-18 0.0843285 -0.00355173 -2.89101e-18 0.083046 -0.010593 -1.32624e-18
0.083046 -0.010593 -1.32624e-18 0.108059 -0.0366897 1.46475e-18 0.108059 -0.0366897 1.46475e-18
0.174891 -0.0726587 4.19297e-19 0.174891 -0.0726587 4.19297e-19 0.260143 -0.100155 1.24758e-19
0.260143 -0.100155 1.24758e-19 0.334078 -0.113359 3.78157e-19 0.334078 -0.113359 3.78157e-19
0.389406 -0.116325 -1.02272e-19 0.389406 -0.116325 -1.02272e-19 0.422606 -0.111175 -1.9685e-18
0.422606 -0.111175 -1.9685e-18 0.420989 -0.0953249 -1.52787e-18 0.420989 -0.0953249 -1.52787e-18
0.384329 -0.070838 4.75125e-18 0.384329 -0.070838 4.75125e-18 0.316936 -0.0434635 6.89788e-18
0.316936 -0.0434635 6.89788e-18 0.231441 -0.0189582 -6.71233e-19 0.231441 -0.0189582 -6.71233e-19
0.140875 0.00197693 1.2129e-18 0.140875 0.00197693 1.2129e-18 0.0485341 0.0191321 6.35912e-18
0.0485341 0.0191321 6.35912e-18 -0.0436448 0.0318901 -1.79494e-18 -0.0436448 0.0318901 -1.79494e-18
-0.13879 0.041642 -7.8199e-18 -0.13879 0.041642 -7.8199e-18 -0.239761 0.0478273 -7.67137e-18
-0.239761 0.0478273 -7.67137e-18 -0.343235 0.0475628 -7.57068e-18 -0.343235 0.0475628 -7.57068e-18
-0.454923 0.0502355 -3.62782e-18 -0.454923 0.0502355 -3.62782e-18 -0.578235 0.0472276 -1.05234e-18
-0.578235 0.0472276 -1.05234e-18 -0.720916 0.0324666 -1.08062e-18 -0.720916 0.0324666 -1.08062e-18
-0.871346 0.0211983 4.1574e-21 -0.871346 0.0211983 4.1574e-21 -1.00149 0.0146856 3.24849e-20
-1.00149 0.0146856 3.24849e-20 -1.11321 0.0110579 2.88967e-21 -1.11321 0.0110579 2.88967e-21
-1.21209 0.00879057 3.76803e-21 -1.21209 0.00879057 3.76803e-21 -1.29888 0.00736027 -1.38167e-25
-1.29888 0.00736027 -1.38167e-25 -1.37536 0.00623081 -2.68385e-22 -1.37536 0.00623081 -2.68385e-22
-1.44318 0.00524681 1.07715e-21 -1.44318 0.00524681 1.07715e-21 -1.50306 0.00438778 -1.73311e-22
-1.50306 0.00438778 -1.73311e-22 -1.5556 0.00364287 -8.18476e-22 -1.5556 0.00364287 -8.18476e-22
-1.60144 0.00301476 1.13786e-22 -1.60144 0.00301476 1.13786e-22 -1.64119 0.00250122 -2.97143e-22
-1.64119 0.00250122 -2.97143e-22 -1.67544 0.00208234 -2.00336e-22 -1.67544 0.00208234 -2.00336e-22
-1.70475 0.00172773 5.40776e-22 -1.70475 0.00172773 5.40776e-22 -1.72965 0.00141224 4.33712e-22
-1.72965 0.00141224 4.33712e-22 -1.75063 0.001125 -5.89852e-22 -1.75063 0.001125 -5.89852e-22
-1.7681 0.000870717 -2.9804e-22 -1.7681 0.000870717 -2.9804e-22 -1.78243 0.000654401 1.02465e-22
-1.78243 0.000654401 1.02465e-22 -1.79399 0.00047529 1.89605e-22 -1.79399 0.00047529 1.89605e-22
-1.80313 0.000323365 1.47224e-22 -1.80313 0.000323365 1.47224e-22 -1.81016 0.000190227 -1.37833e-22
-1.81016 0.000190227 -1.37833e-22 -1.81531 8.92646e-05 1.82221e-23 -1.81531 8.92646e-05 1.82221e-23
-1.81874 9.06811e-06 -8.51753e-23 -1.81874 9.06811e-06 -8.51753e-23 -1.82041 -8.05637e-05 3.57424e-23
-1.82041 -8.05637e-05 3.57424e-23 -1.82039 -0.000177906 1.9764e-22 -1.82039 -0.000177906 1.9764e-22
-1.81898 -0.000253916 -3.21507e-23 -1.81898 -0.000253916 -3.21507e-23 -1.81647 -0.000293584 -5.08309e-23
-1.81647 -0.000293584 -5.08309e-23 -1.81317 -0.000311077 7.43639e-24 -1.81317 -0.000311077 7.43639e-24
-1.80931 -0.000317885 -1.2069e-23 -1.80931 -0.000317885 -1.2069e-23 -1.80507 -0.000318973 -7.8176e-23
-1.80507 -0.000318973 -7.8176e-23 -1.80059 -0.000318624 -2.06293e-23 -1.80059 -0.000318624 -2.06293e-23
-1.79596 -0.000320122 5.85246e-23 -1.79596 -0.000320122 5.85246e-23 -1.79125 -0.000324602 3.61537e-23
-1.79125 -0.000324602 3.61537e-23 -1.78649 -0.000331911 -5.19195e-23 -1.78649 -0.000331911 -5.19195e-23
-1.78169 -0.000340797 -3.46496e-23 -1.78169 -0.000340797 -3.46496e-23 -1.77685 -0.000349433 2.45735e-23
-1.77685 -0.000349433 2.45735e-23 -1.77197 -0.000355946 5.41227e-23 -1.77197 -0.000355946 5.41227e-23
-1.76701 -0.000358853 8.92672e-24 -1.76701 -0.000358853 8.92672e-24 -1.76199 -0.000357162 6.54649e-24
-1.76199 -0.000357162 6.54649e-24 -1.75688 -0.000350709 -3.07835e-23 -1.75688 -0.000350709 -3.07835e-23
-1.7517 -0.000340094 -9.13276e-24 -1.7517 -0.000340094 -9.13276e-24 -1.74647 -0.000326314 3.47768e-23
-1.74647 -0.000326314 3.47768e-23 -1.7412 -0.00031071 -4.25045e-24 -1.7412 -0.00031071 -4.25045e-24
-1.73592 -0.000294845 -2.10989e-23 -1.73592 -0.000294845 -2.10989e-23 -1.73066 -0.000280125 3.31464e-24
-1.73066 -0.000280125 3.31464e-24 -1.72546 -0.000267852 8.73053e-24 -1.72546 -0.000267852 8.73053e-24
-1.72034 -0.000258636 -3.80305e-24 -1.72034 -0.000258636 -3.80305e-24 -1.71534 -0.000252554 -6.81982e-25
-1.71534 -0.000252554 -6.81982e-25 -1.71047 -0.000248642 2.33639e-24 -1.71047 -0.000248642 2.33639e-24
-1.70577 -0.000246321 1.59075e-24 -1.70577 -0.000246321 1.59075e-24 -1.70122 -0.000245285 -6.50579e-25
-1.70122 -0.000245285 -6.50579e-25 -1.69699 -0.000239963 2.88567e-24 -1.69699 -0.000239963 2.88567e-24
-1.69273 -0.000219902 -4.91346e-25 -1.69273 -0.000219902 -4.91346e-25 -1.6905 -0.000205004 -2.82068e-24
-1.6905 -0.000205004 -2.82068e-24
        </DataArray>
      </PointData>
    </Piece>
  </PolyData>
</VTKFile>
