<?xml version='1.0'?>
<!-- patch='topWall' time='80' index='80' -->
<VTKFile type='PolyData' version='0.1' byte_order='LittleEndian' header_type='UInt64'>
  <PolyData>
    <FieldData>
      <DataArray type='Float32' Name='TimeValue' NumberOfTuples='1' format='ascii'>
80
      </DataArray>
    </FieldData>
    <Piece NumberOfPoints='1042' NumberOfPolys='520'>
      <Points>
        <DataArray type='Float32' Name='Points' NumberOfComponents='3' format='ascii'>
-0.9 0.35 -0.01 -0.9 0.35 0.01 -0.898342 0.35 0.01
-0.898342 0.35 -0.01 -0.89668 0.35 0.01 -0.89668 0.35 -0.01
-0.895015 0.35 0.01 -0.895015 0.35 -0.01 -0.893346 0.35 0.01
-0.893346 0.35 -0.01 -0.891674 0.35 0.01 -0.891674 0.35 -0.01
-0.889998 0.35 0.01 -0.889998 0.35 -0.01 -0.888319 0.35 0.01
-0.888319 0.35 -0.01 -0.886636 0.35 0.01 -0.886636 0.35 -0.01
-0.884949 0.35 0.01 -0.884949 0.35 -0.01 -0.883259 0.35 0.01
-0.883259 0.35 -0.01 -0.881566 0.35 0.01 -0.881566 0.35 -0.01
-0.879868 0.35 0.01 -0.879868 0.35 -0.01 -0.878168 0.35 0.01
-0.878168 0.35 -0.01 -0.876463 0.35 0.01 -0.876463 0.35 -0.01
-0.874755 0.35 0.01 -0.874755 0.35 -0.01 -0.873043 0.35 0.01
-0.873043 0.35 -0.01 -0.871328 0.35 0.01 -0.871328 0.35 -0.01
-0.869609 0.35 0.01 -0.869609 0.35 -0.01 -0.867887 0.35 0.01
-0.867887 0.35 -0.01 -0.866161 0.35 0.01 -0.866161 0.35 -0.01
-0.864431 0.35 0.01 -0.864431 0.35 -0.01 -0.862697 0.35 0.01
-0.862697 0.35 -0.01 -0.86096 0.35 0.01 -0.86096 0.35 -0.01
-0.859219 0.35 0.01 -0.859219 0.35 -0.01 -0.857474 0.35 0.01
-0.857474 0.35 -0.01 -0.855726 0.35 0.01 -0.855726 0.35 -0.01
-0.853974 0.35 0.01 -0.853974 0.35 -0.01 -0.852218 0.35 0.01
-0.852218 0.35 -0.01 -0.850459 0.35 0.01 -0.850459 0.35 -0.01
-0.848696 0.35 0.01 -0.848696 0.35 -0.01 -0.846929 0.35 0.01
-0.846929 0.35 -0.01 -0.845158 0.35 0.01 -0.845158 0.35 -0.01
-0.843384 0.35 0.01 -0.843384 0.35 -0.01 -0.841606 0.35 0.01
-0.841606 0.35 -0.01 -0.839824 0.35 0.01 -0.839824 0.35 -0.01
-0.838038 0.35 0.01 -0.838038 0.35 -0.01 -0.836249 0.35 0.01
-0.836249 0.35 -0.01 -0.834456 0.35 0.01 -0.834456 0.35 -0.01
-0.832658 0.35 0.01 -0.832658 0.35 -0.01 -0.830858 0.35 0.01
-0.830858 0.35 -0.01 -0.829053 0.35 0.01 -0.829053 0.35 -0.01
-0.827244 0.35 0.01 -0.827244 0.35 -0.01 -0.825432 0.35 0.01
-0.825432 0.35 -0.01 -0.823616 0.35 0.01 -0.823616 0.35 -0.01
-0.821796 0.35 0.01 -0.821796 0.35 -0.01 -0.819972 0.35 0.01
-0.819972 0.35 -0.01 -0.818144 0.35 0.01 -0.818144 0.35 -0.01
-0.816313 0.35 0.01 -0.816313 0.35 -0.01 -0.814477 0.35 0.01
-0.814477 0.35 -0.01 -0.812638 0.35 0.01 -0.812638 0.35 -0.01
-0.810794 0.35 0.01 -0.810794 0.35 -0.01 -0.808947 0.35 0.01
-0.808947 0.35 -0.01 -0.807096 0.35 0.01 -0.807096 0.35 -0.01
-0.805241 0.35 0.01 -0.805241 0.35 -0.01 -0.803382 0.35 0.01
-0.803382 0.35 -0.01 -0.801519 0.35 0.01 -0.801519 0.35 -0.01
-0.799652 0.35 0.01 -0.799652 0.35 -0.01 -0.797782 0.35 0.01
-0.797782 0.35 -0.01 -0.795907 0.35 0.01 -0.795907 0.35 -0.01
-0.794028 0.35 0.01 -0.794028 0.35 -0.01 -0.792145 0.35 0.01
-0.792145 0.35 -0.01 -0.790259 0.35 0.01 -0.790259 0.35 -0.01
-0.788368 0.35 0.01 -0.788368 0.35 -0.01 -0.786473 0.35 0.01
-0.786473 0.35 -0.01 -0.784574 0.35 0.01 -0.784574 0.35 -0.01
-0.782672 0.35 0.01 -0.782672 0.35 -0.01 -0.780765 0.35 0.01
-0.780765 0.35 -0.01 -0.778854 0.35 0.01 -0.778854 0.35 -0.01
-0.776939 0.35 0.01 -0.776939 0.35 -0.01 -0.77502 0.35 0.01
-0.77502 0.35 -0.01 -0.773097 0.35 0.01 -0.773097 0.35 -0.01
-0.77117 0.35 0.01 -0.77117 0.35 -0.01 -0.769239 0.35 0.01
-0.769239 0.35 -0.01 -0.767304 0.35 0.01 -0.767304 0.35 -0.01
-0.765364 0.35 0.01 -0.765364 0.35 -0.01 -0.763421 0.35 0.01
-0.763421 0.35 -0.01 -0.761473 0.35 0.01 -0.761473 0.35 -0.01
-0.759522 0.35 0.01 -0.759522 0.35 -0.01 -0.757566 0.35 0.01
-0.757566 0.35 -0.01 -0.755606 0.35 0.01 -0.755606 0.35 -0.01
-0.753642 0.35 0.01 -0.753642 0.35 -0.01 -0.751673 0.35 0.01
-0.751673 0.35 -0.01 -0.749701 0.35 0.01 -0.749701 0.35 -0.01
-0.747724 0.35 0.01 -0.747724 0.35 -0.01 -0.745743 0.35 0.01
-0.745743 0.35 -0.01 -0.743758 0.35 0.01 -0.743758 0.35 -0.01
-0.741769 0.35 0.01 -0.741769 0.35 -0.01 -0.739776 0.35 0.01
-0.739776 0.35 -0.01 -0.737778 0.35 0.01 -0.737778 0.35 -0.01
-0.735776 0.35 0.01 -0.735776 0.35 -0.01 -0.73377 0.35 0.01
-0.73377 0.35 -0.01 -0.731759 0.35 0.01 -0.731759 0.35 -0.01
-0.729745 0.35 0.01 -0.729745 0.35 -0.01 -0.727726 0.35 0.01
-0.727726 0.35 -0.01 -0.725703 0.35 0.01 -0.725703 0.35 -0.01
-0.723675 0.35 0.01 -0.723675 0.35 -0.01 -0.721643 0.35 0.01
-0.721643 0.35 -0.01 -0.719607 0.35 0.01 -0.719607 0.35 -0.01
-0.717567 0.35 0.01 -0.717567 0.35 -0.01 -0.715522 0.35 0.01
-0.715522 0.35 -0.01 -0.713473 0.35 0.01 -0.713473 0.35 -0.01
-0.71142 0.35 0.01 -0.71142 0.35 -0.01 -0.709362 0.35 0.01
-0.709362 0.35 -0.01 -0.7073 0.35 0.01 -0.7073 0.35 -0.01
-0.705233 0.35 0.01 -0.705233 0.35 -0.01 -0.703162 0.35 0.01
-0.703162 0.35 -0.01 -0.701087 0.35 0.01 -0.701087 0.35 -0.01
-0.699007 0.35 0.01 -0.699007 0.35 -0.01 -0.696923 0.35 0.01
-0.696923 0.35 -0.01 -0.694835 0.35 0.01 -0.694835 0.35 -0.01
-0.692742 0.35 0.01 -0.692742 0.35 -0.01 -0.690644 0.35 0.01
-0.690644 0.35 -0.01 -0.688543 0.35 0.01 -0.688543 0.35 -0.01
-0.686436 0.35 0.01 -0.686436 0.35 -0.01 -0.684326 0.35 0.01
-0.684326 0.35 -0.01 -0.682211 0.35 0.01 -0.682211 0.35 -0.01
-0.680091 0.35 0.01 -0.680091 0.35 -0.01 -0.677967 0.35 0.01
-0.677967 0.35 -0.01 -0.675838 0.35 0.01 -0.675838 0.35 -0.01
-0.673705 0.35 0.01 -0.673705 0.35 -0.01 -0.671567 0.35 0.01
-0.671567 0.35 -0.01 -0.669425 0.35 0.01 -0.669425 0.35 -0.01
-0.667278 0.35 0.01 -0.667278 0.35 -0.01 -0.665127 0.35 0.01
-0.665127 0.35 -0.01 -0.662971 0.35 0.01 -0.662971 0.35 -0.01
-0.660811 0.35 0.01 -0.660811 0.35 -0.01 -0.658646 0.35 0.01
-0.658646 0.35 -0.01 -0.656476 0.35 0.01 -0.656476 0.35 -0.01
-0.654302 0.35 0.01 -0.654302 0.35 -0.01 -0.652123 0.35 0.01
-0.652123 0.35 -0.01 -0.649939 0.35 0.01 -0.649939 0.35 -0.01
-0.647751 0.35 0.01 -0.647751 0.35 -0.01 -0.645559 0.35 0.01
-0.645559 0.35 -0.01 -0.643361 0.35 0.01 -0.643361 0.35 -0.01
-0.641159 0.35 0.01 -0.641159 0.35 -0.01 -0.638953 0.35 0.01
-0.638953 0.35 -0.01 -0.636741 0.35 0.01 -0.636741 0.35 -0.01
-0.634525 0.35 0.01 -0.634525 0.35 -0.01 -0.632305 0.35 0.01
-0.632305 0.35 -0.01 -0.630079 0.35 0.01 -0.630079 0.35 -0.01
-0.627849 0.35 0.01 -0.627849 0.35 -0.01 -0.625614 0.35 0.01
-0.625614 0.35 -0.01 -0.623375 0.35 0.01 -0.623375 0.35 -0.01
-0.62113 0.35 0.01 -0.62113 0.35 -0.01 -0.618881 0.35 0.01
-0.618881 0.35 -0.01 -0.616627 0.35 0.01 -0.616627 0.35 -0.01
-0.614369 0.35 0.01 -0.614369 0.35 -0.01 -0.612105 0.35 0.01
-0.612105 0.35 -0.01 -0.609837 0.35 0.01 -0.609837 0.35 -0.01
-0.607564 0.35 0.01 -0.607564 0.35 -0.01 -0.605286 0.35 0.01
-0.605286 0.35 -0.01 -0.603004 0.35 0.01 -0.603004 0.35 -0.01
-0.600716 0.35 0.01 -0.600716 0.35 -0.01 -0.598424 0.35 0.01
-0.598424 0.35 -0.01 -0.596126 0.35 0.01 -0.596126 0.35 -0.01
-0.593824 0.35 0.01 -0.593824 0.35 -0.01 -0.591517 0.35 0.01
-0.591517 0.35 -0.01 -0.589206 0.35 0.01 -0.589206 0.35 -0.01
-0.586889 0.35 0.01 -0.586889 0.35 -0.01 -0.584567 0.35 0.01
-0.584567 0.35 -0.01 -0.582241 0.35 0.01 -0.582241 0.35 -0.01
-0.579909 0.35 0.01 -0.579909 0.35 -0.01 -0.577573 0.35 0.01
-0.577573 0.35 -0.01 -0.575231 0.35 0.01 -0.575231 0.35 -0.01
-0.572885 0.35 0.01 -0.572885 0.35 -0.01 -0.570534 0.35 0.01
-0.570534 0.35 -0.01 -0.568177 0.35 0.01 -0.568177 0.35 -0.01
-0.565816 0.35 0.01 -0.565816 0.35 -0.01 -0.56345 0.35 0.01
-0.56345 0.35 -0.01 -0.561078 0.35 0.01 -0.561078 0.35 -0.01
-0.558702 0.35 0.01 -0.558702 0.35 -0.01 -0.55632 0.35 0.01
-0.55632 0.35 -0.01 -0.553934 0.35 0.01 -0.553934 0.35 -0.01
-0.551543 0.35 0.01 -0.551543 0.35 -0.01 -0.549146 0.35 0.01
-0.549146 0.35 -0.01 -0.546744 0.35 0.01 -0.546744 0.35 -0.01
-0.544338 0.35 0.01 -0.544338 0.35 -0.01 -0.541926 0.35 0.01
-0.541926 0.35 -0.01 -0.539509 0.35 0.01 -0.539509 0.35 -0.01
-0.537087 0.35 0.01 -0.537087 0.35 -0.01 -0.53466 0.35 0.01
-0.53466 0.35 -0.01 -0.532227 0.35 0.01 -0.532227 0.35 -0.01
-0.52979 0.35 0.01 -0.52979 0.35 -0.01 -0.527347 0.35 0.01
-0.527347 0.35 -0.01 -0.524899 0.35 0.01 -0.524899 0.35 -0.01
-0.522446 0.35 0.01 -0.522446 0.35 -0.01 -0.519988 0.35 0.01
-0.519988 0.35 -0.01 -0.517525 0.35 0.01 -0.517525 0.35 -0.01
-0.515056 0.35 0.01 -0.515056 0.35 -0.01 -0.512582 0.35 0.01
-0.512582 0.35 -0.01 -0.510103 0.35 0.01 -0.510103 0.35 -0.01
-0.507619 0.35 0.01 -0.507619 0.35 -0.01 -0.505129 0.35 0.01
-0.505129 0.35 -0.01 -0.502634 0.35 0.01 -0.502634 0.35 -0.01
-0.500134 0.35 0.01 -0.500134 0.35 -0.01 -0.497628 0.35 0.01
-0.497628 0.35 -0.01 -0.495118 0.35 0.01 -0.495118 0.35 -0.01
-0.492602 0.35 0.01 -0.492602 0.35 -0.01 -0.49008 0.35 0.01
-0.49008 0.35 -0.01 -0.487553 0.35 0.01 -0.487553 0.35 -0.01
-0.485021 0.35 0.01 -0.485021 0.35 -0.01 -0.482484 0.35 0.01
-0.482484 0.35 -0.01 -0.479941 0.35 0.01 -0.479941 0.35 -0.01
-0.477392 0.35 0.01 -0.477392 0.35 -0.01 -0.474839 0.35 0.01
-0.474839 0.35 -0.01 -0.47228 0.35 0.01 -0.47228 0.35 -0.01
-0.469715 0.35 0.01 -0.469715 0.35 -0.01 -0.467145 0.35 0.01
-0.467145 0.35 -0.01 -0.46457 0.35 0.01 -0.46457 0.35 -0.01
-0.461989 0.35 0.01 -0.461989 0.35 -0.01 -0.459403 0.35 0.01
-0.459403 0.35 -0.01 -0.456811 0.35 0.01 -0.456811 0.35 -0.01
-0.454214 0.35 0.01 -0.454214 0.35 -0.01 -0.451611 0.35 0.01
-0.451611 0.35 -0.01 -0.449002 0.35 0.01 -0.449002 0.35 -0.01
-0.446389 0.35 0.01 -0.446389 0.35 -0.01 -0.443769 0.35 0.01
-0.443769 0.35 -0.01 -0.441144 0.35 0.01 -0.441144 0.35 -0.01
-0.438514 0.35 0.01 -0.438514 0.35 -0.01 -0.435878 0.35 0.01
-0.435878 0.35 -0.01 -0.433236 0.35 0.01 -0.433236 0.35 -0.01
-0.430589 0.35 0.01 -0.430589 0.35 -0.01 -0.427936 0.35 0.01
-0.427936 0.35 -0.01 -0.425277 0.35 0.01 -0.425277 0.35 -0.01
-0.422613 0.35 0.01 -0.422613 0.35 -0.01 -0.419944 0.35 0.01
-0.419944 0.35 -0.01 -0.417268 0.35 0.01 -0.417268 0.35 -0.01
-0.414587 0.35 0.01 -0.414587 0.35 -0.01 -0.4119 0.35 0.01
-0.4119 0.35 -0.01 -0.409208 0.35 0.01 -0.409208 0.35 -0.01
-0.40651 0.35 0.01 -0.40651 0.35 -0.01 -0.403806 0.35 0.01
-0.403806 0.35 -0.01 -0.401096 0.35 0.01 -0.401096 0.35 -0.01
-0.398381 0.35 0.01 -0.398381 0.35 -0.01 -0.39566 0.35 0.01
-0.39566 0.35 -0.01 -0.392933 0.35 0.01 -0.392933 0.35 -0.01
-0.3902 0.35 0.01 -0.3902 0.35 -0.01 -0.387462 0.35 0.01
-0.387462 0.35 -0.01 -0.384717 0.35 0.01 -0.384717 0.35 -0.01
-0.381967 0.35 0.01 -0.381967 0.35 -0.01 -0.379211 0.35 0.01
-0.379211 0.35 -0.01 -0.37645 0.35 0.01 -0.37645 0.35 -0.01
-0.373682 0.35 0.01 -0.373682 0.35 -0.01 -0.370909 0.35 0.01
-0.370909 0.35 -0.01 -0.368129 0.35 0.01 -0.368129 0.35 -0.01
-0.365344 0.35 0.01 -0.365344 0.35 -0.01 -0.362553 0.35 0.01
-0.362553 0.35 -0.01 -0.359756 0.35 0.01 -0.359756 0.35 -0.01
-0.356953 0.35 0.01 -0.356953 0.35 -0.01 -0.354144 0.35 0.01
-0.354144 0.35 -0.01 -0.351329 0.35 0.01 -0.351329 0.35 -0.01
-0.348508 0.35 0.01 -0.348508 0.35 -0.01 -0.345682 0.35 0.01
-0.345682 0.35 -0.01 -0.342849 0.35 0.01 -0.342849 0.35 -0.01
-0.34001 0.35 0.01 -0.34001 0.35 -0.01 -0.337165 0.35 0.01
-0.337165 0.35 -0.01 -0.334314 0.35 0.01 -0.334314 0.35 -0.01
-0.331458 0.35 0.01 -0.331458 0.35 -0.01 -0.328595 0.35 0.01
-0.328595 0.35 -0.01 -0.325726 0.35 0.01 -0.325726 0.35 -0.01
-0.322851 0.35 0.01 -0.322851 0.35 -0.01 -0.319969 0.35 0.01
-0.319969 0.35 -0.01 -0.317082 0.35 0.01 -0.317082 0.35 -0.01
-0.314189 0.35 0.01 -0.314189 0.35 -0.01 -0.311289 0.35 0.01
-0.311289 0.35 -0.01 -0.308384 0.35 0.01 -0.308384 0.35 -0.01
-0.305472 0.35 0.01 -0.305472 0.35 -0.01 -0.302554 0.35 0.01
-0.302554 0.35 -0.01 -0.29963 0.35 0.01 -0.29963 0.35 -0.01
-0.296699 0.35 0.01 -0.296699 0.35 -0.01 -0.293763 0.35 0.01
-0.293763 0.35 -0.01 -0.29082 0.35 0.01 -0.29082 0.35 -0.01
-0.287871 0.35 0.01 -0.287871 0.35 -0.01 -0.284916 0.35 0.01
-0.284916 0.35 -0.01 -0.281954 0.35 0.01 -0.281954 0.35 -0.01
-0.278986 0.35 0.01 -0.278986 0.35 -0.01 -0.276012 0.35 0.01
-0.276012 0.35 -0.01 -0.273032 0.35 0.01 -0.273032 0.35 -0.01
-0.270045 0.35 0.01 -0.270045 0.35 -0.01 -0.267052 0.35 0.01
-0.267052 0.35 -0.01 -0.264052 0.35 0.01 -0.264052 0.35 -0.01
-0.261047 0.35 0.01 -0.261047 0.35 -0.01 -0.258035 0.35 0.01
-0.258035 0.35 -0.01 -0.255016 0.35 0.01 -0.255016 0.35 -0.01
-0.251991 0.35 0.01 -0.251991 0.35 -0.01 -0.24896 0.35 0.01
-0.24896 0.35 -0.01 -0.245922 0.35 0.01 -0.245922 0.35 -0.01
-0.242878 0.35 0.01 -0.242878 0.35 -0.01 -0.239827 0.35 0.01
-0.239827 0.35 -0.01 -0.23677 0.35 0.01 -0.23677 0.35 -0.01
-0.233707 0.35 0.01 -0.233707 0.35 -0.01 -0.230637 0.35 0.01
-0.230637 0.35 -0.01 -0.22756 0.35 0.01 -0.22756 0.35 -0.01
-0.224477 0.35 0.01 -0.224477 0.35 -0.01 -0.221387 0.35 0.01
-0.221387 0.35 -0.01 -0.218291 0.35 0.01 -0.218291 0.35 -0.01
-0.215188 0.35 0.01 -0.215188 0.35 -0.01 -0.212079 0.35 0.01
-0.212079 0.35 -0.01 -0.208963 0.35 0.01 -0.208963 0.35 -0.01
-0.205841 0.35 0.01 -0.205841 0.35 -0.01 -0.202712 0.35 0.01
-0.202712 0.35 -0.01 -0.199576 0.35 0.01 -0.199576 0.35 -0.01
-0.196433 0.35 0.01 -0.196433 0.35 -0.01 -0.193284 0.35 0.01
-0.193284 0.35 -0.01 -0.190129 0.35 0.01 -0.190129 0.35 -0.01
-0.186966 0.35 0.01 -0.186966 0.35 -0.01 -0.183797 0.35 0.01
-0.183797 0.35 -0.01 -0.180621 0.35 0.01 -0.180621 0.35 -0.01
-0.177439 0.35 0.01 -0.177439 0.35 -0.01 -0.17425 0.35 0.01
-0.17425 0.35 -0.01 -0.171053 0.35 0.01 -0.171053 0.35 -0.01
-0.167851 0.35 0.01 -0.167851 0.35 -0.01 -0.164641 0.35 0.01
-0.164641 0.35 -0.01 -0.161425 0.35 0.01 -0.161425 0.35 -0.01
-0.158201 0.35 0.01 -0.158201 0.35 -0.01 -0.154971 0.35 0.01
-0.154971 0.35 -0.01 -0.151734 0.35 0.01 -0.151734 0.35 -0.01
-0.148491 0.35 0.01 -0.148491 0.35 -0.01 -0.14524 0.35 0.01
-0.14524 0.35 -0.01 -0.141982 0.35 0.01 -0.141982 0.35 -0.01
-0.138718 0.35 0.01 -0.138718 0.35 -0.01 -0.135447 0.35 0.01
-0.135447 0.35 -0.01 -0.132168 0.35 0.01 -0.132168 0.35 -0.01
-0.128883 0.35 0.01 -0.128883 0.35 -0.01 -0.125591 0.35 0.01
-0.125591 0.35 -0.01 -0.122292 0.35 0.01 -0.122292 0.35 -0.01
-0.118986 0.35 0.01 -0.118986 0.35 -0.01 -0.115673 0.35 0.01
-0.115673 0.35 -0.01 -0.112352 0.35 0.01 -0.112352 0.35 -0.01
-0.109025 0.35 0.01 -0.109025 0.35 -0.01 -0.105691 0.35 0.01
-0.105691 0.35 -0.01 -0.10235 0.35 0.01 -0.10235 0.35 -0.01
-0.0990012 0.35 0.01 -0.0990012 0.35 -0.01 -0.0956457 0.35 0.01
-0.0956457 0.35 -0.01 -0.092283 0.35 0.01 -0.092283 0.35 -0.01
-0.0889133 0.35 0.01 -0.0889133 0.35 -0.01 -0.0855364 0.35 0.01
-0.0855364 0.35 -0.01 -0.0821524 0.35 0.01 -0.0821524 0.35 -0.01
-0.0787612 0.35 0.01 -0.0787612 0.35 -0.01 -0.0753628 0.35 0.01
-0.0753628 0.35 -0.01 -0.0719572 0.35 0.01 -0.0719572 0.35 -0.01
-0.0685444 0.35 0.01 -0.0685444 0.35 -0.01 -0.0651243 0.35 0.01
-0.0651243 0.35 -0.01 -0.061697 0.35 0.01 -0.061697 0.35 -0.01
-0.0582625 0.35 0.01 -0.0582625 0.35 -0.01 -0.0548206 0.35 0.01
-0.0548206 0.35 -0.01 -0.0513715 0.35 0.01 -0.0513715 0.35 -0.01
-0.0479151 0.35 0.01 -0.0479151 0.35 -0.01 -0.0444513 0.35 0.01
-0.0444513 0.35 -0.01 -0.0409802 0.35 0.01 -0.0409802 0.35 -0.01
-0.0375018 0.35 0.01 -0.0375018 0.35 -0.01 -0.0340159 0.35 0.01
-0.0340159 0.35 -0.01 -0.0305227 0.35 0.01 -0.0305227 0.35 -0.01
-0.0270221 0.35 0.01 -0.0270221 0.35 -0.01 -0.0235141 0.35 0.01
-0.0235141 0.35 -0.01 -0.0199986 0.35 0.01 -0.0199986 0.35 -0.01
-0.0164757 0.35 0.01 -0.0164757 0.35 -0.01 -0.0129453 0.35 0.01
-0.0129453 0.35 -0.01 -0.00940746 0.35 0.01 -0.00940746 0.35 -0.01
-0.0058621 0.35 0.01 -0.0058621 0.35 -0.01 -0.00230923 0.35 0.01
-0.00230923 0.35 -0.01 0.00125117 0.35 0.01 0.00125117 0.35 -0.01
0.00481911 0.35 0.01 0.00481911 0.35 -0.01 0.00839462 0.35 0.01
0.00839462 0.35 -0.01 0.0119777 0.35 0.01 0.0119777 0.35 -0.01
0.0155684 0.35 0.01 0.0155684 0.35 -0.01 0.0191667 0.35 0.01
0.0191667 0.35 -0.01 0.0227726 0.35 0.01 0.0227726 0.35 -0.01
0.0263861 0.35 0.01 0.0263861 0.35 -0.01 0.0300073 0.35 0.01
0.0300073 0.35 -0.01 0.0336362 0.35 0.01 0.0336362 0.35 -0.01
0.0372728 0.35 0.01 0.0372728 0.35 -0.01 0.040917 0.35 0.01
0.040917 0.35 -0.01 0.044569 0.35 0.01 0.044569 0.35 -0.01
0.0482288 0.35 0.01 0.0482288 0.35 -0.01 0.0518963 0.35 0.01
0.0518963 0.35 -0.01 0.0555715 0.35 0.01 0.0555715 0.35 -0.01
0.0592546 0.35 0.01 0.0592546 0.35 -0.01 0.0629454 0.35 0.01
0.0629454 0.35 -0.01 0.0666441 0.35 0.01 0.0666441 0.35 -0.01
0.0703506 0.35 0.01 0.0703506 0.35 -0.01 0.074065 0.35 0.01
0.074065 0.35 -0.01 0.0777872 0.35 0.01 0.0777872 0.35 -0.01
0.0815174 0.35 0.01 0.0815174 0.35 -0.01 0.0852554 0.35 0.01
0.0852554 0.35 -0.01 0.0890013 0.35 0.01 0.0890013 0.35 -0.01
0.0927552 0.35 0.01 0.0927552 0.35 -0.01 0.0965171 0.35 0.01
0.0965171 0.35 -0.01 0.100287 0.35 0.01 0.100287 0.35 -0.01
0.104065 0.35 0.01 0.104065 0.35 -0.01 0.10785 0.35 0.01
0.10785 0.35 -0.01 0.111644 0.35 0.01 0.111644 0.35 -0.01
0.115446 0.35 0.01 0.115446 0.35 -0.01 0.119256 0.35 0.01
0.119256 0.35 -0.01 0.123074 0.35 0.01 0.123074 0.35 -0.01
0.1269 0.35 0.01 0.1269 0.35 -0.01 0.130734 0.35 0.01
0.130734 0.35 -0.01 0.134577 0.35 0.01 0.134577 0.35 -0.01
0.138427 0.35 0.01 0.138427 0.35 -0.01 0.142286 0.35 0.01
0.142286 0.35 -0.01 0.146153 0.35 0.01 0.146153 0.35 -0.01
0.150028 0.35 0.01 0.150028 0.35 -0.01 0.153911 0.35 0.01
0.153911 0.35 -0.01 0.157802 0.35 0.01 0.157802 0.35 -0.01
0.161702 0.35 0.01 0.161702 0.35 -0.01 0.16561 0.35 0.01
0.16561 0.35 -0.01 0.169526 0.35 0.01 0.169526 0.35 -0.01
0.173451 0.35 0.01 0.173451 0.35 -0.01 0.177383 0.35 0.01
0.177383 0.35 -0.01 0.181325 0.35 0.01 0.181325 0.35 -0.01
0.185274 0.35 0.01 0.185274 0.35 -0.01 0.189232 0.35 0.01
0.189232 0.35 -0.01 0.193198 0.35 0.01 0.193198 0.35 -0.01
0.197173 0.35 0.01 0.197173 0.35 -0.01 0.201156 0.35 0.01
0.201156 0.35 -0.01 0.205148 0.35 0.01 0.205148 0.35 -0.01
0.209148 0.35 0.01 0.209148 0.35 -0.01 0.213156 0.35 0.01
0.213156 0.35 -0.01 0.217173 0.35 0.01 0.217173 0.35 -0.01
0.221199 0.35 0.01 0.221199 0.35 -0.01 0.225233 0.35 0.01
0.225233 0.35 -0.01 0.229275 0.35 0.01 0.229275 0.35 -0.01
0.233326 0.35 0.01 0.233326 0.35 -0.01 0.237386 0.35 0.01
0.237386 0.35 -0.01 0.241454 0.35 0.01 0.241454 0.35 -0.01
0.245531 0.35 0.01 0.245531 0.35 -0.01 0.249617 0.35 0.01
0.249617 0.35 -0.01 0.253711 0.35 0.01 0.253711 0.35 -0.01
0.257814 0.35 0.01 0.257814 0.35 -0.01 0.261926 0.35 0.01
0.261926 0.35 -0.01 0.266046 0.35 0.01 0.266046 0.35 -0.01
0.270175 0.35 0.01 0.270175 0.35 -0.01 0.274313 0.35 0.01
0.274313 0.35 -0.01 0.278459 0.35 0.01 0.278459 0.35 -0.01
0.282615 0.35 0.01 0.282615 0.35 -0.01 0.286779 0.35 0.01
0.286779 0.35 -0.01 0.290952 0.35 0.01 0.290952 0.35 -0.01
0.295134 0.35 0.01 0.295134 0.35 -0.01 0.299324 0.35 0.01
0.299324 0.35 -0.01 0.303524 0.35 0.01 0.303524 0.35 -0.01
0.307732 0.35 0.01 0.307732 0.35 -0.01 0.31195 0.35 0.01
0.31195 0.35 -0.01 0.316176 0.35 0.01 0.316176 0.35 -0.01
0.320411 0.35 0.01 0.320411 0.35 -0.01 0.324656 0.35 0.01
0.324656 0.35 -0.01 0.328909 0.35 0.01 0.328909 0.35 -0.01
0.333171 0.35 0.01 0.333171 0.35 -0.01 0.337443 0.35 0.01
0.337443 0.35 -0.01 0.341723 0.35 0.01 0.341723 0.35 -0.01
0.346012 0.35 0.01 0.346012 0.35 -0.01 0.350311 0.35 0.01
0.350311 0.35 -0.01 0.354618 0.35 0.01 0.354618 0.35 -0.01
0.358935 0.35 0.01 0.358935 0.35 -0.01 0.363261 0.35 0.01
0.363261 0.35 -0.01 0.367596 0.35 0.01 0.367596 0.35 -0.01
0.37194 0.35 0.01 0.37194 0.35 -0.01 0.376294 0.35 0.01
0.376294 0.35 -0.01 0.380656 0.35 0.01 0.380656 0.35 -0.01
0.385028 0.35 0.01 0.385028 0.35 -0.01 0.38941 0.35 0.01
0.38941 0.35 -0.01 0.3938 0.35 0.01 0.3938 0.35 -0.01
0.3982 0.35 0.01 0.3982 0.35 -0.01 0.402609 0.35 0.01
0.402609 0.35 -0.01 0.407027 0.35 0.01 0.407027 0.35 -0.01
0.411455 0.35 0.01 0.411455 0.35 -0.01 0.415892 0.35 0.01
0.415892 0.35 -0.01 0.420339 0.35 0.01 0.420339 0.35 -0.01
0.424795 0.35 0.01 0.424795 0.35 -0.01 0.42926 0.35 0.01
0.42926 0.35 -0.01 0.433735 0.35 0.01 0.433735 0.35 -0.01
0.43822 0.35 0.01 0.43822 0.35 -0.01 0.442713 0.35 0.01
0.442713 0.35 -0.01 0.447217 0.35 0.01 0.447217 0.35 -0.01
0.45173 0.35 0.01 0.45173 0.35 -0.01 0.456252 0.35 0.01
0.456252 0.35 -0.01 0.460784 0.35 0.01 0.460784 0.35 -0.01
0.465326 0.35 0.01 0.465326 0.35 -0.01 0.469878 0.35 0.01
0.469878 0.35 -0.01 0.474438 0.35 0.01 0.474438 0.35 -0.01
0.479009 0.35 0.01 0.479009 0.35 -0.01 0.483589 0.35 0.01
0.483589 0.35 -0.01 0.488179 0.35 0.01 0.488179 0.35 -0.01
0.492779 0.35 0.01 0.492779 0.35 -0.01 0.497389 0.35 0.01
0.497389 0.35 -0.01 0.502008 0.35 0.01 0.502008 0.35 -0.01
0.506637 0.35 0.01 0.506637 0.35 -0.01 0.511276 0.35 0.01
0.511276 0.35 -0.01 0.515925 0.35 0.01 0.515925 0.35 -0.01
0.520583 0.35 0.01 0.520583 0.35 -0.01 0.525252 0.35 0.01
0.525252 0.35 -0.01 0.52993 0.35 0.01 0.52993 0.35 -0.01
0.534618 0.35 0.01 0.534618 0.35 -0.01 0.539316 0.35 0.01
0.539316 0.35 -0.01 0.544024 0.35 0.01 0.544024 0.35 -0.01
0.548743 0.35 0.01 0.548743 0.35 -0.01 0.553471 0.35 0.01
0.553471 0.35 -0.01 0.558209 0.35 0.01 0.558209 0.35 -0.01
0.562957 0.35 0.01 0.562957 0.35 -0.01 0.567715 0.35 0.01
0.567715 0.35 -0.01 0.572483 0.35 0.01 0.572483 0.35 -0.01
0.577262 0.35 0.01 0.577262 0.35 -0.01 0.58205 0.35 0.01
0.58205 0.35 -0.01 0.586849 0.35 0.01 0.586849 0.35 -0.01
0.591658 0.35 0.01 0.591658 0.35 -0.01 0.596477 0.35 0.01
0.596477 0.35 -0.01 0.601306 0.35 0.01 0.601306 0.35 -0.01
0.606146 0.35 0.01 0.606146 0.35 -0.01 0.610995 0.35 0.01
0.610995 0.35 -0.01 0.615855 0.35 0.01 0.615855 0.35 -0.01
0.620726 0.35 0.01 0.620726 0.35 -0.01 0.625606 0.35 0.01
0.625606 0.35 -0.01 0.630497 0.35 0.01 0.630497 0.35 -0.01
0.635399 0.35 0.01 0.635399 0.35 -0.01 0.64031 0.35 0.01
0.64031 0.35 -0.01 0.645232 0.35 0.01 0.645232 0.35 -0.01
0.650165 0.35 0.01 0.650165 0.35 -0.01 0.655108 0.35 0.01
0.655108 0.35 -0.01 0.660062 0.35 0.01 0.660062 0.35 -0.01
0.665025 0.35 0.01 0.665025 0.35 -0.01 0.67 0.35 0.01
0.67 0.35 -0.01
        </DataArray>
      </Points>
      <Polys>
        <DataArray type='Int32' Name='connectivity' format='ascii'>
0 1 2 3 3 2 4 5 5
4 6 7 7 6 8 9 9 8
10 11 11 10 12 13 13 12 14
15 15 14 16 17 17 16 18 19
19 18 20 21 21 20 22 23 23
22 24 25 25 24 26 27 27 26
28 29 29 28 30 31 31 30 32
33 33 32 34 35 35 34 36 37
37 36 38 39 39 38 40 41 41
40 42 43 43 42 44 45 45 44
46 47 47 46 48 49 49 48 50
51 51 50 52 53 53 52 54 55
55 54 56 57 57 56 58 59 59
58 60 61 61 60 62 63 63 62
64 65 65 64 66 67 67 66 68
69 69 68 70 71 71 70 72 73
73 72 74 75 75 74 76 77 77
76 78 79 79 78 80 81 81 80
82 83 83 82 84 85 85 84 86
87 87 86 88 89 89 88 90 91
91 90 92 93 93 92 94 95 95
94 96 97 97 96 98 99 99 98
100 101 101 100 102 103 103 102 104
105 105 104 106 107 107 106 108 109
109 108 110 111 111 110 112 113 113
112 114 115 115 114 116 117 117 116
118 119 119 118 120 121 121 120 122
123 123 122 124 125 125 124 126 127
127 126 128 129 129 128 130 131 131
130 132 133 133 132 134 135 135 134
136 137 137 136 138 139 139 138 140
141 141 140 142 143 143 142 144 145
145 144 146 147 147 146 148 149 149
148 150 151 151 150 152 153 153 152
154 155 155 154 156 157 157 156 158
159 159 158 160 161 161 160 162 163
163 162 164 165 165 164 166 167 167
166 168 169 169 168 170 171 171 170
172 173 173 172 174 175 175 174 176
177 177 176 178 179 179 178 180 181
181 180 182 183 183 182 184 185 185
184 186 187 187 186 188 189 189 188
190 191 191 190 192 193 193 192 194
195 195 194 196 197 197 196 198 199
199 198 200 201 201 200 202 203 203
202 204 205 205 204 206 207 207 206
208 209 209 208 210 211 211 210 212
213 213 212 214 215 215 214 216 217
217 216 218 219 219 218 220 221 221
220 222 223 223 222 224 225 225 224
226 227 227 226 228 229 229 228 230
231 231 230 232 233 233 232 234 235
235 234 236 237 237 236 238 239 239
238 240 241 241 240 242 243 243 242
244 245 245 244 246 247 247 246 248
249 249 248 250 251 251 250 252 253
253 252 254 255 255 254 256 257 257
256 258 259 259 258 260 261 261 260
262 263 263 262 264 265 265 264 266
267 267 266 268 269 269 268 270 271
271 270 272 273 273 272 274 275 275
274 276 277 277 276 278 279 279 278
280 281 281 280 282 283 283 282 284
285 285 284 286 287 287 286 288 289
289 288 290 291 291 290 292 293 293
292 294 295 295 294 296 297 297 296
298 299 299 298 300 301 301 300 302
303 303 302 304 305 305 304 306 307
307 306 308 309 309 308 310 311 311
310 312 313 313 312 314 315 315 314
316 317 317 316 318 319 319 318 320
321 321 320 322 323 323 322 324 325
325 324 326 327 327 326 328 329 329
328 330 331 331 330 332 333 333 332
334 335 335 334 336 337 337 336 338
339 339 338 340 341 341 340 342 343
343 342 344 345 345 344 346 347 347
346 348 349 349 348 350 351 351 350
352 353 353 352 354 355 355 354 356
357 357 356 358 359 359 358 360 361
361 360 362 363 363 362 364 365 365
364 366 367 367 366 368 369 369 368
370 371 371 370 372 373 373 372 374
375 375 374 376 377 377 376 378 379
379 378 380 381 381 380 382 383 383
382 384 385 385 384 386 387 387 386
388 389 389 388 390 391 391 390 392
393 393 392 394 395 395 394 396 397
397 396 398 399 399 398 400 401 401
400 402 403 403 402 404 405 405 404
406 407 407 406 408 409 409 408 410
411 411 410 412 413 413 412 414 415
415 414 416 417 417 416 418 419 419
418 420 421 421 420 422 423 423 422
424 425 425 424 426 427 427 426 428
429 429 428 430 431 431 430 432 433
433 432 434 435 435 434 436 437 437
436 438 439 439 438 440 441 441 440
442 443 443 442 444 445 445 444 446
447 447 446 448 449 449 448 450 451
451 450 452 453 453 452 454 455 455
454 456 457 457 456 458 459 459 458
460 461 461 460 462 463 463 462 464
465 465 464 466 467 467 466 468 469
469 468 470 471 471 470 472 473 473
472 474 475 475 474 476 477 477 476
478 479 479 478 480 481 481 480 482
483 483 482 484 485 485 484 486 487
487 486 488 489 489 488 490 491 491
490 492 493 493 492 494 495 495 494
496 497 497 496 498 499 499 498 500
501 501 500 502 503 503 502 504 505
505 504 506 507 507 506 508 509 509
508 510 511 511 510 512 513 513 512
514 515 515 514 516 517 517 516 518
519 519 518 520 521 521 520 522 523
523 522 524 525 525 524 526 527 527
526 528 529 529 528 530 531 531 530
532 533 533 532 534 535 535 534 536
537 537 536 538 539 539 538 540 541
541 540 542 543 543 542 544 545 545
544 546 547 547 546 548 549 549 548
550 551 551 550 552 553 553 552 554
555 555 554 556 557 557 556 558 559
559 558 560 561 561 560 562 563 563
562 564 565 565 564 566 567 567 566
568 569 569 568 570 571 571 570 572
573 573 572 574 575 575 574 576 577
577 576 578 579 579 578 580 581 581
580 582 583 583 582 584 585 585 584
586 587 587 586 588 589 589 588 590
591 591 590 592 593 593 592 594 595
595 594 596 597 597 596 598 599 599
598 600 601 601 600 602 603 603 602
604 605 605 604 606 607 607 606 608
609 609 608 610 611 611 610 612 613
613 612 614 615 615 614 616 617 617
616 618 619 619 618 620 621 621 620
622 623 623 622 624 625 625 624 626
627 627 626 628 629 629 628 630 631
631 630 632 633 633 632 634 635 635
634 636 637 637 636 638 639 639 638
640 641 641 640 642 643 643 642 644
645 645 644 646 647 647 646 648 649
649 648 650 651 651 650 652 653 653
652 654 655 655 654 656 657 657 656
658 659 659 658 660 661 661 660 662
663 663 662 664 665 665 664 666 667
667 666 668 669 669 668 670 671 671
670 672 673 673 672 674 675 675 674
676 677 677 676 678 679 679 678 680
681 681 680 682 683 683 682 684 685
685 684 686 687 687 686 688 689 689
688 690 691 691 690 692 693 693 692
694 695 695 694 696 697 697 696 698
699 699 698 700 701 701 700 702 703
703 702 704 705 705 704 706 707 707
706 708 709 709 708 710 711 711 710
712 713 713 712 714 715 715 714 716
717 717 716 718 719 719 718 720 721
721 720 722 723 723 722 724 725 725
724 726 727 727 726 728 729 729 728
730 731 731 730 732 733 733 732 734
735 735 734 736 737 737 736 738 739
739 738 740 741 741 740 742 743 743
742 744 745 745 744 746 747 747 746
748 749 749 748 750 751 751 750 752
753 753 752 754 755 755 754 756 757
757 756 758 759 759 758 760 761 761
760 762 763 763 762 764 765 765 764
766 767 767 766 768 769 769 768 770
771 771 770 772 773 773 772 774 775
775 774 776 777 777 776 778 779 779
778 780 781 781 780 782 783 783 782
784 785 785 784 786 787 787 786 788
789 789 788 790 791 791 790 792 793
793 792 794 795 795 794 796 797 797
796 798 799 799 798 800 801 801 800
802 803 803 802 804 805 805 804 806
807 807 806 808 809 809 808 810 811
811 810 812 813 813 812 814 815 815
814 816 817 817 816 818 819 819 818
820 821 821 820 822 823 823 822 824
825 825 824 826 827 827 826 828 829
829 828 830 831 831 830 832 833 833
832 834 835 835 834 836 837 837 836
838 839 839 838 840 841 841 840 842
843 843 842 844 845 845 844 846 847
847 846 848 849 849 848 850 851 851
850 852 853 853 852 854 855 855 854
856 857 857 856 858 859 859 858 860
861 861 860 862 863 863 862 864 865
865 864 866 867 867 866 868 869 869
868 870 871 871 870 872 873 873 872
874 875 875 874 876 877 877 876 878
879 879 878 880 881 881 880 882 883
883 882 884 885 885 884 886 887 887
886 888 889 889 888 890 891 891 890
892 893 893 892 894 895 895 894 896
897 897 896 898 899 899 898 900 901
901 900 902 903 903 902 904 905 905
904 906 907 907 906 908 909 909 908
910 911 911 910 912 913 913 912 914
915 915 914 916 917 917 916 918 919
919 918 920 921 921 920 922 923 923
922 924 925 925 924 926 927 927 926
928 929 929 928 930 931 931 930 932
933 933 932 934 935 935 934 936 937
937 936 938 939 939 938 940 941 941
940 942 943 943 942 944 945 945 944
946 947 947 946 948 949 949 948 950
951 951 950 952 953 953 952 954 955
955 954 956 957 957 956 958 959 959
958 960 961 961 960 962 963 963 962
964 965 965 964 966 967 967 966 968
969 969 968 970 971 971 970 972 973
973 972 974 975 975 974 976 977 977
976 978 979 979 978 980 981 981 980
982 983 983 982 984 985 985 984 986
987 987 986 988 989 989 988 990 991
991 990 992 993 993 992 994 995 995
994 996 997 997 996 998 999 999 998
1000 1001 1001 1000 1002 1003 1003 1002 1004
1005 1005 1004 1006 1007 1007 1006 1008 1009
1009 1008 1010 1011 1011 1010 1012 1013 1013
1012 1014 1015 1015 1014 1016 1017 1017 1016
1018 1019 1019 1018 1020 1021 1021 1020 1022
1023 1023 1022 1024 1025 1025 1024 1026 1027
1027 1026 1028 1029 1029 1028 1030 1031 1031
1030 1032 1033 1033 1032 1034 1035 1035 1034
1036 1037 1037 1036 1038 1039 1039 1038 1040
1041
        </DataArray>
        <DataArray type='Int32' Name='offsets' format='ascii'>
4 8 12 16 20 24 28 32 36
40 44 48 52 56 60 64 68 72
76 80 84 88 92 96 100 104 108
112 116 120 124 128 132 136 140 144
148 152 156 160 164 168 172 176 180
184 188 192 196 200 204 208 212 216
220 224 228 232 236 240 244 248 252
256 260 264 268 272 276 280 284 288
292 296 300 304 308 312 316 320 324
328 332 336 340 344 348 352 356 360
364 368 372 376 380 384 388 392 396
400 404 408 412 416 420 424 428 432
436 440 444 448 452 456 460 464 468
472 476 480 484 488 492 496 500 504
508 512 516 520 524 528 532 536 540
544 548 552 556 560 564 568 572 576
580 584 588 592 596 600 604 608 612
616 620 624 628 632 636 640 644 648
652 656 660 664 668 672 676 680 684
688 692 696 700 704 708 712 716 720
724 728 732 736 740 744 748 752 756
760 764 768 772 776 780 784 788 792
796 800 804 808 812 816 820 824 828
832 836 840 844 848 852 856 860 864
868 872 876 880 884 888 892 896 900
904 908 912 916 920 924 928 932 936
940 944 948 952 956 960 964 968 972
976 980 984 988 992 996 1000 1004 1008
1012 1016 1020 1024 1028 1032 1036 1040 1044
1048 1052 1056 1060 1064 1068 1072 1076 1080
1084 1088 1092 1096 1100 1104 1108 1112 1116
1120 1124 1128 1132 1136 1140 1144 1148 1152
1156 1160 1164 1168 1172 1176 1180 1184 1188
1192 1196 1200 1204 1208 1212 1216 1220 1224
1228 1232 1236 1240 1244 1248 1252 1256 1260
1264 1268 1272 1276 1280 1284 1288 1292 1296
1300 1304 1308 1312 1316 1320 1324 1328 1332
1336 1340 1344 1348 1352 1356 1360 1364 1368
1372 1376 1380 1384 1388 1392 1396 1400 1404
1408 1412 1416 1420 1424 1428 1432 1436 1440
1444 1448 1452 1456 1460 1464 1468 1472 1476
1480 1484 1488 1492 1496 1500 1504 1508 1512
1516 1520 1524 1528 1532 1536 1540 1544 1548
1552 1556 1560 1564 1568 1572 1576 1580 1584
1588 1592 1596 1600 1604 1608 1612 1616 1620
1624 1628 1632 1636 1640 1644 1648 1652 1656
1660 1664 1668 1672 1676 1680 1684 1688 1692
1696 1700 1704 1708 1712 1716 1720 1724 1728
1732 1736 1740 1744 1748 1752 1756 1760 1764
1768 1772 1776 1780 1784 1788 1792 1796 1800
1804 1808 1812 1816 1820 1824 1828 1832 1836
1840 1844 1848 1852 1856 1860 1864 1868 1872
1876 1880 1884 1888 1892 1896 1900 1904 1908
1912 1916 1920 1924 1928 1932 1936 1940 1944
1948 1952 1956 1960 1964 1968 1972 1976 1980
1984 1988 1992 1996 2000 2004 2008 2012 2016
2020 2024 2028 2032 2036 2040 2044 2048 2052
2056 2060 2064 2068 2072 2076 2080
        </DataArray>
      </Polys>
      <CellData>
        <DataArray type='Float32' Name='k' format='ascii'>
0.179333 0.179089 0.178845 0.1786 0.178356 0.178113 0.177869 0.177625 0.177382
0.177139 0.176896 0.176652 0.176409 0.176167 0.175924 0.175681 0.175438 0.175196
0.174954 0.174711 0.174469 0.174227 0.173985 0.173743 0.173501 0.17326 0.173018
0.172777 0.172535 0.172294 0.172053 0.171812 0.171571 0.17133 0.17109 0.170849
0.170609 0.170368 0.170128 0.169888 0.169648 0.169408 0.169168 0.168929 0.168689
0.16845 0.16821 0.167971 0.167732 0.167493 0.167254 0.167016 0.166777 0.166539
0.1663 0.166062 0.165824 0.165586 0.165348 0.165111 0.164873 0.164635 0.164398
0.164161 0.163924 0.163687 0.16345 0.163213 0.162977 0.16274 0.162504 0.162268
0.162032 0.161796 0.16156 0.161325 0.161089 0.160854 0.160619 0.160384 0.160149
0.159914 0.159679 0.159445 0.15921 0.158976 0.158742 0.158508 0.158274 0.15804
0.157807 0.157573 0.15734 0.157107 0.156874 0.156641 0.156408 0.156176 0.155943
0.155711 0.155479 0.155247 0.155015 0.154784 0.154552 0.154321 0.15409 0.153858
0.153628 0.153397 0.153166 0.152936 0.152706 0.152476 0.152246 0.152016 0.151787
0.151557 0.151328 0.151099 0.150871 0.150642 0.150414 0.150186 0.149959 0.149731
0.149504 0.149278 0.149051 0.148825 0.148599 0.148374 0.148149 0.147925 0.147701
0.147478 0.147255 0.147033 0.146811 0.146591 0.146371 0.146151 0.145933 0.145715
0.145498 0.145283 0.145068 0.144854 0.144642 0.144431 0.144221 0.144012 0.143805
0.1436 0.143395 0.143193 0.142992 0.142793 0.142595 0.1424 0.142206 0.142015
0.141825 0.141637 0.141452 0.141269 0.141088 0.140909 0.140733 0.140559 0.140387
0.140218 0.140051 0.139886 0.139725 0.139565 0.139408 0.139254 0.139102 0.138953
0.138806 0.138661 0.138519 0.13838 0.138243 0.138108 0.137976 0.137846 0.137718
0.137592 0.137469 0.137348 0.137229 0.137112 0.136997 0.136884 0.136773 0.136664
0.136557 0.136451 0.136347 0.136245 0.136144 0.136045 0.135947 0.135851 0.135756
0.135662 0.135569 0.135477 0.135387 0.135298 0.135209 0.135122 0.135035 0.134949
0.134864 0.13478 0.134697 0.134614 0.134532 0.13445 0.134369 0.134288 0.134208
0.134128 0.134049 0.13397 0.133891 0.133813 0.133735 0.133657 0.13358 0.133502
0.133425 0.133348 0.133271 0.133195 0.133118 0.133042 0.132966 0.132889 0.132813
0.132737 0.132661 0.132585 0.132509 0.132434 0.132358 0.132282 0.132206 0.13213
0.132054 0.131979 0.131903 0.131827 0.131751 0.131675 0.131599 0.131523 0.131448
0.131372 0.131296 0.13122 0.131144 0.131068 0.130992 0.130915 0.130839 0.130763
0.130687 0.130611 0.130535 0.130458 0.130382 0.130306 0.13023 0.130153 0.130077
0.130001 0.129924 0.129848 0.129772 0.129695 0.129619 0.129543 0.129466 0.12939
0.129314 0.129237 0.129161 0.129085 0.129009 0.128932 0.128856 0.12878 0.128704
0.128628 0.128552 0.128476 0.1284 0.128324 0.128249 0.128173 0.128098 0.128022
0.127947 0.127872 0.127796 0.127721 0.127647 0.127572 0.127497 0.127423 0.127349
0.127274 0.1272 0.127127 0.127053 0.12698 0.126907 0.126834 0.126761 0.126689
0.126616 0.126545 0.126473 0.126402 0.126331 0.12626 0.126189 0.126119 0.12605
0.12598 0.125911 0.125843 0.125774 0.125706 0.125639 0.125572 0.125505 0.125439
0.125374 0.125308 0.125244 0.125179 0.125116 0.125052 0.124989 0.124927 0.124865
0.124804 0.124743 0.124683 0.124623 0.124564 0.124505 0.124447 0.12439 0.124332
0.124276 0.124219 0.124163 0.124108 0.124053 0.123999 0.123944 0.123891 0.123837
0.123784 0.123732 0.123679 0.123627 0.123575 0.123524 0.123472 0.123421 0.12337
0.123318 0.123267 0.123216 0.123164 0.123113 0.123061 0.123009 0.122957 0.122904
0.122851 0.122798 0.122744 0.12269 0.122635 0.12258 0.122524 0.122467 0.12241
0.122352 0.122293 0.122234 0.122174 0.122113 0.122052 0.121989 0.121926 0.121863
0.121798 0.121733 0.121668 0.121602 0.121535 0.121467 0.121399 0.121331 0.121262
0.121193 0.121123 0.121054 0.120984 0.120914 0.120844 0.120775 0.120705 0.120635
0.120566 0.120497 0.120428 0.12036 0.120292 0.120224 0.120157 0.120091 0.120025
0.11996 0.119895 0.119831 0.119768 0.119705 0.119643 0.119582 0.119521 0.119461
0.119401 0.119342 0.119283 0.119225 0.119167 0.119109 0.119051 0.118994 0.118936
0.118879 0.118821 0.118763 0.118705 0.118647 0.118589 0.11853 0.11847 0.11841
0.118349 0.118288 0.118226 0.118163 0.118099 0.118035 0.11797 0.117904 0.117837
0.117769 0.1177 0.11763 0.117559 0.117487 0.117415 0.117341 0.117266 0.11719
0.117114 0.117036 0.116957 0.116877 0.116797 0.116715 0.116632 0.116549 0.116464
0.116379 0.116293 0.116206 0.116118 0.116029 0.11594 0.11585 0.115759 0.115667
0.115575 0.115482 0.115389 0.115294 0.1152 0.115105 0.115009 0.114912 0.114816
0.114718 0.114621 0.114522 0.114424 0.114325 0.114225 0.114125 0.114025 0.113924
0.113823 0.113722 0.11362 0.113518 0.113416 0.113313 0.11321
        </DataArray>
        <DataArray type='Float32' Name='nut' format='ascii'>
0.000568147 0.000568018 0.000567889 0.00056776 0.000567631 0.000567501 0.000567372 0.000567243 0.000567113
0.000566983 0.000566854 0.000566724 0.000566594 0.000566464 0.000566334 0.000566204 0.000566073 0.000565943
0.000565812 0.000565682 0.000565551 0.00056542 0.000565289 0.000565158 0.000565027 0.000564896 0.000564765
0.000564634 0.000564502 0.000564371 0.000564239 0.000564107 0.000563975 0.000563844 0.000563712 0.000563579
0.000563447 0.000563315 0.000563183 0.00056305 0.000562918 0.000562785 0.000562652 0.000562519 0.000562386
0.000562253 0.00056212 0.000561987 0.000561854 0.00056172 0.000561587 0.000561453 0.00056132 0.000561186
0.000561052 0.000560918 0.000560784 0.00056065 0.000560516 0.000560382 0.000560247 0.000560113 0.000559978
0.000559843 0.000559709 0.000559574 0.000559439 0.000559304 0.000559169 0.000559034 0.000558898 0.000558763
0.000558628 0.000558492 0.000558357 0.000558221 0.000558085 0.000557949 0.000557813 0.000557677 0.000557541
0.000557405 0.000557268 0.000557132 0.000556996 0.000556859 0.000556722 0.000556585 0.000556449 0.000556312
0.000556175 0.000556038 0.0005559 0.000555763 0.000555626 0.000555488 0.000555351 0.000555213 0.000555076
0.000554938 0.0005548 0.000554662 0.000554524 0.000554386 0.000554248 0.00055411 0.000553971 0.000553833
0.000553695 0.000553556 0.000553417 0.000553279 0.00055314 0.000553001 0.000552863 0.000552724 0.000552585
0.000552446 0.000552307 0.000552168 0.000552029 0.00055189 0.000551751 0.000551613 0.000551474 0.000551335
0.000551196 0.000551058 0.00055092 0.000550781 0.000550643 0.000550505 0.000550368 0.00055023 0.000550093
0.000549957 0.00054982 0.000549685 0.000549549 0.000549414 0.00054928 0.000549146 0.000549013 0.00054888
0.000548748 0.000548618 0.000548487 0.000548358 0.00054823 0.000548103 0.000547976 0.000547851 0.000547727
0.000547605 0.000547483 0.000547363 0.000547244 0.000547127 0.000547011 0.000546897 0.000546784 0.000546673
0.000546563 0.000546455 0.000546349 0.000546244 0.000546142 0.000546041 0.000545941 0.000545844 0.000545748
0.000545654 0.000545562 0.000545472 0.000545383 0.000545297 0.000545212 0.000545128 0.000545047 0.000544967
0.000544889 0.000544812 0.000544737 0.000544664 0.000544592 0.000544522 0.000544453 0.000544385 0.000544319
0.000544254 0.00054419 0.000544127 0.000544066 0.000544006 0.000543946 0.000543888 0.000543831 0.000543774
0.000543718 0.000543664 0.000543609 0.000543556 0.000543503 0.000543451 0.000543399 0.000543348 0.000543297
0.000543247 0.000543197 0.000543147 0.000543098 0.000543049 0.000543 0.000542952 0.000542904 0.000542856
0.000542808 0.00054276 0.000542712 0.000542664 0.000542617 0.000542569 0.000542522 0.000542474 0.000542427
0.000542379 0.000542332 0.000542284 0.000542237 0.000542189 0.000542142 0.000542094 0.000542046 0.000541998
0.000541951 0.000541903 0.000541855 0.000541807 0.000541758 0.00054171 0.000541662 0.000541614 0.000541565
0.000541517 0.000541468 0.000541419 0.000541371 0.000541322 0.000541273 0.000541224 0.000541175 0.000541126
0.000541077 0.000541028 0.000540978 0.000540929 0.00054088 0.00054083 0.000540781 0.000540731 0.000540681
0.000540632 0.000540582 0.000540532 0.000540482 0.000540433 0.000540383 0.000540333 0.000540283 0.000540233
0.000540183 0.000540133 0.000540083 0.000540033 0.000539983 0.000539933 0.000539883 0.000539833 0.000539782
0.000539732 0.000539682 0.000539632 0.000539582 0.000539532 0.000539482 0.000539432 0.000539382 0.000539332
0.000539282 0.000539232 0.000539183 0.000539133 0.000539083 0.000539034 0.000538984 0.000538935 0.000538885
0.000538836 0.000538787 0.000538738 0.000538689 0.00053864 0.000538592 0.000538543 0.000538495 0.000538446
0.000538399 0.000538351 0.000538303 0.000538256 0.000538208 0.000538161 0.000538115 0.000538068 0.000538022
0.000537976 0.000537931 0.000537885 0.00053784 0.000537796 0.000537752 0.000537708 0.000537664 0.000537621
0.000537579 0.000537537 0.000537495 0.000537454 0.000537413 0.000537373 0.000537333 0.000537294 0.000537255
0.000537218 0.00053718 0.000537144 0.000537108 0.000537072 0.000537038 0.000537004 0.000536971 0.000536938
0.000536906 0.000536875 0.000536845 0.000536816 0.000536787 0.00053676 0.000536733 0.000536707 0.000536682
0.000536657 0.000536634 0.000536611 0.00053659 0.000536569 0.000536549 0.000536529 0.000536511 0.000536493
0.000536476 0.00053646 0.000536445 0.00053643 0.000536415 0.000536402 0.000536389 0.000536377 0.000536365
0.000536353 0.000536342 0.000536332 0.000536321 0.000536311 0.000536301 0.000536292 0.000536282 0.000536272
0.000536262 0.000536252 0.000536242 0.000536231 0.000536219 0.000536208 0.000536195 0.000536182 0.000536168
0.000536153 0.000536137 0.00053612 0.000536103 0.000536083 0.000536063 0.000536041 0.000536018 0.000535994
0.000535968 0.000535941 0.000535912 0.000535882 0.00053585 0.000535817 0.000535782 0.000535746 0.000535708
0.000535669 0.000535629 0.000535587 0.000535544 0.0005355 0.000535455 0.000535409 0.000535362 0.000535314
0.000535266 0.000535217 0.000535167 0.000535118 0.000535069 0.000535019 0.00053497 0.000534922 0.000534873
0.000534825 0.000534778 0.000534732 0.000534686 0.000534642 0.000534599 0.000534557 0.000534517 0.000534478
0.00053444 0.000534404 0.00053437 0.000534337 0.000534306 0.000534277 0.000534249 0.000534223 0.000534198
0.000534175 0.000534153 0.000534133 0.000534113 0.000534095 0.000534078 0.000534062 0.000534046 0.000534031
0.000534017 0.000534003 0.000533989 0.000533975 0.000533961 0.000533946 0.000533932 0.000533916 0.0005339
0.000533883 0.000533866 0.000533847 0.000533827 0.000533806 0.000533783 0.000533759 0.000533735 0.000533708
0.000533681 0.000533652 0.000533621 0.000533589 0.000533555 0.00053352 0.000533483 0.000533445 0.000533405
0.000533363 0.00053332 0.000533274 0.000533228 0.000533179 0.000533129 0.000533077 0.000533024 0.000532969
0.000532913 0.000532855 0.000532796 0.000532735 0.000532673 0.000532609 0.000532544 0.000532478 0.00053241
0.000532341 0.000532271 0.0005322 0.000532128 0.000532054 0.00053198 0.000531904 0.000531828 0.00053175
0.000531672 0.000531592 0.000531512 0.00053143 0.000531348 0.000531265 0.000531181 0.000531096 0.00053101
0.000530924 0.000530837 0.000530749 0.00053066 0.00053057 0.00053048 0.000530388
        </DataArray>
        <DataArray type='Float32' Name='omega' format='ascii'>
315.645 315.287 314.929 314.57 314.212 313.854 313.496 313.138 312.781
312.423 312.066 311.708 311.351 310.993 310.636 310.279 309.922 309.565
309.208 308.851 308.494 308.137 307.78 307.424 307.067 306.711 306.354
305.998 305.642 305.285 304.929 304.573 304.217 303.861 303.505 303.15
302.794 302.439 302.083 301.728 301.372 301.017 300.662 300.307 299.952
299.597 299.243 298.888 298.533 298.179 297.824 297.47 297.116 296.762
296.408 296.054 295.7 295.347 294.993 294.639 294.286 293.933 293.58
293.227 292.874 292.521 292.168 291.815 291.463 291.11 290.758 290.406
290.054 289.702 289.35 288.998 288.646 288.295 287.943 287.592 287.241
286.89 286.539 286.188 285.837 285.487 285.136 284.786 284.436 284.086
283.736 283.386 283.036 282.687 282.337 281.988 281.639 281.29 280.941
280.592 280.243 279.895 279.546 279.198 278.85 278.502 278.154 277.807
277.459 277.112 276.765 276.418 276.071 275.724 275.377 275.031 274.685
274.339 273.993 273.648 273.302 272.957 272.612 272.268 271.924 271.58
271.236 270.893 270.55 270.207 269.865 269.524 269.183 268.842 268.502
268.163 267.824 267.486 267.149 266.813 266.477 266.143 265.809 265.477
265.146 264.816 264.487 264.16 263.835 263.511 263.188 262.868 262.549
262.232 261.917 261.605 261.295 260.987 260.681 260.378 260.078 259.78
259.485 259.193 258.904 258.618 258.336 258.056 257.78 257.507 257.238
256.972 256.709 256.45 256.195 255.944 255.696 255.451 255.211 254.974
254.741 254.512 254.286 254.064 253.846 253.632 253.421 253.213 253.01
252.809 252.612 252.419 252.229 252.042 251.858 251.678 251.5 251.325
251.154 250.985 250.819 250.655 250.494 250.335 250.179 250.025 249.873
249.724 249.576 249.43 249.286 249.144 249.004 248.865 248.728 248.592
248.457 248.324 248.192 248.061 247.931 247.802 247.675 247.548 247.421
247.296 247.171 247.047 246.924 246.801 246.679 246.557 246.436 246.315
246.194 246.074 245.954 245.835 245.715 245.596 245.477 245.358 245.24
245.121 245.003 244.885 244.766 244.648 244.53 244.412 244.294 244.176
244.058 243.941 243.823 243.705 243.587 243.469 243.351 243.233 243.115
242.996 242.878 242.76 242.642 242.523 242.405 242.287 242.168 242.05
241.931 241.812 241.694 241.575 241.456 241.337 241.218 241.099 240.98
240.861 240.742 240.623 240.504 240.385 240.266 240.146 240.027 239.908
239.788 239.669 239.55 239.43 239.311 239.192 239.072 238.953 238.834
238.715 238.595 238.476 238.357 238.238 238.119 238 237.881 237.762
237.643 237.525 237.406 237.288 237.169 237.051 236.933 236.815 236.698
236.58 236.463 236.345 236.228 236.112 235.995 235.879 235.763 235.647
235.531 235.416 235.301 235.186 235.072 234.958 234.844 234.731 234.618
234.505 234.393 234.281 234.17 234.059 233.948 233.838 233.729 233.62
233.511 233.403 233.296 233.189 233.082 232.976 232.871 232.766 232.662
232.558 232.455 232.353 232.251 232.149 232.049 231.949 231.849 231.75
231.652 231.554 231.456 231.359 231.263 231.167 231.072 230.977 230.883
230.789 230.696 230.602 230.51 230.417 230.325 230.234 230.142 230.05
229.959 229.868 229.777 229.685 229.594 229.502 229.411 229.319 229.227
229.134 229.042 228.949 228.855 228.761 228.666 228.571 228.475 228.379
228.282 228.184 228.086 227.987 227.887 227.786 227.685 227.583 227.48
227.376 227.272 227.167 227.062 226.955 226.849 226.741 226.633 226.525
226.416 226.307 226.198 226.088 225.979 225.869 225.759 225.65 225.54
225.43 225.321 225.212 225.103 224.995 224.887 224.779 224.672 224.565
224.459 224.353 224.248 224.143 224.039 223.935 223.832 223.729 223.627
223.525 223.423 223.321 223.22 223.119 223.018 222.916 222.815 222.714
222.612 222.51 222.408 222.305 222.202 222.099 221.994 221.889 221.783
221.677 221.569 221.461 221.351 221.241 221.129 221.016 220.903 220.788
220.672 220.555 220.437 220.318 220.197 220.076 219.952 219.828 219.703
219.576 219.448 219.319 219.188 219.057 218.924 218.79 218.656 218.52
218.383 218.245 218.106 217.966 217.825 217.683 217.54 217.396 217.252
217.107 216.961 216.814 216.667 216.519 216.37 216.221 216.071 215.92
215.769 215.618 215.465 215.313 215.16 215.006 214.852 214.698 214.543
214.387 214.232 214.076 213.919 213.762 213.605 213.447
        </DataArray>
        <DataArray type='Float32' Name='p' format='ascii'>
13.405 13.4049 13.4046 13.4043 13.4038 13.4032 13.4025 13.4017 13.4007
13.3997 13.3985 13.3972 13.3957 13.3941 13.3924 13.3906 13.3887 13.3866
13.3844 13.382 13.3796 13.377 13.3742 13.3714 13.3684 13.3653 13.362
13.3586 13.3551 13.3515 13.3477 13.3438 13.3397 13.3356 13.3312 13.3268
13.3222 13.3175 13.3126 13.3076 13.3025 13.2972 13.2918 13.2863 13.2806
13.2748 13.2688 13.2627 13.2565 13.2501 13.2436 13.2369 13.2302 13.2232
13.2162 13.209 13.2016 13.1942 13.1866 13.1788 13.1709 13.1629 13.1547
13.1464 13.1379 13.1294 13.1206 13.1118 13.1028 13.0936 13.0843 13.0749
13.0654 13.0557 13.0458 13.0359 13.0258 13.0155 13.0051 12.9946 12.9839
12.9731 12.9622 12.9511 12.9399 12.9286 12.9171 12.9054 12.8937 12.8818
12.8697 12.8575 12.8452 12.8328 12.8202 12.8074 12.7945 12.7815 12.7684
12.7551 12.7417 12.7281 12.7144 12.7005 12.6865 12.6724 12.6581 12.6437
12.6291 12.6144 12.5995 12.5846 12.5694 12.5541 12.5387 12.5231 12.5074
12.4915 12.4755 12.4593 12.443 12.4265 12.4099 12.3931 12.3761 12.359
12.3418 12.3244 12.3068 12.2891 12.2712 12.2531 12.2349 12.2165 12.1979
12.1791 12.1602 12.1411 12.1218 12.1024 12.0827 12.0629 12.0429 12.0227
12.0023 11.9817 11.9609 11.9399 11.9187 11.8973 11.8757 11.8539 11.8319
11.8096 11.7871 11.7644 11.7414 11.7182 11.6948 11.6711 11.6472 11.623
11.5985 11.5738 11.5489 11.5236 11.4981 11.4723 11.4461 11.4197 11.393
11.366 11.3387 11.311 11.283 11.2547 11.226 11.197 11.1676 11.1379
11.1077 11.0772 11.0463 11.015 10.9833 10.9512 10.9186 10.8856 10.8522
10.8183 10.7839 10.749 10.7137 10.6778 10.6414 10.6045 10.5671 10.5291
10.4905 10.4513 10.4116 10.3712 10.3302 10.2885 10.2462 10.2033 10.1596
10.1152 10.0701 10.0242 9.97758 9.93016 9.88193 9.83287 9.78296 9.73218
9.6805 9.62791 9.57437 9.51986 9.46436 9.40784 9.35028 9.29163 9.23189
9.17101 9.10898 9.04574 8.98128 8.91556 8.84855 8.78021 8.71051 8.6394
8.56686 8.49284 8.4173 8.3402 8.26149 8.18115 8.09911 8.01534 7.92978
7.84238 7.75311 7.6619 7.5687 7.47345 7.37611 7.27661 7.1749 7.07091
6.96457 6.85584 6.74463 6.63088 6.51453 6.39549 6.2737 6.14908 6.02155
5.89103 5.75744 5.6207 5.48071 5.3374 5.19066 5.04041 4.88654 4.72896
4.56757 4.40226 4.23293 4.05946 3.88175 3.69968 3.51312 3.32197 3.12609
2.92536 2.71965 2.50882 2.29274 2.07126 1.84425 1.61156 1.37303 1.12851
0.877847 0.620879 0.357442 0.0873665 -0.189518 -0.473387 -0.76442 -1.0628 -1.36871
-1.68234 -2.00389 -2.33355 -2.67152 -3.01801 -3.37322 -3.73738 -4.11068 -4.49335
-4.88561 -5.28769 -5.69981 -6.12221 -6.55511 -6.99876 -7.45339 -7.91924 -8.39656
-8.8856 -9.38659 -9.89979 -10.4254 -10.9638 -11.5151 -12.0796 -12.6576 -13.2493
-13.855 -14.4748 -15.1091 -15.7582 -16.4221 -17.1012 -17.7957 -18.5058 -19.2318
-19.9738 -20.7321 -21.5069 -22.2983 -23.1066 -23.9318 -24.7743 -25.634 -26.5112
-27.4059 -28.3183 -29.2484 -30.1963 -31.1621 -32.1457 -33.1471 -34.1665 -35.2036
-36.2584 -37.3309 -38.4208 -39.5281 -40.6525 -41.7937 -42.9516 -44.1259 -45.3161
-46.522 -47.743 -48.9787 -50.2287 -51.4922 -52.7689 -54.0579 -55.3587 -56.6704
-57.9922 -59.3234 -60.663 -62.0101 -63.3637 -64.7226 -66.0858 -67.4521 -68.8202
-70.189 -71.5569 -72.9228 -74.2852 -75.6425 -76.9934 -78.3362 -79.6691 -80.9905
-82.2987 -83.592 -84.8687 -86.127 -87.3651 -88.5811 -89.7733 -90.9396 -92.0783
-93.1873 -94.2648 -95.3089 -96.3176 -97.2892 -98.2219 -99.1138 -99.9633 -100.769
-101.528 -102.241 -102.904 -103.517 -104.079 -104.587 -105.041 -105.439 -105.782
-106.067 -106.294 -106.46 -106.565 -106.611 -106.598 -106.526 -106.393 -106.197
-105.939 -105.621 -105.244 -104.807 -104.312 -103.758 -103.147 -102.479 -101.757
-100.98 -100.15 -99.2682 -98.3362 -97.3557 -96.3288 -95.2573 -94.1431 -92.9878
-91.7931 -90.5608 -89.2926 -87.9909 -86.6579 -85.2961 -83.9075 -82.4943 -81.0586
-79.6025 -78.128 -76.6373 -75.1326 -73.6159 -72.0894 -70.555 -69.0145 -67.47
-65.9232 -64.3759 -62.8299 -61.2869 -59.7486 -58.2164 -56.692 -55.1767 -53.672
-52.179 -50.6992 -49.2334 -47.7828 -46.3482 -44.9308 -43.5311 -42.15 -40.7881
-39.4459 -38.1241 -36.8232 -35.5437 -34.2859 -33.0499 -31.8359 -30.6439 -29.4738
-28.3259 -27.2002 -26.0966 -25.0153 -23.9559 -22.9181 -21.9015 -20.9056 -19.9299
-18.9739 -18.0371 -17.1191 -16.2194 -15.3375 -14.4729 -13.625 -12.7931 -11.9766
-11.1747 -10.3864 -9.61111 -8.84781 -8.09565 -7.35376 -6.62127 -5.89731 -5.18096
-4.47147 -3.7675 -3.06948 -2.37252 -1.68808 -0.980203 -0.37553
        </DataArray>
        <DataArray type='Float32' Name='U' NumberOfComponents='3' format='ascii'>
34.6 0 6.9665e-22 34.6 0 -3.34355e-22 34.6 0 -4.60347e-21
34.6 0 2.65848e-21 34.6 0 3.82241e-22 34.6001 0 6.25864e-22
34.6001 0 -2.94936e-22 34.6001 0 6.04525e-22 34.6001 0 -3.24349e-22
34.6002 0 -4.63516e-22 34.6002 0 -5.57275e-22 34.6002 0 1.13152e-21
34.6003 0 -9.48481e-22 34.6003 0 1.05144e-21 34.6004 0 -9.55926e-22
34.6004 0 -5.17701e-22 34.6005 0 -4.31377e-22 34.6005 0 1.40943e-21
34.6006 0 7.14802e-22 34.6007 0 -2.72572e-21 34.6007 0 1.91465e-21
34.6008 0 -4.07333e-22 34.6009 0 -1.54297e-21 34.601 0 -5.68964e-22
34.6011 0 3.69763e-21 34.6011 0 -3.93993e-22 34.6012 0 2.95196e-21
34.6013 0 -3.11892e-21 34.6014 0 -1.04721e-21 34.6015 0 1.30656e-21
34.6017 0 2.45711e-21 34.6018 0 -6.08158e-21 34.6019 0 3.20209e-21
34.602 0 2.16106e-21 34.6021 0 7.65742e-22 34.6023 0 9.86755e-24
34.6024 0 -2.2994e-21 34.6025 0 -1.53572e-21 34.6027 0 2.86562e-22
34.6028 0 -1.50022e-22 34.603 0 4.00613e-22 34.6031 0 2.81966e-21
34.6033 0 -1.59759e-21 34.6034 0 -7.77012e-21 34.6036 0 9.85807e-21
34.6037 0 -4.62123e-21 34.6039 0 -4.66356e-21 34.6041 0 1.15352e-20
34.6043 0 -5.10399e-21 34.6045 0 -5.56543e-21 34.6046 0 8.85662e-21
34.6048 0 -9.43955e-21 34.605 0 3.78123e-21 34.6052 0 1.59289e-22
34.6054 0 -3.24756e-21 34.6056 0 8.33842e-21 34.6058 0 3.73744e-21
34.6061 0 -1.83491e-21 34.6063 0 -8.30486e-21 34.6065 0 1.51455e-21
34.6067 0 -5.44029e-21 34.6069 0 2.89939e-21 34.6072 0 1.10152e-20
34.6074 0 -1.43365e-20 34.6077 0 8.55691e-21 34.6079 0 -1.5162e-21
34.6082 0 4.70818e-21 34.6084 0 -7.57111e-21 34.6087 0 -2.31889e-21
34.6089 0 1.74348e-21 34.6092 0 4.27028e-21 34.6095 0 -8.31823e-21
34.6097 0 9.66665e-21 34.61 0 -4.84908e-21 34.6103 0 -3.97861e-21
34.6106 0 1.23726e-20 34.6109 0 -3.56465e-21 34.6112 0 -4.55911e-21
34.6115 0 2.37808e-21 34.6118 0 2.05588e-22 34.6121 0 6.2305e-21
34.6124 0 3.02227e-21 34.6127 0 -1.70809e-20 34.613 0 -5.06713e-21
34.6133 0 2.1939e-20 34.6136 0 6.90352e-22 34.614 0 -4.54655e-21
34.6143 0 3.84739e-21 34.6146 0 -2.75115e-21 34.615 0 5.35041e-21
34.6153 0 -3.14858e-21 34.6157 0 -1.18965e-20 34.616 0 -4.88722e-21
34.6164 0 1.60477e-20 34.6167 0 5.65763e-21 34.6171 0 -2.11981e-20
34.6175 0 1.41551e-20 34.6178 0 -1.38834e-20 34.6182 0 1.97594e-20
34.6186 0 -2.39862e-20 34.619 0 8.93316e-21 34.6194 0 9.22587e-21
34.6197 0 -5.9148e-21 34.6201 0 9.55931e-21 34.6205 0 -2.17555e-20
34.6209 0 7.48977e-21 34.6214 0 6.04171e-21 34.6218 0 -1.2759e-20
34.6222 0 1.54289e-20 34.6226 0 -3.48203e-21 34.623 0 7.18974e-21
34.6235 0 2.01593e-21 34.6239 0 -2.87213e-21 34.6243 0 6.16363e-21
34.6248 0 -3.16436e-22 34.6252 0 -7.03812e-21 34.6257 0 -5.42841e-22
34.6261 0 6.58857e-21 34.6266 0 -2.37074e-21 34.6271 0 -1.22187e-20
34.6275 0 -6.40114e-21 34.628 0 1.24976e-20 34.6285 0 -1.38545e-20
34.629 0 1.96563e-20 34.6295 0 -8.21613e-21 34.63 0 9.01338e-21
34.6305 0 -4.82306e-21 34.631 0 -1.91234e-20 34.6315 0 1.15626e-20
34.632 0 1.02126e-20 34.6325 0 -4.84609e-21 34.6331 0 7.68222e-21
34.6336 0 -8.87833e-21 34.6341 0 3.23757e-21 34.6347 0 -1.58437e-20
34.6352 0 -3.87005e-21 34.6358 0 5.21209e-21 34.6364 0 1.50238e-20
34.6369 0 -1.9956e-20 34.6375 0 3.04386e-21 34.6381 0 2.5291e-20
34.6387 0 -2.67329e-20 34.6393 0 9.37833e-21 34.6399 0 1.48769e-20
34.6405 0 -2.30554e-20 34.6411 0 9.9408e-21 34.6417 0 2.17383e-23
34.6423 0 2.85949e-21 34.643 0 6.18748e-21 34.6436 0 -2.12342e-20
34.6443 0 2.42228e-20 34.6449 0 -1.91628e-20 34.6456 0 -3.5012e-21
34.6463 0 1.03216e-20 34.647 0 2.35633e-20 34.6476 0 -3.50494e-20
34.6483 0 -8.3831e-21 34.649 0 3.12671e-20 34.6498 0 -2.31656e-22
34.6505 0 -3.9985e-21 34.6512 0 4.88902e-21 34.6519 0 3.18593e-22
34.6527 0 -1.94995e-20 34.6534 0 -1.21894e-20 34.6542 0 2.3534e-20
34.655 0 1.67422e-21 34.6557 0 7.99147e-21 34.6565 0 -1.20335e-21
34.6573 0 -9.84912e-21 34.6581 0 7.16413e-21 34.6589 0 -1.68377e-20
34.6598 0 -1.38076e-20 34.6606 0 1.58694e-20 34.6614 0 3.95937e-21
34.6623 0 4.30091e-21 34.6631 0 -8.32368e-21 34.664 0 4.29924e-21
34.6649 0 3.92787e-21 34.6658 0 -1.14846e-20 34.6667 0 2.73544e-20
34.6676 0 -1.58517e-20 34.6685 0 7.46786e-21 34.6694 0 3.46665e-21
34.6704 0 -5.59814e-22 34.6713 0 -1.92781e-20 34.6723 0 2.29411e-21
34.6732 0 8.57101e-21 34.6742 0 -1.11781e-20 34.6752 0 -5.25702e-21
34.6762 0 1.28261e-20 34.6772 0 -8.35477e-21 34.6782 0 8.38171e-21
34.6793 0 1.18403e-20 34.6803 0 -2.50019e-20 34.6814 0 1.63718e-20
34.6824 0 1.77767e-20 34.6835 0 -3.24758e-20 34.6846 0 6.23707e-21
34.6857 0 1.22295e-20 34.6869 0 -1.50883e-21 34.688 0 1.65622e-20
34.6892 0 -1.13642e-20 34.6903 0 -1.39245e-20 34.6915 0 1.44318e-20
34.6927 0 -2.09016e-20 34.694 0 6.52459e-21 34.6952 0 9.22806e-22
34.6964 0 -1.04597e-20 34.6977 0 -4.20038e-21 34.699 0 1.38891e-20
34.7003 0 2.45298e-20 34.7016 0 -1.22626e-21 34.703 0 -2.80017e-20
34.7043 0 5.9424e-21 34.7057 0 -1.56891e-20 34.7071 0 2.23282e-20
34.7086 0 1.15791e-20 34.71 0 -1.118e-20 34.7115 0 -2.214e-20
34.713 0 1.78553e-20 34.7145 0 5.99212e-21 34.7161 0 4.16071e-21
34.7176 0 7.41062e-21 34.7192 0 -2.81706e-20 34.7209 0 1.92894e-20
34.7225 0 -6.74936e-21 34.7242 0 1.37134e-22 34.7259 0 1.76262e-20
34.7277 0 -3.62349e-20 34.7295 0 2.31385e-20 34.7313 0 5.86712e-21
34.7332 0 -1.66467e-20 34.735 0 8.21981e-21 34.737 0 -9.6271e-21
34.7389 0 8.58235e-21 34.7409 0 9.86795e-21 34.743 0 -2.41353e-20
34.7451 0 6.99096e-21 34.7472 0 -2.37386e-21 34.7493 0 7.23882e-21
34.7516 0 -3.67643e-21 34.7538 0 -9.11802e-21 34.7561 0 2.24296e-20
34.7585 0 -1.28456e-20 34.7609 0 -1.57527e-21 34.7634 0 9.57321e-21
34.7659 0 -3.12083e-21 34.7684 0 -6.85019e-21 34.7711 0 2.17521e-21
34.7737 0 6.16277e-21 34.7765 0 -1.59703e-20 34.7793 0 -4.29563e-21
34.7822 0 1.10586e-20 34.7851 0 -3.42845e-21 34.7881 0 1.04184e-20
34.7912 0 1.09256e-20 34.7943 0 1.06521e-22 34.7975 0 -7.19935e-21
34.8008 0 -3.46627e-21 34.8042 0 -3.4004e-21 34.8076 0 -8.0575e-22
34.8112 0 8.43236e-21 34.8148 0 -1.33483e-20 34.8185 0 -1.59458e-21
34.8223 0 9.28718e-21 34.8262 0 1.98559e-22 34.8302 0 8.29402e-22
34.8342 0 -1.38967e-20 34.8384 0 2.34159e-20 34.8427 0 -1.94374e-20
34.8471 0 1.24953e-20 34.8516 0 -6.96037e-21 34.8562 0 2.00256e-21
34.8609 0 -6.57044e-21 34.8658 0 2.30459e-20 34.8707 0 -2.02186e-20
34.8758 0 5.28905e-21 34.8811 0 6.36282e-21 34.8864 0 -6.5689e-21
34.8919 0 -1.58963e-21 34.8975 0 2.501e-21 34.9033 0 -2.54909e-21
34.9092 0 3.10358e-21 34.9153 0 -1.57679e-21 34.9215 0 -1.5498e-22
34.9279 0 -1.99387e-21 34.9344 0 5.25981e-21 34.9411 0 -5.98891e-21
34.948 0 1.22944e-21 34.9551 0 9.11211e-22 34.9623 0 -5.68166e-22
34.9697 0 -1.18908e-21 34.9774 0 1.76541e-21 34.9852 0 -3.48856e-21
34.9932 0 2.75011e-22 35.0014 0 6.44835e-21 35.0098 0 -4.43074e-21
35.0185 0 2.72688e-21 35.0273 0 -1.79631e-21 35.0364 0 1.99624e-21
35.0458 0 1.23432e-20 35.0553 0 -6.81802e-21 35.0651 0 -2.55809e-20
35.0752 0 2.80961e-20 35.0855 0 -1.45049e-20 35.0961 0 -1.16602e-20
35.1069 0 1.23538e-20 35.1181 0 2.51471e-20 35.1295 0 -2.05463e-20
35.1411 0 1.4124e-20 35.1531 0 -1.32175e-20 35.1654 0 5.8965e-21
35.178 0 3.84489e-21 35.1909 0 -9.81005e-21 35.2041 0 2.06922e-20
35.2176 0 -1.79858e-20 35.2315 0 -1.39502e-20 35.2457 0 -4.43323e-21
35.2603 0 2.72349e-20 35.2752 0 -6.60893e-20 35.2905 0 2.78854e-20
35.3061 0 3.51664e-20 35.3221 0 -6.05804e-20 35.3385 0 1.38254e-20
35.3553 0 -1.61723e-20 35.3724 0 1.87578e-20 35.39 0 7.08924e-20
35.408 0 -9.26451e-20 35.4264 0 6.62252e-21 35.4452 0 5.24193e-20
35.4644 0 -9.01533e-20 35.484 0 3.88725e-20 35.5041 0 1.64595e-20
35.5246 0 2.77449e-20 35.5456 0 -2.17675e-20 35.567 0 9.2313e-20
35.5889 0 -1.58684e-19 35.6112 0 1.76253e-19 35.634 0 -5.71514e-20
35.6572 0 -1.45598e-19 35.681 0 8.61935e-20 35.7051 0 9.24207e-20
35.7298 0 5.04026e-20 35.755 0 -2.00717e-19 35.7806 0 1.02476e-19
35.8067 0 -1.06009e-19 35.8332 0 8.96173e-20 35.8603 0 -9.92721e-20
35.8878 0 2.28073e-19 35.9158 0 -2.89506e-19 35.9443 0 2.43551e-19
35.9733 0 -1.89162e-19 36.0027 0 1.9237e-19 36.0325 0 -8.62115e-20
36.0629 0 -1.07222e-19 36.0936 0 9.11615e-20 36.1249 0 6.54162e-20
36.1565 0 -1.25798e-19 36.1886 0 5.84931e-20 36.2211 0 -9.59711e-20
36.254 0 -3.76084e-20 36.2872 0 1.89561e-19 36.3209 0 -6.02824e-20
36.3549 0 4.39906e-20 36.3892 0 -6.24072e-20 36.4239 0 8.46445e-20
36.4589 0 1.35794e-19 36.4942 0 -7.87118e-20 36.5297 0 -1.26136e-19
36.5655 0 1.02635e-20 36.6015 0 1.04052e-19 36.6377 0 -1.9461e-19
36.6741 0 3.80361e-19 36.7106 0 -1.60604e-20 36.7472 0 -2.9321e-19
36.7839 0 2.80802e-19 36.8207 0 -3.53201e-19 36.8574 0 -1.98764e-19
36.8942 0 9.37438e-20 36.9309 0 3.76111e-19 36.9675 0 -1.55874e-19
37.004 0 -2.95586e-19 37.0403 0 1.28694e-19 37.0764 0 2.09579e-19
37.1122 0 2.82145e-20 37.1477 0 -2.00942e-19 37.183 0 1.13837e-19
37.2178 0 4.16374e-20 37.2522 0 -1.56067e-20 37.2861 0 3.35061e-20
37.3195 0 -1.46061e-20 37.3523 0 1.96228e-19 37.3845 0 -1.86032e-20
37.4161 0 -1.81879e-19 37.4469 0 1.02734e-19 37.477 0 3.71323e-20
37.5063 0 -9.88648e-20 37.5347 0 6.72237e-20 37.5622 0 1.18889e-19
37.5887 0 -4.20815e-19 37.6143 0 2.95236e-19 37.6388 0 5.98028e-20
37.6622 0 -4.97234e-20 37.6845 0 -4.73392e-20 37.7056 0 -5.91922e-20
37.7255 0 9.59727e-20 37.7442 0 -5.75366e-20 37.7615 0 7.70523e-21
37.7775 0 5.5692e-20 37.7921 0 -5.67917e-20 37.8054 0 1.53854e-19
37.8172 0 -8.61432e-20 37.8275 0 -1.42264e-19 37.8364 0 -2.68319e-21
37.8438 0 1.66552e-19 37.8496 0 9.93396e-20 37.8539 0 -9.64979e-20
37.8565 0 -5.58364e-20 37.8577 0 -2.89104e-20 37.8573 0 -4.56372e-20
37.8553 0 1.25121e-19 37.8517 0 -7.13789e-20 37.8464 0 1.13587e-19
37.8396 0 -6.33472e-20 37.8312 0 -2.92131e-20 37.8213 0 -3.11255e-20
37.8097 0 6.45753e-20 37.7967 0 -1.3783e-19 37.7821 0 7.75742e-20
37.766 0 -9.88475e-21 37.7485 0 -7.98643e-21 37.7295 0 -2.74426e-20
37.709 0 1.27034e-20 37.6872 0 1.68303e-20 37.6641 0 9.58888e-20
37.6396 0 -1.41203e-19 37.6138 0 9.82287e-20 37.5868 0 -3.99273e-20
37.5587 0 2.3056e-20 37.5294 0 -1.25995e-19 37.499 0 3.33659e-20
37.4676 0 -6.12723e-20 37.4352 0 2.49753e-20 37.4019 0 4.63576e-20
37.3677 0 1.56042e-20 37.3327 0 3.259e-22 37.2969 0 1.00156e-20
37.2604 0 1.70245e-20 37.2233 0 -5.13731e-20 37.1855 0 -9.63909e-22
37.1473 0 -1.58056e-20 37.1085 0 4.13717e-21 37.0694 0 1.02014e-19
37.0298 0 -7.69785e-20 36.99 0 5.9774e-20 36.95 0 8.66065e-21
36.9097 0 -4.91939e-20 36.8693 0 -1.86383e-20 36.8289 0 9.34311e-21
36.7884 0 2.47255e-20 36.7479 0 -1.70119e-20 36.7075 0 -2.1248e-21
36.6672 0 2.77714e-20 36.6271 0 -6.67655e-21 36.5872 0 -7.91755e-21
36.5475 0 -1.70354e-20 36.5082 0 7.6896e-21 36.4692 0 1.83049e-20
36.4305 0 2.83117e-20 36.3923 0 -3.67704e-20 36.3545 0 1.9939e-20
36.3172 0 -3.31202e-20 36.2805 0 -1.21045e-20 36.2442 0 -4.36647e-20
36.2085 0 6.16509e-20 36.1735 0 1.12339e-20 36.139 0 2.01925e-20
36.1051 0 -3.94854e-20 36.0719 0 1.24892e-21 36.0394 0 -4.51768e-21
36.0075 0 1.89343e-20 35.9764 0 -4.11875e-20 35.9459 0 2.83755e-20
35.9162 0 -2.13863e-20 35.8871 0 3.06235e-20 35.8588 0 -4.47354e-20
35.8312 0 4.2017e-20 35.8044 0 -3.77386e-20 35.7783 0 4.91168e-20
35.7529 0 -2.22989e-20 35.7282 0 4.98187e-21 35.7042 0 3.23597e-21
35.681 0 2.35622e-21 35.6584 0 -1.88107e-20 35.6366 0 1.15262e-20
35.6154 0 -5.10705e-21 35.5949 0 2.94531e-21 35.5751 0 -7.73909e-21
35.5559 0 3.64436e-21 35.5373 0 -3.56705e-21 35.5193 0 1.01619e-20
35.502 0 -1.03922e-20 35.4852 0 4.19927e-21 35.469 0 4.2961e-21
35.4533 0 -1.30029e-21 35.4381 0 2.90992e-22 35.4235 0 -2.24866e-21
35.4093 0 1.7971e-21 35.3955 0 -3.73121e-21 35.3822 0 1.5398e-21
35.3693 0 5.61902e-22 35.3568 0 5.51649e-24 35.3446 0 2.39483e-22
35.3327 0 -1.27492e-22 35.3212 0 -4.1729e-22 35.3098 0 2.00753e-22
35.299 0 2.85363e-23 35.2875 0 1.95959e-23 35.2789 0 -7.57789e-23
35.263 0 4.17636e-23
        </DataArray>
        <DataArray type='Float32' Name='wallShearStress' NumberOfComponents='3' format='ascii'>
5.60735e-07 -4.74075e-07 -4.2422e-27 1.12597e-06 -2.60642e-06 -5.5667e-27 1.54755e-06 -5.08718e-06 5.72413e-26
1.71701e-06 -7.47458e-06 -3.85907e-26 1.78347e-06 -9.89068e-06 -8.72325e-27 1.81433e-06 -1.23586e-05 -2.33953e-26
1.83373e-06 -1.483e-05 8.88768e-27 1.84512e-06 -1.72847e-05 -3.40682e-26 1.85032e-06 -1.97298e-05 1.28036e-26
1.85245e-06 -2.21706e-05 2.68693e-26 1.85286e-06 -2.46051e-05 4.05629e-26 1.85173e-06 -2.70316e-05 -8.96627e-26
1.84927e-06 -2.94528e-05 7.93427e-26 1.84612e-06 -3.18725e-05 -9.94775e-26 1.84288e-06 -3.42924e-05 9.28771e-26
1.83976e-06 -3.67109e-05 5.80738e-26 1.83658e-06 -3.91252e-05 5.52465e-26 1.83304e-06 -4.15338e-05 -1.6744e-25
1.82895e-06 -4.39366e-05 -9.6062e-26 1.82436e-06 -4.6335e-05 3.68963e-25 1.81941e-06 -4.87306e-05 -2.6553e-25
1.8143e-06 -5.11244e-05 6.01864e-26 1.80913e-06 -5.35164e-05 2.45746e-25 1.80392e-06 -5.59059e-05 1.06041e-25
1.79862e-06 -5.82919e-05 -6.19462e-25 1.79317e-06 -6.06733e-05 6.05297e-26 1.78749e-06 -6.30495e-05 -5.53513e-25
1.78155e-06 -6.54202e-05 5.70401e-25 1.77536e-06 -6.77854e-05 2.01751e-25 1.76893e-06 -7.01453e-05 -2.66118e-25
1.76229e-06 -7.25e-05 -5.26564e-25 1.75549e-06 -7.48496e-05 1.29916e-24 1.74853e-06 -7.71941e-05 -7.00135e-25
1.74145e-06 -7.95331e-05 -5.02523e-25 1.73423e-06 -8.18664e-05 -2.00571e-25 1.72688e-06 -8.41936e-05 -2.68432e-26
1.71939e-06 -8.65143e-05 5.48621e-25 1.71176e-06 -8.8828e-05 3.83376e-25 1.70398e-06 -9.11345e-05 -7.35156e-26
1.69604e-06 -9.34336e-05 3.96896e-26 1.68799e-06 -9.5725e-05 -1.09164e-25 1.67969e-06 -9.80086e-05 -7.91157e-25
1.67102e-06 -0.000100284 4.35791e-25 1.66219e-06 -0.000102552 2.2562e-24 1.65324e-06 -0.000104812 -2.89235e-24
1.6442e-06 -0.000107063 1.3782e-24 1.63508e-06 -0.000109306 1.44814e-24 1.62588e-06 -0.00011154 -3.59564e-24
1.61662e-06 -0.000113765 1.59834e-24 1.60728e-06 -0.000115982 1.8107e-24 1.59788e-06 -0.000118189 -2.90858e-24
1.58843e-06 -0.000120387 3.1594e-24 1.57893e-06 -0.000122575 -1.26284e-24 1.56938e-06 -0.000124754 -4.54771e-26
1.55978e-06 -0.000126923 1.15841e-24 1.55016e-06 -0.000129083 -2.96714e-24 1.5405e-06 -0.000131232 -1.38595e-24
1.53082e-06 -0.000133371 6.33145e-25 1.52113e-06 -0.000135501 3.08293e-24 1.51143e-06 -0.00013762 -5.59604e-25
1.50174e-06 -0.000139729 2.10653e-24 1.49205e-06 -0.000141827 -1.09306e-24 1.48238e-06 -0.000143916 -4.34076e-24
1.47275e-06 -0.000145994 5.70867e-24 1.46315e-06 -0.000148062 -3.43409e-24 1.4536e-06 -0.00015012 6.14868e-25
1.44411e-06 -0.000152167 -1.95979e-24 1.43468e-06 -0.000154204 3.16176e-24 1.42534e-06 -0.000156231 1.00547e-24
1.41608e-06 -0.000158248 -7.20731e-25 1.40691e-06 -0.000160255 -1.84093e-24 1.39786e-06 -0.000162253 3.66126e-24
1.38891e-06 -0.00016424 -4.26237e-24 1.3801e-06 -0.000166218 2.17074e-24 1.37142e-06 -0.000168186 1.82562e-24
1.36289e-06 -0.000170145 -5.64776e-24 1.35452e-06 -0.000172095 1.62227e-24 1.34632e-06 -0.000174035 2.12544e-24
1.3383e-06 -0.000175967 -1.11191e-24 1.33046e-06 -0.000177891 -9.78734e-26 1.32284e-06 -0.000179806 -3.00704e-24
1.31542e-06 -0.000181713 -1.50782e-24 1.30824e-06 -0.000183613 8.34212e-24 1.3013e-06 -0.000185505 2.55619e-24
1.29462e-06 -0.00018739 -1.0906e-23 1.28821e-06 -0.000189268 -3.9983e-25 1.28208e-06 -0.00019114 2.25978e-24
1.27626e-06 -0.000193006 -2.00542e-24 1.27075e-06 -0.000194866 1.37367e-24 1.26557e-06 -0.000196722 -2.82974e-24
1.26074e-06 -0.000198573 1.59238e-24 1.25627e-06 -0.00020042 6.26712e-24 1.25218e-06 -0.000202263 2.63347e-24
1.24848e-06 -0.000204104 -8.61098e-24 1.24519e-06 -0.000205942 -3.11983e-24 1.24233e-06 -0.000207778 1.15404e-23
1.2399e-06 -0.000209614 -7.77425e-24 1.23793e-06 -0.000211449 7.68976e-24 1.23643e-06 -0.000213284 -1.10391e-23
1.23542e-06 -0.000215121 1.34836e-23 1.2349e-06 -0.000216959 -5.02051e-24 1.2349e-06 -0.0002188 -5.27677e-24
1.23543e-06 -0.000220644 3.381e-24 1.23651e-06 -0.000222493 -5.56883e-24 1.23814e-06 -0.000224347 1.27014e-23
1.24033e-06 -0.000226206 -4.35897e-24 1.24312e-06 -0.000228073 -3.57247e-24 1.24649e-06 -0.000229948 7.63831e-24
1.25047e-06 -0.000231831 -9.25548e-24 1.25506e-06 -0.000233725 2.0912e-24 1.26027e-06 -0.000235629 -4.41297e-24
1.26611e-06 -0.000237545 -1.29412e-24 1.27258e-06 -0.000239474 1.72394e-24 1.27969e-06 -0.000241417 -3.90627e-24
1.28742e-06 -0.000243376 1.16456e-25 1.29579e-06 -0.00024535 4.39192e-24 1.30478e-06 -0.000247341 3.08495e-25
1.31439e-06 -0.000249351 -4.28656e-24 1.32461e-06 -0.00025138 1.46259e-24 1.33542e-06 -0.00025343 7.93679e-24
1.34682e-06 -0.000255501 4.23737e-24 1.35878e-06 -0.000257594 -8.25039e-24 1.37128e-06 -0.000259711 9.25328e-24
1.38431e-06 -0.000261853 -1.3198e-23 1.39783e-06 -0.000264019 5.52168e-24 1.41181e-06 -0.000266212 -6.18658e-24
1.42624e-06 -0.000268432 3.25815e-24 1.44108e-06 -0.00027068 1.32705e-23 1.4563e-06 -0.000272956 -8.01486e-24
1.47185e-06 -0.000275262 -7.20702e-24 1.48772e-06 -0.000277598 3.39319e-24 1.50385e-06 -0.000279964 -5.54472e-24
1.52022e-06 -0.000282362 6.34659e-24 1.53677e-06 -0.000284792 -2.38103e-24 1.55348e-06 -0.000287253 1.16212e-23
1.57031e-06 -0.000289747 2.95363e-24 1.5872e-06 -0.000292274 -3.78792e-24 1.60413e-06 -0.000294834 -1.12657e-23
1.62104e-06 -0.000297427 1.51385e-23 1.6379e-06 -0.000300054 -2.22101e-24 1.65467e-06 -0.000302713 -1.94851e-23
1.67131e-06 -0.000305406 2.07483e-23 1.68778e-06 -0.000308133 -7.27874e-24 1.70403e-06 -0.000310892 -1.17902e-23
1.72003e-06 -0.000313684 1.83667e-23 1.73576e-06 -0.000316508 -7.93477e-24 1.75117e-06 -0.000319365 -6.79313e-27
1.76625e-06 -0.000322254 -2.34109e-24 1.78095e-06 -0.000325173 -5.1498e-24 1.79526e-06 -0.000328124 1.77038e-23
1.80915e-06 -0.000331104 -2.03341e-23 1.82261e-06 -0.000334115 1.62278e-23 1.83565e-06 -0.000337154 3.09102e-24
1.84825e-06 -0.000340222 -8.84022e-24 1.86039e-06 -0.000343317 -2.06148e-23 1.87211e-06 -0.000346439 3.07435e-23
1.8834e-06 -0.000349588 7.60381e-24 1.89429e-06 -0.000352763 -2.79087e-23 1.90481e-06 -0.000355963 1.0852e-25
1.91499e-06 -0.000359188 3.56228e-24 1.92487e-06 -0.000362437 -4.57871e-24 1.93448e-06 -0.00036571 -4.09003e-25
1.9439e-06 -0.000369007 1.82397e-23 1.95316e-06 -0.000372326 1.16729e-23 1.96235e-06 -0.00037567 -2.23352e-23
1.97154e-06 -0.000379036 -1.64982e-24 1.98081e-06 -0.000382425 -7.85195e-24 1.99025e-06 -0.000385838 1.04655e-24
1.99994e-06 -0.000389275 9.66813e-24 2.00997e-06 -0.000392737 -7.20617e-24 2.02045e-06 -0.000396224 1.69586e-23
2.03148e-06 -0.000399738 1.42156e-23 2.04317e-06 -0.000403278 -1.61145e-23 2.05562e-06 -0.000406848 -4.04899e-24
2.06895e-06 -0.000410448 -4.49409e-24 2.08326e-06 -0.00041408 8.8103e-24 2.09868e-06 -0.000417746 -4.52743e-24
2.1153e-06 -0.000421448 -4.22298e-24 2.13326e-06 -0.000425189 1.2518e-23 2.15266e-06 -0.000428971 -3.00375e-23
2.1736e-06 -0.000432797 1.74144e-23 2.19619e-06 -0.00043667 -8.42197e-24 2.22053e-06 -0.000440593 -4.06436e-24
2.24672e-06 -0.00044457 4.63526e-25 2.27488e-06 -0.000448604 2.21584e-23 2.30512e-06 -0.000452699 -2.58378e-24
2.33753e-06 -0.00045686 -1.00648e-23 2.37217e-06 -0.00046109 1.32967e-23 2.40909e-06 -0.000465394 6.45913e-24
2.44837e-06 -0.000469777 -1.54555e-23 2.49013e-06 -0.000474243 1.03025e-23 2.53449e-06 -0.000478797 -1.03217e-23
2.58153e-06 -0.000483445 -1.49384e-23 2.63125e-06 -0.000488192 3.1685e-23 2.68365e-06 -0.000493042 -2.08997e-23
2.73877e-06 -0.000498002 -2.32725e-23 2.7967e-06 -0.000503077 4.25146e-23 2.85754e-06 -0.000508273 -8.12811e-24
2.92141e-06 -0.000513597 -1.64613e-23 2.98831e-06 -0.000519053 1.92277e-24 3.05823e-06 -0.000524649 -2.31199e-23
3.13117e-06 -0.00053039 1.55145e-23 3.20714e-06 -0.000536282 1.96138e-23 3.28621e-06 -0.000542334 -2.07908e-23
3.36844e-06 -0.00054855 3.03621e-23 3.45388e-06 -0.000554937 -9.47006e-24 3.54258e-06 -0.000561503 -1.31906e-24
3.63454e-06 -0.000568255 1.60536e-23 3.72978e-06 -0.000575198 6.8515e-24 3.82831e-06 -0.000582341 -2.14467e-23
3.93017e-06 -0.00058969 -3.92069e-23 4.03538e-06 -0.000597253 1.36214e-24 4.14401e-06 -0.000605037 4.56869e-23
4.25611e-06 -0.00061305 -9.75779e-24 4.37171e-06 -0.000621299 2.68719e-23 4.49076e-06 -0.000629792 -3.82611e-23
4.61326e-06 -0.000638536 -2.06708e-23 4.73935e-06 -0.000647539 1.9548e-23 4.86914e-06 -0.000656811 4.04203e-23
5.00271e-06 -0.000666359 -3.27383e-23 5.14001e-06 -0.000676191 -1.14634e-23 5.281e-06 -0.000686314 -8.37767e-24
5.42571e-06 -0.000696739 -1.51633e-23 5.57423e-06 -0.000707474 5.60868e-23 5.72667e-06 -0.000718527 -3.93471e-23
5.88315e-06 -0.000729909 1.37372e-23 6.04374e-06 -0.000741628 -4.51933e-25 6.2085e-06 -0.000753693 -3.89039e-23
6.37746e-06 -0.000766115 8.02743e-23 6.55064e-06 -0.000778902 -5.2301e-23 6.72809e-06 -0.000792064 -1.4243e-23
6.90987e-06 -0.000805613 3.92168e-23 7.09609e-06 -0.000819558 -2.00607e-23 7.28686e-06 -0.00083391 2.39461e-23
7.48229e-06 -0.00084868 -2.18959e-23 7.68249e-06 -0.000863878 -2.64635e-23 7.88754e-06 -0.000879517 6.45972e-23
8.09754e-06 -0.000895608 -1.87365e-23 8.31255e-06 -0.000912162 7.04978e-24 8.53266e-06 -0.000929191 -2.08544e-23
8.75797e-06 -0.000946709 1.09649e-23 8.98858e-06 -0.000964727 2.85447e-23 9.22458e-06 -0.000983258 -7.07506e-23
9.46611e-06 -0.00100232 4.11793e-23 9.71326e-06 -0.00102191 5.49585e-24 9.96617e-06 -0.00104207 -3.31637e-23
1.0225e-05 -0.00106279 1.04892e-23 1.04898e-05 -0.00108409 2.50762e-23 1.07607e-05 -0.00110599 -7.92673e-24
1.10379e-05 -0.0011285 -2.43144e-23 1.13214e-05 -0.00115164 6.48693e-23 1.16113e-05 -0.00117542 1.99127e-23
1.19078e-05 -0.00119986 -4.62081e-23 1.22111e-05 -0.00122498 1.63434e-23 1.25214e-05 -0.00125079 -4.78824e-23
1.28388e-05 -0.00127731 -5.41301e-23 1.31634e-05 -0.00130455 -3.29355e-24 1.3495e-05 -0.00133255 3.52119e-23
1.38339e-05 -0.0013613 1.76237e-23 1.41803e-05 -0.00139084 1.87892e-23 1.45344e-05 -0.00142118 4.90521e-24
1.48965e-05 -0.00145234 -5.24985e-23 1.52667e-05 -0.00148434 8.52035e-23 1.5645e-05 -0.0015172 1.28636e-23
1.60315e-05 -0.00155095 -6.41187e-23 1.64264e-05 -0.0015856 -2.13241e-24 1.68296e-05 -0.00162117 -7.35381e-24
1.72414e-05 -0.00165768 1.15068e-22 1.76619e-05 -0.00169517 -2.01438e-22 1.80914e-05 -0.00173364 1.75179e-22
1.85298e-05 -0.00177313 -1.19648e-22 1.89775e-05 -0.00181366 6.99351e-23 1.94344e-05 -0.00185525 -2.13046e-23
1.99008e-05 -0.00189792 7.87244e-23 2.03766e-05 -0.0019417 -2.91776e-22 2.08621e-05 -0.00198662 2.63929e-22
2.13572e-05 -0.0020327 -7.5644e-23 2.18621e-05 -0.00207996 -1.06893e-22 2.23768e-05 -0.00212844 1.04819e-22
2.29014e-05 -0.00217815 2.83328e-23 2.34361e-05 -0.00222913 -5.53161e-23 2.39808e-05 -0.0022814 5.5981e-23
2.45356e-05 -0.00233498 -8.77494e-23 2.51006e-05 -0.00238991 3.737e-23 2.56758e-05 -0.00244622 -3.4866e-24
2.62613e-05 -0.00250392 8.21278e-23 2.68569e-05 -0.00256305 -3.0946e-22 2.74628e-05 -0.00262364 3.90205e-22
2.80788e-05 -0.00268572 -9.72335e-23 2.8705e-05 -0.0027493 -2.57646e-22 2.93412e-05 -0.00281443 5.22474e-22
2.99874e-05 -0.00288112 -4.60287e-22 3.06435e-05 -0.00294942 2.73725e-22 3.13093e-05 -0.00301933 -2.91243e-22
3.19847e-05 -0.0030909 6.19303e-23 3.26696e-05 -0.00316415 3.3158e-22 3.33637e-05 -0.0032391 -2.07387e-22
3.40667e-05 -0.00331579 9.7192e-23 3.47785e-05 -0.00339424 -6.48576e-23 3.54988e-05 -0.00347447 5.38622e-23
3.62271e-05 -0.00355652 3.0647e-22 3.69632e-05 -0.0036404 -1.88669e-22 3.77067e-05 -0.00372613 -5.64942e-22
3.8457e-05 -0.00381375 5.89379e-22 3.92138e-05 -0.00390328 -2.86118e-22 3.99765e-05 -0.00399472 -2.02773e-22
4.07446e-05 -0.00408811 2.21754e-22 4.15174e-05 -0.00418346 4.03467e-22 4.22942e-05 -0.00428079 -3.27899e-22
4.30744e-05 -0.00438012 2.04053e-22 4.38571e-05 -0.00448145 -1.92767e-22 4.46416e-05 -0.0045848 7.75087e-23
4.54269e-05 -0.00469017 4.54769e-23 4.62121e-05 -0.00479759 -1.2675e-22 4.69961e-05 -0.00490704 2.46643e-22
4.7778e-05 -0.00501853 -2.16567e-22 4.85564e-05 -0.00513207 -1.58067e-22 4.93303e-05 -0.00524765 -4.53691e-23
5.00983e-05 -0.00536526 2.91654e-22 5.0859e-05 -0.00548489 -6.82662e-22 5.1611e-05 -0.00560654 2.92171e-22
5.23528e-05 -0.00573017 3.48467e-22 5.30828e-05 -0.00585579 -5.78059e-22 5.37992e-05 -0.00598334 1.38737e-22
5.45002e-05 -0.00611282 -1.39355e-22 5.51841e-05 -0.00624418 1.75926e-22 5.58489e-05 -0.00637739 6.20043e-22
5.64925e-05 -0.0065124 -7.91832e-22 5.71127e-05 -0.00664916 6.38632e-23 5.77074e-05 -0.00678761 4.33896e-22
5.82743e-05 -0.00692771 -7.19584e-22 5.88109e-05 -0.00706937 3.16144e-22 5.93147e-05 -0.00721252 1.32673e-22
5.97832e-05 -0.00735709 2.12975e-22 6.02136e-05 -0.00750298 -1.60636e-22 6.06033e-05 -0.0076501 6.7365e-22
6.09492e-05 -0.00779835 -1.14056e-21 6.12486e-05 -0.00794762 1.24671e-21 6.14983e-05 -0.00809779 -4.03358e-22
6.16953e-05 -0.00824873 -9.90324e-22 6.18364e-05 -0.0084003 5.86842e-22 6.19184e-05 -0.00855236 6.09468e-22
6.19378e-05 -0.00870476 3.19481e-22 6.18915e-05 -0.00885733 -1.28533e-21 6.17758e-05 -0.00900991 6.48734e-22
6.15874e-05 -0.0091623 -6.53368e-22 6.13228e-05 -0.00931431 5.50835e-22 6.09783e-05 -0.00946575 -5.91516e-22
6.05505e-05 -0.0096164 1.3471e-21 6.00358e-05 -0.00976603 -1.68306e-21 5.94307e-05 -0.00991442 1.3987e-21
5.87315e-05 -0.0100613 -1.06573e-21 5.79347e-05 -0.0102065 1.06928e-21 5.70373e-05 -0.0103496 -4.7443e-22
5.60371e-05 -0.0104904 -5.7269e-22 5.49148e-05 -0.0106287 4.87987e-22 5.37269e-05 -0.0107641 3.40188e-22
5.23659e-05 -0.0108963 -6.44859e-22 5.08322e-05 -0.0110251 2.99047e-22 4.94396e-05 -0.0111503 -4.72544e-22
4.78891e-05 -0.0112718 -1.73958e-22 4.6128e-05 -0.0113894 9.14552e-22 4.43079e-05 -0.0115028 -2.89828e-22
4.22316e-05 -0.0116117 2.19009e-22 3.98269e-05 -0.0117153 -2.77282e-22 3.71321e-05 -0.0118132 3.84469e-22
3.42822e-05 -0.0119045 6.29644e-22 3.1207e-05 -0.011989 -3.44567e-22 2.78765e-05 -0.012066 -5.21737e-22
2.44691e-05 -0.012135 8.89768e-23 2.08124e-05 -0.0121957 4.20698e-22 1.69591e-05 -0.0122474 -7.98063e-22
1.30301e-05 -0.0122895 1.48973e-21 8.845e-06 -0.0123217 -1.07931e-22 4.5514e-06 -0.0123434 -1.07943e-21
1.66578e-07 -0.0123541 1.0211e-21 -4.44343e-06 -0.0123535 -1.33076e-21 -9.04655e-06 -0.0123408 -7.29803e-22
-1.37289e-05 -0.0123159 2.54109e-22 -1.85817e-05 -0.0122786 1.29891e-21 -2.33763e-05 -0.0122281 -5.40974e-22
-2.82865e-05 -0.0121644 -9.58656e-22 -3.32777e-05 -0.0120869 4.87483e-22 -3.82069e-05 -0.0119952 5.67162e-22
-4.32076e-05 -0.0118893 1.46019e-22 -4.8157e-05 -0.0117686 -5.01178e-22 -5.30195e-05 -0.0116333 2.79755e-22
-5.785e-05 -0.0114832 1.73554e-22 -6.25437e-05 -0.0113184 -4.13354e-23 -6.71638e-05 -0.0111387 1.01323e-22
-7.17029e-05 -0.0109443 -1.72063e-23 -7.6116e-05 -0.010735 4.53711e-22 -8.0452e-05 -0.0105109 -1.45354e-23
-8.46032e-05 -0.0102721 -2.99134e-22 -8.86197e-05 -0.0100188 2.13509e-22 -9.24831e-05 -0.00975115 2.86652e-23
-9.61238e-05 -0.0094694 -1.91418e-22 -9.96206e-05 -0.00917399 7.1033e-23 -0.000102902 -0.00886518 1.69883e-22
-0.000105982 -0.00854351 -6.63863e-22 -0.0001089 -0.0082094 4.42956e-22 -0.000111551 -0.00786323 8.46766e-23
-0.000114047 -0.00750574 -6.20549e-23 -0.000116339 -0.00713727 -5.87108e-23 -0.000118419 -0.00675841 -5.94365e-23
-0.000120342 -0.00636976 1.16464e-22 -0.000122054 -0.0059718 -4.98142e-23 -0.000123603 -0.00556525 -5.47514e-24
-0.00012498 -0.00515065 5.69035e-23 -0.000126173 -0.00472866 -4.37562e-23 -0.000127165 -0.0043 1.04571e-22
-0.000128035 -0.00386556 -5.61581e-23 -0.000128079 -0.00342572 -7.2048e-23 -0.00013002 -0.00298507 4.94406e-24
-0.00011897 -0.00252966 6.30663e-23 -8.36238e-05 -0.00204582 1.65431e-23 -6.4498e-05 -0.00157303 -1.63486e-23
-9.23973e-05 -0.00114544 -9.75214e-24 -0.000123073 -0.000717464 -2.97415e-24 -0.000136728 -0.000269388 -3.47509e-25
-0.000100492 0.000228257 2.84467e-24 -5.80671e-05 0.000727571 4.37784e-24 -6.86174e-05 0.00116512 -1.07025e-23
-8.14168e-05 0.00160081 2.92798e-24 -9.10337e-05 0.00204026 7.52957e-24 -9.74398e-05 0.00248064 8.50253e-24
-0.000101355 0.00291819 -2.1204e-23 -0.00010353 0.00335007 7.45674e-23 -0.00010459 0.00377444 -2.3796e-23
-0.000104788 0.00419035 1.27989e-23 -0.00010425 0.00459691 2.16151e-23 -0.000103056 0.00499313 2.66448e-23
-0.000101258 0.00537824 1.99042e-23 -9.90507e-05 0.00575128 -1.43724e-23 -9.6405e-05 0.00611153 -1.50508e-22
-9.33963e-05 0.00645798 1.49803e-22 -8.99893e-05 0.00678979 -1.34386e-22 -8.61926e-05 0.00710632 9.17859e-23
-8.21241e-05 0.00740703 -3.43374e-23 -7.77313e-05 0.00769174 2.30582e-22 -7.31741e-05 0.00796011 -1.66695e-23
-6.84075e-05 0.00821199 1.24987e-22 -6.35571e-05 0.00844693 -5.61303e-23 -5.86457e-05 0.00866459 -1.47311e-22
-5.36399e-05 0.00886478 -4.82997e-23 -4.86506e-05 0.00904729 2.13718e-23 -4.3524e-05 0.00921244 -2.99918e-23
-3.84791e-05 0.00936013 -5.89936e-23 -3.34028e-05 0.00949086 9.35693e-23 -2.84284e-05 0.00960475 -1.1267e-23
-2.3603e-05 0.00970202 -1.25783e-23 -1.88246e-05 0.00978316 6.37556e-23 -1.42983e-05 0.00984821 -2.23433e-22
-9.79581e-06 0.00989794 1.49804e-22 -5.53444e-06 0.00993245 -1.29714e-22 -1.37293e-06 0.00995244 -2.09385e-23
2.62739e-06 0.00995833 1.91277e-22 6.42289e-06 0.0099505 1.78802e-23 1.01026e-05 0.00992962 -4.02897e-23
1.35185e-05 0.00989596 -6.58663e-23 1.68049e-05 0.00985026 7.46703e-23 1.98377e-05 0.00979286 7.17231e-24
2.26925e-05 0.00972444 -9.37799e-23 2.5348e-05 0.00964557 7.93906e-24 2.77261e-05 0.00955677 2.56561e-23
2.99165e-05 0.00945893 2.6825e-23 3.20004e-05 0.00935243 -8.02218e-24 3.37228e-05 0.00923732 -4.63402e-23
3.57327e-05 0.00911483 -7.30263e-23 3.74876e-05 0.00898488 9.246e-23 3.91318e-05 0.00884804 -5.2191e-23
4.06498e-05 0.00870471 8.51724e-23 4.20023e-05 0.00855534 3.16833e-23 4.31999e-05 0.00840052 1.16015e-22
4.42525e-05 0.0082408 -1.63102e-22 4.51832e-05 0.00807669 -3.05648e-23 4.60109e-05 0.00790859 -5.53729e-23
4.67316e-05 0.00773682 1.064e-22 4.73183e-05 0.00756176 -3.5134e-24 4.77415e-05 0.00738394 1.23478e-23
4.79915e-05 0.00720402 -5.25557e-23 4.80879e-05 0.00702267 1.14466e-22 4.80695e-05 0.00684049 -7.90338e-23
4.79742e-05 0.00665784 6.02089e-23 4.78224e-05 0.00647494 -8.64854e-23 4.76106e-05 0.00629195 1.27237e-22
4.73178e-05 0.00610907 -1.19713e-22 4.69184e-05 0.00592665 1.08504e-22 4.63944e-05 0.00574516 -1.41721e-22
4.57426e-05 0.00556515 6.43398e-23 4.49747e-05 0.00538719 -1.46629e-23 4.41126e-05 0.00521175 -9.76413e-24
4.31812e-05 0.0050392 -7.3375e-24 4.22018e-05 0.00486979 5.59393e-23 4.11882e-05 0.00470366 -3.45721e-23
4.01455e-05 0.00454094 1.5381e-23 3.90717e-05 0.00438172 -9.06246e-24 3.79606e-05 0.00422615 2.40065e-23
3.68047e-05 0.0040744 -1.1229e-23 3.55981e-05 0.00392671 1.15313e-23 3.43383e-05 0.00378334 -3.27826e-23
3.30263e-05 0.00364457 3.41425e-23 3.16666e-05 0.00351067 -1.37918e-23 3.02661e-05 0.00338188 -1.48511e-23
2.88329e-05 0.00325841 4.28697e-24 2.73747e-05 0.00314045 -1.33949e-24 2.58986e-05 0.00302811 8.31719e-24
2.441e-05 0.00292152 -7.23701e-24 2.29125e-05 0.00282076 1.54735e-23 2.1408e-05 0.00272589 -6.38815e-24
1.98971e-05 0.00263703 -2.56576e-24 1.83784e-05 0.00255412 -6.85418e-26 1.68524e-05 0.00247763 -1.46842e-24
1.53114e-05 0.00240647 5.84182e-25 1.3772e-05 0.00234436 3.03933e-24 1.21696e-05 0.0022801 -1.54672e-24
1.07418e-05 0.0022486 -3.17027e-25 8.48319e-06 0.00213476 -4.58312e-25 8.26265e-06 0.00227969 2.1502e-24
4.86725e-06 0.00193734 -1.51439e-24
        </DataArray>
      </CellData>
      <PointData>
        <DataArray type='Float32' Name='k' format='ascii'>
0.179333 0.179333 0.179211 0.179211 0.178967 0.178967 0.178722 0.178722 0.178478
0.178478 0.178234 0.178234 0.177991 0.177991 0.177747 0.177747 0.177504 0.177504
0.17726 0.17726 0.177017 0.177017 0.176774 0.176774 0.176531 0.176531 0.176288
0.176288 0.176045 0.176045 0.175802 0.175802 0.17556 0.17556 0.175317 0.175317
0.175075 0.175075 0.174832 0.174832 0.17459 0.17459 0.174348 0.174348 0.174106
0.174106 0.173864 0.173864 0.173622 0.173622 0.17338 0.17338 0.173139 0.173139
0.172897 0.172897 0.172656 0.172656 0.172415 0.172415 0.172173 0.172173 0.171932
0.171932 0.171691 0.171691 0.171451 0.171451 0.17121 0.17121 0.170969 0.170969
0.170729 0.170729 0.170488 0.170488 0.170248 0.170248 0.170008 0.170008 0.169768
0.169768 0.169528 0.169528 0.169288 0.169288 0.169048 0.169048 0.168809 0.168809
0.168569 0.168569 0.16833 0.16833 0.168091 0.168091 0.167852 0.167852 0.167613
0.167613 0.167374 0.167374 0.167135 0.167135 0.166896 0.166896 0.166658 0.166658
0.166419 0.166419 0.166181 0.166181 0.165943 0.165943 0.165705 0.165705 0.165467
0.165467 0.165229 0.165229 0.164992 0.164992 0.164754 0.164754 0.164517 0.164517
0.16428 0.16428 0.164042 0.164042 0.163805 0.163805 0.163569 0.163569 0.163332
0.163332 0.163095 0.163095 0.162859 0.162859 0.162622 0.162622 0.162386 0.162386
0.16215 0.16215 0.161914 0.161914 0.161678 0.161678 0.161443 0.161443 0.161207
0.161207 0.160972 0.160972 0.160736 0.160736 0.160501 0.160501 0.160266 0.160266
0.160031 0.160031 0.159796 0.159796 0.159562 0.159562 0.159327 0.159327 0.159093
0.159093 0.158859 0.158859 0.158625 0.158625 0.158391 0.158391 0.158157 0.158157
0.157923 0.157923 0.15769 0.15769 0.157457 0.157457 0.157223 0.157223 0.15699
0.15699 0.156757 0.156757 0.156525 0.156525 0.156292 0.156292 0.15606 0.15606
0.155827 0.155827 0.155595 0.155595 0.155363 0.155363 0.155131 0.155131 0.154899
0.154899 0.154668 0.154668 0.154436 0.154436 0.154205 0.154205 0.153974 0.153974
0.153743 0.153743 0.153512 0.153512 0.153282 0.153282 0.153051 0.153051 0.152821
0.152821 0.152591 0.152591 0.152361 0.152361 0.152131 0.152131 0.151901 0.151901
0.151672 0.151672 0.151443 0.151443 0.151214 0.151214 0.150985 0.150985 0.150757
0.150757 0.150528 0.150528 0.1503 0.1503 0.150073 0.150073 0.149845 0.149845
0.149618 0.149618 0.149391 0.149391 0.149164 0.149164 0.148938 0.148938 0.148712
0.148712 0.148487 0.148487 0.148262 0.148262 0.148037 0.148037 0.147813 0.147813
0.14759 0.14759 0.147366 0.147366 0.147144 0.147144 0.146922 0.146922 0.146701
0.146701 0.146481 0.146481 0.146261 0.146261 0.146042 0.146042 0.145824 0.145824
0.145607 0.145607 0.145391 0.145391 0.145175 0.145175 0.144961 0.144961 0.144748
0.144748 0.144536 0.144536 0.144326 0.144326 0.144117 0.144117 0.143909 0.143909
0.143702 0.143702 0.143497 0.143497 0.143294 0.143294 0.143092 0.143092 0.142892
0.142892 0.142694 0.142694 0.142498 0.142498 0.142303 0.142303 0.14211 0.14211
0.14192 0.14192 0.141731 0.141731 0.141545 0.141545 0.14136 0.14136 0.141178
0.141178 0.140998 0.140998 0.140821 0.140821 0.140646 0.140646 0.140473 0.140473
0.140302 0.140302 0.140134 0.140134 0.139969 0.139969 0.139805 0.139805 0.139645
0.139645 0.139487 0.139487 0.139331 0.139331 0.139178 0.139178 0.139027 0.139027
0.138879 0.138879 0.138733 0.138733 0.13859 0.13859 0.138449 0.138449 0.138311
0.138311 0.138175 0.138175 0.138042 0.138042 0.137911 0.137911 0.137782 0.137782
0.137655 0.137655 0.137531 0.137531 0.137409 0.137409 0.137289 0.137289 0.137171
0.137171 0.137055 0.137055 0.136941 0.136941 0.136829 0.136829 0.136719 0.136719
0.136611 0.136611 0.136504 0.136504 0.136399 0.136399 0.136296 0.136296 0.136195
0.136195 0.136095 0.136095 0.135996 0.135996 0.135899 0.135899 0.135803 0.135803
0.135709 0.135709 0.135615 0.135615 0.135523 0.135523 0.135432 0.135432 0.135342
0.135342 0.135253 0.135253 0.135166 0.135166 0.135078 0.135078 0.134992 0.134992
0.134907 0.134907 0.134822 0.134822 0.134739 0.134739 0.134655 0.134655 0.134573
0.134573 0.134491 0.134491 0.134409 0.134409 0.134328 0.134328 0.134248 0.134248
0.134168 0.134168 0.134089 0.134089 0.134009 0.134009 0.133931 0.133931 0.133852
0.133852 0.133774 0.133774 0.133696 0.133696 0.133618 0.133618 0.133541 0.133541
0.133464 0.133464 0.133387 0.133387 0.13331 0.13331 0.133233 0.133233 0.133157
0.133157 0.13308 0.13308 0.133004 0.133004 0.132928 0.132928 0.132851 0.132851
0.132775 0.132775 0.132699 0.132699 0.132623 0.132623 0.132547 0.132547 0.132471
0.132471 0.132396 0.132396 0.13232 0.13232 0.132244 0.132244 0.132168 0.132168
0.132092 0.132092 0.132016 0.132016 0.131941 0.131941 0.131865 0.131865 0.131789
0.131789 0.131713 0.131713 0.131637 0.131637 0.131561 0.131561 0.131485 0.131485
0.13141 0.13141 0.131334 0.131334 0.131258 0.131258 0.131182 0.131182 0.131106
0.131106 0.13103 0.13103 0.130953 0.130953 0.130877 0.130877 0.130801 0.130801
0.130725 0.130725 0.130649 0.130649 0.130573 0.130573 0.130497 0.130497 0.13042
0.13042 0.130344 0.130344 0.130268 0.130268 0.130191 0.130191 0.130115 0.130115
0.130039 0.130039 0.129962 0.129962 0.129886 0.129886 0.12981 0.12981 0.129733
0.129733 0.129657 0.129657 0.129581 0.129581 0.129504 0.129504 0.129428 0.129428
0.129352 0.129352 0.129275 0.129275 0.129199 0.129199 0.129123 0.129123 0.129047
0.129047 0.12897 0.12897 0.128894 0.128894 0.128818 0.128818 0.128742 0.128742
0.128666 0.128666 0.12859 0.12859 0.128514 0.128514 0.128438 0.128438 0.128362
0.128362 0.128287 0.128287 0.128211 0.128211 0.128135 0.128135 0.12806 0.12806
0.127984 0.127984 0.127909 0.127909 0.127834 0.127834 0.127759 0.127759 0.127684
0.127684 0.127609 0.127609 0.127535 0.127535 0.12746 0.12746 0.127386 0.127386
0.127311 0.127311 0.127237 0.127237 0.127164 0.127164 0.12709 0.12709 0.127016
0.127016 0.126943 0.126943 0.12687 0.12687 0.126797 0.126797 0.126725 0.126725
0.126653 0.126653 0.126581 0.126581 0.126509 0.126509 0.126437 0.126437 0.126366
0.126366 0.126295 0.126295 0.126225 0.126225 0.126154 0.126154 0.126084 0.126084
0.126015 0.126015 0.125946 0.125946 0.125877 0.125877 0.125808 0.125808 0.12574
0.12574 0.125673 0.125673 0.125605 0.125605 0.125539 0.125539 0.125472 0.125472
0.125406 0.125406 0.125341 0.125341 0.125276 0.125276 0.125211 0.125211 0.125147
0.125147 0.125084 0.125084 0.125021 0.125021 0.124958 0.124958 0.124896 0.124896
0.124835 0.124835 0.124774 0.124774 0.124713 0.124713 0.124653 0.124653 0.124594
0.124594 0.124535 0.124535 0.124476 0.124476 0.124418 0.124418 0.124361 0.124361
0.124304 0.124304 0.124247 0.124247 0.124191 0.124191 0.124136 0.124136 0.124081
0.124081 0.124026 0.124026 0.123971 0.123971 0.123918 0.123918 0.123864 0.123864
0.123811 0.123811 0.123758 0.123758 0.123706 0.123706 0.123653 0.123653 0.123601
0.123601 0.12355 0.12355 0.123498 0.123498 0.123447 0.123447 0.123395 0.123395
0.123344 0.123344 0.123293 0.123293 0.123241 0.123241 0.12319 0.12319 0.123139
0.123139 0.123087 0.123087 0.123035 0.123035 0.122983 0.122983 0.12293 0.12293
0.122878 0.122878 0.122825 0.122825 0.122771 0.122771 0.122717 0.122717 0.122662
0.122662 0.122607 0.122607 0.122552 0.122552 0.122495 0.122495 0.122438 0.122438
0.122381 0.122381 0.122323 0.122323 0.122264 0.122264 0.122204 0.122204 0.122143
0.122143 0.122082 0.122082 0.122021 0.122021 0.121958 0.121958 0.121895 0.121895
0.121831 0.121831 0.121766 0.121766 0.121701 0.121701 0.121635 0.121635 0.121568
0.121568 0.121501 0.121501 0.121433 0.121433 0.121365 0.121365 0.121297 0.121297
0.121228 0.121228 0.121158 0.121158 0.121089 0.121089 0.121019 0.121019 0.120949
0.120949 0.120879 0.120879 0.120809 0.120809 0.12074 0.12074 0.12067 0.12067
0.120601 0.120601 0.120531 0.120531 0.120462 0.120462 0.120394 0.120394 0.120326
0.120326 0.120258 0.120258 0.120191 0.120191 0.120124 0.120124 0.120058 0.120058
0.119992 0.119992 0.119928 0.119928 0.119863 0.119863 0.1198 0.1198 0.119737
0.119737 0.119674 0.119674 0.119613 0.119613 0.119552 0.119552 0.119491 0.119491
0.119431 0.119431 0.119372 0.119372 0.119313 0.119313 0.119254 0.119254 0.119196
0.119196 0.119138 0.119138 0.11908 0.11908 0.119022 0.119022 0.118965 0.118965
0.118907 0.118907 0.11885 0.11885 0.118792 0.118792 0.118734 0.118734 0.118676
0.118676 0.118618 0.118618 0.118559 0.118559 0.1185 0.1185 0.11844 0.11844
0.11838 0.11838 0.118319 0.118319 0.118257 0.118257 0.118195 0.118195 0.118131
0.118131 0.118067 0.118067 0.118002 0.118002 0.117937 0.117937 0.11787 0.11787
0.117803 0.117803 0.117734 0.117734 0.117665 0.117665 0.117595 0.117595 0.117523
0.117523 0.117451 0.117451 0.117378 0.117378 0.117304 0.117304 0.117228 0.117228
0.117152 0.117152 0.117075 0.117075 0.116996 0.116996 0.116917 0.116917 0.116837
0.116837 0.116756 0.116756 0.116674 0.116674 0.11659 0.11659 0.116506 0.116506
0.116422 0.116422 0.116336 0.116336 0.116249 0.116249 0.116162 0.116162 0.116073
0.116073 0.115984 0.115984 0.115895 0.115895 0.115804 0.115804 0.115713 0.115713
0.115621 0.115621 0.115528 0.115528 0.115435 0.115435 0.115341 0.115341 0.115247
0.115247 0.115152 0.115152 0.115057 0.115057 0.114961 0.114961 0.114864 0.114864
0.114767 0.114767 0.114669 0.114669 0.114571 0.114571 0.114473 0.114473 0.114374
0.114374 0.114275 0.114275 0.114175 0.114175 0.114075 0.114075 0.113975 0.113975
0.113874 0.113874 0.113773 0.113773 0.113671 0.113671 0.113569 0.113569 0.113467
0.113467 0.113365 0.113365 0.113262 0.113262 0.11321 0.11321
        </DataArray>
        <DataArray type='Float32' Name='nut' format='ascii'>
0.000568147 0.000568147 0.000568083 0.000568083 0.000567954 0.000567954 0.000567825 0.000567825 0.000567695
0.000567695 0.000567566 0.000567566 0.000567437 0.000567437 0.000567307 0.000567307 0.000567178 0.000567178
0.000567048 0.000567048 0.000566919 0.000566919 0.000566789 0.000566789 0.000566659 0.000566659 0.000566529
0.000566529 0.000566399 0.000566399 0.000566269 0.000566269 0.000566138 0.000566138 0.000566008 0.000566008
0.000565878 0.000565878 0.000565747 0.000565747 0.000565616 0.000565616 0.000565486 0.000565486 0.000565355
0.000565355 0.000565224 0.000565224 0.000565093 0.000565093 0.000564962 0.000564962 0.000564831 0.000564831
0.000564699 0.000564699 0.000564568 0.000564568 0.000564436 0.000564436 0.000564305 0.000564305 0.000564173
0.000564173 0.000564041 0.000564041 0.000563909 0.000563909 0.000563778 0.000563778 0.000563646 0.000563646
0.000563513 0.000563513 0.000563381 0.000563381 0.000563249 0.000563249 0.000563116 0.000563116 0.000562984
0.000562984 0.000562851 0.000562851 0.000562719 0.000562719 0.000562586 0.000562586 0.000562453 0.000562453
0.00056232 0.00056232 0.000562187 0.000562187 0.000562054 0.000562054 0.00056192 0.00056192 0.000561787
0.000561787 0.000561654 0.000561654 0.00056152 0.00056152 0.000561387 0.000561387 0.000561253 0.000561253
0.000561119 0.000561119 0.000560985 0.000560985 0.000560851 0.000560851 0.000560717 0.000560717 0.000560583
0.000560583 0.000560449 0.000560449 0.000560314 0.000560314 0.00056018 0.00056018 0.000560045 0.000560045
0.000559911 0.000559911 0.000559776 0.000559776 0.000559641 0.000559641 0.000559506 0.000559506 0.000559371
0.000559371 0.000559236 0.000559236 0.000559101 0.000559101 0.000558966 0.000558966 0.000558831 0.000558831
0.000558695 0.000558695 0.00055856 0.00055856 0.000558424 0.000558424 0.000558289 0.000558289 0.000558153
0.000558153 0.000558017 0.000558017 0.000557881 0.000557881 0.000557745 0.000557745 0.000557609 0.000557609
0.000557473 0.000557473 0.000557337 0.000557337 0.0005572 0.0005572 0.000557064 0.000557064 0.000556927
0.000556927 0.000556791 0.000556791 0.000556654 0.000556654 0.000556517 0.000556517 0.00055638 0.00055638
0.000556243 0.000556243 0.000556106 0.000556106 0.000555969 0.000555969 0.000555832 0.000555832 0.000555695
0.000555695 0.000555557 0.000555557 0.00055542 0.00055542 0.000555282 0.000555282 0.000555145 0.000555145
0.000555007 0.000555007 0.000554869 0.000554869 0.000554731 0.000554731 0.000554593 0.000554593 0.000554455
0.000554455 0.000554317 0.000554317 0.000554179 0.000554179 0.000554041 0.000554041 0.000553902 0.000553902
0.000553764 0.000553764 0.000553625 0.000553625 0.000553487 0.000553487 0.000553348 0.000553348 0.000553209
0.000553209 0.000553071 0.000553071 0.000552932 0.000552932 0.000552793 0.000552793 0.000552654 0.000552654
0.000552515 0.000552515 0.000552376 0.000552376 0.000552238 0.000552238 0.000552099 0.000552099 0.00055196
0.00055196 0.000551821 0.000551821 0.000551682 0.000551682 0.000551543 0.000551543 0.000551404 0.000551404
0.000551266 0.000551266 0.000551127 0.000551127 0.000550989 0.000550989 0.00055085 0.00055085 0.000550712
0.000550712 0.000550574 0.000550574 0.000550437 0.000550437 0.000550299 0.000550299 0.000550162 0.000550162
0.000550025 0.000550025 0.000549889 0.000549889 0.000549752 0.000549752 0.000549617 0.000549617 0.000549482
0.000549482 0.000549347 0.000549347 0.000549213 0.000549213 0.000549079 0.000549079 0.000548946 0.000548946
0.000548814 0.000548814 0.000548683 0.000548683 0.000548552 0.000548552 0.000548423 0.000548423 0.000548294
0.000548294 0.000548166 0.000548166 0.00054804 0.00054804 0.000547914 0.000547914 0.000547789 0.000547789
0.000547666 0.000547666 0.000547544 0.000547544 0.000547423 0.000547423 0.000547304 0.000547304 0.000547186
0.000547186 0.000547069 0.000547069 0.000546954 0.000546954 0.00054684 0.00054684 0.000546728 0.000546728
0.000546618 0.000546618 0.000546509 0.000546509 0.000546402 0.000546402 0.000546297 0.000546297 0.000546193
0.000546193 0.000546091 0.000546091 0.000545991 0.000545991 0.000545893 0.000545893 0.000545796 0.000545796
0.000545701 0.000545701 0.000545608 0.000545608 0.000545517 0.000545517 0.000545428 0.000545428 0.00054534
0.00054534 0.000545254 0.000545254 0.00054517 0.00054517 0.000545088 0.000545088 0.000545007 0.000545007
0.000544928 0.000544928 0.000544851 0.000544851 0.000544775 0.000544775 0.000544701 0.000544701 0.000544628
0.000544628 0.000544557 0.000544557 0.000544487 0.000544487 0.000544419 0.000544419 0.000544352 0.000544352
0.000544286 0.000544286 0.000544222 0.000544222 0.000544159 0.000544159 0.000544097 0.000544097 0.000544036
0.000544036 0.000543976 0.000543976 0.000543917 0.000543917 0.000543859 0.000543859 0.000543802 0.000543802
0.000543746 0.000543746 0.000543691 0.000543691 0.000543637 0.000543637 0.000543583 0.000543583 0.00054353
0.00054353 0.000543477 0.000543477 0.000543425 0.000543425 0.000543374 0.000543374 0.000543323 0.000543323
0.000543272 0.000543272 0.000543222 0.000543222 0.000543172 0.000543172 0.000543123 0.000543123 0.000543074
0.000543074 0.000543025 0.000543025 0.000542976 0.000542976 0.000542928 0.000542928 0.00054288 0.00054288
0.000542832 0.000542832 0.000542784 0.000542784 0.000542736 0.000542736 0.000542688 0.000542688 0.000542641
0.000542641 0.000542593 0.000542593 0.000542546 0.000542546 0.000542498 0.000542498 0.000542451 0.000542451
0.000542403 0.000542403 0.000542356 0.000542356 0.000542308 0.000542308 0.000542261 0.000542261 0.000542213
0.000542213 0.000542165 0.000542165 0.000542118 0.000542118 0.00054207 0.00054207 0.000542022 0.000542022
0.000541974 0.000541974 0.000541927 0.000541927 0.000541879 0.000541879 0.000541831 0.000541831 0.000541783
0.000541783 0.000541734 0.000541734 0.000541686 0.000541686 0.000541638 0.000541638 0.000541589 0.000541589
0.000541541 0.000541541 0.000541492 0.000541492 0.000541444 0.000541444 0.000541395 0.000541395 0.000541346
0.000541346 0.000541297 0.000541297 0.000541249 0.000541249 0.0005412 0.0005412 0.00054115 0.00054115
0.000541101 0.000541101 0.000541052 0.000541052 0.000541003 0.000541003 0.000540954 0.000540954 0.000540904
0.000540904 0.000540855 0.000540855 0.000540805 0.000540805 0.000540756 0.000540756 0.000540706 0.000540706
0.000540657 0.000540657 0.000540607 0.000540607 0.000540557 0.000540557 0.000540507 0.000540507 0.000540458
0.000540458 0.000540408 0.000540408 0.000540358 0.000540358 0.000540308 0.000540308 0.000540258 0.000540258
0.000540208 0.000540208 0.000540158 0.000540158 0.000540108 0.000540108 0.000540058 0.000540058 0.000540008
0.000540008 0.000539958 0.000539958 0.000539908 0.000539908 0.000539858 0.000539858 0.000539807 0.000539807
0.000539757 0.000539757 0.000539707 0.000539707 0.000539657 0.000539657 0.000539607 0.000539607 0.000539557
0.000539557 0.000539507 0.000539507 0.000539457 0.000539457 0.000539407 0.000539407 0.000539357 0.000539357
0.000539307 0.000539307 0.000539257 0.000539257 0.000539208 0.000539208 0.000539158 0.000539158 0.000539108
0.000539108 0.000539058 0.000539058 0.000539009 0.000539009 0.000538959 0.000538959 0.00053891 0.00053891
0.000538861 0.000538861 0.000538811 0.000538811 0.000538762 0.000538762 0.000538713 0.000538713 0.000538665
0.000538665 0.000538616 0.000538616 0.000538567 0.000538567 0.000538519 0.000538519 0.000538471 0.000538471
0.000538422 0.000538422 0.000538375 0.000538375 0.000538327 0.000538327 0.000538279 0.000538279 0.000538232
0.000538232 0.000538185 0.000538185 0.000538138 0.000538138 0.000538092 0.000538092 0.000538045 0.000538045
0.000537999 0.000537999 0.000537954 0.000537954 0.000537908 0.000537908 0.000537863 0.000537863 0.000537818
0.000537818 0.000537774 0.000537774 0.00053773 0.00053773 0.000537686 0.000537686 0.000537643 0.000537643
0.0005376 0.0005376 0.000537558 0.000537558 0.000537516 0.000537516 0.000537474 0.000537474 0.000537433
0.000537433 0.000537393 0.000537393 0.000537353 0.000537353 0.000537314 0.000537314 0.000537275 0.000537275
0.000537237 0.000537237 0.000537199 0.000537199 0.000537162 0.000537162 0.000537126 0.000537126 0.00053709
0.00053709 0.000537055 0.000537055 0.000537021 0.000537021 0.000536987 0.000536987 0.000536954 0.000536954
0.000536922 0.000536922 0.000536891 0.000536891 0.00053686 0.00053686 0.000536831 0.000536831 0.000536802
0.000536802 0.000536774 0.000536774 0.000536746 0.000536746 0.00053672 0.00053672 0.000536694 0.000536694
0.000536669 0.000536669 0.000536646 0.000536646 0.000536623 0.000536623 0.0005366 0.0005366 0.000536579
0.000536579 0.000536559 0.000536559 0.000536539 0.000536539 0.00053652 0.00053652 0.000536502 0.000536502
0.000536485 0.000536485 0.000536468 0.000536468 0.000536452 0.000536452 0.000536437 0.000536437 0.000536423
0.000536423 0.000536409 0.000536409 0.000536395 0.000536395 0.000536383 0.000536383 0.000536371 0.000536371
0.000536359 0.000536359 0.000536348 0.000536348 0.000536337 0.000536337 0.000536327 0.000536327 0.000536316
0.000536316 0.000536306 0.000536306 0.000536297 0.000536297 0.000536287 0.000536287 0.000536277 0.000536277
0.000536267 0.000536267 0.000536257 0.000536257 0.000536247 0.000536247 0.000536236 0.000536236 0.000536225
0.000536225 0.000536214 0.000536214 0.000536201 0.000536201 0.000536189 0.000536189 0.000536175 0.000536175
0.000536161 0.000536161 0.000536145 0.000536145 0.000536129 0.000536129 0.000536112 0.000536112 0.000536093
0.000536093 0.000536073 0.000536073 0.000536052 0.000536052 0.00053603 0.00053603 0.000536006 0.000536006
0.000535981 0.000535981 0.000535955 0.000535955 0.000535927 0.000535927 0.000535897 0.000535897 0.000535866
0.000535866 0.000535834 0.000535834 0.000535799 0.000535799 0.000535764 0.000535764 0.000535727 0.000535727
0.000535689 0.000535689 0.000535649 0.000535649 0.000535608 0.000535608 0.000535566 0.000535566 0.000535522
0.000535522 0.000535478 0.000535478 0.000535432 0.000535432 0.000535385 0.000535385 0.000535338 0.000535338
0.00053529 0.00053529 0.000535241 0.000535241 0.000535192 0.000535192 0.000535143 0.000535143 0.000535093
0.000535093 0.000535044 0.000535044 0.000534995 0.000534995 0.000534946 0.000534946 0.000534897 0.000534897
0.000534849 0.000534849 0.000534802 0.000534802 0.000534755 0.000534755 0.000534709 0.000534709 0.000534664
0.000534664 0.000534621 0.000534621 0.000534578 0.000534578 0.000534537 0.000534537 0.000534497 0.000534497
0.000534459 0.000534459 0.000534422 0.000534422 0.000534387 0.000534387 0.000534354 0.000534354 0.000534322
0.000534322 0.000534292 0.000534292 0.000534263 0.000534263 0.000534236 0.000534236 0.000534211 0.000534211
0.000534187 0.000534187 0.000534164 0.000534164 0.000534143 0.000534143 0.000534123 0.000534123 0.000534104
0.000534104 0.000534087 0.000534087 0.00053407 0.00053407 0.000534054 0.000534054 0.000534039 0.000534039
0.000534024 0.000534024 0.00053401 0.00053401 0.000533996 0.000533996 0.000533982 0.000533982 0.000533968
0.000533968 0.000533953 0.000533953 0.000533939 0.000533939 0.000533924 0.000533924 0.000533908 0.000533908
0.000533892 0.000533892 0.000533875 0.000533875 0.000533856 0.000533856 0.000533837 0.000533837 0.000533816
0.000533816 0.000533794 0.000533794 0.000533771 0.000533771 0.000533747 0.000533747 0.000533721 0.000533721
0.000533694 0.000533694 0.000533666 0.000533666 0.000533636 0.000533636 0.000533605 0.000533605 0.000533572
0.000533572 0.000533538 0.000533538 0.000533502 0.000533502 0.000533464 0.000533464 0.000533425 0.000533425
0.000533384 0.000533384 0.000533341 0.000533341 0.000533297 0.000533297 0.000533251 0.000533251 0.000533203
0.000533203 0.000533154 0.000533154 0.000533103 0.000533103 0.000533051 0.000533051 0.000532997 0.000532997
0.000532941 0.000532941 0.000532884 0.000532884 0.000532825 0.000532825 0.000532765 0.000532765 0.000532704
0.000532704 0.000532641 0.000532641 0.000532576 0.000532576 0.000532511 0.000532511 0.000532444 0.000532444
0.000532376 0.000532376 0.000532306 0.000532306 0.000532236 0.000532236 0.000532164 0.000532164 0.000532091
0.000532091 0.000532017 0.000532017 0.000531942 0.000531942 0.000531866 0.000531866 0.000531789 0.000531789
0.000531711 0.000531711 0.000531632 0.000531632 0.000531552 0.000531552 0.000531471 0.000531471 0.000531389
0.000531389 0.000531306 0.000531306 0.000531223 0.000531223 0.000531138 0.000531138 0.000531053 0.000531053
0.000530967 0.000530967 0.00053088 0.00053088 0.000530793 0.000530793 0.000530704 0.000530704 0.000530615
0.000530615 0.000530525 0.000530525 0.000530434 0.000530434 0.000530388 0.000530388
        </DataArray>
        <DataArray type='Float32' Name='omega' format='ascii'>
315.645 315.645 315.466 315.466 315.108 315.108 314.749 314.749 314.391
314.391 314.033 314.033 313.675 313.675 313.317 313.317 312.96 312.96
312.602 312.602 312.244 312.244 311.887 311.887 311.529 311.529 311.172
311.172 310.815 310.815 310.457 310.457 310.1 310.1 309.743 309.743
309.386 309.386 309.029 309.029 308.672 308.672 308.315 308.315 307.959
307.959 307.602 307.602 307.245 307.245 306.889 306.889 306.532 306.532
306.176 306.176 305.82 305.82 305.463 305.463 305.107 305.107 304.751
304.751 304.395 304.395 304.039 304.039 303.683 303.683 303.328 303.328
302.972 302.972 302.616 302.616 302.261 302.261 301.905 301.905 301.55
301.55 301.195 301.195 300.84 300.84 300.485 300.485 300.13 300.13
299.775 299.775 299.42 299.42 299.065 299.065 298.711 298.711 298.356
298.356 298.002 298.002 297.647 297.647 297.293 297.293 296.939 296.939
296.585 296.585 296.231 296.231 295.877 295.877 295.523 295.523 295.17
295.17 294.816 294.816 294.463 294.463 294.109 294.109 293.756 293.756
293.403 293.403 293.05 293.05 292.697 292.697 292.344 292.344 291.992
291.992 291.639 291.639 291.286 291.286 290.934 290.934 290.582 290.582
290.23 290.23 289.878 289.878 289.526 289.526 289.174 289.174 288.822
288.822 288.471 288.471 288.119 288.119 287.768 287.768 287.417 287.417
287.065 287.065 286.714 286.714 286.364 286.364 286.013 286.013 285.662
285.662 285.312 285.312 284.961 284.961 284.611 284.611 284.261 284.261
283.911 283.911 283.561 283.561 283.211 283.211 282.861 282.861 282.512
282.512 282.163 282.163 281.813 281.813 281.464 281.464 281.115 281.115
280.766 280.766 280.418 280.418 280.069 280.069 279.721 279.721 279.372
279.372 279.024 279.024 278.676 278.676 278.328 278.328 277.98 277.98
277.633 277.633 277.285 277.285 276.938 276.938 276.591 276.591 276.244
276.244 275.897 275.897 275.551 275.551 275.204 275.204 274.858 274.858
274.512 274.512 274.166 274.166 273.82 273.82 273.475 273.475 273.13
273.13 272.785 272.785 272.44 272.44 272.096 272.096 271.752 271.752
271.408 271.408 271.064 271.064 270.721 270.721 270.379 270.379 270.036
270.036 269.694 269.694 269.353 269.353 269.012 269.012 268.672 268.672
268.332 268.332 267.993 267.993 267.655 267.655 267.318 267.318 266.981
266.981 266.645 266.645 266.31 266.31 265.976 265.976 265.643 265.643
265.311 265.311 264.981 264.981 264.652 264.652 264.324 264.324 263.997
263.997 263.673 263.673 263.349 263.349 263.028 263.028 262.708 262.708
262.391 262.391 262.075 262.075 261.761 261.761 261.45 261.45 261.141
261.141 260.834 260.834 260.53 260.53 260.228 260.228 259.929 259.929
259.633 259.633 259.339 259.339 259.049 259.049 258.761 258.761 258.477
258.477 258.196 258.196 257.918 257.918 257.643 257.643 257.372 257.372
257.105 257.105 256.84 256.84 256.58 256.58 256.323 256.323 256.069
256.069 255.82 255.82 255.574 255.574 255.331 255.331 255.093 255.093
254.858 254.858 254.627 254.627 254.399 254.399 254.175 254.175 253.955
253.955 253.739 253.739 253.526 253.526 253.317 253.317 253.112 253.112
252.909 252.909 252.711 252.711 252.516 252.516 252.324 252.324 252.135
252.135 251.95 251.95 251.768 251.768 251.589 251.589 251.413 251.413
251.24 251.24 251.069 251.069 250.902 250.902 250.737 250.737 250.574
250.574 250.415 250.415 250.257 250.257 250.102 250.102 249.949 249.949
249.799 249.799 249.65 249.65 249.503 249.503 249.358 249.358 249.215
249.215 249.074 249.074 248.934 248.934 248.796 248.796 248.66 248.66
248.525 248.525 248.391 248.391 248.258 248.258 248.127 248.127 247.996
247.996 247.867 247.867 247.738 247.738 247.611 247.611 247.484 247.484
247.359 247.359 247.234 247.234 247.109 247.109 246.986 246.986 246.863
246.863 246.74 246.74 246.618 246.618 246.496 246.496 246.375 246.375
246.255 246.255 246.134 246.134 246.014 246.014 245.894 245.894 245.775
245.775 245.656 245.656 245.537 245.537 245.418 245.418 245.299 245.299
245.18 245.18 245.062 245.062 244.944 244.944 244.826 244.826 244.707
244.707 244.589 244.589 244.471 244.471 244.353 244.353 244.235 244.235
244.117 244.117 243.999 243.999 243.882 243.882 243.764 243.764 243.646
243.646 243.528 243.528 243.41 243.41 243.292 243.292 243.174 243.174
243.055 243.055 242.937 242.937 242.819 242.819 242.701 242.701 242.583
242.583 242.464 242.464 242.346 242.346 242.227 242.227 242.109 242.109
241.99 241.99 241.872 241.872 241.753 241.753 241.634 241.634 241.515
241.515 241.397 241.397 241.278 241.278 241.159 241.159 241.04 241.04
240.921 240.921 240.802 240.802 240.683 240.683 240.564 240.564 240.444
240.444 240.325 240.325 240.206 240.206 240.087 240.087 239.967 239.967
239.848 239.848 239.729 239.729 239.609 239.609 239.49 239.49 239.371
239.371 239.251 239.251 239.132 239.132 239.013 239.013 238.893 238.893
238.774 238.774 238.655 238.655 238.536 238.536 238.417 238.417 238.297
238.297 238.178 238.178 238.059 238.059 237.94 237.94 237.822 237.822
237.703 237.703 237.584 237.584 237.465 237.465 237.347 237.347 237.229
237.229 237.11 237.11 236.992 236.992 236.874 236.874 236.756 236.756
236.639 236.639 236.521 236.521 236.404 236.404 236.287 236.287 236.17
236.17 236.053 236.053 235.937 235.937 235.821 235.821 235.705 235.705
235.589 235.589 235.473 235.473 235.358 235.358 235.243 235.243 235.129
235.129 235.015 235.015 234.901 234.901 234.787 234.787 234.674 234.674
234.561 234.561 234.449 234.449 234.337 234.337 234.225 234.225 234.114
234.114 234.003 234.003 233.893 233.893 233.783 233.783 233.674 233.674
233.565 233.565 233.457 233.457 233.349 233.349 233.242 233.242 233.135
233.135 233.029 233.029 232.923 232.923 232.818 232.818 232.714 232.714
232.61 232.61 232.507 232.507 232.404 232.404 232.302 232.302 232.2
232.2 232.099 232.099 231.999 231.999 231.899 231.899 231.8 231.8
231.701 231.701 231.603 231.603 231.505 231.505 231.408 231.408 231.311
231.311 231.215 231.215 231.12 231.12 231.025 231.025 230.93 230.93
230.836 230.836 230.742 230.742 230.649 230.649 230.556 230.556 230.464
230.464 230.371 230.371 230.279 230.279 230.188 230.188 230.096 230.096
230.005 230.005 229.913 229.913 229.822 229.822 229.731 229.731 229.64
229.64 229.548 229.548 229.457 229.457 229.365 229.365 229.273 229.273
229.181 229.181 229.088 229.088 228.995 228.995 228.902 228.902 228.808
228.808 228.714 228.714 228.619 228.619 228.523 228.523 228.427 228.427
228.33 228.33 228.233 228.233 228.135 228.135 228.036 228.036 227.937
227.937 227.836 227.836 227.735 227.735 227.634 227.634 227.531 227.531
227.428 227.428 227.324 227.324 227.22 227.22 227.114 227.114 227.009
227.009 226.902 226.902 226.795 226.795 226.687 226.687 226.579 226.579
226.471 226.471 226.362 226.362 226.252 226.252 226.143 226.143 226.033
226.033 225.924 225.924 225.814 225.814 225.704 225.704 225.595 225.595
225.485 225.485 225.376 225.376 225.267 225.267 225.158 225.158 225.049
225.049 224.941 224.941 224.833 224.833 224.726 224.726 224.619 224.619
224.512 224.512 224.406 224.406 224.301 224.301 224.196 224.196 224.091
224.091 223.987 223.987 223.884 223.884 223.781 223.781 223.678 223.678
223.576 223.576 223.474 223.474 223.372 223.372 223.271 223.271 223.169
223.169 223.068 223.068 222.967 222.967 222.866 222.866 222.764 222.764
222.663 222.663 222.561 222.561 222.459 222.459 222.357 222.357 222.254
222.254 222.15 222.15 222.046 222.046 221.942 221.942 221.836 221.836
221.73 221.73 221.623 221.623 221.515 221.515 221.406 221.406 221.296
221.296 221.185 221.185 221.073 221.073 220.96 220.96 220.846 220.846
220.73 220.73 220.614 220.614 220.496 220.496 220.378 220.378 220.258
220.258 220.136 220.136 220.014 220.014 219.89 219.89 219.765 219.765
219.639 219.639 219.512 219.512 219.383 219.383 219.254 219.254 219.123
219.123 218.991 218.991 218.857 218.857 218.723 218.723 218.588 218.588
218.451 218.451 218.314 218.314 218.175 218.175 218.036 218.036 217.895
217.895 217.754 217.754 217.611 217.611 217.468 217.468 217.324 217.324
217.179 217.179 217.034 217.034 216.888 216.888 216.74 216.74 216.593
216.593 216.444 216.444 216.295 216.295 216.146 216.146 215.996 215.996
215.845 215.845 215.693 215.693 215.542 215.542 215.389 215.389 215.236
215.236 215.083 215.083 214.929 214.929 214.775 214.775 214.62 214.62
214.465 214.465 214.31 214.31 214.154 214.154 213.997 213.997 213.841
213.841 213.684 213.684 213.526 213.526 213.447 213.447
        </DataArray>
        <DataArray type='Float32' Name='p' format='ascii'>
13.405 13.405 13.4049 13.4049 13.4048 13.4048 13.4045 13.4045 13.404
13.404 13.4035 13.4035 13.4029 13.4029 13.4021 13.4021 13.4012 13.4012
13.4002 13.4002 13.3991 13.3991 13.3978 13.3978 13.3964 13.3964 13.3949
13.3949 13.3933 13.3933 13.3915 13.3915 13.3896 13.3896 13.3876 13.3876
13.3855 13.3855 13.3832 13.3832 13.3808 13.3808 13.3783 13.3783 13.3756
13.3756 13.3728 13.3728 13.3699 13.3699 13.3668 13.3668 13.3637 13.3637
13.3603 13.3603 13.3569 13.3569 13.3533 13.3533 13.3496 13.3496 13.3457
13.3457 13.3418 13.3418 13.3376 13.3376 13.3334 13.3334 13.329 13.329
13.3245 13.3245 13.3198 13.3198 13.315 13.315 13.3101 13.3101 13.305
13.305 13.2998 13.2998 13.2945 13.2945 13.289 13.289 13.2834 13.2834
13.2777 13.2777 13.2718 13.2718 13.2658 13.2658 13.2596 13.2596 13.2533
13.2533 13.2469 13.2469 13.2403 13.2403 13.2336 13.2336 13.2267 13.2267
13.2197 13.2197 13.2126 13.2126 13.2053 13.2053 13.1979 13.1979 13.1904
13.1904 13.1827 13.1827 13.1748 13.1748 13.1669 13.1669 13.1588 13.1588
13.1505 13.1505 13.1422 13.1422 13.1337 13.1337 13.125 13.125 13.1162
13.1162 13.1073 13.1073 13.0982 13.0982 13.089 13.089 13.0796 13.0796
13.0702 13.0702 13.0605 13.0605 13.0508 13.0508 13.0409 13.0409 13.0308
13.0308 13.0206 13.0206 13.0103 13.0103 12.9999 12.9999 12.9893 12.9893
12.9785 12.9785 12.9677 12.9677 12.9567 12.9567 12.9455 12.9455 12.9342
12.9342 12.9228 12.9228 12.9113 12.9113 12.8996 12.8996 12.8877 12.8877
12.8757 12.8757 12.8636 12.8636 12.8514 12.8514 12.839 12.839 12.8265
12.8265 12.8138 12.8138 12.801 12.801 12.788 12.788 12.775 12.775
12.7617 12.7617 12.7484 12.7484 12.7349 12.7349 12.7212 12.7212 12.7074
12.7074 12.6935 12.6935 12.6794 12.6794 12.6652 12.6652 12.6509 12.6509
12.6364 12.6364 12.6218 12.6218 12.607 12.607 12.592 12.592 12.577
12.577 12.5618 12.5618 12.5464 12.5464 12.5309 12.5309 12.5152 12.5152
12.4994 12.4994 12.4835 12.4835 12.4674 12.4674 12.4511 12.4511 12.4347
12.4347 12.4182 12.4182 12.4015 12.4015 12.3846 12.3846 12.3676 12.3676
12.3504 12.3504 12.3331 12.3331 12.3156 12.3156 12.2979 12.2979 12.2801
12.2801 12.2621 12.2621 12.244 12.244 12.2257 12.2257 12.2072 12.2072
12.1885 12.1885 12.1697 12.1697 12.1507 12.1507 12.1315 12.1315 12.1121
12.1121 12.0926 12.0926 12.0728 12.0728 12.0529 12.0529 12.0328 12.0328
12.0125 12.0125 11.992 11.992 11.9713 11.9713 11.9504 11.9504 11.9293
11.9293 11.908 11.908 11.8865 11.8865 11.8648 11.8648 11.8429 11.8429
11.8207 11.8207 11.7983 11.7983 11.7757 11.7757 11.7529 11.7529 11.7298
11.7298 11.7065 11.7065 11.6829 11.6829 11.6591 11.6591 11.6351 11.6351
11.6108 11.6108 11.5862 11.5862 11.5614 11.5614 11.5362 11.5362 11.5108
11.5108 11.4852 11.4852 11.4592 11.4592 11.4329 11.4329 11.4064 11.4064
11.3795 11.3795 11.3523 11.3523 11.3248 11.3248 11.297 11.297 11.2689
11.2689 11.2404 11.2404 11.2115 11.2115 11.1823 11.1823 11.1527 11.1527
11.1228 11.1228 11.0925 11.0925 11.0618 11.0618 11.0307 11.0307 10.9992
10.9992 10.9673 10.9673 10.9349 10.9349 10.9021 10.9021 10.8689 10.8689
10.8352 10.8352 10.8011 10.8011 10.7665 10.7665 10.7313 10.7313 10.6957
10.6957 10.6596 10.6596 10.623 10.623 10.5858 10.5858 10.5481 10.5481
10.5098 10.5098 10.4709 10.4709 10.4314 10.4314 10.3914 10.3914 10.3507
10.3507 10.3094 10.3094 10.2674 10.2674 10.2248 10.2248 10.1814 10.1814
10.1374 10.1374 10.0926 10.0926 10.0471 10.0471 10.0009 10.0009 9.95387
9.95387 9.90604 9.90604 9.8574 9.8574 9.80791 9.80791 9.75757 9.75757
9.70634 9.70634 9.6542 9.6542 9.60114 9.60114 9.54712 9.54712 9.49211
9.49211 9.4361 9.4361 9.37906 9.37906 9.32096 9.32096 9.26176 9.26176
9.20145 9.20145 9.14 9.14 9.07736 9.07736 9.01351 9.01351 8.94842
8.94842 8.88206 8.88206 8.81438 8.81438 8.74536 8.74536 8.67495 8.67495
8.60313 8.60313 8.52985 8.52985 8.45507 8.45507 8.37875 8.37875 8.30085
8.30085 8.22132 8.22132 8.14013 8.14013 8.05722 8.05722 7.97256 7.97256
7.88608 7.88608 7.79775 7.79775 7.7075 7.7075 7.6153 7.6153 7.52108
7.52108 7.42479 7.42479 7.32636 7.32636 7.22576 7.22576 7.1229 7.1229
7.01774 7.01774 6.91021 6.91021 6.80023 6.80023 6.68776 6.68776 6.57271
6.57271 6.45501 6.45501 6.3346 6.3346 6.21139 6.21139 6.08532 6.08532
5.95629 5.95629 5.82424 5.82424 5.68907 5.68907 5.55071 5.55071 5.40906
5.40906 5.26403 5.26403 5.11553 5.11553 4.96347 4.96347 4.80775 4.80775
4.64827 4.64827 4.48492 4.48492 4.3176 4.3176 4.1462 4.1462 3.97061
3.97061 3.79072 3.79072 3.6064 3.6064 3.41755 3.41755 3.22403 3.22403
3.02573 3.02573 2.82251 2.82251 2.61424 2.61424 2.40078 2.40078 2.182
2.182 1.95776 1.95776 1.72791 1.72791 1.49229 1.49229 1.25077 1.25077
1.00318 1.00318 0.749366 0.749366 0.489164 0.489164 0.222407 0.222407 -0.0510725
-0.0510725 -0.331449 -0.331449 -0.6189 -0.6189 -0.913605 -0.913605 -1.21575 -1.21575
-1.52552 -1.52552 -1.84311 -1.84311 -2.16871 -2.16871 -2.50253 -2.50253 -2.84476
-2.84476 -3.19561 -3.19561 -3.5553 -3.5553 -3.92402 -3.92402 -4.30201 -4.30201
-4.68948 -4.68948 -5.08665 -5.08665 -5.49375 -5.49375 -5.91101 -5.91101 -6.33866
-6.33866 -6.77693 -6.77693 -7.22607 -7.22607 -7.68631 -7.68631 -8.1579 -8.1579
-8.64107 -8.64107 -9.13609 -9.13609 -9.64318 -9.64318 -10.1626 -10.1626 -10.6946
-10.6946 -11.2395 -11.2395 -11.7974 -11.7974 -12.3686 -12.3686 -12.9535 -12.9535
-13.5521 -13.5521 -14.1649 -14.1649 -14.792 -14.792 -15.4336 -15.4336 -16.0901
-16.0901 -16.7616 -16.7616 -17.4484 -17.4484 -18.1507 -18.1507 -18.8688 -18.8688
-19.6028 -19.6028 -20.353 -20.353 -21.1195 -21.1195 -21.9026 -21.9026 -22.7024
-22.7024 -23.5192 -23.5192 -24.3531 -24.3531 -25.2041 -25.2041 -26.0726 -26.0726
-26.9585 -26.9585 -27.8621 -27.8621 -28.7833 -28.7833 -29.7223 -29.7223 -30.6792
-30.6792 -31.6538 -31.6538 -32.6464 -32.6464 -33.6568 -33.6568 -34.685 -34.685
-35.731 -35.731 -36.7946 -36.7946 -37.8758 -37.8758 -38.9744 -38.9744 -40.0902
-40.0902 -41.2231 -41.2231 -42.3727 -42.3727 -43.5387 -43.5387 -44.721 -44.721
-45.919 -45.919 -47.1325 -47.1325 -48.3608 -48.3608 -49.6037 -49.6037 -50.8604
-50.8604 -52.1305 -52.1305 -53.4134 -53.4134 -54.7083 -54.7083 -56.0145 -56.0145
-57.3313 -57.3313 -58.6578 -58.6578 -59.9932 -59.9932 -61.3366 -61.3366 -62.6869
-62.6869 -64.0431 -64.0431 -65.4042 -65.4042 -66.7689 -66.7689 -68.1361 -68.1361
-69.5046 -69.5046 -70.8729 -70.8729 -72.2398 -72.2398 -73.604 -73.604 -74.9638
-74.9638 -76.318 -76.318 -77.6648 -77.6648 -79.0026 -79.0026 -80.3298 -80.3298
-81.6446 -81.6446 -82.9453 -82.9453 -84.2303 -84.2303 -85.4978 -85.4978 -86.746
-86.746 -87.9731 -87.9731 -89.1772 -89.1772 -90.3564 -90.3564 -91.509 -91.509
-92.6328 -92.6328 -93.7261 -93.7261 -94.7868 -94.7868 -95.8132 -95.8132 -96.8034
-96.8034 -97.7555 -97.7555 -98.6678 -98.6678 -99.5386 -99.5386 -100.366 -100.366
-101.149 -101.149 -101.885 -101.885 -102.572 -102.572 -103.211 -103.211 -103.798
-103.798 -104.333 -104.333 -104.814 -104.814 -105.24 -105.24 -105.61 -105.61
-105.924 -105.924 -106.18 -106.18 -106.377 -106.377 -106.512 -106.512 -106.588
-106.588 -106.604 -106.604 -106.562 -106.562 -106.46 -106.46 -106.295 -106.295
-106.068 -106.068 -105.78 -105.78 -105.432 -105.432 -105.025 -105.025 -104.559
-104.559 -104.035 -104.035 -103.452 -103.452 -102.813 -102.813 -102.118 -102.118
-101.368 -101.368 -100.565 -100.565 -99.709 -99.709 -98.8022 -98.8022 -97.846
-97.846 -96.8423 -96.8423 -95.7931 -95.7931 -94.7002 -94.7002 -93.5655 -93.5655
-92.3905 -92.3905 -91.177 -91.177 -89.9267 -89.9267 -88.6418 -88.6418 -87.3245
-87.3245 -85.977 -85.977 -84.6018 -84.6018 -83.2009 -83.2009 -81.7765 -81.7765
-80.3306 -80.3306 -78.8653 -78.8653 -77.3827 -77.3827 -75.885 -75.885 -74.3743
-74.3743 -72.8527 -72.8527 -71.3222 -71.3222 -69.7848 -69.7848 -68.2423 -68.2423
-66.6967 -66.6967 -65.1496 -65.1496 -63.603 -63.603 -62.0585 -62.0585 -60.5178
-60.5178 -58.9825 -58.9825 -57.4543 -57.4543 -55.9344 -55.9344 -54.4244 -54.4244
-52.9255 -52.9255 -51.4391 -51.4391 -49.9663 -49.9663 -48.5081 -48.5081 -47.0655
-47.0655 -45.6395 -45.6395 -44.231 -44.231 -42.8406 -42.8406 -41.4691 -41.4691
-40.117 -40.117 -38.7851 -38.7851 -37.4737 -37.4737 -36.1835 -36.1835 -34.9148
-34.9148 -33.668 -33.668 -32.443 -32.443 -31.2399 -31.2399 -30.0589 -30.0589
-28.8999 -28.8999 -27.7631 -27.7631 -26.6484 -26.6484 -25.556 -25.556 -24.4856
-24.4856 -23.4371 -23.4371 -22.4099 -22.4099 -21.4036 -21.4036 -20.4178 -20.4178
-19.452 -19.452 -18.5055 -18.5055 -17.5781 -17.5781 -16.6693 -16.6693 -15.7784
-15.7784 -14.9052 -14.9052 -14.0489 -14.0489 -13.2091 -13.2091 -12.3849 -12.3849
-11.5757 -11.5757 -10.7806 -10.7806 -9.9988 -9.9988 -9.22948 -9.22948 -8.47175
-8.47175 -7.72473 -7.72473 -6.98754 -6.98754 -6.25932 -6.25932 -5.53916 -5.53916
-4.82624 -4.82624 -4.11951 -4.11951 -3.41851 -3.41851 -2.72102 -2.72102 -2.03032
-2.03032 -1.33416 -1.33416 -0.677885 -0.677885 -0.37553 -0.37553
        </DataArray>
        <DataArray type='Float32' Name='U' NumberOfComponents='3' format='ascii'>
34.6 0 6.9665e-22 34.6 0 6.9665e-22 34.6 0 1.81151e-22
34.6 0 1.81151e-22 34.6 0 -2.46889e-21 34.6 0 -2.46889e-21
34.6 0 -9.72519e-22 34.6 0 -9.72519e-22 34.6 0 1.52037e-21
34.6 0 1.52037e-21 34.6 0 5.04052e-22 34.6 0 5.04052e-22
34.6001 0 1.65468e-22 34.6001 0 1.65468e-22 34.6001 0 1.54791e-22
34.6001 0 1.54791e-22 34.6001 0 1.40091e-22 34.6001 0 1.40091e-22
34.6001 0 -3.93932e-22 34.6001 0 -3.93932e-22 34.6002 0 -5.10396e-22
34.6002 0 -5.10396e-22 34.6002 0 2.87116e-22 34.6002 0 2.87116e-22
34.6002 0 9.1527e-23 34.6002 0 9.1527e-23 34.6003 0 5.14695e-23
34.6003 0 5.14695e-23 34.6003 0 4.77625e-23 34.6003 0 4.77625e-23
34.6004 0 -7.36815e-22 34.6004 0 -7.36815e-22 34.6004 0 -4.74539e-22
34.6004 0 -4.74539e-22 34.6005 0 4.89021e-22 34.6005 0 4.89021e-22
34.6006 0 1.06212e-21 34.6006 0 1.06212e-21 34.6006 0 -1.00544e-21
34.6006 0 -1.00544e-21 34.6007 0 -4.0555e-22 34.6007 0 -4.0555e-22
34.6008 0 7.53669e-22 34.6008 0 7.53669e-22 34.6008 0 -9.75146e-22
34.6008 0 -9.75146e-22 34.6009 0 -1.05597e-21 34.6009 0 -1.05597e-21
34.601 0 1.56432e-21 34.601 0 1.56432e-21 34.6011 0 1.65183e-21
34.6011 0 1.65183e-21 34.6012 0 1.27897e-21 34.6012 0 1.27897e-21
34.6013 0 -8.34575e-23 34.6013 0 -8.34575e-23 34.6014 0 -2.08307e-21
34.6014 0 -2.08307e-21 34.6015 0 1.2967e-22 34.6015 0 1.2967e-22
34.6016 0 1.88183e-21 34.6016 0 1.88183e-21 34.6017 0 -1.8122e-21
34.6017 0 -1.8122e-21 34.6018 0 -1.43978e-21 34.6018 0 -1.43978e-21
34.6019 0 2.68158e-21 34.6019 0 2.68158e-21 34.6021 0 1.46341e-21
34.6021 0 1.46341e-21 34.6022 0 3.87808e-22 34.6022 0 3.87808e-22
34.6023 0 -1.14476e-21 34.6023 0 -1.14476e-21 34.6025 0 -1.91756e-21
34.6025 0 -1.91756e-21 34.6026 0 -6.24585e-22 34.6026 0 -6.24585e-22
34.6027 0 6.8272e-23 34.6027 0 6.8272e-23 34.6029 0 1.25293e-22
34.6029 0 1.25293e-22 34.603 0 1.61013e-21 34.603 0 1.61013e-21
34.6032 0 6.11052e-22 34.6032 0 6.11052e-22 34.6033 0 -4.68383e-21
34.6033 0 -4.68383e-21 34.6035 0 1.0439e-21 34.6035 0 1.0439e-21
34.6037 0 2.61848e-21 34.6037 0 2.61848e-21 34.6038 0 -4.64239e-21
34.6038 0 -4.64239e-21 34.604 0 3.43574e-21 34.604 0 3.43574e-21
34.6042 0 3.21566e-21 34.6042 0 3.21566e-21 34.6044 0 -5.33471e-21
34.6044 0 -5.33471e-21 34.6045 0 1.64553e-21 34.6045 0 1.64553e-21
34.6047 0 -2.91383e-22 34.6047 0 -2.91383e-22 34.6049 0 -2.82922e-21
34.6049 0 -2.82922e-21 34.6051 0 1.97028e-21 34.6051 0 1.97028e-21
34.6053 0 -1.54412e-21 34.6053 0 -1.54412e-21 34.6055 0 2.54538e-21
34.6055 0 2.54538e-21 34.6057 0 6.03795e-21 34.6057 0 6.03795e-21
34.6059 0 9.51294e-22 34.6059 0 9.51294e-22 34.6062 0 -5.06985e-21
34.6062 0 -5.06985e-21 34.6064 0 -3.3952e-21 34.6064 0 -3.3952e-21
34.6066 0 -1.96284e-21 34.6066 0 -1.96284e-21 34.6068 0 -1.27049e-21
34.6068 0 -1.27049e-21 34.6071 0 6.95726e-21 34.6071 0 6.95726e-21
34.6073 0 -1.66054e-21 34.6073 0 -1.66054e-21 34.6075 0 -2.88991e-21
34.6075 0 -2.88991e-21 34.6078 0 3.5204e-21 34.6078 0 3.5204e-21
34.608 0 1.59596e-21 34.608 0 1.59596e-21 34.6083 0 -1.4314e-21
34.6083 0 -1.4314e-21 34.6085 0 -4.94503e-21 34.6085 0 -4.94503e-21
34.6088 0 -2.87727e-22 34.6088 0 -2.87727e-22 34.6091 0 3.00687e-21
34.6091 0 3.00687e-21 34.6093 0 -2.02391e-21 34.6093 0 -2.02391e-21
34.6096 0 6.74125e-22 34.6096 0 6.74125e-22 34.6099 0 2.40886e-21
34.6099 0 2.40886e-21 34.6101 0 -4.41385e-21 34.6101 0 -4.41385e-21
34.6104 0 4.1969e-21 34.6104 0 4.1969e-21 34.6107 0 4.40404e-21
34.6107 0 4.40404e-21 34.611 0 -4.06187e-21 34.611 0 -4.06187e-21
34.6113 0 -1.09055e-21 34.6113 0 -1.09055e-21 34.6116 0 1.29185e-21
34.6116 0 1.29185e-21 34.6119 0 3.21801e-21 34.6119 0 3.21801e-21
34.6122 0 4.6264e-21 34.6122 0 4.6264e-21 34.6125 0 -7.0292e-21
34.6125 0 -7.0292e-21 34.6128 0 -1.10741e-20 34.6128 0 -1.10741e-20
34.6132 0 8.43579e-21 34.6132 0 8.43579e-21 34.6135 0 1.13148e-20
34.6135 0 1.13148e-20 34.6138 0 -1.92807e-21 34.6138 0 -1.92807e-21
34.6141 0 -3.49623e-22 34.6141 0 -3.49623e-22 34.6145 0 5.48156e-22
34.6145 0 5.48156e-22 34.6148 0 1.29959e-21 34.6148 0 1.29959e-21
34.6151 0 1.10096e-21 34.6151 0 1.10096e-21 34.6155 0 -7.52248e-21
34.6155 0 -7.52248e-21 34.6158 0 -8.39189e-21 34.6158 0 -8.39189e-21
34.6162 0 5.58012e-21 34.6162 0 5.58012e-21 34.6165 0 1.08527e-20
34.6165 0 1.08527e-20 34.6169 0 -7.77011e-21 34.6169 0 -7.77011e-21
34.6173 0 -3.5217e-21 34.6173 0 -3.5217e-21 34.6176 0 1.36036e-22
34.6176 0 1.36036e-22 34.618 0 2.93784e-21 34.618 0 2.93784e-21
34.6184 0 -2.11315e-21 34.6184 0 -2.11315e-21 34.6188 0 -7.52669e-21
34.6188 0 -7.52669e-21 34.6192 0 9.07952e-21 34.6192 0 9.07952e-21
34.6196 0 1.65562e-21 34.6196 0 1.65562e-21 34.6199 0 1.82217e-21
34.6199 0 1.82217e-21 34.6203 0 -6.0979e-21 34.6203 0 -6.0979e-21
34.6207 0 -7.13301e-21 34.6207 0 -7.13301e-21 34.6212 0 6.76575e-21
34.6212 0 6.76575e-21 34.6216 0 -3.35856e-21 34.6216 0 -3.35856e-21
34.622 0 1.33475e-21 34.622 0 1.33475e-21 34.6224 0 5.97352e-21
34.6224 0 5.97352e-21 34.6228 0 1.85379e-21 34.6228 0 1.85379e-21
34.6232 0 4.60286e-21 34.6232 0 4.60286e-21 34.6237 0 -4.28073e-22
34.6237 0 -4.28073e-22 34.6241 0 1.6457e-21 34.6241 0 1.6457e-21
34.6246 0 2.92364e-21 34.6246 0 2.92364e-21 34.625 0 -3.67724e-21
34.625 0 -3.67724e-21 34.6255 0 -3.79052e-21 34.6255 0 -3.79052e-21
34.6259 0 3.02282e-21 34.6259 0 3.02282e-21 34.6264 0 2.10897e-21
34.6264 0 2.10897e-21 34.6268 0 -7.29468e-21 34.6268 0 -7.29468e-21
34.6273 0 -9.30997e-21 34.6273 0 -9.30997e-21 34.6278 0 3.0481e-21
34.6278 0 3.0481e-21 34.6283 0 -6.78317e-22 34.6283 0 -6.78317e-22
34.6287 0 2.90071e-21 34.6287 0 2.90071e-21 34.6292 0 5.72028e-21
34.6292 0 5.72028e-21 34.6297 0 3.98518e-22 34.6297 0 3.98518e-22
34.6302 0 2.09524e-21 34.6302 0 2.09524e-21 34.6307 0 -1.19731e-20
34.6307 0 -1.19731e-20 34.6312 0 -3.7806e-21 34.6312 0 -3.7806e-21
34.6317 0 1.08876e-20 34.6317 0 1.08876e-20 34.6323 0 2.68337e-21
34.6323 0 2.68337e-21 34.6328 0 1.41798e-21 34.6328 0 1.41798e-21
34.6333 0 -5.97952e-22 34.6333 0 -5.97952e-22 34.6339 0 -2.82046e-21
34.6339 0 -2.82046e-21 34.6344 0 -6.30297e-21 34.6344 0 -6.30297e-21
34.635 0 -9.85697e-21 34.635 0 -9.85697e-21 34.6355 0 6.70964e-22
34.6355 0 6.70964e-22 34.6361 0 1.01179e-20 34.6361 0 1.01179e-20
34.6366 0 -2.46588e-21 34.6366 0 -2.46588e-21 34.6372 0 -8.4562e-21
34.6372 0 -8.4562e-21 34.6378 0 1.41673e-20 34.6378 0 1.41673e-20
34.6384 0 -7.20635e-22 34.6384 0 -7.20635e-22 34.639 0 -8.67755e-21
34.639 0 -8.67755e-21 34.6396 0 1.21276e-20 34.6396 0 1.21276e-20
34.6402 0 -4.08897e-21 34.6402 0 -4.08897e-21 34.6408 0 -6.5575e-21
34.6408 0 -6.5575e-21 34.6414 0 4.98133e-21 34.6414 0 4.98133e-21
34.642 0 1.4406e-21 34.642 0 1.4406e-21 34.6427 0 4.52346e-21
34.6427 0 4.52346e-21 34.6433 0 -7.52317e-21 34.6433 0 -7.52317e-21
34.644 0 1.49401e-21 34.644 0 1.49401e-21 34.6446 0 2.53031e-21
34.6446 0 2.53031e-21 34.6453 0 -1.13321e-20 34.6453 0 -1.13321e-20
34.6459 0 3.41009e-21 34.6459 0 3.41009e-21 34.6466 0 1.69423e-20
34.6466 0 1.69423e-20 34.6473 0 -5.74265e-21 34.6473 0 -5.74265e-21
34.648 0 -2.17164e-20 34.648 0 -2.17164e-20 34.6487 0 1.14417e-20
34.6487 0 1.14417e-20 34.6494 0 1.5518e-20 34.6494 0 1.5518e-20
34.6501 0 -2.11505e-21 34.6501 0 -2.11505e-21 34.6508 0 4.45194e-22
34.6508 0 4.45194e-22 34.6516 0 2.60384e-21 34.6516 0 2.60384e-21
34.6523 0 -9.59029e-21 34.6523 0 -9.59029e-21 34.6531 0 -1.58445e-20
34.6531 0 -1.58445e-20 34.6538 0 5.67204e-21 34.6538 0 5.67204e-21
34.6546 0 1.26043e-20 34.6546 0 1.26043e-20 34.6554 0 4.8328e-21
34.6554 0 4.8328e-21 34.6561 0 3.39412e-21 34.6561 0 3.39412e-21
34.6569 0 -5.52617e-21 34.6569 0 -5.52617e-21 34.6577 0 -1.34262e-21
34.6577 0 -1.34262e-21 34.6585 0 -4.83659e-21 34.6585 0 -4.83659e-21
34.6594 0 -1.53227e-20 34.6594 0 -1.53227e-20 34.6602 0 1.0307e-21
34.6602 0 1.0307e-21 34.661 0 9.91449e-21 34.661 0 9.91449e-21
34.6619 0 4.13014e-21 34.6619 0 4.13014e-21 34.6627 0 -2.01129e-21
34.6627 0 -2.01129e-21 34.6636 0 -2.01232e-21 34.6636 0 -2.01232e-21
34.6644 0 4.11356e-21 34.6644 0 4.11356e-21 34.6653 0 -3.77823e-21
34.6653 0 -3.77823e-21 34.6662 0 7.93463e-21 34.6662 0 7.93463e-21
34.6671 0 5.75168e-21 34.6671 0 5.75168e-21 34.668 0 -4.19211e-21
34.668 0 -4.19211e-21 34.669 0 5.46729e-21 34.669 0 5.46729e-21
34.6699 0 1.45345e-21 34.6699 0 1.45345e-21 34.6708 0 -9.91882e-21
34.6708 0 -9.91882e-21 34.6718 0 -8.49217e-21 34.6718 0 -8.49217e-21
34.6727 0 5.43251e-21 34.6727 0 5.43251e-21 34.6737 0 -1.3034e-21
34.6737 0 -1.3034e-21 34.6747 0 -8.21762e-21 34.6747 0 -8.21762e-21
34.6757 0 3.78439e-21 34.6757 0 3.78439e-21 34.6767 0 2.23582e-21
34.6767 0 2.23582e-21 34.6777 0 1.33383e-23 34.6777 0 1.33383e-23
34.6787 0 1.0111e-20 34.6787 0 1.0111e-20 34.6798 0 -6.58051e-21
34.6798 0 -6.58051e-21 34.6808 0 -4.31539e-21 34.6808 0 -4.31539e-21
34.6819 0 1.70743e-20 34.6819 0 1.70743e-20 34.683 0 -7.34911e-21
34.683 0 -7.34911e-21 34.6841 0 -1.31197e-20 34.6841 0 -1.31197e-20
34.6852 0 9.23324e-21 34.6852 0 9.23324e-21 34.6863 0 5.36045e-21
34.6863 0 5.36045e-21 34.6874 0 7.52653e-21 34.6874 0 7.52653e-21
34.6886 0 2.59921e-21 34.6886 0 2.59921e-21 34.6898 0 -1.26443e-20
34.6898 0 -1.26443e-20 34.6909 0 2.53416e-22 34.6909 0 2.53416e-22
34.6921 0 -3.23459e-21 34.6921 0 -3.23459e-21 34.6933 0 -7.18872e-21
34.6933 0 -7.18872e-21 34.6946 0 3.72375e-21 34.6946 0 3.72375e-21
34.6958 0 -4.76837e-21 34.6958 0 -4.76837e-21 34.6971 0 -7.33012e-21
34.6971 0 -7.33012e-21 34.6983 0 4.8442e-21 34.6983 0 4.8442e-21
34.6996 0 1.92094e-20 34.6996 0 1.92094e-20 34.701 0 1.1652e-20
34.701 0 1.1652e-20 34.7023 0 -1.46138e-20 34.7023 0 -1.46138e-20
34.7037 0 -1.103e-20 34.7037 0 -1.103e-20 34.705 0 -4.87314e-21
34.705 0 -4.87314e-21 34.7064 0 3.31926e-21 34.7064 0 3.31926e-21
34.7078 0 1.69538e-20 34.7078 0 1.69538e-20 34.7093 0 1.99729e-22
34.7093 0 1.99729e-22 34.7107 0 -1.66599e-20 34.7107 0 -1.66599e-20
34.7122 0 -2.14274e-21 34.7122 0 -2.14274e-21 34.7137 0 1.19238e-20
34.7137 0 1.19238e-20 34.7153 0 5.07643e-21 34.7153 0 5.07643e-21
34.7169 0 5.78563e-21 34.7169 0 5.78563e-21 34.7184 0 -1.03797e-20
34.7184 0 -1.03797e-20 34.7201 0 -4.44105e-21 34.7201 0 -4.44105e-21
34.7217 0 6.27028e-21 34.7217 0 6.27028e-21 34.7234 0 -3.30617e-21
34.7234 0 -3.30617e-21 34.7251 0 8.88153e-21 34.7251 0 8.88153e-21
34.7268 0 -9.30381e-21 34.7268 0 -9.30381e-21 34.7286 0 -6.54873e-21
34.7286 0 -6.54873e-21 34.7304 0 1.4503e-20 34.7304 0 1.4503e-20
34.7322 0 -5.38958e-21 34.7322 0 -5.38958e-21 34.7341 0 -4.21369e-21
34.7341 0 -4.21369e-21 34.736 0 -7.03478e-22 34.736 0 -7.03478e-22
34.7379 0 -5.22552e-22 34.7379 0 -5.22552e-22 34.7399 0 9.22514e-21
34.7399 0 9.22514e-21 34.742 0 -7.13334e-21 34.742 0 -7.13334e-21
34.744 0 -8.57247e-21 34.744 0 -8.57247e-21 34.7461 0 2.30864e-21
34.7461 0 2.30864e-21 34.7483 0 2.43239e-21 34.7483 0 2.43239e-21
34.7505 0 1.7813e-21 34.7505 0 1.7813e-21 34.7527 0 -6.39717e-21
34.7527 0 -6.39717e-21 34.755 0 6.6555e-21 34.755 0 6.6555e-21
34.7573 0 4.7924e-21 34.7573 0 4.7924e-21 34.7597 0 -7.21052e-21
34.7597 0 -7.21052e-21 34.7621 0 3.99886e-21 34.7621 0 3.99886e-21
34.7646 0 3.22632e-21 34.7646 0 3.22632e-21 34.7671 0 -4.98547e-21
34.7671 0 -4.98547e-21 34.7697 0 -2.33758e-21 34.7697 0 -2.33758e-21
34.7724 0 4.16895e-21 34.7724 0 4.16895e-21 34.7751 0 -4.90356e-21
34.7751 0 -4.90356e-21 34.7779 0 -1.01331e-20 34.7779 0 -1.01331e-20
34.7807 0 3.38134e-21 34.7807 0 3.38134e-21 34.7836 0 3.81524e-21
34.7836 0 3.81524e-21 34.7866 0 3.49482e-21 34.7866 0 3.49482e-21
34.7896 0 1.0672e-20 34.7896 0 1.0672e-20 34.7927 0 5.51616e-21
34.7927 0 5.51616e-21 34.7959 0 -3.54634e-21 34.7959 0 -3.54634e-21
34.7992 0 -5.33285e-21 34.7992 0 -5.33285e-21 34.8025 0 -3.43333e-21
34.8025 0 -3.43333e-21 34.8059 0 -2.1031e-21 34.8059 0 -2.1031e-21
34.8094 0 3.81321e-21 34.8094 0 3.81321e-21 34.813 0 -2.45773e-21
34.813 0 -2.45773e-21 34.8167 0 -7.47156e-21 34.8167 0 -7.47156e-21
34.8204 0 3.84618e-21 34.8204 0 3.84618e-21 34.8242 0 4.74297e-21
34.8242 0 4.74297e-21 34.8282 0 5.13974e-22 34.8282 0 5.13974e-22
34.8322 0 -6.53346e-21 34.8322 0 -6.53346e-21 34.8363 0 4.75923e-21
34.8363 0 4.75923e-21 34.8406 0 1.98976e-21 34.8406 0 1.98976e-21
34.8449 0 -3.4714e-21 34.8449 0 -3.4714e-21 34.8493 0 2.76767e-21
34.8493 0 2.76767e-21 34.8539 0 -2.47901e-21 34.8539 0 -2.47901e-21
34.8586 0 -2.28384e-21 34.8586 0 -2.28384e-21 34.8634 0 8.23739e-21
34.8634 0 8.23739e-21 34.8683 0 1.41413e-21 34.8683 0 1.41413e-21
34.8733 0 -7.46508e-21 34.8733 0 -7.46508e-21 34.8784 0 5.82592e-21
34.8784 0 5.82592e-21 34.8837 0 -1.02888e-22 34.8837 0 -1.02888e-22
34.8891 0 -4.07932e-21 34.8891 0 -4.07932e-21 34.8947 0 4.55635e-22
34.8947 0 4.55635e-22 34.9004 0 -2.3986e-23 34.9004 0 -2.3986e-23
34.9062 0 2.7718e-22 34.9062 0 2.7718e-22 34.9122 0 7.63451e-22
34.9122 0 7.63451e-22 34.9184 0 -8.65901e-22 34.9184 0 -8.65901e-22
34.9247 0 -1.0744e-21 34.9247 0 -1.0744e-21 34.9311 0 1.63288e-21
34.9311 0 1.63288e-21 34.9378 0 -3.64415e-22 34.9378 0 -3.64415e-22
34.9446 0 -2.37982e-21 34.9446 0 -2.37982e-21 34.9515 0 1.07033e-21
34.9515 0 1.07033e-21 34.9587 0 1.7154e-22 34.9587 0 1.7154e-22
34.966 0 -8.78617e-22 34.966 0 -8.78617e-22 34.9735 0 2.88127e-22
34.9735 0 2.88127e-22 34.9813 0 -8.6151e-22 34.9813 0 -8.6151e-22
34.9892 0 -1.60682e-21 34.9892 0 -1.60682e-21 34.9973 0 3.3616e-21
34.9973 0 3.3616e-21 35.0056 0 1.00894e-21 35.0056 0 1.00894e-21
35.0142 0 -8.52017e-22 35.0142 0 -8.52017e-22 35.0229 0 4.65344e-22
35.0229 0 4.65344e-22 35.0319 0 9.99178e-23 35.0319 0 9.99178e-23
35.0411 0 7.16958e-21 35.0411 0 7.16958e-21 35.0506 0 2.76282e-21
35.0506 0 2.76282e-21 35.0602 0 -1.61992e-20 35.0602 0 -1.61992e-20
35.0702 0 1.25691e-21 35.0702 0 1.25691e-21 35.0804 0 6.79612e-21
35.0804 0 6.79612e-21 35.0908 0 -1.30826e-20 35.0908 0 -1.30826e-20
35.1015 0 3.46488e-22 35.1015 0 3.46488e-22 35.1125 0 1.87503e-20
35.1125 0 1.87503e-20 35.1238 0 2.30101e-21 35.1238 0 2.30101e-21
35.1353 0 -3.2116e-21 35.1353 0 -3.2116e-21 35.1471 0 4.53631e-22
35.1471 0 4.53631e-22 35.1593 0 -3.66073e-21 35.1593 0 -3.66073e-21
35.1717 0 4.87073e-21 35.1717 0 4.87073e-21 35.1844 0 -2.9824e-21
35.1844 0 -2.9824e-21 35.1975 0 5.44068e-21 35.1975 0 5.44068e-21
35.2109 0 1.35372e-21 35.2109 0 1.35372e-21 35.2246 0 -1.59681e-20
35.2246 0 -1.59681e-20 35.2386 0 -9.19186e-21 35.2386 0 -9.19186e-21
35.253 0 1.14004e-20 35.253 0 1.14004e-20 35.2677 0 -1.94259e-20
35.2677 0 -1.94259e-20 35.2828 0 -1.91032e-20 35.2828 0 -1.91032e-20
35.2983 0 3.15258e-20 35.2983 0 3.15258e-20 35.3141 0 -1.27057e-20
35.3141 0 -1.27057e-20 35.3303 0 -2.33785e-20 35.3303 0 -2.33785e-20
35.3469 0 -1.17303e-21 35.3469 0 -1.17303e-21 35.3639 0 1.29223e-21
35.3639 0 1.29223e-21 35.3812 0 4.48243e-20 35.3812 0 4.48243e-20
35.399 0 -1.08741e-20 35.399 0 -1.08741e-20 35.4172 0 -4.30127e-20
35.4172 0 -4.30127e-20 35.4358 0 2.95203e-20 35.4358 0 2.95203e-20
35.4548 0 -1.88649e-20 35.4548 0 -1.88649e-20 35.4742 0 -2.56422e-20
35.4742 0 -2.56422e-20 35.4941 0 2.76663e-20 35.4941 0 2.76663e-20
35.5144 0 2.2102e-20 35.5144 0 2.2102e-20 35.5351 0 2.9894e-21
35.5351 0 2.9894e-21 35.5563 0 3.52711e-20 35.5563 0 3.52711e-20
35.5779 0 -3.31819e-20 35.5779 0 -3.31819e-20 35.6 0 8.77934e-21
35.6 0 8.77934e-21 35.6226 0 5.95541e-20 35.6226 0 5.95541e-20
35.6456 0 -1.01373e-19 35.6456 0 -1.01373e-19 35.6691 0 -2.97056e-20
35.6691 0 -2.97056e-20 35.693 0 8.9307e-20 35.693 0 8.9307e-20
35.7175 0 7.14123e-20 35.7175 0 7.14123e-20 35.7424 0 -7.51535e-20
35.7424 0 -7.51535e-20 35.7678 0 -4.91253e-20 35.7678 0 -4.91253e-20
35.7936 0 -1.76356e-21 35.7936 0 -1.76356e-21 35.82 0 -8.19889e-21
35.82 0 -8.19889e-21 35.8468 0 -4.82455e-21 35.8468 0 -4.82455e-21
35.8741 0 6.43954e-20 35.8741 0 6.43954e-20 35.9018 0 -3.07087e-20
35.9018 0 -3.07087e-20 35.9301 0 -2.29859e-20 35.9301 0 -2.29859e-20
35.9588 0 2.72015e-20 35.9588 0 2.72015e-20 35.988 0 1.59817e-21
35.988 0 1.59817e-21 36.0176 0 5.30836e-20 36.0176 0 5.30836e-20
36.0477 0 -9.67164e-20 36.0477 0 -9.67164e-20 36.0783 0 -8.03338e-21
36.0783 0 -8.03338e-21 36.1092 0 7.82892e-20 36.1092 0 7.82892e-20
36.1407 0 -3.01878e-20 36.1407 0 -3.01878e-20 36.1725 0 -3.36553e-20
36.1725 0 -3.36553e-20 36.2048 0 -1.87366e-20 36.2048 0 -1.87366e-20
36.2375 0 -6.67907e-20 36.2375 0 -6.67907e-20 36.2706 0 7.59729e-20
36.2706 0 7.59729e-20 36.3041 0 6.46436e-20 36.3041 0 6.46436e-20
36.3379 0 -8.14761e-21 36.3379 0 -8.14761e-21 36.3721 0 -9.20657e-21
36.3721 0 -9.20657e-21 36.4066 0 1.11162e-20 36.4066 0 1.11162e-20
36.4414 0 1.10218e-19 36.4414 0 1.10218e-19 36.4766 0 2.85445e-20
36.4766 0 2.85445e-20 36.512 0 -1.02423e-19 36.512 0 -1.02423e-19
36.5476 0 -5.79387e-20 36.5476 0 -5.79387e-20 36.5835 0 5.7156e-20
36.5835 0 5.7156e-20 36.6196 0 -4.52744e-20 36.6196 0 -4.52744e-20
36.6559 0 9.28653e-20 36.6559 0 9.28653e-20 36.6923 0 1.82157e-19
36.6923 0 1.82157e-19 36.7289 0 -1.54631e-19 36.7289 0 -1.54631e-19
36.7656 0 -6.21378e-21 36.7656 0 -6.21378e-21 36.8023 0 -3.61881e-20
36.8023 0 -3.61881e-20 36.8391 0 -2.75985e-19 36.8391 0 -2.75985e-19
36.8758 0 -5.2515e-20 36.8758 0 -5.2515e-20 36.9125 0 2.34923e-19
36.9125 0 2.34923e-19 36.9492 0 1.10128e-19 36.9492 0 1.10128e-19
36.9857 0 -2.25727e-19 36.9857 0 -2.25727e-19 37.0221 0 -8.34533e-20
37.0221 0 -8.34533e-20 37.0583 0 1.69135e-19 37.0583 0 1.69135e-19
37.0943 0 1.189e-19 37.0943 0 1.189e-19 37.13 0 -8.63596e-20
37.13 0 -8.63596e-20 37.1653 0 -4.35583e-20 37.1653 0 -4.35583e-20
37.2004 0 7.77383e-20 37.2004 0 7.77383e-20 37.235 0 1.30164e-20
37.235 0 1.30164e-20 37.2691 0 8.94879e-21 37.2691 0 8.94879e-21
37.3028 0 9.45085e-21 37.3028 0 9.45085e-21 37.3359 0 9.08069e-20
37.3359 0 9.08069e-20 37.3684 0 8.88161e-20 37.3684 0 8.88161e-20
37.4003 0 -1.00238e-19 37.4003 0 -1.00238e-19 37.4315 0 -3.95775e-20
37.4315 0 -3.95775e-20 37.462 0 6.99346e-20 37.462 0 6.99346e-20
37.4916 0 -3.08637e-20 37.4916 0 -3.08637e-20 37.5205 0 -1.58237e-20
37.5205 0 -1.58237e-20 37.5484 0 9.30553e-20 37.5484 0 9.30553e-20
37.5755 0 -1.50953e-19 37.5755 0 -1.50953e-19 37.6015 0 -6.28028e-20
37.6015 0 -6.28028e-20 37.6266 0 1.77524e-19 37.6266 0 1.77524e-19
37.6505 0 5.04184e-21 37.6505 0 5.04184e-21 37.6734 0 -4.85313e-20
37.6734 0 -4.85313e-20 37.6951 0 -5.32655e-20 37.6951 0 -5.32655e-20
37.7156 0 1.83872e-20 37.7156 0 1.83872e-20 37.7348 0 1.9221e-20
37.7348 0 1.9221e-20 37.7528 0 -2.4917e-20 37.7528 0 -2.4917e-20
37.7695 0 3.16977e-20 37.7695 0 3.16977e-20 37.7848 0 -5.47601e-22
37.7848 0 -5.47601e-22 37.7988 0 4.85272e-20 37.7988 0 4.85272e-20
37.8113 0 3.38604e-20 37.8113 0 3.38604e-20 37.8224 0 -1.14203e-19
37.8224 0 -1.14203e-19 37.832 0 -7.24766e-20 37.832 0 -7.24766e-20
37.8401 0 8.19309e-20 37.8401 0 8.19309e-20 37.8467 0 1.32947e-19
37.8467 0 1.32947e-19 37.8517 0 1.42481e-21 37.8517 0 1.42481e-21
37.8552 0 -7.6168e-20 37.8552 0 -7.6168e-20 37.8571 0 -4.23739e-20
37.8571 0 -4.23739e-20 37.8575 0 -3.72735e-20 37.8575 0 -3.72735e-20
37.8563 0 3.97385e-20 37.8563 0 3.97385e-20 37.8535 0 2.68753e-20
37.8535 0 2.68753e-20 37.8491 0 2.11002e-20 37.8491 0 2.11002e-20
37.843 0 2.51236e-20 37.843 0 2.51236e-20 37.8354 0 -4.62809e-20
37.8354 0 -4.62809e-20 37.8262 0 -3.01693e-20 37.8262 0 -3.01693e-20
37.8155 0 1.67229e-20 37.8155 0 1.67229e-20 37.8032 0 -3.66233e-20
37.8032 0 -3.66233e-20 37.7894 0 -3.01327e-20 37.7894 0 -3.01327e-20
37.7741 0 3.38466e-20 37.7741 0 3.38466e-20 37.7573 0 -8.93563e-21
37.7573 0 -8.93563e-21 37.739 0 -1.77141e-20 37.739 0 -1.77141e-20
37.7193 0 -7.37048e-21 37.7193 0 -7.37048e-21 37.6981 0 1.47668e-20
37.6981 0 1.47668e-20 37.6756 0 5.63578e-20 37.6756 0 5.63578e-20
37.6518 0 -2.26518e-20 37.6518 0 -2.26518e-20 37.6267 0 -2.14923e-20
37.6267 0 -2.14923e-20 37.6003 0 2.91538e-20 37.6003 0 2.91538e-20
37.5728 0 -8.43703e-21 37.5728 0 -8.43703e-21 37.544 0 -5.14662e-20
37.544 0 -5.14662e-20 37.5142 0 -4.63182e-20 37.5142 0 -4.63182e-20
37.4833 0 -1.39511e-20 37.4833 0 -1.39511e-20 37.4514 0 -1.81504e-20
37.4514 0 -1.81504e-20 37.4186 0 3.5666e-20 37.4186 0 3.5666e-20
37.3848 0 3.09816e-20 37.3848 0 3.09816e-20 37.3502 0 7.9654e-21
37.3502 0 7.9654e-21 37.3148 0 5.17051e-21 37.3148 0 5.17051e-21
37.2786 0 1.35199e-20 37.2786 0 1.35199e-20 37.2418 0 -1.71727e-20
37.2418 0 -1.71727e-20 37.2044 0 -2.61697e-20 37.2044 0 -2.61697e-20
37.1664 0 -8.3844e-21 37.1664 0 -8.3844e-21 37.1279 0 -5.83468e-21
37.1279 0 -5.83468e-21 37.0889 0 5.30734e-20 37.0889 0 5.30734e-20
37.0496 0 1.25221e-20 37.0496 0 1.25221e-20 37.0099 0 -8.60553e-21
37.0099 0 -8.60553e-21 36.97 0 3.42185e-20 36.97 0 3.42185e-20
36.9298 0 -2.02653e-20 36.9298 0 -2.02653e-20 36.8895 0 -3.39168e-20
36.8895 0 -3.39168e-20 36.8491 0 -4.64826e-21 36.8491 0 -4.64826e-21
36.8086 0 1.7034e-20 36.8086 0 1.7034e-20 36.7681 0 3.85783e-21
36.7681 0 3.85783e-21 36.7277 0 -9.56872e-21 36.7277 0 -9.56872e-21
36.6873 0 1.28226e-20 36.6873 0 1.28226e-20 36.6471 0 1.05483e-20
36.6471 0 1.05483e-20 36.6071 0 -7.29702e-21 36.6071 0 -7.29702e-21
36.5673 0 -1.24763e-20 36.5673 0 -1.24763e-20 36.5279 0 -4.67352e-21
36.5279 0 -4.67352e-21 36.4887 0 1.2997e-20 36.4887 0 1.2997e-20
36.4498 0 2.3308e-20 36.4498 0 2.3308e-20 36.4114 0 -4.22771e-21
36.4114 0 -4.22771e-21 36.3734 0 -8.41713e-21 36.3734 0 -8.41713e-21
36.3359 0 -6.58929e-21 36.3359 0 -6.58929e-21 36.2989 0 -2.26129e-20
36.2989 0 -2.26129e-20 36.2623 0 -2.78838e-20 36.2623 0 -2.78838e-20
36.2264 0 8.99037e-21 36.2264 0 8.99037e-21 36.191 0 3.64437e-20
36.191 0 3.64437e-20 36.1562 0 1.5713e-20 36.1562 0 1.5713e-20
36.1221 0 -9.64492e-21 36.1221 0 -9.64492e-21 36.0885 0 -1.91193e-20
36.0885 0 -1.91193e-20 36.0557 0 -1.63423e-21 36.0557 0 -1.63423e-21
36.0235 0 7.20771e-21 36.0235 0 7.20771e-21 35.992 0 -1.1125e-20
35.992 0 -1.1125e-20 35.9612 0 -6.40786e-21 35.9612 0 -6.40786e-21
35.931 0 3.49593e-21 35.931 0 3.49593e-21 35.9017 0 4.61719e-21
35.9017 0 4.61719e-21 35.873 0 -7.05394e-21 35.873 0 -7.05394e-21
35.845 0 -1.36151e-21 35.845 0 -1.36151e-21 35.8178 0 2.14139e-21
35.8178 0 2.14139e-21 35.7913 0 5.68675e-21 35.7913 0 5.68675e-21
35.7656 0 1.34109e-20 35.7656 0 1.34109e-20 35.7405 0 -8.65926e-21
35.7405 0 -8.65926e-21 35.7162 0 4.10897e-21 35.7162 0 4.10897e-21
35.6926 0 2.79612e-21 35.6926 0 2.79612e-21 35.6697 0 -8.22665e-21
35.6697 0 -8.22665e-21 35.6475 0 -3.64312e-21 35.6475 0 -3.64312e-21
35.626 0 3.21002e-21 35.626 0 3.21002e-21 35.6052 0 -1.0811e-21
35.6052 0 -1.0811e-21 35.585 0 -2.39659e-21 35.585 0 -2.39659e-21
35.5655 0 -2.04769e-21 35.5655 0 -2.04769e-21 35.5466 0 3.88589e-23
35.5466 0 3.88589e-23 35.5283 0 3.29702e-21 35.5283 0 3.29702e-21
35.5106 0 -1.1458e-22 35.5106 0 -1.1458e-22 35.4936 0 -3.09689e-21
35.4936 0 -3.09689e-21 35.4771 0 4.24768e-21 35.4771 0 4.24768e-21
35.4611 0 1.49807e-21 35.4611 0 1.49807e-21 35.4457 0 -5.04695e-22
35.4457 0 -5.04695e-22 35.4308 0 -9.78762e-22 35.4308 0 -9.78762e-22
35.4164 0 -2.25902e-22 35.4164 0 -2.25902e-22 35.4024 0 -9.66894e-22
35.4024 0 -9.66894e-22 35.3889 0 -1.09586e-21 35.3889 0 -1.09586e-21
35.3758 0 1.05088e-21 35.3758 0 1.05088e-21 35.363 0 2.83726e-22
35.363 0 2.83726e-22 35.3507 0 1.22493e-22 35.3507 0 1.22493e-22
35.3386 0 5.60065e-23 35.3386 0 5.60065e-23 35.3269 0 -2.72382e-22
35.3269 0 -2.72382e-22 35.3155 0 -1.08287e-22 35.3155 0 -1.08287e-22
35.3044 0 1.1465e-22 35.3044 0 1.1465e-22 35.2932 0 2.40664e-23
35.2932 0 2.40664e-23 35.2832 0 -2.80886e-23 35.2832 0 -2.80886e-23
35.2709 0 -1.70112e-23 35.2709 0 -1.70112e-23 35.263 0 4.17636e-23
35.263 0 4.17636e-23
        </DataArray>
        <DataArray type='Float32' Name='wallShearStress' NumberOfComponents='3' format='ascii'>
5.60735e-07 -4.74075e-07 -4.2422e-27 5.60735e-07 -4.74075e-07 -4.2422e-27 8.43349e-07 -1.54024e-06 -4.90444e-27
8.43349e-07 -1.54024e-06 -4.90444e-27 1.33676e-06 -3.84679e-06 2.58371e-26 1.33676e-06 -3.84679e-06 2.58371e-26
1.63228e-06 -6.28087e-06 9.32564e-27 1.63228e-06 -6.28087e-06 9.32564e-27 1.75024e-06 -8.68262e-06 -2.36571e-26
1.75024e-06 -8.68262e-06 -2.36571e-26 1.7989e-06 -1.11246e-05 -1.60592e-26 1.7989e-06 -1.11246e-05 -1.60592e-26
1.82403e-06 -1.35943e-05 -7.25394e-27 1.82403e-06 -1.35943e-05 -7.25394e-27 1.83942e-06 -1.60574e-05 -1.25901e-26
1.83942e-06 -1.60574e-05 -1.25901e-26 1.84772e-06 -1.85073e-05 -1.06324e-26 1.84772e-06 -1.85073e-05 -1.06324e-26
1.85138e-06 -2.09502e-05 1.98364e-26 1.85138e-06 -2.09502e-05 1.98364e-26 1.85265e-06 -2.33879e-05 3.3716e-26
1.85265e-06 -2.33879e-05 3.3716e-26 1.8523e-06 -2.58184e-05 -2.45494e-26 1.8523e-06 -2.58184e-05 -2.45494e-26
1.8505e-06 -2.82422e-05 -5.16065e-27 1.8505e-06 -2.82422e-05 -5.16065e-27 1.8477e-06 -3.06626e-05 -1.00667e-26
1.8477e-06 -3.06626e-05 -1.00667e-26 1.8445e-06 -3.30825e-05 -3.30098e-27 1.8445e-06 -3.30825e-05 -3.30098e-27
1.84132e-06 -3.55016e-05 7.54756e-26 1.84132e-06 -3.55016e-05 7.54756e-26 1.83817e-06 -3.79181e-05 5.66602e-26
1.83817e-06 -3.79181e-05 5.66602e-26 1.83481e-06 -4.03295e-05 -5.60959e-26 1.83481e-06 -4.03295e-05 -5.60959e-26
1.83099e-06 -4.27352e-05 -1.31751e-25 1.83099e-06 -4.27352e-05 -1.31751e-25 1.82665e-06 -4.51358e-05 1.36449e-25
1.82665e-06 -4.51358e-05 1.36449e-25 1.82188e-06 -4.75328e-05 5.17191e-26 1.82188e-06 -4.75328e-05 5.17191e-26
1.81686e-06 -4.99275e-05 -1.02673e-25 1.81686e-06 -4.99275e-05 -1.02673e-25 1.81172e-06 -5.23204e-05 1.52966e-25
1.81172e-06 -5.23204e-05 1.52966e-25 1.80653e-06 -5.47111e-05 1.75894e-25 1.80653e-06 -5.47111e-05 1.75894e-25
1.80127e-06 -5.70989e-05 -2.56708e-25 1.80127e-06 -5.70989e-05 -2.56708e-25 1.79589e-06 -5.94826e-05 -2.79469e-25
1.79589e-06 -5.94826e-05 -2.79469e-25 1.79033e-06 -6.18614e-05 -2.46489e-25 1.79033e-06 -6.18614e-05 -2.46489e-25
1.78452e-06 -6.42349e-05 8.4394e-27 1.78452e-06 -6.42349e-05 8.4394e-27 1.77845e-06 -6.66028e-05 3.86077e-25
1.77845e-06 -6.66028e-05 3.86077e-25 1.77214e-06 -6.89653e-05 -3.2182e-26 1.77214e-06 -6.89653e-05 -3.2182e-26
1.76561e-06 -7.13226e-05 -3.9634e-25 1.76561e-06 -7.13226e-05 -3.9634e-25 1.75889e-06 -7.36748e-05 3.86289e-25
1.75889e-06 -7.36748e-05 3.86289e-25 1.75201e-06 -7.60218e-05 2.99519e-25 1.75201e-06 -7.60218e-05 2.99519e-25
1.74499e-06 -7.83636e-05 -6.0133e-25 1.74499e-06 -7.83636e-05 -6.0133e-25 1.73784e-06 -8.06998e-05 -3.51548e-25
1.73784e-06 -8.06998e-05 -3.51548e-25 1.73055e-06 -8.303e-05 -1.13708e-25 1.73055e-06 -8.303e-05 -1.13708e-25
1.72313e-06 -8.53539e-05 2.60887e-25 1.72313e-06 -8.53539e-05 2.60887e-25 1.71557e-06 -8.76711e-05 4.65999e-25
1.71557e-06 -8.76711e-05 4.65999e-25 1.70787e-06 -8.99812e-05 1.54932e-25 1.70787e-06 -8.99812e-05 1.54932e-25
1.70001e-06 -9.2284e-05 -1.69135e-26 1.70001e-06 -9.2284e-05 -1.69135e-26 1.69202e-06 -9.45793e-05 -3.47366e-26
1.69202e-06 -9.45793e-05 -3.47366e-26 1.68384e-06 -9.68668e-05 -4.50158e-25 1.68384e-06 -9.68668e-05 -4.50158e-25
1.67536e-06 -9.91465e-05 -1.77688e-25 1.67536e-06 -9.91465e-05 -1.77688e-25 1.6666e-06 -0.000101418 1.34599e-24
1.6666e-06 -0.000101418 1.34599e-24 1.65771e-06 -0.000103682 -3.18051e-25 1.65771e-06 -0.000103682 -3.18051e-25
1.64872e-06 -0.000105937 -7.57096e-25 1.64872e-06 -0.000105937 -7.57096e-25 1.63964e-06 -0.000108184 1.41317e-24
1.63964e-06 -0.000108184 1.41317e-24 1.63048e-06 -0.000110423 -1.07373e-24 1.63048e-06 -0.000110423 -1.07373e-24
1.62125e-06 -0.000112653 -9.98677e-25 1.62125e-06 -0.000112653 -9.98677e-25 1.61195e-06 -0.000114874 1.70452e-24
1.61195e-06 -0.000114874 1.70452e-24 1.60258e-06 -0.000117085 -5.48921e-25 1.60258e-06 -0.000117085 -5.48921e-25
1.59316e-06 -0.000119288 1.2538e-25 1.59316e-06 -0.000119288 1.2538e-25 1.58368e-06 -0.000121481 9.48296e-25
1.58368e-06 -0.000121481 9.48296e-25 1.57415e-06 -0.000123665 -6.54166e-25 1.57415e-06 -0.000123665 -6.54166e-25
1.56458e-06 -0.000125839 5.56459e-25 1.56458e-06 -0.000125839 5.56459e-25 1.55497e-06 -0.000128003 -9.04348e-25
1.55497e-06 -0.000128003 -9.04348e-25 1.54533e-06 -0.000130157 -2.17655e-24 1.54533e-06 -0.000130157 -2.17655e-24
1.53566e-06 -0.000132302 -3.7641e-25 1.53566e-06 -0.000132302 -3.7641e-25 1.52598e-06 -0.000134436 1.85803e-24
1.52598e-06 -0.000134436 1.85803e-24 1.51628e-06 -0.00013656 1.26168e-24 1.51628e-06 -0.00013656 1.26168e-24
1.50658e-06 -0.000138674 7.73452e-25 1.50658e-06 -0.000138674 7.73452e-25 1.49689e-06 -0.000140778 5.06753e-25
1.49689e-06 -0.000140778 5.06753e-25 1.48722e-06 -0.000142872 -2.71689e-24 1.48722e-06 -0.000142872 -2.71689e-24
1.47757e-06 -0.000144955 6.8391e-25 1.47757e-06 -0.000144955 6.8391e-25 1.46795e-06 -0.000147028 1.13734e-24
1.46795e-06 -0.000147028 1.13734e-24 1.45838e-06 -0.000149091 -1.40963e-24 1.45838e-06 -0.000149091 -1.40963e-24
1.44885e-06 -0.000151143 -6.72451e-25 1.44885e-06 -0.000151143 -6.72451e-25 1.4394e-06 -0.000153186 6.00959e-25
1.4394e-06 -0.000153186 6.00959e-25 1.43001e-06 -0.000155218 2.08363e-24 1.43001e-06 -0.000155218 2.08363e-24
1.42071e-06 -0.00015724 1.42377e-25 1.42071e-06 -0.00015724 1.42377e-25 1.41149e-06 -0.000159252 -1.28083e-24
1.41149e-06 -0.000159252 -1.28083e-24 1.40238e-06 -0.000161254 9.10134e-25 1.40238e-06 -0.000161254 9.10134e-25
1.39338e-06 -0.000163246 -3.00516e-25 1.39338e-06 -0.000163246 -3.00516e-25 1.38451e-06 -0.000165229 -1.04584e-24
1.38451e-06 -0.000165229 -1.04584e-24 1.37576e-06 -0.000167202 1.99819e-24 1.37576e-06 -0.000167202 1.99819e-24
1.36716e-06 -0.000169166 -1.91103e-24 1.36716e-06 -0.000169166 -1.91103e-24 1.35871e-06 -0.00017112 -2.01278e-24
1.35871e-06 -0.00017112 -2.01278e-24 1.35042e-06 -0.000173065 1.87385e-24 1.35042e-06 -0.000173065 1.87385e-24
1.34231e-06 -0.000175001 5.06784e-25 1.34231e-06 -0.000175001 5.06784e-25 1.33438e-06 -0.000176929 -6.04895e-25
1.33438e-06 -0.000176929 -6.04895e-25 1.32665e-06 -0.000178848 -1.55244e-24 1.32665e-06 -0.000178848 -1.55244e-24
1.31913e-06 -0.00018076 -2.25744e-24 1.31913e-06 -0.00018076 -2.25744e-24 1.31183e-06 -0.000182663 3.4171e-24
1.31183e-06 -0.000182663 3.4171e-24 1.30477e-06 -0.000184559 5.44918e-24 1.30477e-06 -0.000184559 5.44918e-24
1.29796e-06 -0.000186447 -4.17482e-24 1.29796e-06 -0.000186447 -4.17482e-24 1.29142e-06 -0.000188329 -5.65296e-24
1.29142e-06 -0.000188329 -5.65296e-24 1.28515e-06 -0.000190204 9.29963e-25 1.28515e-06 -0.000190204 9.29963e-25
1.27917e-06 -0.000192073 1.27205e-25 1.27917e-06 -0.000192073 1.27205e-25 1.2735e-06 -0.000193936 -3.15891e-25
1.2735e-06 -0.000193936 -3.15891e-25 1.26816e-06 -0.000195794 -7.28014e-25 1.26816e-06 -0.000195794 -7.28014e-25
1.26316e-06 -0.000197647 -6.18707e-25 1.26316e-06 -0.000197647 -6.18707e-25 1.25851e-06 -0.000199496 3.92973e-24
1.25851e-06 -0.000199496 3.92973e-24 1.25423e-06 -0.000201341 4.45032e-24 1.25423e-06 -0.000201341 4.45032e-24
1.25033e-06 -0.000203183 -2.98869e-24 1.25033e-06 -0.000203183 -2.98869e-24 1.24684e-06 -0.000205023 -5.86544e-24
1.24684e-06 -0.000205023 -5.86544e-24 1.24376e-06 -0.00020686 4.21022e-24 1.24376e-06 -0.00020686 4.21022e-24
1.24112e-06 -0.000208696 1.88319e-24 1.24112e-06 -0.000208696 1.88319e-24 1.23892e-06 -0.000210531 -4.23285e-26
1.23892e-06 -0.000210531 -4.23285e-26 1.23718e-06 -0.000212367 -1.67456e-24 1.23718e-06 -0.000212367 -1.67456e-24
1.23593e-06 -0.000214202 1.22214e-24 1.23593e-06 -0.000214202 1.22214e-24 1.23516e-06 -0.00021604 4.23166e-24
1.23516e-06 -0.00021604 4.23166e-24 1.2349e-06 -0.000217879 -5.14864e-24 1.2349e-06 -0.000217879 -5.14864e-24
1.23517e-06 -0.000219722 -9.47931e-25 1.23517e-06 -0.000219722 -9.47931e-25 1.23597e-06 -0.000221569 -1.09387e-24
1.23597e-06 -0.000221569 -1.09387e-24 1.23732e-06 -0.00022342 3.56616e-24 1.23732e-06 -0.00022342 3.56616e-24
1.23923e-06 -0.000225276 4.17129e-24 1.23923e-06 -0.000225276 4.17129e-24 1.24173e-06 -0.00022714 -3.96573e-24
1.24173e-06 -0.00022714 -3.96573e-24 1.2448e-06 -0.00022901 2.03286e-24 1.2448e-06 -0.00022901 2.03286e-24
1.24848e-06 -0.000230889 -8.0849e-25 1.24848e-06 -0.000230889 -8.0849e-25 1.25277e-06 -0.000232778 -3.58221e-24
1.25277e-06 -0.000232778 -3.58221e-24 1.25767e-06 -0.000234677 -1.16085e-24 1.25767e-06 -0.000234677 -1.16085e-24
1.26319e-06 -0.000236587 -2.85356e-24 1.26319e-06 -0.000236587 -2.85356e-24 1.26935e-06 -0.00023851 2.14893e-25
1.26935e-06 -0.00023851 2.14893e-25 1.27613e-06 -0.000240446 -1.09113e-24 1.27613e-06 -0.000240446 -1.09113e-24
1.28355e-06 -0.000242396 -1.89493e-24 1.28355e-06 -0.000242396 -1.89493e-24 1.2916e-06 -0.000244363 2.25416e-24
1.2916e-06 -0.000244363 2.25416e-24 1.30028e-06 -0.000246346 2.35023e-24 1.30028e-06 -0.000246346 2.35023e-24
1.30958e-06 -0.000248346 -1.98901e-24 1.30958e-06 -0.000248346 -1.98901e-24 1.3195e-06 -0.000250366 -1.41202e-24
1.3195e-06 -0.000250366 -1.41202e-24 1.33002e-06 -0.000252405 4.69965e-24 1.33002e-06 -0.000252405 4.69965e-24
1.34112e-06 -0.000254465 6.0871e-24 1.34112e-06 -0.000254465 6.0871e-24 1.3528e-06 -0.000256548 -2.00644e-24
1.3528e-06 -0.000256548 -2.00644e-24 1.36503e-06 -0.000258653 5.01336e-25 1.36503e-06 -0.000258653 5.01336e-25
1.37779e-06 -0.000260782 -1.9722e-24 1.37779e-06 -0.000260782 -1.9722e-24 1.39107e-06 -0.000262936 -3.83825e-24
1.39107e-06 -0.000262936 -3.83825e-24 1.40482e-06 -0.000265116 -3.32379e-25 1.40482e-06 -0.000265116 -3.32379e-25
1.41903e-06 -0.000267322 -1.46427e-24 1.41903e-06 -0.000267322 -1.46427e-24 1.43366e-06 -0.000269556 8.26425e-24
1.43366e-06 -0.000269556 8.26425e-24 1.44869e-06 -0.000271818 2.62794e-24 1.44869e-06 -0.000271818 2.62794e-24
1.46407e-06 -0.000274109 -7.61095e-24 1.46407e-06 -0.000274109 -7.61095e-24 1.47979e-06 -0.00027643 -1.90698e-24
1.47979e-06 -0.00027643 -1.90698e-24 1.49578e-06 -0.000278781 -1.07571e-24 1.49578e-06 -0.000278781 -1.07571e-24
1.51203e-06 -0.000281163 4.00859e-25 1.51203e-06 -0.000281163 4.00859e-25 1.52849e-06 -0.000283577 1.98283e-24
1.52849e-06 -0.000283577 1.98283e-24 1.54513e-06 -0.000286022 4.61999e-24 1.54513e-06 -0.000286022 4.61999e-24
1.5619e-06 -0.0002885 7.28746e-24 1.5619e-06 -0.0002885 7.28746e-24 1.57876e-06 -0.000291011 -4.17103e-25
1.57876e-06 -0.000291011 -4.17103e-25 1.59567e-06 -0.000293554 -7.52675e-24 1.59567e-06 -0.000293554 -7.52675e-24
1.61258e-06 -0.000296131 1.93624e-24 1.61258e-06 -0.000296131 1.93624e-24 1.62947e-06 -0.00029874 6.45885e-24
1.62947e-06 -0.00029874 6.45885e-24 1.64629e-06 -0.000301383 -1.0853e-23 1.64629e-06 -0.000301383 -1.0853e-23
1.66299e-06 -0.00030406 6.31297e-25 1.66299e-06 -0.00030406 6.31297e-25 1.67954e-06 -0.000306769 6.73494e-24
1.67954e-06 -0.000306769 6.73494e-24 1.6959e-06 -0.000309512 -9.53442e-24 1.6959e-06 -0.000309512 -9.53442e-24
1.71203e-06 -0.000312288 3.28807e-24 1.71203e-06 -0.000312288 3.28807e-24 1.7279e-06 -0.000315096 5.21613e-24
1.7279e-06 -0.000315096 5.21613e-24 1.74346e-06 -0.000317937 -3.97083e-24 1.74346e-06 -0.000317937 -3.97083e-24
1.75871e-06 -0.000320809 -1.17393e-24 1.75871e-06 -0.000320809 -1.17393e-24 1.7736e-06 -0.000323713 -3.74542e-24
1.7736e-06 -0.000323713 -3.74542e-24 1.7881e-06 -0.000326648 6.27684e-24 1.7881e-06 -0.000326648 6.27684e-24
1.8022e-06 -0.000329614 -1.31488e-24 1.8022e-06 -0.000329614 -1.31488e-24 1.81588e-06 -0.000332609 -2.05336e-24
1.81588e-06 -0.000332609 -2.05336e-24 1.82913e-06 -0.000335634 9.65952e-24 1.82913e-06 -0.000335634 9.65952e-24
1.84195e-06 -0.000338688 -2.87452e-24 1.84195e-06 -0.000338688 -2.87452e-24 1.85432e-06 -0.000341769 -1.47274e-23
1.85432e-06 -0.000341769 -1.47274e-23 1.86625e-06 -0.000344878 5.064e-24 1.86625e-06 -0.000344878 5.064e-24
1.87775e-06 -0.000348014 1.91738e-23 1.87775e-06 -0.000348014 1.91738e-23 1.88884e-06 -0.000351176 -1.01522e-23
1.88884e-06 -0.000351176 -1.01522e-23 1.89955e-06 -0.000354363 -1.39003e-23 1.89955e-06 -0.000354363 -1.39003e-23
1.9099e-06 -0.000357576 1.83537e-24 1.9099e-06 -0.000357576 1.83537e-24 1.91993e-06 -0.000360813 -5.08159e-25
1.91993e-06 -0.000360813 -5.08159e-25 1.92968e-06 -0.000364074 -2.49389e-24 1.92968e-06 -0.000364074 -2.49389e-24
1.93919e-06 -0.000367358 8.9152e-24 1.93919e-06 -0.000367358 8.9152e-24 1.94853e-06 -0.000370667 1.49563e-23
1.94853e-06 -0.000370667 1.49563e-23 1.95776e-06 -0.000373998 -5.3309e-24 1.95776e-06 -0.000373998 -5.3309e-24
1.96695e-06 -0.000377353 -1.19927e-23 1.96695e-06 -0.000377353 -1.19927e-23 1.97618e-06 -0.00038073 -4.75084e-24
1.97618e-06 -0.00038073 -4.75084e-24 1.98553e-06 -0.000384132 -3.40276e-24 1.98553e-06 -0.000384132 -3.40276e-24
1.99509e-06 -0.000387557 5.35728e-24 1.99509e-06 -0.000387557 5.35728e-24 2.00495e-06 -0.000391006 1.2311e-24
2.00495e-06 -0.000391006 1.2311e-24 2.01521e-06 -0.000394481 4.87604e-24 2.01521e-06 -0.000394481 4.87604e-24
2.02597e-06 -0.000397981 1.55871e-23 2.02597e-06 -0.000397981 1.55871e-23 2.03733e-06 -0.000401508 -9.49227e-25
2.03733e-06 -0.000401508 -9.49227e-25 2.04939e-06 -0.000405063 -1.00818e-23 2.04939e-06 -0.000405063 -1.00818e-23
2.06228e-06 -0.000408648 -4.27154e-24 2.06228e-06 -0.000408648 -4.27154e-24 2.0761e-06 -0.000412264 2.158e-24
2.0761e-06 -0.000412264 2.158e-24 2.09097e-06 -0.000415913 2.14154e-24 2.09097e-06 -0.000415913 2.14154e-24
2.10699e-06 -0.000419597 -4.37521e-24 2.10699e-06 -0.000419597 -4.37521e-24 2.12428e-06 -0.000423319 4.14737e-24
2.12428e-06 -0.000423319 4.14737e-24 2.14296e-06 -0.00042708 -8.75942e-24 2.14296e-06 -0.00042708 -8.75942e-24
2.16313e-06 -0.000430884 -6.31188e-24 2.16313e-06 -0.000430884 -6.31188e-24 2.18489e-06 -0.000434733 4.49644e-24
2.18489e-06 -0.000434733 4.49644e-24 2.20836e-06 -0.000438631 -6.2432e-24 2.20836e-06 -0.000438631 -6.2432e-24
2.23362e-06 -0.000442581 -1.80045e-24 2.23362e-06 -0.000442581 -1.80045e-24 2.2608e-06 -0.000446587 1.13108e-23
2.2608e-06 -0.000446587 1.13108e-23 2.29e-06 -0.000450652 9.78749e-24 2.29e-06 -0.000450652 9.78749e-24
2.32132e-06 -0.00045478 -6.32421e-24 2.32132e-06 -0.00045478 -6.32421e-24 2.35485e-06 -0.000458975 1.61577e-24
2.35485e-06 -0.000458975 1.61577e-24 2.39063e-06 -0.000463242 9.87795e-24 2.39063e-06 -0.000463242 9.87795e-24
2.42873e-06 -0.000467586 -4.49801e-24 2.42873e-06 -0.000467586 -4.49801e-24 2.46925e-06 -0.00047201 -2.57669e-24
2.46925e-06 -0.00047201 -2.57669e-24 2.51231e-06 -0.00047652 -9.40256e-27 2.51231e-06 -0.00047652 -9.40256e-27
2.55801e-06 -0.000481121 -1.263e-23 2.55801e-06 -0.000481121 -1.263e-23 2.60639e-06 -0.000485818 8.37293e-24
2.60639e-06 -0.000485818 8.37293e-24 2.65745e-06 -0.000490617 5.39307e-24 2.65745e-06 -0.000490617 5.39307e-24
2.71121e-06 -0.000495522 -2.20861e-23 2.71121e-06 -0.000495522 -2.20861e-23 2.76773e-06 -0.000500539 9.62053e-24
2.76773e-06 -0.000500539 9.62053e-24 2.82712e-06 -0.000505675 1.71937e-23 2.82712e-06 -0.000505675 1.71937e-23
2.88947e-06 -0.000510935 -1.22947e-23 2.88947e-06 -0.000510935 -1.22947e-23 2.95486e-06 -0.000516325 -7.26944e-24
2.95486e-06 -0.000516325 -7.26944e-24 3.02327e-06 -0.000521851 -1.05984e-23 3.02327e-06 -0.000521851 -1.05984e-23
3.0947e-06 -0.000527519 -3.80304e-24 3.0947e-06 -0.000527519 -3.80304e-24 3.16916e-06 -0.000533336 1.75641e-23
3.16916e-06 -0.000533336 1.75641e-23 3.24668e-06 -0.000539308 -5.88134e-25 3.24668e-06 -0.000539308 -5.88134e-25
3.32732e-06 -0.000545442 4.78521e-24 3.32732e-06 -0.000545442 4.78521e-24 3.41116e-06 -0.000551743 1.04463e-23
3.41116e-06 -0.000551743 1.04463e-23 3.49823e-06 -0.00055822 -5.39463e-24 3.49823e-06 -0.00055822 -5.39463e-24
3.58856e-06 -0.000564879 7.3671e-24 3.58856e-06 -0.000564879 7.3671e-24 3.68216e-06 -0.000571727 1.14526e-23
3.68216e-06 -0.000571727 1.14526e-23 3.77904e-06 -0.00057877 -7.29735e-24 3.77904e-06 -0.00057877 -7.29735e-24
3.87924e-06 -0.000586016 -3.03266e-23 3.87924e-06 -0.000586016 -3.03266e-23 3.98277e-06 -0.000593472 -1.89227e-23
3.98277e-06 -0.000593472 -1.89227e-23 4.0897e-06 -0.000601145 2.35241e-23 4.0897e-06 -0.000601145 2.35241e-23
4.20006e-06 -0.000609044 1.7965e-23 4.20006e-06 -0.000609044 1.7965e-23 4.31391e-06 -0.000617175 8.55676e-24
4.31391e-06 -0.000617175 8.55676e-24 4.43123e-06 -0.000625545 -5.69398e-24 4.43123e-06 -0.000625545 -5.69398e-24
4.55201e-06 -0.000634164 -2.94661e-23 4.55201e-06 -0.000634164 -2.94661e-23 4.6763e-06 -0.000643038 -5.6177e-25
4.6763e-06 -0.000643038 -5.6177e-25 4.80424e-06 -0.000652175 2.9984e-23 4.80424e-06 -0.000652175 2.9984e-23
4.93593e-06 -0.000661585 3.84165e-24 4.93593e-06 -0.000661585 3.84165e-24 5.07136e-06 -0.000671275 -2.21011e-23
5.07136e-06 -0.000671275 -2.21011e-23 5.2105e-06 -0.000681252 -9.92057e-24 5.2105e-06 -0.000681252 -9.92057e-24
5.35335e-06 -0.000691527 -1.17704e-23 5.35335e-06 -0.000691527 -1.17704e-23 5.49997e-06 -0.000702106 2.04611e-23
5.49997e-06 -0.000702106 2.04611e-23 5.65045e-06 -0.000713 8.37078e-24 5.65045e-06 -0.000713 8.37078e-24
5.80491e-06 -0.000724218 -1.28054e-23 5.80491e-06 -0.000724218 -1.28054e-23 5.96344e-06 -0.000735768 6.64274e-24
5.96344e-06 -0.000735768 6.64274e-24 6.12612e-06 -0.000747661 -1.96775e-23 6.12612e-06 -0.000747661 -1.96775e-23
6.29298e-06 -0.000759904 2.06841e-23 6.29298e-06 -0.000759904 2.06841e-23 6.46405e-06 -0.000772508 1.39879e-23
6.46405e-06 -0.000772508 1.39879e-23 6.63937e-06 -0.000785483 -3.32724e-23 6.63937e-06 -0.000785483 -3.32724e-23
6.81898e-06 -0.000798838 1.24864e-23 6.81898e-06 -0.000798838 1.24864e-23 7.00298e-06 -0.000812585 9.57862e-24
7.00298e-06 -0.000812585 9.57862e-24 7.19147e-06 -0.000826733 1.94226e-24 7.19147e-06 -0.000826733 1.94226e-24
7.38457e-06 -0.000841294 1.02554e-24 7.38457e-06 -0.000841294 1.02554e-24 7.58239e-06 -0.000856279 -2.41797e-23
7.58239e-06 -0.000856279 -2.41797e-23 7.78501e-06 -0.000871698 1.9066e-23 7.78501e-06 -0.000871698 1.9066e-23
7.99254e-06 -0.000887562 2.29312e-23 7.99254e-06 -0.000887562 2.29312e-23 8.20504e-06 -0.000903885 -5.84362e-24
8.20504e-06 -0.000903885 -5.84362e-24 8.4226e-06 -0.000920677 -6.90202e-24 8.4226e-06 -0.000920677 -6.90202e-24
8.64532e-06 -0.00093795 -4.94504e-24 8.64532e-06 -0.00093795 -4.94504e-24 8.87327e-06 -0.000955718 1.97546e-23
8.87327e-06 -0.000955718 1.97546e-23 9.10658e-06 -0.000973992 -2.11019e-23 9.10658e-06 -0.000973992 -2.11019e-23
9.34534e-06 -0.000992787 -1.47868e-23 9.34534e-06 -0.000992787 -1.47868e-23 9.58968e-06 -0.00101211 2.33379e-23
9.58968e-06 -0.00101211 2.33379e-23 9.83972e-06 -0.00103199 -1.38336e-23 9.83972e-06 -0.00103199 -1.38336e-23
1.00956e-05 -0.00105243 -1.13377e-23 1.00956e-05 -0.00105243 -1.13377e-23 1.03574e-05 -0.00107344 1.77825e-23
1.03574e-05 -0.00107344 1.77825e-23 1.06252e-05 -0.00109504 8.57506e-24 1.06252e-05 -0.00109504 8.57506e-24
1.08993e-05 -0.00111724 -1.61204e-23 1.08993e-05 -0.00111724 -1.61204e-23 1.11796e-05 -0.00114007 2.02766e-23
1.11796e-05 -0.00114007 2.02766e-23 1.14663e-05 -0.00116353 4.23915e-23 1.14663e-05 -0.00116353 4.23915e-23
1.17596e-05 -0.00118764 -1.3147e-23 1.17596e-05 -0.00118764 -1.3147e-23 1.20595e-05 -0.00121242 -1.4933e-23
1.20595e-05 -0.00121242 -1.4933e-23 1.23663e-05 -0.00123788 -1.57688e-23 1.23663e-05 -0.00123788 -1.57688e-23
1.26801e-05 -0.00126405 -5.10062e-23 1.26801e-05 -0.00126405 -5.10062e-23 1.30011e-05 -0.00129093 -2.87123e-23
1.30011e-05 -0.00129093 -2.87123e-23 1.33292e-05 -0.00131855 1.59588e-23 1.33292e-05 -0.00131855 1.59588e-23
1.36644e-05 -0.00134692 2.6418e-23 1.36644e-05 -0.00134692 2.6418e-23 1.40071e-05 -0.00137607 1.82064e-23
1.40071e-05 -0.00137607 1.82064e-23 1.43574e-05 -0.00140601 1.18474e-23 1.43574e-05 -0.00140601 1.18474e-23
1.47155e-05 -0.00143676 -2.37961e-23 1.47155e-05 -0.00143676 -2.37961e-23 1.50816e-05 -0.00146834 1.6351e-23
1.50816e-05 -0.00146834 1.6351e-23 1.54558e-05 -0.00150077 4.90343e-23 1.54558e-05 -0.00150077 4.90343e-23
1.58383e-05 -0.00153408 -2.56267e-23 1.58383e-05 -0.00153408 -2.56267e-23 1.6229e-05 -0.00156827 -3.31262e-23
1.6229e-05 -0.00156827 -3.31262e-23 1.6628e-05 -0.00160338 -4.74305e-24 1.6628e-05 -0.00160338 -4.74305e-24
1.70355e-05 -0.00163942 5.38556e-23 1.70355e-05 -0.00163942 5.38556e-23 1.74517e-05 -0.00167642 -4.31815e-23
1.74517e-05 -0.00167642 -4.31815e-23 1.78766e-05 -0.00171441 -1.31336e-23 1.78766e-05 -0.00171441 -1.31336e-23
1.83106e-05 -0.00175339 2.77685e-23 1.83106e-05 -0.00175339 2.77685e-23 1.87537e-05 -0.0017934 -2.48588e-23
1.87537e-05 -0.0017934 -2.48588e-23 1.9206e-05 -0.00183445 2.43163e-23 1.9206e-05 -0.00183445 2.43163e-23
1.96676e-05 -0.00187658 2.87088e-23 1.96676e-05 -0.00187658 2.87088e-23 2.01387e-05 -0.00191981 -1.06522e-22
2.01387e-05 -0.00191981 -1.06522e-22 2.06194e-05 -0.00196416 -1.39299e-23 2.06194e-05 -0.00196416 -1.39299e-23
2.11096e-05 -0.00200966 9.41463e-23 2.11096e-05 -0.00200966 9.41463e-23 2.16096e-05 -0.00205633 -9.12683e-23
2.16096e-05 -0.00205633 -9.12683e-23 2.21194e-05 -0.0021042 -1.03979e-24 2.21194e-05 -0.0021042 -1.03979e-24
2.26391e-05 -0.00215329 6.65765e-23 2.26391e-05 -0.00215329 6.65765e-23 2.31687e-05 -0.00220364 -1.34907e-23
2.31687e-05 -0.00220364 -1.34907e-23 2.37084e-05 -0.00225526 3.31161e-25 2.37084e-05 -0.00225526 3.31161e-25
2.42582e-05 -0.00230819 -1.58825e-23 2.42582e-05 -0.00230819 -1.58825e-23 2.48181e-05 -0.00236245 -2.51912e-23
2.48181e-05 -0.00236245 -2.51912e-23 2.53882e-05 -0.00241806 1.69422e-23 2.53882e-05 -0.00241806 1.69422e-23
2.59685e-05 -0.00247507 3.93196e-23 2.59685e-05 -0.00247507 3.93196e-23 2.65591e-05 -0.00253349 -1.13661e-22
2.65591e-05 -0.00253349 -1.13661e-22 2.71598e-05 -0.00259335 4.03642e-23 2.71598e-05 -0.00259335 4.03642e-23
2.77708e-05 -0.00265468 1.46492e-22 2.77708e-05 -0.00265468 1.46492e-22 2.83919e-05 -0.00271751 -1.77438e-22
2.83919e-05 -0.00271751 -1.77438e-22 2.90231e-05 -0.00278187 1.32405e-22 2.90231e-05 -0.00278187 1.32405e-22
2.96643e-05 -0.00284778 3.11053e-23 2.96643e-05 -0.00284778 3.11053e-23 3.03154e-05 -0.00291527 -9.32903e-23
3.03154e-05 -0.00291527 -9.32903e-23 3.09764e-05 -0.00298437 -8.75236e-24 3.09764e-05 -0.00298437 -8.75236e-24
3.1647e-05 -0.00305512 -1.14661e-22 3.1647e-05 -0.00305512 -1.14661e-22 3.23272e-05 -0.00312752 1.96752e-22
3.23272e-05 -0.00312752 1.96752e-22 3.30166e-05 -0.00320163 6.21029e-23 3.30166e-05 -0.00320163 6.21029e-23
3.37152e-05 -0.00327745 -5.51015e-23 3.37152e-05 -0.00327745 -5.51015e-23 3.44226e-05 -0.00335502 1.61692e-23
3.44226e-05 -0.00335502 1.61692e-23 3.51386e-05 -0.00343436 -5.4992e-24 3.51386e-05 -0.00343436 -5.4992e-24
3.58629e-05 -0.00351549 1.80163e-22 3.58629e-05 -0.00351549 1.80163e-22 3.65951e-05 -0.00359846 5.89067e-23
3.65951e-05 -0.00359846 5.89067e-23 3.73349e-05 -0.00368326 -3.76801e-22 3.73349e-05 -0.00368326 -3.76801e-22
3.80818e-05 -0.00376994 1.22033e-23 3.80818e-05 -0.00376994 1.22033e-23 3.88354e-05 -0.00385851 1.51642e-22
3.88354e-05 -0.00385851 1.51642e-22 3.95952e-05 -0.003949 -2.44446e-22 3.95952e-05 -0.003949 -2.44446e-22
4.03606e-05 -0.00404142 9.48529e-24 4.03606e-05 -0.00404142 9.48529e-24 4.1131e-05 -0.00413579 3.12608e-22
4.1131e-05 -0.00413579 3.12608e-22 4.19058e-05 -0.00423213 3.77937e-23 4.19058e-05 -0.00423213 3.77937e-23
4.26843e-05 -0.00433045 -6.193e-23 4.26843e-05 -0.00433045 -6.193e-23 4.34657e-05 -0.00443078 5.64822e-24
4.34657e-05 -0.00443078 5.64822e-24 4.42493e-05 -0.00453312 -5.76326e-23 4.42493e-05 -0.00453312 -5.76326e-23
4.50342e-05 -0.00463748 6.14932e-23 4.50342e-05 -0.00463748 6.14932e-23 4.58195e-05 -0.00474388 -4.06341e-23
4.58195e-05 -0.00474388 -4.06341e-23 4.66041e-05 -0.00485231 5.99416e-23 4.66041e-05 -0.00485231 5.99416e-23
4.7387e-05 -0.00496278 1.50443e-23 4.7387e-05 -0.00496278 1.50443e-23 4.81672e-05 -0.0050753 -1.87318e-22
4.81672e-05 -0.0050753 -1.87318e-22 4.89434e-05 -0.00518986 -1.0172e-22 4.89434e-05 -0.00518986 -1.0172e-22
4.97143e-05 -0.00530645 1.23138e-22 4.97143e-05 -0.00530645 1.23138e-22 5.04787e-05 -0.00542507 -1.95491e-22
5.04787e-05 -0.00542507 -1.95491e-22 5.1235e-05 -0.00554571 -1.95259e-22 5.1235e-05 -0.00554571 -1.95259e-22
5.19819e-05 -0.00566835 3.20318e-22 5.19819e-05 -0.00566835 3.20318e-22 5.27178e-05 -0.00579298 -1.14783e-22
5.27178e-05 -0.00579298 -1.14783e-22 5.3441e-05 -0.00591956 -2.19671e-22 5.3441e-05 -0.00591956 -2.19671e-22
5.41497e-05 -0.00604808 -3.05203e-25 5.41497e-05 -0.00604808 -3.05203e-25 5.48422e-05 -0.0061785 1.82813e-23
5.48422e-05 -0.0061785 1.82813e-23 5.55165e-05 -0.00631078 3.97978e-22 5.55165e-05 -0.00631078 3.97978e-22
5.61707e-05 -0.00644489 -8.58749e-23 5.61707e-05 -0.00644489 -8.58749e-23 5.68026e-05 -0.00658078 -3.63997e-22
5.68026e-05 -0.00658078 -3.63997e-22 5.74101e-05 -0.00671838 2.48874e-22 5.74101e-05 -0.00671838 2.48874e-22
5.79909e-05 -0.00685766 -1.42827e-22 5.79909e-05 -0.00685766 -1.42827e-22 5.85426e-05 -0.00699853 -2.01735e-22
5.85426e-05 -0.00699853 -2.01735e-22 5.90628e-05 -0.00714094 2.24411e-22 5.90628e-05 -0.00714094 2.24411e-22
5.9549e-05 -0.0072848 1.72822e-22 5.9549e-05 -0.0072848 1.72822e-22 5.99984e-05 -0.00743003 2.61745e-23
5.99984e-05 -0.00743003 2.61745e-23 6.04084e-05 -0.00757654 2.56495e-22 6.04084e-05 -0.00757654 2.56495e-22
6.07763e-05 -0.00772423 -2.33428e-22 6.07763e-05 -0.00772423 -2.33428e-22 6.10989e-05 -0.00787299 5.30426e-23
6.10989e-05 -0.00787299 5.30426e-23 6.13735e-05 -0.0080227 4.21703e-22 6.13735e-05 -0.0080227 4.21703e-22
6.15968e-05 -0.00817326 -6.96832e-22 6.15968e-05 -0.00817326 -6.96832e-22 6.17659e-05 -0.00832451 -2.01765e-22
6.17659e-05 -0.00832451 -2.01765e-22 6.18774e-05 -0.00847633 5.98154e-22 6.18774e-05 -0.00847633 5.98154e-22
6.19281e-05 -0.00862856 4.64479e-22 6.19281e-05 -0.00862856 4.64479e-22 6.19147e-05 -0.00878104 -4.82898e-22
6.19147e-05 -0.00878104 -4.82898e-22 6.18336e-05 -0.00893362 -3.18325e-22 6.18336e-05 -0.00893362 -3.18325e-22
6.16816e-05 -0.0090861 -2.29695e-24 6.16816e-05 -0.0090861 -2.29695e-24 6.14551e-05 -0.0092383 -5.12849e-23
6.14551e-05 -0.0092383 -5.12849e-23 6.11505e-05 -0.00939003 -2.03229e-23 6.11505e-05 -0.00939003 -2.03229e-23
6.07644e-05 -0.00954107 3.77763e-22 6.07644e-05 -0.00954107 3.77763e-22 6.02932e-05 -0.00969121 -1.67931e-22
6.02932e-05 -0.00969121 -1.67931e-22 5.97333e-05 -0.00984022 -1.42224e-22 5.97333e-05 -0.00984022 -1.42224e-22
5.90811e-05 -0.00998786 1.66526e-22 5.90811e-05 -0.00998786 1.66526e-22 5.83331e-05 -0.0101339 1.74052e-24
5.83331e-05 -0.0101339 1.74052e-24 5.7486e-05 -0.010278 2.97447e-22 5.7486e-05 -0.010278 2.97447e-22
5.65372e-05 -0.01042 -5.23559e-22 5.65372e-05 -0.01042 -5.23559e-22 5.54759e-05 -0.0105596 -4.23685e-23
5.54759e-05 -0.0105596 -4.23685e-23 5.43208e-05 -0.0106964 4.1409e-22 5.43208e-05 -0.0106964 4.1409e-22
5.30464e-05 -0.0108302 -1.5232e-22 5.30464e-05 -0.0108302 -1.5232e-22 5.15991e-05 -0.0109607 -1.72921e-22
5.15991e-05 -0.0109607 -1.72921e-22 5.01359e-05 -0.0110877 -8.67362e-23 5.01359e-05 -0.0110877 -8.67362e-23
4.86643e-05 -0.011211 -3.23256e-22 4.86643e-05 -0.011211 -3.23256e-22 4.70086e-05 -0.0113306 3.70279e-22
4.70086e-05 -0.0113306 3.70279e-22 4.52179e-05 -0.0114461 3.12382e-22 4.52179e-05 -0.0114461 3.12382e-22
4.32697e-05 -0.0115572 -3.5418e-23 4.32697e-05 -0.0115572 -3.5418e-23 4.10293e-05 -0.0116635 -2.91284e-23
4.10293e-05 -0.0116635 -2.91284e-23 3.84796e-05 -0.0117642 5.35828e-23 3.84796e-05 -0.0117642 5.35828e-23
3.57072e-05 -0.0118588 5.07053e-22 3.57072e-05 -0.0118588 5.07053e-22 3.27446e-05 -0.0119467 1.42555e-22
3.27446e-05 -0.0119467 1.42555e-22 2.95418e-05 -0.0120275 -4.33149e-22 2.95418e-05 -0.0120275 -4.33149e-22
2.61728e-05 -0.0121005 -2.1639e-22 2.61728e-05 -0.0121005 -2.1639e-22 2.26408e-05 -0.0121653 2.54832e-22
2.26408e-05 -0.0121653 2.54832e-22 1.88858e-05 -0.0122215 -1.88662e-22 1.88858e-05 -0.0122215 -1.88662e-22
1.49947e-05 -0.0122684 3.45793e-22 1.49947e-05 -0.0122684 3.45793e-22 1.09376e-05 -0.0123056 6.90926e-22
1.09376e-05 -0.0123056 6.90926e-22 6.69827e-06 -0.0123326 -5.93662e-22 6.69827e-06 -0.0123326 -5.93662e-22
2.35907e-06 -0.0123488 -2.92003e-23 2.35907e-06 -0.0123488 -2.92003e-23 -2.13834e-06 -0.0123538 -1.5479e-22
-2.13834e-06 -0.0123538 -1.5479e-22 -6.74491e-06 -0.0123471 -1.03029e-21 -6.74491e-06 -0.0123471 -1.03029e-21
-1.13877e-05 -0.0123283 -2.37864e-22 -1.13877e-05 -0.0123283 -2.37864e-22 -1.61552e-05 -0.0122973 7.7649e-22
-1.61552e-05 -0.0122973 7.7649e-22 -2.09789e-05 -0.0122534 3.78999e-22 -2.09789e-05 -0.0122534 3.78999e-22
-2.58313e-05 -0.0121962 -7.49808e-22 -2.58313e-05 -0.0121962 -7.49808e-22 -3.0782e-05 -0.0121256 -2.35612e-22
-3.0782e-05 -0.0121256 -2.35612e-22 -3.57422e-05 -0.0120411 5.27321e-22 -3.57422e-05 -0.0120411 5.27321e-22
-4.07072e-05 -0.0119422 3.56598e-22 -4.07072e-05 -0.0119422 3.56598e-22 -4.56822e-05 -0.0118289 -1.77568e-22
-4.56822e-05 -0.0118289 -1.77568e-22 -5.05882e-05 -0.0117009 -1.10725e-22 -5.05882e-05 -0.0117009 -1.10725e-22
-5.54347e-05 -0.0115582 2.26657e-22 -5.54347e-05 -0.0115582 2.26657e-22 -6.01968e-05 -0.0114008 6.61132e-23
-6.01968e-05 -0.0114008 6.61132e-23 -6.48536e-05 -0.0112286 2.9991e-23 -6.48536e-05 -0.0112286 2.9991e-23
-6.94333e-05 -0.0110415 4.20603e-23 -6.94333e-05 -0.0110415 4.20603e-23 -7.39094e-05 -0.0108396 2.18244e-22
-7.39094e-05 -0.0108396 2.18244e-22 -7.82839e-05 -0.010623 2.19597e-22 -7.82839e-05 -0.010623 2.19597e-22
-8.25275e-05 -0.0103915 -1.5683e-22 -8.25275e-05 -0.0103915 -1.5683e-22 -8.66114e-05 -0.0101455 -4.2822e-23
-8.66114e-05 -0.0101455 -4.2822e-23 -9.05513e-05 -0.00988498 1.21091e-22 -9.05513e-05 -0.00988498 1.21091e-22
-9.43034e-05 -0.00961028 -8.13724e-23 -9.43034e-05 -0.00961028 -8.13724e-23 -9.78722e-05 -0.0093217 -6.01975e-23
-9.78722e-05 -0.0093217 -6.01975e-23 -0.000101261 -0.00901959 1.20456e-22 -0.000101261 -0.00901959 1.20456e-22
-0.000104442 -0.00870435 -2.46974e-22 -0.000104442 -0.00870435 -2.46974e-22 -0.000107441 -0.00837646 -1.10475e-22
-0.000107441 -0.00837646 -1.10475e-22 -0.000110226 -0.00803632 2.63823e-22 -0.000110226 -0.00803632 2.63823e-22
-0.000112799 -0.00768449 1.13137e-23 -0.000112799 -0.00768449 1.13137e-23 -0.000115193 -0.00732151 -6.03829e-23
-0.000115193 -0.00732151 -6.03829e-23 -0.000117379 -0.00694785 -5.90736e-23 -0.000117379 -0.00694785 -5.90736e-23
-0.00011938 -0.0065641 2.85101e-23 -0.00011938 -0.0065641 2.85101e-23 -0.000121198 -0.00617079 3.3328e-23
-0.000121198 -0.00617079 3.3328e-23 -0.000122829 -0.00576853 -2.76455e-23 -0.000122829 -0.00576853 -2.76455e-23
-0.000124292 -0.00535796 2.5713e-23 -0.000124292 -0.00535796 2.5713e-23 -0.000125576 -0.00493966 6.57565e-24
-0.000125576 -0.00493966 6.57565e-24 -0.000126669 -0.00451434 3.04047e-23 -0.000126669 -0.00451434 3.04047e-23
-0.0001276 -0.00408279 2.42099e-23 -0.0001276 -0.00408279 2.42099e-23 -0.000128057 -0.00364565 -6.41027e-23
-0.000128057 -0.00364565 -6.41027e-23 -0.00012905 -0.0032054 -3.35535e-23 -0.00012905 -0.0032054 -3.35535e-23
-0.000124495 -0.00275737 3.4004e-23 -0.000124495 -0.00275737 3.4004e-23 -0.000101298 -0.00228775 3.98056e-23
-0.000101298 -0.00228775 3.98056e-23 -7.40613e-05 -0.00180944 9.78856e-26 -7.40613e-05 -0.00180944 9.78856e-26
-7.84471e-05 -0.00135924 -1.30505e-23 -7.84471e-05 -0.00135924 -1.30505e-23 -0.000107734 -0.000931459 -6.36328e-24
-0.000107734 -0.000931459 -6.36328e-24 -0.0001299 -0.000493435 -1.66088e-24 -0.0001299 -0.000493435 -1.66088e-24
-0.000118611 -2.05756e-05 1.24851e-24 -0.000118611 -2.05756e-05 1.24851e-24 -7.92804e-05 0.000477904 3.61122e-24
-7.92804e-05 0.000477904 3.61122e-24 -6.3342e-05 0.000946334 -3.16203e-24 -6.3342e-05 0.000946334 -3.16203e-24
-7.50168e-05 0.00138295 -3.88756e-24 -7.50168e-05 0.00138295 -3.88756e-24 -8.6225e-05 0.00182052 5.22868e-24
-8.6225e-05 0.00182052 5.22868e-24 -9.42366e-05 0.00226044 8.01603e-24 -9.42366e-05 0.00226044 8.01603e-24
-9.93974e-05 0.0026994 -6.35012e-24 -9.93974e-05 0.0026994 -6.35012e-24 -0.000102442 0.00313412 2.66797e-23
-0.000102442 0.00313412 2.66797e-23 -0.00010406 0.00356225 2.53878e-23 -0.00010406 0.00356225 2.53878e-23
-0.000104689 0.00398239 -5.49933e-24 -0.000104689 0.00398239 -5.49933e-24 -0.000104519 0.00439362 1.72068e-23
-0.000104519 0.00439362 1.72068e-23 -0.000103653 0.00479501 2.41298e-23 -0.000103653 0.00479501 2.41298e-23
-0.000102157 0.00518568 2.32746e-23 -0.000102157 0.00518568 2.32746e-23 -0.000100154 0.00556475 2.76665e-24
-0.000100154 0.00556475 2.76665e-24 -9.77279e-05 0.0059314 -8.24371e-23 -9.77279e-05 0.0059314 -8.24371e-23
-9.49007e-05 0.00628475 -3.59114e-25 -9.49007e-05 0.00628475 -3.59114e-25 -9.16928e-05 0.00662388 7.71463e-24
-9.16928e-05 0.00662388 7.71463e-24 -8.8091e-05 0.00694805 -2.1305e-23 -8.8091e-05 0.00694805 -2.1305e-23
-8.41585e-05 0.00725667 2.87271e-23 -8.41585e-05 0.00725667 2.87271e-23 -7.99278e-05 0.00754938 9.81166e-23
-7.99278e-05 0.00754938 9.81166e-23 -7.54528e-05 0.00782592 1.06962e-22 -7.54528e-05 0.00782592 1.06962e-22
-7.07909e-05 0.00808605 5.41556e-23 -7.07909e-05 0.00808605 5.41556e-23 -6.59824e-05 0.00832946 3.44325e-23
-6.59824e-05 0.00832946 3.44325e-23 -6.11015e-05 0.00855576 -1.01719e-22 -6.11015e-05 0.00855576 -1.01719e-22
-5.61429e-05 0.00876468 -9.78077e-23 -5.61429e-05 0.00876468 -9.78077e-23 -5.11454e-05 0.00895603 -1.34655e-23
-5.11454e-05 0.00895603 -1.34655e-23 -4.60874e-05 0.00912986 -4.30883e-24 -4.60874e-05 0.00912986 -4.30883e-24
-4.10017e-05 0.00928628 -4.4492e-23 -4.10017e-05 0.00928628 -4.4492e-23 -3.59411e-05 0.00942549 1.72843e-23
-3.59411e-05 0.00942549 1.72843e-23 -3.09157e-05 0.0095478 4.11536e-23 -3.09157e-05 0.0095478 4.11536e-23
-2.60158e-05 0.00965338 -1.19227e-23 -2.60158e-05 0.00965338 -1.19227e-23 -2.12139e-05 0.00974259 2.55869e-23
-2.12139e-05 0.00974259 2.55869e-23 -1.65616e-05 0.00981568 -7.98318e-23 -1.65616e-05 0.00981568 -7.98318e-23
-1.20472e-05 0.00987307 -3.68232e-23 -1.20472e-05 0.00987307 -3.68232e-23 -7.66522e-06 0.00991519 1.00516e-23
-7.66522e-06 0.00991519 1.00516e-23 -3.45378e-06 0.00994244 -7.53288e-23 -3.45378e-06 0.00994244 -7.53288e-23
6.27133e-07 0.00995538 8.5164e-23 6.27133e-07 0.00995538 8.5164e-23 4.52505e-06 0.00995442 1.04583e-22
4.52505e-06 0.00995442 1.04583e-22 8.26265e-06 0.00994006 -1.12034e-23 8.26265e-06 0.00994006 -1.12034e-23
1.18105e-05 0.00991279 -5.30774e-23 1.18105e-05 0.00991279 -5.30774e-23 1.51616e-05 0.00987311 4.39859e-24
1.51616e-05 0.00987311 4.39859e-24 1.83212e-05 0.00982156 4.09229e-23 1.83212e-05 0.00982156 4.09229e-23
2.1265e-05 0.00975865 -4.33013e-23 2.1265e-05 0.00975865 -4.33013e-23 2.40202e-05 0.00968501 -4.29229e-23
2.40202e-05 0.00968501 -4.29229e-23 2.6537e-05 0.00960118 1.67972e-23 2.6537e-05 0.00960118 1.67972e-23
2.88213e-05 0.00950785 2.62405e-23 2.88213e-05 0.00950785 2.62405e-23 3.09584e-05 0.00940568 9.40229e-24
3.09584e-05 0.00940568 9.40229e-24 3.28615e-05 0.00929487 -2.71802e-23 3.28615e-05 0.00929487 -2.71802e-23
3.47277e-05 0.00917608 -5.96826e-23 3.47277e-05 0.00917608 -5.96826e-23 3.66101e-05 0.00904986 9.71269e-24
3.66101e-05 0.00904986 9.71269e-24 3.83096e-05 0.00891647 2.01382e-23 3.83096e-05 0.00891647 2.01382e-23
3.98908e-05 0.00877638 1.64872e-23 3.98908e-05 0.00877638 1.64872e-23 4.1326e-05 0.00863003 5.84292e-23
4.1326e-05 0.00863003 5.84292e-23 4.26011e-05 0.00847793 7.38467e-23 4.26011e-05 0.00847793 7.38467e-23
4.37262e-05 0.00832066 -2.35366e-23 4.37262e-05 0.00832066 -2.35366e-23 4.47178e-05 0.00815875 -9.68369e-23
4.47178e-05 0.00815875 -9.68369e-23 4.55971e-05 0.00799264 -4.29682e-23 4.55971e-05 0.00799264 -4.29682e-23
4.63712e-05 0.00782271 2.55092e-23 4.63712e-05 0.00782271 2.55092e-23 4.70249e-05 0.00764929 5.14461e-23
4.70249e-05 0.00764929 5.14461e-23 4.75299e-05 0.00747286 4.41677e-24 4.75299e-05 0.00747286 4.41677e-24
4.78665e-05 0.00729398 -2.01022e-23 4.78665e-05 0.00729398 -2.01022e-23 4.80397e-05 0.00711335 3.0951e-23
4.80397e-05 0.00711335 3.0951e-23 4.80787e-05 0.00693158 1.77215e-23 4.80787e-05 0.00693158 1.77215e-23
4.80218e-05 0.00674917 -9.41618e-24 4.80218e-05 0.00674917 -9.41618e-24 4.78983e-05 0.00656639 -1.31343e-23
4.78983e-05 0.00656639 -1.31343e-23 4.77165e-05 0.00638345 2.03699e-23 4.77165e-05 0.00638345 2.03699e-23
4.74642e-05 0.00620051 3.76853e-24 4.74642e-05 0.00620051 3.76853e-24 4.71181e-05 0.00601787 -5.6107e-24
4.71181e-05 0.00601787 -5.6107e-24 4.66564e-05 0.00583591 -1.66016e-23 4.66564e-05 0.00583591 -1.66016e-23
4.60685e-05 0.00565516 -3.8696e-23 4.60685e-05 0.00565516 -3.8696e-23 4.53587e-05 0.00547618 2.48406e-23
4.53587e-05 0.00547618 2.48406e-23 4.45437e-05 0.00529948 -1.22137e-23 4.45437e-05 0.00529948 -1.22137e-23
4.36469e-05 0.00512548 -8.55088e-24 4.36469e-05 0.00512548 -8.55088e-24 4.26916e-05 0.0049545 2.42991e-23
4.26916e-05 0.0049545 2.42991e-23 4.1695e-05 0.00478673 1.06861e-23 4.1695e-05 0.00478673 1.06861e-23
4.06669e-05 0.00462231 -9.59695e-24 4.06669e-05 0.00462231 -9.59695e-24 3.96086e-05 0.00446133 3.15995e-24
3.96086e-05 0.00446133 3.15995e-24 3.85162e-05 0.00430394 7.47109e-24 3.85162e-05 0.00430394 7.47109e-24
3.73827e-05 0.00415028 6.38977e-24 3.73827e-05 0.00415028 6.38977e-24 3.62014e-05 0.00400056 1.50541e-25
3.62014e-05 0.00400056 1.50541e-25 3.49682e-05 0.00385503 -1.06244e-23 3.49682e-05 0.00385503 -1.06244e-23
3.36823e-05 0.00371396 6.78035e-25 3.36823e-05 0.00371396 6.78035e-25 3.23465e-05 0.00357762 1.01767e-23
3.23465e-05 0.00357762 1.01767e-23 3.09664e-05 0.00344628 -1.43214e-23 3.09664e-05 0.00344628 -1.43214e-23
2.95495e-05 0.00332015 -5.28263e-24 2.95495e-05 0.00332015 -5.28263e-24 2.81038e-05 0.00319943 1.4739e-24
2.81038e-05 0.00319943 1.4739e-24 2.66367e-05 0.00308428 3.48857e-24 2.66367e-05 0.00308428 3.48857e-24
2.51544e-05 0.00297482 5.40547e-25 2.51544e-05 0.00297482 5.40547e-25 2.36613e-05 0.00287114 4.1176e-24
2.36613e-05 0.00287114 4.1176e-24 2.21603e-05 0.00277333 4.54335e-24 2.21603e-05 0.00277333 4.54335e-24
2.06526e-05 0.00268146 -4.47707e-24 2.06526e-05 0.00268146 -4.47707e-24 1.91378e-05 0.00259557 -1.31722e-24
1.91378e-05 0.00259557 -1.31722e-24 1.76154e-05 0.00251588 -7.68441e-25 1.76154e-05 0.00251588 -7.68441e-25
1.60819e-05 0.00244205 -4.42183e-25 1.60819e-05 0.00244205 -4.42183e-25 1.45417e-05 0.00237542 1.81168e-24
1.45417e-05 0.00237542 1.81168e-24 1.29708e-05 0.00231223 7.4644e-25 1.29708e-05 0.00231223 7.4644e-25
1.14557e-05 0.00226435 -9.31913e-25 1.14557e-05 0.00226435 -9.31913e-25 9.61259e-06 0.00219168 -3.87665e-25
9.61259e-06 0.00219168 -3.87665e-25 8.37293e-06 0.00220722 8.45863e-25 8.37293e-06 0.00220722 8.45863e-25
6.56506e-06 0.00210853 3.18018e-25 6.56506e-06 0.00210853 3.18018e-25 4.86725e-06 0.00193734 -1.51439e-24
4.86725e-06 0.00193734 -1.51439e-24
        </DataArray>
      </PointData>
    </Piece>
  </PolyData>
</VTKFile>
