<?xml version='1.0'?>
<!-- patch='topWall' time='20' index='20' -->
<VTKFile type='PolyData' version='0.1' byte_order='LittleEndian' header_type='UInt64'>
  <PolyData>
    <FieldData>
      <DataArray type='Float32' Name='TimeValue' NumberOfTuples='1' format='ascii'>
20
      </DataArray>
    </FieldData>
    <Piece NumberOfPoints='1042' NumberOfPolys='520'>
      <Points>
        <DataArray type='Float32' Name='Points' NumberOfComponents='3' format='ascii'>
-0.9 0.35 -0.01 -0.9 0.35 0.01 -0.898342 0.35 0.01
-0.898342 0.35 -0.01 -0.89668 0.35 0.01 -0.89668 0.35 -0.01
-0.895015 0.35 0.01 -0.895015 0.35 -0.01 -0.893346 0.35 0.01
-0.893346 0.35 -0.01 -0.891674 0.35 0.01 -0.891674 0.35 -0.01
-0.889998 0.35 0.01 -0.889998 0.35 -0.01 -0.888319 0.35 0.01
-0.888319 0.35 -0.01 -0.886636 0.35 0.01 -0.886636 0.35 -0.01
-0.884949 0.35 0.01 -0.884949 0.35 -0.01 -0.883259 0.35 0.01
-0.883259 0.35 -0.01 -0.881566 0.35 0.01 -0.881566 0.35 -0.01
-0.879868 0.35 0.01 -0.879868 0.35 -0.01 -0.878168 0.35 0.01
-0.878168 0.35 -0.01 -0.876463 0.35 0.01 -0.876463 0.35 -0.01
-0.874755 0.35 0.01 -0.874755 0.35 -0.01 -0.873043 0.35 0.01
-0.873043 0.35 -0.01 -0.871328 0.35 0.01 -0.871328 0.35 -0.01
-0.869609 0.35 0.01 -0.869609 0.35 -0.01 -0.867887 0.35 0.01
-0.867887 0.35 -0.01 -0.866161 0.35 0.01 -0.866161 0.35 -0.01
-0.864431 0.35 0.01 -0.864431 0.35 -0.01 -0.862697 0.35 0.01
-0.862697 0.35 -0.01 -0.86096 0.35 0.01 -0.86096 0.35 -0.01
-0.859219 0.35 0.01 -0.859219 0.35 -0.01 -0.857474 0.35 0.01
-0.857474 0.35 -0.01 -0.855726 0.35 0.01 -0.855726 0.35 -0.01
-0.853974 0.35 0.01 -0.853974 0.35 -0.01 -0.852218 0.35 0.01
-0.852218 0.35 -0.01 -0.850459 0.35 0.01 -0.850459 0.35 -0.01
-0.848696 0.35 0.01 -0.848696 0.35 -0.01 -0.846929 0.35 0.01
-0.846929 0.35 -0.01 -0.845158 0.35 0.01 -0.845158 0.35 -0.01
-0.843384 0.35 0.01 -0.843384 0.35 -0.01 -0.841606 0.35 0.01
-0.841606 0.35 -0.01 -0.839824 0.35 0.01 -0.839824 0.35 -0.01
-0.838038 0.35 0.01 -0.838038 0.35 -0.01 -0.836249 0.35 0.01
-0.836249 0.35 -0.01 -0.834456 0.35 0.01 -0.834456 0.35 -0.01
-0.832658 0.35 0.01 -0.832658 0.35 -0.01 -0.830858 0.35 0.01
-0.830858 0.35 -0.01 -0.829053 0.35 0.01 -0.829053 0.35 -0.01
-0.827244 0.35 0.01 -0.827244 0.35 -0.01 -0.825432 0.35 0.01
-0.825432 0.35 -0.01 -0.823616 0.35 0.01 -0.823616 0.35 -0.01
-0.821796 0.35 0.01 -0.821796 0.35 -0.01 -0.819972 0.35 0.01
-0.819972 0.35 -0.01 -0.818144 0.35 0.01 -0.818144 0.35 -0.01
-0.816313 0.35 0.01 -0.816313 0.35 -0.01 -0.814477 0.35 0.01
-0.814477 0.35 -0.01 -0.812638 0.35 0.01 -0.812638 0.35 -0.01
-0.810794 0.35 0.01 -0.810794 0.35 -0.01 -0.808947 0.35 0.01
-0.808947 0.35 -0.01 -0.807096 0.35 0.01 -0.807096 0.35 -0.01
-0.805241 0.35 0.01 -0.805241 0.35 -0.01 -0.803382 0.35 0.01
-0.803382 0.35 -0.01 -0.801519 0.35 0.01 -0.801519 0.35 -0.01
-0.799652 0.35 0.01 -0.799652 0.35 -0.01 -0.797782 0.35 0.01
-0.797782 0.35 -0.01 -0.795907 0.35 0.01 -0.795907 0.35 -0.01
-0.794028 0.35 0.01 -0.794028 0.35 -0.01 -0.792145 0.35 0.01
-0.792145 0.35 -0.01 -0.790259 0.35 0.01 -0.790259 0.35 -0.01
-0.788368 0.35 0.01 -0.788368 0.35 -0.01 -0.786473 0.35 0.01
-0.786473 0.35 -0.01 -0.784574 0.35 0.01 -0.784574 0.35 -0.01
-0.782672 0.35 0.01 -0.782672 0.35 -0.01 -0.780765 0.35 0.01
-0.780765 0.35 -0.01 -0.778854 0.35 0.01 -0.778854 0.35 -0.01
-0.776939 0.35 0.01 -0.776939 0.35 -0.01 -0.77502 0.35 0.01
-0.77502 0.35 -0.01 -0.773097 0.35 0.01 -0.773097 0.35 -0.01
-0.77117 0.35 0.01 -0.77117 0.35 -0.01 -0.769239 0.35 0.01
-0.769239 0.35 -0.01 -0.767304 0.35 0.01 -0.767304 0.35 -0.01
-0.765364 0.35 0.01 -0.765364 0.35 -0.01 -0.763421 0.35 0.01
-0.763421 0.35 -0.01 -0.761473 0.35 0.01 -0.761473 0.35 -0.01
-0.759522 0.35 0.01 -0.759522 0.35 -0.01 -0.757566 0.35 0.01
-0.757566 0.35 -0.01 -0.755606 0.35 0.01 -0.755606 0.35 -0.01
-0.753642 0.35 0.01 -0.753642 0.35 -0.01 -0.751673 0.35 0.01
-0.751673 0.35 -0.01 -0.749701 0.35 0.01 -0.749701 0.35 -0.01
-0.747724 0.35 0.01 -0.747724 0.35 -0.01 -0.745743 0.35 0.01
-0.745743 0.35 -0.01 -0.743758 0.35 0.01 -0.743758 0.35 -0.01
-0.741769 0.35 0.01 -0.741769 0.35 -0.01 -0.739776 0.35 0.01
-0.739776 0.35 -0.01 -0.737778 0.35 0.01 -0.737778 0.35 -0.01
-0.735776 0.35 0.01 -0.735776 0.35 -0.01 -0.73377 0.35 0.01
-0.73377 0.35 -0.01 -0.731759 0.35 0.01 -0.731759 0.35 -0.01
-0.729745 0.35 0.01 -0.729745 0.35 -0.01 -0.727726 0.35 0.01
-0.727726 0.35 -0.01 -0.725703 0.35 0.01 -0.725703 0.35 -0.01
-0.723675 0.35 0.01 -0.723675 0.35 -0.01 -0.721643 0.35 0.01
-0.721643 0.35 -0.01 -0.719607 0.35 0.01 -0.719607 0.35 -0.01
-0.717567 0.35 0.01 -0.717567 0.35 -0.01 -0.715522 0.35 0.01
-0.715522 0.35 -0.01 -0.713473 0.35 0.01 -0.713473 0.35 -0.01
-0.71142 0.35 0.01 -0.71142 0.35 -0.01 -0.709362 0.35 0.01
-0.709362 0.35 -0.01 -0.7073 0.35 0.01 -0.7073 0.35 -0.01
-0.705233 0.35 0.01 -0.705233 0.35 -0.01 -0.703162 0.35 0.01
-0.703162 0.35 -0.01 -0.701087 0.35 0.01 -0.701087 0.35 -0.01
-0.699007 0.35 0.01 -0.699007 0.35 -0.01 -0.696923 0.35 0.01
-0.696923 0.35 -0.01 -0.694835 0.35 0.01 -0.694835 0.35 -0.01
-0.692742 0.35 0.01 -0.692742 0.35 -0.01 -0.690644 0.35 0.01
-0.690644 0.35 -0.01 -0.688543 0.35 0.01 -0.688543 0.35 -0.01
-0.686436 0.35 0.01 -0.686436 0.35 -0.01 -0.684326 0.35 0.01
-0.684326 0.35 -0.01 -0.682211 0.35 0.01 -0.682211 0.35 -0.01
-0.680091 0.35 0.01 -0.680091 0.35 -0.01 -0.677967 0.35 0.01
-0.677967 0.35 -0.01 -0.675838 0.35 0.01 -0.675838 0.35 -0.01
-0.673705 0.35 0.01 -0.673705 0.35 -0.01 -0.671567 0.35 0.01
-0.671567 0.35 -0.01 -0.669425 0.35 0.01 -0.669425 0.35 -0.01
-0.667278 0.35 0.01 -0.667278 0.35 -0.01 -0.665127 0.35 0.01
-0.665127 0.35 -0.01 -0.662971 0.35 0.01 -0.662971 0.35 -0.01
-0.660811 0.35 0.01 -0.660811 0.35 -0.01 -0.658646 0.35 0.01
-0.658646 0.35 -0.01 -0.656476 0.35 0.01 -0.656476 0.35 -0.01
-0.654302 0.35 0.01 -0.654302 0.35 -0.01 -0.652123 0.35 0.01
-0.652123 0.35 -0.01 -0.649939 0.35 0.01 -0.649939 0.35 -0.01
-0.647751 0.35 0.01 -0.647751 0.35 -0.01 -0.645559 0.35 0.01
-0.645559 0.35 -0.01 -0.643361 0.35 0.01 -0.643361 0.35 -0.01
-0.641159 0.35 0.01 -0.641159 0.35 -0.01 -0.638953 0.35 0.01
-0.638953 0.35 -0.01 -0.636741 0.35 0.01 -0.636741 0.35 -0.01
-0.634525 0.35 0.01 -0.634525 0.35 -0.01 -0.632305 0.35 0.01
-0.632305 0.35 -0.01 -0.630079 0.35 0.01 -0.630079 0.35 -0.01
-0.627849 0.35 0.01 -0.627849 0.35 -0.01 -0.625614 0.35 0.01
-0.625614 0.35 -0.01 -0.623375 0.35 0.01 -0.623375 0.35 -0.01
-0.62113 0.35 0.01 -0.62113 0.35 -0.01 -0.618881 0.35 0.01
-0.618881 0.35 -0.01 -0.616627 0.35 0.01 -0.616627 0.35 -0.01
-0.614369 0.35 0.01 -0.614369 0.35 -0.01 -0.612105 0.35 0.01
-0.612105 0.35 -0.01 -0.609837 0.35 0.01 -0.609837 0.35 -0.01
-0.607564 0.35 0.01 -0.607564 0.35 -0.01 -0.605286 0.35 0.01
-0.605286 0.35 -0.01 -0.603004 0.35 0.01 -0.603004 0.35 -0.01
-0.600716 0.35 0.01 -0.600716 0.35 -0.01 -0.598424 0.35 0.01
-0.598424 0.35 -0.01 -0.596126 0.35 0.01 -0.596126 0.35 -0.01
-0.593824 0.35 0.01 -0.593824 0.35 -0.01 -0.591517 0.35 0.01
-0.591517 0.35 -0.01 -0.589206 0.35 0.01 -0.589206 0.35 -0.01
-0.586889 0.35 0.01 -0.586889 0.35 -0.01 -0.584567 0.35 0.01
-0.584567 0.35 -0.01 -0.582241 0.35 0.01 -0.582241 0.35 -0.01
-0.579909 0.35 0.01 -0.579909 0.35 -0.01 -0.577573 0.35 0.01
-0.577573 0.35 -0.01 -0.575231 0.35 0.01 -0.575231 0.35 -0.01
-0.572885 0.35 0.01 -0.572885 0.35 -0.01 -0.570534 0.35 0.01
-0.570534 0.35 -0.01 -0.568177 0.35 0.01 -0.568177 0.35 -0.01
-0.565816 0.35 0.01 -0.565816 0.35 -0.01 -0.56345 0.35 0.01
-0.56345 0.35 -0.01 -0.561078 0.35 0.01 -0.561078 0.35 -0.01
-0.558702 0.35 0.01 -0.558702 0.35 -0.01 -0.55632 0.35 0.01
-0.55632 0.35 -0.01 -0.553934 0.35 0.01 -0.553934 0.35 -0.01
-0.551543 0.35 0.01 -0.551543 0.35 -0.01 -0.549146 0.35 0.01
-0.549146 0.35 -0.01 -0.546744 0.35 0.01 -0.546744 0.35 -0.01
-0.544338 0.35 0.01 -0.544338 0.35 -0.01 -0.541926 0.35 0.01
-0.541926 0.35 -0.01 -0.539509 0.35 0.01 -0.539509 0.35 -0.01
-0.537087 0.35 0.01 -0.537087 0.35 -0.01 -0.53466 0.35 0.01
-0.53466 0.35 -0.01 -0.532227 0.35 0.01 -0.532227 0.35 -0.01
-0.52979 0.35 0.01 -0.52979 0.35 -0.01 -0.527347 0.35 0.01
-0.527347 0.35 -0.01 -0.524899 0.35 0.01 -0.524899 0.35 -0.01
-0.522446 0.35 0.01 -0.522446 0.35 -0.01 -0.519988 0.35 0.01
-0.519988 0.35 -0.01 -0.517525 0.35 0.01 -0.517525 0.35 -0.01
-0.515056 0.35 0.01 -0.515056 0.35 -0.01 -0.512582 0.35 0.01
-0.512582 0.35 -0.01 -0.510103 0.35 0.01 -0.510103 0.35 -0.01
-0.507619 0.35 0.01 -0.507619 0.35 -0.01 -0.505129 0.35 0.01
-0.505129 0.35 -0.01 -0.502634 0.35 0.01 -0.502634 0.35 -0.01
-0.500134 0.35 0.01 -0.500134 0.35 -0.01 -0.497628 0.35 0.01
-0.497628 0.35 -0.01 -0.495118 0.35 0.01 -0.495118 0.35 -0.01
-0.492602 0.35 0.01 -0.492602 0.35 -0.01 -0.49008 0.35 0.01
-0.49008 0.35 -0.01 -0.487553 0.35 0.01 -0.487553 0.35 -0.01
-0.485021 0.35 0.01 -0.485021 0.35 -0.01 -0.482484 0.35 0.01
-0.482484 0.35 -0.01 -0.479941 0.35 0.01 -0.479941 0.35 -0.01
-0.477392 0.35 0.01 -0.477392 0.35 -0.01 -0.474839 0.35 0.01
-0.474839 0.35 -0.01 -0.47228 0.35 0.01 -0.47228 0.35 -0.01
-0.469715 0.35 0.01 -0.469715 0.35 -0.01 -0.467145 0.35 0.01
-0.467145 0.35 -0.01 -0.46457 0.35 0.01 -0.46457 0.35 -0.01
-0.461989 0.35 0.01 -0.461989 0.35 -0.01 -0.459403 0.35 0.01
-0.459403 0.35 -0.01 -0.456811 0.35 0.01 -0.456811 0.35 -0.01
-0.454214 0.35 0.01 -0.454214 0.35 -0.01 -0.451611 0.35 0.01
-0.451611 0.35 -0.01 -0.449002 0.35 0.01 -0.449002 0.35 -0.01
-0.446389 0.35 0.01 -0.446389 0.35 -0.01 -0.443769 0.35 0.01
-0.443769 0.35 -0.01 -0.441144 0.35 0.01 -0.441144 0.35 -0.01
-0.438514 0.35 0.01 -0.438514 0.35 -0.01 -0.435878 0.35 0.01
-0.435878 0.35 -0.01 -0.433236 0.35 0.01 -0.433236 0.35 -0.01
-0.430589 0.35 0.01 -0.430589 0.35 -0.01 -0.427936 0.35 0.01
-0.427936 0.35 -0.01 -0.425277 0.35 0.01 -0.425277 0.35 -0.01
-0.422613 0.35 0.01 -0.422613 0.35 -0.01 -0.419944 0.35 0.01
-0.419944 0.35 -0.01 -0.417268 0.35 0.01 -0.417268 0.35 -0.01
-0.414587 0.35 0.01 -0.414587 0.35 -0.01 -0.4119 0.35 0.01
-0.4119 0.35 -0.01 -0.409208 0.35 0.01 -0.409208 0.35 -0.01
-0.40651 0.35 0.01 -0.40651 0.35 -0.01 -0.403806 0.35 0.01
-0.403806 0.35 -0.01 -0.401096 0.35 0.01 -0.401096 0.35 -0.01
-0.398381 0.35 0.01 -0.398381 0.35 -0.01 -0.39566 0.35 0.01
-0.39566 0.35 -0.01 -0.392933 0.35 0.01 -0.392933 0.35 -0.01
-0.3902 0.35 0.01 -0.3902 0.35 -0.01 -0.387462 0.35 0.01
-0.387462 0.35 -0.01 -0.384717 0.35 0.01 -0.384717 0.35 -0.01
-0.381967 0.35 0.01 -0.381967 0.35 -0.01 -0.379211 0.35 0.01
-0.379211 0.35 -0.01 -0.37645 0.35 0.01 -0.37645 0.35 -0.01
-0.373682 0.35 0.01 -0.373682 0.35 -0.01 -0.370909 0.35 0.01
-0.370909 0.35 -0.01 -0.368129 0.35 0.01 -0.368129 0.35 -0.01
-0.365344 0.35 0.01 -0.365344 0.35 -0.01 -0.362553 0.35 0.01
-0.362553 0.35 -0.01 -0.359756 0.35 0.01 -0.359756 0.35 -0.01
-0.356953 0.35 0.01 -0.356953 0.35 -0.01 -0.354144 0.35 0.01
-0.354144 0.35 -0.01 -0.351329 0.35 0.01 -0.351329 0.35 -0.01
-0.348508 0.35 0.01 -0.348508 0.35 -0.01 -0.345682 0.35 0.01
-0.345682 0.35 -0.01 -0.342849 0.35 0.01 -0.342849 0.35 -0.01
-0.34001 0.35 0.01 -0.34001 0.35 -0.01 -0.337165 0.35 0.01
-0.337165 0.35 -0.01 -0.334314 0.35 0.01 -0.334314 0.35 -0.01
-0.331458 0.35 0.01 -0.331458 0.35 -0.01 -0.328595 0.35 0.01
-0.328595 0.35 -0.01 -0.325726 0.35 0.01 -0.325726 0.35 -0.01
-0.322851 0.35 0.01 -0.322851 0.35 -0.01 -0.319969 0.35 0.01
-0.319969 0.35 -0.01 -0.317082 0.35 0.01 -0.317082 0.35 -0.01
-0.314189 0.35 0.01 -0.314189 0.35 -0.01 -0.311289 0.35 0.01
-0.311289 0.35 -0.01 -0.308384 0.35 0.01 -0.308384 0.35 -0.01
-0.305472 0.35 0.01 -0.305472 0.35 -0.01 -0.302554 0.35 0.01
-0.302554 0.35 -0.01 -0.29963 0.35 0.01 -0.29963 0.35 -0.01
-0.296699 0.35 0.01 -0.296699 0.35 -0.01 -0.293763 0.35 0.01
-0.293763 0.35 -0.01 -0.29082 0.35 0.01 -0.29082 0.35 -0.01
-0.287871 0.35 0.01 -0.287871 0.35 -0.01 -0.284916 0.35 0.01
-0.284916 0.35 -0.01 -0.281954 0.35 0.01 -0.281954 0.35 -0.01
-0.278986 0.35 0.01 -0.278986 0.35 -0.01 -0.276012 0.35 0.01
-0.276012 0.35 -0.01 -0.273032 0.35 0.01 -0.273032 0.35 -0.01
-0.270045 0.35 0.01 -0.270045 0.35 -0.01 -0.267052 0.35 0.01
-0.267052 0.35 -0.01 -0.264052 0.35 0.01 -0.264052 0.35 -0.01
-0.261047 0.35 0.01 -0.261047 0.35 -0.01 -0.258035 0.35 0.01
-0.258035 0.35 -0.01 -0.255016 0.35 0.01 -0.255016 0.35 -0.01
-0.251991 0.35 0.01 -0.251991 0.35 -0.01 -0.24896 0.35 0.01
-0.24896 0.35 -0.01 -0.245922 0.35 0.01 -0.245922 0.35 -0.01
-0.242878 0.35 0.01 -0.242878 0.35 -0.01 -0.239827 0.35 0.01
-0.239827 0.35 -0.01 -0.23677 0.35 0.01 -0.23677 0.35 -0.01
-0.233707 0.35 0.01 -0.233707 0.35 -0.01 -0.230637 0.35 0.01
-0.230637 0.35 -0.01 -0.22756 0.35 0.01 -0.22756 0.35 -0.01
-0.224477 0.35 0.01 -0.224477 0.35 -0.01 -0.221387 0.35 0.01
-0.221387 0.35 -0.01 -0.218291 0.35 0.01 -0.218291 0.35 -0.01
-0.215188 0.35 0.01 -0.215188 0.35 -0.01 -0.212079 0.35 0.01
-0.212079 0.35 -0.01 -0.208963 0.35 0.01 -0.208963 0.35 -0.01
-0.205841 0.35 0.01 -0.205841 0.35 -0.01 -0.202712 0.35 0.01
-0.202712 0.35 -0.01 -0.199576 0.35 0.01 -0.199576 0.35 -0.01
-0.196433 0.35 0.01 -0.196433 0.35 -0.01 -0.193284 0.35 0.01
-0.193284 0.35 -0.01 -0.190129 0.35 0.01 -0.190129 0.35 -0.01
-0.186966 0.35 0.01 -0.186966 0.35 -0.01 -0.183797 0.35 0.01
-0.183797 0.35 -0.01 -0.180621 0.35 0.01 -0.180621 0.35 -0.01
-0.177439 0.35 0.01 -0.177439 0.35 -0.01 -0.17425 0.35 0.01
-0.17425 0.35 -0.01 -0.171053 0.35 0.01 -0.171053 0.35 -0.01
-0.167851 0.35 0.01 -0.167851 0.35 -0.01 -0.164641 0.35 0.01
-0.164641 0.35 -0.01 -0.161425 0.35 0.01 -0.161425 0.35 -0.01
-0.158201 0.35 0.01 -0.158201 0.35 -0.01 -0.154971 0.35 0.01
-0.154971 0.35 -0.01 -0.151734 0.35 0.01 -0.151734 0.35 -0.01
-0.148491 0.35 0.01 -0.148491 0.35 -0.01 -0.14524 0.35 0.01
-0.14524 0.35 -0.01 -0.141982 0.35 0.01 -0.141982 0.35 -0.01
-0.138718 0.35 0.01 -0.138718 0.35 -0.01 -0.135447 0.35 0.01
-0.135447 0.35 -0.01 -0.132168 0.35 0.01 -0.132168 0.35 -0.01
-0.128883 0.35 0.01 -0.128883 0.35 -0.01 -0.125591 0.35 0.01
-0.125591 0.35 -0.01 -0.122292 0.35 0.01 -0.122292 0.35 -0.01
-0.118986 0.35 0.01 -0.118986 0.35 -0.01 -0.115673 0.35 0.01
-0.115673 0.35 -0.01 -0.112352 0.35 0.01 -0.112352 0.35 -0.01
-0.109025 0.35 0.01 -0.109025 0.35 -0.01 -0.105691 0.35 0.01
-0.105691 0.35 -0.01 -0.10235 0.35 0.01 -0.10235 0.35 -0.01
-0.0990012 0.35 0.01 -0.0990012 0.35 -0.01 -0.0956457 0.35 0.01
-0.0956457 0.35 -0.01 -0.092283 0.35 0.01 -0.092283 0.35 -0.01
-0.0889133 0.35 0.01 -0.0889133 0.35 -0.01 -0.0855364 0.35 0.01
-0.0855364 0.35 -0.01 -0.0821524 0.35 0.01 -0.0821524 0.35 -0.01
-0.0787612 0.35 0.01 -0.0787612 0.35 -0.01 -0.0753628 0.35 0.01
-0.0753628 0.35 -0.01 -0.0719572 0.35 0.01 -0.0719572 0.35 -0.01
-0.0685444 0.35 0.01 -0.0685444 0.35 -0.01 -0.0651243 0.35 0.01
-0.0651243 0.35 -0.01 -0.061697 0.35 0.01 -0.061697 0.35 -0.01
-0.0582625 0.35 0.01 -0.0582625 0.35 -0.01 -0.0548206 0.35 0.01
-0.0548206 0.35 -0.01 -0.0513715 0.35 0.01 -0.0513715 0.35 -0.01
-0.0479151 0.35 0.01 -0.0479151 0.35 -0.01 -0.0444513 0.35 0.01
-0.0444513 0.35 -0.01 -0.0409802 0.35 0.01 -0.0409802 0.35 -0.01
-0.0375018 0.35 0.01 -0.0375018 0.35 -0.01 -0.0340159 0.35 0.01
-0.0340159 0.35 -0.01 -0.0305227 0.35 0.01 -0.0305227 0.35 -0.01
-0.0270221 0.35 0.01 -0.0270221 0.35 -0.01 -0.0235141 0.35 0.01
-0.0235141 0.35 -0.01 -0.0199986 0.35 0.01 -0.0199986 0.35 -0.01
-0.0164757 0.35 0.01 -0.0164757 0.35 -0.01 -0.0129453 0.35 0.01
-0.0129453 0.35 -0.01 -0.00940746 0.35 0.01 -0.00940746 0.35 -0.01
-0.0058621 0.35 0.01 -0.0058621 0.35 -0.01 -0.00230923 0.35 0.01
-0.00230923 0.35 -0.01 0.00125117 0.35 0.01 0.00125117 0.35 -0.01
0.00481911 0.35 0.01 0.00481911 0.35 -0.01 0.00839462 0.35 0.01
0.00839462 0.35 -0.01 0.0119777 0.35 0.01 0.0119777 0.35 -0.01
0.0155684 0.35 0.01 0.0155684 0.35 -0.01 0.0191667 0.35 0.01
0.0191667 0.35 -0.01 0.0227726 0.35 0.01 0.0227726 0.35 -0.01
0.0263861 0.35 0.01 0.0263861 0.35 -0.01 0.0300073 0.35 0.01
0.0300073 0.35 -0.01 0.0336362 0.35 0.01 0.0336362 0.35 -0.01
0.0372728 0.35 0.01 0.0372728 0.35 -0.01 0.040917 0.35 0.01
0.040917 0.35 -0.01 0.044569 0.35 0.01 0.044569 0.35 -0.01
0.0482288 0.35 0.01 0.0482288 0.35 -0.01 0.0518963 0.35 0.01
0.0518963 0.35 -0.01 0.0555715 0.35 0.01 0.0555715 0.35 -0.01
0.0592546 0.35 0.01 0.0592546 0.35 -0.01 0.0629454 0.35 0.01
0.0629454 0.35 -0.01 0.0666441 0.35 0.01 0.0666441 0.35 -0.01
0.0703506 0.35 0.01 0.0703506 0.35 -0.01 0.074065 0.35 0.01
0.074065 0.35 -0.01 0.0777872 0.35 0.01 0.0777872 0.35 -0.01
0.0815174 0.35 0.01 0.0815174 0.35 -0.01 0.0852554 0.35 0.01
0.0852554 0.35 -0.01 0.0890013 0.35 0.01 0.0890013 0.35 -0.01
0.0927552 0.35 0.01 0.0927552 0.35 -0.01 0.0965171 0.35 0.01
0.0965171 0.35 -0.01 0.100287 0.35 0.01 0.100287 0.35 -0.01
0.104065 0.35 0.01 0.104065 0.35 -0.01 0.10785 0.35 0.01
0.10785 0.35 -0.01 0.111644 0.35 0.01 0.111644 0.35 -0.01
0.115446 0.35 0.01 0.115446 0.35 -0.01 0.119256 0.35 0.01
0.119256 0.35 -0.01 0.123074 0.35 0.01 0.123074 0.35 -0.01
0.1269 0.35 0.01 0.1269 0.35 -0.01 0.130734 0.35 0.01
0.130734 0.35 -0.01 0.134577 0.35 0.01 0.134577 0.35 -0.01
0.138427 0.35 0.01 0.138427 0.35 -0.01 0.142286 0.35 0.01
0.142286 0.35 -0.01 0.146153 0.35 0.01 0.146153 0.35 -0.01
0.150028 0.35 0.01 0.150028 0.35 -0.01 0.153911 0.35 0.01
0.153911 0.35 -0.01 0.157802 0.35 0.01 0.157802 0.35 -0.01
0.161702 0.35 0.01 0.161702 0.35 -0.01 0.16561 0.35 0.01
0.16561 0.35 -0.01 0.169526 0.35 0.01 0.169526 0.35 -0.01
0.173451 0.35 0.01 0.173451 0.35 -0.01 0.177383 0.35 0.01
0.177383 0.35 -0.01 0.181325 0.35 0.01 0.181325 0.35 -0.01
0.185274 0.35 0.01 0.185274 0.35 -0.01 0.189232 0.35 0.01
0.189232 0.35 -0.01 0.193198 0.35 0.01 0.193198 0.35 -0.01
0.197173 0.35 0.01 0.197173 0.35 -0.01 0.201156 0.35 0.01
0.201156 0.35 -0.01 0.205148 0.35 0.01 0.205148 0.35 -0.01
0.209148 0.35 0.01 0.209148 0.35 -0.01 0.213156 0.35 0.01
0.213156 0.35 -0.01 0.217173 0.35 0.01 0.217173 0.35 -0.01
0.221199 0.35 0.01 0.221199 0.35 -0.01 0.225233 0.35 0.01
0.225233 0.35 -0.01 0.229275 0.35 0.01 0.229275 0.35 -0.01
0.233326 0.35 0.01 0.233326 0.35 -0.01 0.237386 0.35 0.01
0.237386 0.35 -0.01 0.241454 0.35 0.01 0.241454 0.35 -0.01
0.245531 0.35 0.01 0.245531 0.35 -0.01 0.249617 0.35 0.01
0.249617 0.35 -0.01 0.253711 0.35 0.01 0.253711 0.35 -0.01
0.257814 0.35 0.01 0.257814 0.35 -0.01 0.261926 0.35 0.01
0.261926 0.35 -0.01 0.266046 0.35 0.01 0.266046 0.35 -0.01
0.270175 0.35 0.01 0.270175 0.35 -0.01 0.274313 0.35 0.01
0.274313 0.35 -0.01 0.278459 0.35 0.01 0.278459 0.35 -0.01
0.282615 0.35 0.01 0.282615 0.35 -0.01 0.286779 0.35 0.01
0.286779 0.35 -0.01 0.290952 0.35 0.01 0.290952 0.35 -0.01
0.295134 0.35 0.01 0.295134 0.35 -0.01 0.299324 0.35 0.01
0.299324 0.35 -0.01 0.303524 0.35 0.01 0.303524 0.35 -0.01
0.307732 0.35 0.01 0.307732 0.35 -0.01 0.31195 0.35 0.01
0.31195 0.35 -0.01 0.316176 0.35 0.01 0.316176 0.35 -0.01
0.320411 0.35 0.01 0.320411 0.35 -0.01 0.324656 0.35 0.01
0.324656 0.35 -0.01 0.328909 0.35 0.01 0.328909 0.35 -0.01
0.333171 0.35 0.01 0.333171 0.35 -0.01 0.337443 0.35 0.01
0.337443 0.35 -0.01 0.341723 0.35 0.01 0.341723 0.35 -0.01
0.346012 0.35 0.01 0.346012 0.35 -0.01 0.350311 0.35 0.01
0.350311 0.35 -0.01 0.354618 0.35 0.01 0.354618 0.35 -0.01
0.358935 0.35 0.01 0.358935 0.35 -0.01 0.363261 0.35 0.01
0.363261 0.35 -0.01 0.367596 0.35 0.01 0.367596 0.35 -0.01
0.37194 0.35 0.01 0.37194 0.35 -0.01 0.376294 0.35 0.01
0.376294 0.35 -0.01 0.380656 0.35 0.01 0.380656 0.35 -0.01
0.385028 0.35 0.01 0.385028 0.35 -0.01 0.38941 0.35 0.01
0.38941 0.35 -0.01 0.3938 0.35 0.01 0.3938 0.35 -0.01
0.3982 0.35 0.01 0.3982 0.35 -0.01 0.402609 0.35 0.01
0.402609 0.35 -0.01 0.407027 0.35 0.01 0.407027 0.35 -0.01
0.411455 0.35 0.01 0.411455 0.35 -0.01 0.415892 0.35 0.01
0.415892 0.35 -0.01 0.420339 0.35 0.01 0.420339 0.35 -0.01
0.424795 0.35 0.01 0.424795 0.35 -0.01 0.42926 0.35 0.01
0.42926 0.35 -0.01 0.433735 0.35 0.01 0.433735 0.35 -0.01
0.43822 0.35 0.01 0.43822 0.35 -0.01 0.442713 0.35 0.01
0.442713 0.35 -0.01 0.447217 0.35 0.01 0.447217 0.35 -0.01
0.45173 0.35 0.01 0.45173 0.35 -0.01 0.456252 0.35 0.01
0.456252 0.35 -0.01 0.460784 0.35 0.01 0.460784 0.35 -0.01
0.465326 0.35 0.01 0.465326 0.35 -0.01 0.469878 0.35 0.01
0.469878 0.35 -0.01 0.474438 0.35 0.01 0.474438 0.35 -0.01
0.479009 0.35 0.01 0.479009 0.35 -0.01 0.483589 0.35 0.01
0.483589 0.35 -0.01 0.488179 0.35 0.01 0.488179 0.35 -0.01
0.492779 0.35 0.01 0.492779 0.35 -0.01 0.497389 0.35 0.01
0.497389 0.35 -0.01 0.502008 0.35 0.01 0.502008 0.35 -0.01
0.506637 0.35 0.01 0.506637 0.35 -0.01 0.511276 0.35 0.01
0.511276 0.35 -0.01 0.515925 0.35 0.01 0.515925 0.35 -0.01
0.520583 0.35 0.01 0.520583 0.35 -0.01 0.525252 0.35 0.01
0.525252 0.35 -0.01 0.52993 0.35 0.01 0.52993 0.35 -0.01
0.534618 0.35 0.01 0.534618 0.35 -0.01 0.539316 0.35 0.01
0.539316 0.35 -0.01 0.544024 0.35 0.01 0.544024 0.35 -0.01
0.548743 0.35 0.01 0.548743 0.35 -0.01 0.553471 0.35 0.01
0.553471 0.35 -0.01 0.558209 0.35 0.01 0.558209 0.35 -0.01
0.562957 0.35 0.01 0.562957 0.35 -0.01 0.567715 0.35 0.01
0.567715 0.35 -0.01 0.572483 0.35 0.01 0.572483 0.35 -0.01
0.577262 0.35 0.01 0.577262 0.35 -0.01 0.58205 0.35 0.01
0.58205 0.35 -0.01 0.586849 0.35 0.01 0.586849 0.35 -0.01
0.591658 0.35 0.01 0.591658 0.35 -0.01 0.596477 0.35 0.01
0.596477 0.35 -0.01 0.601306 0.35 0.01 0.601306 0.35 -0.01
0.606146 0.35 0.01 0.606146 0.35 -0.01 0.610995 0.35 0.01
0.610995 0.35 -0.01 0.615855 0.35 0.01 0.615855 0.35 -0.01
0.620726 0.35 0.01 0.620726 0.35 -0.01 0.625606 0.35 0.01
0.625606 0.35 -0.01 0.630497 0.35 0.01 0.630497 0.35 -0.01
0.635399 0.35 0.01 0.635399 0.35 -0.01 0.64031 0.35 0.01
0.64031 0.35 -0.01 0.645232 0.35 0.01 0.645232 0.35 -0.01
0.650165 0.35 0.01 0.650165 0.35 -0.01 0.655108 0.35 0.01
0.655108 0.35 -0.01 0.660062 0.35 0.01 0.660062 0.35 -0.01
0.665025 0.35 0.01 0.665025 0.35 -0.01 0.67 0.35 0.01
0.67 0.35 -0.01
        </DataArray>
      </Points>
      <Polys>
        <DataArray type='Int32' Name='connectivity' format='ascii'>
0 1 2 3 3 2 4 5 5
4 6 7 7 6 8 9 9 8
10 11 11 10 12 13 13 12 14
15 15 14 16 17 17 16 18 19
19 18 20 21 21 20 22 23 23
22 24 25 25 24 26 27 27 26
28 29 29 28 30 31 31 30 32
33 33 32 34 35 35 34 36 37
37 36 38 39 39 38 40 41 41
40 42 43 43 42 44 45 45 44
46 47 47 46 48 49 49 48 50
51 51 50 52 53 53 52 54 55
55 54 56 57 57 56 58 59 59
58 60 61 61 60 62 63 63 62
64 65 65 64 66 67 67 66 68
69 69 68 70 71 71 70 72 73
73 72 74 75 75 74 76 77 77
76 78 79 79 78 80 81 81 80
82 83 83 82 84 85 85 84 86
87 87 86 88 89 89 88 90 91
91 90 92 93 93 92 94 95 95
94 96 97 97 96 98 99 99 98
100 101 101 100 102 103 103 102 104
105 105 104 106 107 107 106 108 109
109 108 110 111 111 110 112 113 113
112 114 115 115 114 116 117 117 116
118 119 119 118 120 121 121 120 122
123 123 122 124 125 125 124 126 127
127 126 128 129 129 128 130 131 131
130 132 133 133 132 134 135 135 134
136 137 137 136 138 139 139 138 140
141 141 140 142 143 143 142 144 145
145 144 146 147 147 146 148 149 149
148 150 151 151 150 152 153 153 152
154 155 155 154 156 157 157 156 158
159 159 158 160 161 161 160 162 163
163 162 164 165 165 164 166 167 167
166 168 169 169 168 170 171 171 170
172 173 173 172 174 175 175 174 176
177 177 176 178 179 179 178 180 181
181 180 182 183 183 182 184 185 185
184 186 187 187 186 188 189 189 188
190 191 191 190 192 193 193 192 194
195 195 194 196 197 197 196 198 199
199 198 200 201 201 200 202 203 203
202 204 205 205 204 206 207 207 206
208 209 209 208 210 211 211 210 212
213 213 212 214 215 215 214 216 217
217 216 218 219 219 218 220 221 221
220 222 223 223 222 224 225 225 224
226 227 227 226 228 229 229 228 230
231 231 230 232 233 233 232 234 235
235 234 236 237 237 236 238 239 239
238 240 241 241 240 242 243 243 242
244 245 245 244 246 247 247 246 248
249 249 248 250 251 251 250 252 253
253 252 254 255 255 254 256 257 257
256 258 259 259 258 260 261 261 260
262 263 263 262 264 265 265 264 266
267 267 266 268 269 269 268 270 271
271 270 272 273 273 272 274 275 275
274 276 277 277 276 278 279 279 278
280 281 281 280 282 283 283 282 284
285 285 284 286 287 287 286 288 289
289 288 290 291 291 290 292 293 293
292 294 295 295 294 296 297 297 296
298 299 299 298 300 301 301 300 302
303 303 302 304 305 305 304 306 307
307 306 308 309 309 308 310 311 311
310 312 313 313 312 314 315 315 314
316 317 317 316 318 319 319 318 320
321 321 320 322 323 323 322 324 325
325 324 326 327 327 326 328 329 329
328 330 331 331 330 332 333 333 332
334 335 335 334 336 337 337 336 338
339 339 338 340 341 341 340 342 343
343 342 344 345 345 344 346 347 347
346 348 349 349 348 350 351 351 350
352 353 353 352 354 355 355 354 356
357 357 356 358 359 359 358 360 361
361 360 362 363 363 362 364 365 365
364 366 367 367 366 368 369 369 368
370 371 371 370 372 373 373 372 374
375 375 374 376 377 377 376 378 379
379 378 380 381 381 380 382 383 383
382 384 385 385 384 386 387 387 386
388 389 389 388 390 391 391 390 392
393 393 392 394 395 395 394 396 397
397 396 398 399 399 398 400 401 401
400 402 403 403 402 404 405 405 404
406 407 407 406 408 409 409 408 410
411 411 410 412 413 413 412 414 415
415 414 416 417 417 416 418 419 419
418 420 421 421 420 422 423 423 422
424 425 425 424 426 427 427 426 428
429 429 428 430 431 431 430 432 433
433 432 434 435 435 434 436 437 437
436 438 439 439 438 440 441 441 440
442 443 443 442 444 445 445 444 446
447 447 446 448 449 449 448 450 451
451 450 452 453 453 452 454 455 455
454 456 457 457 456 458 459 459 458
460 461 461 460 462 463 463 462 464
465 465 464 466 467 467 466 468 469
469 468 470 471 471 470 472 473 473
472 474 475 475 474 476 477 477 476
478 479 479 478 480 481 481 480 482
483 483 482 484 485 485 484 486 487
487 486 488 489 489 488 490 491 491
490 492 493 493 492 494 495 495 494
496 497 497 496 498 499 499 498 500
501 501 500 502 503 503 502 504 505
505 504 506 507 507 506 508 509 509
508 510 511 511 510 512 513 513 512
514 515 515 514 516 517 517 516 518
519 519 518 520 521 521 520 522 523
523 522 524 525 525 524 526 527 527
526 528 529 529 528 530 531 531 530
532 533 533 532 534 535 535 534 536
537 537 536 538 539 539 538 540 541
541 540 542 543 543 542 544 545 545
544 546 547 547 546 548 549 549 548
550 551 551 550 552 553 553 552 554
555 555 554 556 557 557 556 558 559
559 558 560 561 561 560 562 563 563
562 564 565 565 564 566 567 567 566
568 569 569 568 570 571 571 570 572
573 573 572 574 575 575 574 576 577
577 576 578 579 579 578 580 581 581
580 582 583 583 582 584 585 585 584
586 587 587 586 588 589 589 588 590
591 591 590 592 593 593 592 594 595
595 594 596 597 597 596 598 599 599
598 600 601 601 600 602 603 603 602
604 605 605 604 606 607 607 606 608
609 609 608 610 611 611 610 612 613
613 612 614 615 615 614 616 617 617
616 618 619 619 618 620 621 621 620
622 623 623 622 624 625 625 624 626
627 627 626 628 629 629 628 630 631
631 630 632 633 633 632 634 635 635
634 636 637 637 636 638 639 639 638
640 641 641 640 642 643 643 642 644
645 645 644 646 647 647 646 648 649
649 648 650 651 651 650 652 653 653
652 654 655 655 654 656 657 657 656
658 659 659 658 660 661 661 660 662
663 663 662 664 665 665 664 666 667
667 666 668 669 669 668 670 671 671
670 672 673 673 672 674 675 675 674
676 677 677 676 678 679 679 678 680
681 681 680 682 683 683 682 684 685
685 684 686 687 687 686 688 689 689
688 690 691 691 690 692 693 693 692
694 695 695 694 696 697 697 696 698
699 699 698 700 701 701 700 702 703
703 702 704 705 705 704 706 707 707
706 708 709 709 708 710 711 711 710
712 713 713 712 714 715 715 714 716
717 717 716 718 719 719 718 720 721
721 720 722 723 723 722 724 725 725
724 726 727 727 726 728 729 729 728
730 731 731 730 732 733 733 732 734
735 735 734 736 737 737 736 738 739
739 738 740 741 741 740 742 743 743
742 744 745 745 744 746 747 747 746
748 749 749 748 750 751 751 750 752
753 753 752 754 755 755 754 756 757
757 756 758 759 759 758 760 761 761
760 762 763 763 762 764 765 765 764
766 767 767 766 768 769 769 768 770
771 771 770 772 773 773 772 774 775
775 774 776 777 777 776 778 779 779
778 780 781 781 780 782 783 783 782
784 785 785 784 786 787 787 786 788
789 789 788 790 791 791 790 792 793
793 792 794 795 795 794 796 797 797
796 798 799 799 798 800 801 801 800
802 803 803 802 804 805 805 804 806
807 807 806 808 809 809 808 810 811
811 810 812 813 813 812 814 815 815
814 816 817 817 816 818 819 819 818
820 821 821 820 822 823 823 822 824
825 825 824 826 827 827 826 828 829
829 828 830 831 831 830 832 833 833
832 834 835 835 834 836 837 837 836
838 839 839 838 840 841 841 840 842
843 843 842 844 845 845 844 846 847
847 846 848 849 849 848 850 851 851
850 852 853 853 852 854 855 855 854
856 857 857 856 858 859 859 858 860
861 861 860 862 863 863 862 864 865
865 864 866 867 867 866 868 869 869
868 870 871 871 870 872 873 873 872
874 875 875 874 876 877 877 876 878
879 879 878 880 881 881 880 882 883
883 882 884 885 885 884 886 887 887
886 888 889 889 888 890 891 891 890
892 893 893 892 894 895 895 894 896
897 897 896 898 899 899 898 900 901
901 900 902 903 903 902 904 905 905
904 906 907 907 906 908 909 909 908
910 911 911 910 912 913 913 912 914
915 915 914 916 917 917 916 918 919
919 918 920 921 921 920 922 923 923
922 924 925 925 924 926 927 927 926
928 929 929 928 930 931 931 930 932
933 933 932 934 935 935 934 936 937
937 936 938 939 939 938 940 941 941
940 942 943 943 942 944 945 945 944
946 947 947 946 948 949 949 948 950
951 951 950 952 953 953 952 954 955
955 954 956 957 957 956 958 959 959
958 960 961 961 960 962 963 963 962
964 965 965 964 966 967 967 966 968
969 969 968 970 971 971 970 972 973
973 972 974 975 975 974 976 977 977
976 978 979 979 978 980 981 981 980
982 983 983 982 984 985 985 984 986
987 987 986 988 989 989 988 990 991
991 990 992 993 993 992 994 995 995
994 996 997 997 996 998 999 999 998
1000 1001 1001 1000 1002 1003 1003 1002 1004
1005 1005 1004 1006 1007 1007 1006 1008 1009
1009 1008 1010 1011 1011 1010 1012 1013 1013
1012 1014 1015 1015 1014 1016 1017 1017 1016
1018 1019 1019 1018 1020 1021 1021 1020 1022
1023 1023 1022 1024 1025 1025 1024 1026 1027
1027 1026 1028 1029 1029 1028 1030 1031 1031
1030 1032 1033 1033 1032 1034 1035 1035 1034
1036 1037 1037 1036 1038 1039 1039 1038 1040
1041
        </DataArray>
        <DataArray type='Int32' Name='offsets' format='ascii'>
4 8 12 16 20 24 28 32 36
40 44 48 52 56 60 64 68 72
76 80 84 88 92 96 100 104 108
112 116 120 124 128 132 136 140 144
148 152 156 160 164 168 172 176 180
184 188 192 196 200 204 208 212 216
220 224 228 232 236 240 244 248 252
256 260 264 268 272 276 280 284 288
292 296 300 304 308 312 316 320 324
328 332 336 340 344 348 352 356 360
364 368 372 376 380 384 388 392 396
400 404 408 412 416 420 424 428 432
436 440 444 448 452 456 460 464 468
472 476 480 484 488 492 496 500 504
508 512 516 520 524 528 532 536 540
544 548 552 556 560 564 568 572 576
580 584 588 592 596 600 604 608 612
616 620 624 628 632 636 640 644 648
652 656 660 664 668 672 676 680 684
688 692 696 700 704 708 712 716 720
724 728 732 736 740 744 748 752 756
760 764 768 772 776 780 784 788 792
796 800 804 808 812 816 820 824 828
832 836 840 844 848 852 856 860 864
868 872 876 880 884 888 892 896 900
904 908 912 916 920 924 928 932 936
940 944 948 952 956 960 964 968 972
976 980 984 988 992 996 1000 1004 1008
1012 1016 1020 1024 1028 1032 1036 1040 1044
1048 1052 1056 1060 1064 1068 1072 1076 1080
1084 1088 1092 1096 1100 1104 1108 1112 1116
1120 1124 1128 1132 1136 1140 1144 1148 1152
1156 1160 1164 1168 1172 1176 1180 1184 1188
1192 1196 1200 1204 1208 1212 1216 1220 1224
1228 1232 1236 1240 1244 1248 1252 1256 1260
1264 1268 1272 1276 1280 1284 1288 1292 1296
1300 1304 1308 1312 1316 1320 1324 1328 1332
1336 1340 1344 1348 1352 1356 1360 1364 1368
1372 1376 1380 1384 1388 1392 1396 1400 1404
1408 1412 1416 1420 1424 1428 1432 1436 1440
1444 1448 1452 1456 1460 1464 1468 1472 1476
1480 1484 1488 1492 1496 1500 1504 1508 1512
1516 1520 1524 1528 1532 1536 1540 1544 1548
1552 1556 1560 1564 1568 1572 1576 1580 1584
1588 1592 1596 1600 1604 1608 1612 1616 1620
1624 1628 1632 1636 1640 1644 1648 1652 1656
1660 1664 1668 1672 1676 1680 1684 1688 1692
1696 1700 1704 1708 1712 1716 1720 1724 1728
1732 1736 1740 1744 1748 1752 1756 1760 1764
1768 1772 1776 1780 1784 1788 1792 1796 1800
1804 1808 1812 1816 1820 1824 1828 1832 1836
1840 1844 1848 1852 1856 1860 1864 1868 1872
1876 1880 1884 1888 1892 1896 1900 1904 1908
1912 1916 1920 1924 1928 1932 1936 1940 1944
1948 1952 1956 1960 1964 1968 1972 1976 1980
1984 1988 1992 1996 2000 2004 2008 2012 2016
2020 2024 2028 2032 2036 2040 2044 2048 2052
2056 2060 2064 2068 2072 2076 2080
        </DataArray>
      </Polys>
      <CellData>
        <DataArray type='Float32' Name='k' format='ascii'>
0.179333 0.179089 0.178845 0.1786 0.178356 0.178113 0.177869 0.177625 0.177382
0.177139 0.176896 0.176652 0.17641 0.176167 0.175924 0.175682 0.175439 0.175198
0.174956 0.174715 0.174475 0.174235 0.173997 0.17376 0.173525 0.173291 0.17306
0.172831 0.172606 0.172384 0.172166 0.171953 0.171744 0.171541 0.171343 0.171151
0.170966 0.170787 0.170616 0.170451 0.170294 0.170144 0.170001 0.169866 0.169737
0.169617 0.169503 0.169395 0.169295 0.1692 0.169112 0.169029 0.168952 0.16888
0.168813 0.168749 0.16869 0.168635 0.168583 0.168535 0.168489 0.168446 0.168405
0.168366 0.168329 0.168294 0.16826 0.168228 0.168197 0.168166 0.168137 0.168109
0.168081 0.168054 0.168027 0.168001 0.167975 0.167949 0.167924 0.167899 0.167874
0.167849 0.167824 0.1678 0.167775 0.167751 0.167726 0.167702 0.167678 0.167653
0.167629 0.167604 0.16758 0.167556 0.167531 0.167507 0.167482 0.167458 0.167433
0.167409 0.167384 0.167359 0.167335 0.16731 0.167285 0.16726 0.167236 0.167211
0.167186 0.167161 0.167136 0.167111 0.167085 0.16706 0.167035 0.16701 0.166984
0.166959 0.166934 0.166908 0.166883 0.166857 0.166832 0.166806 0.16678 0.166755
0.166729 0.166703 0.166677 0.166651 0.166625 0.166599 0.166573 0.166547 0.166521
0.166495 0.166469 0.166442 0.166416 0.16639 0.166363 0.166337 0.16631 0.166284
0.166257 0.16623 0.166204 0.166177 0.16615 0.166123 0.166096 0.16607 0.166043
0.166016 0.165988 0.165961 0.165934 0.165907 0.16588 0.165852 0.165825 0.165798
0.16577 0.165743 0.165715 0.165687 0.16566 0.165632 0.165604 0.165577 0.165549
0.165521 0.165493 0.165465 0.165437 0.165409 0.165381 0.165352 0.165324 0.165296
0.165268 0.165239 0.165211 0.165182 0.165154 0.165125 0.165097 0.165068 0.165039
0.165011 0.164982 0.164953 0.164924 0.164895 0.164866 0.164837 0.164808 0.164779
0.16475 0.164721 0.164691 0.164662 0.164633 0.164603 0.164574 0.164544 0.164515
0.164485 0.164455 0.164426 0.164396 0.164366 0.164336 0.164307 0.164277 0.164247
0.164217 0.164187 0.164157 0.164126 0.164096 0.164066 0.164036 0.164005 0.163975
0.163945 0.163914 0.163884 0.163853 0.163823 0.163792 0.163761 0.163731 0.1637
0.163669 0.163638 0.163607 0.163577 0.163546 0.163515 0.163484 0.163453 0.163422
0.16339 0.163359 0.163328 0.163297 0.163266 0.163234 0.163203 0.163172 0.16314
0.163109 0.163078 0.163046 0.163015 0.162983 0.162952 0.16292 0.162889 0.162857
0.162825 0.162794 0.162762 0.16273 0.162699 0.162667 0.162635 0.162604 0.162572
0.16254 0.162509 0.162477 0.162445 0.162413 0.162382 0.16235 0.162318 0.162287
0.162255 0.162223 0.162192 0.16216 0.162129 0.162097 0.162066 0.162034 0.162003
0.161971 0.16194 0.161909 0.161877 0.161846 0.161815 0.161784 0.161753 0.161723
0.161692 0.161661 0.161631 0.1616 0.16157 0.16154 0.16151 0.16148 0.16145
0.16142 0.161391 0.161362 0.161332 0.161304 0.161275 0.161246 0.161218 0.16119
0.161162 0.161134 0.161107 0.16108 0.161053 0.161027 0.161001 0.160975 0.160949
0.160924 0.1609 0.160875 0.160851 0.160828 0.160804 0.160782 0.16076 0.160738
0.160716 0.160696 0.160675 0.160656 0.160637 0.160618 0.1606 0.160583 0.160566
0.16055 0.160534 0.160519 0.160505 0.160492 0.160479 0.160467 0.160456 0.160445
0.160435 0.160426 0.160418 0.16041 0.160403 0.160397 0.160392 0.160387 0.160383
0.16038 0.160377 0.160376 0.160374 0.160374 0.160374 0.160374 0.160376 0.160378
0.16038 0.160384 0.160387 0.160391 0.160396 0.160401 0.160406 0.160412 0.160418
0.160423 0.160429 0.160435 0.16044 0.160445 0.160449 0.160453 0.160456 0.160459
0.16046 0.160461 0.160461 0.16046 0.160459 0.160456 0.160452 0.160447 0.160442
0.160435 0.160427 0.160417 0.160406 0.160394 0.16038 0.160363 0.160345 0.160325
0.160302 0.160276 0.160248 0.160216 0.160182 0.160145 0.160105 0.160061 0.160015
0.159965 0.159913 0.159858 0.159801 0.159741 0.159679 0.159616 0.15955 0.159483
0.159415 0.159347 0.159278 0.159208 0.159139 0.159071 0.159003 0.158936 0.158871
0.158808 0.158746 0.158687 0.15863 0.158576 0.158525 0.158476 0.15843 0.158386
0.158345 0.158306 0.158269 0.158233 0.158197 0.158163 0.158128 0.158093 0.158058
0.158022 0.157985 0.157947 0.157907 0.157867 0.157825 0.157781 0.157737 0.157692
0.157646 0.157599 0.157551 0.157504 0.157456 0.157409 0.157362 0.157316 0.157271
0.157227 0.157183 0.157141 0.157101 0.157061 0.157023 0.156986 0.156951 0.156916
0.156883 0.156852 0.156821 0.156792 0.156763 0.156734 0.156706 0.156677 0.156648
0.156618 0.156586 0.156551 0.156515 0.156476 0.156433 0.156387 0.156337 0.156284
0.156226 0.156164 0.156098 0.156028 0.155954 0.155876 0.155794 0.155709 0.155621
0.155529 0.155435 0.155339 0.15524 0.155139 0.155037 0.154934 0.154829 0.154723
0.154617 0.15451 0.154403 0.154296 0.154188 0.154083 0.153967
        </DataArray>
        <DataArray type='Float32' Name='nut' format='ascii'>
0.000568147 0.000568018 0.000567889 0.00056776 0.000567631 0.000567501 0.000567372 0.000567243 0.000567113
0.000566983 0.000566854 0.000566724 0.000566594 0.000566464 0.000566334 0.000566204 0.000566074 0.000565944
0.000565815 0.000565685 0.000565556 0.000565428 0.0005653 0.000565173 0.000565048 0.000564923 0.0005648
0.00056468 0.000564561 0.000564445 0.000564332 0.000564221 0.000564114 0.000564011 0.000563911 0.000563816
0.000563724 0.000563637 0.000563554 0.000563476 0.000563402 0.000563333 0.000563267 0.000563206 0.000563149
0.000563096 0.000563047 0.000563001 0.000562959 0.00056292 0.000562884 0.000562851 0.00056282 0.000562791
0.000562764 0.00056274 0.000562717 0.000562695 0.000562675 0.000562656 0.000562638 0.000562621 0.000562604
0.000562589 0.000562574 0.000562559 0.000562545 0.000562531 0.000562517 0.000562504 0.00056249 0.000562477
0.000562464 0.000562451 0.000562439 0.000562426 0.000562413 0.0005624 0.000562388 0.000562375 0.000562362
0.00056235 0.000562337 0.000562324 0.000562311 0.000562298 0.000562286 0.000562273 0.00056226 0.000562247
0.000562234 0.000562221 0.000562208 0.000562195 0.000562182 0.000562169 0.000562156 0.000562142 0.000562129
0.000562116 0.000562103 0.000562089 0.000562076 0.000562063 0.00056205 0.000562036 0.000562023 0.000562009
0.000561996 0.000561983 0.000561969 0.000561956 0.000561942 0.000561928 0.000561915 0.000561901 0.000561888
0.000561874 0.00056186 0.000561847 0.000561833 0.000561819 0.000561805 0.000561791 0.000561778 0.000561764
0.00056175 0.000561736 0.000561722 0.000561708 0.000561694 0.00056168 0.000561666 0.000561652 0.000561638
0.000561624 0.000561609 0.000561595 0.000561581 0.000561567 0.000561553 0.000561538 0.000561524 0.00056151
0.000561495 0.000561481 0.000561466 0.000561452 0.000561438 0.000561423 0.000561409 0.000561394 0.000561379
0.000561365 0.00056135 0.000561336 0.000561321 0.000561306 0.000561292 0.000561277 0.000561262 0.000561247
0.000561232 0.000561217 0.000561203 0.000561188 0.000561173 0.000561158 0.000561143 0.000561128 0.000561113
0.000561098 0.000561083 0.000561067 0.000561052 0.000561037 0.000561022 0.000561007 0.000560991 0.000560976
0.000560961 0.000560945 0.00056093 0.000560915 0.000560899 0.000560884 0.000560868 0.000560853 0.000560837
0.000560822 0.000560806 0.000560791 0.000560775 0.000560759 0.000560744 0.000560728 0.000560712 0.000560697
0.000560681 0.000560665 0.000560649 0.000560633 0.000560617 0.000560601 0.000560585 0.00056057 0.000560554
0.000560538 0.000560521 0.000560505 0.000560489 0.000560473 0.000560457 0.000560441 0.000560425 0.000560409
0.000560392 0.000560376 0.00056036 0.000560343 0.000560327 0.000560311 0.000560294 0.000560278 0.000560262
0.000560245 0.000560229 0.000560212 0.000560196 0.000560179 0.000560163 0.000560146 0.000560129 0.000560113
0.000560096 0.000560079 0.000560063 0.000560046 0.000560029 0.000560013 0.000559996 0.000559979 0.000559962
0.000559946 0.000559929 0.000559912 0.000559895 0.000559878 0.000559861 0.000559844 0.000559828 0.000559811
0.000559794 0.000559777 0.00055976 0.000559743 0.000559726 0.000559709 0.000559692 0.000559675 0.000559658
0.000559641 0.000559624 0.000559607 0.000559591 0.000559574 0.000559557 0.00055954 0.000559523 0.000559506
0.000559489 0.000559472 0.000559455 0.000559439 0.000559422 0.000559405 0.000559388 0.000559372 0.000559355
0.000559338 0.000559322 0.000559305 0.000559289 0.000559272 0.000559256 0.000559239 0.000559223 0.000559207
0.000559191 0.000559175 0.000559159 0.000559143 0.000559127 0.000559111 0.000559096 0.00055908 0.000559065
0.00055905 0.000559035 0.00055902 0.000559005 0.00055899 0.000558976 0.000558962 0.000558948 0.000558934
0.00055892 0.000558906 0.000558893 0.00055888 0.000558867 0.000558855 0.000558842 0.00055883 0.000558819
0.000558807 0.000558796 0.000558786 0.000558775 0.000558765 0.000558756 0.000558746 0.000558738 0.000558729
0.000558722 0.000558714 0.000558707 0.000558701 0.000558695 0.00055869 0.000558685 0.000558681 0.000558678
0.000558675 0.000558673 0.000558671 0.00055867 0.00055867 0.000558671 0.000558673 0.000558675 0.000558678
0.000558682 0.000558687 0.000558692 0.000558699 0.000558706 0.000558714 0.000558724 0.000558734 0.000558745
0.000558757 0.00055877 0.000558784 0.000558799 0.000558815 0.000558832 0.00055885 0.000558869 0.000558888
0.000558909 0.00055893 0.000558953 0.000558976 0.000559 0.000559024 0.00055905 0.000559076 0.000559102
0.00055913 0.000559158 0.000559187 0.000559216 0.000559245 0.000559275 0.000559305 0.000559335 0.000559365
0.000559395 0.000559425 0.000559454 0.000559482 0.00055951 0.000559536 0.000559562 0.000559586 0.000559609
0.00055963 0.00055965 0.000559669 0.000559685 0.000559701 0.000559715 0.000559727 0.000559737 0.000559746
0.000559753 0.000559758 0.00055976 0.000559761 0.000559759 0.000559754 0.000559745 0.000559734 0.000559719
0.0005597 0.000559677 0.00055965 0.000559618 0.000559582 0.000559541 0.000559496 0.000559446 0.000559392
0.000559333 0.00055927 0.000559203 0.000559132 0.000559058 0.000558982 0.000558902 0.00055882 0.000558737
0.000558653 0.000558568 0.000558483 0.000558399 0.000558315 0.000558233 0.000558154 0.000558077 0.000558003
0.000557933 0.000557867 0.000557806 0.000557749 0.000557698 0.000557652 0.000557612 0.000557577 0.000557546
0.000557521 0.0005575 0.000557483 0.000557468 0.000557457 0.000557447 0.000557438 0.00055743 0.000557421
0.000557413 0.000557403 0.000557393 0.000557381 0.000557368 0.000557354 0.000557339 0.000557322 0.000557305
0.000557287 0.000557269 0.000557251 0.000557233 0.000557216 0.0005572 0.000557186 0.000557173 0.000557162
0.000557153 0.000557147 0.000557144 0.000557143 0.000557144 0.000557149 0.000557156 0.000557167 0.00055718
0.000557196 0.000557214 0.000557235 0.000557259 0.000557284 0.00055731 0.000557337 0.000557364 0.00055739
0.000557415 0.000557439 0.000557459 0.000557476 0.000557489 0.000557497 0.000557499 0.000557496 0.000557488
0.000557473 0.000557451 0.000557423 0.000557389 0.000557349 0.000557302 0.00055725 0.000557193 0.00055713
0.000557063 0.000556991 0.000556915 0.000556836 0.000556754 0.000556669 0.000556582 0.000556493 0.000556402
0.00055631 0.000556217 0.000556123 0.00055603 0.000555934 0.000555844 0.000555735
        </DataArray>
        <DataArray type='Float32' Name='omega' format='ascii'>
315.645 315.287 314.929 314.57 314.212 313.854 313.496 313.138 312.781
312.423 312.066 311.708 311.351 310.994 310.637 310.28 309.923 309.567
309.211 308.856 308.501 308.148 307.796 307.446 307.097 306.752 306.409
306.07 305.735 305.405 305.08 304.761 304.449 304.144 303.847 303.559
303.279 303.009 302.749 302.499 302.259 302.03 301.812 301.605 301.408
301.221 301.045 300.879 300.723 300.576 300.439 300.31 300.189 300.076
299.97 299.871 299.779 299.692 299.61 299.534 299.462 299.395 299.331
299.27 299.213 299.158 299.105 299.055 299.007 298.961 298.916 298.872
298.829 298.788 298.747 298.707 298.668 298.629 298.591 298.553 298.515
298.478 298.441 298.404 298.367 298.33 298.294 298.257 298.221 298.184
298.148 298.111 298.075 298.039 298.002 297.965 297.929 297.892 297.856
297.819 297.782 297.745 297.708 297.671 297.634 297.597 297.56 297.523
297.486 297.448 297.411 297.373 297.336 297.298 297.26 297.223 297.185
297.147 297.109 297.071 297.033 296.995 296.956 296.918 296.88 296.841
296.803 296.764 296.725 296.687 296.648 296.609 296.57 296.531 296.492
296.453 296.414 296.374 296.335 296.295 296.256 296.216 296.177 296.137
296.097 296.057 296.017 295.977 295.937 295.897 295.857 295.816 295.776
295.735 295.695 295.654 295.614 295.573 295.532 295.491 295.45 295.409
295.368 295.327 295.286 295.244 295.203 295.161 295.12 295.078 295.036
294.995 294.953 294.911 294.869 294.827 294.785 294.742 294.7 294.658
294.615 294.573 294.53 294.488 294.445 294.402 294.359 294.316 294.273
294.23 294.187 294.144 294.1 294.057 294.013 293.97 293.926 293.883
293.839 293.795 293.751 293.707 293.663 293.619 293.575 293.53 293.486
293.442 293.397 293.353 293.308 293.263 293.219 293.174 293.129 293.084
293.039 292.994 292.948 292.903 292.858 292.812 292.767 292.721 292.676
292.63 292.584 292.539 292.493 292.447 292.401 292.355 292.309 292.262
292.216 292.17 292.124 292.077 292.031 291.984 291.937 291.891 291.844
291.797 291.75 291.703 291.656 291.609 291.562 291.515 291.468 291.421
291.373 291.326 291.279 291.231 291.184 291.136 291.089 291.041 290.993
290.946 290.898 290.85 290.803 290.755 290.707 290.659 290.611 290.563
290.515 290.468 290.42 290.372 290.324 290.276 290.228 290.18 290.132
290.084 290.036 289.988 289.94 289.892 289.844 289.796 289.748 289.701
289.653 289.605 289.558 289.51 289.463 289.415 289.368 289.32 289.273
289.226 289.179 289.132 289.085 289.039 288.992 288.946 288.9 288.854
288.808 288.762 288.716 288.671 288.626 288.581 288.536 288.492 288.448
288.404 288.36 288.317 288.274 288.231 288.188 288.146 288.105 288.063
288.022 287.982 287.942 287.902 287.863 287.824 287.786 287.748 287.711
287.674 287.638 287.603 287.568 287.534 287.5 287.467 287.435 287.403
287.372 287.342 287.313 287.284 287.256 287.229 287.203 287.177 287.152
287.129 287.106 287.083 287.062 287.042 287.022 287.003 286.985 286.968
286.952 286.936 286.921 286.907 286.894 286.882 286.87 286.859 286.849
286.839 286.83 286.822 286.815 286.808 286.802 286.796 286.79 286.785
286.78 286.775 286.77 286.765 286.76 286.754 286.748 286.741 286.734
286.726 286.717 286.708 286.697 286.686 286.674 286.661 286.648 286.633
286.617 286.6 286.582 286.562 286.541 286.518 286.494 286.467 286.438
286.406 286.372 286.335 286.296 286.253 286.207 286.159 286.107 286.052
285.993 285.932 285.868 285.802 285.733 285.661 285.588 285.512 285.435
285.357 285.277 285.197 285.116 285.035 284.954 284.873 284.793 284.714
284.636 284.559 284.484 284.411 284.34 284.272 284.205 284.14 284.078
284.017 283.957 283.899 283.841 283.784 283.727 283.67 283.612 283.553
283.492 283.431 283.367 283.302 283.236 283.168 283.098 283.027 282.954
282.88 282.805 282.73 282.654 282.577 282.5 282.423 282.347 282.271
282.196 282.122 282.048 281.976 281.904 281.833 281.763 281.694 281.626
281.559 281.493 281.427 281.362 281.298 281.234 281.169 281.104 281.038
280.971 280.902 280.83 280.757 280.68 280.599 280.515 280.427 280.336
280.24 280.139 280.035 279.926 279.814 279.697 279.577 279.453 279.326
279.195 279.062 278.927 278.789 278.65 278.509 278.366 278.223 278.078
277.933 277.787 277.641 277.496 277.349 277.205 277.051
        </DataArray>
        <DataArray type='Float32' Name='p' format='ascii'>
-125.296 -125.296 -125.296 -125.296 -125.297 -125.298 -125.298 -125.299 -125.3
-125.302 -125.303 -125.304 -125.306 -125.308 -125.31 -125.312 -125.314 -125.316
-125.319 -125.321 -125.324 -125.327 -125.33 -125.333 -125.337 -125.34 -125.344
-125.347 -125.351 -125.355 -125.36 -125.364 -125.368 -125.373 -125.378 -125.383
-125.388 -125.393 -125.399 -125.404 -125.41 -125.416 -125.422 -125.428 -125.434
-125.441 -125.447 -125.454 -125.461 -125.468 -125.476 -125.483 -125.49 -125.498
-125.506 -125.514 -125.522 -125.531 -125.539 -125.548 -125.556 -125.565 -125.574
-125.584 -125.593 -125.602 -125.612 -125.622 -125.632 -125.642 -125.652 -125.663
-125.673 -125.684 -125.695 -125.706 -125.717 -125.728 -125.74 -125.751 -125.763
-125.775 -125.787 -125.799 -125.812 -125.824 -125.837 -125.849 -125.862 -125.875
-125.888 -125.902 -125.915 -125.929 -125.942 -125.956 -125.97 -125.985 -125.999
-126.013 -126.028 -126.043 -126.057 -126.072 -126.087 -126.103 -126.118 -126.134
-126.149 -126.165 -126.181 -126.197 -126.213 -126.23 -126.246 -126.263 -126.28
-126.297 -126.314 -126.331 -126.348 -126.366 -126.384 -126.401 -126.419 -126.437
-126.456 -126.474 -126.492 -126.511 -126.53 -126.549 -126.568 -126.587 -126.607
-126.626 -126.646 -126.666 -126.686 -126.706 -126.726 -126.747 -126.767 -126.788
-126.809 -126.83 -126.852 -126.873 -126.895 -126.917 -126.939 -126.961 -126.983
-127.006 -127.028 -127.051 -127.074 -127.098 -127.121 -127.145 -127.169 -127.193
-127.217 -127.242 -127.267 -127.292 -127.317 -127.342 -127.368 -127.394 -127.42
-127.446 -127.473 -127.5 -127.527 -127.554 -127.582 -127.61 -127.638 -127.667
-127.696 -127.725 -127.754 -127.784 -127.814 -127.845 -127.875 -127.906 -127.938
-127.97 -128.002 -128.034 -128.067 -128.1 -128.134 -128.168 -128.203 -128.238
-128.273 -128.309 -128.345 -128.382 -128.419 -128.457 -128.495 -128.534 -128.573
-128.613 -128.653 -128.694 -128.736 -128.778 -128.821 -128.864 -128.908 -128.953
-128.999 -129.045 -129.092 -129.139 -129.188 -129.237 -129.287 -129.337 -129.389
-129.442 -129.495 -129.549 -129.605 -129.661 -129.718 -129.776 -129.836 -129.896
-129.957 -130.02 -130.084 -130.149 -130.215 -130.282 -130.351 -130.421 -130.492
-130.565 -130.639 -130.715 -130.792 -130.871 -130.952 -131.034 -131.117 -131.203
-131.29 -131.379 -131.47 -131.563 -131.658 -131.755 -131.854 -131.955 -132.059
-132.164 -132.272 -132.383 -132.496 -132.611 -132.729 -132.85 -132.973 -133.099
-133.229 -133.361 -133.496 -133.634 -133.776 -133.92 -134.068 -134.22 -134.375
-134.534 -134.697 -134.863 -135.034 -135.208 -135.387 -135.57 -135.757 -135.949
-136.145 -136.347 -136.553 -136.764 -136.98 -137.201 -137.427 -137.66 -137.897
-138.141 -138.39 -138.645 -138.907 -139.175 -139.449 -139.73 -140.017 -140.312
-140.613 -140.922 -141.238 -141.562 -141.893 -142.232 -142.579 -142.935 -143.298
-143.67 -144.051 -144.44 -144.838 -145.245 -145.662 -146.088 -146.523 -146.968
-147.423 -147.887 -148.362 -148.847 -149.342 -149.847 -150.363 -150.89 -151.427
-151.974 -152.533 -153.102 -153.683 -154.274 -154.876 -155.489 -156.112 -156.747
-157.392 -158.048 -158.715 -159.392 -160.079 -160.777 -161.484 -162.202 -162.928
-163.664 -164.409 -165.162 -165.923 -166.692 -167.469 -168.252 -169.041 -169.836
-170.636 -171.441 -172.248 -173.059 -173.872 -174.685 -175.5 -176.314 -177.126
-177.935 -178.739 -179.535 -180.322 -181.1 -181.865 -182.618 -183.357 -184.082
-184.791 -185.483 -186.157 -186.812 -187.447 -188.059 -188.648 -189.211 -189.749
-190.26 -190.741 -191.193 -191.613 -191.999 -192.352 -192.668 -192.948 -193.189
-193.39 -193.55 -193.667 -193.741 -193.77 -193.752 -193.688 -193.574 -193.411
-193.196 -192.93 -192.61 -192.236 -191.807 -191.321 -190.777 -190.174 -189.511
-188.787 -188.003 -187.157 -186.249 -185.271 -184.22 -183.098 -181.907 -180.65
-179.329 -177.947 -176.507 -175.01 -173.449 -171.823 -170.134 -168.386 -166.58
-164.718 -162.802 -160.833 -158.812 -156.737 -154.612 -152.442 -150.229 -147.978
-145.691 -143.371 -141.02 -138.641 -136.235 -133.807 -131.357 -128.888 -126.403
-123.905 -121.395 -118.876 -116.351 -113.821 -111.29 -108.759 -106.23 -103.707
-101.191 -98.684 -96.1884 -93.7061 -91.2385 -88.7882 -86.3579 -83.9484 -81.5598
-79.1923 -76.8465 -74.5233 -72.2252 -69.9554 -67.7181 -65.5166 -63.3536 -61.2305
-59.1483 -57.1073 -55.1074 -53.1481 -51.229 -49.3494 -47.5088 -45.7066 -43.9422
-42.215 -40.5244 -38.8698 -37.2505 -35.6658 -34.115 -32.5974 -31.1121 -29.6583
-28.2349 -26.8412 -25.4762 -24.1388 -22.828 -21.5428 -20.282 -19.0447 -17.8296
-16.6357 -15.4616 -14.3062 -13.1684 -12.0467 -10.9401 -9.84719 -8.76672 -7.69736
-6.63788 -5.58657 -4.5434 -3.5024 -2.47922 -1.41563 -0.55129
        </DataArray>
        <DataArray type='Float32' Name='U' NumberOfComponents='3' format='ascii'>
34.6 0 -6.85158e-21 34.6 0 1.5597e-21 34.6 0 1.93712e-20
34.6 0 -1.1187e-20 34.6 0 -1.6086e-21 34.6001 0 -2.63419e-21
34.6001 0 1.24128e-21 34.6001 0 -2.54499e-21 34.6001 0 1.3652e-21
34.6002 0 1.95147e-21 34.6002 0 2.34679e-21 34.6003 0 -4.76567e-21
34.6003 0 3.99517e-21 34.6004 0 -4.42993e-21 34.6005 0 4.02784e-21
34.6005 0 2.18221e-21 34.6006 0 1.81915e-21 34.6007 0 -5.94237e-21
34.6008 0 -3.01518e-21 34.6008 0 1.14983e-20 34.6009 0 -8.07798e-21
34.601 0 1.71913e-21 34.6011 0 6.515e-21 34.6012 0 2.40502e-21
34.6014 0 -1.56189e-20 34.6015 0 1.66329e-21 34.6016 0 -1.24809e-20
34.6017 0 1.31845e-20 34.6019 0 4.42902e-21 34.602 0 -5.5292e-21
34.6021 0 -1.04044e-20 34.6023 0 2.57522e-20 34.6024 0 -1.35635e-20
34.6026 0 -9.16169e-21 34.6027 0 -3.25232e-21 34.6029 0 -4.84165e-23
34.6031 0 9.75322e-21 34.6032 0 6.51902e-21 34.6034 0 -1.21708e-21
34.6036 0 6.37565e-22 34.6038 0 -1.70362e-21 34.604 0 -1.19989e-20
34.6042 0 6.79476e-21 34.6044 0 3.30958e-20 34.6046 0 -4.20029e-20
34.6048 0 1.96995e-20 34.605 0 1.99028e-20 34.6052 0 -4.92387e-20
34.6054 0 2.17914e-20 34.6056 0 2.37909e-20 34.6058 0 -3.78748e-20
34.606 0 4.03968e-20 34.6062 0 -1.61822e-20 34.6064 0 -6.78257e-22
34.6067 0 1.39346e-20 34.6069 0 -3.57794e-20 34.6071 0 -1.60661e-20
34.6073 0 7.86514e-21 34.6076 0 3.57109e-20 34.6078 0 -6.51194e-21
34.608 0 2.34451e-20 34.6082 0 -1.24805e-20 34.6085 0 -4.75255e-20
34.6087 0 6.18979e-20 34.6089 0 -3.69654e-20 34.6091 0 6.55464e-21
34.6094 0 -2.03876e-20 34.6096 0 3.27965e-20 34.6098 0 1.00702e-20
34.6101 0 -7.5499e-21 34.6103 0 -1.85445e-20 34.6105 0 3.61806e-20
34.6107 0 -4.20587e-20 34.611 0 2.11247e-20 34.6112 0 1.73679e-20
34.6114 0 -5.40002e-20 34.6117 0 1.55574e-20 34.6119 0 1.99398e-20
34.6121 0 -1.04055e-20 34.6124 0 -9.01135e-22 34.6126 0 -2.73485e-20
34.6128 0 -1.33094e-20 34.6131 0 7.50923e-20 34.6133 0 2.23506e-20
34.6135 0 -9.66591e-20 34.6138 0 -3.0917e-21 34.614 0 2.00408e-20
34.6143 0 -1.70466e-20 34.6145 0 1.21381e-20 34.6147 0 -2.37579e-20
34.615 0 1.39168e-20 34.6152 0 5.28334e-20 34.6154 0 2.17676e-20
34.6157 0 -7.14631e-20 34.6159 0 -2.52851e-20 34.6161 0 9.46213e-20
34.6164 0 -6.32723e-20 34.6166 0 6.21436e-20 34.6169 0 -8.85722e-20
34.6171 0 1.07641e-19 34.6173 0 -4.0101e-20 34.6176 0 -4.15265e-20
34.6178 0 2.66302e-20 34.6181 0 -4.3167e-20 34.6183 0 9.8307e-20
34.6186 0 -3.38413e-20 34.6188 0 -2.73706e-20 34.619 0 5.7928e-20
34.6193 0 -7.0097e-20 34.6195 0 1.58284e-20 34.6198 0 -3.28028e-20
34.62 0 -9.26583e-21 34.6203 0 1.30697e-20 34.6205 0 -2.82957e-20
34.6208 0 1.35642e-21 34.621 0 3.22573e-20 34.6213 0 2.45396e-21
34.6215 0 -3.04245e-20 34.6218 0 1.08594e-20 34.6221 0 5.64555e-20
34.6223 0 2.96807e-20 34.6226 0 -5.79467e-20 34.6228 0 6.43905e-20
34.6231 0 -9.14754e-20 34.6234 0 3.82581e-20 34.6236 0 -4.21389e-20
34.6239 0 2.24975e-20 34.6241 0 8.96507e-20 34.6244 0 -5.4219e-20
34.6247 0 -4.80585e-20 34.625 0 2.27839e-20 34.6252 0 -3.63259e-20
34.6255 0 4.19295e-20 34.6258 0 -1.53739e-20 34.6261 0 7.52336e-20
34.6263 0 1.85175e-20 34.6266 0 -2.47318e-20 34.6269 0 -7.17207e-20
34.6272 0 9.55103e-20 34.6275 0 -1.44739e-20 34.6278 0 -1.215e-19
34.6281 0 1.28662e-19 34.6284 0 -4.51578e-20 34.6287 0 -7.19476e-20
34.629 0 1.11662e-19 34.6293 0 -4.81864e-20 34.6296 0 -9.33072e-23
34.6299 0 -1.39417e-20 34.6302 0 -3.0279e-20 34.6306 0 1.03998e-19
34.6309 0 -1.18854e-19 34.6312 0 9.42365e-20 34.6315 0 1.73727e-20
34.6319 0 -5.09249e-20 34.6322 0 -1.16822e-19 34.6326 0 1.73951e-19
34.6329 0 4.19214e-20 34.6333 0 -1.55909e-19 34.6336 0 1.03935e-21
34.634 0 1.99508e-20 34.6343 0 -2.46733e-20 34.6347 0 -1.74158e-21
34.6351 0 9.84907e-20 34.6355 0 6.19308e-20 34.6359 0 -1.19392e-19
34.6362 0 -8.57294e-21 34.6366 0 -4.09167e-20 34.6371 0 5.99663e-21
34.6375 0 5.04758e-20 34.6379 0 -3.69541e-20 34.6383 0 8.69322e-20
34.6387 0 7.17212e-20 34.6392 0 -8.21974e-20 34.6396 0 -2.05566e-20
34.6401 0 -2.24662e-20 34.6405 0 4.36517e-20 34.641 0 -2.25306e-20
34.6415 0 -2.07097e-20 34.642 0 6.08131e-20 34.6424 0 -1.4523e-19
34.6429 0 8.42249e-20 34.6435 0 -3.99906e-20 34.644 0 -1.87798e-20
34.6445 0 2.78092e-21 34.645 0 1.0399e-19 34.6456 0 -1.23132e-20
34.6462 0 -4.65769e-20 34.6467 0 6.10103e-20 34.6473 0 2.8983e-20
34.6479 0 -7.03617e-20 34.6485 0 4.61726e-20 34.6491 0 -4.6335e-20
34.6498 0 -6.59667e-20 34.6504 0 1.39575e-19 34.6511 0 -9.1657e-20
34.6517 0 -1.0034e-19 34.6524 0 1.83434e-19 34.6531 0 -3.52069e-20
34.6538 0 -6.97506e-20 34.6546 0 8.47479e-21 34.6553 0 -9.56391e-20
34.6561 0 6.52314e-20 34.6568 0 8.07401e-20 34.6576 0 -8.43147e-20
34.6584 0 1.22508e-19 34.6593 0 -3.82603e-20 34.6601 0 -5.39077e-21
34.661 0 6.24831e-20 34.6619 0 2.55945e-20 34.6628 0 -8.32434e-20
34.6637 0 -1.48702e-19 34.6647 0 6.73653e-21 34.6656 0 1.71088e-19
34.6666 0 -3.6407e-20 34.6676 0 9.7475e-20 34.6687 0 -1.38844e-19
34.6698 0 -7.30011e-20 34.6708 0 7.00714e-20 34.672 0 1.40796e-19
34.6731 0 -1.1379e-19 34.6743 0 -3.87467e-20 34.6755 0 -2.73858e-20
34.6767 0 -4.90754e-20 34.678 0 1.84984e-19 34.6793 0 -1.2779e-19
34.6806 0 4.47159e-20 34.6819 0 -1.0952e-21 34.6833 0 -1.20221e-19
34.6847 0 2.47652e-19 34.6862 0 -1.59375e-19 34.6877 0 -4.14817e-20
34.6892 0 1.16527e-19 34.6908 0 -5.83166e-20 34.6924 0 6.88283e-20
34.6941 0 -6.19813e-20 34.6957 0 -7.26609e-20 34.6975 0 1.77731e-19
34.6993 0 -5.15523e-20 34.7011 0 1.82268e-20 34.703 0 -5.49683e-20
34.7049 0 2.83238e-20 34.7069 0 7.16852e-20 34.7089 0 -1.77039e-19
34.7109 0 1.02155e-19 34.7131 0 1.29904e-20 34.7153 0 -7.87792e-20
34.7175 0 2.5382e-20 34.7198 0 5.78363e-20 34.7222 0 -1.83475e-20
34.7246 0 -5.38991e-20 34.7271 0 1.41682e-19 34.7296 0 4.0616e-20
34.7322 0 -9.96044e-20 34.7349 0 3.29311e-20 34.7377 0 -9.83938e-20
34.7405 0 -1.0721e-19 34.7434 0 -3.80819e-21 34.7464 0 7.03477e-20
34.7495 0 3.45797e-20 34.7526 0 3.54615e-20 34.7559 0 8.8653e-21
34.7592 0 -9.40511e-20 34.7626 0 1.51161e-19 34.7661 0 2.07653e-20
34.7697 0 -1.10279e-19 34.7734 0 -3.12343e-21 34.7772 0 -1.15057e-20
34.7811 0 1.84858e-19 34.7851 0 -3.19488e-19 34.7892 0 2.73581e-19
34.7934 0 -1.832e-19 34.7977 0 1.05508e-19 34.8022 0 -3.15945e-20
34.8067 0 1.12735e-19 34.8114 0 -4.11859e-19 34.8163 0 3.69946e-19
34.8212 0 -1.03632e-19 34.8263 0 -1.41041e-19 34.8316 0 1.402e-19
34.8369 0 3.70134e-20 34.8425 0 -6.93199e-20 34.8481 0 7.03648e-20
34.854 0 -1.05943e-19 34.8599 0 4.64973e-20 34.8661 0 -2.8066e-21
34.8724 0 9.50427e-20 34.8789 0 -3.47303e-19 34.8856 0 4.35477e-19
34.8924 0 -1.07382e-19 34.8994 0 -2.73137e-19 34.9067 0 5.48491e-19
34.9141 0 -4.75593e-19 34.9217 0 2.78031e-19 34.9296 0 -2.88272e-19
34.9376 0 6.37922e-20 34.9459 0 3.17063e-19 34.9544 0 -1.96736e-19
34.9631 0 8.91279e-20 34.972 0 -5.97294e-20 34.9812 0 4.71878e-20
34.9907 0 2.64227e-19 35.0004 0 -1.66941e-19 35.0103 0 -4.75399e-19
35.0206 0 4.90222e-19 35.0311 0 -2.3431e-19 35.0418 0 -1.59719e-19
35.0529 0 1.77065e-19 35.0643 0 3.10042e-19 35.0759 0 -2.5211e-19
35.0879 0 1.50905e-19 35.1002 0 -1.4354e-19 35.1128 0 5.513e-20
35.1257 0 3.06471e-20 35.139 0 -8.98797e-20 35.1526 0 1.68028e-19
35.1666 0 -1.48789e-19 35.181 0 -1.05202e-19 35.1957 0 -2.8386e-20
35.2107 0 1.88631e-19 35.2262 0 -4.32687e-19 35.2421 0 1.87412e-19
35.2583 0 2.161e-19 35.275 0 -3.50252e-19 35.2921 0 8.71868e-20
35.3096 0 -7.86872e-20 35.3275 0 1.06164e-19 35.3459 0 3.56728e-19
35.3647 0 -4.48971e-19 35.384 0 3.94038e-20 35.4038 0 2.41416e-19
35.424 0 -3.90243e-19 35.4447 0 1.74426e-19 35.4659 0 7.28647e-20
35.4876 0 1.12955e-19 35.5097 0 -8.28044e-20 35.5324 0 3.45187e-19
35.5556 0 -5.79108e-19 35.5793 0 6.26843e-19 35.6036 0 -2.02963e-19
35.6284 0 -4.85733e-19 35.6537 0 2.88765e-19 35.6795 0 2.93636e-19
35.706 0 1.49899e-19 35.7329 0 -6.09371e-19 35.7604 0 3.05846e-19
35.7885 0 -3.0324e-19 35.8172 0 2.55781e-19 35.8464 0 -2.6996e-19
35.8761 0 6.12972e-19 35.9065 0 -7.60478e-19 35.9374 0 6.29034e-19
35.9689 0 -4.75441e-19 36.0009 0 4.74772e-19 36.0335 0 -2.10044e-19
36.0667 0 -2.50744e-19 36.1004 0 2.14195e-19 36.1347 0 1.47967e-19
36.1696 0 -2.79457e-19 36.205 0 1.29877e-19 36.2409 0 -2.03026e-19
36.2774 0 -7.39501e-20 36.3144 0 3.93991e-19 36.3518 0 -1.22611e-19
36.3898 0 8.78732e-20 36.4283 0 -1.2187e-19 36.4672 0 1.63404e-19
36.5066 0 2.54468e-19 36.5464 0 -1.50447e-19 36.5866 0 -2.31991e-19
36.6272 0 2.00303e-20 36.6682 0 1.85199e-19 36.7095 0 -3.39878e-19
36.7511 0 6.5518e-19 36.793 0 -3.32446e-20 36.8351 0 -4.9351e-19
36.8775 0 4.62215e-19 36.9202 0 -5.76543e-19 36.963 0 -3.14955e-19
37.006 0 1.53372e-19 37.0491 0 5.87912e-19 37.0924 0 -2.42955e-19
37.1357 0 -4.48688e-19 37.1791 0 1.97043e-19 37.2224 0 3.11897e-19
37.2656 0 3.98072e-20 37.3087 0 -2.91157e-19 37.3516 0 1.64521e-19
37.3943 0 5.91481e-20 37.4367 0 -2.17034e-20 37.4788 0 4.65998e-20
37.5206 0 -1.99155e-20 37.5619 0 2.65648e-19 37.6028 0 -2.68573e-20
37.6432 0 -2.42229e-19 37.6832 0 1.36376e-19 37.7226 0 4.83813e-20
37.7614 0 -1.28066e-19 37.7996 0 8.61608e-20 37.8372 0 1.78106e-19
37.874 0 -5.30972e-19 37.9102 0 3.70199e-19 37.9457 0 7.32963e-20
37.9803 0 -6.21614e-20 38.0141 0 -5.82696e-20 38.0469 0 -7.17476e-20
38.0789 0 1.15885e-19 38.1098 0 -6.88601e-20 38.1397 0 9.38693e-21
38.1685 0 6.58356e-20 38.1961 0 -6.67521e-20 38.2225 0 1.79593e-19
38.2476 0 -1.00591e-19 38.2713 0 -1.64181e-19 38.2936 0 -2.37405e-21
38.3145 0 1.90813e-19 38.3338 0 1.12652e-19 38.3516 0 -1.09778e-19
38.3677 0 -6.3053e-20 38.382 0 -3.23367e-20 38.3944 0 -5.07033e-20
38.405 0 1.39494e-19 38.4136 0 -7.91357e-20 38.4204 0 1.25381e-19
38.4252 0 -6.9851e-20 38.4286 0 -3.19787e-20 38.43 0 -3.38593e-20
38.4293 0 7.043e-20 38.4274 0 -1.49439e-19 38.4233 0 8.41379e-20
38.4172 0 -1.06109e-20 38.4092 0 -8.55655e-21 38.3992 0 -2.93919e-20
38.3872 0 1.35804e-20 38.3732 0 1.78448e-20 38.3573 0 1.01769e-19
38.3392 0 -1.49756e-19 38.319 0 1.039e-19 38.2968 0 -4.2152e-20
38.2725 0 2.41655e-20 38.2463 0 -1.32171e-19 38.2183 0 3.49123e-20
38.1884 0 -6.39636e-20 38.1569 0 2.59925e-20 38.1239 0 4.81139e-20
38.0894 0 1.61541e-20 38.0536 0 3.15931e-22 38.0166 0 1.02743e-20
37.9787 0 1.74444e-20 37.9399 0 -5.26451e-20 37.9004 0 -8.89833e-22
37.8604 0 -1.59504e-20 37.8199 0 4.38141e-21 37.7792 0 1.03388e-19
37.7383 0 -7.78292e-20 37.6973 0 6.02201e-20 37.6563 0 8.59338e-21
37.6154 0 -4.93406e-20 37.5747 0 -1.86338e-20 37.5341 0 9.29379e-21
37.4937 0 2.44601e-20 37.4536 0 -1.68552e-20 37.4137 0 -2.15092e-21
37.3741 0 2.71077e-20 37.3347 0 -6.6243e-21 37.2955 0 -7.77776e-21
37.2565 0 -1.65195e-20 37.2176 0 7.4031e-21 37.1789 0 1.75021e-20
37.1402 0 2.6897e-20 37.1015 0 -3.51525e-20 37.0628 0 1.87778e-20
37.0241 0 -3.13426e-20 36.9854 0 -1.13689e-20 36.9468 0 -4.07399e-20
36.9081 0 5.75259e-20 36.8696 0 1.0372e-20 36.831 0 1.85779e-20
36.7923 0 -3.64843e-20 36.7536 0 1.13859e-21 36.7148 0 -4.14859e-21
36.6757 0 1.73034e-20 36.6365 0 -3.76007e-20 36.5969 0 2.58733e-20
36.5571 0 -1.94444e-20 36.5169 0 2.78119e-20 36.4765 0 -4.05582e-20
36.4357 0 3.80693e-20 36.3946 0 -3.41334e-20 36.3533 0 4.43932e-20
36.3118 0 -2.01516e-20 36.27 0 4.49065e-21 36.2282 0 2.90924e-21
36.1862 0 2.11261e-21 36.1442 0 -1.69469e-20 36.1023 0 1.03798e-20
36.0605 0 -4.59924e-21 36.0188 0 2.65021e-21 35.9773 0 -6.96415e-21
35.936 0 3.28179e-21 35.8951 0 -3.20805e-21 35.8544 0 9.14501e-21
35.8142 0 -9.35242e-21 35.7743 0 3.78119e-21 35.7349 0 3.86571e-21
35.6959 0 -1.17188e-21 35.6574 0 2.60414e-22 35.6193 0 -2.02407e-21
35.5817 0 1.61592e-21 35.5446 0 -3.35527e-21 35.508 0 1.38546e-21
35.4719 0 5.0499e-22 35.4363 0 4.80547e-24 35.4011 0 2.14155e-22
35.3664 0 -1.14761e-22 35.3322 0 -3.71963e-22 35.2983 0 1.78768e-22
35.2653 0 2.51087e-23 35.2308 0 1.629e-23 35.2039 0 -6.46459e-23
35.1549 0 3.57326e-23
        </DataArray>
      </CellData>
      <PointData>
        <DataArray type='Float32' Name='k' format='ascii'>
0.179333 0.179333 0.179211 0.179211 0.178967 0.178967 0.178722 0.178722 0.178478
0.178478 0.178234 0.178234 0.177991 0.177991 0.177747 0.177747 0.177504 0.177504
0.17726 0.17726 0.177017 0.177017 0.176774 0.176774 0.176531 0.176531 0.176288
0.176288 0.176045 0.176045 0.175803 0.175803 0.175561 0.175561 0.175318 0.175318
0.175077 0.175077 0.174836 0.174836 0.174595 0.174595 0.174355 0.174355 0.174116
0.174116 0.173879 0.173879 0.173642 0.173642 0.173408 0.173408 0.173176 0.173176
0.172946 0.172946 0.172719 0.172719 0.172495 0.172495 0.172275 0.172275 0.172059
0.172059 0.171848 0.171848 0.171642 0.171642 0.171442 0.171442 0.171247 0.171247
0.171059 0.171059 0.170877 0.170877 0.170701 0.170701 0.170533 0.170533 0.170372
0.170372 0.170219 0.170219 0.170072 0.170072 0.169933 0.169933 0.169802 0.169802
0.169677 0.169677 0.16956 0.16956 0.169449 0.169449 0.169345 0.169345 0.169248
0.169248 0.169156 0.169156 0.169071 0.169071 0.168991 0.168991 0.168916 0.168916
0.168846 0.168846 0.168781 0.168781 0.16872 0.16872 0.168663 0.168663 0.168609
0.168609 0.168559 0.168559 0.168512 0.168512 0.168467 0.168467 0.168425 0.168425
0.168385 0.168385 0.168347 0.168347 0.168311 0.168311 0.168277 0.168277 0.168244
0.168244 0.168212 0.168212 0.168181 0.168181 0.168152 0.168152 0.168123 0.168123
0.168095 0.168095 0.168067 0.168067 0.16804 0.16804 0.168014 0.168014 0.167988
0.167988 0.167962 0.167962 0.167936 0.167936 0.167911 0.167911 0.167886 0.167886
0.167861 0.167861 0.167837 0.167837 0.167812 0.167812 0.167787 0.167787 0.167763
0.167763 0.167738 0.167738 0.167714 0.167714 0.16769 0.16769 0.167665 0.167665
0.167641 0.167641 0.167617 0.167617 0.167592 0.167592 0.167568 0.167568 0.167544
0.167544 0.167519 0.167519 0.167495 0.167495 0.16747 0.16747 0.167446 0.167446
0.167421 0.167421 0.167396 0.167396 0.167372 0.167372 0.167347 0.167347 0.167322
0.167322 0.167298 0.167298 0.167273 0.167273 0.167248 0.167248 0.167223 0.167223
0.167198 0.167198 0.167173 0.167173 0.167148 0.167148 0.167123 0.167123 0.167098
0.167098 0.167073 0.167073 0.167048 0.167048 0.167022 0.167022 0.166997 0.166997
0.166972 0.166972 0.166946 0.166946 0.166921 0.166921 0.166896 0.166896 0.16687
0.16687 0.166844 0.166844 0.166819 0.166819 0.166793 0.166793 0.166767 0.166767
0.166742 0.166742 0.166716 0.166716 0.16669 0.16669 0.166664 0.166664 0.166638
0.166638 0.166612 0.166612 0.166586 0.166586 0.16656 0.16656 0.166534 0.166534
0.166508 0.166508 0.166482 0.166482 0.166455 0.166455 0.166429 0.166429 0.166403
0.166403 0.166376 0.166376 0.16635 0.16635 0.166324 0.166324 0.166297 0.166297
0.16627 0.16627 0.166244 0.166244 0.166217 0.166217 0.16619 0.16619 0.166164
0.166164 0.166137 0.166137 0.16611 0.16611 0.166083 0.166083 0.166056 0.166056
0.166029 0.166029 0.166002 0.166002 0.165975 0.165975 0.165948 0.165948 0.165921
0.165921 0.165893 0.165893 0.165866 0.165866 0.165839 0.165839 0.165811 0.165811
0.165784 0.165784 0.165756 0.165756 0.165729 0.165729 0.165701 0.165701 0.165674
0.165674 0.165646 0.165646 0.165618 0.165618 0.16559 0.16559 0.165563 0.165563
0.165535 0.165535 0.165507 0.165507 0.165479 0.165479 0.165451 0.165451 0.165423
0.165423 0.165395 0.165395 0.165367 0.165367 0.165338 0.165338 0.16531 0.16531
0.165282 0.165282 0.165253 0.165253 0.165225 0.165225 0.165197 0.165197 0.165168
0.165168 0.16514 0.16514 0.165111 0.165111 0.165082 0.165082 0.165054 0.165054
0.165025 0.165025 0.164996 0.164996 0.164967 0.164967 0.164939 0.164939 0.16491
0.16491 0.164881 0.164881 0.164852 0.164852 0.164823 0.164823 0.164794 0.164794
0.164764 0.164764 0.164735 0.164735 0.164706 0.164706 0.164677 0.164677 0.164647
0.164647 0.164618 0.164618 0.164588 0.164588 0.164559 0.164559 0.164529 0.164529
0.1645 0.1645 0.16447 0.16447 0.164441 0.164441 0.164411 0.164411 0.164381
0.164381 0.164351 0.164351 0.164322 0.164322 0.164292 0.164292 0.164262 0.164262
0.164232 0.164232 0.164202 0.164202 0.164172 0.164172 0.164141 0.164141 0.164111
0.164111 0.164081 0.164081 0.164051 0.164051 0.164021 0.164021 0.16399 0.16399
0.16396 0.16396 0.163929 0.163929 0.163899 0.163899 0.163868 0.163868 0.163838
0.163838 0.163807 0.163807 0.163777 0.163777 0.163746 0.163746 0.163715 0.163715
0.163685 0.163685 0.163654 0.163654 0.163623 0.163623 0.163592 0.163592 0.163561
0.163561 0.16353 0.16353 0.163499 0.163499 0.163468 0.163468 0.163437 0.163437
0.163406 0.163406 0.163375 0.163375 0.163344 0.163344 0.163313 0.163313 0.163281
0.163281 0.16325 0.16325 0.163219 0.163219 0.163187 0.163187 0.163156 0.163156
0.163125 0.163125 0.163093 0.163093 0.163062 0.163062 0.16303 0.16303 0.162999
0.162999 0.162967 0.162967 0.162936 0.162936 0.162904 0.162904 0.162873 0.162873
0.162841 0.162841 0.16281 0.16281 0.162778 0.162778 0.162746 0.162746 0.162715
0.162715 0.162683 0.162683 0.162651 0.162651 0.16262 0.16262 0.162588 0.162588
0.162556 0.162556 0.162524 0.162524 0.162493 0.162493 0.162461 0.162461 0.162429
0.162429 0.162398 0.162398 0.162366 0.162366 0.162334 0.162334 0.162302 0.162302
0.162271 0.162271 0.162239 0.162239 0.162207 0.162207 0.162176 0.162176 0.162144
0.162144 0.162113 0.162113 0.162081 0.162081 0.16205 0.16205 0.162018 0.162018
0.161987 0.161987 0.161956 0.161956 0.161924 0.161924 0.161893 0.161893 0.161862
0.161862 0.161831 0.161831 0.1618 0.1618 0.161769 0.161769 0.161738 0.161738
0.161707 0.161707 0.161676 0.161676 0.161646 0.161646 0.161615 0.161615 0.161585
0.161585 0.161555 0.161555 0.161525 0.161525 0.161495 0.161495 0.161465 0.161465
0.161435 0.161435 0.161406 0.161406 0.161376 0.161376 0.161347 0.161347 0.161318
0.161318 0.161289 0.161289 0.161261 0.161261 0.161232 0.161232 0.161204 0.161204
0.161176 0.161176 0.161148 0.161148 0.161121 0.161121 0.161094 0.161094 0.161067
0.161067 0.16104 0.16104 0.161014 0.161014 0.160988 0.160988 0.160962 0.160962
0.160937 0.160937 0.160912 0.160912 0.160887 0.160887 0.160863 0.160863 0.160839
0.160839 0.160816 0.160816 0.160793 0.160793 0.160771 0.160771 0.160749 0.160749
0.160727 0.160727 0.160706 0.160706 0.160686 0.160686 0.160666 0.160666 0.160646
0.160646 0.160627 0.160627 0.160609 0.160609 0.160591 0.160591 0.160574 0.160574
0.160558 0.160558 0.160542 0.160542 0.160527 0.160527 0.160512 0.160512 0.160498
0.160498 0.160485 0.160485 0.160473 0.160473 0.160461 0.160461 0.16045 0.16045
0.16044 0.16044 0.160431 0.160431 0.160422 0.160422 0.160414 0.160414 0.160407
0.160407 0.1604 0.1604 0.160394 0.160394 0.160389 0.160389 0.160385 0.160385
0.160382 0.160382 0.160379 0.160379 0.160376 0.160376 0.160375 0.160375 0.160374
0.160374 0.160374 0.160374 0.160374 0.160374 0.160375 0.160375 0.160377 0.160377
0.160379 0.160379 0.160382 0.160382 0.160385 0.160385 0.160389 0.160389 0.160394
0.160394 0.160398 0.160398 0.160404 0.160404 0.160409 0.160409 0.160415 0.160415
0.160421 0.160421 0.160426 0.160426 0.160432 0.160432 0.160437 0.160437 0.160442
0.160442 0.160447 0.160447 0.160451 0.160451 0.160455 0.160455 0.160458 0.160458
0.16046 0.16046 0.160461 0.160461 0.160461 0.160461 0.160461 0.160461 0.160459
0.160459 0.160457 0.160457 0.160454 0.160454 0.16045 0.16045 0.160445 0.160445
0.160438 0.160438 0.160431 0.160431 0.160422 0.160422 0.160412 0.160412 0.1604
0.1604 0.160387 0.160387 0.160372 0.160372 0.160354 0.160354 0.160335 0.160335
0.160313 0.160313 0.160289 0.160289 0.160262 0.160262 0.160232 0.160232 0.160199
0.160199 0.160164 0.160164 0.160125 0.160125 0.160083 0.160083 0.160038 0.160038
0.15999 0.15999 0.159939 0.159939 0.159886 0.159886 0.15983 0.15983 0.159771
0.159771 0.15971 0.15971 0.159647 0.159647 0.159583 0.159583 0.159517 0.159517
0.159449 0.159449 0.159381 0.159381 0.159312 0.159312 0.159243 0.159243 0.159174
0.159174 0.159105 0.159105 0.159037 0.159037 0.15897 0.15897 0.158904 0.158904
0.158839 0.158839 0.158777 0.158777 0.158717 0.158717 0.158659 0.158659 0.158603
0.158603 0.15855 0.15855 0.1585 0.1585 0.158453 0.158453 0.158408 0.158408
0.158366 0.158366 0.158326 0.158326 0.158287 0.158287 0.158251 0.158251 0.158215
0.158215 0.15818 0.15818 0.158145 0.158145 0.158111 0.158111 0.158076 0.158076
0.15804 0.15804 0.158004 0.158004 0.157966 0.157966 0.157927 0.157927 0.157887
0.157887 0.157846 0.157846 0.157803 0.157803 0.157759 0.157759 0.157714 0.157714
0.157669 0.157669 0.157622 0.157622 0.157575 0.157575 0.157528 0.157528 0.15748
0.15748 0.157433 0.157433 0.157386 0.157386 0.157339 0.157339 0.157294 0.157294
0.157249 0.157249 0.157205 0.157205 0.157163 0.157163 0.157121 0.157121 0.157081
0.157081 0.157042 0.157042 0.157005 0.157005 0.156968 0.156968 0.156933 0.156933
0.1569 0.1569 0.156868 0.156868 0.156837 0.156837 0.156806 0.156806 0.156777
0.156777 0.156749 0.156749 0.15672 0.15672 0.156692 0.156692 0.156663 0.156663
0.156633 0.156633 0.156602 0.156602 0.156568 0.156568 0.156533 0.156533 0.156495
0.156495 0.156454 0.156454 0.15641 0.15641 0.156362 0.156362 0.15631 0.15631
0.156255 0.156255 0.156195 0.156195 0.156131 0.156131 0.156063 0.156063 0.155991
0.155991 0.155915 0.155915 0.155835 0.155835 0.155752 0.155752 0.155665 0.155665
0.155575 0.155575 0.155482 0.155482 0.155387 0.155387 0.155289 0.155289 0.15519
0.15519 0.155088 0.155088 0.154985 0.154985 0.154881 0.154881 0.154776 0.154776
0.15467 0.15467 0.154563 0.154563 0.154456 0.154456 0.154349 0.154349 0.154242
0.154242 0.154135 0.154135 0.154025 0.154025 0.153967 0.153967
        </DataArray>
        <DataArray type='Float32' Name='nut' format='ascii'>
0.000568147 0.000568147 0.000568083 0.000568083 0.000567954 0.000567954 0.000567825 0.000567825 0.000567695
0.000567695 0.000567566 0.000567566 0.000567437 0.000567437 0.000567307 0.000567307 0.000567178 0.000567178
0.000567048 0.000567048 0.000566919 0.000566919 0.000566789 0.000566789 0.000566659 0.000566659 0.000566529
0.000566529 0.000566399 0.000566399 0.000566269 0.000566269 0.000566139 0.000566139 0.000566009 0.000566009
0.00056588 0.00056588 0.00056575 0.00056575 0.000565621 0.000565621 0.000565492 0.000565492 0.000565364
0.000565364 0.000565237 0.000565237 0.00056511 0.00056511 0.000564985 0.000564985 0.000564862 0.000564862
0.00056474 0.00056474 0.00056462 0.00056462 0.000564503 0.000564503 0.000564388 0.000564388 0.000564276
0.000564276 0.000564168 0.000564168 0.000564063 0.000564063 0.000563961 0.000563961 0.000563864 0.000563864
0.00056377 0.00056377 0.000563681 0.000563681 0.000563596 0.000563596 0.000563515 0.000563515 0.000563439
0.000563439 0.000563367 0.000563367 0.0005633 0.0005633 0.000563237 0.000563237 0.000563178 0.000563178
0.000563123 0.000563123 0.000563072 0.000563072 0.000563024 0.000563024 0.00056298 0.00056298 0.00056294
0.00056294 0.000562902 0.000562902 0.000562867 0.000562867 0.000562835 0.000562835 0.000562805 0.000562805
0.000562778 0.000562778 0.000562752 0.000562752 0.000562728 0.000562728 0.000562706 0.000562706 0.000562685
0.000562685 0.000562665 0.000562665 0.000562647 0.000562647 0.000562629 0.000562629 0.000562613 0.000562613
0.000562597 0.000562597 0.000562581 0.000562581 0.000562566 0.000562566 0.000562552 0.000562552 0.000562538
0.000562538 0.000562524 0.000562524 0.00056251 0.00056251 0.000562497 0.000562497 0.000562484 0.000562484
0.000562471 0.000562471 0.000562458 0.000562458 0.000562445 0.000562445 0.000562432 0.000562432 0.00056242
0.00056242 0.000562407 0.000562407 0.000562394 0.000562394 0.000562381 0.000562381 0.000562369 0.000562369
0.000562356 0.000562356 0.000562343 0.000562343 0.00056233 0.00056233 0.000562318 0.000562318 0.000562305
0.000562305 0.000562292 0.000562292 0.000562279 0.000562279 0.000562266 0.000562266 0.000562253 0.000562253
0.00056224 0.00056224 0.000562227 0.000562227 0.000562214 0.000562214 0.000562201 0.000562201 0.000562188
0.000562188 0.000562175 0.000562175 0.000562162 0.000562162 0.000562149 0.000562149 0.000562136 0.000562136
0.000562123 0.000562123 0.000562109 0.000562109 0.000562096 0.000562096 0.000562083 0.000562083 0.00056207
0.00056207 0.000562056 0.000562056 0.000562043 0.000562043 0.00056203 0.00056203 0.000562016 0.000562016
0.000562003 0.000562003 0.000561989 0.000561989 0.000561976 0.000561976 0.000561962 0.000561962 0.000561949
0.000561949 0.000561935 0.000561935 0.000561922 0.000561922 0.000561908 0.000561908 0.000561894 0.000561894
0.000561881 0.000561881 0.000561867 0.000561867 0.000561853 0.000561853 0.00056184 0.00056184 0.000561826
0.000561826 0.000561812 0.000561812 0.000561798 0.000561798 0.000561784 0.000561784 0.000561771 0.000561771
0.000561757 0.000561757 0.000561743 0.000561743 0.000561729 0.000561729 0.000561715 0.000561715 0.000561701
0.000561701 0.000561687 0.000561687 0.000561673 0.000561673 0.000561659 0.000561659 0.000561645 0.000561645
0.000561631 0.000561631 0.000561616 0.000561616 0.000561602 0.000561602 0.000561588 0.000561588 0.000561574
0.000561574 0.00056156 0.00056156 0.000561545 0.000561545 0.000561531 0.000561531 0.000561517 0.000561517
0.000561502 0.000561502 0.000561488 0.000561488 0.000561474 0.000561474 0.000561459 0.000561459 0.000561445
0.000561445 0.00056143 0.00056143 0.000561416 0.000561416 0.000561401 0.000561401 0.000561387 0.000561387
0.000561372 0.000561372 0.000561358 0.000561358 0.000561343 0.000561343 0.000561328 0.000561328 0.000561314
0.000561314 0.000561299 0.000561299 0.000561284 0.000561284 0.000561269 0.000561269 0.000561255 0.000561255
0.00056124 0.00056124 0.000561225 0.000561225 0.00056121 0.00056121 0.000561195 0.000561195 0.00056118
0.00056118 0.000561165 0.000561165 0.00056115 0.00056115 0.000561135 0.000561135 0.00056112 0.00056112
0.000561105 0.000561105 0.00056109 0.00056109 0.000561075 0.000561075 0.00056106 0.00056106 0.000561045
0.000561045 0.000561029 0.000561029 0.000561014 0.000561014 0.000560999 0.000560999 0.000560984 0.000560984
0.000560968 0.000560968 0.000560953 0.000560953 0.000560938 0.000560938 0.000560922 0.000560922 0.000560907
0.000560907 0.000560892 0.000560892 0.000560876 0.000560876 0.000560861 0.000560861 0.000560845 0.000560845
0.00056083 0.00056083 0.000560814 0.000560814 0.000560798 0.000560798 0.000560783 0.000560783 0.000560767
0.000560767 0.000560752 0.000560752 0.000560736 0.000560736 0.00056072 0.00056072 0.000560704 0.000560704
0.000560689 0.000560689 0.000560673 0.000560673 0.000560657 0.000560657 0.000560641 0.000560641 0.000560625
0.000560625 0.000560609 0.000560609 0.000560593 0.000560593 0.000560577 0.000560577 0.000560562 0.000560562
0.000560546 0.000560546 0.00056053 0.00056053 0.000560513 0.000560513 0.000560497 0.000560497 0.000560481
0.000560481 0.000560465 0.000560465 0.000560449 0.000560449 0.000560433 0.000560433 0.000560417 0.000560417
0.0005604 0.0005604 0.000560384 0.000560384 0.000560368 0.000560368 0.000560352 0.000560352 0.000560335
0.000560335 0.000560319 0.000560319 0.000560303 0.000560303 0.000560286 0.000560286 0.00056027 0.00056027
0.000560253 0.000560253 0.000560237 0.000560237 0.00056022 0.00056022 0.000560204 0.000560204 0.000560187
0.000560187 0.000560171 0.000560171 0.000560154 0.000560154 0.000560138 0.000560138 0.000560121 0.000560121
0.000560104 0.000560104 0.000560088 0.000560088 0.000560071 0.000560071 0.000560054 0.000560054 0.000560038
0.000560038 0.000560021 0.000560021 0.000560004 0.000560004 0.000559988 0.000559988 0.000559971 0.000559971
0.000559954 0.000559954 0.000559937 0.000559937 0.00055992 0.00055992 0.000559904 0.000559904 0.000559887
0.000559887 0.00055987 0.00055987 0.000559853 0.000559853 0.000559836 0.000559836 0.000559819 0.000559819
0.000559802 0.000559802 0.000559785 0.000559785 0.000559768 0.000559768 0.000559751 0.000559751 0.000559735
0.000559735 0.000559718 0.000559718 0.000559701 0.000559701 0.000559684 0.000559684 0.000559667 0.000559667
0.00055965 0.00055965 0.000559633 0.000559633 0.000559616 0.000559616 0.000559599 0.000559599 0.000559582
0.000559582 0.000559565 0.000559565 0.000559548 0.000559548 0.000559531 0.000559531 0.000559514 0.000559514
0.000559498 0.000559498 0.000559481 0.000559481 0.000559464 0.000559464 0.000559447 0.000559447 0.00055943
0.00055943 0.000559413 0.000559413 0.000559397 0.000559397 0.00055938 0.00055938 0.000559363 0.000559363
0.000559347 0.000559347 0.00055933 0.00055933 0.000559313 0.000559313 0.000559297 0.000559297 0.00055928
0.00055928 0.000559264 0.000559264 0.000559248 0.000559248 0.000559231 0.000559231 0.000559215 0.000559215
0.000559199 0.000559199 0.000559183 0.000559183 0.000559167 0.000559167 0.000559151 0.000559151 0.000559135
0.000559135 0.000559119 0.000559119 0.000559104 0.000559104 0.000559088 0.000559088 0.000559073 0.000559073
0.000559057 0.000559057 0.000559042 0.000559042 0.000559027 0.000559027 0.000559012 0.000559012 0.000558998
0.000558998 0.000558983 0.000558983 0.000558969 0.000558969 0.000558955 0.000558955 0.000558941 0.000558941
0.000558927 0.000558927 0.000558913 0.000558913 0.0005589 0.0005589 0.000558887 0.000558887 0.000558874
0.000558874 0.000558861 0.000558861 0.000558848 0.000558848 0.000558836 0.000558836 0.000558825 0.000558825
0.000558813 0.000558813 0.000558802 0.000558802 0.000558791 0.000558791 0.00055878 0.00055878 0.00055877
0.00055877 0.00055876 0.00055876 0.000558751 0.000558751 0.000558742 0.000558742 0.000558734 0.000558734
0.000558725 0.000558725 0.000558718 0.000558718 0.000558711 0.000558711 0.000558704 0.000558704 0.000558698
0.000558698 0.000558692 0.000558692 0.000558688 0.000558688 0.000558683 0.000558683 0.000558679 0.000558679
0.000558676 0.000558676 0.000558674 0.000558674 0.000558672 0.000558672 0.000558671 0.000558671 0.00055867
0.00055867 0.000558671 0.000558671 0.000558672 0.000558672 0.000558674 0.000558674 0.000558676 0.000558676
0.00055868 0.00055868 0.000558684 0.000558684 0.000558689 0.000558689 0.000558695 0.000558695 0.000558702
0.000558702 0.00055871 0.00055871 0.000558719 0.000558719 0.000558729 0.000558729 0.000558739 0.000558739
0.000558751 0.000558751 0.000558763 0.000558763 0.000558777 0.000558777 0.000558792 0.000558792 0.000558807
0.000558807 0.000558823 0.000558823 0.000558841 0.000558841 0.000558859 0.000558859 0.000558878 0.000558878
0.000558899 0.000558899 0.00055892 0.00055892 0.000558942 0.000558942 0.000558964 0.000558964 0.000558988
0.000558988 0.000559012 0.000559012 0.000559037 0.000559037 0.000559063 0.000559063 0.000559089 0.000559089
0.000559116 0.000559116 0.000559144 0.000559144 0.000559172 0.000559172 0.000559201 0.000559201 0.00055923
0.00055923 0.00055926 0.00055926 0.00055929 0.00055929 0.00055932 0.00055932 0.00055935 0.00055935
0.00055938 0.00055938 0.00055941 0.00055941 0.000559439 0.000559439 0.000559468 0.000559468 0.000559496
0.000559496 0.000559523 0.000559523 0.000559549 0.000559549 0.000559574 0.000559574 0.000559597 0.000559597
0.00055962 0.00055962 0.00055964 0.00055964 0.000559659 0.000559659 0.000559677 0.000559677 0.000559693
0.000559693 0.000559708 0.000559708 0.000559721 0.000559721 0.000559732 0.000559732 0.000559742 0.000559742
0.000559749 0.000559749 0.000559755 0.000559755 0.000559759 0.000559759 0.000559761 0.000559761 0.00055976
0.00055976 0.000559756 0.000559756 0.000559749 0.000559749 0.00055974 0.00055974 0.000559726 0.000559726
0.000559709 0.000559709 0.000559688 0.000559688 0.000559663 0.000559663 0.000559634 0.000559634 0.0005596
0.0005596 0.000559562 0.000559562 0.000559519 0.000559519 0.000559471 0.000559471 0.000559419 0.000559419
0.000559362 0.000559362 0.000559301 0.000559301 0.000559236 0.000559236 0.000559168 0.000559168 0.000559095
0.000559095 0.00055902 0.00055902 0.000558942 0.000558942 0.000558861 0.000558861 0.000558779 0.000558779
0.000558695 0.000558695 0.00055861 0.00055861 0.000558525 0.000558525 0.000558441 0.000558441 0.000558357
0.000558357 0.000558274 0.000558274 0.000558194 0.000558194 0.000558115 0.000558115 0.00055804 0.00055804
0.000557968 0.000557968 0.0005579 0.0005579 0.000557836 0.000557836 0.000557777 0.000557777 0.000557724
0.000557724 0.000557675 0.000557675 0.000557632 0.000557632 0.000557594 0.000557594 0.000557561 0.000557561
0.000557534 0.000557534 0.000557511 0.000557511 0.000557491 0.000557491 0.000557476 0.000557476 0.000557463
0.000557463 0.000557452 0.000557452 0.000557442 0.000557442 0.000557434 0.000557434 0.000557425 0.000557425
0.000557417 0.000557417 0.000557408 0.000557408 0.000557398 0.000557398 0.000557387 0.000557387 0.000557375
0.000557375 0.000557361 0.000557361 0.000557347 0.000557347 0.000557331 0.000557331 0.000557314 0.000557314
0.000557296 0.000557296 0.000557278 0.000557278 0.00055726 0.00055726 0.000557242 0.000557242 0.000557225
0.000557225 0.000557208 0.000557208 0.000557193 0.000557193 0.000557179 0.000557179 0.000557167 0.000557167
0.000557158 0.000557158 0.00055715 0.00055715 0.000557145 0.000557145 0.000557143 0.000557143 0.000557144
0.000557144 0.000557147 0.000557147 0.000557153 0.000557153 0.000557162 0.000557162 0.000557173 0.000557173
0.000557188 0.000557188 0.000557205 0.000557205 0.000557225 0.000557225 0.000557247 0.000557247 0.000557271
0.000557271 0.000557297 0.000557297 0.000557323 0.000557323 0.00055735 0.00055735 0.000557377 0.000557377
0.000557403 0.000557403 0.000557427 0.000557427 0.000557449 0.000557449 0.000557467 0.000557467 0.000557482
0.000557482 0.000557493 0.000557493 0.000557498 0.000557498 0.000557498 0.000557498 0.000557492 0.000557492
0.00055748 0.00055748 0.000557462 0.000557462 0.000557437 0.000557437 0.000557406 0.000557406 0.000557369
0.000557369 0.000557326 0.000557326 0.000557276 0.000557276 0.000557222 0.000557222 0.000557161 0.000557161
0.000557096 0.000557096 0.000557027 0.000557027 0.000556953 0.000556953 0.000556876 0.000556876 0.000556795
0.000556795 0.000556711 0.000556711 0.000556625 0.000556625 0.000556537 0.000556537 0.000556447 0.000556447
0.000556356 0.000556356 0.000556263 0.000556263 0.00055617 0.00055617 0.000556076 0.000556076 0.000555982
0.000555982 0.000555889 0.000555889 0.000555789 0.000555789 0.000555735 0.000555735
        </DataArray>
        <DataArray type='Float32' Name='omega' format='ascii'>
315.645 315.645 315.466 315.466 315.108 315.108 314.749 314.749 314.391
314.391 314.033 314.033 313.675 313.675 313.317 313.317 312.96 312.96
312.602 312.602 312.244 312.244 311.887 311.887 311.53 311.53 311.172
311.172 310.815 310.815 310.458 310.458 310.101 310.101 309.745 309.745
309.389 309.389 309.033 309.033 308.678 308.678 308.325 308.325 307.972
307.972 307.621 307.621 307.271 307.271 306.924 306.924 306.58 306.58
306.239 306.239 305.902 305.902 305.57 305.57 305.242 305.242 304.92
304.92 304.605 304.605 304.297 304.297 303.996 303.996 303.703 303.703
303.419 303.419 303.144 303.144 302.879 302.879 302.624 302.624 302.379
302.379 302.145 302.145 301.921 301.921 301.708 301.708 301.506 301.506
301.314 301.314 301.133 301.133 300.962 300.962 300.801 300.801 300.65
300.65 300.508 300.508 300.374 300.374 300.249 300.249 300.132 300.132
300.023 300.023 299.921 299.921 299.825 299.825 299.735 299.735 299.651
299.651 299.572 299.572 299.498 299.498 299.428 299.428 299.363 299.363
299.3 299.3 299.241 299.241 299.185 299.185 299.132 299.132 299.08
299.08 299.031 299.031 298.984 298.984 298.938 298.938 298.894 298.894
298.851 298.851 298.808 298.808 298.767 298.767 298.727 298.727 298.687
298.687 298.648 298.648 298.61 298.61 298.572 298.572 298.534 298.534
298.496 298.496 298.459 298.459 298.422 298.422 298.385 298.385 298.349
298.349 298.312 298.312 298.276 298.276 298.239 298.239 298.203 298.203
298.166 298.166 298.13 298.13 298.093 298.093 298.057 298.057 298.02
298.02 297.984 297.984 297.947 297.947 297.911 297.911 297.874 297.874
297.837 297.837 297.8 297.8 297.764 297.764 297.727 297.727 297.69
297.69 297.653 297.653 297.616 297.616 297.579 297.579 297.541 297.541
297.504 297.504 297.467 297.467 297.43 297.43 297.392 297.392 297.355
297.355 297.317 297.317 297.279 297.279 297.242 297.242 297.204 297.204
297.166 297.166 297.128 297.128 297.09 297.09 297.052 297.052 297.014
297.014 296.976 296.976 296.937 296.937 296.899 296.899 296.86 296.86
296.822 296.822 296.783 296.783 296.745 296.745 296.706 296.706 296.667
296.667 296.628 296.628 296.59 296.59 296.551 296.551 296.511 296.511
296.472 296.472 296.433 296.433 296.394 296.394 296.355 296.355 296.315
296.315 296.276 296.276 296.236 296.236 296.196 296.196 296.157 296.157
296.117 296.117 296.077 296.077 296.037 296.037 295.997 295.997 295.957
295.957 295.917 295.917 295.877 295.877 295.836 295.836 295.796 295.796
295.756 295.756 295.715 295.715 295.675 295.675 295.634 295.634 295.593
295.593 295.552 295.552 295.512 295.512 295.471 295.471 295.43 295.43
295.389 295.389 295.347 295.347 295.306 295.306 295.265 295.265 295.224
295.224 295.182 295.182 295.141 295.141 295.099 295.099 295.057 295.057
295.016 295.016 294.974 294.974 294.932 294.932 294.89 294.89 294.848
294.848 294.806 294.806 294.764 294.764 294.721 294.721 294.679 294.679
294.637 294.637 294.594 294.594 294.552 294.552 294.509 294.509 294.466
294.466 294.423 294.423 294.381 294.381 294.338 294.338 294.295 294.295
294.252 294.252 294.208 294.208 294.165 294.165 294.122 294.122 294.079
294.079 294.035 294.035 293.992 293.992 293.948 293.948 293.904 293.904
293.861 293.861 293.817 293.817 293.773 293.773 293.729 293.729 293.685
293.685 293.641 293.641 293.597 293.597 293.553 293.553 293.508 293.508
293.464 293.464 293.419 293.419 293.375 293.375 293.33 293.33 293.286
293.286 293.241 293.241 293.196 293.196 293.151 293.151 293.106 293.106
293.061 293.061 293.016 293.016 292.971 292.971 292.926 292.926 292.881
292.881 292.835 292.835 292.79 292.79 292.744 292.744 292.699 292.699
292.653 292.653 292.607 292.607 292.562 292.562 292.516 292.516 292.47
292.47 292.424 292.424 292.378 292.378 292.332 292.332 292.286 292.286
292.239 292.239 292.193 292.193 292.147 292.147 292.1 292.1 292.054
292.054 292.007 292.007 291.961 291.961 291.914 291.914 291.867 291.867
291.82 291.82 291.774 291.774 291.727 291.727 291.68 291.68 291.633
291.633 291.586 291.586 291.539 291.539 291.492 291.492 291.444 291.444
291.397 291.397 291.35 291.35 291.302 291.302 291.255 291.255 291.208
291.208 291.16 291.16 291.112 291.112 291.065 291.065 291.017 291.017
290.97 290.97 290.922 290.922 290.874 290.874 290.827 290.827 290.779
290.779 290.731 290.731 290.683 290.683 290.635 290.635 290.587 290.587
290.539 290.539 290.491 290.491 290.444 290.444 290.396 290.396 290.348
290.348 290.3 290.3 290.252 290.252 290.204 290.204 290.156 290.156
290.108 290.108 290.06 290.06 290.012 290.012 289.964 289.964 289.916
289.916 289.868 289.868 289.82 289.82 289.772 289.772 289.725 289.725
289.677 289.677 289.629 289.629 289.581 289.581 289.534 289.534 289.486
289.486 289.439 289.439 289.391 289.391 289.344 289.344 289.297 289.297
289.25 289.25 289.203 289.203 289.156 289.156 289.109 289.109 289.062
289.062 289.016 289.016 288.969 288.969 288.923 288.923 288.877 288.877
288.831 288.831 288.785 288.785 288.739 288.739 288.694 288.694 288.648
288.648 288.603 288.603 288.559 288.559 288.514 288.514 288.47 288.47
288.426 288.426 288.382 288.382 288.338 288.338 288.295 288.295 288.252
288.252 288.21 288.21 288.167 288.167 288.125 288.125 288.084 288.084
288.043 288.043 288.002 288.002 287.962 287.962 287.922 287.922 287.883
287.883 287.844 287.844 287.805 287.805 287.767 287.767 287.73 287.73
287.693 287.693 287.656 287.656 287.621 287.621 287.585 287.585 287.551
287.551 287.517 287.517 287.484 287.484 287.451 287.451 287.419 287.419
287.388 287.388 287.357 287.357 287.327 287.327 287.298 287.298 287.27
287.27 287.243 287.243 287.216 287.216 287.19 287.19 287.165 287.165
287.141 287.141 287.117 287.117 287.094 287.094 287.073 287.073 287.052
287.052 287.032 287.032 287.013 287.013 286.994 286.994 286.977 286.977
286.96 286.96 286.944 286.944 286.929 286.929 286.914 286.914 286.901
286.901 286.888 286.888 286.876 286.876 286.864 286.864 286.854 286.854
286.844 286.844 286.835 286.835 286.826 286.826 286.819 286.819 286.811
286.811 286.805 286.805 286.799 286.799 286.793 286.793 286.788 286.788
286.783 286.783 286.778 286.778 286.773 286.773 286.768 286.768 286.762
286.762 286.757 286.757 286.751 286.751 286.745 286.745 286.738 286.738
286.73 286.73 286.722 286.722 286.712 286.712 286.703 286.703 286.692
286.692 286.68 286.68 286.668 286.668 286.655 286.655 286.64 286.64
286.625 286.625 286.609 286.609 286.591 286.591 286.572 286.572 286.552
286.552 286.53 286.53 286.506 286.506 286.48 286.48 286.452 286.452
286.422 286.422 286.389 286.389 286.354 286.354 286.316 286.316 286.274
286.274 286.23 286.23 286.183 286.183 286.133 286.133 286.079 286.079
286.022 286.022 285.963 285.963 285.9 285.9 285.835 285.835 285.767
285.767 285.697 285.697 285.625 285.625 285.55 285.55 285.474 285.474
285.396 285.396 285.317 285.317 285.237 285.237 285.156 285.156 285.075
285.075 284.994 284.994 284.913 284.913 284.833 284.833 284.753 284.753
284.675 284.675 284.597 284.597 284.522 284.522 284.448 284.448 284.376
284.376 284.306 284.306 284.238 284.238 284.173 284.173 284.109 284.109
284.047 284.047 283.987 283.987 283.928 283.928 283.87 283.87 283.813
283.813 283.756 283.756 283.698 283.698 283.641 283.641 283.582 283.582
283.522 283.522 283.461 283.461 283.399 283.399 283.335 283.335 283.269
283.269 283.202 283.202 283.133 283.133 283.062 283.062 282.99 282.99
282.917 282.917 282.843 282.843 282.768 282.768 282.692 282.692 282.615
282.615 282.538 282.538 282.462 282.462 282.385 282.385 282.309 282.309
282.234 282.234 282.159 282.159 282.085 282.085 282.012 282.012 281.94
281.94 281.868 281.868 281.798 281.798 281.728 281.728 281.66 281.66
281.592 281.592 281.526 281.526 281.46 281.46 281.395 281.395 281.33
281.33 281.266 281.266 281.202 281.202 281.137 281.137 281.071 281.071
281.005 281.005 280.936 280.936 280.866 280.866 280.793 280.793 280.718
280.718 280.639 280.639 280.557 280.557 280.471 280.471 280.382 280.382
280.288 280.288 280.19 280.19 280.087 280.087 279.981 279.981 279.87
279.87 279.755 279.755 279.637 279.637 279.515 279.515 279.389 279.389
279.261 279.261 279.129 279.129 278.995 278.995 278.858 278.858 278.72
278.72 278.579 278.579 278.438 278.438 278.294 278.294 278.15 278.15
278.005 278.005 277.86 277.86 277.714 277.714 277.568 277.568 277.422
277.422 277.277 277.277 277.128 277.128 277.051 277.051
        </DataArray>
        <DataArray type='Float32' Name='p' format='ascii'>
-125.296 -125.296 -125.296 -125.296 -125.296 -125.296 -125.296 -125.296 -125.297
-125.297 -125.297 -125.297 -125.298 -125.298 -125.299 -125.299 -125.3 -125.3
-125.301 -125.301 -125.302 -125.302 -125.304 -125.304 -125.305 -125.305 -125.307
-125.307 -125.309 -125.309 -125.311 -125.311 -125.313 -125.313 -125.315 -125.315
-125.318 -125.318 -125.32 -125.32 -125.323 -125.323 -125.326 -125.326 -125.329
-125.329 -125.332 -125.332 -125.335 -125.335 -125.338 -125.338 -125.342 -125.342
-125.346 -125.346 -125.349 -125.349 -125.353 -125.353 -125.358 -125.358 -125.362
-125.362 -125.366 -125.366 -125.371 -125.371 -125.376 -125.376 -125.38 -125.38
-125.385 -125.385 -125.391 -125.391 -125.396 -125.396 -125.401 -125.401 -125.407
-125.407 -125.413 -125.413 -125.419 -125.419 -125.425 -125.425 -125.431 -125.431
-125.438 -125.438 -125.444 -125.444 -125.451 -125.451 -125.458 -125.458 -125.465
-125.465 -125.472 -125.472 -125.479 -125.479 -125.487 -125.487 -125.494 -125.494
-125.502 -125.502 -125.51 -125.51 -125.518 -125.518 -125.526 -125.526 -125.535
-125.535 -125.543 -125.543 -125.552 -125.552 -125.561 -125.561 -125.57 -125.57
-125.579 -125.579 -125.588 -125.588 -125.598 -125.598 -125.607 -125.607 -125.617
-125.617 -125.627 -125.627 -125.637 -125.637 -125.647 -125.647 -125.658 -125.658
-125.668 -125.668 -125.679 -125.679 -125.689 -125.689 -125.7 -125.7 -125.711
-125.711 -125.723 -125.723 -125.734 -125.734 -125.746 -125.746 -125.757 -125.757
-125.769 -125.769 -125.781 -125.781 -125.793 -125.793 -125.805 -125.805 -125.818
-125.818 -125.83 -125.83 -125.843 -125.843 -125.856 -125.856 -125.869 -125.869
-125.882 -125.882 -125.895 -125.895 -125.908 -125.908 -125.922 -125.922 -125.936
-125.936 -125.949 -125.949 -125.963 -125.963 -125.977 -125.977 -125.992 -125.992
-126.006 -126.006 -126.021 -126.021 -126.035 -126.035 -126.05 -126.05 -126.065
-126.065 -126.08 -126.08 -126.095 -126.095 -126.11 -126.11 -126.126 -126.126
-126.142 -126.142 -126.157 -126.157 -126.173 -126.173 -126.189 -126.189 -126.205
-126.205 -126.222 -126.222 -126.238 -126.238 -126.255 -126.255 -126.271 -126.271
-126.288 -126.288 -126.305 -126.305 -126.322 -126.322 -126.34 -126.34 -126.357
-126.357 -126.375 -126.375 -126.392 -126.392 -126.41 -126.41 -126.428 -126.428
-126.446 -126.446 -126.465 -126.465 -126.483 -126.483 -126.502 -126.502 -126.52
-126.52 -126.539 -126.539 -126.558 -126.558 -126.578 -126.578 -126.597 -126.597
-126.616 -126.616 -126.636 -126.636 -126.656 -126.656 -126.676 -126.676 -126.696
-126.696 -126.716 -126.716 -126.736 -126.736 -126.757 -126.757 -126.778 -126.778
-126.799 -126.799 -126.82 -126.82 -126.841 -126.841 -126.862 -126.862 -126.884
-126.884 -126.906 -126.906 -126.928 -126.928 -126.95 -126.95 -126.972 -126.972
-126.994 -126.994 -127.017 -127.017 -127.04 -127.04 -127.063 -127.063 -127.086
-127.086 -127.11 -127.11 -127.133 -127.133 -127.157 -127.157 -127.181 -127.181
-127.205 -127.205 -127.23 -127.23 -127.254 -127.254 -127.279 -127.279 -127.304
-127.304 -127.33 -127.33 -127.355 -127.355 -127.381 -127.381 -127.407 -127.407
-127.433 -127.433 -127.46 -127.46 -127.486 -127.486 -127.513 -127.513 -127.541
-127.541 -127.568 -127.568 -127.596 -127.596 -127.624 -127.624 -127.653 -127.653
-127.681 -127.681 -127.71 -127.71 -127.74 -127.74 -127.769 -127.769 -127.799
-127.799 -127.829 -127.829 -127.86 -127.86 -127.891 -127.891 -127.922 -127.922
-127.954 -127.954 -127.986 -127.986 -128.018 -128.018 -128.051 -128.051 -128.084
-128.084 -128.117 -128.117 -128.151 -128.151 -128.185 -128.185 -128.22 -128.22
-128.255 -128.255 -128.291 -128.291 -128.327 -128.327 -128.363 -128.363 -128.4
-128.4 -128.438 -128.438 -128.476 -128.476 -128.514 -128.514 -128.553 -128.553
-128.593 -128.593 -128.633 -128.633 -128.674 -128.674 -128.715 -128.715 -128.757
-128.757 -128.799 -128.799 -128.843 -128.843 -128.886 -128.886 -128.931 -128.931
-128.976 -128.976 -129.022 -129.022 -129.068 -129.068 -129.115 -129.115 -129.163
-129.163 -129.212 -129.212 -129.262 -129.262 -129.312 -129.312 -129.363 -129.363
-129.415 -129.415 -129.468 -129.468 -129.522 -129.522 -129.577 -129.577 -129.633
-129.633 -129.689 -129.689 -129.747 -129.747 -129.806 -129.806 -129.866 -129.866
-129.927 -129.927 -129.989 -129.989 -130.052 -130.052 -130.116 -130.116 -130.182
-130.182 -130.248 -130.248 -130.316 -130.316 -130.386 -130.386 -130.457 -130.457
-130.529 -130.529 -130.602 -130.602 -130.677 -130.677 -130.754 -130.754 -130.832
-130.832 -130.911 -130.911 -130.993 -130.993 -131.075 -131.075 -131.16 -131.16
-131.246 -131.246 -131.335 -131.335 -131.425 -131.425 -131.517 -131.517 -131.611
-131.611 -131.707 -131.707 -131.805 -131.805 -131.905 -131.905 -132.007 -132.007
-132.112 -132.112 -132.218 -132.218 -132.328 -132.328 -132.439 -132.439 -132.553
-132.553 -132.67 -132.67 -132.789 -132.789 -132.911 -132.911 -133.036 -133.036
-133.164 -133.164 -133.295 -133.295 -133.428 -133.428 -133.565 -133.565 -133.705
-133.705 -133.848 -133.848 -133.994 -133.994 -134.144 -134.144 -134.298 -134.298
-134.455 -134.455 -134.616 -134.616 -134.78 -134.78 -134.949 -134.949 -135.121
-135.121 -135.298 -135.298 -135.478 -135.478 -135.664 -135.664 -135.853 -135.853
-136.047 -136.047 -136.246 -136.246 -136.45 -136.45 -136.658 -136.658 -136.872
-136.872 -137.09 -137.09 -137.314 -137.314 -137.543 -137.543 -137.778 -137.778
-138.019 -138.019 -138.265 -138.265 -138.518 -138.518 -138.776 -138.776 -139.041
-139.041 -139.312 -139.312 -139.589 -139.589 -139.874 -139.874 -140.165 -140.165
-140.463 -140.463 -140.768 -140.768 -141.08 -141.08 -141.4 -141.4 -141.728
-141.728 -142.063 -142.063 -142.406 -142.406 -142.757 -142.757 -143.116 -143.116
-143.484 -143.484 -143.86 -143.86 -144.245 -144.245 -144.639 -144.639 -145.042
-145.042 -145.454 -145.454 -145.875 -145.875 -146.305 -146.305 -146.745 -146.745
-147.195 -147.195 -147.655 -147.655 -148.125 -148.125 -148.604 -148.604 -149.094
-149.094 -149.594 -149.594 -150.105 -150.105 -150.626 -150.626 -151.158 -151.158
-151.701 -151.701 -152.254 -152.254 -152.818 -152.818 -153.393 -153.393 -153.978
-153.978 -154.575 -154.575 -155.182 -155.182 -155.801 -155.801 -156.43 -156.43
-157.07 -157.07 -157.72 -157.72 -158.382 -158.382 -159.054 -159.054 -159.736
-159.736 -160.428 -160.428 -161.131 -161.131 -161.843 -161.843 -162.565 -162.565
-163.296 -163.296 -164.036 -164.036 -164.785 -164.785 -165.543 -165.543 -166.308
-166.308 -167.08 -167.08 -167.86 -167.86 -168.646 -168.646 -169.439 -169.439
-170.236 -170.236 -171.038 -171.038 -171.844 -171.844 -172.654 -172.654 -173.465
-173.465 -174.278 -174.278 -175.093 -175.093 -175.907 -175.907 -176.72 -176.72
-177.53 -177.53 -178.337 -178.337 -179.137 -179.137 -179.929 -179.929 -180.711
-180.711 -181.482 -181.482 -182.242 -182.242 -182.988 -182.988 -183.72 -183.72
-184.436 -184.436 -185.137 -185.137 -185.82 -185.82 -186.485 -186.485 -187.129
-187.129 -187.753 -187.753 -188.353 -188.353 -188.929 -188.929 -189.48 -189.48
-190.004 -190.004 -190.5 -190.5 -190.967 -190.967 -191.403 -191.403 -191.806
-191.806 -192.176 -192.176 -192.51 -192.51 -192.808 -192.808 -193.068 -193.068
-193.289 -193.289 -193.47 -193.47 -193.608 -193.608 -193.704 -193.704 -193.755
-193.755 -193.761 -193.761 -193.72 -193.72 -193.631 -193.631 -193.492 -193.492
-193.304 -193.304 -193.063 -193.063 -192.77 -192.77 -192.423 -192.423 -192.022
-192.022 -191.564 -191.564 -191.049 -191.049 -190.476 -190.476 -189.843 -189.843
-189.149 -189.149 -188.395 -188.395 -187.58 -187.58 -186.703 -186.703 -185.76
-185.76 -184.746 -184.746 -183.659 -183.659 -182.503 -182.503 -181.279 -181.279
-179.99 -179.99 -178.638 -178.638 -177.227 -177.227 -175.758 -175.758 -174.229
-174.229 -172.636 -172.636 -170.978 -170.978 -169.26 -169.26 -167.483 -167.483
-165.649 -165.649 -163.76 -163.76 -161.817 -161.817 -159.822 -159.822 -157.774
-157.774 -155.675 -155.675 -153.527 -153.527 -151.336 -151.336 -149.104 -149.104
-146.835 -146.835 -144.531 -144.531 -142.196 -142.196 -139.83 -139.83 -137.438
-137.438 -135.021 -135.021 -132.582 -132.582 -130.123 -130.123 -127.646 -127.646
-125.154 -125.154 -122.65 -122.65 -120.136 -120.136 -117.614 -117.614 -115.086
-115.086 -112.555 -112.555 -110.024 -110.024 -107.495 -107.495 -104.969 -104.969
-102.449 -102.449 -99.9375 -99.9375 -97.4363 -97.4363 -94.9473 -94.9473 -92.4724
-92.4724 -90.0134 -90.0134 -87.5731 -87.5731 -85.1532 -85.1532 -82.7542 -82.7542
-80.3761 -80.3761 -78.0194 -78.0194 -75.685 -75.685 -73.3743 -73.3743 -71.0904
-71.0904 -68.8368 -68.8368 -66.6174 -66.6174 -64.4352 -64.4352 -62.2921 -62.2921
-60.1895 -60.1895 -58.1279 -58.1279 -56.1074 -56.1074 -54.1278 -54.1278 -52.1886
-52.1886 -50.2892 -50.2892 -48.4292 -48.4292 -46.6078 -46.6078 -44.8245 -44.8245
-43.0787 -43.0787 -41.3698 -41.3698 -39.6971 -39.6971 -38.0602 -38.0602 -36.4582
-36.4582 -34.8905 -34.8905 -33.3563 -33.3563 -31.8548 -31.8548 -30.3852 -30.3852
-28.9466 -28.9466 -27.5381 -27.5381 -26.1587 -26.1587 -24.8075 -24.8075 -23.4834
-23.4834 -22.1854 -22.1854 -20.9124 -20.9124 -19.6634 -19.6634 -18.4372 -18.4372
-17.2327 -17.2327 -16.0487 -16.0487 -14.8839 -14.8839 -13.7373 -13.7373 -12.6076
-12.6076 -11.4934 -11.4934 -10.3937 -10.3937 -9.30699 -9.30699 -8.23207 -8.23207
-7.16765 -7.16765 -6.11226 -6.11226 -5.06502 -5.06502 -4.02293 -4.02293 -2.99084
-2.99084 -1.94746 -1.94746 -0.983489 -0.983489 -0.55129 -0.55129
        </DataArray>
        <DataArray type='Float32' Name='U' NumberOfComponents='3' format='ascii'>
34.6 0 -6.85158e-21 34.6 0 -6.85158e-21 34.6 0 -2.64597e-21
34.6 0 -2.64597e-21 34.6 0 1.04654e-20 34.6 0 1.04654e-20
34.6 0 4.0922e-21 34.6 0 4.0922e-21 34.6 0 -6.39785e-21
34.6 0 -6.39785e-21 34.6 0 -2.12139e-21 34.6 0 -2.12139e-21
34.6001 0 -6.9647e-22 34.6001 0 -6.9647e-22 34.6001 0 -6.51843e-22
34.6001 0 -6.51843e-22 34.6001 0 -5.89911e-22 34.6001 0 -5.89911e-22
34.6002 0 1.65833e-21 34.6002 0 1.65833e-21 34.6002 0 2.14913e-21
34.6002 0 2.14913e-21 34.6003 0 -1.20941e-21 34.6003 0 -1.20941e-21
34.6003 0 -3.85284e-22 34.6003 0 -3.85284e-22 34.6004 0 -2.17348e-22
34.6004 0 -2.17348e-22 34.6004 0 -2.01078e-22 34.6004 0 -2.01078e-22
34.6005 0 3.10503e-21 34.6005 0 3.10503e-21 34.6006 0 2.00068e-21
34.6006 0 2.00068e-21 34.6006 0 -2.06158e-21 34.6006 0 -2.06158e-21
34.6007 0 -4.47879e-21 34.6007 0 -4.47879e-21 34.6008 0 4.24152e-21
34.6008 0 4.24152e-21 34.6009 0 1.71026e-21 34.6009 0 1.71026e-21
34.601 0 -3.17946e-21 34.601 0 -3.17946e-21 34.6011 0 4.11705e-21
34.6011 0 4.11705e-21 34.6012 0 4.46003e-21 34.6012 0 4.46003e-21
34.6013 0 -6.60689e-21 34.6013 0 -6.60689e-21 34.6014 0 -6.9779e-21
34.6014 0 -6.9779e-21 34.6015 0 -5.40875e-21 34.6015 0 -5.40875e-21
34.6017 0 3.51696e-22 34.6017 0 3.51696e-22 34.6018 0 8.8068e-21
34.6018 0 8.8068e-21 34.6019 0 -5.50052e-22 34.6019 0 -5.50052e-22
34.6021 0 -7.96678e-21 34.6021 0 -7.96678e-21 34.6022 0 7.67374e-21
34.6022 0 7.67374e-21 34.6024 0 6.09451e-21 34.6024 0 6.09451e-21
34.6025 0 -1.13626e-20 34.6025 0 -1.13626e-20 34.6027 0 -6.20703e-21
34.6027 0 -6.20703e-21 34.6028 0 -1.65038e-21 34.6028 0 -1.65038e-21
34.603 0 4.85236e-21 34.603 0 4.85236e-21 34.6032 0 8.13613e-21
34.6032 0 8.13613e-21 34.6033 0 2.651e-21 34.6033 0 2.651e-21
34.6035 0 -2.89764e-22 34.6035 0 -2.89764e-22 34.6037 0 -5.33019e-22
34.6037 0 -5.33019e-22 34.6039 0 -6.8512e-21 34.6039 0 -6.8512e-21
34.6041 0 -2.60213e-21 34.6041 0 -2.60213e-21 34.6043 0 1.99452e-20
34.6043 0 1.99452e-20 34.6045 0 -4.4532e-21 34.6045 0 -4.4532e-21
34.6047 0 -1.1152e-20 34.6047 0 -1.1152e-20 34.6049 0 1.98011e-20
34.6049 0 1.98011e-20 34.6051 0 -1.46676e-20 34.6051 0 -1.46676e-20
34.6053 0 -1.3724e-20 34.6053 0 -1.3724e-20 34.6055 0 2.27911e-20
34.6055 0 2.27911e-20 34.6057 0 -7.04169e-21 34.6057 0 -7.04169e-21
34.6059 0 1.26064e-21 34.6059 0 1.26064e-21 34.6061 0 1.21076e-20
34.6061 0 1.21076e-20 34.6063 0 -8.43031e-21 34.6063 0 -8.43031e-21
34.6066 0 6.62813e-21 34.6066 0 6.62813e-21 34.6068 0 -1.09222e-20
34.6068 0 -1.09222e-20 34.607 0 -2.59228e-20 34.607 0 -2.59228e-20
34.6072 0 -4.10056e-21 34.6072 0 -4.10056e-21 34.6074 0 2.17879e-20
34.6074 0 2.17879e-20 34.6077 0 1.45997e-20 34.6077 0 1.45997e-20
34.6079 0 8.46642e-21 34.6079 0 8.46642e-21 34.6081 0 5.48243e-21
34.6081 0 5.48243e-21 34.6083 0 -3.00029e-20 34.6083 0 -3.00029e-20
34.6086 0 7.18571e-21 34.6086 0 7.18571e-21 34.6088 0 1.24667e-20
34.6088 0 1.24667e-20 34.609 0 -1.52056e-20 34.609 0 -1.52056e-20
34.6093 0 -6.91634e-21 34.6093 0 -6.91634e-21 34.6095 0 6.20422e-21
34.6095 0 6.20422e-21 34.6097 0 2.14335e-20 34.6097 0 2.14335e-20
34.6099 0 1.26025e-21 34.6099 0 1.26025e-21 34.6102 0 -1.30471e-20
34.6102 0 -1.30471e-20 34.6104 0 8.81777e-21 34.6104 0 8.81777e-21
34.6106 0 -2.9387e-21 34.6106 0 -2.9387e-21 34.6109 0 -1.04673e-20
34.6109 0 -1.04673e-20 34.6111 0 1.92463e-20 34.6111 0 1.92463e-20
34.6113 0 -1.83158e-20 34.6113 0 -1.83158e-20 34.6116 0 -1.92218e-20
34.6116 0 -1.92218e-20 34.6118 0 1.77486e-20 34.6118 0 1.77486e-20
34.612 0 4.76727e-21 34.612 0 4.76727e-21 34.6123 0 -5.65338e-21
34.6123 0 -5.65338e-21 34.6125 0 -1.41247e-20 34.6125 0 -1.41247e-20
34.6127 0 -2.0329e-20 34.6127 0 -2.0329e-20 34.613 0 3.0891e-20
34.613 0 3.0891e-20 34.6132 0 4.87217e-20 34.6132 0 4.87217e-20
34.6134 0 -3.71537e-20 34.6134 0 -3.71537e-20 34.6137 0 -4.98759e-20
34.6137 0 -4.98759e-20 34.6139 0 8.47442e-21 34.6139 0 8.47442e-21
34.6141 0 1.49727e-21 34.6141 0 1.49727e-21 34.6144 0 -2.45441e-21
34.6144 0 -2.45441e-21 34.6146 0 -5.80969e-21 34.6146 0 -5.80969e-21
34.6148 0 -4.92072e-21 34.6148 0 -4.92072e-21 34.6151 0 3.33749e-20
34.6151 0 3.33749e-20 34.6153 0 3.73007e-20 34.6153 0 3.73007e-20
34.6156 0 -2.48473e-20 34.6156 0 -2.48473e-20 34.6158 0 -4.83743e-20
34.6158 0 -4.83743e-20 34.616 0 3.46675e-20 34.616 0 3.46675e-20
34.6163 0 1.56754e-20 34.6163 0 1.56754e-20 34.6165 0 -5.65039e-22
34.6165 0 -5.65039e-22 34.6167 0 -1.32135e-20 34.6167 0 -1.32135e-20
34.617 0 9.53356e-21 34.617 0 9.53356e-21 34.6172 0 3.3771e-20
34.6172 0 3.3771e-20 34.6175 0 -4.08138e-20 34.6175 0 -4.08138e-20
34.6177 0 -7.44853e-21 34.6177 0 -7.44853e-21 34.618 0 -8.26804e-21
34.618 0 -8.26804e-21 34.6182 0 2.75692e-20 34.6182 0 2.75692e-20
34.6184 0 3.22336e-20 34.6184 0 3.22336e-20 34.6187 0 -3.0606e-20
34.6187 0 -3.0606e-20 34.6189 0 1.52782e-20 34.6189 0 1.52782e-20
34.6192 0 -6.08381e-21 34.6192 0 -6.08381e-21 34.6194 0 -2.71348e-20
34.6194 0 -2.71348e-20 34.6197 0 -8.48693e-21 34.6197 0 -8.48693e-21
34.6199 0 -2.10345e-20 34.6199 0 -2.10345e-20 34.6202 0 1.90179e-21
34.6202 0 1.90179e-21 34.6204 0 -7.61275e-21 34.6204 0 -7.61275e-21
34.6207 0 -1.34698e-20 34.6207 0 -1.34698e-20 34.6209 0 1.68067e-20
34.6209 0 1.68067e-20 34.6212 0 1.73558e-20 34.6212 0 1.73558e-20
34.6214 0 -1.39851e-20 34.6214 0 -1.39851e-20 34.6217 0 -9.78281e-21
34.6217 0 -9.78281e-21 34.6219 0 3.36571e-20 34.6219 0 3.36571e-20
34.6222 0 4.30683e-20 34.6222 0 4.30683e-20 34.6224 0 -1.41325e-20
34.6224 0 -1.41325e-20 34.6227 0 3.22113e-21 34.6227 0 3.22113e-21
34.623 0 -1.35415e-20 34.623 0 -1.35415e-20 34.6232 0 -2.66094e-20
34.6232 0 -2.66094e-20 34.6235 0 -1.93991e-21 34.6235 0 -1.93991e-21
34.6237 0 -9.82108e-21 34.6237 0 -9.82108e-21 34.624 0 5.60737e-20
34.624 0 5.60737e-20 34.6243 0 1.77167e-20 34.6243 0 1.77167e-20
34.6246 0 -5.11388e-20 34.6246 0 -5.11388e-20 34.6248 0 -1.26378e-20
34.6248 0 -1.26378e-20 34.6251 0 -6.77061e-21 34.6251 0 -6.77061e-21
34.6254 0 2.80133e-21 34.6254 0 2.80133e-21 34.6256 0 1.32782e-20
34.6256 0 1.32782e-20 34.6259 0 2.99293e-20 34.6259 0 2.99293e-20
34.6262 0 4.68759e-20 34.6262 0 4.68759e-20 34.6265 0 -3.10683e-21
34.6265 0 -3.10683e-21 34.6268 0 -4.82259e-20 34.6268 0 -4.82259e-20
34.6271 0 1.18937e-20 34.6271 0 1.18937e-20 34.6273 0 4.05189e-20
34.6273 0 4.05189e-20 34.6276 0 -6.79863e-20 34.6276 0 -6.79863e-20
34.6279 0 3.57929e-21 34.6279 0 3.57929e-21 34.6282 0 4.17532e-20
34.6282 0 4.17532e-20 34.6285 0 -5.85525e-20 34.6285 0 -5.85525e-20
34.6288 0 1.9856e-20 34.6288 0 1.9856e-20 34.6291 0 3.17389e-20
34.6291 0 3.17389e-20 34.6295 0 -2.41402e-20 34.6295 0 -2.41402e-20
34.6298 0 -7.01739e-21 34.6298 0 -7.01739e-21 34.6301 0 -2.21102e-20
34.6301 0 -2.21102e-20 34.6304 0 3.68586e-20 34.6304 0 3.68586e-20
34.6307 0 -7.4265e-21 34.6307 0 -7.4265e-21 34.631 0 -1.23102e-20
34.631 0 -1.23102e-20 34.6314 0 5.58051e-20 34.6314 0 5.58051e-20
34.6317 0 -1.67756e-20 34.6317 0 -1.67756e-20 34.632 0 -8.38728e-20
34.632 0 -8.38728e-20 34.6324 0 2.85625e-20 34.6324 0 2.85625e-20
34.6327 0 1.07937e-19 34.6327 0 1.07937e-19 34.6331 0 -5.69924e-20
34.6331 0 -5.69924e-20 34.6334 0 -7.74359e-20 34.6334 0 -7.74359e-20
34.6338 0 1.0495e-20 34.6338 0 1.0495e-20 34.6342 0 -2.36093e-21
34.6342 0 -2.36093e-21 34.6345 0 -1.32076e-20 34.6345 0 -1.32076e-20
34.6349 0 4.83738e-20 34.6349 0 4.83738e-20 34.6353 0 8.0211e-20
34.6353 0 8.0211e-20 34.6357 0 -2.87292e-20 34.6357 0 -2.87292e-20
34.6361 0 -6.39832e-20 34.6361 0 -6.39832e-20 34.6364 0 -2.47446e-20
34.6364 0 -2.47446e-20 34.6368 0 -1.74604e-20 34.6368 0 -1.74604e-20
34.6373 0 2.82359e-20 34.6373 0 2.82359e-20 34.6377 0 6.76147e-21
34.6377 0 6.76147e-21 34.6381 0 2.49881e-20 34.6381 0 2.49881e-20
34.6385 0 7.93268e-20 34.6385 0 7.93268e-20 34.639 0 -5.23694e-21
34.639 0 -5.23694e-21 34.6394 0 -5.13774e-20 34.6394 0 -5.13774e-20
34.6398 0 -2.15114e-20 34.6398 0 -2.15114e-20 34.6403 0 1.05923e-20
34.6403 0 1.05923e-20 34.6408 0 1.0561e-20 34.6408 0 1.0561e-20
34.6412 0 -2.16202e-20 34.6412 0 -2.16202e-20 34.6417 0 2.00511e-20
34.6417 0 2.00511e-20 34.6422 0 -4.22069e-20 34.6422 0 -4.22069e-20
34.6427 0 -3.05044e-20 34.6427 0 -3.05044e-20 34.6432 0 2.21181e-20
34.6432 0 2.21181e-20 34.6437 0 -2.93854e-20 34.6437 0 -2.93854e-20
34.6442 0 -7.99959e-21 34.6442 0 -7.99959e-21 34.6448 0 5.33846e-20
34.6448 0 5.33846e-20 34.6453 0 4.58392e-20 34.6453 0 4.58392e-20
34.6459 0 -2.94448e-20 34.6459 0 -2.94448e-20 34.6464 0 7.21582e-21
34.6464 0 7.21582e-21 34.647 0 4.49969e-20 34.647 0 4.49969e-20
34.6476 0 -2.06885e-20 34.6476 0 -2.06885e-20 34.6482 0 -1.20955e-20
34.6482 0 -1.20955e-20 34.6488 0 -8.04228e-23 34.6488 0 -8.04228e-23
34.6494 0 -5.61507e-20 34.6494 0 -5.61507e-20 34.6501 0 3.68023e-20
34.6501 0 3.68023e-20 34.6507 0 2.39607e-20 34.6507 0 2.39607e-20
34.6514 0 -9.59985e-20 34.6514 0 -9.59985e-20 34.6521 0 4.15445e-20
34.6521 0 4.15445e-20 34.6528 0 7.41153e-20 34.6528 0 7.41153e-20
34.6535 0 -5.24785e-20 34.6535 0 -5.24785e-20 34.6542 0 -3.06386e-20
34.6542 0 -3.06386e-20 34.6549 0 -4.35813e-20 34.6549 0 -4.35813e-20
34.6557 0 -1.52052e-20 34.6557 0 -1.52052e-20 34.6564 0 7.29856e-20
34.6564 0 7.29856e-20 34.6572 0 -1.7859e-21 34.6572 0 -1.7859e-21
34.658 0 1.90951e-20 34.658 0 1.90951e-20 34.6589 0 4.21254e-20
34.6589 0 4.21254e-20 34.6597 0 -2.18258e-20 34.6597 0 -2.18258e-20
34.6606 0 2.85456e-20 34.6606 0 2.85456e-20 34.6614 0 4.40391e-20
34.6614 0 4.40391e-20 34.6623 0 -2.88235e-20 34.6623 0 -2.88235e-20
34.6632 0 -1.15972e-19 34.6632 0 -1.15972e-19 34.6642 0 -7.09843e-20
34.6642 0 -7.09843e-20 34.6651 0 8.89106e-20 34.6651 0 8.89106e-20
34.6661 0 6.73421e-20 34.6661 0 6.73421e-20 34.6671 0 3.05328e-20
34.6671 0 3.05328e-20 34.6682 0 -2.06825e-20 34.6682 0 -2.06825e-20
34.6692 0 -1.05923e-19 34.6692 0 -1.05923e-19 34.6703 0 -1.46616e-21
34.6703 0 -1.46616e-21 34.6714 0 1.05433e-19 34.6714 0 1.05433e-19
34.6725 0 1.35053e-20 34.6725 0 1.35053e-20 34.6737 0 -7.62691e-20
34.6737 0 -7.62691e-20 34.6749 0 -3.30664e-20 34.6749 0 -3.30664e-20
34.6761 0 -3.82304e-20 34.6761 0 -3.82304e-20 34.6773 0 6.79524e-20
34.6773 0 6.79524e-20 34.6786 0 2.86003e-20 34.6786 0 2.86003e-20
34.6799 0 -4.15385e-20 34.6799 0 -4.15385e-20 34.6813 0 2.18108e-20
34.6813 0 2.18108e-20 34.6826 0 -6.06569e-20 34.6826 0 -6.06569e-20
34.684 0 6.3712e-20 34.684 0 6.3712e-20 34.6855 0 4.41419e-20
34.6855 0 4.41419e-20 34.6869 0 -1.0043e-19 34.6869 0 -1.0043e-19
34.6885 0 3.75212e-20 34.6885 0 3.75212e-20 34.69 0 2.91068e-20
34.69 0 2.91068e-20 34.6916 0 5.25461e-21 34.6916 0 5.25461e-21
34.6932 0 3.42477e-21 34.6932 0 3.42477e-21 34.6949 0 -6.7321e-20
34.6949 0 -6.7321e-20 34.6966 0 5.25324e-20 34.6966 0 5.25324e-20
34.6984 0 6.30913e-20 34.6984 0 6.30913e-20 34.7002 0 -1.66634e-20
34.7002 0 -1.66634e-20 34.702 0 -1.837e-20 34.702 0 -1.837e-20
34.7039 0 -1.33231e-20 34.7039 0 -1.33231e-20 34.7059 0 5.0004e-20
34.7059 0 5.0004e-20 34.7079 0 -5.26746e-20 34.7079 0 -5.26746e-20
34.7099 0 -3.7445e-20 34.7099 0 -3.7445e-20 34.712 0 5.75735e-20
34.712 0 5.75735e-20 34.7142 0 -3.28935e-20 34.7142 0 -3.28935e-20
34.7164 0 -2.66997e-20 34.7164 0 -2.66997e-20 34.7186 0 4.16088e-20
34.7186 0 4.16088e-20 34.721 0 1.97452e-20 34.721 0 1.97452e-20
34.7234 0 -3.6123e-20 34.7234 0 -3.6123e-20 34.7258 0 4.38893e-20
34.7258 0 4.38893e-20 34.7283 0 9.11499e-20 34.7283 0 9.11499e-20
34.7309 0 -2.94928e-20 34.7309 0 -2.94928e-20 34.7336 0 -3.3338e-20
34.7336 0 -3.3338e-20 34.7363 0 -3.273e-20 34.7363 0 -3.273e-20
34.7391 0 -1.02802e-19 34.7391 0 -1.02802e-19 34.742 0 -5.55103e-20
34.742 0 -5.55103e-20 34.7449 0 3.3269e-20 34.7449 0 3.3269e-20
34.7479 0 5.2464e-20 34.7479 0 5.2464e-20 34.751 0 3.50206e-20
34.751 0 3.50206e-20 34.7542 0 2.21637e-20 34.7542 0 2.21637e-20
34.7575 0 -4.25918e-20 34.7575 0 -4.25918e-20 34.7609 0 2.85523e-20
34.7609 0 2.85523e-20 34.7643 0 8.59646e-20 34.7643 0 8.59646e-20
34.7679 0 -4.47554e-20 34.7679 0 -4.47554e-20 34.7715 0 -5.67023e-20
34.7715 0 -5.67023e-20 34.7753 0 -7.31448e-21 34.7753 0 -7.31448e-21
34.7791 0 8.6674e-20 34.7791 0 8.6674e-20 34.7831 0 -6.73096e-20
34.7831 0 -6.73096e-20 34.7871 0 -2.29603e-20 34.7871 0 -2.29603e-20
34.7913 0 4.51956e-20 34.7913 0 4.51956e-20 34.7956 0 -3.88493e-20
34.7956 0 -3.88493e-20 34.7999 0 3.69582e-20 34.7999 0 3.69582e-20
34.8045 0 4.05687e-20 34.8045 0 4.05687e-20 34.8091 0 -1.49556e-19
34.8091 0 -1.49556e-19 34.8139 0 -2.09657e-20 34.8139 0 -2.09657e-20
34.8188 0 1.33162e-19 34.8188 0 1.33162e-19 34.8238 0 -1.22336e-19
34.8238 0 -1.22336e-19 34.8289 0 -4.23439e-22 34.8289 0 -4.23439e-22
34.8342 0 8.86079e-20 34.8342 0 8.86079e-20 34.8397 0 -1.6152e-20
34.8397 0 -1.6152e-20 34.8453 0 5.20803e-22 34.8453 0 5.20803e-22
34.851 0 -1.77872e-20 34.851 0 -1.77872e-20 34.8569 0 -2.97248e-20
34.8569 0 -2.97248e-20 34.863 0 2.18459e-20 34.863 0 2.18459e-20
34.8692 0 4.61169e-20 34.8692 0 4.61169e-20 34.8757 0 -1.26125e-19
34.8757 0 -1.26125e-19 34.8822 0 4.40776e-20 34.8822 0 4.40776e-20
34.889 0 1.64054e-19 34.889 0 1.64054e-19 34.8959 0 -1.90258e-19
34.8959 0 -1.90258e-19 34.9031 0 1.37667e-19 34.9031 0 1.37667e-19
34.9104 0 3.64613e-20 34.9104 0 3.64613e-20 34.9179 0 -9.87905e-20
34.9179 0 -9.87905e-20 34.9256 0 -5.11373e-21 34.9256 0 -5.11373e-21
34.9336 0 -1.12244e-19 34.9336 0 -1.12244e-19 34.9417 0 1.90425e-19
34.9417 0 1.90425e-19 34.9501 0 6.01698e-20 34.9501 0 6.01698e-20
34.9587 0 -5.38078e-20 34.9587 0 -5.38078e-20 34.9676 0 1.47011e-20
34.9676 0 1.47011e-20 34.9766 0 -6.27211e-21 34.9766 0 -6.27211e-21
34.986 0 1.55705e-19 34.986 0 1.55705e-19 34.9955 0 4.86486e-20
34.9955 0 4.86486e-20 35.0054 0 -3.21166e-19 35.0054 0 -3.21166e-19
35.0154 0 7.39926e-21 35.0154 0 7.39926e-21 35.0258 0 1.27965e-19
35.0258 0 1.27965e-19 35.0365 0 -1.97016e-19 35.0365 0 -1.97016e-19
35.0474 0 8.66822e-21 35.0474 0 8.66822e-21 35.0586 0 2.43551e-19
35.0586 0 2.43551e-19 35.0701 0 2.89734e-20 35.0701 0 2.89734e-20
35.0819 0 -5.06079e-20 35.0819 0 -5.06079e-20 35.0941 0 3.68599e-21
35.0941 0 3.68599e-21 35.1065 0 -4.42078e-20 35.1065 0 -4.42078e-20
35.1193 0 4.28889e-20 35.1193 0 4.28889e-20 35.1324 0 -2.96147e-20
35.1324 0 -2.96147e-20 35.1458 0 3.90706e-20 35.1458 0 3.90706e-20
35.1596 0 9.62364e-21 35.1596 0 9.62364e-21 35.1738 0 -1.26996e-19
35.1738 0 -1.26996e-19 35.1883 0 -6.67949e-20 35.1883 0 -6.67949e-20
35.2032 0 8.01198e-20 35.2032 0 8.01198e-20 35.2185 0 -1.22019e-19
35.2185 0 -1.22019e-19 35.2341 0 -1.22646e-19 35.2341 0 -1.22646e-19
35.2502 0 2.01755e-19 35.2502 0 2.01755e-19 35.2667 0 -6.7068e-20
35.2667 0 -6.7068e-20 35.2835 0 -1.31539e-19 35.2835 0 -1.31539e-19
35.3008 0 4.25209e-21 35.3008 0 4.25209e-21 35.3186 0 1.37356e-20
35.3186 0 1.37356e-20 35.3367 0 2.31442e-19 35.3367 0 2.31442e-19
35.3553 0 -4.61098e-20 35.3553 0 -4.61098e-20 35.3744 0 -2.0479e-19
35.3744 0 -2.0479e-19 35.3939 0 1.40407e-19 35.3939 0 1.40407e-19
35.4139 0 -7.44042e-20 35.4139 0 -7.44042e-20 35.4343 0 -1.07916e-19
35.4343 0 -1.07916e-19 35.4553 0 1.23647e-19 35.4553 0 1.23647e-19
35.4767 0 9.29091e-20 35.4767 0 9.29091e-20 35.4986 0 1.50779e-20
35.4986 0 1.50779e-20 35.5211 0 1.31185e-19 35.5211 0 1.31185e-19
35.544 0 -1.16947e-19 35.544 0 -1.16947e-19 35.5675 0 2.38497e-20
35.5675 0 2.38497e-20 35.5915 0 2.11952e-19 35.5915 0 2.11952e-19
35.616 0 -3.44344e-19 35.616 0 -3.44344e-19 35.641 0 -9.84955e-20
35.641 0 -9.84955e-20 35.6666 0 2.912e-19 35.6666 0 2.912e-19
35.6928 0 2.2177e-19 35.6928 0 2.2177e-19 35.7194 0 -2.29724e-19
35.7194 0 -2.29724e-19 35.7467 0 -1.51776e-19 35.7467 0 -1.51776e-19
35.7745 0 1.31248e-21 35.7745 0 1.31248e-21 35.8028 0 -2.37378e-20
35.8028 0 -2.37378e-20 35.8318 0 -7.08124e-21 35.8318 0 -7.08124e-21
35.8612 0 1.71492e-19 35.8612 0 1.71492e-19 35.8913 0 -7.37316e-20
35.8913 0 -7.37316e-20 35.9219 0 -6.57433e-20 35.9219 0 -6.57433e-20
35.9531 0 7.68138e-20 35.9531 0 7.68138e-20 35.9849 0 -3.49286e-22
35.9849 0 -3.49286e-22 36.0172 0 1.32375e-19 36.0172 0 1.32375e-19
36.0501 0 -2.30393e-19 36.0501 0 -2.30393e-19 36.0836 0 -1.82818e-20
36.0836 0 -1.82818e-20 36.1176 0 1.81082e-19 36.1176 0 1.81082e-19
36.1522 0 -6.57384e-20 36.1522 0 -6.57384e-20 36.1873 0 -7.47966e-20
36.1873 0 -7.47966e-20 36.2229 0 -3.65692e-20 36.2229 0 -3.65692e-20
36.2591 0 -1.3849e-19 36.2591 0 -1.3849e-19 36.2959 0 1.60013e-19
36.2959 0 1.60013e-19 36.3331 0 1.35699e-19 36.3331 0 1.35699e-19
36.3708 0 -1.73721e-20 36.3708 0 -1.73721e-20 36.409 0 -1.69949e-20
36.409 0 -1.69949e-20 36.4477 0 2.07624e-20 36.4477 0 2.07624e-20
36.4869 0 2.08935e-19 36.4869 0 2.08935e-19 36.5265 0 5.20172e-20
36.5265 0 5.20172e-20 36.5665 0 -1.91218e-19 36.5665 0 -1.91218e-19
36.6069 0 -1.05985e-19 36.6069 0 -1.05985e-19 36.6477 0 1.02612e-19
36.6477 0 1.02612e-19 36.6888 0 -7.73309e-20 36.6888 0 -7.73309e-20
36.7303 0 1.57634e-19 36.7303 0 1.57634e-19 36.772 0 3.1098e-19
36.772 0 3.1098e-19 36.814 0 -2.63369e-19 36.814 0 -2.63369e-19
36.8563 0 -1.56636e-20 36.8563 0 -1.56636e-20 36.8988 0 -5.7146e-20
36.8988 0 -5.7146e-20 36.9416 0 -4.45754e-19 36.9416 0 -4.45754e-19
36.9845 0 -8.07998e-20 36.9845 0 -8.07998e-20 37.0276 0 3.70634e-19
37.0276 0 3.70634e-19 37.0708 0 1.72493e-19 37.0708 0 1.72493e-19
37.1141 0 -3.45818e-19 37.1141 0 -3.45818e-19 37.1574 0 -1.25834e-19
37.1574 0 -1.25834e-19 37.2007 0 2.54468e-19 37.2007 0 2.54468e-19
37.244 0 1.75857e-19 37.244 0 1.75857e-19 37.2871 0 -1.25669e-19
37.2871 0 -1.25669e-19 37.3301 0 -6.33262e-20 37.3301 0 -6.33262e-20
37.3729 0 1.11837e-19 37.3729 0 1.11837e-19 37.4155 0 1.87238e-20
37.4155 0 1.87238e-20 37.4578 0 1.24469e-20 37.4578 0 1.24469e-20
37.4997 0 1.33434e-20 37.4997 0 1.33434e-20 37.5412 0 1.22861e-19
37.5412 0 1.22861e-19 37.5824 0 1.19401e-19 37.5824 0 1.19401e-19
37.623 0 -1.34539e-19 37.623 0 -1.34539e-19 37.6632 0 -5.29337e-20
37.6632 0 -5.29337e-20 37.7029 0 9.23802e-20 37.7029 0 9.23802e-20
37.742 0 -3.9839e-20 37.742 0 -3.9839e-20 37.7805 0 -2.09566e-20
37.7805 0 -2.09566e-20 37.8184 0 1.32132e-19 37.8184 0 1.32132e-19
37.8556 0 -1.7642e-19 37.8556 0 -1.7642e-19 37.8921 0 -8.04037e-20
37.8921 0 -8.04037e-20 37.9279 0 2.21753e-19 37.9279 0 2.21753e-19
37.963 0 5.57005e-21 37.963 0 5.57005e-21 37.9972 0 -6.02156e-20
37.9972 0 -6.02156e-20 38.0305 0 -6.50084e-20 38.0305 0 -6.50084e-20
38.0629 0 2.2065e-20 38.0629 0 2.2065e-20 38.0943 0 2.3516e-20
38.0943 0 2.3516e-20 38.1247 0 -2.97381e-20 38.1247 0 -2.97381e-20
38.1541 0 3.76102e-20 38.1541 0 3.76102e-20 38.1823 0 -4.55641e-22
38.1823 0 -4.55641e-22 38.2093 0 5.64155e-20 38.2093 0 5.64155e-20
38.235 0 3.95066e-20 38.235 0 3.95066e-20 38.2594 0 -1.32385e-19
38.2594 0 -1.32385e-19 38.2825 0 -8.32807e-20 38.2825 0 -8.32807e-20
38.3041 0 9.42154e-20 38.3041 0 9.42154e-20 38.3241 0 1.51734e-19
38.3241 0 1.51734e-19 38.3427 0 1.44134e-21 38.3427 0 1.44134e-21
38.3596 0 -8.64165e-20 38.3596 0 -8.64165e-20 38.3749 0 -4.76955e-20
38.3749 0 -4.76955e-20 38.3882 0 -4.15196e-20 38.3882 0 -4.15196e-20
38.3997 0 4.43914e-20 38.3997 0 4.43914e-20 38.4093 0 3.01837e-20
38.4093 0 3.01837e-20 38.417 0 2.31183e-20 38.417 0 2.31183e-20
38.4228 0 2.77689e-20 38.4228 0 2.77689e-20 38.4269 0 -5.09156e-20
38.4269 0 -5.09156e-20 38.4293 0 -3.2919e-20 38.4293 0 -3.2919e-20
38.4296 0 1.82831e-20 38.4296 0 1.82831e-20 38.4283 0 -3.94996e-20
38.4283 0 -3.94996e-20 38.4253 0 -3.26553e-20 38.4253 0 -3.26553e-20
38.4203 0 3.67656e-20 38.4203 0 3.67656e-20 38.4132 0 -9.58375e-21
38.4132 0 -9.58375e-21 38.4042 0 -1.89738e-20 38.4042 0 -1.89738e-20
38.3932 0 -7.90665e-21 38.3932 0 -7.90665e-21 38.3802 0 1.57125e-20
38.3802 0 1.57125e-20 38.3652 0 5.98052e-20 38.3652 0 5.98052e-20
38.3482 0 -2.39877e-20 38.3482 0 -2.39877e-20 38.3291 0 -2.29333e-20
38.3291 0 -2.29333e-20 38.3079 0 3.08773e-20 38.3079 0 3.08773e-20
38.2847 0 -8.99472e-21 38.2847 0 -8.99472e-21 38.2594 0 -5.39991e-20
38.2594 0 -5.39991e-20 38.2323 0 -4.86329e-20 38.2323 0 -4.86329e-20
38.2034 0 -1.45234e-20 38.2034 0 -1.45234e-20 38.1727 0 -1.89876e-20
38.1727 0 -1.89876e-20 38.1404 0 3.70527e-20 38.1404 0 3.70527e-20
38.1066 0 3.21347e-20 38.1066 0 3.21347e-20 38.0715 0 8.23536e-21
38.0715 0 8.23536e-21 38.0351 0 5.29488e-21 38.0351 0 5.29488e-21
37.9976 0 1.38592e-20 37.9976 0 1.38592e-20 37.9593 0 -1.75987e-20
37.9593 0 -1.75987e-20 37.9201 0 -2.67687e-20 37.9201 0 -2.67687e-20
37.8804 0 -8.41977e-21 37.8804 0 -8.41977e-21 37.8401 0 -5.78498e-21
37.8401 0 -5.78498e-21 37.7995 0 5.38824e-20 37.7995 0 5.38824e-20
37.7587 0 1.27837e-20 37.7587 0 1.27837e-20 37.7178 0 -8.80786e-21
37.7178 0 -8.80786e-21 37.6768 0 3.44079e-20 37.6768 0 3.44079e-20
37.6359 0 -2.03722e-20 37.6359 0 -2.03722e-20 37.595 0 -3.3988e-20
37.595 0 -3.3988e-20 37.5544 0 -4.67069e-21 37.5544 0 -4.67069e-21
37.5139 0 1.68766e-20 37.5139 0 1.68766e-20 37.4737 0 3.80349e-21
37.4737 0 3.80349e-21 37.4337 0 -9.50339e-21 37.4337 0 -9.50339e-21
37.3939 0 1.24777e-20 37.3939 0 1.24777e-20 37.3544 0 1.02425e-20
37.3544 0 1.02425e-20 37.3151 0 -7.201e-21 37.3151 0 -7.201e-21
37.276 0 -1.21484e-20 37.276 0 -1.21484e-20 37.2371 0 -4.55878e-21
37.2371 0 -4.55878e-21 37.1983 0 1.24523e-20 37.1983 0 1.24523e-20
37.1596 0 2.21993e-20 37.1596 0 2.21993e-20 37.1209 0 -4.12616e-21
37.1209 0 -4.12616e-21 37.0822 0 -8.18869e-21 37.0822 0 -8.18869e-21
37.0435 0 -6.28113e-21 37.0435 0 -6.28113e-21 37.0048 0 -2.13562e-20
37.0048 0 -2.13562e-20 36.9661 0 -2.60536e-20 36.9661 0 -2.60536e-20
36.9275 0 8.39049e-21 36.9275 0 8.39049e-21 36.8888 0 3.39502e-20
36.8888 0 3.39502e-20 36.8503 0 1.44747e-20 36.8503 0 1.44747e-20
36.8116 0 -8.95178e-21 36.8116 0 -8.95178e-21 36.773 0 -1.76738e-20
36.773 0 -1.76738e-20 36.7342 0 -1.50486e-21 36.7342 0 -1.50486e-21
36.6953 0 6.57684e-21 36.6953 0 6.57684e-21 36.6561 0 -1.01472e-20
36.6561 0 -1.01472e-20 36.6167 0 -5.8654e-21 36.6167 0 -5.8654e-21
36.577 0 3.21567e-21 36.577 0 3.21567e-21 36.537 0 4.1825e-21
36.537 0 4.1825e-21 36.4967 0 -6.3713e-21 36.4967 0 -6.3713e-21
36.4561 0 -1.24654e-21 36.4561 0 -1.24654e-21 36.4152 0 1.9699e-21
36.4152 0 1.9699e-21 36.374 0 5.12774e-21 36.374 0 5.12774e-21
36.3325 0 1.21226e-20 36.3325 0 1.21226e-20 36.2909 0 -7.83113e-21
36.2909 0 -7.83113e-21 36.2491 0 3.69999e-21 36.2491 0 3.69999e-21
36.2072 0 2.51095e-21 36.2072 0 2.51095e-21 36.1652 0 -7.41663e-21
36.1652 0 -7.41663e-21 36.1233 0 -3.28431e-21 36.1233 0 -3.28431e-21
36.0814 0 2.89072e-21 36.0814 0 2.89072e-21 36.0396 0 -9.74723e-22
36.0396 0 -9.74723e-22 35.998 0 -2.1567e-21 35.998 0 -2.1567e-21
35.9567 0 -1.84147e-21 35.9567 0 -1.84147e-21 35.9156 0 3.70569e-23
35.9156 0 3.70569e-23 35.8748 0 2.96813e-21 35.8748 0 2.96813e-21
35.8343 0 -1.03177e-22 35.8343 0 -1.03177e-22 35.7943 0 -2.786e-21
35.7943 0 -2.786e-21 35.7546 0 3.82345e-21 35.7546 0 3.82345e-21
35.7154 0 1.34706e-21 35.7154 0 1.34706e-21 35.6766 0 -4.55773e-22
35.6766 0 -4.55773e-22 35.6383 0 -8.81759e-22 35.6383 0 -8.81759e-22
35.6005 0 -2.0418e-22 35.6005 0 -2.0418e-22 35.5632 0 -8.6953e-22
35.5632 0 -8.6953e-22 35.5263 0 -9.85044e-22 35.5263 0 -9.85044e-22
35.49 0 9.45253e-22 35.49 0 9.45253e-22 35.4541 0 2.54913e-22
35.4541 0 2.54913e-22 35.4187 0 1.09474e-22 35.4187 0 1.09474e-22
35.3838 0 4.97069e-23 35.3838 0 4.97069e-23 35.3493 0 -2.43354e-22
35.3493 0 -2.43354e-22 35.3152 0 -9.66141e-23 35.3152 0 -9.66141e-23
35.2818 0 1.01943e-22 35.2818 0 1.01943e-22 35.2481 0 2.06996e-23
35.2481 0 2.06996e-23 35.2174 0 -2.41755e-23 35.2174 0 -2.41755e-23
35.1794 0 -1.44597e-23 35.1794 0 -1.44597e-23 35.1549 0 3.57326e-23
35.1549 0 3.57326e-23
        </DataArray>
      </PointData>
    </Piece>
  </PolyData>
</VTKFile>
