/*--------------------------------*- C++ -*----------------------------------*\
| =========                 |                                                 |
| \\      /  F ield         | OpenFOAM: The Open Source CFD Toolbox           |
|  \\    /   O peration     | Version:  2512                                  |
|   \\  /    A nd           | Website:  www.openfoam.com                      |
|    \\/     M anipulation  |                                                 |
\*---------------------------------------------------------------------------*/
FoamFile
{
    version     2.0;
    format      ascii;
    arch        "LSB;label=32;scalar=64";
    class       volVectorField;
    location    "150";
    object      wallShearStress;
}
// * * * * * * * * * * * * * * * * * * * * * * * * * * * * * * * * * * * * * //

dimensions      [0 2 -2 0 0 0 0];

internalField   uniform (0 0 0);

boundaryField
{
    inlet
    {
        type            calculated;
        value           uniform (0 0 0);
    }
    outlet
    {
        type            calculated;
        value           uniform (0 0 0);
    }
    bottomWall
    {
        type            calculated;
        value           nonuniform List<vector> 
1020
(
(-3.17663079578 0.0573785898777 0)
(-3.14307011038 0.0169877690099 2.46359635034e-24)
(-3.08618109598 -0.000918146685751 -3.7029161191e-25)
(-3.02173683572 -0.00488612671206 -9.67719831097e-25)
(-2.96073257608 -0.00433762228896 6.28927626451e-25)
(-2.90728825364 -0.00349314792381 -3.45649157017e-25)
(-2.86241881482 -0.0027374611424 2.21520732986e-26)
(-2.82506602489 -0.00214261730862 1.12147351326e-24)
(-2.7937504619 -0.00171609779177 -6.91103592628e-25)
(-2.76710582163 -0.00141525900072 -1.07184307816e-24)
(-2.74404334487 -0.00120175537292 1.27336490853e-24)
(-2.72373515139 -0.00104820358192 -1.58283603116e-24)
(-2.70555414312 -0.000935764391474 1.2895165157e-24)
(-2.68904346989 -0.000850515190931 -1.63074939323e-25)
(-2.67387738973 -0.000783952548974 -1.60061156127e-25)
(-2.65980489503 -0.000731112080334 1.05727952622e-24)
(-2.64663522382 -0.000687724772935 -2.69705922978e-24)
(-2.63422722749 -0.000651356092961 -1.39665532348e-25)
(-2.62246720575 -0.000620508634855 4.57637167886e-24)
(-2.61126644199 -0.000593655204235 -2.84618546747e-24)
(-2.60055552145 -0.000570078138776 -9.82195600443e-25)
(-2.59027779064 -0.000549069787969 2.03422862158e-24)
(-2.58038772658 -0.000530068290091 1.64107891681e-24)
(-2.57084841614 -0.000512714059326 -1.96259734794e-24)
(-2.56162975249 -0.000496698147083 9.94596709153e-25)
(-2.55270711797 -0.000481789177952 -2.56059094941e-24)
(-2.54405979462 -0.000467797187478 1.62014606004e-24)
(-2.53567127164 -0.000454513157594 -7.73752793619e-25)
(-2.52752719062 -0.00044190890601 -1.46279225292e-25)
(-2.51961570774 -0.000429776983572 -7.58528290241e-25)
(-2.51192747674 -0.000418058897848 1.7605536012e-24)
(-2.50445429813 -0.000406713135997 2.34565002487e-24)
(-2.49719010359 -0.00039562201284 -9.43891490632e-25)
(-2.49012916321 -0.000384836672482 -5.88590129653e-25)
(-2.48326613116 -0.000374258370746 -2.6100960574e-24)
(-2.47659714134 -0.000363837362255 -2.57699740162e-24)
(-2.47011834318 -0.000353618353589 -7.06081206683e-25)
(-2.46382626963 -0.000343524470016 9.63197115766e-25)
(-2.45771821621 -0.000333560820619 5.4441779901e-24)
(-2.45179171649 -0.000323712952027 9.07209668492e-25)
(-2.44604598244 -0.000313892560404 -4.17034578054e-24)
(-2.44048157633 -0.000304064700955 9.20288586878e-25)
(-2.43510069348 -0.00029411431311 -7.07470830343e-25)
(-2.42990879446 -0.000283880286061 2.21156725126e-24)
(-2.42491428471 -0.000273244089252 2.18634824877e-24)
(-2.42012871075 -0.000262020426404 -3.60269641944e-24)
(-2.41556760319 -0.000250021224929 2.17482838627e-24)
(-2.41124950317 -0.000237009044346 -8.63763068438e-25)
(-2.40719510875 -0.000222861143369 -2.26920162871e-24)
(-2.40342696039 -0.000207609218152 8.84066028123e-25)
(-2.39996752595 -0.000191006825158 5.12852045998e-24)
(-2.39683341242 -0.000172188055093 -2.41750046793e-24)
(-2.39404154189 -0.00015464614492 -3.6623001667e-24)
(-2.39162398614 -0.000137203420141 2.28695303037e-24)
(-2.38957392725 -8.23240039649e-05 -8.40791764554e-25)
(-2.38781570462 -0.000106154761994 -6.60775336006e-25)
(-2.386514918 -0.000187793587331 -5.74801679359e-24)
(-2.38544743051 -6.98963419284e-05 2.12560848896e-24)
(-2.38471486553 -4.56255556164e-05 -3.49056988873e-24)
(-2.38423792995 -2.97587214789e-05 2.13072941747e-24)
(-2.3839788812 -1.71435864292e-05 -2.39836455518e-24)
(-2.38389629359 -7.12839295357e-06 -6.88761346826e-25)
(-2.38394441659 8.32986288636e-07 8.74469509789e-25)
(-2.38409214048 7.15382508211e-06 5.15777044718e-24)
(-2.38430816906 1.17079151266e-05 9.00891304987e-25)
(-2.3845595492 1.45621002324e-05 -4.00163838215e-24)
(-2.38481359213 1.55566118928e-05 8.96618058789e-25)
(-2.38504379695 1.49814884285e-05 -6.91435596098e-25)
(-2.38522813561 1.27229773287e-05 -4.05900866168e-24)
(-2.38534688124 9.16695459186e-06 -8.75914205372e-25)
(-2.38537763246 4.65715811072e-06 -5.553016715e-25)
(-2.38531134403 -7.34460963557e-07 -8.85197069831e-25)
(-2.38514836743 -6.20169360254e-06 -4.1313835206e-24)
(-2.38489067853 -1.16068296363e-05 8.88334391771e-25)
(-2.38454182619 -1.68588043078e-05 -7.34566281985e-25)
(-2.38410698051 -2.18633359116e-05 6.97394169728e-24)
(-2.38359271426 -2.6528478244e-05 8.80462906158e-24)
(-2.38300649994 -3.08120296199e-05 -2.51528044598e-24)
(-2.38235672427 -3.46165324647e-05 -7.16311327114e-25)
(-2.3816529551 -3.76844280281e-05 9.24761384468e-25)
(-2.3809035306 -4.09544779905e-05 -4.17832885323e-24)
(-2.38011650829 -4.3502863402e-05 -8.91131792658e-25)
(-2.37930284913 -4.0734658791e-05 -5.58736512127e-25)
(-2.37848192385 -6.010619876e-05 3.80033247137e-25)
(-2.3776349905 -4.21307122981e-05 -4.1677347533e-24)
(-2.37678838878 -5.44954572789e-05 -2.37599426685e-24)
(-2.3759513257 -4.93408436326e-05 9.25202610406e-25)
(-2.37512603484 -4.78448206806e-05 -4.19154735267e-24)
(-2.37431918788 -4.65924632367e-05 1.95707781407e-24)
(-2.37353646012 -4.52982177195e-05 6.03492839433e-24)
(-2.37278281182 -4.38142818454e-05 7.96608978904e-24)
(-2.37206232441 -4.21164215328e-05 -2.66533000298e-24)
(-2.37137823358 -4.02245074693e-05 -3.56936946332e-24)
(-2.37073295228 -3.8173898884e-05 -1.6313334806e-24)
(-2.37012817274 -3.60029487058e-05 -3.56160028696e-24)
(-2.36956489379 -3.37485676601e-05 -2.6512231747e-24)
(-2.3690434967 -3.14450700588e-05 7.94492403865e-24)
(-2.36856380483 -2.91238800132e-05 6.00451839523e-24)
(-2.36812514832 -2.68141343753e-05 -2.65497574709e-24)
(-2.36772642975 -2.45417975509e-05 -3.55386096295e-24)
(-2.36736621325 -2.23297875829e-05 -1.62375043322e-24)
(-2.36704277035 -2.01965995804e-05 -3.54454810335e-24)
(-2.36675418736 -1.81570998069e-05 -1.61719989193e-24)
(-2.36649841171 -1.62212935163e-05 -7.14430099043e-25)
(-2.36627331907 -1.43965928933e-05 1.54930372328e-23)
(-2.36607678059 -1.26862633759e-05 -3.54179048379e-24)
(-2.36590667633 -1.10910504841e-05 -3.53624319574e-24)
(-2.36576095975 -9.60940204584e-06 -7.18474766754e-25)
(-2.36563767004 -8.23849470395e-06 -2.63047201376e-24)
(-2.3655349453 -6.97394071985e-06 -4.41846700798e-24)
(-2.36545105528 -5.81088917201e-06 -7.10316808145e-25)
(-2.36538437376 -4.7429403837e-06 1.54081978051e-23)
(-2.36533342529 -3.76544226582e-06 -3.5223215086e-24)
(-2.36529684589 -2.87613895657e-06 -1.6111139058e-24)
(-2.36527333103 -2.06275234429e-06 -2.61951120055e-24)
(-2.36526153064 -1.36956481717e-06 -3.50629788874e-24)
(-2.36525977745 -7.6829458888e-07 -3.49972267276e-24)
(-2.3652676397 -1.5598280384e-07 -7.04933673298e-25)
(-2.36528483938 4.47200328437e-07 1.44217214894e-23)
(-2.36531090044 9.82897343438e-07 -2.6113651328e-24)
(-2.36534526061 1.51427971528e-06 -7.1378682987e-25)
(-2.36538733536 2.01015038856e-06 -4.37481164749e-24)
(-2.36543656684 2.46997303677e-06 -2.5949329199e-24)
(-2.36549243085 2.8974963239e-06 -2.58890117837e-24)
(-2.36555442833 3.29521155338e-06 -2.46497439924e-24)
(-2.36562211582 3.66482706846e-06 8.6304650751e-24)
(-2.36569505188 4.00864739797e-06 -3.46412364991e-24)
(-2.3657728362 4.32815509548e-06 -1.08795938247e-23)
(-2.36585509458 4.62486185206e-06 1.51408462649e-23)
(-2.36594145329 4.89953073967e-06 6.70111071048e-24)
(-2.36603158716 5.15359072253e-06 -2.46311420241e-24)
(-2.36612516353 5.38829785512e-06 -1.18199651524e-23)
(-2.36622189291 5.60421442771e-06 6.68218297488e-24)
(-2.36632150126 5.80253936179e-06 -1.35183656524e-23)
(-2.36642372623 5.98470478519e-06 -6.73973459592e-25)
(-2.36652835065 6.15139481636e-06 6.66256266926e-24)
(-2.36663516449 6.30409478581e-06 1.49431660115e-23)
(-2.36674398552 6.4440569128e-06 7.58226900243e-24)
(-2.36685467124 6.57316912996e-06 -3.42615661642e-24)
(-2.36696708566 6.69240180884e-06 -1.16700227103e-23)
(-2.36708113909 6.80342566078e-06 -3.38462092971e-24)
(-2.3671967575 6.90791092904e-06 -1.06198115512e-23)
(-2.36731389013 7.00730096457e-06 6.57790050699e-24)
(-2.36743253056 7.10268622188e-06 4.83984820302e-24)
(-2.36755267046 7.19631498865e-06 1.73653661382e-23)
(-2.36767434511 7.28901189835e-06 -2.13807368497e-23)
(-2.36779761278 7.38270560509e-06 1.46319848164e-23)
(-2.36792252886 7.47847528495e-06 -6.9715669503e-25)
(-2.36804920808 7.57817537458e-06 -1.04706658558e-23)
(-2.36817774222 7.68274253348e-06 -3.30481721909e-24)
(-2.36830827379 7.79339387937e-06 1.44797984751e-23)
(-2.36844094102 7.91129740801e-06 -6.92575211334e-25)
(-2.36857589735 8.03746437487e-06 -3.30617462616e-24)
(-2.36871332388 8.1723090134e-06 -3.2869115113e-24)
(-2.36885338688 8.31710885718e-06 -6.66137250678e-25)
(-2.36899628328 8.47202731074e-06 -1.28296543844e-23)
(-2.36914220788 8.63812315371e-06 6.34277137358e-24)
(-2.3692913539 8.81540519193e-06 6.3005279736e-24)
(-2.36944394273 9.00495895287e-06 1.50227726525e-23)
(-2.36960016912 9.2067564404e-06 -1.10722940932e-23)
(-2.36976026265 9.42129557608e-06 -3.21038747334e-24)
(-2.36992443296 9.64858274173e-06 7.09894871268e-24)
(-2.37009289875 9.88894762916e-06 -2.02475511947e-23)
(-2.37026588799 1.01421439643e-05 6.18520357327e-24)
(-2.37044361678 1.0408782813e-05 -6.1179314012e-25)
(-2.37062631174 1.06885460703e-05 2.13414748672e-23)
(-2.37081420342 1.09821569421e-05 -1.07610857597e-23)
(-2.37100750885 1.12891320652e-05 -1.066006003e-23)
(-2.37120646515 1.16100478273e-05 1.44193377685e-23)
(-2.37141129137 1.19444621741e-05 -1.05723160747e-23)
(-2.37162221664 1.22927480021e-05 -2.15514753976e-24)
(-2.37183947214 1.26543792696e-05 -5.87846949536e-25)
(-2.3720632804 1.30298987159e-05 1.32370870217e-23)
(-2.37229387251 1.34186259597e-05 -3.04180549051e-24)
(-2.37253148071 1.38213532816e-05 -1.02606363919e-23)
(-2.37277632383 1.42374196907e-05 6.64342232943e-24)
(-2.37302864685 1.46675858713e-05 5.7100783259e-24)
(-2.37328866569 1.51113395693e-05 -1.15613394335e-23)
(-2.37355662491 1.55691648432e-05 -5.53606942271e-25)
(-2.3738327519 1.60406987007e-05 1.26437626386e-23)
(-2.37411728193 1.65262664677e-05 -2.90952861198e-24)
(-2.37441045488 1.70255088754e-05 -6.07981342816e-25)
(-2.37471250378 1.75388589125e-05 -2.83901304335e-24)
(-2.37502366821 1.80658429775e-05 -2.79216976333e-24)
(-2.37534419008 1.86070931474e-05 -9.46825128495e-24)
(-2.37567430255 1.91620780964e-05 6.21260865601e-24)
(-2.3760142531 1.9731429362e-05 1.19184418668e-23)
(-2.37636427761 2.03146273396e-05 -2.74758522027e-24)
(-2.37672461915 2.09121304848e-05 -5.78048478029e-25)
(-2.37709552086 2.1523404481e-05 3.73664775455e-24)
(-2.37747722178 2.21488829559e-05 -9.00178828144e-24)
(-2.37786996349 2.27879508696e-05 -8.79890289576e-24)
(-2.37827398856 2.34412079465e-05 5.79264764252e-24)
(-2.37868952902 2.41079567361e-05 5.65552254567e-24)
(-2.37911683131 2.4788831615e-05 1.08222966868e-23)
(-2.37955612176 2.54831318476e-05 -7.83046165381e-24)
(-2.38000764325 2.61913086117e-05 -8.31252796832e-24)
(-2.38047162068 2.69127500002e-05 1.04470394162e-23)
(-2.38094828868 2.76476640254e-05 -7.43054296343e-24)
(-2.38143786987 2.83955553522e-05 -2.26914470265e-24)
(-2.38194058824 2.91564103911e-05 4.45554495055e-24)
(-2.38245666204 2.99297786853e-05 9.70874462089e-24)
(-2.38298630333 3.07154714217e-05 -7.03893726488e-24)
(-2.38352972065 3.15129776574e-05 -7.40051831814e-24)
(-2.38408711498 3.23220713659e-05 9.25747313381e-24)
(-2.38465867855 3.31420689899e-05 -6.55774750251e-24)
(-2.38524459997 3.39728150644e-05 -1.97240287883e-24)
(-2.38584505183 3.48134495996e-05 3.89217815273e-24)
(-2.38646020577 3.56637423716e-05 8.37326846476e-24)
(-2.38709021529 3.65228112341e-05 -6.08873064037e-24)
(-2.38773522867 3.73901161877e-05 -6.30867397307e-24)
(-2.38839537989 3.82648912281e-05 2.6366809442e-24)
(-2.38907079123 3.91463052266e-05 -3.17253792548e-25)
(-2.38976157179 4.00336227352e-05 -5.66508562458e-24)
(-2.39046781623 4.09259688722e-05 4.90087617984e-24)
(-2.39118960439 4.1822464872e-05 3.53746628761e-24)
(-2.39192699788 4.27222106304e-05 5.48757809424e-24)
(-2.39268004609 4.36243195896e-05 -7.31747395282e-24)
(-2.39344876478 4.45272590281e-05 -1.35966706645e-24)
(-2.39423318584 4.54311108503e-05 3.01913257842e-24)
(-2.39503322796 4.63314030873e-05 -6.21676623879e-24)
(-2.39584899726 4.72339160749e-05 7.22554910074e-24)
(-2.39668007661 4.81191656615e-05 -3.66793778438e-24)
(-2.39752678857 4.90308271375e-05 2.14042591511e-24)
(-2.39838852426 4.98744466435e-05 -3.87864274574e-24)
(-2.39926411889 5.08033050462e-05 3.03569134761e-24)
(-2.40016061627 5.16834237716e-05 1.4796527482e-24)
(-2.40108425061 5.18605185345e-05 5.86728333571e-25)
(-2.40204034191 5.20086944696e-05 -7.92399858862e-25)
(-2.40302923222 5.17562725145e-05 1.91126526563e-24)
(-2.4040502889 5.13767621517e-05 -3.16697449594e-24)
(-2.40510168416 5.09197206323e-05 3.42441502324e-24)
(-2.40618234506 5.03987699526e-05 -8.14962457813e-25)
(-2.40729142815 4.9850198076e-05 5.04349248989e-25)
(-2.40842831115 4.92728721607e-05 2.59376694593e-24)
(-2.40959252047 4.86774192487e-05 6.89853403032e-25)
(-2.41078351977 4.80559978898e-05 -1.02796573963e-24)
(-2.412000804 4.7416051348e-05 -1.79783417891e-25)
(-2.41324383678 4.6749792566e-05 -1.16811891826e-24)
(-2.41451203324 4.60595210028e-05 4.14082478814e-25)
(-2.41580481141 4.53420324503e-05 -3.76444461315e-24)
(-2.41712145828 4.45900622485e-05 -2.46704647588e-24)
(-2.41846126686 4.38105889801e-05 -6.59957169564e-24)
(-2.41982333641 4.28911900493e-05 3.56361675224e-24)
(-2.42120454485 4.16710442902e-05 5.09042868406e-25)
(-2.42259890305 4.02562410849e-05 1.2960159251e-23)
(-2.4240074587 3.89172191425e-05 2.82290152359e-23)
(-2.42543138795 3.768443094e-05 2.74613816612e-23)
(-2.42687148056 3.65380056148e-05 -2.27511524332e-23)
(-2.42832732195 3.5396807059e-05 -2.96309592042e-23)
(-2.42979835131 3.42455124186e-05 4.42881980024e-23)
(-2.43128330372 3.30181437706e-05 5.28023185311e-23)
(-2.43278105196 3.17371799925e-05 -3.30019408552e-23)
(-2.43429005226 3.03778369912e-05 -3.1387666771e-23)
(-2.43580886198 2.89542490661e-05 4.80119206171e-23)
(-2.43733584512 2.74496328925e-05 1.39190311205e-24)
(-2.4388692758 2.58669428237e-05 2.01055966318e-23)
(-2.440407472 2.42031924176e-05 7.83877292973e-25)
(-2.44194841815 2.24455202207e-05 -2.78378790228e-23)
(-2.44349036897 2.06058388622e-05 -1.16903677465e-23)
(-2.44503103519 1.86567158218e-05 7.14632134325e-23)
(-2.44656856216 1.66224822567e-05 -9.58627485005e-23)
(-2.44810039884 1.44636559163e-05 -2.34605908594e-23)
(-2.44962453473 1.22131709233e-05 -8.42646279133e-23)
(-2.45113817446 9.82319871429e-06 2.20150066922e-23)
(-2.45263909761 7.32972941743e-06 2.86425280473e-23)
(-2.45412429243 4.65715583065e-06 5.58823878206e-24)
(-2.45559127086 2.05805091145e-06 -1.36683793077e-22)
(-2.45703678819 -6.90889644416e-07 1.26073004429e-22)
(-2.45845800169 -3.54836022687e-06 2.25653802218e-22)
(-2.45985151269 -6.58367465548e-06 1.50450555132e-22)
(-2.46121407372 -9.60505640141e-06 1.34041995684e-23)
(-2.46254209246 -1.31426548239e-05 -6.71506042125e-23)
(-2.46383185426 -1.68330713255e-05 -1.03072743813e-22)
(-2.46507962548 -2.07471095751e-05 -1.01869640676e-22)
(-2.4662811293 -2.47744101395e-05 2.13152774131e-22)
(-2.46743243442 -2.88155615398e-05 1.95485488583e-22)
(-2.46852875758 -3.3083386213e-05 2.68442757491e-22)
(-2.46956583745 -3.75603503987e-05 -8.52702269979e-23)
(-2.47053837907 -4.23004172636e-05 -1.40378922607e-22)
(-2.47144169933 -4.72569563209e-05 9.20601001982e-23)
(-2.47227000855 -5.25297239006e-05 -7.80455137445e-23)
(-2.4730181432 -5.81791722077e-05 2.36539524253e-22)
(-2.47367976396 -6.42151697379e-05 -7.81684821055e-24)
(-2.47424902452 -7.0552197861e-05 -2.78233174117e-22)
(-2.4747190794 -7.72415814779e-05 1.31290327335e-22)
(-2.47508318182 -8.42577532905e-05 -1.36097530034e-22)
(-2.47533415708 -9.16519058482e-05 -2.0993049788e-22)
(-2.47546352156 -9.94422886664e-05 1.0721118829e-22)
(-2.47546517762 -0.000107639949818 7.61103460083e-23)
(-2.47532377873 -0.000116419597712 -2.73213405574e-22)
(-2.47504509857 -0.000125421724547 1.95935710094e-22)
(-2.47458066691 -0.000135331173174 1.47374757013e-22)
(-2.47401202902 -0.000201114366645 1.48637684856e-26)
(-2.47322596285 -0.000170186376627 -2.65559845093e-22)
(-2.47225874584 -0.000168808132161 -3.48626389805e-22)
(-2.47109456292 -0.000177852372684 1.91354906665e-22)
(-2.46971649144 -0.000189703295523 -3.66551699752e-23)
(-2.46811159581 -0.000202742554785 1.5191646353e-22)
(-2.46626639281 -0.000216532870281 -4.53043339726e-23)
(-2.46416482744 -0.000231099605042 -2.59396058229e-22)
(-2.46179098245 -0.00024645537606 1.79262666504e-22)
(-2.45912677056 -0.0002627456619 -3.46074108339e-23)
(-2.4561534266 -0.000280003596729 7.00763226961e-23)
(-2.45285018565 -0.000298362377145 -6.06602162246e-23)
(-2.44919513895 -0.000317880692408 -2.28500427134e-22)
(-2.44516439592 -0.000338674764958 1.02276641738e-22)
(-2.44073217507 -0.00036083158912 1.45325936622e-22)
(-2.43587093255 -0.00038445136922 1.37277755663e-22)
(-2.43055053302 -0.000409633722602 1.06686875502e-22)
(-2.42474089243 -0.000436530266231 -1.3242218101e-22)
(-2.41840024229 -0.000465586837179 1.60497992081e-22)
(-2.41148763539 -0.000497087732949 7.46142259937e-23)
(-2.40395925922 -0.000531137243106 2.88242108125e-23)
(-2.3957646165 -0.000567721111373 -5.47029944456e-23)
(-2.38685170841 -0.000607150212537 -7.01284086569e-24)
(-2.37716473031 -0.000649652533931 2.17532154154e-23)
(-2.3666392558 -0.00069564848565 3.86744090708e-24)
(-2.3552023945 -0.000745637602605 2.43192924962e-23)
(-2.34276999949 -0.00080041680972 5.82684248961e-23)
(-2.32924777243 -0.000860696548477 -6.68953414851e-23)
(-2.3145279163 -0.000927132207341 2.78704600728e-23)
(-2.29849296134 -0.0010002639164 -1.67814243318e-22)
(-2.28100721671 -0.00108099631734 1.18495548104e-22)
(-2.26191852832 -0.00117068368121 7.00144153716e-24)
(-2.24103726511 -0.00127143493152 -4.35082684608e-22)
(-2.21813816398 -0.00138577231588 2.14079088593e-22)
(-2.19295669548 -0.00151601076899 6.7939827901e-22)
(-2.16518649208 -0.00166488059909 -3.50735125546e-22)
(-2.13444242709 -0.00183655909246 -1.1269499534e-23)
(-2.10028742981 -0.00203578428318 -3.20909980784e-22)
(-2.06212191783 -0.00227065048277 5.63849990194e-22)
(-2.01933568655 -0.00254859259801 7.82388092964e-23)
(-1.97079165711 -0.00289105436103 -8.8513468659e-22)
(-1.91576142735 -0.00330733331674 -1.32326878315e-21)
(-1.85135566361 -0.00386376218959 -9.13430568426e-22)
(-1.77789350018 -0.00455839821108 -8.38286483352e-22)
(-1.68485972128 -0.0056505183484 -2.86489624878e-21)
(-1.58190988624 -0.00727449053928 2.30963881895e-21)
(-1.41186730495 -0.00999527091521 -2.09202833313e-21)
(-1.31525255577 -0.0131215019803 -7.33729028235e-21)
(-1.27304858225 -0.0155515686963 3.42833291905e-19)
(-1.24841340657 -0.0189407390308 -4.96144967388e-19)
(-1.24715326946 -0.0246643854162 -3.95918636139e-20)
(-1.25524165189 -0.0320761592266 -8.4959445538e-19)
(-1.26573660468 -0.0404069361932 -1.89398577138e-19)
(-1.27726297145 -0.0493313162538 -4.79862656755e-19)
(-1.28949673317 -0.0583882366694 -3.62823049958e-21)
(-1.30208592001 -0.067513320795 1.14870906546e-19)
(-1.31484456789 -0.0766994983855 8.05681356999e-19)
(-1.32795542646 -0.0859664645557 1.05762713914e-18)
(-1.34156159588 -0.0953430049209 -2.4138499429e-19)
(-1.35570026846 -0.104846305954 -4.03641716379e-19)
(-1.37052480584 -0.114510974878 -9.13801397081e-19)
(-1.38596284502 -0.124345720689 8.08408416682e-19)
(-1.40212285404 -0.134380633923 -3.70998745997e-19)
(-1.41894293657 -0.144625019914 7.58110551323e-19)
(-1.43638555832 -0.155085091506 -1.41308920719e-19)
(-1.45450823612 -0.165780962236 -8.72262670554e-19)
(-1.47312461294 -0.176690931061 -2.29606969512e-18)
(-1.49242552031 -0.187841451821 -3.34389745715e-20)
(-1.51180105979 -0.199296772629 1.12906307752e-18)
(-1.53244600831 -0.202005162835 -2.15030342777e-22)
(-1.55327456371 -0.218268427007 2.83834376015e-20)
(-1.57447774849 -0.233145351092 1.4152985593e-18)
(-1.59606814622 -0.246613101651 -1.1944944006e-18)
(-1.61796905587 -0.259581627482 -3.23681450318e-20)
(-1.6403534187 -0.272526120293 7.89145781927e-19)
(-1.66318874546 -0.285619321693 1.22325838926e-18)
(-1.6863050923 -0.298900202434 -4.15988962297e-19)
(-1.70989751927 -0.312431365793 1.21700650192e-18)
(-1.73372178802 -0.326160818467 1.21168258926e-18)
(-1.75795621868 -0.340144007951 7.64568519526e-19)
(-1.78252692815 -0.354347484139 -1.01656808782e-18)
(-1.80733361839 -0.368760777513 -6.01319964479e-18)
(-1.83257725319 -0.383422601332 3.65003126859e-18)
(-1.8579655395 -0.398257194934 2.57284022828e-18)
(-1.88374837279 -0.413343625585 -2.14525687116e-18)
(-1.90979069651 -0.428619019333 1.73465462414e-18)
(-1.93604775119 -0.444094815523 -2.44791109505e-18)
(-1.96271787119 -0.459802793754 -4.50458068156e-18)
(-1.98946744144 -0.475650914278 2.87580338032e-18)
(-2.01660798983 -0.491744329753 -2.23776377e-18)
(-2.04395146407 -0.50799070165 -4.65003069198e-18)
(-2.07149569487 -0.52442393124 -2.05904530106e-18)
(-2.09943964996 -0.5410683416 -1.4836188902e-18)
(-2.12740954217 -0.557815400926 1.22963642454e-18)
(-2.1557700831 -0.574796776949 3.72236011811e-18)
(-2.18429455344 -0.591891811116 2.50629752681e-18)
(-2.21300343119 -0.609153572827 1.96091556722e-18)
(-2.24211032652 -0.626603565538 9.26179948293e-19)
(-2.27119653335 -0.644112973382 -3.06725573135e-19)
(-2.30067407591 -0.661842662099 7.64782212165e-19)
(-2.3302960455 -0.679645849276 2.4055183692e-18)
(-2.36007454167 -0.697586464868 4.61186206058e-18)
(-2.39026058208 -0.715693613608 1.54134346541e-18)
(-2.42038638163 -0.733812878986 2.43524817555e-18)
(-2.45089097067 -0.752134007164 2.503925653e-19)
(-2.48153143567 -0.770486913944 2.37940435396e-18)
(-2.51227151055 -0.788929546826 1.43248022408e-18)
(-2.54343337909 -0.807516579266 1.22478230706e-18)
(-2.57450313995 -0.826058803777 2.36558123403e-18)
(-2.60595236824 -0.844782315324 -7.42447710331e-20)
(-2.63759857646 -0.863516174178 6.48643120973e-19)
(-2.66930994598 -0.882293597899 -2.15643083427e-19)
(-2.7014890522 -0.901212414908 1.24874266134e-18)
(-2.73356274284 -0.920032035675 -4.16598259749e-19)
(-2.76598013129 -0.939001349087 5.06384618882e-19)
(-2.79865613062 -0.957962288965 1.70136804857e-18)
(-2.83128716392 -0.976879927983 5.80237031392e-19)
(-2.8644040412 -0.995932083832 1.76779172026e-19)
(-2.89743784603 -1.01483353599 9.8073522574e-20)
(-2.93077535315 -1.03384328614 1.6294549881e-19)
(-2.96446595185 -1.05284276477 3.01585942368e-19)
(-2.99802320649 -1.07170782039 8.48858369576e-20)
(-3.03207921741 -1.09070344997 -3.24930823247e-20)
(-3.06611017639 -1.10950792533 -1.70782525862e-20)
(-3.10036362576 -1.12835385096 -2.08970955304e-19)
(-3.13505909053 -1.14719555546 2.57090774676e-19)
(-3.16955138991 -1.16580812487 1.97359727065e-19)
(-3.204520237 -1.18453179857 -5.11781046077e-19)
(-3.23957459692 -1.20304855983 -2.53047903874e-19)
(-3.27471275975 -1.22150050056 -8.73560241129e-19)
(-3.31037092098 -1.23996555603 -5.15517633207e-19)
(-3.34579690109 -1.25811276272 9.51089552312e-19)
(-3.38163740616 -1.27632154797 1.91272131169e-18)
(-3.41777176639 -1.29435101663 -6.92012058296e-19)
(-3.45386419722 -1.31219465064 -1.51682339998e-18)
(-3.49054576385 -1.33008483889 1.46724261531e-18)
(-3.52708653803 -1.34761290084 -8.64424377839e-19)
(-3.56395957543 -1.3651420564 2.27641571443e-19)
(-3.60124475441 -1.38251194082 6.92645202212e-19)
(-3.63830419133 -1.39953472406 -1.5677741891e-19)
(-3.67592027442 -1.4165913647 -1.10041787505e-18)
(-3.71350672761 -1.43325246981 -1.68790186383e-18)
(-3.75126772194 -1.44979070073 -2.54567201529e-18)
(-3.78955424306 -1.46620175473 5.75360852106e-19)
(-3.82755249203 -1.4821468157 -1.44422989722e-18)
(-3.86604777405 -1.4980875898 3.8017766064e-18)
(-3.90471433584 -1.51365541176 -4.2712673144e-18)
(-3.94333993358 -1.52892548668 -5.79857697486e-19)
(-3.98257170068 -1.54410750649 1.75551067174e-18)
(-4.02158759648 -1.55875778512 -4.00001933756e-18)
(-4.06100926842 -1.57333213935 8.28662610845e-19)
(-4.10080268427 -1.5875821785 -5.51432195761e-18)
(-4.14034258363 -1.60135130146 2.93923284153e-18)
(-4.18045853363 -1.6150347272 5.19229577007e-18)
(-4.22042953061 -1.62812950846 -3.75068080239e-19)
(-4.26060467269 -1.64099781104 -3.60567670933e-18)
(-4.30126102821 -1.65356963384 -3.55236222549e-18)
(-4.34155274573 -1.66551285321 -3.79171088328e-18)
(-4.38235990573 -1.67733182862 4.7772829854e-18)
(-4.42319743591 -1.6885703571 4.96991797649e-18)
(-4.46401950526 -1.69940423592 -2.09683894547e-18)
(-4.50538035703 -1.70997116801 -5.57453140772e-18)
(-4.5463651005 -1.71980952534 -4.17363183747e-19)
(-4.58773917069 -1.72943559563 -9.35038921043e-18)
(-4.62932531965 -1.73851541324 -2.78346948575e-20)
(-4.67064471786 -1.74698795072 4.6251961302e-18)
(-4.71248645988 -1.75519877174 -2.50045236316e-18)
(-4.75400640249 -1.76261887952 3.98205143856e-18)
(-4.79574614927 -1.76969805293 1.9712785427e-18)
(-4.83779773119 -1.77625142399 -4.38832845946e-18)
(-4.87940304611 -1.78203309573 -5.45610799673e-18)
(-4.92145279983 -1.78751396598 -4.11034991225e-20)
(-4.96325278256 -1.79217182304 1.13708180308e-18)
(-5.00506819135 -1.79633322032 7.6904873865e-18)
(-5.04722474325 -1.7999744102 -5.64238629012e-19)
(-5.08882397931 -1.80272280212 1.02886479355e-17)
(-5.130745087 -1.80509443997 2.58179615875e-18)
(-5.1724914074 -1.80663477428 -2.44778404368e-18)
(-5.21403197446 -1.80751535276 2.32696863289e-18)
(-5.25587806476 -1.80786281145 -7.33329623021e-18)
(-5.29710791797 -1.8072323294 -7.35794167241e-19)
(-5.33850599055 -1.80613017675 -1.22981228418e-17)
(-5.37977535913 -1.80419469042 -2.68987764227e-18)
(-5.42061739052 -1.80144670306 -1.64108906158e-18)
(-5.46168027897 -1.79813790073 -3.10128351099e-18)
(-5.50209008226 -1.79379545687 8.21786967056e-18)
(-5.54250479164 -1.78888218218 -5.96791205796e-18)
(-5.58278003396 -1.78312434301 1.18018549716e-17)
(-5.62244203631 -1.77644121818 1.40024080608e-17)
(-5.66220636125 -1.76915265836 1.08467182094e-17)
(-5.70126300326 -1.76079266514 -8.14044074055e-18)
(-5.74014932447 -1.75177059613 -3.479523195e-18)
(-5.77882255826 -1.74188323987 -4.63038312214e-19)
(-5.81673085165 -1.73099774832 -9.71856882761e-18)
(-5.85459508017 -1.71945557119 8.73022429991e-18)
(-5.89167006102 -1.70682032769 4.12680184302e-19)
(-5.92840518276 -1.69345336031 3.05716899607e-18)
(-5.96480415802 -1.6791968973 -3.18666073976e-18)
(-6.00029976672 -1.663904107 4.3697258801e-18)
(-6.03557767636 -1.64790688446 -7.77278330298e-18)
(-6.06994993096 -1.63080996485 7.04505288167e-18)
(-6.10381304989 -1.61293853745 3.41237401263e-18)
(-6.13717149742 -1.59415825753 8.17621115828e-18)
(-6.16950067317 -1.57434053839 7.94145552143e-18)
(-6.20142339573 -1.55378476489 -4.00010772353e-18)
(-6.23229342909 -1.53214176033 -1.64740313732e-17)
(-6.2624849308 -1.50971267925 5.01027030585e-20)
(-6.29196471902 -1.48636863218 7.58037452368e-18)
(-6.32029583233 -1.46202285829 -3.57405713343e-20)
(-6.34801346853 -1.436925478 3.91516191459e-18)
(-6.37450898322 -1.41078056706 2.10107982876e-17)
(-6.40015448728 -1.38387085739 -2.25775978233e-17)
(-6.42484874441 -1.35606326985 -6.41220846686e-18)
(-6.44828157745 -1.32732812002 -5.14249093609e-18)
(-6.470876603 -1.29785389063 5.96983062401e-18)
(-6.49207058595 -1.26740731886 -4.85230748055e-18)
(-6.51224059208 -1.23625094945 1.31397167689e-18)
(-6.53120176181 -1.2042440669 -4.74815699918e-18)
(-6.54879088433 -1.17142573313 4.4406411291e-19)
(-6.56530526357 -1.13791263779 3.68200560765e-18)
(-6.58024288529 -1.10354212134 -3.06041138353e-18)
(-6.59396759342 -1.06854799406 4.13351971389e-18)
(-6.60623851992 -1.0327953144 4.57766649408e-18)
(-6.61701478578 -0.996379410985 2.11646381381e-18)
(-6.62647176904 -0.959356026331 -1.94395171327e-18)
(-6.63420359916 -0.921634041745 -1.87578067236e-18)
(-6.64052531981 -0.883406684745 3.00198662233e-18)
(-6.64517442268 -0.844563972178 7.03165105552e-19)
(-6.64819952378 -0.805234744259 -1.10122651111e-17)
(-6.64964415294 -0.765443760337 4.14382956262e-18)
(-6.64906017938 -0.725147157085 1.00584984041e-18)
(-6.64671043672 -0.68448824046 2.49717879587e-18)
(-6.64227871035 -0.643390746262 -1.99689298937e-18)
(-6.63594983441 -0.601987943681 -3.75484629713e-18)
(-6.6276600707 -0.560279633656 5.72457937681e-19)
(-6.61731307909 -0.518298593851 -3.13428753165e-19)
(-6.60508294203 -0.476142233112 -1.36398949029e-19)
(-6.59075750791 -0.433790045438 -5.02450930201e-18)
(-6.57450266237 -0.391355881882 -2.03777117602e-18)
(-6.5562467746 -0.34884630553 6.03681253612e-19)
(-6.53599126138 -0.306282523238 -2.25594091075e-18)
(-6.51360464741 -0.264481326945 1.37641455581e-18)
(-6.4891619745 -0.223147097578 -9.48812709555e-19)
(-6.46322281507 -0.186397152171 -2.21305706197e-19)
(-6.43577041216 -0.167406696548 -2.12128927182e-20)
(-6.40733549995 -0.159549399406 -6.20514355318e-23)
(-6.37216409522 -0.118521225861 1.42416290952e-19)
(-6.33514693709 -0.0509780678798 -2.36147160875e-19)
(-6.29867808792 0.00668848220618 -3.91427334342e-20)
(-6.26067157488 0.0562159090344 2.19287488357e-19)
(-6.22133557556 0.103574043025 2.93004113195e-19)
(-6.18024339772 0.146224656266 1.33366554427e-18)
(-6.13699635985 0.185284268883 -2.96048069303e-18)
(-6.09163492288 0.222922585953 4.69542965622e-19)
(-6.04440280295 0.25976296963 1.27488239207e-18)
(-5.99521388329 0.295926276719 3.64101217682e-19)
(-5.94429457974 0.331341516443 -1.69596786602e-18)
(-5.89157128355 0.36598291284 2.3524314449e-18)
(-5.83708748829 0.399790527727 2.58652145554e-18)
(-5.78103828319 0.432701428974 -3.58069278065e-18)
(-5.72322985433 0.464708632728 6.59960649587e-18)
(-5.66399298291 0.495731193629 -2.90375287778e-18)
(-5.60313372635 0.525777700848 1.77509722176e-18)
(-5.54081086618 0.554790145625 8.11968925668e-19)
(-5.47714110948 0.582739024357 -1.14222520588e-17)
(-5.41192687695 0.609620580061 3.2932414397e-18)
(-5.34561156536 0.635365811807 1.1740717888e-17)
(-5.27786941801 0.660006111777 -6.43476180816e-20)
(-5.20900382043 0.683483668542 1.1611156921e-17)
(-5.13900838054 0.705796983502 -1.70967022341e-19)
(-5.06773536857 0.726940841949 5.15560172627e-18)
(-4.9956768293 0.746863653919 1.15990585397e-18)
(-4.92239962239 0.76560442149 5.99022693042e-18)
(-4.84835498372 0.783116402761 7.35909233474e-18)
(-4.7733829285 0.799414502388 -2.43595780449e-18)
(-4.69742805292 0.814495869057 -4.98412782906e-18)
(-4.62095772293 0.82832546486 -5.13576681607e-18)
(-4.5434602543 0.840940227819 -9.22305018706e-18)
(-4.46552662747 0.852314861393 3.15544189824e-18)
(-4.38685191743 0.86247581441 -5.96590359542e-18)
(-4.30754111042 0.871438466636 5.92926321753e-18)
(-4.22800172818 0.879184763049 1.27389376865e-18)
(-4.14769092893 0.885743699076 3.4161193628e-18)
(-4.06729577524 0.891104122948 -1.26599617439e-17)
(-3.98632839831 0.895278457127 1.11066745898e-18)
(-3.90496816935 0.898292476138 5.22558586755e-18)
(-3.82349353324 0.900131405579 -2.3620429034e-17)
(-3.7413934252 0.900838743239 -1.10962008242e-17)
(-3.65949504806 0.900439415375 -1.17655283113e-18)
(-3.57722483156 0.898938586084 -1.23576810949e-17)
(-3.49492378599 0.896411704065 1.83777545234e-17)
(-3.4128312133 0.892837896585 -2.01249477498e-17)
(-3.33043735157 0.888264415519 3.1617751767e-18)
(-3.24862388836 0.882733674215 1.88800539727e-18)
(-3.16669744176 0.876214016147 1.9567998603e-17)
(-3.08501545697 0.868809697623 -5.39355532044e-18)
(-3.00374107564 0.86047530227 2.2429642216e-18)
(-2.92233793883 0.851272564056 -8.45501546204e-18)
(-2.84178886243 0.841294035164 1.19823870689e-17)
(-2.76139335527 0.830487924355 1.13571059058e-17)
(-2.6815784653 0.819017809331 -2.52950564086e-18)
(-2.60256643076 0.806827370205 -8.16781852092e-18)
(-2.52378366984 0.793978738256 1.7514545367e-17)
(-2.44626283238 0.78060370537 3.48061326238e-18)
(-2.36925053066 0.76659513261 -4.98390563901e-18)
(-2.29313889316 0.75216920099 5.24144747513e-18)
(-2.21824551738 0.737263863661 -9.39496125366e-18)
(-2.14391638366 0.721928800765 -2.84740058687e-17)
(-2.07124387255 0.706355645651 -7.1685422317e-18)
(-1.99946997381 0.690371861082 3.82008929479e-18)
(-1.92887007689 0.674229538831 -9.15250852097e-18)
(-1.8599323519 0.657880508636 -2.58632530047e-17)
(-1.79181054087 0.641309446634 1.04084717982e-17)
(-1.72555496597 0.625054848784 2.25858080337e-17)
(-1.6607285639 0.609033113687 -2.65786094283e-17)
(-1.59792005241 0.593044040401 -5.33293919327e-19)
(-1.53757965205 0.577106309748 -7.02777498276e-18)
(-1.47848170322 0.561113163045 3.47156419686e-17)
(-1.42149368373 0.54539105148 -1.83061825342e-17)
(-1.36601299541 0.529648424001 2.49644794674e-18)
(-1.31178222217 0.514093587958 1.45971220763e-17)
(-1.25974092533 0.498817145181 -1.26619542533e-17)
(-1.2088877048 0.483561338392 -6.94723237453e-18)
(-1.16010038592 0.468845844762 1.89366972668e-18)
(-1.11313724943 0.454381261141 2.26253688169e-17)
(-1.0675086492 0.440256583954 -4.61606977373e-18)
(-1.02431729031 0.426693983063 1.12823273827e-17)
(-0.982475399658 0.413308090091 -2.09035434285e-17)
(-0.942482714394 0.400497594883 -3.59628110104e-18)
(-0.904449540768 0.388060943634 2.25188494895e-18)
(-0.867590761497 0.375953521848 4.40973398151e-18)
(-0.833020604139 0.364520147284 1.83156035706e-17)
(-0.799817799292 0.353312705204 -1.70039800919e-17)
(-0.768094436732 0.342650900354 -4.92741614652e-18)
(-0.738432267195 0.332502450206 -4.83680743183e-18)
(-0.709781207093 0.322609638658 -1.77242434387e-17)
(-0.683107610924 0.313404670783 -1.34965380258e-17)
(-0.657796502162 0.30444708857 1.04766084829e-17)
(-0.633576963985 0.295931615173 -2.03624497309e-17)
(-0.611361179456 0.288002227112 -6.22386640223e-18)
(-0.589982323204 0.280229643072 -1.73069160097e-17)
(-0.570141599552 0.273064493571 -1.58577633567e-17)
(-0.551641223543 0.266172977491 -6.1501832118e-18)
(-0.533875521185 0.259572027998 1.0823805585e-17)
(-0.517892481951 0.253561556758 1.45307268274e-17)
(-0.502635053212 0.247632615446 -1.60691912405e-18)
(-0.488423559928 0.242168946251 9.60990409097e-18)
(-0.47556244067 0.237031642367 9.36027772823e-18)
(-0.463144013617 0.232015093459 -8.44872262068e-18)
(-0.452146968228 0.227530490363 7.50805353795e-18)
(-0.441820172316 0.223094669971 1.0715152357e-17)
(-0.432089386184 0.218960382353 -1.6008524722e-17)
(-0.42368585507 0.215205442535 -3.75216905397e-18)
(-0.415549471207 0.211446234637 -1.49098791961e-17)
(-0.408459542102 0.208135374299 -7.16363110817e-18)
(-0.402077183925 0.204905849175 -4.43671291528e-18)
(-0.396005803845 0.201840847386 7.95509933854e-18)
(-0.391162313032 0.199178982698 3.14021207001e-19)
(-0.386560174686 0.196466806425 -1.31689299587e-18)
(-0.382678749403 0.194106284062 1.97268102055e-19)
(-0.379621085098 0.1919051409 1.11093932526e-17)
(-0.376728293382 0.189758759545 -4.35072004404e-18)
(-0.374898189298 0.188003956999 8.86791640548e-18)
(-0.373380933698 0.186196175901 1.96667413211e-18)
(-0.372201585255 0.184553154561 2.79387714786e-18)
(-0.37180127184 0.183103383718 -7.43401118205e-18)
(-0.371501012329 0.181652434444 -1.11461084748e-17)
(-0.371940683696 0.180488658492 2.84538230683e-19)
(-0.372829062013 0.179371788763 -3.63651368641e-18)
(-0.373979959778 0.178372670058 1.24848205727e-17)
(-0.375967499223 0.177596685676 3.88883211032e-18)
(-0.37810189396 0.176786933657 -5.08276827037e-18)
(-0.380777237403 0.176178828537 4.96773702415e-18)
(-0.383900476838 0.175608559056 1.97730907215e-18)
(-0.387107257451 0.175055696452 2.54363277192e-18)
(-0.390978812654 0.174674961824 -5.33517891845e-18)
(-0.394932029637 0.174219192824 1.32127914216e-18)
(-0.399179910398 0.173870255252 -2.0652891448e-18)
(-0.403826645995 0.173548275395 -1.28322511004e-18)
(-0.408435653706 0.173173988363 -1.37552830752e-18)
(-0.413534497114 0.172918217869 -1.94273315339e-18)
(-0.418691787783 0.172573883912 1.70709612176e-18)
(-0.423969326776 0.172264312306 -1.63067264212e-19)
(-0.429618318264 0.171980102919 -5.34644436166e-19)
(-0.435184092114 0.171606921053 -1.38293037496e-19)
(-0.441115181819 0.171313735727 1.65897104183e-20)
(-0.447119811405 0.170934916514 -7.68872916043e-19)
(-0.453166933481 0.170551730494 -3.85910035238e-20)
(-0.459576626414 0.170190376791 -5.71360750758e-20)
(-0.465920327962 0.169732454246 -1.02544835092e-19)
(-0.472574406383 0.169327657759 -1.2730305204e-19)
(-0.479347504169 0.168846752501 -6.7646068693e-19)
(-0.486161866044 0.168342511518 6.33107696366e-19)
(-0.493348407399 0.167853860942 -7.4076020474e-19)
(-0.500524255287 0.167273189005 3.08047033641e-19)
(-0.508005152136 0.166726133805 5.70365116855e-19)
(-0.515659396799 0.166110250815 -7.54147423075e-19)
(-0.523396105653 0.165461935882 1.03495651847e-18)
(-0.53152694231 0.164817340614 -2.01742376887e-18)
(-0.539717059371 0.164085636357 1.0166218085e-18)
(-0.548236519511 0.163367994212 9.85200078388e-19)
(-0.556980594487 0.162580619232 2.4544021953e-18)
(-0.5658681232 0.16175255121 7.07648450977e-20)
(-0.575170992109 0.160908582738 1.90347326465e-18)
(-0.584600447493 0.159977449806 1.81499203438e-18)
(-0.594396791381 0.159037539335 -4.38252434725e-18)
(-0.604459768876 0.158018422879 -1.76752982853e-18)
(-0.614734479901 0.156947336626 1.67336093399e-18)
(-0.625441325495 0.155833960639 -6.88706897131e-19)
(-0.63633725262 0.154627623423 6.72047212433e-19)
(-0.647641738778 0.153384734388 -2.4677186238e-18)
(-0.659246374803 0.152046612533 -5.58520200582e-18)
(-0.671134963549 0.150639419205 2.32680143934e-18)
(-0.683468525318 0.149158344934 3.35796606447e-19)
(-0.696053466703 0.147571689223 2.63165084006e-18)
(-0.709090699761 0.145916309693 -1.75684904889e-19)
(-0.72246087046 0.144145302542 3.28846236763e-19)
(-0.736193383346 0.1422837262 -8.99224391363e-19)
(-0.750384803587 0.140314045558 -1.2910319057e-18)
(-0.764896844044 0.138222330563 -2.37790639586e-19)
(-0.779911066795 0.136024179969 5.46249549215e-19)
(-0.795307881479 0.133686388463 2.70733210387e-19)
(-0.811150777584 0.131226596 -8.50749424248e-19)
(-0.827473695556 0.128582654782 -3.04527517519e-18)
(-0.844184528044 0.125857855057 -1.1840468944e-18)
(-0.861538938 0.123093900006 -4.22078184504e-19)
(-0.879377999765 0.120129978631 -2.48483406775e-18)
(-0.897764681474 0.116968856027 -3.38012559698e-19)
(-0.91670716665 0.113612807919 -8.58007235164e-19)
(-0.936186858223 0.110075760333 -5.05060388259e-19)
(-0.956331894169 0.106352316799 -1.04170745052e-18)
(-0.977081386975 0.102434476033 -4.33242051822e-19)
(-0.998542002272 0.0983210481918 -2.97397638388e-19)
(-1.02072697814 0.0940003670177 5.7052802322e-19)
(-1.04363322684 0.0894241202037 4.04013356986e-19)
(-1.06729878587 0.0852038858244 7.03619759541e-21)
(-1.09071770922 0.0869437624525 3.45250629999e-22)
(-1.11732510744 0.0779860125273 -1.49373189746e-18)
(-1.14466202721 0.0703549870701 -2.45715458714e-20)
(-1.17283672408 0.0637827014183 3.84926425872e-19)
(-1.20225711912 0.0574754897309 1.20965649494e-19)
(-1.23320197578 0.0511139868913 -1.01974751953e-19)
(-1.2659195099 0.0445455368215 1.4496223431e-19)
(-1.30082871201 0.0377441549505 1.94803405389e-19)
(-1.33888661938 0.0307376623948 2.37447481781e-19)
(-1.3932465833 0.0224934857332 -7.30392032877e-20)
(-1.43704679492 0.0162428922324 2.79449137217e-20)
(-1.49114763988 0.0108800821217 2.93344592102e-22)
(-1.54952625792 0.00609063841042 -1.79422759964e-22)
(-1.59267697659 0.0041346081486 -7.84989747297e-23)
(-1.62666844445 0.00324199724352 -4.06352193835e-22)
(-1.65640839505 0.00270864604532 -3.730458789e-22)
(-1.68282581929 0.00237122551038 -1.37092928333e-22)
(-1.70637408465 0.00215347576034 5.63633012534e-23)
(-1.72776814343 0.00199727085381 -8.32057542355e-23)
(-1.74749306507 0.00187860685248 2.45877956532e-22)
(-1.76582130856 0.00178723390111 -1.67272567752e-22)
(-1.78296745663 0.0017141534853 7.22844209007e-25)
(-1.79910875503 0.00165282777291 -1.01811073574e-22)
(-1.81437839349 0.0015994191831 1.91680339354e-23)
(-1.82887978057 0.00155037456256 8.5774056667e-23)
(-1.84267387586 0.00150445081844 -1.33263687865e-22)
(-1.85583420882 0.00146317989867 1.47990871458e-22)
(-1.86843674388 0.00142655502935 7.47135479766e-23)
(-1.88053946596 0.0013932295884 7.00032948089e-23)
(-1.89218633307 0.00136203002938 -7.57657125142e-23)
(-1.90341218888 0.00133191562277 -1.13579695367e-22)
(-1.91424609827 0.00130238119598 1.41434465318e-22)
(-1.92471319198 0.00127343482568 3.6758762424e-23)
(-1.93483581689 0.00124514000625 -8.61680970782e-23)
(-1.94463432258 0.00121755727161 -3.42796798171e-24)
(-1.9541274399 0.00119073436185 -5.81143245832e-24)
(-1.96333249005 0.00116473573285 7.20243512575e-23)
(-1.97226556104 0.00113962125444 3.00646626504e-23)
(-1.98094171001 0.00111542349735 3.79145011534e-23)
(-1.98937507275 0.00109213014068 3.0810441425e-23)
(-1.9975788775 0.00106971796746 3.57196472456e-24)
(-2.00556544764 0.00104817996011 -4.60012202437e-23)
(-2.0133462656 0.00102752543813 -1.16378850232e-23)
(-2.02093209269 0.00100775539003 -3.63719631193e-23)
(-2.0283330497 0.000988838544489 -1.73778179022e-23)
(-2.03555864063 0.000970718794507 -4.63755966018e-24)
(-2.04261773858 0.000953339781355 4.14220708216e-24)
(-2.04951859836 0.00093666391871 -1.05499809813e-23)
(-2.05626892826 0.000920678850505 -3.6006986674e-23)
(-2.0628759666 0.000905373797601 -3.82823169351e-24)
(-2.06934655276 0.000890732325158 -2.61599856398e-23)
(-2.07568716463 0.000876716434136 2.67985632802e-23)
(-2.08190386632 0.000863280389583 1.84752509316e-23)
(-2.08800242885 0.000850384574715 -1.51125002428e-23)
(-2.09398814933 0.000837991409951 2.32863289543e-24)
(-2.09986619197 0.000826098288751 -1.50623883878e-24)
(-2.10564125539 0.000814677139921 -4.42313320387e-24)
(-2.11131802689 0.000803744354653 1.25672553687e-23)
(-2.11690080138 0.000793254408102 -6.82968532326e-25)
(-2.12239382781 0.000783217862347 -4.65875699234e-24)
(-2.12780105941 0.000773576618194 -6.0837616913e-25)
(-2.13312632872 0.000764340614471 1.00989065357e-24)
(-2.13837326093 0.000755461862063 3.16459393706e-25)
(-2.14354535732 0.000746958598515 4.52672585705e-24)
(-2.14864597708 0.0007387969834 -2.27616904951e-24)
(-2.15367839594 0.000730998315304 -4.13193712733e-24)
(-2.15864577546 0.000723531867103 -1.06640124911e-24)
(-2.16355121249 0.000716416383989 3.06717929661e-24)
(-2.16839770345 0.000709618220449 -1.18511962678e-23)
(-2.17318819093 0.000703153780963 -1.08388384513e-23)
(-2.1779255247 0.000696990254273 -9.61877753364e-24)
(-2.18261251329 0.000691145371194 1.46098897597e-23)
(-2.18725188596 0.000685590841125 -9.33578704732e-24)
(-2.19184634573 0.000680345724441 -1.58536804828e-23)
(-2.19639852648 0.000675386760464 1.84402949611e-23)
(-2.20091104154 0.000670731823601 5.75948787347e-25)
(-2.20538644243 0.000666360849154 -1.45687365558e-23)
(-2.2098272629 0.000662288779374 1.03682370309e-23)
(-2.2142359789 0.000658495793253 4.26755227563e-24)
(-2.21861503847 0.000654995496246 -2.95633613352e-23)
(-2.22296683161 0.000651767291451 8.54489307346e-24)
(-2.22729371288 0.000648824527077 5.43408286683e-24)
(-2.23159797687 0.000646145275911 -1.44060822214e-23)
(-2.23588187205 0.000643743178821 5.44239799414e-23)
(-2.24014757727 0.000641595246839 1.99888821663e-23)
(-2.24439721837 0.000639713812423 -2.56321227481e-23)
(-2.24863283577 0.00063807543734 2.47818163768e-23)
(-2.25285640714 0.000636689504026 5.08706078879e-23)
(-2.2570698067 0.000635532739603 3.82173729514e-23)
(-2.26127483242 0.000634610331945 -2.32821569404e-23)
(-2.26547316111 0.00063389870128 -3.2601397035e-23)
(-2.26966637542 0.000633399267216 -3.67791884265e-23)
(-2.27385592201 0.000633086836238 3.23958435915e-23)
(-2.27804313009 0.000632960655768 6.0068294345e-24)
(-2.28222918199 0.00063299255514 -8.85016484663e-24)
(-2.28641512252 0.000633180402579 -3.60998279451e-23)
(-2.29060183334 0.000633492385697 -1.51342158646e-23)
(-2.29479004029 0.000633925856555 1.17871013827e-23)
(-2.29898029228 0.000634445430633 1.15623876748e-23)
(-2.30317297301 0.000635046480959 -3.74173645744e-23)
(-2.30736826549 0.00063569217422 -1.75501508721e-23)
(-2.31156618169 0.000636375074493 6.10488345104e-24)
(-2.3157665166 0.000637057184382 -3.34823063159e-24)
(-2.31996888456 0.000637727671504 -6.77213729802e-24)
(-2.32417266576 0.000638348274118 -1.23603115537e-23)
(-2.3283770553 0.000638905209002 -1.0524792522e-23)
(-2.33258100669 0.00063935820801 -2.518839361e-23)
(-2.33678327131 0.000639692988288 1.21693029161e-23)
(-2.34098235748 0.000639866439228 2.8124009287e-25)
(-2.34517656369 0.000639864305892 1.45572863519e-23)
(-2.34936394291 0.000639640144861 1.62016537063e-23)
(-2.35354233212 0.000639180657401 -5.29902488023e-23)
(-2.35770932195 0.000638436625398 1.48519215635e-23)
(-2.3618622948 0.000637394774018 4.76649160703e-23)
(-2.36599837856 0.000636005672124 1.62880621208e-23)
(-2.37011451064 0.000634255545797 2.07740568585e-23)
(-2.37420737574 0.000632095873393 2.87664206129e-24)
(-2.37827348408 0.000629512222034 3.41206079845e-23)
(-2.38230910862 0.000626458639235 -1.77673702561e-23)
(-2.38631036107 0.000622920589004 -2.03946086993e-24)
(-2.3902731579 0.000618855860119 -2.18168970253e-23)
(-2.39419327754 0.000614252216567 -3.9028689348e-23)
(-2.39806633292 0.000609083419606 4.42161732523e-23)
(-2.40188781098 0.000603310745037 3.69373516722e-24)
(-2.40565305711 0.000596909905787 -1.66157941896e-23)
(-2.40935749037 0.000589879013669 2.91268453433e-23)
(-2.41299642966 0.00058218977375 -3.9798360476e-23)
(-2.41656515647 0.00057388454706 2.60393907458e-23)
(-2.42005895424 0.000564940906216 -2.98277331561e-23)
(-2.42347319116 0.000555342664143 -2.64022416793e-23)
(-2.42680322608 0.000545072223879 -3.28179292903e-23)
(-2.43004461942 0.000534175584543 -4.07152855374e-24)
(-2.43319309282 0.000522612206729 -2.28162601642e-23)
(-2.43624462114 0.000510418649289 2.9519135777e-23)
(-2.43919538655 0.000497639387159 -3.14397337191e-23)
(-2.44204181184 0.000484354622793 -1.95282062476e-23)
(-2.44478063866 0.000470557612111 4.07346829581e-23)
(-2.44740885871 0.00045625459054 4.01453299772e-23)
(-2.44992396738 0.000441461772125 -2.08678947596e-23)
(-2.45232374784 0.000426257096301 -9.61611534284e-24)
(-2.45460656569 0.000410708459853 3.84530261946e-23)
(-2.45677114862 0.000394889056719 4.42475429769e-23)
(-2.4588167813 0.000378869155793 2.46934061928e-23)
(-2.4607432177 0.000362714872456 -2.8827614433e-23)
(-2.46255074332 0.00034648641655 -2.73917656823e-24)
(-2.46424016294 0.000330242752998 -1.19189902057e-23)
(-2.46581277029 0.000314052288087 -1.72470064984e-23)
(-2.4672703601 0.000297977367213 2.97356853085e-23)
(-2.46861518624 0.000282084474093 -2.00936448523e-23)
(-2.46984996878 0.000266448136639 1.92947860017e-23)
(-2.47097787712 0.000251132515917 -8.59409472009e-24)
(-2.47200247915 0.00023620805629 -2.20392759935e-23)
(-2.47292770287 0.000221742050157 2.94610145959e-23)
(-2.47375777149 0.000207772283385 -7.15021878303e-23)
(-2.4744971764 0.000194326998067 5.28834101628e-23)
(-2.4751505813 0.000181449147254 2.95004635106e-23)
(-2.47572278766 0.000169177740362 2.03492670958e-23)
(-2.47621869944 0.000157532145358 -6.66888041596e-25)
(-2.47664326715 0.000146519516224 -3.61815404428e-23)
(-2.47700143733 0.000136131318197 4.14020470718e-23)
(-2.47729806441 0.000126322119808 -2.68371020688e-23)
(-2.47753789779 0.000117045928971 1.11223758431e-23)
(-2.47772553461 0.00010835164144 -2.27552211188e-23)
(-2.47786539147 0.000100286119025 -2.75263857397e-23)
(-2.47796168215 9.28218429656e-05 7.14077435039e-24)
(-2.47801835554 8.59249881682e-05 2.20370383304e-24)
(-2.47803910538 7.95639165469e-05 -6.52496859561e-24)
(-2.47802733536 7.37031270193e-05 4.78717741374e-24)
(-2.47798617967 6.82991307302e-05 -1.38245686441e-23)
(-2.47791847408 6.33159873787e-05 -1.01962523537e-24)
(-2.47782677505 5.8715892466e-05 7.40585942388e-24)
(-2.4777133818 5.44709384095e-05 7.15581009268e-24)
(-2.47758034671 5.05640739579e-05 1.73578760177e-23)
(-2.47742950482 4.69750483187e-05 1.32526764161e-23)
(-2.47726245111 4.37525301073e-05 5.83412309348e-24)
(-2.47708059009 4.07642785688e-05 2.88602100941e-23)
(-2.47688513636 3.79542762878e-05 2.47888594964e-23)
(-2.47667712292 3.53060047617e-05 -7.62258207328e-24)
(-2.47645747364 3.28075614519e-05 1.42350302247e-23)
(-2.47622700795 3.0443539889e-05 9.00688414427e-24)
(-2.47598644881 2.81908419926e-05 -9.63734825441e-24)
(-2.47573639466 2.60302401555e-05 -3.04959482322e-24)
(-2.4754773615 2.39529846863e-05 -3.99981580022e-24)
(-2.47520980865 2.19678682826e-05 -1.01745652643e-23)
(-2.47493417535 2.00855691758e-05 2.11310096718e-23)
(-2.47465087375 1.83101692709e-05 1.1370086714e-23)
(-2.47436028072 1.66495253355e-05 -1.35279873566e-23)
(-2.47406278299 1.47450770812e-05 -4.66055341592e-24)
(-2.47375867089 1.28604978565e-05 4.59912867978e-24)
(-2.47344824818 1.10230599258e-05 7.0420145561e-24)
(-2.47313180897 9.23331840442e-06 -3.43623724542e-24)
(-2.47280964875 7.6745753956e-06 4.40471415153e-24)
(-2.47248215812 6.19050526586e-06 -2.90045083501e-24)
(-2.47214964723 4.74696893104e-06 -2.57011514689e-23)
(-2.47181241926 3.33393532671e-06 -5.35134959447e-25)
(-2.47147075791 1.95149237616e-06 2.18777327707e-23)
(-2.47112495817 6.03737640753e-07 -1.11425036973e-23)
(-2.47077532996 -7.04259024491e-07 -5.44514679349e-24)
(-2.47042218688 -1.97178217172e-06 -6.17714677573e-24)
(-2.47006584056 -3.19707985268e-06 -5.72327424837e-24)
(-2.46970661722 -4.399234513e-06 -2.11287152896e-24)
(-2.46934485213 -5.58591269364e-06 -1.09946975098e-23)
(-2.46898084014 -6.75073808195e-06 -1.8045367527e-24)
(-2.46861486815 -7.88826210794e-06 -1.57868330569e-23)
(-2.46824721944 -8.98947489107e-06 1.04729151254e-24)
(-2.4678781978 -1.00492483882e-05 5.69345209151e-25)
(-2.46750811641 -1.1066324712e-05 1.53081197703e-23)
(-2.46713727639 -1.20436193041e-05 5.29682915107e-24)
(-2.46676596926 -1.2983986836e-05 1.444986072e-23)
(-2.46639446338 -1.38880358772e-05 -1.30541979214e-24)
(-2.46602304011 -1.47542053113e-05 -3.68596808782e-24)
(-2.46565199138 -1.55806449016e-05 9.08243863186e-24)
(-2.46528159217 -1.63703220007e-05 -4.50203163377e-25)
(-2.46491208941 -1.71257028843e-05 1.90769308162e-24)
(-2.46454372921 -1.78478149766e-05 -8.50629882754e-24)
(-2.46417675672 -1.85402556925e-05 2.61165942592e-24)
(-2.4638113851 -1.92069099465e-05 -1.1652733933e-23)
(-2.46344783689 -1.98493385631e-05 5.88325234986e-24)
(-2.46308631406 -2.05156383155e-05 -8.63309583388e-25)
(-2.46272646285 -2.12801924222e-05 -3.06551966592e-24)
(-2.46236733596 -2.20963839616e-05 1.97378422279e-24)
(-2.4620094064 -2.28656581293e-05 4.25803484077e-25)
(-2.46165327487 -2.35535546716e-05 -8.36510923235e-24)
(-2.46129949894 -2.41519276441e-05 -6.74356151993e-24)
(-2.46094858878 -2.46645744844e-05 1.65018566447e-24)
(-2.46060095777 -2.51060481607e-05 1.04794215441e-24)
(-2.46025688503 -2.54959431459e-05 1.46000861232e-24)
(-2.45991656302 -2.58462428708e-05 -4.80760451441e-24)
(-2.45958016032 -2.61619689262e-05 -2.00652701258e-24)
(-2.4592478529 -2.64484861359e-05 5.41134497031e-24)
(-2.45891979235 -2.67081505135e-05 -2.71189428768e-24)
(-2.45859610485 -2.69435082873e-05 4.7908340904e-25)
(-2.45827690096 -2.71564337164e-05 -2.37354001356e-26)
(-2.45796228612 -2.73490302567e-05 9.80134813235e-25)
(-2.45765236321 -2.75241117692e-05 -1.26874773042e-24)
(-2.45734722116 -2.76854531547e-05 1.87899820209e-24)
(-2.45704695582 -2.78330888398e-05 1.56491749727e-24)
(-2.45675167163 -2.79666712827e-05 5.03930557143e-25)
(-2.45646145132 -2.80912302078e-05 -2.22130134604e-24)
(-2.45617631348 -2.82134566333e-05 7.35285837736e-25)
(-2.45589623599 -2.83360557834e-05 -1.78851862056e-24)
(-2.45562120557 -2.84563822694e-05 3.03983240972e-24)
(-2.45535124155 -2.85713498027e-05 -1.83044033741e-24)
(-2.45508638095 -2.86814863112e-05 9.75142082494e-25)
(-2.45482665535 -2.87883527034e-05 -1.77971041393e-24)
(-2.45457207819 -2.88920211181e-05 1.41796827013e-24)
(-2.45432269505 -2.89883402004e-05 -5.46344241744e-25)
(-2.45407848435 -2.90781598082e-05 2.39776995813e-26)
(-2.4538396546 -2.91521430775e-05 3.42376890422e-25)
(-2.45360608724 -2.92355913416e-05 9.30196073128e-25)
(-2.45337783814 -2.92224288488e-05 -1.4895995253e-24)
(-2.45315410207 -2.91308067651e-05 2.32775631225e-24)
(-2.45293424132 -2.88212936384e-05 -2.4123461047e-24)
(-2.4527174364 -2.83823229616e-05 1.89676060246e-24)
(-2.45250361431 -2.79194176765e-05 -1.57198645857e-24)
(-2.45229279104 -2.74498668673e-05 2.67288361859e-25)
(-2.45208500719 -2.69823517645e-05 5.3449139263e-25)
(-2.45188029923 -2.65277974078e-05 -4.93676169768e-25)
(-2.4516786313 -2.60912385408e-05 -1.98115995709e-25)
(-2.45147994551 -2.56724481064e-05 2.36580207368e-25)
(-2.45128420576 -2.526668384e-05 4.69709997497e-25)
(-2.45109140558 -2.48675618472e-05 1.98842764989e-25)
(-2.45090154783 -2.44718149279e-05 -8.05073027059e-25)
(-2.45071461263 -2.40817500631e-05 2.06226173821e-25)
(-2.45053054051 -2.37024604198e-05 6.19589608287e-25)
(-2.45034924328 -2.33378316372e-05 -3.82759892974e-25)
(-2.45017062769 -2.29886564013e-05 -1.55585675529e-25)
(-2.44999461191 -2.26535354374e-05 7.15284003532e-26)
(-2.44982113426 -2.23296263018e-05 -1.38719601491e-25)
(-2.44965015175 -2.20141457279e-05 1.57300498715e-25)
(-2.44948163096 -2.17061638162e-05 3.06940284493e-25)
(-2.44931553222 -2.14073200504e-05 -2.90618955415e-25)
(-2.44915180064 -2.11207272881e-05 1.28407870345e-25)
(-2.44899035998 -2.08503690938e-05 -1.14290499435e-25)
(-2.44883110578 -2.06005095732e-05 -5.92047651364e-26)
(-2.44867390082 -2.03754496672e-05 7.11356568369e-26)
(-2.44851857371 -2.01792327323e-05 6.23940222026e-26)
(-2.44836492428 -2.00155230283e-05 -8.68627578075e-26)
(-2.44821272539 -1.98876581493e-05 -4.23913101492e-26)
(-2.44806173987 -1.97981209656e-05 1.74180997996e-25)
(-2.44791168961 -1.97508164627e-05 -4.61067130885e-26)
(-2.44776234549 -1.97446797815e-05 -6.21944075918e-26)
(-2.44761329703 -1.97894446279e-05 5.83599738613e-26)
(-2.44746460045 -1.98585567744e-05 -4.12246520382e-26)
(-2.44731510853 -2.0010654647e-05 1.01177839804e-26)
(-2.44716701975 -2.00477485089e-05 2.08213416858e-26)
(-2.44701407615 -2.04161104662e-05 -3.14843836991e-26)
(-2.44687292453 -1.96551098808e-05 -1.96994469904e-27)
(-2.44670362299 -2.11304104895e-05 5.51954472539e-27)
(-2.44659599561 -1.21175458114e-05 5.12294887225e-26)
(-2.44643863221 -2.10239822962e-05 -5.0244873081e-26)
)
;
    }
    topWall
    {
        type            calculated;
        value           nonuniform List<vector> 
1020
(
(3.62146793453e-07 -5.15001684434e-07 3.80810750308e-27)
(3.60855663194e-07 -1.85094690697e-06 -2.96585801579e-27)
(3.56892603507e-07 -3.27476961472e-06 -1.54227687918e-29)
(3.54058914884e-07 -4.61195438622e-06 2.5542346917e-28)
(3.5086338426e-07 -5.89227661446e-06 -3.62751990826e-28)
(3.47225238437e-07 -7.15566398424e-06 1.07451629133e-28)
(3.43146714336e-07 -8.41422114443e-06 -2.29033165051e-28)
(3.38617607777e-07 -9.66038776661e-06 1.59041325022e-28)
(3.33635328238e-07 -1.0887344937e-05 -1.69722284614e-27)
(3.28211547921e-07 -1.2093485186e-05 3.15126470212e-27)
(3.22363006056e-07 -1.32786048822e-05 9.19814925913e-28)
(3.16105497438e-07 -1.44415920221e-05 -2.6235828638e-27)
(3.09452171915e-07 -1.55807223059e-05 1.60063598626e-27)
(3.02414883425e-07 -1.66943815511e-05 -1.7261614507e-27)
(2.95009772483e-07 -1.77812330391e-05 1.06549984354e-27)
(2.87259499902e-07 -1.88400746661e-05 -1.15895492287e-27)
(2.79187209474e-07 -1.98697165272e-05 3.05448281676e-28)
(2.70811347914e-07 -2.08689569661e-05 -6.60174662029e-27)
(2.62147766514e-07 -2.18366485576e-05 4.60092889664e-27)
(2.53213618033e-07 -2.27717838997e-05 9.79921616788e-27)
(2.44029146844e-07 -2.36735174313e-05 -2.18312631878e-27)
(2.34619086103e-07 -2.45410894221e-05 -2.42699915944e-27)
(2.25011132568e-07 -2.53737435099e-05 -2.54637399703e-27)
(2.15229348758e-07 -2.61707059465e-05 4.5126672684e-28)
(2.05291163345e-07 -2.69312391699e-05 6.0302339073e-27)
(1.9521266571e-07 -2.76547520851e-05 -6.08914525327e-27)
(1.85014308997e-07 -2.83408529816e-05 6.32692055977e-27)
(1.74720473193e-07 -2.89893236689e-05 -8.80455525519e-27)
(1.64356221177e-07 -2.96000084651e-05 -3.1667541466e-27)
(1.53945050084e-07 -3.01727264278e-05 2.98224255547e-27)
(1.43507384456e-07 -3.07072385821e-05 6.84988483779e-27)
(1.33061217593e-07 -3.12033021708e-05 5.26843295536e-28)
(1.22624762496e-07 -3.16607923952e-05 -3.185612818e-27)
(1.12217100965e-07 -3.20797729931e-05 -9.91277456935e-27)
(1.01856428017e-07 -3.24605201989e-05 3.20684531522e-27)
(9.15605595467e-08 -3.28034315059e-05 3.28217196648e-27)
(8.13490908561e-08 -3.31089334582e-05 -1.02494136802e-26)
(7.12417192493e-08 -3.33774195781e-05 3.2919582415e-27)
(6.12547141292e-08 -3.36092264632e-05 4.51513838318e-27)
(5.14006413752e-08 -3.38046714684e-05 1.85048416192e-26)
(4.16910960648e-08 -3.39641237825e-05 3.50158582969e-27)
(3.213880704e-08 -3.40880571792e-05 -3.5069686889e-27)
(2.2756321028e-08 -3.4177087092e-05 -3.46221316255e-27)
(1.35553991934e-08 -3.42319502382e-05 -1.05222133715e-26)
(4.5485199594e-09 -3.42534687117e-05 3.45592241986e-27)
(-4.25251939277e-09 -3.42424948331e-05 -1.05317544642e-26)
(-1.28390884331e-08 -3.41998706281e-05 -3.56323562388e-27)
(-2.12052087951e-08 -3.41264009292e-05 3.45900187094e-27)
(-2.9345087941e-08 -3.40228433345e-05 -1.04242427373e-26)
(-3.72524347011e-08 -3.38899456545e-05 -3.38774468604e-27)
(-4.49222740995e-08 -3.3728475092e-05 2.52897255833e-26)
(-5.23515880035e-08 -3.35392466974e-05 -1.03078529201e-26)
(-5.95376513101e-08 -3.3323139381e-05 1.80799316935e-26)
(-6.6476994067e-08 -3.30810802159e-05 -3.53648821513e-27)
(-7.31671546844e-08 -3.28140376233e-05 -1.00405705144e-26)
(-7.96082220745e-08 -3.25229931861e-05 3.26631663284e-27)
(-8.58025548117e-08 -3.22089133296e-05 -3.37065612673e-27)
(-9.17524791784e-08 -3.18727386871e-05 -3.22723918664e-27)
(-9.74588918608e-08 -3.1515370865e-05 -3.22450804604e-27)
(-1.02922428461e-07 -3.11376848063e-05 1.0612321758e-26)
(-1.08145176461e-07 -3.07405318126e-05 -3.15871654982e-27)
(-1.13131892238e-07 -3.03247454383e-05 1.63356426457e-26)
(-1.17889750101e-07 -2.98911426414e-05 -1.64437326184e-26)
(-1.22426538603e-07 -2.94405107541e-05 9.92584984643e-27)
(-1.26748277712e-07 -2.8973637377e-05 2.72875114439e-27)
(-1.30858925355e-07 -2.84913010859e-05 -3.09242808974e-27)
(-1.34764017487e-07 -2.79942727835e-05 -1.43528884117e-26)
(-1.38472702075e-07 -2.74833048223e-05 -1.47669177379e-26)
(-1.41995617516e-07 -2.6959127993e-05 4.93166514486e-26)
(-1.45341873797e-07 -2.64224293137e-05 -3.26147133715e-27)
(-1.48518887383e-07 -2.58738637528e-05 -8.39555563838e-27)
(-1.5153384359e-07 -2.53140428775e-05 -1.40387067474e-26)
(-1.54395096984e-07 -2.47435314857e-05 -2.58191167683e-27)
(-1.57113318339e-07 -2.41628532765e-05 -2.27903871517e-26)
(-1.59701236331e-07 -2.35724858187e-05 1.7863205373e-26)
(-1.6217100449e-07 -2.2972867244e-05 3.24120816988e-26)
(-1.64532514783e-07 -2.23643961341e-05 -1.27794655382e-26)
(-1.6679394871e-07 -2.17474367294e-05 -1.21126585109e-26)
(-1.68963653097e-07 -2.11223139825e-05 -6.47537726429e-27)
(-1.71051668402e-07 -2.04893257348e-05 -1.0889861765e-26)
(-1.73070081107e-07 -1.98487357684e-05 3.20918824105e-26)
(-1.75031716116e-07 -1.92007626245e-05 -1.84723797785e-26)
(-1.76949013724e-07 -1.85455866355e-05 1.35099175577e-26)
(-1.78833162424e-07 -1.78833424274e-05 -1.35922155025e-26)
(-1.80693917198e-07 -1.72141240854e-05 -1.71948381635e-27)
(-1.82539887147e-07 -1.6537974607e-05 -1.20064004619e-26)
(-1.84379501652e-07 -1.58549052381e-05 -1.00102404631e-27)
(-1.86221791503e-07 -1.51648861907e-05 -3.85981267242e-27)
(-1.8807669235e-07 -1.44678457198e-05 1.48971002064e-26)
(-1.89954153398e-07 -1.37636613021e-05 3.08567903284e-27)
(-1.91863723519e-07 -1.30521779682e-05 -2.54861436977e-27)
(-1.93814247978e-07 -1.23331854718e-05 3.51961222452e-27)
(-1.95813232641e-07 -1.16064368225e-05 -1.19249605587e-26)
(-1.97865438636e-07 -1.08716514815e-05 3.67562436709e-27)
(-1.99972798144e-07 -1.01284991301e-05 1.50273050852e-26)
(-2.02134693919e-07 -9.376609145e-06 -9.47638039718e-27)
(-2.04348768151e-07 -8.61557983059e-06 -1.47766261102e-27)
(-2.06607679478e-07 -7.84495633645e-06 1.13203005199e-26)
(-2.08895853549e-07 -7.0642560773e-06 -7.36782895188e-27)
(-2.11182869062e-07 -6.27292386732e-06 3.59852046309e-27)
(-2.13409780603e-07 -5.47037186818e-06 -1.24896005882e-27)
(-2.15413930799e-07 -4.65598689743e-06 -3.08424551769e-27)
(-2.17444155891e-07 -3.82896139445e-06 -3.97232222165e-28)
(-2.17092758142e-07 -2.98756765366e-06 6.83260840794e-28)
(-2.20952820969e-07 -2.1331451471e-06 3.16502558861e-28)
(-2.01511252332e-07 -1.24860432663e-06 -7.69864255743e-28)
(-2.37138479868e-07 -3.39197762856e-07 4.8208590866e-28)
(-2.46368766673e-07 4.58437201542e-07 -6.38483045423e-28)
(-2.50999303326e-07 1.40823604018e-06 1.48157413964e-27)
(-2.57768829209e-07 2.35101964736e-06 -2.52502449437e-28)
(-2.64008492221e-07 3.30523692387e-06 -9.20042328251e-28)
(-2.69636248333e-07 4.27872011576e-06 -1.16718793712e-27)
(-2.75371651378e-07 5.2734871909e-06 4.99950861242e-28)
(-2.81554039435e-07 6.29033765072e-06 7.22662652669e-27)
(-2.88201869821e-07 7.33028877394e-06 -1.31798682459e-27)
(-2.95236316824e-07 8.39465286849e-06 -1.3293618873e-27)
(-3.02604749128e-07 9.484837777e-06 -6.11495076206e-27)
(-3.10305412348e-07 1.06022481246e-05 -3.50566506959e-27)
(-3.18364921188e-07 1.17482616714e-05 1.91555949223e-27)
(-3.26815926583e-07 1.29242621223e-05 1.33761568188e-26)
(-3.35685771644e-07 1.41316691783e-05 -2.17056095614e-26)
(-3.44995893149e-07 1.53719922316e-05 1.52290615277e-26)
(-3.54763115049e-07 1.66468319095e-05 -3.62348853885e-27)
(-3.64995524071e-07 1.79578676273e-05 2.00957724116e-26)
(-3.75708443241e-07 1.93068370673e-05 -2.1848577346e-26)
(-3.8693236016e-07 2.06955507978e-05 -4.94063996485e-27)
(-3.98689074949e-07 2.212588898e-05 -7.07548754247e-27)
(-4.10986528426e-07 2.3599814982e-05 2.53795431857e-26)
(-4.23841711272e-07 2.51193585042e-05 -6.7488085843e-27)
(-4.372882085e-07 2.66866237209e-05 2.99674271987e-26)
(-4.51360242166e-07 2.83037956108e-05 -2.9927430472e-26)
(-4.66080838122e-07 2.99731620263e-05 -8.60710564544e-27)
(-4.81467174375e-07 3.16971071434e-05 -7.49029817105e-27)
(-4.97541307753e-07 3.34781166097e-05 3.42603146571e-26)
(-5.14333789446e-07 3.53187667753e-05 -2.23363385859e-26)
(-5.31879925859e-07 3.72217397139e-05 5.75926195468e-26)
(-5.50214381731e-07 3.91898195848e-05 -1.13189378498e-25)
(-5.69370380778e-07 4.12259163888e-05 -1.22588331504e-26)
(-5.89379114277e-07 4.33330642203e-05 9.94523394323e-26)
(-6.10267575456e-07 4.55144343213e-05 -8.75956164365e-27)
(-6.32109604082e-07 4.7773299426e-05 -1.28972876032e-26)
(-6.54813057557e-07 5.01132838485e-05 7.78083406377e-26)
(-6.78468144528e-07 5.25378533898e-05 -7.6836382475e-27)
(-7.03168822423e-07 5.5050731519e-05 -1.58877751009e-25)
(-7.28967088024e-07 5.7655825093e-05 -1.68050566493e-26)
(-7.55912457009e-07 6.0357229148e-05 1.38382703975e-25)
(-7.84056185699e-07 6.31592247068e-05 -1.23194163781e-26)
(-8.13452374962e-07 6.60662875749e-05 -7.69013171607e-26)
(-8.44158252536e-07 6.90830909061e-05 1.65774127242e-25)
(-8.76234598553e-07 7.2214537386e-05 -1.09191805165e-26)
(-9.09745794104e-07 7.54657496026e-05 -2.17526436656e-25)
(-9.44760101513e-07 7.88420953848e-05 4.75536768033e-26)
(-9.81349758605e-07 8.23491982185e-05 1.18311278474e-25)
(-1.01959147165e-06 8.59929598309e-05 -1.69129250387e-26)
(-1.05956662931e-06 8.97795607097e-05 -2.44537357313e-26)
(-1.10136168931e-06 9.37154979164e-05 -2.04904367898e-26)
(-1.14506831411e-06 9.78075848956e-05 -2.23102376385e-26)
(-1.19078382546e-06 0.00010206299054 -3.09774231759e-26)
(-1.23861153443e-06 0.000106489240596 -2.65789143473e-26)
(-1.28866145998e-06 0.000111094260847 1.59364433853e-25)
(-1.34105077292e-06 0.000115886387197 -2.29179048554e-26)
(-1.3959045176e-06 0.000120874401944 -2.50373777978e-26)
(-1.45335608021e-06 0.000126067556376 -3.56049715964e-26)
(-1.51354801685e-06 0.000131475613814 3.18021392471e-25)
(-1.57663266448e-06 0.000137108869754 -3.89573344485e-25)
(-1.64277313696e-06 0.000142978198509 2.15613342247e-25)
(-1.7121441216e-06 0.000149095089114 -3.76326796782e-26)
(-1.78493300386e-06 0.00015547169835 -3.08595742319e-26)
(-1.86134084e-06 0.000162120887621 1.10380850271e-25)
(-1.94158374048e-06 0.000169056285101 2.55417753608e-25)
(-2.02589411643e-06 0.000176292334538 -4.87480879986e-25)
(-2.11452236078e-06 0.00018384436395 -5.59358343386e-26)
(-2.20773846287e-06 0.000191728653564 -4.80124572791e-26)
(-2.30583410645e-06 0.000199962512874 4.63779976459e-25)
(-2.40912465602e-06 0.000208564354298 -3.37960516669e-26)
(-2.51795171929e-06 0.000217553797748 -3.72635678717e-26)
(-2.63268566989e-06 0.000226951754126 -2.7247355414e-25)
(-2.7537288579e-06 0.000236780561999 -5.50580525184e-26)
(-2.88151887501e-06 0.000247064078195 -7.60657837947e-26)
(-3.01653253696e-06 0.000257827834803 6.16334274957e-25)
(-3.15929016108e-06 0.00026909919075 -4.09642744741e-26)
(-3.3103606799e-06 0.000280907486895 -1.05638571189e-24)
(-3.47036718519e-06 0.000293284241099 6.80717226873e-25)
(-3.6399935244e-06 0.000306263361322 -8.78726683791e-26)
(-3.81999157429e-06 0.000319881370212 -7.46995261874e-26)
(-4.01118992811e-06 0.000334177680778 7.80749226092e-25)
(-4.21450356155e-06 0.000349194879744 -4.93212307494e-26)
(-4.43094539626e-06 0.000364979079343 -5.49673574122e-26)
(-4.66163927251e-06 0.000381580279042 -1.09601926643e-24)
(-4.90783545271e-06 0.000399052809558 -1.15534952864e-25)
(-5.17092845131e-06 0.000417455822587 9.52247281603e-25)
(-5.45247827486e-06 0.000436853858237 -8.51796815177e-26)
(-5.75423514224e-06 0.00045731747144 -1.33485893453e-24)
(-6.07816906111e-06 0.000478924005836 1.94854879899e-24)
(-6.42650480981e-06 0.000501758427933 -7.40374832412e-26)
(-6.80176399288e-06 0.000525914347426 -1.51095614901e-24)
(-7.206815423e-06 0.000551495169386 -1.625088444e-25)
(-7.64493634329e-06 0.000578615471757 1.31859985764e-24)
(-8.11988675448e-06 0.000607402612339 -6.58855280268e-25)
(-8.63600091345e-06 0.000637998638674 1.49218722236e-24)
(-9.19829980294e-06 0.000670562570683 -8.86340643349e-26)
(-9.81263145624e-06 0.000705273128831 -1.00291334128e-25)
(-1.04858466925e-05 0.000742332023844 -2.1340665033e-24)
(-1.12260221668e-05 0.000781967973538 -2.36921189465e-25)
(-1.20427448867e-05 0.000824441607407 1.14056107493e-24)
(-1.29474799778e-05 0.000870051555354 5.68932456319e-25)
(-1.39540510067e-05 0.000919142015468 -1.87385354987e-25)
(-1.50792756444e-05 0.00097211231739 -2.74602484957e-25)
(-1.63438179933e-05 0.00102942909272 2.50558411645e-24)
(-1.77733499652e-05 0.001091642012 -3.08601297003e-24)
(-1.94001570958e-05 0.00115940433898 -1.34709332437e-24)
(-2.1265410315e-05 0.00123350022103 2.80448679083e-24)
(-2.34224140395e-05 0.00131488165784 -2.47205524451e-25)
(-2.59414678754e-05 0.00140471899918 -2.83550233486e-25)
(-2.89169457361e-05 0.0015044732604 2.93820375659e-24)
(-3.24792259672e-05 0.00161599572183 -1.2711456776e-25)
(-3.68105154862e-05 0.00174169046896 -4.97597704549e-24)
(-4.21827281285e-05 0.00188471031136 -5.9814413155e-25)
(-4.89800787909e-05 0.00204944140956 3.79641828496e-24)
(-5.78935515372e-05 0.00224169165942 6.34074532195e-25)
(-6.96805947557e-05 0.0024711656549 -1.51133020817e-24)
(-8.67810512084e-05 0.0027488245475 6.82626755894e-24)
(-0.00011033910901 0.00310707594326 2.59166853651e-25)
(-0.000157152625865 0.003667413763 -8.66766018412e-24)
(-0.000236234950023 0.00421225493767 1.02275130645e-24)
(-0.00041843929325 0.00587228386714 -9.49184056971e-25)
(-0.000825148059651 0.00591082420962 -1.88622792521e-24)
(-0.0012926695404 0.0020567362889 3.14329459364e-24)
(-0.00163079010876 -0.000260655374315 -2.50742925465e-23)
(-0.00189122588858 -0.00339428257186 1.21499860163e-22)
(-0.00201642788593 -0.00570532369726 -5.13497456187e-23)
(-0.00199400228878 -0.00790394997021 -9.38283370198e-23)
(-0.00195843157911 -0.0102847126136 -1.05540313098e-21)
(-0.00194674544497 -0.0126494799749 -1.33383221218e-21)
(-0.00192703939965 -0.0151246074419 -9.85269234589e-22)
(-0.00190454929276 -0.0176950886819 -9.34917765895e-22)
(-0.00187277989806 -0.0204379511962 1.08725104571e-21)
(-0.0018679133434 -0.0233770857584 6.84587259334e-21)
(-0.00174966879221 -0.0264150086563 -3.35241375833e-21)
(-0.00155608664835 -0.0295139998291 -4.11846981141e-21)
(-0.00138754265649 -0.0328470595159 -5.96846012423e-21)
(-0.00129968152379 -0.0364603403296 -1.74670119045e-21)
(-0.00129791070539 -0.0402720901409 2.24419949388e-21)
(-0.00134608079459 -0.0443202809708 6.02157737066e-21)
(-0.00143397741878 -0.0485119074008 -2.51054944833e-21)
(-0.00155077815167 -0.0530314662051 -6.70708454204e-21)
(-0.00169357873864 -0.0577074172574 3.44422819142e-21)
(-0.0018786419579 -0.0632002268665 9.42491746074e-22)
(-0.00213795527838 -0.0689520331217 -6.31380524883e-21)
(-0.00256602012722 -0.0730248868499 1.70191229126e-20)
(-0.00356139420174 -0.0738041693839 -1.05631647129e-20)
(-0.00539833447373 -0.0711674994474 5.75978647916e-22)
(-0.00808157827634 -0.0657695178757 5.05794012481e-21)
(-0.00806681905514 -0.0566934023745 1.39538887156e-20)
(-0.00705761659548 -0.0486933936571 1.29693693471e-21)
(-0.00606097991026 -0.0428158638039 -2.06835872458e-21)
(-0.005232569796 -0.0387756002652 7.39821130617e-21)
(-0.00461308458961 -0.0361571150956 -1.47203216988e-21)
(-0.00420051837856 -0.0345420591846 2.52427270003e-21)
(-0.00395139617739 -0.033603820183 2.35474695439e-21)
(-0.00381039671086 -0.0331841250996 5.93477438987e-22)
(-0.00372912677549 -0.0329868492404 -6.24863473952e-21)
(-0.0036883445137 -0.0330245090332 4.04820331977e-21)
(-0.00366482367598 -0.0330595109889 -3.94355089118e-21)
(-0.00365944533349 -0.0332438873784 2.28030500628e-21)
(-0.00365499277334 -0.0333465357841 1.42481766245e-21)
(-0.00366071407354 -0.0335733699153 -3.85014426608e-22)
(-0.00366026354049 -0.0336891710086 3.1570305344e-21)
(-0.0036700006538 -0.0339197631465 1.05619916785e-20)
(-0.00365645899321 -0.0340258521163 6.47987162969e-21)
(-0.00361841864709 -0.0341931207958 -1.99950290005e-21)
(-0.00357036769899 -0.034272696261 6.82719773285e-21)
(-0.00352049785712 -0.0344025249455 3.12417150554e-21)
(-0.00347086742143 -0.0344847053595 2.0221038545e-21)
(-0.00342473327601 -0.0345636447481 -1.42965603593e-21)
(-0.00337858590878 -0.0346429939875 -1.79066979296e-21)
(-0.003331912545 -0.034665444473 1.98393146191e-21)
(-0.00328520777158 -0.0347427487936 2.93168239734e-21)
(-0.00323752750706 -0.0347245067067 -1.1394123076e-21)
(-0.00319285806046 -0.0348040930245 -1.04998011264e-20)
(-0.00314536595183 -0.0347499066665 -1.02755657518e-20)
(-0.0031026084284 -0.0348178971766 1.73952715351e-20)
(-0.00305499923125 -0.0347338953397 8.55266522614e-21)
(-0.00301275775781 -0.034784633044 -1.65001748876e-20)
(-0.00296394362233 -0.0346842991891 -9.00549881194e-21)
(-0.00292181633838 -0.0347139490249 8.43357937666e-21)
(-0.00287335837057 -0.0346094545033 1.4677819165e-20)
(-0.00283096273625 -0.0346103812964 5.92326011765e-21)
(-0.00278196514844 -0.0345140483467 -2.05966731839e-21)
(-0.00273718377585 -0.0344806746641 4.10125327512e-20)
(-0.00269205118621 -0.0344120693101 3.7438766262e-20)
(-0.00264915183025 -0.0343338597771 -2.38916325884e-20)
(-0.00260950734932 -0.0342864836977 -1.15923108354e-20)
(-0.00256558066149 -0.0341557782534 -3.55425957601e-20)
(-0.00252805881518 -0.0341147692693 -3.79982348712e-20)
(-0.00248146064438 -0.0339334711533 7.62009562472e-20)
(-0.00244463413815 -0.0338867237369 2.29544599654e-20)
(-0.00239553433001 -0.0336629163885 1.0424670772e-20)
(-0.00235868109564 -0.0336003589035 -3.78036414499e-21)
(-0.00230792772476 -0.0333444471618 2.42813795796e-20)
(-0.00227042238167 -0.0332555951992 7.41796604421e-21)
(-0.00221912869027 -0.0329792146571 -2.73378723093e-20)
(-0.00218025308062 -0.0328535958598 6.4973019015e-20)
(-0.00212946401702 -0.0325670680582 -2.84252694603e-20)
(-0.0020882588474 -0.0323902903145 -2.64143753224e-20)
(-0.00203936807538 -0.0321063510658 -2.00324808342e-21)
(-0.00199517549325 -0.0318666763248 2.33531394011e-20)
(-0.00194969618994 -0.0315971799899 9.04367379838e-21)
(-0.00190242842635 -0.031284637503 1.45666031615e-20)
(-0.00186110162653 -0.0310288233806 7.89336088046e-20)
(-0.00181185102218 -0.0306476962114 -5.80218301502e-20)
(-0.0017741411537 -0.0303917618303 -4.8824459554e-20)
(-0.00172432371712 -0.0299495834753 -5.01533792492e-20)
(-0.00168945600976 -0.0296780496085 -1.93434515718e-19)
(-0.00163628563863 -0.0291782357212 -2.78101044259e-20)
(-0.00159311942185 -0.0288649725152 5.05980973262e-20)
(-0.00152906015207 -0.0283095894995 1.15329099128e-19)
(-0.00147407258445 -0.0279372364375 4.01264262336e-20)
(-0.00139911557415 -0.0273346441325 8.88037073581e-20)
(-0.00133072221656 -0.026884839387 -4.58130590592e-20)
(-0.00124480474237 -0.0262459423529 1.73434367549e-19)
(-0.00116114268293 -0.0257041306155 3.91739584158e-20)
(-0.00106442961859 -0.0250469083269 4.10678263198e-20)
(-0.000963146726459 -0.0244014113772 1.71999150419e-20)
(-0.000845653598239 -0.0237495868425 -1.28786029265e-19)
(-0.000768188803407 -0.0230822868928 -3.006430757e-20)
(-0.000532258065941 -0.0222531685793 -3.92572694589e-21)
(-0.000144787626872 -0.0211853740515 -1.67062344537e-20)
(0.000325718551864 -0.0201532946448 2.97134409292e-21)
(0.000700444017167 -0.0191033859941 4.02377628506e-21)
(0.000890641943683 -0.0183557890055 2.48135452399e-21)
(0.00105853035149 -0.0173165873978 -2.66770621342e-21)
(0.00124443754345 -0.0163697946405 1.22025611595e-21)
(0.0013732480356 -0.0152315228079 2.60527949429e-21)
(0.00135538032929 -0.0143753246904 -8.93728367174e-21)
(0.00129566329491 -0.0133156521241 -9.87890651463e-21)
(0.00120986093302 -0.0124944883053 2.09163504385e-21)
(0.00124165505046 -0.0112296524969 3.50360333077e-20)
(0.0019033768552 -0.00784511099863 -7.45909691519e-20)
(0.00141655841426 -0.0132869934954 -2.32004720879e-20)
(0.00115187451877 -0.00577123480986 8.92658854528e-21)
(0.00112926278721 -0.00818980627153 2.4323231481e-20)
(0.0010005380616 -0.00794147386266 9.2098278704e-21)
(0.000952143286504 -0.0078056243519 -6.19207877043e-22)
(0.000959566233208 -0.00798131643919 -7.98006122097e-21)
(0.00095916483998 -0.0081234773039 5.10087531966e-21)
(0.000955911031908 -0.00825233536422 6.34299903271e-21)
(0.000945190335318 -0.00832952466453 9.71931890703e-21)
(0.000935750989298 -0.00839885020288 -6.7313621827e-21)
(0.000918645475983 -0.00841252964748 1.5406819827e-20)
(0.000898397721365 -0.00840462708235 -2.40565941865e-21)
(0.000876875786408 -0.00838537583124 -2.62651610592e-21)
(0.000848121746971 -0.00832688406401 8.61417404159e-22)
(0.000820057112497 -0.00827936823621 6.15065649909e-21)
(0.000779759823561 -0.00817163731667 -1.51920443633e-21)
(0.000778212717446 -0.00803041656984 -7.18638351126e-21)
(0.000802286792461 -0.00789826535263 -9.33394601727e-21)
(0.000830225707574 -0.00774590739132 9.91343926626e-21)
(0.000858088765886 -0.00761665909719 1.38874000229e-20)
(0.000888672903693 -0.00742871857063 -8.34807130702e-21)
(0.000918063104281 -0.00720080937418 -1.60830468089e-20)
(0.000945492291692 -0.00696344000303 9.51346176902e-21)
(0.000974507088057 -0.00671296807063 -4.68035866796e-21)
(0.00100308666542 -0.00652690586235 1.61322693736e-21)
(0.00103651289332 -0.00633743029545 6.31326920736e-21)
(0.00107185833365 -0.00614140488653 5.00677294217e-21)
(0.00110653202236 -0.00591906500502 4.93211308849e-21)
(0.00114099286657 -0.00562226030523 1.02914236524e-20)
(0.0011707215327 -0.00532616633015 1.92962739636e-21)
(0.00120074706232 -0.00500311151431 -8.90902604557e-22)
(0.00123072829616 -0.00471486932122 -7.31516825056e-21)
(0.00126169315108 -0.00447520081509 1.31349727951e-20)
(0.00129693271825 -0.00423035018732 -2.12646924807e-21)
(0.00133196106269 -0.00401241315943 3.12623384591e-21)
(0.00136927829072 -0.00373846024874 9.42508741569e-21)
(0.001405382143 -0.00343418259849 -5.42318069647e-22)
(0.00143889076554 -0.00311062615368 -6.97707836797e-21)
(0.0014723611098 -0.00274519586112 -1.02678194035e-20)
(0.00150249474795 -0.00242119568471 4.85754941103e-21)
(0.00153426683889 -0.00208893653608 -1.12710299287e-20)
(0.0015672869924 -0.00178149353181 -1.47795712837e-20)
(0.00160146548319 -0.00150545784547 6.14341867135e-21)
(0.00163938226306 -0.00120898549242 2.01513787885e-20)
(0.00167679567235 -0.000939291948928 -5.60257595148e-21)
(0.00171683970889 -0.000621843018366 -1.52053424145e-21)
(0.00175682910034 -0.000292460920988 -1.71722407538e-20)
(0.00179592332409 3.01729743391e-05 1.33409007643e-20)
(0.0018370001295 0.000388279501786 1.32506076576e-20)
(0.00187753869629 0.000681795110006 2.40498695934e-21)
(0.00192260898102 0.000985902749483 -1.51512392752e-20)
(0.00196738227706 0.00126583803801 3.65872731342e-21)
(0.00200810195769 0.0015140346036 8.43270539869e-21)
(0.00204687651421 0.00176702618648 -8.061767666e-21)
(0.00208010539097 0.0019871565308 -8.63759551529e-22)
(0.00211337822395 0.00223661059241 4.0756217801e-21)
(0.0021468242071 0.00249016555956 -6.93634578602e-22)
(0.00218301136309 0.00274221222996 -5.69502570153e-21)
(0.00222804852316 0.00301640985526 -4.35892924332e-21)
(0.00227549347975 0.00325216463334 -6.45082752361e-21)
(0.00232232430886 0.00350052036215 9.46161055005e-21)
(0.00236517553416 0.00370709540952 3.54106981824e-21)
(0.0024097150314 0.00390427482235 -1.02108094117e-20)
(0.00246811377724 0.00404322597795 5.46405740771e-21)
(0.0025160579082 0.00428485161311 -4.88099678584e-21)
(0.00253270940649 0.0045185115174 6.31676409686e-21)
(0.00255590094289 0.00472120720564 -3.0835071503e-22)
(0.00255466161167 0.0049627727084 -1.8135425053e-21)
(0.00255008219196 0.00527701088562 2.06821212388e-21)
(0.0025614814527 0.00560114510526 -4.23497686104e-21)
(0.00260240215199 0.00595087664104 -1.22222876052e-21)
(0.00266525085459 0.00626922328667 4.23351701859e-21)
(0.00273208754386 0.00656339411444 7.01739627291e-22)
(0.00279106230706 0.0068753758266 -2.10696136979e-21)
(0.00283564530849 0.00717838551202 2.34308472603e-21)
(0.00287453438813 0.00753220655014 1.00842944641e-21)
(0.0029161545163 0.0079022125711 -3.22808775536e-22)
(0.00296574146269 0.00827527243451 -1.31920502299e-21)
(0.00302688577095 0.00866533346052 -6.89050249749e-22)
(0.00309511590978 0.00903353401414 -6.86552755271e-22)
(0.00317068368068 0.00943175525978 5.12838250747e-22)
(0.00325067997291 0.00983201380272 -3.19422530211e-22)
(0.00333261561083 0.0102285070594 2.65897416124e-22)
(0.00341809394093 0.0106450121618 -3.62405269052e-22)
(0.00350467718584 0.0110497333364 4.36077650769e-23)
(0.00359724210565 0.0114927902507 4.08796242748e-22)
(0.00369659105491 0.0119469591083 -3.72002750761e-22)
(0.00380173747871 0.0124060008766 -3.21539347952e-22)
(0.00391422556339 0.0128943604863 -1.25576543763e-21)
(0.00403017850147 0.0133815368245 2.00358195224e-21)
(0.00415390735621 0.0139183638727 -6.32108777311e-23)
(0.00428428506535 0.0144867866159 -1.19803718966e-21)
(0.00441761569624 0.0150843466667 2.97127426912e-21)
(0.00454961618495 0.0157414226981 -1.54150418582e-21)
(0.00467931766775 0.0164467839634 1.27528989383e-23)
(0.00477411476054 0.0172510384079 6.84879546815e-22)
(0.00482874741237 0.0181346149558 1.04880854551e-21)
(0.00485776304599 0.0190729378032 -2.09318690242e-21)
(0.00491910558229 0.0200436098117 1.38450033761e-21)
(0.00508703008203 0.020951425728 -2.12358988851e-21)
(0.00542924376695 0.0217709554579 -1.85723504094e-21)
(0.0059697423505 0.0224654775364 -2.01032991974e-21)
(0.00667069758101 0.0230796890101 -1.81663756583e-21)
(0.00764519833228 0.0237625073406 3.09623140865e-22)
(0.00783020426431 0.0242200741109 9.4931730209e-22)
(0.00778372366417 0.0247098914348 -1.67463562447e-21)
(0.00763911751975 0.0252986520693 -1.7743342639e-21)
(0.00744697835515 0.0260337085735 -2.08278791358e-21)
(0.00724515989894 0.0269547376384 5.78178197508e-22)
(0.00706635628422 0.0280156346232 -2.37003165734e-21)
(0.00692882298913 0.0292223034539 -1.81063120923e-23)
(0.0068566385141 0.0305168320221 -7.55845834571e-22)
(0.00687238132835 0.0318403691168 1.54710070084e-21)
(0.00698890802601 0.0331319926706 1.65060069322e-21)
(0.00719266607112 0.034286932008 -2.17068986483e-21)
(0.007437485053 0.0352791068891 6.7216327163e-23)
(0.00766537374083 0.0360954791107 1.66079051771e-21)
(0.00782773866112 0.0367885586933 -6.11928780237e-21)
(0.00790170357891 0.0374406066322 3.76971249562e-21)
(0.00788819588625 0.0380858582693 -6.25539073077e-21)
(0.00780172466846 0.0387988983493 1.56713261562e-21)
(0.00766555723561 0.0396122367108 6.21566706699e-21)
(0.00750448061905 0.0405534879947 -3.36801344161e-21)
(0.00734390730165 0.0416401937772 5.47022257866e-21)
(0.00720543873388 0.0428420083008 -9.52861577074e-21)
(0.00710234929881 0.044162505965 5.48591199551e-21)
(0.00704240765553 0.0455565801134 2.42592001608e-21)
(0.00702519959372 0.0469821841488 -2.45856530017e-21)
(0.00704380160367 0.0484186149004 -7.97739509569e-22)
(0.00708655666573 0.0498275648778 4.12793757884e-21)
(0.00714094480549 0.0512163147677 2.17235007825e-21)
(0.00718187331678 0.052568271729 -7.40870208891e-21)
(0.00725971978245 0.0539063355602 2.62034459877e-22)
(0.00707856177794 0.055153015185 4.30671266164e-21)
(0.00674345792055 0.0563378538295 -1.18617869883e-21)
(0.00635502756428 0.0575300115401 2.93598479571e-21)
(0.00596397331108 0.0587511164404 -2.62371952565e-21)
(0.0055937603038 0.0600152170123 -5.20449191667e-21)
(0.00524994140859 0.0613378902775 4.25382082644e-21)
(0.00494050399986 0.0627107501351 3.9291354279e-22)
(0.00466253803775 0.0641400701327 -1.0512821173e-21)
(0.00441251306428 0.0656144002338 -4.34005923805e-21)
(0.00418859186492 0.0671300768969 1.91050423645e-21)
(0.00398536588699 0.0686867500923 -1.93192716952e-21)
(0.00380160946352 0.0702648719617 3.66027347806e-21)
(0.0036320690284 0.0718694208246 -1.28188046937e-22)
(0.00347277665016 0.0734946027001 -2.64627931656e-21)
(0.00332359136274 0.0751298525143 2.76698725315e-21)
(0.00318264183755 0.0767741087809 -2.34778373825e-21)
(0.00304805342485 0.0784299738873 1.72783647097e-21)
(0.00291535197001 0.0801149256858 -1.44294991831e-21)
(0.00278324383973 0.0818258883003 2.33406823843e-21)
(0.00265449885587 0.0835533374052 -2.04364849421e-21)
(0.00252908051648 0.0853021099017 3.79187331562e-23)
(0.00240678246198 0.0870765805916 -3.03878409394e-22)
(0.00228704090407 0.0888809569889 3.75304655735e-22)
(0.00216923910271 0.0907155408669 6.97858018192e-22)
(0.00205418279865 0.0925783340736 -1.14387647177e-22)
(0.00194107579027 0.0944717074694 -1.55581326234e-22)
(0.00182992851001 0.0963957521324 -3.62422899152e-22)
(0.00172064320564 0.0983507783525 1.09736683265e-22)
(0.00161265322093 0.100338027169 2.49957674068e-22)
(0.00150652563247 0.102356572914 2.49136046667e-22)
(0.00140132407513 0.104408670823 -4.53758894316e-23)
(0.00129723313986 0.106493787136 -1.7164554024e-22)
(0.00119553316936 0.10860042657 -6.34007930517e-22)
(0.00109549035002 0.110732330697 2.73441846795e-22)
(0.000996412017627 0.112892810499 -4.05066361471e-22)
(0.000896911200312 0.115081120666 1.27904318065e-21)
(0.000796810294146 0.117297279592 -1.26051302577e-21)
(0.000696752727105 0.119534148955 9.97309982962e-22)
(0.000596076751082 0.121798880537 -2.61843880857e-22)
(0.000495080551725 0.124090170284 -4.09454337707e-22)
(0.000393481499931 0.126409395994 3.72065519898e-22)
(0.000291142247736 0.128763541933 -1.98384519088e-22)
(0.000188534079497 0.131139505705 1.05546258743e-23)
(8.49158289552e-05 0.133547484239 9.54827049487e-22)
(-1.90158191723e-05 0.135981485745 5.37991252458e-22)
(-0.000122939977246 0.138433887168 2.05936579305e-21)
(-0.000227714312392 0.140918771265 -1.48472927748e-21)
(-0.000333845602422 0.143431450551 8.68889238074e-22)
(-0.000442081904235 0.145981288843 -1.7739660349e-21)
(-0.000551182059792 0.148553156715 -1.1656054952e-21)
(-0.000660492109035 0.151138337748 3.26406975069e-22)
(-0.000771089787236 0.153758322261 -1.43312465926e-21)
(-0.000882635204242 0.156397747252 2.69939082853e-21)
(-0.000995677787153 0.159065736241 -3.02155764703e-21)
(-0.00111020944999 0.161759407482 -1.17123987811e-21)
(-0.00122622419456 0.164473886333 -1.06318601163e-21)
(-0.00134432017652 0.167222722645 -2.4591463945e-21)
(-0.00146333836136 0.169981109302 -3.5559799814e-22)
(-0.00158409224218 0.172766557808 6.05444971833e-22)
(-0.00170666646933 0.175576966118 1.47724265537e-21)
(-0.00183076217658 0.178402449031 -6.56401414758e-22)
(-0.00195748717775 0.181264315615 -1.19063058029e-21)
(-0.00208572923894 0.18413796467 -3.41786330456e-22)
(-0.00221613604282 0.187042070614 4.03386811461e-21)
(-0.00234807498288 0.189973446573 -9.10667326069e-22)
(-0.00248082254993 0.192918009274 5.22797972809e-21)
(-0.00261605582698 0.195896061026 2.15788573679e-21)
(-0.00275235822457 0.198876951476 -3.7801222938e-22)
(-0.00289084627102 0.201882462442 -4.01320423202e-21)
(-0.00303126077181 0.204905561368 -2.32899749438e-22)
(-0.00317312479332 0.207932914314 -7.46070070148e-21)
(-0.0033178595858 0.210992176014 5.54913132442e-21)
(-0.00346417985739 0.214052929361 -4.62361409939e-22)
(-0.00361343016785 0.217140504158 -6.61873325274e-21)
(-0.0037652220799 0.220246905236 -2.68387304312e-21)
(-0.00391920158376 0.2233616123 1.63154606725e-21)
(-0.00407704955482 0.226518787232 1.97037160796e-21)
(-0.00423757456728 0.229688843943 -7.2644821916e-21)
(-0.00440266287793 0.232906385692 5.83728060025e-21)
(-0.00457252977751 0.236171089917 -2.38568442795e-21)
(-0.00474790092749 0.239485994751 -2.90803781455e-21)
(-0.00493217767507 0.24290985787 2.3621193431e-21)
(-0.00512658555848 0.246446180388 2.44022421652e-21)
(-0.0053366470335 0.250191502853 -2.36557924369e-22)
(-0.00556691271277 0.254243427424 -6.4519612337e-21)
(-0.00581226839515 0.258767768525 -5.26207289081e-21)
(-0.00604208770625 0.263710393947 4.04221289647e-21)
(-0.00621028908245 0.268343172167 -3.52384898215e-21)
(-0.00624775251863 0.271833953391 8.19874593098e-21)
(-0.00605621439658 0.273493117771 3.36105208022e-21)
(-0.00550522156776 0.272773299522 -2.74993693797e-21)
(-0.00441645988282 0.269289820446 2.24528234111e-21)
(-0.00259803685146 0.262842101363 7.94916677148e-21)
(0.000121646228628 0.25382544362 -6.96848217261e-21)
(0.00388789178003 0.243655066121 4.30641411684e-21)
(0.00866675432262 0.232335518089 -1.70680853277e-20)
(0.0135685417916 0.216123443974 7.22885541867e-21)
(0.016934680765 0.195794478159 -1.48640983419e-21)
(0.0171579632364 0.172507672252 -3.85618634927e-21)
(0.0137510861963 0.150408535937 1.35799150841e-21)
(0.00808680233137 0.127314567832 -2.21799690597e-22)
(0.00315581110943 0.115234494565 4.36786317373e-21)
(0.000891227903095 0.110455023955 -1.23648102445e-21)
(0.000930089182598 0.108289429408 -1.47203101354e-21)
(0.0026898524792 0.106924679614 -3.66083248551e-21)
(0.0053110129668 0.104094992531 -5.20352749333e-21)
(0.00669248405652 0.0964531821475 2.408343387e-21)
(0.00763408962058 0.0847107777278 -3.22155697299e-21)
(0.00240034727747 0.0814700787055 7.70186461642e-21)
(0.000190277835969 0.080803725618 -5.50628650526e-21)
(-0.00146485113454 0.0825974641468 -2.65204688206e-21)
(-0.00211782771906 0.0858613096287 3.52432202399e-21)
(-0.00202834346224 0.0889037531234 4.0304071582e-22)
(-0.00129157713802 0.0907104114503 -4.09127029779e-21)
(-8.19268208723e-08 0.0910471164079 2.26972897169e-21)
(0.00141091583202 0.0898870487827 -1.47947958191e-22)
(0.00230138409267 0.087623077246 -1.56120170384e-20)
(0.00245734004475 0.0849612890675 -3.98215935579e-21)
(0.00204492957646 0.0826290253169 -5.67497396098e-22)
(0.00146777915362 0.080902414743 -9.62028690371e-21)
(0.00105491350429 0.0796701768731 -3.96008871838e-22)
(0.000890325777908 0.0787273228572 -4.81332083033e-21)
(0.00096048891908 0.0777456332886 1.23580212011e-20)
(0.00112404425446 0.0766041488428 -1.73184893342e-20)
(0.00120828596305 0.0752969368647 1.53310879589e-21)
(0.0012066939664 0.0739281454791 -3.35192359354e-21)
(0.00113839016034 0.0726658744034 1.28296719205e-20)
(0.00109756888369 0.0714721157942 -2.11951260543e-21)
(0.00112688632654 0.0703282217375 1.18117711847e-20)
(0.00120953192578 0.069110201739 2.64031024927e-21)
(0.00126280775652 0.067747180027 -3.88692881202e-21)
(0.00118576410225 0.0663775895235 2.18863619368e-21)
(0.000968784370881 0.0651154182856 1.01139775017e-20)
(0.00067376357351 0.0641643608541 6.83954497828e-21)
(0.000416573393179 0.0635273557191 -5.75403775745e-21)
(0.000280828924595 0.063079541063 -4.81979761847e-21)
(0.000277234894409 0.0627238743357 2.83148199271e-21)
(0.000385142538761 0.062245148679 -5.68588891115e-21)
(0.000533491920536 0.0615899309375 -1.05835426036e-20)
(0.000592106162932 0.0606146690349 5.28736280705e-21)
(0.000461275622841 0.0597770863921 -5.41520361209e-21)
(0.000453199602218 0.0588509633785 -2.81204871173e-21)
(0.000272255252408 0.0580614210882 -2.85707726647e-21)
(2.08974015479e-05 0.0573528202823 -1.85335260434e-21)
(-0.000331694785113 0.0573228054687 -6.60681333073e-21)
(-0.00033471733583 0.0571747953378 3.27860237725e-21)
(-0.000459016187122 0.0572041655897 4.04155183171e-21)
(-0.000464032135403 0.0571676202719 -6.95081643808e-21)
(-0.0004854024532 0.0570552371555 -4.32700562851e-21)
(-0.000554070178923 0.0569306035736 7.9875771249e-23)
(-0.000627248291442 0.0567974555461 1.39880187029e-21)
(-0.000722929571066 0.0567571969323 2.5772124855e-22)
(-0.000810143218029 0.0567280377791 -5.95836457199e-21)
(-0.000889962362395 0.0567509987778 -5.37391599768e-21)
(-0.000964103687738 0.056796267197 4.98517767795e-21)
(-0.00103163269982 0.0568375247278 6.26845281614e-21)
(-0.00109745828089 0.0569270829809 5.21237003773e-22)
(-0.00115572285303 0.0569832438237 -3.26673011909e-21)
(-0.00121084941759 0.0570599295426 -2.85880137016e-21)
(-0.00126200642496 0.0571336962979 2.21203325908e-21)
(-0.00130763560797 0.0571788604424 1.29239639868e-22)
(-0.00135247669208 0.0572504651688 -1.42694304409e-21)
(-0.00139102431249 0.0572707559826 5.85717606178e-22)
(-0.00142746731341 0.0572975465494 8.73295094959e-22)
(-0.00146027409728 0.0573042126998 -2.95020234592e-21)
(-0.00148742541588 0.0572641885424 -3.26448316031e-21)
(-0.00151379319716 0.0572379458394 3.50438280389e-22)
(-0.0015338708476 0.0571445393323 -1.13984602756e-21)
(-0.00155201772258 0.0570427364801 -3.55578148495e-22)
(-0.0015673093324 0.0569124048075 -3.91068096314e-21)
(-0.00157799591607 0.056729869743 5.67192129336e-22)
(-0.00158878036313 0.0565547327464 -1.6905605263e-21)
(-0.00159397987858 0.0563074394845 1.48808840888e-21)
(-0.0015980600339 0.0560521149893 3.76473869533e-21)
(-0.00159980390263 0.0557680712939 -3.03512372153e-21)
(-0.001597070716 0.0554303356867 -1.10264931959e-21)
(-0.00159492191453 0.0551055005562 1.49871789053e-21)
(-0.00158778476999 0.0547174710282 -2.93017735593e-21)
(-0.00158012044995 0.0543286842316 -1.78375428333e-21)
(-0.00157030303393 0.0539127583519 3.01958452142e-21)
(-0.00155600945012 0.0534438109068 2.19337391138e-21)
(-0.00154279604584 0.0529942455541 5.36160381497e-22)
(-0.00152500938004 0.052488375661 -3.0252689914e-21)
(-0.00150719042432 0.0519877037286 -1.35670862931e-21)
(-0.00148775042586 0.0514672304873 -4.77426817537e-21)
(-0.00146429665186 0.0509018378578 2.45266642589e-22)
(-0.00144252199771 0.0503635896507 3.85570210576e-21)
(-0.00141638346483 0.0497754080419 -4.35298115079e-21)
(-0.00139064364305 0.0492005525825 1.42853563829e-21)
(-0.0013636001522 0.0486141228639 -4.86641766952e-21)
(-0.00133256320051 0.0479895683713 -8.92968009737e-22)
(-0.00130362885403 0.0474008579776 -1.20459901224e-21)
(-0.00127022028743 0.0467683238507 -5.48562788295e-21)
(-0.00123725365947 0.0461546181012 2.97758059316e-21)
(-0.00120332384096 0.0455393325456 3.85351227783e-21)
(-0.00116569005694 0.0448960413531 2.36093125277e-21)
(-0.00113059680879 0.0442944824465 -8.02347245798e-21)
(-0.00109064648559 0.0436505780677 -1.18611010721e-20)
(-0.00105117723798 0.0430294245445 1.09666415749e-20)
(-0.00101101589127 0.0424143761344 3.32135160153e-23)
(-0.000967056848253 0.0417771023331 -1.01548799821e-20)
(-0.000926007013049 0.0411865407071 -3.37168634374e-21)
(-0.000879961499991 0.0405593451366 -3.01155625285e-21)
(-0.000834734337841 0.0399603967168 -2.18718813246e-21)
(-0.000788813822289 0.0393692557647 -5.09847715994e-21)
(-0.000738387426502 0.0387551217008 -4.45361753884e-21)
(-0.000691269210128 0.0381920309544 -1.54009083618e-20)
(-0.000639143830927 0.0375994590345 -1.41394382194e-20)
(-0.000588267747149 0.037039135551 1.42599358998e-20)
(-0.000536990632344 0.0364880509934 -4.91117712258e-22)
(-0.000480929076246 0.0359150841466 -3.44831550829e-21)
(-0.000429296251583 0.0353963009356 -1.12488609919e-20)
(-0.000372691592346 0.0348494940235 -8.70561932543e-21)
(-0.000318073343726 0.0343364337118 -2.18866439057e-20)
(-0.000264224102985 0.0338369087597 4.15521242002e-20)
(-0.000206305353756 0.0333189235844 -1.45655464311e-20)
(-0.000155479575975 0.0328584066549 -2.02463484183e-20)
(-0.000101138804102 0.0323750192906 3.67612888551e-21)
(-5.05149013661e-05 0.0319293077954 -2.05567791034e-21)
(-2.42798225291e-06 0.031500072982 3.62485173456e-20)
(4.87692435946e-05 0.031054308637 -2.40014401273e-20)
(8.95381150763e-05 0.030669823261 1.81110616338e-20)
(0.000131709476535 0.0302648613466 2.73413282961e-20)
(0.000166158621143 0.0299006738109 3.25427624329e-20)
(0.000193207901784 0.0295598814011 -6.95438964607e-21)
(0.000220386470807 0.0292088159413 -2.46272751327e-20)
(0.000232946936951 0.0289242456641 3.68724898054e-20)
(0.000244726278483 0.028625119666 1.32526040846e-20)
(0.000246354899456 0.0283706875725 5.32912012374e-20)
(0.000238541856339 0.0281419914589 -6.44607531067e-20)
(0.000230612041992 0.027902714405 -2.11366380614e-20)
(0.000206423881351 0.0277308281145 4.20553582594e-20)
(0.000181095680204 0.0275450293531 -1.10597617356e-20)
(0.000145197513988 0.0274024416849 -5.42145634723e-21)
(0.000100647009259 0.0272827948556 1.8961862349e-20)
(5.89576883489e-05 0.0271464601643 -9.17985486644e-21)
(4.58279657084e-06 0.0270724421637 1.21890970201e-20)
(-4.60844624149e-05 0.0269777921668 1.18013667199e-20)
(-0.00010108906382 0.0269160909571 3.62749441178e-20)
(-0.000157808073813 0.0268667388738 1.95912529006e-20)
(-0.000205109814419 0.0267871023272 -2.71230303305e-20)
(-0.00025848701709 0.0267557734541 -4.69179113709e-21)
(-0.000304771405468 0.0266882244461 -1.96502892217e-24)
(-0.000354712886907 0.0266407653285 1.16699882626e-20)
(-0.000410253650975 0.0266011500169 3.3247686984e-20)
(-0.000463762729087 0.0265304497144 2.06569007482e-20)
(-0.000528037340412 0.0265127887269 3.97960950024e-21)
(-0.000588649526955 0.0264664419197 7.67397222766e-21)
(-0.000652243000414 0.0264477056993 -3.27933059388e-20)
(-0.000717063805369 0.0264422433973 -1.79312779781e-21)
(-0.000774790396011 0.0264052535746 1.62319233577e-20)
(-0.000837587865711 0.0264220721964 -7.70841480735e-21)
(-0.000894016484467 0.0264070201234 1.46663162865e-20)
(-0.000950521935285 0.0264149306422 5.31070925669e-21)
(-0.00100674046602 0.0264367275305 3.57672834095e-21)
(-0.00105646672392 0.0264264585659 3.0913532476e-21)
(-0.00110996395019 0.026468243679 -3.87513474372e-21)
(-0.00115756503113 0.0264747212829 -2.20374710848e-21)
(-0.001204983805 0.0265017319869 5.93286590027e-21)
(-0.00125214772266 0.0265446801655 -9.07668588739e-21)
(-0.0012936803332 0.0265555099623 -6.55792108908e-21)
(-0.00133803708038 0.0266203662243 -9.35289982079e-21)
(-0.00137693362085 0.0266502467805 1.0343908223e-22)
(-0.00141593594024 0.0267023041488 5.60085029456e-21)
(-0.00145562586186 0.0267600020086 -7.14091189452e-21)
(-0.00148736783951 0.0272881772449 3.00263127542e-21)
(-0.00153695931063 0.0268804465982 5.64958901713e-21)
(-0.00152629553557 0.0265884569397 6.22657275619e-22)
(-0.001590350189 0.0280533515719 2.90637332706e-21)
(-0.00152478474034 0.0271230750794 2.80148269941e-21)
(-0.00152171036044 0.0275719137547 1.51629268805e-21)
(-0.00149722011342 0.027566402096 1.24524163771e-21)
(-0.00151496773528 0.0274438260655 -3.58133753024e-21)
(-0.00154054758863 0.0272443306921 1.49250597813e-22)
(-0.00155964642117 0.0270957112675 1.91241405686e-21)
(-0.0015697243347 0.0269739626665 4.39186146247e-21)
(-0.0015748923876 0.0268553423591 4.22147477129e-21)
(-0.00158133595969 0.0267543248247 1.95353617337e-21)
(-0.00158573042896 0.0266066602813 -3.86455853173e-21)
(-0.00159264683842 0.0264848853264 -1.11398085562e-20)
(-0.00159620733977 0.0263291107903 -6.78693278834e-21)
(-0.00159960402075 0.0261980563733 6.4488453754e-21)
(-0.00159994978114 0.0260560904347 1.56107606612e-21)
(-0.00159819118181 0.0259161971775 -2.15868679057e-21)
(-0.00159653933738 0.0258004097707 1.27734427434e-20)
(-0.00159030554629 0.0256385159634 -3.71269606882e-21)
(-0.00158526714081 0.0255080461183 -2.45550471094e-20)
(-0.00157716073074 0.0253478252406 -1.28794603989e-20)
(-0.00156961121341 0.0252070609088 1.15635138136e-20)
(-0.00156011732568 0.0250475409945 9.38857618513e-21)
(-0.00154896082157 0.0248761797717 1.09142935279e-20)
(-0.00153795645236 0.0247185739631 -2.71911953982e-20)
(-0.00152367542493 0.0245286255349 -1.81708515229e-20)
(-0.00151084662546 0.0243724544302 -2.64396309188e-20)
(-0.00149487978798 0.0241843765983 -9.8621448629e-21)
(-0.00147953979759 0.0240159311983 -1.5710918595e-20)
(-0.00146192737504 0.0238220328761 1.47954433358e-20)
(-0.00144435669132 0.0236234507241 -1.39403580396e-20)
(-0.0014312191267 0.0234373707356 -2.77348027654e-20)
(-0.00142594883807 0.0232183246896 1.715003598e-20)
(-0.00143023826436 0.0230322310598 1.98944924091e-20)
(-0.00143923063997 0.0228081024485 -2.16185070486e-21)
(-0.00145735288995 0.0226106547734 7.33485215664e-21)
(-0.00148202943898 0.0223958004515 -6.9234517899e-22)
(-0.00151414295296 0.0221800784444 -1.16920185151e-21)
(-0.00155489241895 0.021981413068 3.51156717227e-21)
(-0.00160125641617 0.0217515555616 -1.70069241384e-20)
(-0.00165682087167 0.0215596700904 -7.30896061339e-21)
(-0.0017174894165 0.0213340843433 -8.11583228859e-21)
(-0.00178666881921 0.0211404643944 5.59704916805e-21)
(-0.00186172229599 0.0209360682284 3.01921623642e-21)
(-0.00193869548971 0.0207226402844 2.36942357008e-20)
(-0.00202038997103 0.0205114194643 1.46358665385e-21)
(-0.00212568839037 0.020270063839 -3.12199373489e-20)
(-0.00221950973471 0.0200917370935 2.58025496586e-20)
(-0.00225863369932 0.019883322616 4.72379745543e-20)
(-0.00229380988604 0.0196927910631 -4.30753883716e-21)
(-0.00232725461467 0.0194721863418 1.51834990191e-20)
(-0.00235954711834 0.0192482688857 4.28010827986e-20)
(-0.00239224601284 0.0190323501764 5.46918009632e-20)
(-0.0024236167092 0.018791709494 1.54287336066e-20)
(-0.00245806902367 0.0185798873076 -6.46440486096e-22)
(-0.00248982575821 0.018315016265 2.94104249667e-20)
(-0.00252328739453 0.0180771959781 4.44177674175e-20)
(-0.00255571225216 0.0178213494326 7.3850051031e-21)
(-0.00258723673276 0.0175610564314 -2.66659146636e-20)
(-0.00261885205276 0.0173062524972 7.96437479716e-21)
(-0.00264868134885 0.0170233890607 1.9403923199e-20)
(-0.00267841075814 0.016769966904 -3.48220576918e-20)
(-0.00269877550152 0.0164665809294 -1.14706599559e-20)
(-0.00273270025579 0.0161747464862 -3.89142387067e-20)
(-0.00273951462716 0.0158765467434 1.29364282486e-20)
(-0.00270498552295 0.0155900893617 4.89413361747e-20)
(-0.00266200163649 0.0153080244151 2.98574153774e-21)
(-0.00260699663257 0.0149791549768 2.80709137963e-20)
(-0.00255045906422 0.0146611242353 3.25684901413e-20)
(-0.00248319512504 0.0142925077707 -1.73998533305e-20)
(-0.00241589518124 0.0139310120474 1.44266560827e-20)
(-0.00234364724321 0.0135339972036 -1.20854274077e-20)
(-0.00227073673621 0.0131337113879 7.85166467856e-21)
(-0.00220130697417 0.0127470816049 2.52441527039e-21)
(-0.0021280332085 0.0123523836766 -8.16281394268e-21)
(-0.00206042919949 0.0120036574426 3.89420839092e-21)
(-0.00198471855696 0.0116356125643 -7.18321420875e-22)
(-0.00191193378519 0.0113067287406 -2.61136354207e-22)
(-0.00183371994041 0.0109679057736 -6.52602404143e-22)
(-0.001753807717 0.0106429038217 -1.61059918243e-21)
(-0.00167498497061 0.010334748909 8.91063555233e-21)
(-0.00158853125602 0.0100105659197 -6.1928855206e-21)
(-0.00150711904046 0.00971982430782 -2.64356277673e-21)
(-0.00141711673456 0.00940637950451 -4.73796359626e-21)
(-0.00133150702919 0.00912303703592 9.92387974929e-21)
(-0.00123860230449 0.00881827377263 -1.82241931981e-20)
(-0.0011455562947 0.00852793382054 2.37628682498e-21)
(-0.00105468872676 0.00825251487136 -1.17355667847e-20)
(-0.000955531787245 0.00795533351431 -2.96870075299e-20)
(-0.000888658408585 0.00768586350679 1.45173244633e-20)
(-0.000877107744711 0.00735838203476 2.31482164634e-20)
(-0.00087630068782 0.00705556661057 -1.0871073175e-21)
(-0.000875829473597 0.00672341694827 -2.5681160099e-20)
(-0.000877232132631 0.00640319605103 -1.18852571672e-20)
(-0.000879569399521 0.00609618192232 -8.33041220672e-22)
(-0.000881348649697 0.005758190136 2.43179065229e-20)
(-0.000883891364763 0.00544514346511 1.55721590097e-20)
(-0.000885702685035 0.0051019004093 6.00938774892e-21)
(-0.00088833362908 0.00477883175998 8.09863697392e-21)
(-0.000890768472208 0.00442338724091 2.31772025649e-20)
(-0.00089117113203 0.00407951000266 2.10349849856e-20)
(-0.000891343956555 0.00374459185637 2.68034256888e-20)
(-0.000892272997085 0.00338037053128 -1.35139185008e-20)
(-0.000895538131046 0.00303565906943 5.53962636534e-21)
(-0.000900300731867 0.00265213979686 -1.51884469147e-20)
(-0.000907561069346 0.00228947691922 -2.07901529647e-20)
(-0.000916459180975 0.00189835015776 1.93368422278e-20)
(-0.000927690629729 0.00151782095767 2.90287908103e-21)
(-0.00094033605353 0.00114698915403 -2.02517796826e-21)
(-0.000953791620216 0.000754662507868 -2.34566646104e-20)
(-0.000968340929148 0.000388143141414 3.36910518205e-20)
(-0.000983469276717 -1.08299087845e-05 1.5019876284e-21)
(-0.000999513675021 -0.000382680976402 2.18640086705e-20)
(-0.00101626396233 -0.000780190997876 -1.8277831379e-20)
(-0.00103422297769 -0.00117216111358 3.4181254764e-20)
(-0.00105292090331 -0.00156029946833 -3.48271419728e-20)
(-0.00107411578354 -0.00197950100166 3.99733603043e-21)
(-0.00109796915307 -0.00238293307923 -2.54918263251e-21)
(-0.00112511031062 -0.00281983226453 -1.14527464536e-20)
(-0.00115734125909 -0.00322245067886 -3.61446706734e-21)
(-0.00119750693967 -0.00362835100558 -4.80076998825e-21)
(-0.00124802355265 -0.00400404264568 6.52419326421e-21)
(-0.00131348515145 -0.00434104853885 -3.61786590131e-21)
(-0.00139057428117 -0.00467451748159 -2.7434921823e-21)
(-0.00146411126938 -0.00497168439026 1.68610456664e-20)
(-0.00153328563274 -0.00525582428853 -2.89467211797e-21)
(-0.00161031346709 -0.00552606243092 2.93581532551e-23)
(-0.00170130436667 -0.00579762907317 -2.08135957042e-21)
(-0.00180094785345 -0.00605765613748 -1.28979756006e-21)
(-0.0018829952479 -0.00632683988423 -9.78971629221e-21)
(-0.00193867090664 -0.00659812076194 -1.50028033673e-21)
(-0.00199790505035 -0.00686344803659 4.80344985266e-21)
(-0.00206264477514 -0.00718923565703 1.45777422893e-21)
(-0.0021367377388 -0.00752956278106 -3.33191464652e-22)
(-0.00221826275486 -0.00792942814121 2.11417146977e-22)
(-0.00230134634928 -0.00835304116275 1.05030373962e-21)
(-0.00238007242545 -0.00881317253201 -9.37092536901e-22)
(-0.0024573721178 -0.00933070008279 1.21819396798e-21)
(-0.00253758631671 -0.00987914677448 4.47436298947e-21)
(-0.00263341645986 -0.0105268664274 -1.12303295654e-21)
(-0.00272357553082 -0.0112017458364 7.71627727308e-21)
(-0.00281505750953 -0.0119320399859 1.67177959962e-21)
(-0.00292303187125 -0.0126879402614 -6.08536879264e-21)
(-0.00306373420133 -0.0134677323545 -4.1858867113e-21)
(-0.00324839299615 -0.0142949301461 -7.33578123273e-21)
(-0.00346269203055 -0.0151412545218 1.40338654423e-20)
(-0.00370678612058 -0.0160903801659 -1.90427962559e-20)
(-0.00402299155221 -0.0170212499675 5.13042290983e-22)
(-0.00404913486376 -0.017869483353 -1.26846817262e-20)
(-0.00401913310283 -0.0187227317557 -2.00963527728e-20)
(-0.00399080143905 -0.0195913841443 9.60622503528e-21)
(-0.00397301595655 -0.020481737349 -4.77230725101e-21)
(-0.00396218370744 -0.0213577828079 1.91091427836e-20)
(-0.00394833616253 -0.0222610025002 3.58223791858e-21)
(-0.00392752463896 -0.0231587823819 -1.0272957807e-20)
(-0.00389370263139 -0.0240965982431 3.3438768984e-21)
(-0.00385043834486 -0.0250555686 7.19225010416e-21)
(-0.00379823819055 -0.0260427621346 -2.85038671365e-21)
(-0.00373795236781 -0.0270888781892 -1.05442925917e-20)
(-0.00367488392813 -0.0281629275374 -1.58684909756e-20)
(-0.00361447809013 -0.0293006445708 -7.29965559881e-21)
(-0.00356639174761 -0.0304546171924 6.39563736726e-21)
(-0.00352998474839 -0.0316436977504 1.0258188832e-20)
(-0.00350334419671 -0.0328434000269 6.90271433606e-21)
(-0.00347811609354 -0.0340506275776 1.15884178968e-20)
(-0.003447684946 -0.0352847063476 1.31619418903e-21)
(-0.00341128321698 -0.0365233775084 3.79008903459e-21)
(-0.00336928666047 -0.0378105359165 -2.30222758406e-20)
(-0.00332554779593 -0.0391108950669 1.69168062023e-20)
(-0.00328179924337 -0.0404547970888 -1.83036778087e-21)
(-0.00322816470101 -0.0418230290605 -2.25804981838e-20)
(-0.00320254873702 -0.0432401024198 -2.15102739303e-21)
(-0.00308640813913 -0.0446377522055 1.12040714403e-20)
(-0.00280194217023 -0.0459778394885 -1.49241764084e-20)
(-0.0024697129173 -0.0473419574342 -1.57910826998e-21)
(-0.00214954149839 -0.048728657964 1.1026474264e-20)
(-0.00185038981977 -0.0501751270724 -7.76478412953e-21)
(-0.00158897616069 -0.0516555848478 -2.0549488266e-21)
(-0.00136973750419 -0.0531618680538 6.95315370353e-21)
(-0.00117861615951 -0.0546978766526 1.1035682857e-21)
(-0.00100849591288 -0.0562345103664 -4.59505103274e-22)
(-0.000843308888105 -0.0578070410123 -2.40136759144e-21)
(-0.0006857056447 -0.0593865981956 -2.98690112619e-21)
(-0.000532480726792 -0.0609971296167 1.71540385185e-22)
(-0.000385429545854 -0.062642788949 -1.30497005175e-21)
(-0.000246527349701 -0.0643264753932 -1.20214643153e-21)
(-0.000116447072594 -0.0660522126924 1.67380986741e-21)
(1.18035879063e-06 -0.0678022865038 -3.18677363219e-21)
(0.000111719748075 -0.0696071198554 1.88055239721e-21)
(0.000212171585799 -0.0714352652548 -2.24924406861e-21)
(0.00030561381499 -0.0733048412966 -1.93494404264e-21)
(0.000391175808296 -0.0752005252693 1.2673702771e-21)
(0.000468876201247 -0.0771179789293 -1.31345735081e-21)
(0.000542674045933 -0.0790786712696 1.77287471868e-21)
(0.000610894643794 -0.081059159955 2.37183618565e-22)
(0.000675549838979 -0.0830776538042 1.69099753085e-21)
(0.000735277924953 -0.0851171033891 1.93062937287e-21)
(0.000792133027858 -0.0871967341897 1.41381205071e-22)
(0.000845191173982 -0.0893047849072 -2.23929772849e-21)
(0.000894092275834 -0.091440305307 -1.04845180028e-21)
(0.000940386283021 -0.0936190330843 -8.90002358139e-23)
(0.000982760379956 -0.0958236585047 2.77462185384e-21)
(0.00102263683257 -0.0980738144125 -3.59272266453e-21)
(0.00105885006309 -0.100353207573 4.95309008859e-22)
(0.0010923837178 -0.102677607585 4.3415033648e-21)
(0.00112273224753 -0.105039668676 -8.84528324869e-22)
(0.0011496253545 -0.107438459824 1.52489626495e-21)
(0.00117381366137 -0.109885747225 1.21610751548e-21)
(0.00119442154101 -0.112367455954 1.83394576434e-21)
(0.00121220990951 -0.114899170111 2.90209394628e-21)
(0.00122649835231 -0.11746795851 -7.29751447418e-22)
(0.00123786803737 -0.120085752289 3.02972562973e-21)
(0.00124636620002 -0.12274986342 3.15798054893e-21)
(0.00125209867648 -0.12546135882 -4.42933529845e-21)
(0.00125548173906 -0.128226220926 -4.86465397897e-21)
(0.00125672422841 -0.131039743454 5.07090164457e-22)
(0.00125758669106 -0.133925083337 -3.25235827681e-21)
(0.0012595741322 -0.136882538853 1.33908501362e-21)
(0.00126626653909 -0.139944381605 -2.33868420009e-21)
(0.00128347108882 -0.143156477209 1.78487934777e-21)
(0.00132009359902 -0.146603589187 -3.18786654787e-21)
(0.00138771598428 -0.15044797584 1.54569341123e-21)
(0.00147660491616 -0.155007061499 4.06770531663e-21)
(0.00150749112249 -0.160556303839 -1.09740050844e-21)
(0.00140582464238 -0.165784694626 1.73964016896e-23)
(0.0009122930473 -0.168830548668 -7.60339411535e-22)
(-0.000260541080002 -0.168730480133 -1.66847077934e-22)
(-0.0023080002995 -0.165367990756 -3.90355960982e-21)
(-0.00513267938192 -0.159386170756 -2.58835707841e-21)
(-0.00824821568306 -0.151963027664 4.31767447702e-22)
(-0.0106796641232 -0.143647784877 -3.07275813384e-22)
(-0.0108888373088 -0.131659884226 -3.43894522407e-22)
(-0.00902392604303 -0.120422763642 1.26755879198e-21)
(-0.00736495231784 -0.112299130788 -1.25139345134e-22)
(-0.00716646529925 -0.106608697335 -1.33132747036e-22)
(-0.00779897913105 -0.100954283947 5.13073417243e-23)
(-0.00768050667143 -0.0944309811093 4.51473926906e-22)
(-0.00591317068227 -0.085806050124 3.62224164522e-22)
(-0.00455770380736 -0.0830245401345 -1.15900530271e-24)
(-0.00457978761321 -0.082898817028 -1.28989014293e-22)
(-0.00402680051261 -0.079882839218 5.26266124944e-23)
(-0.00328541317814 -0.0742878083033 2.01204550039e-23)
(-0.00265755224611 -0.0656535576396 -1.48408136879e-23)
(-0.00220295875743 -0.0583381320359 -7.3096035056e-23)
(-0.00183075260174 -0.0529153730443 2.68435993696e-23)
(-0.00152381309146 -0.048571322419 -1.2112693477e-23)
(-0.00127705359523 -0.0450133555183 3.34370319988e-25)
(-0.00108138723448 -0.0420396862246 9.63734893211e-24)
(-0.000929540768578 -0.0394932366185 -2.94193128587e-25)
(-0.000811317497695 -0.0372600455461 -1.09182092457e-23)
(-0.000712454200202 -0.0352825617766 -2.93093561994e-24)
(-0.000624600732841 -0.0335378594619 7.9696311617e-24)
(-0.000547121472846 -0.0320083979179 5.00160083527e-26)
(-0.000481886154408 -0.0306680632011 9.68524307413e-24)
(-0.000429512678284 -0.0294849080459 -1.64358880527e-23)
(-0.000388844787694 -0.0284283852462 6.60902115707e-24)
(-0.000358035907832 -0.0274731517513 -1.39773666645e-24)
(-0.000335522619988 -0.0265991450256 -6.31582668269e-24)
(-0.00032019375855 -0.0257905330113 1.02555449511e-23)
(-0.000311059989152 -0.0250351774752 -1.40099217158e-23)
(-0.000307082995107 -0.0243243262498 1.9409863042e-23)
(-0.000307030682402 -0.0236521722706 -2.78069306321e-24)
(-0.000309436306294 -0.0230155530278 -8.75702975422e-26)
(-0.000314255089111 -0.0224127542162 -4.53020356642e-24)
(-0.00032488908896 -0.0218390814683 -1.5740344383e-25)
(-0.000338129250297 -0.0212887296865 -3.15267277279e-24)
(-0.000332874931522 -0.0207749497114 3.24935840784e-24)
(-0.000320951456811 -0.0203138818264 3.20174653317e-24)
(-0.000377664528119 -0.0198642199307 -2.74193112804e-25)
(-0.000516623337497 -0.019371850391 -5.08666085498e-26)
(-0.000501532254226 -0.0188995139756 -1.24020126342e-23)
(-0.000483626505046 -0.0184444925318 6.12768229751e-24)
(-0.000464972629862 -0.0180054458646 4.38957129912e-24)
(-0.000442080914839 -0.0175850961499 -4.47790737017e-24)
(-0.000416584086693 -0.0171884545921 3.92140305095e-24)
(-0.000397017771804 -0.0168150649561 -5.36048910676e-24)
(-0.000387726912162 -0.0164542980435 4.04770975302e-24)
(-0.000382489883799 -0.0160978063275 1.07681844991e-24)
(-0.000366376548454 -0.015746685009 -1.49733955221e-24)
(-0.00034510083162 -0.0154082676741 -2.15784184937e-24)
(-0.000143044870196 -0.0150887723689 2.2617521071e-24)
)
;
    }
    frontAndBack
    {
        type            empty;
    }
}


// ************************************************************************* //
