<?xml version='1.0'?>
<!-- patch='bottomWall' time='0' index='0' -->
<VTKFile type='PolyData' version='0.1' byte_order='LittleEndian' header_type='UInt64'>
  <PolyData>
    <FieldData>
      <DataArray type='Float32' Name='TimeValue' NumberOfTuples='1' format='ascii'>
0
      </DataArray>
    </FieldData>
    <Piece NumberOfPoints='1042' NumberOfPolys='520'>
      <Points>
        <DataArray type='Float32' Name='Points' NumberOfComponents='3' format='ascii'>
-0.9 0 -0.01 -0.898901 0 -0.01 -0.898901 0 0.01
-0.9 0 0.01 -0.897373 0 -0.01 -0.897373 0 0.01
-0.895561 0 -0.01 -0.895561 0 0.01 -0.893612 0 -0.01
-0.893612 0 0.01 -0.891675 0 -0.01 -0.891675 0 0.01
-0.889896 0 -0.01 -0.889896 0 0.01 -0.8882 0 -0.01
-0.8882 0 0.01 -0.8865 0 -0.01 -0.8865 0 0.01
-0.884796 0 -0.01 -0.884796 0 0.01 -0.883089 0 -0.01
-0.883089 0 0.01 -0.881378 0 -0.01 -0.881378 0 0.01
-0.879663 0 -0.01 -0.879663 0 0.01 -0.877945 0 -0.01
-0.877945 0 0.01 -0.876223 0 -0.01 -0.876223 0 0.01
-0.874498 0 -0.01 -0.874498 0 0.01 -0.872768 0 -0.01
-0.872768 0 0.01 -0.871036 0 -0.01 -0.871036 0 0.01
-0.869299 0 -0.01 -0.869299 0 0.01 -0.867559 0 -0.01
-0.867559 0 0.01 -0.865815 0 -0.01 -0.865815 0 0.01
-0.864068 0 -0.01 -0.864068 0 0.01 -0.862316 0 -0.01
-0.862316 0 0.01 -0.860562 0 -0.01 -0.860562 0 0.01
-0.858803 0 -0.01 -0.858803 0 0.01 -0.857041 0 -0.01
-0.857041 0 0.01 -0.855274 0 -0.01 -0.855274 0 0.01
-0.853505 0 -0.01 -0.853505 0 0.01 -0.851731 0 -0.01
-0.851731 0 0.01 -0.849954 0 -0.01 -0.849954 0 0.01
-0.848172 0 -0.01 -0.848172 0 0.01 -0.846388 0 -0.01
-0.846388 0 0.01 -0.844599 0 -0.01 -0.844599 0 0.01
-0.842806 0 -0.01 -0.842806 0 0.01 -0.84101 0 -0.01
-0.84101 0 0.01 -0.83921 0 -0.01 -0.83921 0 0.01
-0.837406 0 -0.01 -0.837406 0 0.01 -0.835598 0 -0.01
-0.835598 0 0.01 -0.833787 0 -0.01 -0.833787 0 0.01
-0.831971 0 -0.01 -0.831971 0 0.01 -0.830152 0 -0.01
-0.830152 0 0.01 -0.828329 0 -0.01 -0.828329 0 0.01
-0.826502 0 -0.01 -0.826502 0 0.01 -0.824671 0 -0.01
-0.824671 0 0.01 -0.822837 0 -0.01 -0.822837 0 0.01
-0.820998 0 -0.01 -0.820998 0 0.01 -0.819156 0 -0.01
-0.819156 0 0.01 -0.817309 0 -0.01 -0.817309 0 0.01
-0.815459 0 -0.01 -0.815459 0 0.01 -0.813605 0 -0.01
-0.813605 0 0.01 -0.811746 0 -0.01 -0.811746 0 0.01
-0.809884 0 -0.01 -0.809884 0 0.01 -0.808018 0 -0.01
-0.808018 0 0.01 -0.806148 0 -0.01 -0.806148 0 0.01
-0.804274 0 -0.01 -0.804274 0 0.01 -0.802396 0 -0.01
-0.802396 0 0.01 -0.800514 0 -0.01 -0.800514 0 0.01
-0.798629 0 -0.01 -0.798629 0 0.01 -0.796739 0 -0.01
-0.796739 0 0.01 -0.794845 0 -0.01 -0.794845 0 0.01
-0.792947 0 -0.01 -0.792947 0 0.01 -0.791045 0 -0.01
-0.791045 0 0.01 -0.789139 0 -0.01 -0.789139 0 0.01
-0.787229 0 -0.01 -0.787229 0 0.01 -0.785315 0 -0.01
-0.785315 0 0.01 -0.783397 0 -0.01 -0.783397 0 0.01
-0.781475 0 -0.01 -0.781475 0 0.01 -0.779548 0 -0.01
-0.779548 0 0.01 -0.777618 0 -0.01 -0.777618 0 0.01
-0.775684 0 -0.01 -0.775684 0 0.01 -0.773745 0 -0.01
-0.773745 0 0.01 -0.771803 0 -0.01 -0.771803 0 0.01
-0.769856 0 -0.01 -0.769856 0 0.01 -0.767905 0 -0.01
-0.767905 0 0.01 -0.76595 0 -0.01 -0.76595 0 0.01
-0.763991 0 -0.01 -0.763991 0 0.01 -0.762028 0 -0.01
-0.762028 0 0.01 -0.76006 0 -0.01 -0.76006 0 0.01
-0.758088 0 -0.01 -0.758088 0 0.01 -0.756113 0 -0.01
-0.756113 0 0.01 -0.754133 0 -0.01 -0.754133 0 0.01
-0.752149 0 -0.01 -0.752149 0 0.01 -0.75016 0 -0.01
-0.75016 0 0.01 -0.748168 0 -0.01 -0.748168 0 0.01
-0.746171 0 -0.01 -0.746171 0 0.01 -0.74417 0 -0.01
-0.74417 0 0.01 -0.742164 0 -0.01 -0.742164 0 0.01
-0.740155 0 -0.01 -0.740155 0 0.01 -0.738141 0 -0.01
-0.738141 0 0.01 -0.736123 0 -0.01 -0.736123 0 0.01
-0.734101 0 -0.01 -0.734101 0 0.01 -0.732074 0 -0.01
-0.732074 0 0.01 -0.730043 0 -0.01 -0.730043 0 0.01
-0.728008 0 -0.01 -0.728008 0 0.01 -0.725968 0 -0.01
-0.725968 0 0.01 -0.723924 0 -0.01 -0.723924 0 0.01
-0.721876 0 -0.01 -0.721876 0 0.01 -0.719824 0 -0.01
-0.719824 0 0.01 -0.717767 0 -0.01 -0.717767 0 0.01
-0.715706 0 -0.01 -0.715706 0 0.01 -0.71364 0 -0.01
-0.71364 0 0.01 -0.71157 0 -0.01 -0.71157 0 0.01
-0.709496 0 -0.01 -0.709496 0 0.01 -0.707417 0 -0.01
-0.707417 0 0.01 -0.705334 0 -0.01 -0.705334 0 0.01
-0.703246 0 -0.01 -0.703246 0 0.01 -0.701154 0 -0.01
-0.701154 0 0.01 -0.699058 0 -0.01 -0.699058 0 0.01
-0.696957 0 -0.01 -0.696957 0 0.01 -0.694851 0 -0.01
-0.694851 0 0.01 -0.692742 0 -0.01 -0.692742 0 0.01
-0.690627 0 -0.01 -0.690627 0 0.01 -0.688509 0 -0.01
-0.688509 0 0.01 -0.686385 0 -0.01 -0.686385 0 0.01
-0.684258 0 -0.01 -0.684258 0 0.01 -0.682125 0 -0.01
-0.682125 0 0.01 -0.679989 0 -0.01 -0.679989 0 0.01
-0.677847 0 -0.01 -0.677847 0 0.01 -0.675701 0 -0.01
-0.675701 0 0.01 -0.673551 0 -0.01 -0.673551 0 0.01
-0.671396 0 -0.01 -0.671396 0 0.01 -0.669237 0 -0.01
-0.669237 0 0.01 -0.667073 0 -0.01 -0.667073 0 0.01
-0.664904 0 -0.01 -0.664904 0 0.01 -0.662731 0 -0.01
-0.662731 0 0.01 -0.660553 0 -0.01 -0.660553 0 0.01
-0.65837 0 -0.01 -0.65837 0 0.01 -0.656183 0 -0.01
-0.656183 0 0.01 -0.653991 0 -0.01 -0.653991 0 0.01
-0.651795 0 -0.01 -0.651795 0 0.01 -0.649594 0 -0.01
-0.649594 0 0.01 -0.647388 0 -0.01 -0.647388 0 0.01
-0.645178 0 -0.01 -0.645178 0 0.01 -0.642963 0 -0.01
-0.642963 0 0.01 -0.640743 0 -0.01 -0.640743 0 0.01
-0.638519 0 -0.01 -0.638519 0 0.01 -0.636289 0 -0.01
-0.636289 0 0.01 -0.634056 0 -0.01 -0.634056 0 0.01
-0.631817 0 -0.01 -0.631817 0 0.01 -0.629574 0 -0.01
-0.629574 0 0.01 -0.627325 0 -0.01 -0.627325 0 0.01
-0.625073 0 -0.01 -0.625073 0 0.01 -0.622815 0 -0.01
-0.622815 0 0.01 -0.620552 0 -0.01 -0.620552 0 0.01
-0.618285 0 -0.01 -0.618285 0 0.01 -0.616013 0 -0.01
-0.616013 0 0.01 -0.613736 0 -0.01 -0.613736 0 0.01
-0.611455 0 -0.01 -0.611455 0 0.01 -0.609168 0 -0.01
-0.609168 0 0.01 -0.606877 0 -0.01 -0.606877 0 0.01
-0.604581 0 -0.01 -0.604581 0 0.01 -0.602279 0 -0.01
-0.602279 0 0.01 -0.599973 0 -0.01 -0.599973 0 0.01
-0.597663 0 -0.01 -0.597663 0 0.01 -0.595347 0 -0.01
-0.595347 0 0.01 -0.593026 0 -0.01 -0.593026 0 0.01
-0.590701 0 -0.01 -0.590701 0 0.01 -0.58837 0 -0.01
-0.58837 0 0.01 -0.586035 0 -0.01 -0.586035 0 0.01
-0.583694 0 -0.01 -0.583694 0 0.01 -0.581349 0 -0.01
-0.581349 0 0.01 -0.578999 0 -0.01 -0.578999 0 0.01
-0.576643 0 -0.01 -0.576643 0 0.01 -0.574283 0 -0.01
-0.574283 0 0.01 -0.571918 0 -0.01 -0.571918 0 0.01
-0.569547 0 -0.01 -0.569547 0 0.01 -0.567172 0 -0.01
-0.567172 0 0.01 -0.564792 0 -0.01 -0.564792 0 0.01
-0.562406 0 -0.01 -0.562406 0 0.01 -0.560016 0 -0.01
-0.560016 0 0.01 -0.55762 0 -0.01 -0.55762 0 0.01
-0.55522 0 -0.01 -0.55522 0 0.01 -0.552814 0 -0.01
-0.552814 0 0.01 -0.550403 0 -0.01 -0.550403 0 0.01
-0.547987 0 -0.01 -0.547987 0 0.01 -0.545566 0 -0.01
-0.545566 0 0.01 -0.54314 0 -0.01 -0.54314 0 0.01
-0.540709 0 -0.01 -0.540709 0 0.01 -0.538273 0 -0.01
-0.538273 0 0.01 -0.535831 0 -0.01 -0.535831 0 0.01
-0.533384 0 -0.01 -0.533384 0 0.01 -0.530932 0 -0.01
-0.530932 0 0.01 -0.528475 0 -0.01 -0.528475 0 0.01
-0.526013 0 -0.01 -0.526013 0 0.01 -0.523545 0 -0.01
-0.523545 0 0.01 -0.521072 0 -0.01 -0.521072 0 0.01
-0.518594 0 -0.01 -0.518594 0 0.01 -0.516111 0 -0.01
-0.516111 0 0.01 -0.513623 0 -0.01 -0.513623 0 0.01
-0.511129 0 -0.01 -0.511129 0 0.01 -0.50863 0 -0.01
-0.50863 0 0.01 -0.506125 0 -0.01 -0.506125 0 0.01
-0.503615 0 -0.01 -0.503615 0 0.01 -0.5011 0 -0.01
-0.5011 0 0.01 -0.49858 0 -0.01 -0.49858 0 0.01
-0.496054 0 -0.01 -0.496054 0 0.01 -0.493523 0 -0.01
-0.493523 0 0.01 -0.490987 0 -0.01 -0.490987 0 0.01
-0.488445 0 -0.01 -0.488445 0 0.01 -0.485898 0 -0.01
-0.485898 0 0.01 -0.483345 0 -0.01 -0.483345 0 0.01
-0.480787 0 -0.01 -0.480787 0 0.01 -0.478224 0 -0.01
-0.478224 0 0.01 -0.475655 0 -0.01 -0.475655 0 0.01
-0.473081 0 -0.01 -0.473081 0 0.01 -0.470501 0 -0.01
-0.470501 0 0.01 -0.467916 0 -0.01 -0.467916 0 0.01
-0.465325 0 -0.01 -0.465325 0 0.01 -0.462729 0 -0.01
-0.462729 0 0.01 -0.460127 0 -0.01 -0.460127 0 0.01
-0.45752 0 -0.01 -0.45752 0 0.01 -0.454907 0 -0.01
-0.454907 0 0.01 -0.452289 0 -0.01 -0.452289 0 0.01
-0.449665 0 -0.01 -0.449665 0 0.01 -0.447036 0 -0.01
-0.447036 0 0.01 -0.444401 0 -0.01 -0.444401 0 0.01
-0.441761 0 -0.01 -0.441761 0 0.01 -0.439114 0 -0.01
-0.439114 0 0.01 -0.436463 0 -0.01 -0.436463 0 0.01
-0.433805 0 -0.01 -0.433805 0 0.01 -0.431142 0 -0.01
-0.431142 0 0.01 -0.428474 0 -0.01 -0.428474 0 0.01
-0.4258 0 -0.01 -0.4258 0 0.01 -0.42312 0 -0.01
-0.42312 0 0.01 -0.420434 0 -0.01 -0.420434 0 0.01
-0.417743 0 -0.01 -0.417743 0 0.01 -0.415046 0 -0.01
-0.415046 0 0.01 -0.412343 0 -0.01 -0.412343 0 0.01
-0.409635 0 -0.01 -0.409635 0 0.01 -0.40692 0 -0.01
-0.40692 0 0.01 -0.4042 0 -0.01 -0.4042 0 0.01
-0.401475 0 -0.01 -0.401475 0 0.01 -0.398743 0 -0.01
-0.398743 0 0.01 -0.396006 0 -0.01 -0.396006 0 0.01
-0.393263 0 -0.01 -0.393263 0 0.01 -0.390514 0 -0.01
-0.390514 0 0.01 -0.387759 0 -0.01 -0.387759 0 0.01
-0.384999 0 -0.01 -0.384999 0 0.01 -0.382233 0 -0.01
-0.382233 0 0.01 -0.37946 0 -0.01 -0.37946 0 0.01
-0.376682 0 -0.01 -0.376682 0 0.01 -0.373898 0 -0.01
-0.373898 0 0.01 -0.371108 0 -0.01 -0.371108 0 0.01
-0.368312 0 -0.01 -0.368312 0 0.01 -0.365511 0 -0.01
-0.365511 0 0.01 -0.362703 0 -0.01 -0.362703 0 0.01
-0.359889 0 -0.01 -0.359889 0 0.01 -0.35707 0 -0.01
-0.35707 0 0.01 -0.354244 0 -0.01 -0.354244 0 0.01
-0.351413 0 -0.01 -0.351413 0 0.01 -0.348575 0 -0.01
-0.348575 0 0.01 -0.345731 0 -0.01 -0.345731 0 0.01
-0.342882 0 -0.01 -0.342882 0 0.01 -0.340026 0 -0.01
-0.340026 0 0.01 -0.337165 0 -0.01 -0.337165 0 0.01
-0.334297 0 -0.01 -0.334297 0 0.01 -0.331423 0 -0.01
-0.331423 0 0.01 -0.328543 0 -0.01 -0.328543 0 0.01
-0.325657 0 -0.01 -0.325657 0 0.01 -0.322765 0 -0.01
-0.322765 0 0.01 -0.319867 0 -0.01 -0.319867 0 0.01
-0.316962 0 -0.01 -0.316962 0 0.01 -0.314052 0 -0.01
-0.314052 0 0.01 -0.311135 0 -0.01 -0.311135 0 0.01
-0.308212 0 -0.01 -0.308212 0 0.01 -0.305283 0 -0.01
-0.305283 0 0.01 -0.302348 0 -0.01 -0.302348 0 0.01
-0.299406 0 -0.01 -0.299406 0 0.01 -0.296458 0 -0.01
-0.296458 0 0.01 -0.293504 0 -0.01 -0.293504 0 0.01
-0.290544 0 -0.01 -0.290544 0 0.01 -0.287578 0 -0.01
-0.287578 0 0.01 -0.284605 0 -0.01 -0.284605 0 0.01
-0.281626 0 -0.01 -0.281626 0 0.01 -0.27864 0 -0.01
-0.27864 0 0.01 -0.275648 0 -0.01 -0.275648 0 0.01
-0.27265 0 -0.01 -0.27265 0 0.01 -0.269646 0 -0.01
-0.269646 0 0.01 -0.266635 0 -0.01 -0.266635 0 0.01
-0.263618 0 -0.01 -0.263618 0 0.01 -0.260594 0 -0.01
-0.260594 0 0.01 -0.257564 0 -0.01 -0.257564 0 0.01
-0.254528 0 -0.01 -0.254528 0 0.01 -0.251485 0 -0.01
-0.251485 0 0.01 -0.248436 0 -0.01 -0.248436 0 0.01
-0.24538 0 -0.01 -0.24538 0 0.01 -0.242318 0 -0.01
-0.242318 0 0.01 -0.239249 0 -0.01 -0.239249 0 0.01
-0.236174 0 -0.01 -0.236174 0 0.01 -0.233092 0 -0.01
-0.233092 0 0.01 -0.230004 0 -0.01 -0.230004 0 0.01
-0.226909 0 -0.01 -0.226909 0 0.01 -0.223807 0 -0.01
-0.223807 0 0.01 -0.220699 0 -0.01 -0.220699 0 0.01
-0.217585 0 -0.01 -0.217585 0 0.01 -0.214464 0 -0.01
-0.214464 0 0.01 -0.211336 0 -0.01 -0.211336 0 0.01
-0.208202 0 -0.01 -0.208202 0 0.01 -0.205061 0 -0.01
-0.205061 0 0.01 -0.201913 0 -0.01 -0.201913 0 0.01
-0.198759 0 -0.01 -0.198759 0 0.01 -0.195598 0 -0.01
-0.195598 0 0.01 -0.19243 0 -0.01 -0.19243 0 0.01
-0.189255 0 -0.01 -0.189255 0 0.01 -0.186074 0 -0.01
-0.186074 0 0.01 -0.182886 0 -0.01 -0.182886 0 0.01
-0.179692 0 -0.01 -0.179692 0 0.01 -0.17649 0 -0.01
-0.17649 0 0.01 -0.173282 0 -0.01 -0.173282 0 0.01
-0.170067 0 -0.01 -0.170067 0 0.01 -0.166845 0 -0.01
-0.166845 0 0.01 -0.163616 0 -0.01 -0.163616 0 0.01
-0.160381 0 -0.01 -0.160381 0 0.01 -0.157139 0 -0.01
-0.157139 0 0.01 -0.153889 0 -0.01 -0.153889 0 0.01
-0.150633 0 -0.01 -0.150633 0 0.01 -0.14737 0 -0.01
-0.14737 0 0.01 -0.1441 0 -0.01 -0.1441 0 0.01
-0.140823 0 -0.01 -0.140823 0 0.01 -0.13754 0 -0.01
-0.13754 0 0.01 -0.134249 0 -0.01 -0.134249 0 0.01
-0.130951 0 -0.01 -0.130951 0 0.01 -0.127646 0 -0.01
-0.127646 0 0.01 -0.124335 0 -0.01 -0.124335 0 0.01
-0.121016 0 -0.01 -0.121016 0 0.01 -0.11769 0 -0.01
-0.11769 0 0.01 -0.114357 0 -0.01 -0.114357 0 0.01
-0.111017 0 -0.01 -0.111017 0 0.01 -0.107671 0 -0.01
-0.107671 0 0.01 -0.104316 0 -0.01 -0.104316 0 0.01
-0.100955 0 -0.01 -0.100955 0 0.01 -0.097587 0 -0.01
-0.097587 0 0.01 -0.0942116 0 -0.01 -0.0942116 0 0.01
-0.090829 0 -0.01 -0.090829 0 0.01 -0.0874393 0 -0.01
-0.0874393 0 0.01 -0.0840424 0 -0.01 -0.0840424 0 0.01
-0.0806383 0 -0.01 -0.0806383 0 0.01 -0.0772269 0 -0.01
-0.0772269 0 0.01 -0.0738084 0 -0.01 -0.0738084 0 0.01
-0.0703826 0 -0.01 -0.0703826 0 0.01 -0.0669495 0 -0.01
-0.0669495 0 0.01 -0.0635091 0 -0.01 -0.0635091 0 0.01
-0.0600615 0 -0.01 -0.0600615 0 0.01 -0.0566066 0 -0.01
-0.0566066 0 0.01 -0.0531443 0 -0.01 -0.0531443 0 0.01
-0.0496747 0 -0.01 -0.0496747 0 0.01 -0.0461978 0 -0.01
-0.0461978 0 0.01 -0.0427135 0 -0.01 -0.0427135 0 0.01
-0.0392218 0 -0.01 -0.0392218 0 0.01 -0.0357227 0 -0.01
-0.0357227 0 0.01 -0.0322161 0 -0.01 -0.0322161 0 0.01
-0.0287022 0 -0.01 -0.0287022 0 0.01 -0.0251808 0 -0.01
-0.0251808 0 0.01 -0.021652 0 -0.01 -0.021652 0 0.01
-0.0181156 0 -0.01 -0.0181156 0 0.01 -0.0145718 -4.72678e-07 -0.01
-0.0145718 -4.72678e-07 0.01 -0.0110205 -1.60976e-06 -0.01 -0.0110205 -1.60976e-06 0.01
-0.00746162 -4.19662e-07 -0.01 -0.00746162 -4.19662e-07 0.01 -0.00389523 -9.30144e-06 -0.01
-0.00389523 -9.30144e-06 0.01 -0.000321283 -1.65032e-05 -0.01 -0.000321283 -1.65032e-05 0.01
0.00325972 3.49333e-05 -0.01 0.00325972 3.49333e-05 0.01 0.00684516 0.000149506 -0.01
0.00684516 0.000149506 0.01 0.0104382 0.000325491 -0.01 0.0104382 0.000325491 0.01
0.0140327 0.0005816 -0.01 0.0140327 0.0005816 0.01 0.0176259 0.000916238 -0.01
0.0176259 0.000916238 0.01 0.0212267 0.00132532 -0.01 0.0212267 0.00132532 0.01
0.0248181 0.00180526 -0.01 0.0248181 0.00180526 0.01 0.028409 0.00235799 -0.01
0.028409 0.00235799 0.01 0.0320075 0.00298045 -0.01 0.0320075 0.00298045 0.01
0.0355825 0.00366637 -0.01 0.0355825 0.00366637 0.01 0.0391635 0.00442042 -0.01
0.0391635 0.00442042 0.01 0.0427444 0.00523535 -0.01 0.0427444 0.00523535 0.01
0.0463035 0.00610753 -0.01 0.0463035 0.00610753 0.01 0.0498703 0.00704017 -0.01
0.0498703 0.00704017 0.01 0.0534272 0.00802253 -0.01 0.0534272 0.00802253 0.01
0.0569711 0.00905633 -0.01 0.0569711 0.00905633 0.01 0.0605225 0.0101409 -0.01
0.0605225 0.0101409 0.01 0.0640569 0.0112636 -0.01 0.0640569 0.0112636 0.01
0.0675877 0.0124314 -0.01 0.0675877 0.0124314 0.01 0.071126 0.0136388 -0.01
0.071126 0.0136388 0.01 0.074644 0.0148742 -0.01 0.074644 0.0148742 0.01
0.0781667 0.0161467 -0.01 0.0781667 0.0161467 0.01 0.0816939 0.0174461 -0.01
0.0816939 0.0174461 0.01 0.0852084 0.0187674 -0.01 0.0852084 0.0187674 0.01
0.0887303 0.0201149 -0.01 0.0887303 0.0201149 0.01 0.0922548 0.0214768 -0.01
0.0922548 0.0214768 0.01 0.0957774 0.0228553 -0.01 0.0957774 0.0228553 0.01
0.0993075 0.0242473 -0.01 0.0993075 0.0242473 0.01 0.102843 0.0256435 -0.01
0.102843 0.0256435 0.01 0.106383 0.0270488 -0.01 0.106383 0.0270488 0.01
0.109931 0.0284541 -0.01 0.109931 0.0284541 0.01 0.113492 0.0298562 -0.01
0.113492 0.0298562 0.01 0.117061 0.0312565 -0.01 0.117061 0.0312565 0.01
0.120639 0.0326432 -0.01 0.120639 0.0326432 0.01 0.124239 0.0340214 -0.01
0.124239 0.0340214 0.01 0.127847 0.0353833 -0.01 0.127847 0.0353833 0.01
0.131471 0.0367209 -0.01 0.131471 0.0367209 0.01 0.135119 0.0380404 -0.01
0.135119 0.0380404 0.01 0.138776 0.0393285 -0.01 0.138776 0.0393285 0.01
0.142461 0.0405845 -0.01 0.142461 0.0405845 0.01 0.146165 0.0418079 -0.01
0.146165 0.0418079 0.01 0.149878 0.0429847 -0.01 0.149878 0.0429847 0.01
0.153636 0.0441237 -0.01 0.153636 0.0441237 0.01 0.157403 0.0452119 -0.01
0.157403 0.0452119 0.01 0.161193 0.0462435 -0.01 0.161193 0.0462435 0.01
0.165016 0.0472224 -0.01 0.165016 0.0472224 0.01 0.168847 0.0481351 -0.01
0.168847 0.0481351 0.01 0.172718 0.0489834 -0.01 0.172718 0.0489834 0.01
0.176605 0.0497617 -0.01 0.176605 0.0497617 0.01 0.180511 0.0504623 -0.01
0.180511 0.0504623 0.01 0.184449 0.0510873 -0.01 0.184449 0.0510873 0.01
0.188395 0.0516281 -0.01 0.188395 0.0516281 0.01 0.192371 0.0520833 -0.01
0.192371 0.0520833 0.01 0.19636 0.0524503 -0.01 0.19636 0.0524503 0.01
0.200363 0.0527249 -0.01 0.200363 0.0527249 0.01 0.204384 0.0529063 -0.01
0.204384 0.0529063 0.01 0.208414 0.0529925 -0.01 0.208414 0.0529925 0.01
0.212454 0.0529819 -0.01 0.212454 0.0529819 0.01 0.216502 0.0528745 -0.01
0.216502 0.0528745 0.01 0.220553 0.0526705 -0.01 0.220553 0.0526705 0.01
0.224607 0.0523694 -0.01 0.224607 0.0523694 0.01 0.228668 0.0519734 -0.01
0.228668 0.0519734 0.01 0.232715 0.0514845 -0.01 0.232715 0.0514845 0.01
0.23677 0.0509026 -0.01 0.23677 0.0509026 0.01 0.240813 0.0502345 -0.01
0.240813 0.0502345 0.01 0.244851 0.0494783 -0.01 0.244851 0.0494783 0.01
0.24889 0.0486406 -0.01 0.24889 0.0486406 0.01 0.252906 0.0477256 -0.01
0.252906 0.0477256 0.01 0.25693 0.0467322 -0.01 0.25693 0.0467322 0.01
0.26093 0.0456738 -0.01 0.26093 0.0456738 0.01 0.264929 0.0445443 -0.01
0.264929 0.0445443 0.01 0.268923 0.0433551 -0.01 0.268923 0.0433551 0.01
0.272896 0.0421092 -0.01 0.272896 0.0421092 0.01 0.276879 0.0408062 -0.01
0.276879 0.0408062 0.01 0.280838 0.0394619 -0.01 0.280838 0.0394619 0.01
0.2848 0.0380679 -0.01 0.2848 0.0380679 0.01 0.28876 0.0366385 -0.01
0.28876 0.0366385 0.01 0.29271 0.0351735 -0.01 0.29271 0.0351735 0.01
0.296667 0.0336765 -0.01 0.296667 0.0336765 0.01 0.300616 0.0321595 -0.01
0.300616 0.0321595 0.01 0.30457 0.0306169 -0.01 0.30457 0.0306169 0.01
0.308529 0.0290628 -0.01 0.308529 0.0290628 0.01 0.31249 0.0274943 -0.01
0.31249 0.0274943 0.01 0.31646 0.0259208 -0.01 0.31646 0.0259208 0.01
0.320441 0.0243463 -0.01 0.320441 0.0243463 0.01 0.32443 0.0227728 -0.01
0.32443 0.0227728 0.01 0.328433 0.0212116 -0.01 0.328433 0.0212116 0.01
0.332453 0.0196588 -0.01 0.332453 0.0196588 0.01 0.336481 0.01813 -0.01
0.336481 0.01813 0.01 0.340542 0.0166194 -0.01 0.340542 0.0166194 0.01
0.344611 0.01514 -0.01 0.344611 0.01514 0.01 0.34871 0.0136966 -0.01
0.34871 0.0136966 0.01 0.35283 0.0122897 -0.01 0.35283 0.0122897 0.01
0.356969 0.0109346 -0.01 0.356969 0.0109346 0.01 0.361147 0.00962449 -0.01
0.361147 0.00962449 0.01 0.365334 0.00837807 -0.01 0.365334 0.00837807 0.01
0.36957 0.00719118 -0.01 0.36957 0.00719118 0.01 0.37382 0.00607562 -0.01
0.37382 0.00607562 0.01 0.378105 0.00503761 -0.01 0.378105 0.00503761 0.01
0.382417 0.0040788 -0.01 0.382417 0.0040788 0.01 0.386752 0.00321161 -0.01
0.386752 0.00321161 0.01 0.391124 0.00243432 -0.01 0.391124 0.00243432 0.01
0.395508 0.00175908 -0.01 0.395508 0.00175908 0.01 0.399933 0.00118553 -0.01
0.399933 0.00118553 0.01 0.404366 0.000721293 -0.01 0.404366 0.000721293 0.01
0.408828 0.000372581 -0.01 0.408828 0.000372581 0.01 0.413303 0.000136527 -0.01
0.413303 0.000136527 0.01 0.417792 1.53545e-05 -0.01 0.417792 1.53545e-05 0.01
0.422293 2.24238e-06 -0.01 0.422293 2.24238e-06 0.01 0.426804 -5.16471e-06 -0.01
0.426804 -5.16471e-06 0.01 0.431325 -2.75699e-06 -0.01 0.431325 -2.75699e-06 0.01
0.435855 0 -0.01 0.435855 0 0.01 0.440395 0 -0.01
0.440395 0 0.01 0.444944 0 -0.01 0.444944 0 0.01
0.449503 0 -0.01 0.449503 0 0.01 0.454072 0 -0.01
0.454072 0 0.01 0.45865 0 -0.01 0.45865 0 0.01
0.463238 0 -0.01 0.463238 0 0.01 0.467836 0 -0.01
0.467836 0 0.01 0.472443 0 -0.01 0.472443 0 0.01
0.477061 0 -0.01 0.477061 0 0.01 0.481688 0 -0.01
0.481688 0 0.01 0.486324 0 -0.01 0.486324 0 0.01
0.490971 0 -0.01 0.490971 0 0.01 0.495628 0 -0.01
0.495628 0 0.01 0.500294 0 -0.01 0.500294 0 0.01
0.50497 0 -0.01 0.50497 0 0.01 0.509657 0 -0.01
0.509657 0 0.01 0.514353 0 -0.01 0.514353 0 0.01
0.519059 0 -0.01 0.519059 0 0.01 0.523775 0 -0.01
0.523775 0 0.01 0.528501 0 -0.01 0.528501 0 0.01
0.533237 0 -0.01 0.533237 0 0.01 0.537983 0 -0.01
0.537983 0 0.01 0.542739 0 -0.01 0.542739 0 0.01
0.547505 0 -0.01 0.547505 0 0.01 0.552282 0 -0.01
0.552282 0 0.01 0.557068 0 -0.01 0.557068 0 0.01
0.561865 0 -0.01 0.561865 0 0.01 0.566672 0 -0.01
0.566672 0 0.01 0.571488 0 -0.01 0.571488 0 0.01
0.576316 0 -0.01 0.576316 0 0.01 0.581153 0 -0.01
0.581153 0 0.01 0.586001 0 -0.01 0.586001 0 0.01
0.590859 0 -0.01 0.590859 0 0.01 0.595727 0 -0.01
0.595727 0 0.01 0.600605 0 -0.01 0.600605 0 0.01
0.605494 0 -0.01 0.605494 0 0.01 0.610393 0 -0.01
0.610393 0 0.01 0.615303 0 -0.01 0.615303 0 0.01
0.620223 0 -0.01 0.620223 0 0.01 0.625153 0 -0.01
0.625153 0 0.01 0.630094 0 -0.01 0.630094 0 0.01
0.635046 0 -0.01 0.635046 0 0.01 0.640007 0 -0.01
0.640007 0 0.01 0.64498 0 -0.01 0.64498 0 0.01
0.649963 0 -0.01 0.649963 0 0.01 0.654956 0 -0.01
0.654956 0 0.01 0.65996 0 -0.01 0.65996 0 0.01
0.665573 0 -0.01 0.665573 0 0.01 0.67 0 -0.01
0.67 0 0.01
        </DataArray>
      </Points>
      <Polys>
        <DataArray type='Int32' Name='connectivity' format='ascii'>
0 1 2 3 1 4 5 2 4
6 7 5 6 8 9 7 8 10
11 9 10 12 13 11 12 14 15
13 14 16 17 15 16 18 19 17
18 20 21 19 20 22 23 21 22
24 25 23 24 26 27 25 26 28
29 27 28 30 31 29 30 32 33
31 32 34 35 33 34 36 37 35
36 38 39 37 38 40 41 39 40
42 43 41 42 44 45 43 44 46
47 45 46 48 49 47 48 50 51
49 50 52 53 51 52 54 55 53
54 56 57 55 56 58 59 57 58
60 61 59 60 62 63 61 62 64
65 63 64 66 67 65 66 68 69
67 68 70 71 69 70 72 73 71
72 74 75 73 74 76 77 75 76
78 79 77 78 80 81 79 80 82
83 81 82 84 85 83 84 86 87
85 86 88 89 87 88 90 91 89
90 92 93 91 92 94 95 93 94
96 97 95 96 98 99 97 98 100
101 99 100 102 103 101 102 104 105
103 104 106 107 105 106 108 109 107
108 110 111 109 110 112 113 111 112
114 115 113 114 116 117 115 116 118
119 117 118 120 121 119 120 122 123
121 122 124 125 123 124 126 127 125
126 128 129 127 128 130 131 129 130
132 133 131 132 134 135 133 134 136
137 135 136 138 139 137 138 140 141
139 140 142 143 141 142 144 145 143
144 146 147 145 146 148 149 147 148
150 151 149 150 152 153 151 152 154
155 153 154 156 157 155 156 158 159
157 158 160 161 159 160 162 163 161
162 164 165 163 164 166 167 165 166
168 169 167 168 170 171 169 170 172
173 171 172 174 175 173 174 176 177
175 176 178 179 177 178 180 181 179
180 182 183 181 182 184 185 183 184
186 187 185 186 188 189 187 188 190
191 189 190 192 193 191 192 194 195
193 194 196 197 195 196 198 199 197
198 200 201 199 200 202 203 201 202
204 205 203 204 206 207 205 206 208
209 207 208 210 211 209 210 212 213
211 212 214 215 213 214 216 217 215
216 218 219 217 218 220 221 219 220
222 223 221 222 224 225 223 224 226
227 225 226 228 229 227 228 230 231
229 230 232 233 231 232 234 235 233
234 236 237 235 236 238 239 237 238
240 241 239 240 242 243 241 242 244
245 243 244 246 247 245 246 248 249
247 248 250 251 249 250 252 253 251
252 254 255 253 254 256 257 255 256
258 259 257 258 260 261 259 260 262
263 261 262 264 265 263 264 266 267
265 266 268 269 267 268 270 271 269
270 272 273 271 272 274 275 273 274
276 277 275 276 278 279 277 278 280
281 279 280 282 283 281 282 284 285
283 284 286 287 285 286 288 289 287
288 290 291 289 290 292 293 291 292
294 295 293 294 296 297 295 296 298
299 297 298 300 301 299 300 302 303
301 302 304 305 303 304 306 307 305
306 308 309 307 308 310 311 309 310
312 313 311 312 314 315 313 314 316
317 315 316 318 319 317 318 320 321
319 320 322 323 321 322 324 325 323
324 326 327 325 326 328 329 327 328
330 331 329 330 332 333 331 332 334
335 333 334 336 337 335 336 338 339
337 338 340 341 339 340 342 343 341
342 344 345 343 344 346 347 345 346
348 349 347 348 350 351 349 350 352
353 351 352 354 355 353 354 356 357
355 356 358 359 357 358 360 361 359
360 362 363 361 362 364 365 363 364
366 367 365 366 368 369 367 368 370
371 369 370 372 373 371 372 374 375
373 374 376 377 375 376 378 379 377
378 380 381 379 380 382 383 381 382
384 385 383 384 386 387 385 386 388
389 387 388 390 391 389 390 392 393
391 392 394 395 393 394 396 397 395
396 398 399 397 398 400 401 399 400
402 403 401 402 404 405 403 404 406
407 405 406 408 409 407 408 410 411
409 410 412 413 411 412 414 415 413
414 416 417 415 416 418 419 417 418
420 421 419 420 422 423 421 422 424
425 423 424 426 427 425 426 428 429
427 428 430 431 429 430 432 433 431
432 434 435 433 434 436 437 435 436
438 439 437 438 440 441 439 440 442
443 441 442 444 445 443 444 446 447
445 446 448 449 447 448 450 451 449
450 452 453 451 452 454 455 453 454
456 457 455 456 458 459 457 458 460
461 459 460 462 463 461 462 464 465
463 464 466 467 465 466 468 469 467
468 470 471 469 470 472 473 471 472
474 475 473 474 476 477 475 476 478
479 477 478 480 481 479 480 482 483
481 482 484 485 483 484 486 487 485
486 488 489 487 488 490 491 489 490
492 493 491 492 494 495 493 494 496
497 495 496 498 499 497 498 500 501
499 500 502 503 501 502 504 505 503
504 506 507 505 506 508 509 507 508
510 511 509 510 512 513 511 512 514
515 513 514 516 517 515 516 518 519
517 518 520 521 519 520 522 523 521
522 524 525 523 524 526 527 525 526
528 529 527 528 530 531 529 530 532
533 531 532 534 535 533 534 536 537
535 536 538 539 537 538 540 541 539
540 542 543 541 542 544 545 543 544
546 547 545 546 548 549 547 548 550
551 549 550 552 553 551 552 554 555
553 554 556 557 555 556 558 559 557
558 560 561 559 560 562 563 561 562
564 565 563 564 566 567 565 566 568
569 567 568 570 571 569 570 572 573
571 572 574 575 573 574 576 577 575
576 578 579 577 578 580 581 579 580
582 583 581 582 584 585 583 584 586
587 585 586 588 589 587 588 590 591
589 590 592 593 591 592 594 595 593
594 596 597 595 596 598 599 597 598
600 601 599 600 602 603 601 602 604
605 603 604 606 607 605 606 608 609
607 608 610 611 609 610 612 613 611
612 614 615 613 614 616 617 615 616
618 619 617 618 620 621 619 620 622
623 621 622 624 625 623 624 626 627
625 626 628 629 627 628 630 631 629
630 632 633 631 632 634 635 633 634
636 637 635 636 638 639 637 638 640
641 639 640 642 643 641 642 644 645
643 644 646 647 645 646 648 649 647
648 650 651 649 650 652 653 651 652
654 655 653 654 656 657 655 656 658
659 657 658 660 661 659 660 662 663
661 662 664 665 663 664 666 667 665
666 668 669 667 668 670 671 669 670
672 673 671 672 674 675 673 674 676
677 675 676 678 679 677 678 680 681
679 680 682 683 681 682 684 685 683
684 686 687 685 686 688 689 687 688
690 691 689 690 692 693 691 692 694
695 693 694 696 697 695 696 698 699
697 698 700 701 699 700 702 703 701
702 704 705 703 704 706 707 705 706
708 709 707 708 710 711 709 710 712
713 711 712 714 715 713 714 716 717
715 716 718 719 717 718 720 721 719
720 722 723 721 722 724 725 723 724
726 727 725 726 728 729 727 728 730
731 729 730 732 733 731 732 734 735
733 734 736 737 735 736 738 739 737
738 740 741 739 740 742 743 741 742
744 745 743 744 746 747 745 746 748
749 747 748 750 751 749 750 752 753
751 752 754 755 753 754 756 757 755
756 758 759 757 758 760 761 759 760
762 763 761 762 764 765 763 764 766
767 765 766 768 769 767 768 770 771
769 770 772 773 771 772 774 775 773
774 776 777 775 776 778 779 777 778
780 781 779 780 782 783 781 782 784
785 783 784 786 787 785 786 788 789
787 788 790 791 789 790 792 793 791
792 794 795 793 794 796 797 795 796
798 799 797 798 800 801 799 800 802
803 801 802 804 805 803 804 806 807
805 806 808 809 807 808 810 811 809
810 812 813 811 812 814 815 813 814
816 817 815 816 818 819 817 818 820
821 819 820 822 823 821 822 824 825
823 824 826 827 825 826 828 829 827
828 830 831 829 830 832 833 831 832
834 835 833 834 836 837 835 836 838
839 837 838 840 841 839 840 842 843
841 842 844 845 843 844 846 847 845
846 848 849 847 848 850 851 849 850
852 853 851 852 854 855 853 854 856
857 855 856 858 859 857 858 860 861
859 860 862 863 861 862 864 865 863
864 866 867 865 866 868 869 867 868
870 871 869 870 872 873 871 872 874
875 873 874 876 877 875 876 878 879
877 878 880 881 879 880 882 883 881
882 884 885 883 884 886 887 885 886
888 889 887 888 890 891 889 890 892
893 891 892 894 895 893 894 896 897
895 896 898 899 897 898 900 901 899
900 902 903 901 902 904 905 903 904
906 907 905 906 908 909 907 908 910
911 909 910 912 913 911 912 914 915
913 914 916 917 915 916 918 919 917
918 920 921 919 920 922 923 921 922
924 925 923 924 926 927 925 926 928
929 927 928 930 931 929 930 932 933
931 932 934 935 933 934 936 937 935
936 938 939 937 938 940 941 939 940
942 943 941 942 944 945 943 944 946
947 945 946 948 949 947 948 950 951
949 950 952 953 951 952 954 955 953
954 956 957 955 956 958 959 957 958
960 961 959 960 962 963 961 962 964
965 963 964 966 967 965 966 968 969
967 968 970 971 969 970 972 973 971
972 974 975 973 974 976 977 975 976
978 979 977 978 980 981 979 980 982
983 981 982 984 985 983 984 986 987
985 986 988 989 987 988 990 991 989
990 992 993 991 992 994 995 993 994
996 997 995 996 998 999 997 998 1000
1001 999 1000 1002 1003 1001 1002 1004 1005
1003 1004 1006 1007 1005 1006 1008 1009 1007
1008 1010 1011 1009 1010 1012 1013 1011 1012
1014 1015 1013 1014 1016 1017 1015 1016 1018
1019 1017 1018 1020 1021 1019 1020 1022 1023
1021 1022 1024 1025 1023 1024 1026 1027 1025
1026 1028 1029 1027 1028 1030 1031 1029 1030
1032 1033 1031 1032 1034 1035 1033 1034 1036
1037 1035 1036 1038 1039 1037 1038 1040 1041
1039
        </DataArray>
        <DataArray type='Int32' Name='offsets' format='ascii'>
4 8 12 16 20 24 28 32 36
40 44 48 52 56 60 64 68 72
76 80 84 88 92 96 100 104 108
112 116 120 124 128 132 136 140 144
148 152 156 160 164 168 172 176 180
184 188 192 196 200 204 208 212 216
220 224 228 232 236 240 244 248 252
256 260 264 268 272 276 280 284 288
292 296 300 304 308 312 316 320 324
328 332 336 340 344 348 352 356 360
364 368 372 376 380 384 388 392 396
400 404 408 412 416 420 424 428 432
436 440 444 448 452 456 460 464 468
472 476 480 484 488 492 496 500 504
508 512 516 520 524 528 532 536 540
544 548 552 556 560 564 568 572 576
580 584 588 592 596 600 604 608 612
616 620 624 628 632 636 640 644 648
652 656 660 664 668 672 676 680 684
688 692 696 700 704 708 712 716 720
724 728 732 736 740 744 748 752 756
760 764 768 772 776 780 784 788 792
796 800 804 808 812 816 820 824 828
832 836 840 844 848 852 856 860 864
868 872 876 880 884 888 892 896 900
904 908 912 916 920 924 928 932 936
940 944 948 952 956 960 964 968 972
976 980 984 988 992 996 1000 1004 1008
1012 1016 1020 1024 1028 1032 1036 1040 1044
1048 1052 1056 1060 1064 1068 1072 1076 1080
1084 1088 1092 1096 1100 1104 1108 1112 1116
1120 1124 1128 1132 1136 1140 1144 1148 1152
1156 1160 1164 1168 1172 1176 1180 1184 1188
1192 1196 1200 1204 1208 1212 1216 1220 1224
1228 1232 1236 1240 1244 1248 1252 1256 1260
1264 1268 1272 1276 1280 1284 1288 1292 1296
1300 1304 1308 1312 1316 1320 1324 1328 1332
1336 1340 1344 1348 1352 1356 1360 1364 1368
1372 1376 1380 1384 1388 1392 1396 1400 1404
1408 1412 1416 1420 1424 1428 1432 1436 1440
1444 1448 1452 1456 1460 1464 1468 1472 1476
1480 1484 1488 1492 1496 1500 1504 1508 1512
1516 1520 1524 1528 1532 1536 1540 1544 1548
1552 1556 1560 1564 1568 1572 1576 1580 1584
1588 1592 1596 1600 1604 1608 1612 1616 1620
1624 1628 1632 1636 1640 1644 1648 1652 1656
1660 1664 1668 1672 1676 1680 1684 1688 1692
1696 1700 1704 1708 1712 1716 1720 1724 1728
1732 1736 1740 1744 1748 1752 1756 1760 1764
1768 1772 1776 1780 1784 1788 1792 1796 1800
1804 1808 1812 1816 1820 1824 1828 1832 1836
1840 1844 1848 1852 1856 1860 1864 1868 1872
1876 1880 1884 1888 1892 1896 1900 1904 1908
1912 1916 1920 1924 1928 1932 1936 1940 1944
1948 1952 1956 1960 1964 1968 1972 1976 1980
1984 1988 1992 1996 2000 2004 2008 2012 2016
2020 2024 2028 2032 2036 2040 2044 2048 2052
2056 2060 2064 2068 2072 2076 2080
        </DataArray>
      </Polys>
      <CellData>
        <DataArray type='Float32' Name='Cx' format='ascii'>
-0.89945 -0.898137 -0.896467 -0.894586 -0.892643 -0.890785 -0.889048 -0.88735 -0.885648
-0.883942 -0.882233 -0.88052 -0.878804 -0.877084 -0.87536 -0.873633 -0.871902 -0.870167
-0.868429 -0.866687 -0.864941 -0.863192 -0.861439 -0.859682 -0.857922 -0.856157 -0.854389
-0.852618 -0.850842 -0.849063 -0.84728 -0.845493 -0.843703 -0.841908 -0.84011 -0.838308
-0.836502 -0.834693 -0.832879 -0.831062 -0.829241 -0.827416 -0.825587 -0.823754 -0.821917
-0.820077 -0.818232 -0.816384 -0.814532 -0.812675 -0.810815 -0.808951 -0.807083 -0.805211
-0.803335 -0.801455 -0.799572 -0.797684 -0.795792 -0.793896 -0.791996 -0.790092 -0.788184
-0.786272 -0.784356 -0.782436 -0.780512 -0.778583 -0.776651 -0.774714 -0.772774 -0.770829
-0.76888 -0.766927 -0.76497 -0.763009 -0.761044 -0.759074 -0.757101 -0.755123 -0.753141
-0.751154 -0.749164 -0.747169 -0.74517 -0.743167 -0.74116 -0.739148 -0.737132 -0.735112
-0.733087 -0.731058 -0.729025 -0.726988 -0.724946 -0.7229 -0.72085 -0.718795 -0.716736
-0.714673 -0.712605 -0.710533 -0.708456 -0.706375 -0.70429 -0.7022 -0.700106 -0.698007
-0.695904 -0.693796 -0.691684 -0.689568 -0.687447 -0.685321 -0.683191 -0.681057 -0.678918
-0.676774 -0.674626 -0.672474 -0.670316 -0.668155 -0.665988 -0.663817 -0.661642 -0.659461
-0.657277 -0.655087 -0.652893 -0.650694 -0.648491 -0.646283 -0.64407 -0.641853 -0.639631
-0.637404 -0.635172 -0.632936 -0.630695 -0.628449 -0.626199 -0.623944 -0.621684 -0.619419
-0.617149 -0.614875 -0.612595 -0.610311 -0.608022 -0.605729 -0.60343 -0.601126 -0.598818
-0.596505 -0.594187 -0.591863 -0.589535 -0.587202 -0.584864 -0.582522 -0.580174 -0.577821
-0.575463 -0.5731 -0.570733 -0.56836 -0.565982 -0.563599 -0.561211 -0.558818 -0.55642
-0.554017 -0.551609 -0.549195 -0.546777 -0.544353 -0.541925 -0.539491 -0.537052 -0.534608
-0.532158 -0.529704 -0.527244 -0.524779 -0.522309 -0.519833 -0.517353 -0.514867 -0.512376
-0.509879 -0.507377 -0.50487 -0.502358 -0.49984 -0.497317 -0.494789 -0.492255 -0.489716
-0.487172 -0.484622 -0.482066 -0.479506 -0.476939 -0.474368 -0.471791 -0.469208 -0.466621
-0.464027 -0.461428 -0.458824 -0.456214 -0.453598 -0.450977 -0.448351 -0.445719 -0.443081
-0.440438 -0.437789 -0.435134 -0.432474 -0.429808 -0.427137 -0.42446 -0.421777 -0.419088
-0.416394 -0.413694 -0.410989 -0.408278 -0.40556 -0.402838 -0.400109 -0.397375 -0.394635
-0.391889 -0.389137 -0.386379 -0.383616 -0.380846 -0.378071 -0.37529 -0.372503 -0.36971
-0.366912 -0.364107 -0.361296 -0.35848 -0.355657 -0.352828 -0.349994 -0.347153 -0.344307
-0.341454 -0.338595 -0.335731 -0.33286 -0.329983 -0.3271 -0.324211 -0.321316 -0.318414
-0.315507 -0.312593 -0.309674 -0.306748 -0.303815 -0.300877 -0.297932 -0.294981 -0.292024
-0.289061 -0.286091 -0.283115 -0.280133 -0.277144 -0.274149 -0.271148 -0.26814 -0.265126
-0.262106 -0.259079 -0.256046 -0.253006 -0.24996 -0.246908 -0.243849 -0.240783 -0.237711
-0.234633 -0.231548 -0.228456 -0.225358 -0.222253 -0.219142 -0.216024 -0.2129 -0.209769
-0.206631 -0.203487 -0.200336 -0.197178 -0.194014 -0.190843 -0.187665 -0.18448 -0.181289
-0.178091 -0.174886 -0.171674 -0.168456 -0.165231 -0.161999 -0.15876 -0.155514 -0.152261
-0.149002 -0.145735 -0.142462 -0.139182 -0.135894 -0.1326 -0.129299 -0.125991 -0.122675
-0.119353 -0.116024 -0.112687 -0.109344 -0.105994 -0.102636 -0.0992712 -0.0958993 -0.0925203
-0.0891342 -0.0857408 -0.0823403 -0.0789326 -0.0755176 -0.0720955 -0.068666 -0.0652293 -0.0617853
-0.058334 -0.0548754 -0.0514095 -0.0479362 -0.0444556 -0.0409676 -0.0374722 -0.0339694 -0.0304592
-0.0269415 -0.0234164 -0.0198838 -0.0163437 -0.0127961 -0.00924105 -0.00567842 -0.00210826 0.00146922
0.00505244 0.00864169 0.0122355 0.0158293 0.0194263 0.0230224 0.0266135 0.0302082 0.033795
0.037373 0.0409539 0.044524 0.0480869 0.0516488 0.0551992 0.0587468 0.0622897 0.0658223
0.0693569 0.072885 0.0764053 0.0799303 0.0834512 0.0869693 0.0904926 0.0940161 0.0975424
0.101075 0.104613 0.108157 0.111712 0.115277 0.11885 0.122439 0.126043 0.129659
0.133295 0.136948 0.140618 0.144313 0.148022 0.151757 0.155519 0.159298 0.163104
0.166931 0.170783 0.174662 0.178558 0.18248 0.186422 0.190383 0.194366 0.198362
0.202374 0.206399 0.210434 0.214478 0.218528 0.22258 0.226638 0.230692 0.234743
0.238792 0.242832 0.246871 0.250898 0.254918 0.25893 0.262929 0.266926 0.27091
0.274888 0.278859 0.282819 0.28678 0.290735 0.294688 0.298641 0.302593 0.306549
0.310509 0.314475 0.31845 0.322435 0.326431 0.330443 0.334467 0.338512 0.342577
0.346661 0.35077 0.354899 0.359058 0.363241 0.367452 0.371695 0.375962 0.380261
0.384585 0.388938 0.393316 0.39772 0.40215 0.406597 0.411065 0.415547 0.420043
0.424549 0.429064 0.43359 0.438125 0.442669 0.447223 0.451787 0.456361 0.460944
0.465537 0.47014 0.474752 0.479374 0.484006 0.488648 0.493299 0.497961 0.502632
0.507313 0.512005 0.516706 0.521417 0.526138 0.530869 0.53561 0.540361 0.545122
0.549894 0.554675 0.559467 0.564268 0.56908 0.573902 0.578734 0.583577 0.58843
0.593293 0.598166 0.60305 0.607944 0.612848 0.617763 0.622688 0.627624 0.63257
0.637527 0.642494 0.647471 0.652459 0.657458 0.662766 0.667786
        </DataArray>
        <DataArray type='Float32' Name='Cy' format='ascii'>
0 0 0 0 0 0 0 0 0
0 0 0 0 0 0 0 0 0
0 0 0 0 0 0 0 0 0
0 0 0 0 0 0 0 0 0
0 0 0 0 0 0 0 0 0
0 0 0 0 0 0 0 0 0
0 0 0 0 0 0 0 0 0
0 0 0 0 0 0 0 0 0
0 0 0 0 0 0 0 0 0
0 0 0 0 0 0 0 0 0
0 0 0 0 0 0 0 0 0
0 0 0 0 0 0 0 0 0
0 0 0 0 0 0 0 0 0
0 0 0 0 0 0 0 0 0
0 0 0 0 0 0 0 0 0
0 0 0 0 0 0 0 0 0
0 0 0 0 0 0 0 0 0
0 0 0 0 0 0 0 0 0
0 0 0 0 0 0 0 0 0
0 0 0 0 0 0 0 0 0
0 0 0 0 0 0 0 0 0
0 0 0 0 0 0 0 0 0
0 0 0 0 0 0 0 0 0
0 0 0 0 0 0 0 0 0
0 0 0 0 0 0 0 0 0
0 0 0 0 0 0 0 0 0
0 0 0 0 0 0 0 0 0
0 0 0 0 0 0 0 0 0
0 0 0 0 0 0 0 0 0
0 0 0 0 0 0 0 0 0
0 0 0 0 0 0 0 0 0
0 0 0 0 0 0 0 0 0
0 0 0 0 0 0 0 0 0
0 0 0 0 0 0 0 0 0
0 0 0 0 0 0 0 0 0
0 0 0 0 0 0 0 0 0
0 0 0 0 0 0 0 0 0
0 0 0 0 0 0 0 0 0
0 0 0 0 0 0 0 0 0
0 0 0 -2.36339e-07 -1.04122e-06 -1.01471e-06 -4.86055e-06 -1.29023e-05 9.21505e-06
9.22195e-05 0.000237498 0.000453545 0.000748919 0.00112078 0.00156529 0.00208162 0.00266922 0.00332341
0.0040434 0.00482789 0.00567144 0.00657385 0.00753135 0.00853943 0.0095986 0.0107022 0.0118475
0.0130351 0.0142565 0.0155105 0.0167964 0.0181068 0.0194412 0.0207958 0.022166 0.0235513
0.0249454 0.0263461 0.0277514 0.0291552 0.0305564 0.0319498 0.0333323 0.0347024 0.0360521
0.0373806 0.0386845 0.0399565 0.0411962 0.0423963 0.0435542 0.0446678 0.0457277 0.0467329
0.0476787 0.0485592 0.0493725 0.050112 0.0507748 0.0513577 0.0518557 0.0522668 0.0525876
0.0528156 0.0529494 0.0529872 0.0529282 0.0527725 0.05252 0.0521714 0.0517289 0.0511935
0.0505685 0.0498564 0.0490594 0.0481831 0.0472289 0.046203 0.045109 0.0439497 0.0427321
0.0414577 0.040134 0.0387649 0.0373532 0.035906 0.034425 0.032918 0.0313882 0.0298398
0.0282785 0.0267075 0.0251336 0.0235596 0.0219922 0.0204352 0.0188944 0.0173747 0.0158797
0.0144183 0.0129931 0.0116121 0.0102795 0.00900128 0.00778462 0.0066334 0.00555662 0.00455821
0.0036452 0.00282296 0.0020967 0.00147231 0.00095341 0.000546937 0.000254554 7.5941e-05 8.79846e-06
-1.46117e-06 -3.96085e-06 -1.3785e-06 0 0 0 0 0 0
0 0 0 0 0 0 0 0 0
0 0 0 0 0 0 0 0 0
0 0 0 0 0 0 0 0 0
0 0 0 0 0 0 0 0 0
0 0 0 0 0 0 0
        </DataArray>
        <DataArray type='Float32' Name='Cz' format='ascii'>
4.27223e-20 -3.45924e-20 -5.29519e-20 4.37488e-20 -1.99672e-20 -7.44368e-20 -5.89213e-20 -3.79638e-20 8.64835e-20
-1.10008e-19 1.17207e-19 -1.19689e-19 -3.71989e-20 1.16685e-19 -2.66681e-20 4.48999e-20 5.50622e-20 9.56686e-20
5.49762e-20 -1.17097e-19 -5.69761e-21 -1.06379e-19 -6.58591e-20 1.04933e-19 -4.54086e-20 1.04636e-19 -4.50702e-20
-5.10351e-21 2.4766e-20 2.4787e-20 4.4581e-20 7.41569e-20 2.48497e-20 1.50466e-20 2.48913e-20 -1.0226e-19
6.39797e-20 3.46945e-20 -3.3349e-20 3.46945e-20 -7.17793e-20 -1.00531e-19 -7.13295e-20 -3.77818e-21 7.30858e-20
3.46945e-20 9.20381e-20 1.56203e-20 6.32452e-20 -5.07765e-20 6.26438e-21 6.3245e-21 5.35678e-20 -4.06392e-20
4.40913e-20 6.5637e-21 -4.01623e-20 3.46945e-20 7.19647e-20 6.80088e-21 7.18073e-20 1.61773e-20 -2.07396e-20
-5.75002e-20 -4.81053e-20 7.15291e-21 -5.69166e-20 -6.58646e-20 9.85513e-20 -1.718e-21 -1.07249e-20 6.18884e-20
-3.76695e-20 -7.36219e-20 7.97309e-20 -9.11408e-20 -1.01517e-20 1.6794e-20 9.72138e-20 3.46945e-20 -4.5348e-20
-4.51787e-20 -4.50098e-20 -2.71667e-20 1.05243e-19 -9.73051e-20 -1.79937e-20 -6.16963e-20 -9.64695e-20 9.57749e-20
2.59871e-20 -4.35057e-20 3.46945e-20 -5.18276e-20 -5.16446e-20 -9.45403e-20 8.90217e-21 1.03328e-19 6.89389e-20
-4.21926e-20 3.46945e-20 -3.33609e-20 9.4117e-20 6.01074e-20 -7.51954e-20 9.38889e-21 2.62771e-20 -7.44998e-20
-1.55963e-20 1.23818e-21 9.31192e-20 -1.5278e-20 -7.33502e-20 1.01043e-19 1.59041e-21 5.12115e-20 -9.71623e-20
3.46945e-20 -2.27492e-20 -1.44388e-20 -3.06781e-20 -4.68484e-20 -6.29501e-20 7.52937e-20 -4.63322e-20 2.35233e-21
-4.59899e-20 -4.58193e-20 1.05914e-20 -1.34097e-20 -6.13105e-20 -2.91735e-20 -2.90384e-20 6.64935e-20 7.43592e-20
2.67783e-20 -4.43e-20 -2.83674e-20 -7.54305e-20 1.11462e-20 -8.27981e-20 6.59596e-20 5.80937e-20 -4.22181e-21
-5.85071e-20 -4.28093e-20 3.75853e-21 -5.01995e-20 -2.6916e-20 -2.67857e-20 -4.96621e-20 -8.00939e-20 -1.87602e-20
5.75552e-20 4.99027e-20 -7.15381e-20 -9.40294e-20 1.20265e-20 1.20745e-20 7.23148e-20 -7.79278e-20 -6.27051e-20
6.46002e-20 -1.00693e-20 -8.44231e-20 -9.88016e-21 -1.71993e-20 -8.3669e-20 4.94586e-20 1.23092e-19 5.29091e-21
1.81401e-19 9.32531e-20 -1.69828e-19 -1.25662e-19 4.92415e-20 -1.68533e-19 1.7955e-19 -9.53997e-20 -1.52822e-19
-8.04563e-20 -5.1486e-20 1.0636e-19 -1.51241e-19 -5.09404e-20 -7.9244e-20 1.76816e-19 6.30587e-20 -7.85227e-20
-7.82833e-20 -7.80444e-20 -7.49321e-21 6.62882e-21 2.06913e-20 4.8668e-20 -6.29135e-20 7.6438e-20 -1.18041e-19
-1.59286e-19 7.04162e-21 1.31275e-19 7.15844e-21 -3.4e-20 -8.86942e-20 -7.47524e-20 1.57562e-19 1.16433e-19
-4.68711e-20 7.5391e-20 1.56526e-19 -3.28465e-20 1.02093e-19 -8.63657e-20 -8.61098e-20 1.55243e-19 1.1489e-19
-1.65371e-19 -5.84722e-20 2.14131e-20 -3.1572e-20 1.27271e-19 1.27076e-19 -1.62846e-19 3.46945e-20 1.39605e-19
1.52469e-19 -1.08947e-19 8.68175e-20 4.76977e-20 -4.23262e-21 1.38281e-19 8.6378e-20 -4.26669e-20 -1.06835e-19
-1.66619e-20 4.75064e-20 -1.18724e-19 -3.57897e-21 8.56178e-20 2.19906e-20 -1.1743e-19 1.35896e-19 1.35682e-19
7.24849e-20 -9.10072e-20 -2.93629e-21 -4.04079e-20 -1.27683e-19 1.0948e-19 -7.7246e-20 -1.39067e-19 -3.96172e-20
8.41308e-20 -1.46374e-20 1.20843e-19 -1.24957e-19 1.08224e-19 1.20297e-19 5.91007e-20 1.07758e-19 -5.03665e-20
-6.23125e-20 -5.00071e-20 -1.10201e-19 -1.46042e-19 1.42907e-19 1.06981e-20 -1.32925e-19 -1.08676e-19 -7.26058e-20
1.06077e-19 -9.2119e-22 2.28477e-20 7.01597e-20 -8.32729e-20 -1.30111e-19 -7.10276e-20 -3.56379e-20 -3.97345e-22
-2.36682e-20 1.16229e-19 1.2768e-19 2.30958e-20 3.46945e-20 -1.15041e-20 5.77449e-20 -1.14817e-19 1.37983e-19
2.32422e-20 -7.9586e-20 1.03118e-19 1.02973e-19 -9.02183e-20 1.3668e-19 -6.70751e-20 1.36249e-19 -1.11685e-19
9.08752e-20 -2.13675e-20 1.13015e-19 1.01685e-19 6.81187e-20 1.23637e-19 -5.40603e-20 1.23262e-19 1.55203e-21
-9.40201e-21 -4.23112e-20 6.76271e-20 -7.48489e-20 1.28321e-20 1.11051e-19 -7.41554e-20 3.46945e-20 6.72115e-20
-7.34664e-20 -8.40309e-20 -6.22391e-20 1.31992e-20 5.61443e-20 -5.09232e-20 1.33353e-20 6.66655e-20 -6.10157e-20
-1.24485e-19 -6.06114e-20 5.58288e-20 7.68737e-20 5.57395e-20 2.41942e-20 -4.91299e-20 9.74298e-20 5.5562e-20
-6.94228e-20 -2.76438e-20 1.28004e-19 4.50403e-20 4.50184e-20 8.6205e-20 -3.72678e-20 -2.6857e-20 5.51683e-20
-1.63818e-20 2.45008e-20 -5.99389e-21 -1.17564e-19 8.53401e-20 -1.16921e-19 -6.61688e-20 -2.56955e-20 2.46508e-20
-1.54179e-20 5.4697e-20 7.4615e-20 6.45716e-20 -1.04437e-19 -1.1406e-19 -1.13745e-19 5.44446e-20 7.4113e-20
-8.33662e-20 -1.02657e-19 2.49007e-20 2.49147e-20 -8.21701e-20 -5.29723e-20 5.41226e-20 4.43586e-20 1.53041e-20
-1.19612e-19 8.27461e-20 3.46945e-20 2.51212e-20 -3.22546e-20 -3.54696e-21 -1.07873e-19 8.22796e-20 9.16356e-20
-7.85865e-20 -3.15645e-20 -9.72239e-20 2.53055e-20 -6.87039e-20 -4.954e-20 -3.06887e-20 -2.6259e-21 2.53935e-20
3.46945e-20 9.95483e-20 -1.15446e-20 -1.12876e-19 -2.12576e-21 7.1489e-20 8.04674e-20 3.46945e-20 7.12418e-20
-5.62692e-20 8.93185e-20 -9.22263e-20 -1.10039e-19 -2.87388e-20 2.57068e-20 -4.63223e-20 -8.21168e-20 8.83519e-20
-5.49168e-20 -3.65453e-20 -1.07754e-19 8.80667e-20 1.69921e-20 -8.04876e-20 2.58749e-20 4.3504e-20 2.58982e-20
8.73023e-20 7.84761e-20 8.48474e-21 -1.75938e-20 2.5994e-20 6.07417e-20 -8.55461e-21 -8.6521e-20 -3.42216e-20
1.03604e-19 -4.26106e-20 -8.50898e-20 5.18331e-20 4.32092e-20 -8.47223e-20 -9.27201e-20 1.77562e-20 -5.85251e-20
2.62714e-20 -9.19096e-20 9.4867e-21 1.01763e-19 -8.26053e-20 -5.70541e-20 5.97272e-20 -4.01401e-20 6.78882e-20
8.43933e-20 7.60166e-20 -1.4777e-20 5.11555e-20 -1.45825e-20 -3.90217e-20 4.28852e-20 8.35695e-20 -4.68149e-20
5.90607e-20 -6.25796e-20 4.27992e-20 2.45587e-21 -2.99323e-20 -5.3561e-20 2.56436e-21 2.67287e-21 7.4635e-20
4.26787e-20 -5.27224e-20 4.26516e-20 5.84262e-20 -3.65552e-20 1.1036e-20 8.98296e-20 -4.38963e-20 8.17378e-20
-9.04877e-20 -9.02211e-20 3.53162e-21 -5.85964e-20 -4.28835e-20 -5.82023e-20 4.24195e-20 -1.92664e-20 -6.53066e-20
1.16661e-20 -3.42446e-20 -1.88114e-20 -7.97185e-20 -5.66424e-20 4.22898e-20 -7.89943e-20 4.98209e-20 4.22417e-20
-5.56808e-20 2.71791e-20 -2.80281e-21 -1.02071e-20 -1.75799e-20 -5.47293e-20 -6.19764e-20 -1.7249e-20 -6.1568e-20
1.23364e-19 -5.37878e-20 -6.83166e-20 -2.40445e-20 6.40019e-20 -6.76645e-20 3.46945e-20 3.46945e-20 9.28151e-20
7.81927e-20 1.21507e-19 -1.6744e-19 -2.29361e-20 -3.71914e-20 -5.13862e-20 1.63542e-19 1.48984e-19 -5.08413e-20
1.34275e-19 -6.46756e-20 -7.80266e-21 -3.59843e-20 -1.34576e-19 3.46945e-20 -2.90805e-20
        </DataArray>
        <DataArray type='Float32' Name='k' format='ascii'>
0.179574 0.179574 0.179574 0.179574 0.179574 0.179574 0.179574 0.179574 0.179574
0.179574 0.179574 0.179574 0.179574 0.179574 0.179574 0.179574 0.179574 0.179574
0.179574 0.179574 0.179574 0.179574 0.179574 0.179574 0.179574 0.179574 0.179574
0.179574 0.179574 0.179574 0.179574 0.179574 0.179574 0.179574 0.179574 0.179574
0.179574 0.179574 0.179574 0.179574 0.179574 0.179574 0.179574 0.179574 0.179574
0.179574 0.179574 0.179574 0.179574 0.179574 0.179574 0.179574 0.179574 0.179574
0.179574 0.179574 0.179574 0.179574 0.179574 0.179574 0.179574 0.179574 0.179574
0.179574 0.179574 0.179574 0.179574 0.179574 0.179574 0.179574 0.179574 0.179574
0.179574 0.179574 0.179574 0.179574 0.179574 0.179574 0.179574 0.179574 0.179574
0.179574 0.179574 0.179574 0.179574 0.179574 0.179574 0.179574 0.179574 0.179574
0.179574 0.179574 0.179574 0.179574 0.179574 0.179574 0.179574 0.179574 0.179574
0.179574 0.179574 0.179574 0.179574 0.179574 0.179574 0.179574 0.179574 0.179574
0.179574 0.179574 0.179574 0.179574 0.179574 0.179574 0.179574 0.179574 0.179574
0.179574 0.179574 0.179574 0.179574 0.179574 0.179574 0.179574 0.179574 0.179574
0.179574 0.179574 0.179574 0.179574 0.179574 0.179574 0.179574 0.179574 0.179574
0.179574 0.179574 0.179574 0.179574 0.179574 0.179574 0.179574 0.179574 0.179574
0.179574 0.179574 0.179574 0.179574 0.179574 0.179574 0.179574 0.179574 0.179574
0.179574 0.179574 0.179574 0.179574 0.179574 0.179574 0.179574 0.179574 0.179574
0.179574 0.179574 0.179574 0.179574 0.179574 0.179574 0.179574 0.179574 0.179574
0.179574 0.179574 0.179574 0.179574 0.179574 0.179574 0.179574 0.179574 0.179574
0.179574 0.179574 0.179574 0.179574 0.179574 0.179574 0.179574 0.179574 0.179574
0.179574 0.179574 0.179574 0.179574 0.179574 0.179574 0.179574 0.179574 0.179574
0.179574 0.179574 0.179574 0.179574 0.179574 0.179574 0.179574 0.179574 0.179574
0.179574 0.179574 0.179574 0.179574 0.179574 0.179574 0.179574 0.179574 0.179574
0.179574 0.179574 0.179574 0.179574 0.179574 0.179574 0.179574 0.179574 0.179574
0.179574 0.179574 0.179574 0.179574 0.179574 0.179574 0.179574 0.179574 0.179574
0.179574 0.179574 0.179574 0.179574 0.179574 0.179574 0.179574 0.179574 0.179574
0.179574 0.179574 0.179574 0.179574 0.179574 0.179574 0.179574 0.179574 0.179574
0.179574 0.179574 0.179574 0.179574 0.179574 0.179574 0.179574 0.179574 0.179574
0.179574 0.179574 0.179574 0.179574 0.179574 0.179574 0.179574 0.179574 0.179574
0.179574 0.179574 0.179574 0.179574 0.179574 0.179574 0.179574 0.179574 0.179574
0.179574 0.179574 0.179574 0.179574 0.179574 0.179574 0.179574 0.179574 0.179574
0.179574 0.179574 0.179574 0.179574 0.179574 0.179574 0.179574 0.179574 0.179574
0.179574 0.179574 0.179574 0.179574 0.179574 0.179574 0.179574 0.179574 0.179574
0.179574 0.179574 0.179574 0.179574 0.179574 0.179574 0.179574 0.179574 0.179574
0.179574 0.179574 0.179574 0.179574 0.179574 0.179574 0.179574 0.179574 0.179574
0.179574 0.179574 0.179574 0.179574 0.179574 0.179574 0.179574 0.179574 0.179574
0.179574 0.179574 0.179574 0.179574 0.179574 0.179574 0.179574 0.179574 0.179574
0.179574 0.179574 0.179574 0.179574 0.179574 0.179574 0.179574 0.179574 0.179574
0.179574 0.179574 0.179574 0.179574 0.179574 0.179574 0.179574 0.179574 0.179574
0.179574 0.179574 0.179574 0.179574 0.179574 0.179574 0.179574 0.179574 0.179574
0.179574 0.179574 0.179574 0.179574 0.179574 0.179574 0.179574 0.179574 0.179574
0.179574 0.179574 0.179574 0.179574 0.179574 0.179574 0.179574 0.179574 0.179574
0.179574 0.179574 0.179574 0.179574 0.179574 0.179574 0.179574 0.179574 0.179574
0.179574 0.179574 0.179574 0.179574 0.179574 0.179574 0.179574 0.179574 0.179574
0.179574 0.179574 0.179574 0.179574 0.179574 0.179574 0.179574 0.179574 0.179574
0.179574 0.179574 0.179574 0.179574 0.179574 0.179574 0.179574 0.179574 0.179574
0.179574 0.179574 0.179574 0.179574 0.179574 0.179574 0.179574 0.179574 0.179574
0.179574 0.179574 0.179574 0.179574 0.179574 0.179574 0.179574 0.179574 0.179574
0.179574 0.179574 0.179574 0.179574 0.179574 0.179574 0.179574 0.179574 0.179574
0.179574 0.179574 0.179574 0.179574 0.179574 0.179574 0.179574 0.179574 0.179574
0.179574 0.179574 0.179574 0.179574 0.179574 0.179574 0.179574 0.179574 0.179574
0.179574 0.179574 0.179574 0.179574 0.179574 0.179574 0.179574 0.179574 0.179574
0.179574 0.179574 0.179574 0.179574 0.179574 0.179574 0.179574 0.179574 0.179574
0.179574 0.179574 0.179574 0.179574 0.179574 0.179574 0.179574 0.179574 0.179574
0.179574 0.179574 0.179574 0.179574 0.179574 0.179574 0.179574 0.179574 0.179574
0.179574 0.179574 0.179574 0.179574 0.179574 0.179574 0.179574 0.179574 0.179574
0.179574 0.179574 0.179574 0.179574 0.179574 0.179574 0.179574
        </DataArray>
        <DataArray type='Float32' Name='nut' format='ascii'>
0 0 0 0 0 0 0 0 0
0 0 0 0 0 0 0 0 0
0 0 0 0 0 0 0 0 0
0 0 0 0 0 0 0 0 0
0 0 0 0 0 0 0 0 0
0 0 0 0 0 0 0 0 0
0 0 0 0 0 0 0 0 0
0 0 0 0 0 0 0 0 0
0 0 0 0 0 0 0 0 0
0 0 0 0 0 0 0 0 0
0 0 0 0 0 0 0 0 0
0 0 0 0 0 0 0 0 0
0 0 0 0 0 0 0 0 0
0 0 0 0 0 0 0 0 0
0 0 0 0 0 0 0 0 0
0 0 0 0 0 0 0 0 0
0 0 0 0 0 0 0 0 0
0 0 0 0 0 0 0 0 0
0 0 0 0 0 0 0 0 0
0 0 0 0 0 0 0 0 0
0 0 0 0 0 0 0 0 0
0 0 0 0 0 0 0 0 0
0 0 0 0 0 0 0 0 0
0 0 0 0 0 0 0 0 0
0 0 0 0 0 0 0 0 0
0 0 0 0 0 0 0 0 0
0 0 0 0 0 0 0 0 0
0 0 0 0 0 0 0 0 0
0 0 0 0 0 0 0 0 0
0 0 0 0 0 0 0 0 0
0 0 0 0 0 0 0 0 0
0 0 0 0 0 0 0 0 0
0 0 0 0 0 0 0 0 0
0 0 0 0 0 0 0 0 0
0 0 0 0 0 0 0 0 0
0 0 0 0 0 0 0 0 0
0 0 0 0 0 0 0 0 0
0 0 0 0 0 0 0 0 0
0 0 0 0 0 0 0 0 0
0 0 0 0 0 0 0 0 0
0 0 0 0 0 0 0 0 0
0 0 0 0 0 0 0 0 0
0 0 0 0 0 0 0 0 0
0 0 0 0 0 0 0 0 0
0 0 0 0 0 0 0 0 0
0 0 0 0 0 0 0 0 0
0 0 0 0 0 0 0 0 0
0 0 0 0 0 0 0 0 0
0 0 0 0 0 0 0 0 0
0 0 0 0 0 0 0 0 0
0 0 0 0 0 0 0 0 0
0 0 0 0 0 0 0 0 0
0 0 0 0 0 0 0 0 0
0 0 0 0 0 0 0 0 0
0 0 0 0 0 0 0 0 0
0 0 0 0 0 0 0 0 0
0 0 0 0 0 0 0 0 0
0 0 0 0 0 0 0
        </DataArray>
        <DataArray type='Float32' Name='omega' format='ascii'>
316 316 316 316 316 316 316 316 316
316 316 316 316 316 316 316 316 316
316 316 316 316 316 316 316 316 316
316 316 316 316 316 316 316 316 316
316 316 316 316 316 316 316 316 316
316 316 316 316 316 316 316 316 316
316 316 316 316 316 316 316 316 316
316 316 316 316 316 316 316 316 316
316 316 316 316 316 316 316 316 316
316 316 316 316 316 316 316 316 316
316 316 316 316 316 316 316 316 316
316 316 316 316 316 316 316 316 316
316 316 316 316 316 316 316 316 316
316 316 316 316 316 316 316 316 316
316 316 316 316 316 316 316 316 316
316 316 316 316 316 316 316 316 316
316 316 316 316 316 316 316 316 316
316 316 316 316 316 316 316 316 316
316 316 316 316 316 316 316 316 316
316 316 316 316 316 316 316 316 316
316 316 316 316 316 316 316 316 316
316 316 316 316 316 316 316 316 316
316 316 316 316 316 316 316 316 316
316 316 316 316 316 316 316 316 316
316 316 316 316 316 316 316 316 316
316 316 316 316 316 316 316 316 316
316 316 316 316 316 316 316 316 316
316 316 316 316 316 316 316 316 316
316 316 316 316 316 316 316 316 316
316 316 316 316 316 316 316 316 316
316 316 316 316 316 316 316 316 316
316 316 316 316 316 316 316 316 316
316 316 316 316 316 316 316 316 316
316 316 316 316 316 316 316 316 316
316 316 316 316 316 316 316 316 316
316 316 316 316 316 316 316 316 316
316 316 316 316 316 316 316 316 316
316 316 316 316 316 316 316 316 316
316 316 316 316 316 316 316 316 316
316 316 316 316 316 316 316 316 316
316 316 316 316 316 316 316 316 316
316 316 316 316 316 316 316 316 316
316 316 316 316 316 316 316 316 316
316 316 316 316 316 316 316 316 316
316 316 316 316 316 316 316 316 316
316 316 316 316 316 316 316 316 316
316 316 316 316 316 316 316 316 316
316 316 316 316 316 316 316 316 316
316 316 316 316 316 316 316 316 316
316 316 316 316 316 316 316 316 316
316 316 316 316 316 316 316 316 316
316 316 316 316 316 316 316 316 316
316 316 316 316 316 316 316 316 316
316 316 316 316 316 316 316 316 316
316 316 316 316 316 316 316 316 316
316 316 316 316 316 316 316 316 316
316 316 316 316 316 316 316 316 316
316 316 316 316 316 316 316
        </DataArray>
        <DataArray type='Float32' Name='p' format='ascii'>
0 0 0 0 0 0 0 0 0
0 0 0 0 0 0 0 0 0
0 0 0 0 0 0 0 0 0
0 0 0 0 0 0 0 0 0
0 0 0 0 0 0 0 0 0
0 0 0 0 0 0 0 0 0
0 0 0 0 0 0 0 0 0
0 0 0 0 0 0 0 0 0
0 0 0 0 0 0 0 0 0
0 0 0 0 0 0 0 0 0
0 0 0 0 0 0 0 0 0
0 0 0 0 0 0 0 0 0
0 0 0 0 0 0 0 0 0
0 0 0 0 0 0 0 0 0
0 0 0 0 0 0 0 0 0
0 0 0 0 0 0 0 0 0
0 0 0 0 0 0 0 0 0
0 0 0 0 0 0 0 0 0
0 0 0 0 0 0 0 0 0
0 0 0 0 0 0 0 0 0
0 0 0 0 0 0 0 0 0
0 0 0 0 0 0 0 0 0
0 0 0 0 0 0 0 0 0
0 0 0 0 0 0 0 0 0
0 0 0 0 0 0 0 0 0
0 0 0 0 0 0 0 0 0
0 0 0 0 0 0 0 0 0
0 0 0 0 0 0 0 0 0
0 0 0 0 0 0 0 0 0
0 0 0 0 0 0 0 0 0
0 0 0 0 0 0 0 0 0
0 0 0 0 0 0 0 0 0
0 0 0 0 0 0 0 0 0
0 0 0 0 0 0 0 0 0
0 0 0 0 0 0 0 0 0
0 0 0 0 0 0 0 0 0
0 0 0 0 0 0 0 0 0
0 0 0 0 0 0 0 0 0
0 0 0 0 0 0 0 0 0
0 0 0 0 0 0 0 0 0
0 0 0 0 0 0 0 0 0
0 0 0 0 0 0 0 0 0
0 0 0 0 0 0 0 0 0
0 0 0 0 0 0 0 0 0
0 0 0 0 0 0 0 0 0
0 0 0 0 0 0 0 0 0
0 0 0 0 0 0 0 0 0
0 0 0 0 0 0 0 0 0
0 0 0 0 0 0 0 0 0
0 0 0 0 0 0 0 0 0
0 0 0 0 0 0 0 0 0
0 0 0 0 0 0 0 0 0
0 0 0 0 0 0 0 0 0
0 0 0 0 0 0 0 0 0
0 0 0 0 0 0 0 0 0
0 0 0 0 0 0 0 0 0
0 0 0 0 0 0 0 0 0
0 0 0 0 0 0 0
        </DataArray>
        <DataArray type='Float32' Name='C' NumberOfComponents='3' format='ascii'>
-0.89945 0 4.27223e-20 -0.898137 0 -3.45924e-20 -0.896467 0 -5.29519e-20
-0.894586 0 4.37488e-20 -0.892643 0 -1.99672e-20 -0.890785 0 -7.44368e-20
-0.889048 0 -5.89213e-20 -0.88735 0 -3.79638e-20 -0.885648 0 8.64835e-20
-0.883942 0 -1.10008e-19 -0.882233 0 1.17207e-19 -0.88052 0 -1.19689e-19
-0.878804 0 -3.71989e-20 -0.877084 0 1.16685e-19 -0.87536 0 -2.66681e-20
-0.873633 0 4.48999e-20 -0.871902 0 5.50622e-20 -0.870167 0 9.56686e-20
-0.868429 0 5.49762e-20 -0.866687 0 -1.17097e-19 -0.864941 0 -5.69761e-21
-0.863192 0 -1.06379e-19 -0.861439 0 -6.58591e-20 -0.859682 0 1.04933e-19
-0.857922 0 -4.54086e-20 -0.856157 0 1.04636e-19 -0.854389 0 -4.50702e-20
-0.852618 0 -5.10351e-21 -0.850842 0 2.4766e-20 -0.849063 0 2.4787e-20
-0.84728 0 4.4581e-20 -0.845493 0 7.41569e-20 -0.843703 0 2.48497e-20
-0.841908 0 1.50466e-20 -0.84011 0 2.48913e-20 -0.838308 0 -1.0226e-19
-0.836502 0 6.39797e-20 -0.834693 0 3.46945e-20 -0.832879 0 -3.3349e-20
-0.831062 0 3.46945e-20 -0.829241 0 -7.17793e-20 -0.827416 0 -1.00531e-19
-0.825587 0 -7.13295e-20 -0.823754 0 -3.77818e-21 -0.821917 0 7.30858e-20
-0.820077 0 3.46945e-20 -0.818232 0 9.20381e-20 -0.816384 0 1.56203e-20
-0.814532 0 6.32452e-20 -0.812675 0 -5.07765e-20 -0.810815 0 6.26438e-21
-0.808951 0 6.3245e-21 -0.807083 0 5.35678e-20 -0.805211 0 -4.06392e-20
-0.803335 0 4.40913e-20 -0.801455 0 6.5637e-21 -0.799572 0 -4.01623e-20
-0.797684 0 3.46945e-20 -0.795792 0 7.19647e-20 -0.793896 0 6.80088e-21
-0.791996 0 7.18073e-20 -0.790092 0 1.61773e-20 -0.788184 0 -2.07396e-20
-0.786272 0 -5.75002e-20 -0.784356 0 -4.81053e-20 -0.782436 0 7.15291e-21
-0.780512 0 -5.69166e-20 -0.778583 0 -6.58646e-20 -0.776651 0 9.85513e-20
-0.774714 0 -1.718e-21 -0.772774 0 -1.07249e-20 -0.770829 0 6.18884e-20
-0.76888 0 -3.76695e-20 -0.766927 0 -7.36219e-20 -0.76497 0 7.97309e-20
-0.763009 0 -9.11408e-20 -0.761044 0 -1.01517e-20 -0.759074 0 1.6794e-20
-0.757101 0 9.72138e-20 -0.755123 0 3.46945e-20 -0.753141 0 -4.5348e-20
-0.751154 0 -4.51787e-20 -0.749164 0 -4.50098e-20 -0.747169 0 -2.71667e-20
-0.74517 0 1.05243e-19 -0.743167 0 -9.73051e-20 -0.74116 0 -1.79937e-20
-0.739148 0 -6.16963e-20 -0.737132 0 -9.64695e-20 -0.735112 0 9.57749e-20
-0.733087 0 2.59871e-20 -0.731058 0 -4.35057e-20 -0.729025 0 3.46945e-20
-0.726988 0 -5.18276e-20 -0.724946 0 -5.16446e-20 -0.7229 0 -9.45403e-20
-0.72085 0 8.90217e-21 -0.718795 0 1.03328e-19 -0.716736 0 6.89389e-20
-0.714673 0 -4.21926e-20 -0.712605 0 3.46945e-20 -0.710533 0 -3.33609e-20
-0.708456 0 9.4117e-20 -0.706375 0 6.01074e-20 -0.70429 0 -7.51954e-20
-0.7022 0 9.38889e-21 -0.700106 0 2.62771e-20 -0.698007 0 -7.44998e-20
-0.695904 0 -1.55963e-20 -0.693796 0 1.23818e-21 -0.691684 0 9.31192e-20
-0.689568 0 -1.5278e-20 -0.687447 0 -7.33502e-20 -0.685321 0 1.01043e-19
-0.683191 0 1.59041e-21 -0.681057 0 5.12115e-20 -0.678918 0 -9.71623e-20
-0.676774 0 3.46945e-20 -0.674626 0 -2.27492e-20 -0.672474 0 -1.44388e-20
-0.670316 0 -3.06781e-20 -0.668155 0 -4.68484e-20 -0.665988 0 -6.29501e-20
-0.663817 0 7.52937e-20 -0.661642 0 -4.63322e-20 -0.659461 0 2.35233e-21
-0.657277 0 -4.59899e-20 -0.655087 0 -4.58193e-20 -0.652893 0 1.05914e-20
-0.650694 0 -1.34097e-20 -0.648491 0 -6.13105e-20 -0.646283 0 -2.91735e-20
-0.64407 0 -2.90384e-20 -0.641853 0 6.64935e-20 -0.639631 0 7.43592e-20
-0.637404 0 2.67783e-20 -0.635172 0 -4.43e-20 -0.632936 0 -2.83674e-20
-0.630695 0 -7.54305e-20 -0.628449 0 1.11462e-20 -0.626199 0 -8.27981e-20
-0.623944 0 6.59596e-20 -0.621684 0 5.80937e-20 -0.619419 0 -4.22181e-21
-0.617149 0 -5.85071e-20 -0.614875 0 -4.28093e-20 -0.612595 0 3.75853e-21
-0.610311 0 -5.01995e-20 -0.608022 0 -2.6916e-20 -0.605729 0 -2.67857e-20
-0.60343 0 -4.96621e-20 -0.601126 0 -8.00939e-20 -0.598818 0 -1.87602e-20
-0.596505 0 5.75552e-20 -0.594187 0 4.99027e-20 -0.591863 0 -7.15381e-20
-0.589535 0 -9.40294e-20 -0.587202 0 1.20265e-20 -0.584864 0 1.20745e-20
-0.582522 0 7.23148e-20 -0.580174 0 -7.79278e-20 -0.577821 0 -6.27051e-20
-0.575463 0 6.46002e-20 -0.5731 0 -1.00693e-20 -0.570733 0 -8.44231e-20
-0.56836 0 -9.88016e-21 -0.565982 0 -1.71993e-20 -0.563599 0 -8.3669e-20
-0.561211 0 4.94586e-20 -0.558818 0 1.23092e-19 -0.55642 0 5.29091e-21
-0.554017 0 1.81401e-19 -0.551609 0 9.32531e-20 -0.549195 0 -1.69828e-19
-0.546777 0 -1.25662e-19 -0.544353 0 4.92415e-20 -0.541925 0 -1.68533e-19
-0.539491 0 1.7955e-19 -0.537052 0 -9.53997e-20 -0.534608 0 -1.52822e-19
-0.532158 0 -8.04563e-20 -0.529704 0 -5.1486e-20 -0.527244 0 1.0636e-19
-0.524779 0 -1.51241e-19 -0.522309 0 -5.09404e-20 -0.519833 0 -7.9244e-20
-0.517353 0 1.76816e-19 -0.514867 0 6.30587e-20 -0.512376 0 -7.85227e-20
-0.509879 0 -7.82833e-20 -0.507377 0 -7.80444e-20 -0.50487 0 -7.49321e-21
-0.502358 0 6.62882e-21 -0.49984 0 2.06913e-20 -0.497317 0 4.8668e-20
-0.494789 0 -6.29135e-20 -0.492255 0 7.6438e-20 -0.489716 0 -1.18041e-19
-0.487172 0 -1.59286e-19 -0.484622 0 7.04162e-21 -0.482066 0 1.31275e-19
-0.479506 0 7.15844e-21 -0.476939 0 -3.4e-20 -0.474368 0 -8.86942e-20
-0.471791 0 -7.47524e-20 -0.469208 0 1.57562e-19 -0.466621 0 1.16433e-19
-0.464027 0 -4.68711e-20 -0.461428 0 7.5391e-20 -0.458824 0 1.56526e-19
-0.456214 0 -3.28465e-20 -0.453598 0 1.02093e-19 -0.450977 0 -8.63657e-20
-0.448351 0 -8.61098e-20 -0.445719 0 1.55243e-19 -0.443081 0 1.1489e-19
-0.440438 0 -1.65371e-19 -0.437789 0 -5.84722e-20 -0.435134 0 2.14131e-20
-0.432474 0 -3.1572e-20 -0.429808 0 1.27271e-19 -0.427137 0 1.27076e-19
-0.42446 0 -1.62846e-19 -0.421777 0 3.46945e-20 -0.419088 0 1.39605e-19
-0.416394 0 1.52469e-19 -0.413694 0 -1.08947e-19 -0.410989 0 8.68175e-20
-0.408278 0 4.76977e-20 -0.40556 0 -4.23262e-21 -0.402838 0 1.38281e-19
-0.400109 0 8.6378e-20 -0.397375 0 -4.26669e-20 -0.394635 0 -1.06835e-19
-0.391889 0 -1.66619e-20 -0.389137 0 4.75064e-20 -0.386379 0 -1.18724e-19
-0.383616 0 -3.57897e-21 -0.380846 0 8.56178e-20 -0.378071 0 2.19906e-20
-0.37529 0 -1.1743e-19 -0.372503 0 1.35896e-19 -0.36971 0 1.35682e-19
-0.366912 0 7.24849e-20 -0.364107 0 -9.10072e-20 -0.361296 0 -2.93629e-21
-0.35848 0 -4.04079e-20 -0.355657 0 -1.27683e-19 -0.352828 0 1.0948e-19
-0.349994 0 -7.7246e-20 -0.347153 0 -1.39067e-19 -0.344307 0 -3.96172e-20
-0.341454 0 8.41308e-20 -0.338595 0 -1.46374e-20 -0.335731 0 1.20843e-19
-0.33286 0 -1.24957e-19 -0.329983 0 1.08224e-19 -0.3271 0 1.20297e-19
-0.324211 0 5.91007e-20 -0.321316 0 1.07758e-19 -0.318414 0 -5.03665e-20
-0.315507 0 -6.23125e-20 -0.312593 0 -5.00071e-20 -0.309674 0 -1.10201e-19
-0.306748 0 -1.46042e-19 -0.303815 0 1.42907e-19 -0.300877 0 1.06981e-20
-0.297932 0 -1.32925e-19 -0.294981 0 -1.08676e-19 -0.292024 0 -7.26058e-20
-0.289061 0 1.06077e-19 -0.286091 0 -9.2119e-22 -0.283115 0 2.28477e-20
-0.280133 0 7.01597e-20 -0.277144 0 -8.32729e-20 -0.274149 0 -1.30111e-19
-0.271148 0 -7.10276e-20 -0.26814 0 -3.56379e-20 -0.265126 0 -3.97345e-22
-0.262106 0 -2.36682e-20 -0.259079 0 1.16229e-19 -0.256046 0 1.2768e-19
-0.253006 0 2.30958e-20 -0.24996 0 3.46945e-20 -0.246908 0 -1.15041e-20
-0.243849 0 5.77449e-20 -0.240783 0 -1.14817e-19 -0.237711 0 1.37983e-19
-0.234633 0 2.32422e-20 -0.231548 0 -7.9586e-20 -0.228456 0 1.03118e-19
-0.225358 0 1.02973e-19 -0.222253 0 -9.02183e-20 -0.219142 0 1.3668e-19
-0.216024 0 -6.70751e-20 -0.2129 0 1.36249e-19 -0.209769 0 -1.11685e-19
-0.206631 0 9.08752e-20 -0.203487 0 -2.13675e-20 -0.200336 0 1.13015e-19
-0.197178 0 1.01685e-19 -0.194014 0 6.81187e-20 -0.190843 0 1.23637e-19
-0.187665 0 -5.40603e-20 -0.18448 0 1.23262e-19 -0.181289 0 1.55203e-21
-0.178091 0 -9.40201e-21 -0.174886 0 -4.23112e-20 -0.171674 0 6.76271e-20
-0.168456 0 -7.48489e-20 -0.165231 0 1.28321e-20 -0.161999 0 1.11051e-19
-0.15876 0 -7.41554e-20 -0.155514 0 3.46945e-20 -0.152261 0 6.72115e-20
-0.149002 0 -7.34664e-20 -0.145735 0 -8.40309e-20 -0.142462 0 -6.22391e-20
-0.139182 0 1.31992e-20 -0.135894 0 5.61443e-20 -0.1326 0 -5.09232e-20
-0.129299 0 1.33353e-20 -0.125991 0 6.66655e-20 -0.122675 0 -6.10157e-20
-0.119353 0 -1.24485e-19 -0.116024 0 -6.06114e-20 -0.112687 0 5.58288e-20
-0.109344 0 7.68737e-20 -0.105994 0 5.57395e-20 -0.102636 0 2.41942e-20
-0.0992712 0 -4.91299e-20 -0.0958993 0 9.74298e-20 -0.0925203 0 5.5562e-20
-0.0891342 0 -6.94228e-20 -0.0857408 0 -2.76438e-20 -0.0823403 0 1.28004e-19
-0.0789326 0 4.50403e-20 -0.0755176 0 4.50184e-20 -0.0720955 0 8.6205e-20
-0.068666 0 -3.72678e-20 -0.0652293 0 -2.6857e-20 -0.0617853 0 5.51683e-20
-0.058334 0 -1.63818e-20 -0.0548754 0 2.45008e-20 -0.0514095 0 -5.99389e-21
-0.0479362 0 -1.17564e-19 -0.0444556 0 8.53401e-20 -0.0409676 0 -1.16921e-19
-0.0374722 0 -6.61688e-20 -0.0339694 0 -2.56955e-20 -0.0304592 0 2.46508e-20
-0.0269415 0 -1.54179e-20 -0.0234164 0 5.4697e-20 -0.0198838 0 7.4615e-20
-0.0163437 -2.36339e-07 6.45716e-20 -0.0127961 -1.04122e-06 -1.04437e-19 -0.00924105 -1.01471e-06 -1.1406e-19
-0.00567842 -4.86055e-06 -1.13745e-19 -0.00210826 -1.29023e-05 5.44446e-20 0.00146922 9.21505e-06 7.4113e-20
0.00505244 9.22195e-05 -8.33662e-20 0.00864169 0.000237498 -1.02657e-19 0.0122355 0.000453545 2.49007e-20
0.0158293 0.000748919 2.49147e-20 0.0194263 0.00112078 -8.21701e-20 0.0230224 0.00156529 -5.29723e-20
0.0266135 0.00208162 5.41226e-20 0.0302082 0.00266922 4.43586e-20 0.033795 0.00332341 1.53041e-20
0.037373 0.0040434 -1.19612e-19 0.0409539 0.00482789 8.27461e-20 0.044524 0.00567144 3.46945e-20
0.0480869 0.00657385 2.51212e-20 0.0516488 0.00753135 -3.22546e-20 0.0551992 0.00853943 -3.54696e-21
0.0587468 0.0095986 -1.07873e-19 0.0622897 0.0107022 8.22796e-20 0.0658223 0.0118475 9.16356e-20
0.0693569 0.0130351 -7.85865e-20 0.072885 0.0142565 -3.15645e-20 0.0764053 0.0155105 -9.72239e-20
0.0799303 0.0167964 2.53055e-20 0.0834512 0.0181068 -6.87039e-20 0.0869693 0.0194412 -4.954e-20
0.0904926 0.0207958 -3.06887e-20 0.0940161 0.022166 -2.6259e-21 0.0975424 0.0235513 2.53935e-20
0.101075 0.0249454 3.46945e-20 0.104613 0.0263461 9.95483e-20 0.108157 0.0277514 -1.15446e-20
0.111712 0.0291552 -1.12876e-19 0.115277 0.0305564 -2.12576e-21 0.11885 0.0319498 7.1489e-20
0.122439 0.0333323 8.04674e-20 0.126043 0.0347024 3.46945e-20 0.129659 0.0360521 7.12418e-20
0.133295 0.0373806 -5.62692e-20 0.136948 0.0386845 8.93185e-20 0.140618 0.0399565 -9.22263e-20
0.144313 0.0411962 -1.10039e-19 0.148022 0.0423963 -2.87388e-20 0.151757 0.0435542 2.57068e-20
0.155519 0.0446678 -4.63223e-20 0.159298 0.0457277 -8.21168e-20 0.163104 0.0467329 8.83519e-20
0.166931 0.0476787 -5.49168e-20 0.170783 0.0485592 -3.65453e-20 0.174662 0.0493725 -1.07754e-19
0.178558 0.050112 8.80667e-20 0.18248 0.0507748 1.69921e-20 0.186422 0.0513577 -8.04876e-20
0.190383 0.0518557 2.58749e-20 0.194366 0.0522668 4.3504e-20 0.198362 0.0525876 2.58982e-20
0.202374 0.0528156 8.73023e-20 0.206399 0.0529494 7.84761e-20 0.210434 0.0529872 8.48474e-21
0.214478 0.0529282 -1.75938e-20 0.218528 0.0527725 2.5994e-20 0.22258 0.05252 6.07417e-20
0.226638 0.0521714 -8.55461e-21 0.230692 0.0517289 -8.6521e-20 0.234743 0.0511935 -3.42216e-20
0.238792 0.0505685 1.03604e-19 0.242832 0.0498564 -4.26106e-20 0.246871 0.0490594 -8.50898e-20
0.250898 0.0481831 5.18331e-20 0.254918 0.0472289 4.32092e-20 0.25893 0.046203 -8.47223e-20
0.262929 0.045109 -9.27201e-20 0.266926 0.0439497 1.77562e-20 0.27091 0.0427321 -5.85251e-20
0.274888 0.0414577 2.62714e-20 0.278859 0.040134 -9.19096e-20 0.282819 0.0387649 9.4867e-21
0.28678 0.0373532 1.01763e-19 0.290735 0.035906 -8.26053e-20 0.294688 0.034425 -5.70541e-20
0.298641 0.032918 5.97272e-20 0.302593 0.0313882 -4.01401e-20 0.306549 0.0298398 6.78882e-20
0.310509 0.0282785 8.43933e-20 0.314475 0.0267075 7.60166e-20 0.31845 0.0251336 -1.4777e-20
0.322435 0.0235596 5.11555e-20 0.326431 0.0219922 -1.45825e-20 0.330443 0.0204352 -3.90217e-20
0.334467 0.0188944 4.28852e-20 0.338512 0.0173747 8.35695e-20 0.342577 0.0158797 -4.68149e-20
0.346661 0.0144183 5.90607e-20 0.35077 0.0129931 -6.25796e-20 0.354899 0.0116121 4.27992e-20
0.359058 0.0102795 2.45587e-21 0.363241 0.00900128 -2.99323e-20 0.367452 0.00778462 -5.3561e-20
0.371695 0.0066334 2.56436e-21 0.375962 0.00555662 2.67287e-21 0.380261 0.00455821 7.4635e-20
0.384585 0.0036452 4.26787e-20 0.388938 0.00282296 -5.27224e-20 0.393316 0.0020967 4.26516e-20
0.39772 0.00147231 5.84262e-20 0.40215 0.00095341 -3.65552e-20 0.406597 0.000546937 1.1036e-20
0.411065 0.000254554 8.98296e-20 0.415547 7.5941e-05 -4.38963e-20 0.420043 8.79846e-06 8.17378e-20
0.424549 -1.46117e-06 -9.04877e-20 0.429064 -3.96085e-06 -9.02211e-20 0.43359 -1.3785e-06 3.53162e-21
0.438125 0 -5.85964e-20 0.442669 0 -4.28835e-20 0.447223 0 -5.82023e-20
0.451787 0 4.24195e-20 0.456361 0 -1.92664e-20 0.460944 0 -6.53066e-20
0.465537 0 1.16661e-20 0.47014 0 -3.42446e-20 0.474752 0 -1.88114e-20
0.479374 0 -7.97185e-20 0.484006 0 -5.66424e-20 0.488648 0 4.22898e-20
0.493299 0 -7.89943e-20 0.497961 0 4.98209e-20 0.502632 0 4.22417e-20
0.507313 0 -5.56808e-20 0.512005 0 2.71791e-20 0.516706 0 -2.80281e-21
0.521417 0 -1.02071e-20 0.526138 0 -1.75799e-20 0.530869 0 -5.47293e-20
0.53561 0 -6.19764e-20 0.540361 0 -1.7249e-20 0.545122 0 -6.1568e-20
0.549894 0 1.23364e-19 0.554675 0 -5.37878e-20 0.559467 0 -6.83166e-20
0.564268 0 -2.40445e-20 0.56908 0 6.40019e-20 0.573902 0 -6.76645e-20
0.578734 0 3.46945e-20 0.583577 0 3.46945e-20 0.58843 0 9.28151e-20
0.593293 0 7.81927e-20 0.598166 0 1.21507e-19 0.60305 0 -1.6744e-19
0.607944 0 -2.29361e-20 0.612848 0 -3.71914e-20 0.617763 0 -5.13862e-20
0.622688 0 1.63542e-19 0.627624 0 1.48984e-19 0.63257 0 -5.08413e-20
0.637527 0 1.34275e-19 0.642494 0 -6.46756e-20 0.647471 0 -7.80266e-21
0.652459 0 -3.59843e-20 0.657458 0 -1.34576e-19 0.662766 0 3.46945e-20
0.667786 0 -2.90805e-20
        </DataArray>
        <DataArray type='Float32' Name='U' NumberOfComponents='3' format='ascii'>
0 0 0 0 0 0 0 0 0
0 0 0 0 0 0 0 0 0
0 0 0 0 0 0 0 0 0
0 0 0 0 0 0 0 0 0
0 0 0 0 0 0 0 0 0
0 0 0 0 0 0 0 0 0
0 0 0 0 0 0 0 0 0
0 0 0 0 0 0 0 0 0
0 0 0 0 0 0 0 0 0
0 0 0 0 0 0 0 0 0
0 0 0 0 0 0 0 0 0
0 0 0 0 0 0 0 0 0
0 0 0 0 0 0 0 0 0
0 0 0 0 0 0 0 0 0
0 0 0 0 0 0 0 0 0
0 0 0 0 0 0 0 0 0
0 0 0 0 0 0 0 0 0
0 0 0 0 0 0 0 0 0
0 0 0 0 0 0 0 0 0
0 0 0 0 0 0 0 0 0
0 0 0 0 0 0 0 0 0
0 0 0 0 0 0 0 0 0
0 0 0 0 0 0 0 0 0
0 0 0 0 0 0 0 0 0
0 0 0 0 0 0 0 0 0
0 0 0 0 0 0 0 0 0
0 0 0 0 0 0 0 0 0
0 0 0 0 0 0 0 0 0
0 0 0 0 0 0 0 0 0
0 0 0 0 0 0 0 0 0
0 0 0 0 0 0 0 0 0
0 0 0 0 0 0 0 0 0
0 0 0 0 0 0 0 0 0
0 0 0 0 0 0 0 0 0
0 0 0 0 0 0 0 0 0
0 0 0 0 0 0 0 0 0
0 0 0 0 0 0 0 0 0
0 0 0 0 0 0 0 0 0
0 0 0 0 0 0 0 0 0
0 0 0 0 0 0 0 0 0
0 0 0 0 0 0 0 0 0
0 0 0 0 0 0 0 0 0
0 0 0 0 0 0 0 0 0
0 0 0 0 0 0 0 0 0
0 0 0 0 0 0 0 0 0
0 0 0 0 0 0 0 0 0
0 0 0 0 0 0 0 0 0
0 0 0 0 0 0 0 0 0
0 0 0 0 0 0 0 0 0
0 0 0 0 0 0 0 0 0
0 0 0 0 0 0 0 0 0
0 0 0 0 0 0 0 0 0
0 0 0 0 0 0 0 0 0
0 0 0 0 0 0 0 0 0
0 0 0 0 0 0 0 0 0
0 0 0 0 0 0 0 0 0
0 0 0 0 0 0 0 0 0
0 0 0 0 0 0 0 0 0
0 0 0 0 0 0 0 0 0
0 0 0 0 0 0 0 0 0
0 0 0 0 0 0 0 0 0
0 0 0 0 0 0 0 0 0
0 0 0 0 0 0 0 0 0
0 0 0 0 0 0 0 0 0
0 0 0 0 0 0 0 0 0
0 0 0 0 0 0 0 0 0
0 0 0 0 0 0 0 0 0
0 0 0 0 0 0 0 0 0
0 0 0 0 0 0 0 0 0
0 0 0 0 0 0 0 0 0
0 0 0 0 0 0 0 0 0
0 0 0 0 0 0 0 0 0
0 0 0 0 0 0 0 0 0
0 0 0 0 0 0 0 0 0
0 0 0 0 0 0 0 0 0
0 0 0 0 0 0 0 0 0
0 0 0 0 0 0 0 0 0
0 0 0 0 0 0 0 0 0
0 0 0 0 0 0 0 0 0
0 0 0 0 0 0 0 0 0
0 0 0 0 0 0 0 0 0
0 0 0 0 0 0 0 0 0
0 0 0 0 0 0 0 0 0
0 0 0 0 0 0 0 0 0
0 0 0 0 0 0 0 0 0
0 0 0 0 0 0 0 0 0
0 0 0 0 0 0 0 0 0
0 0 0 0 0 0 0 0 0
0 0 0 0 0 0 0 0 0
0 0 0 0 0 0 0 0 0
0 0 0 0 0 0 0 0 0
0 0 0 0 0 0 0 0 0
0 0 0 0 0 0 0 0 0
0 0 0 0 0 0 0 0 0
0 0 0 0 0 0 0 0 0
0 0 0 0 0 0 0 0 0
0 0 0 0 0 0 0 0 0
0 0 0 0 0 0 0 0 0
0 0 0 0 0 0 0 0 0
0 0 0 0 0 0 0 0 0
0 0 0 0 0 0 0 0 0
0 0 0 0 0 0 0 0 0
0 0 0 0 0 0 0 0 0
0 0 0 0 0 0 0 0 0
0 0 0 0 0 0 0 0 0
0 0 0 0 0 0 0 0 0
0 0 0 0 0 0 0 0 0
0 0 0 0 0 0 0 0 0
0 0 0 0 0 0 0 0 0
0 0 0 0 0 0 0 0 0
0 0 0 0 0 0 0 0 0
0 0 0 0 0 0 0 0 0
0 0 0 0 0 0 0 0 0
0 0 0 0 0 0 0 0 0
0 0 0 0 0 0 0 0 0
0 0 0 0 0 0 0 0 0
0 0 0 0 0 0 0 0 0
0 0 0 0 0 0 0 0 0
0 0 0 0 0 0 0 0 0
0 0 0 0 0 0 0 0 0
0 0 0 0 0 0 0 0 0
0 0 0 0 0 0 0 0 0
0 0 0 0 0 0 0 0 0
0 0 0 0 0 0 0 0 0
0 0 0 0 0 0 0 0 0
0 0 0 0 0 0 0 0 0
0 0 0 0 0 0 0 0 0
0 0 0 0 0 0 0 0 0
0 0 0 0 0 0 0 0 0
0 0 0 0 0 0 0 0 0
0 0 0 0 0 0 0 0 0
0 0 0 0 0 0 0 0 0
0 0 0 0 0 0 0 0 0
0 0 0 0 0 0 0 0 0
0 0 0 0 0 0 0 0 0
0 0 0 0 0 0 0 0 0
0 0 0 0 0 0 0 0 0
0 0 0 0 0 0 0 0 0
0 0 0 0 0 0 0 0 0
0 0 0 0 0 0 0 0 0
0 0 0 0 0 0 0 0 0
0 0 0 0 0 0 0 0 0
0 0 0 0 0 0 0 0 0
0 0 0 0 0 0 0 0 0
0 0 0 0 0 0 0 0 0
0 0 0 0 0 0 0 0 0
0 0 0 0 0 0 0 0 0
0 0 0 0 0 0 0 0 0
0 0 0 0 0 0 0 0 0
0 0 0 0 0 0 0 0 0
0 0 0 0 0 0 0 0 0
0 0 0 0 0 0 0 0 0
0 0 0 0 0 0 0 0 0
0 0 0 0 0 0 0 0 0
0 0 0 0 0 0 0 0 0
0 0 0 0 0 0 0 0 0
0 0 0 0 0 0 0 0 0
0 0 0 0 0 0 0 0 0
0 0 0 0 0 0 0 0 0
0 0 0 0 0 0 0 0 0
0 0 0 0 0 0 0 0 0
0 0 0 0 0 0 0 0 0
0 0 0 0 0 0 0 0 0
0 0 0 0 0 0 0 0 0
0 0 0 0 0 0 0 0 0
0 0 0 0 0 0 0 0 0
0 0 0 0 0 0 0 0 0
0 0 0 0 0 0 0 0 0
0 0 0 0 0 0 0 0 0
0 0 0 0 0 0 0 0 0
0 0 0 0 0 0 0 0 0
0 0 0 0 0 0 0 0 0
0 0 0 0 0 0 0 0 0
0 0 0
        </DataArray>
      </CellData>
      <PointData>
        <DataArray type='Float32' Name='Cx' format='ascii'>
-0.89945 -0.898794 -0.898794 -0.89945 -0.897302 -0.897302 -0.895527 -0.895527 -0.893615
-0.893615 -0.891714 -0.891714 -0.889916 -0.889916 -0.888199 -0.888199 -0.886499 -0.886499
-0.884795 -0.884795 -0.883088 -0.883088 -0.881377 -0.881377 -0.879662 -0.879662 -0.877944
-0.877944 -0.876222 -0.876222 -0.874497 -0.874497 -0.872768 -0.872768 -0.871035 -0.871035
-0.869298 -0.869298 -0.867558 -0.867558 -0.865814 -0.865814 -0.864067 -0.864067 -0.862316
-0.862316 -0.860561 -0.860561 -0.858802 -0.858802 -0.85704 -0.85704 -0.855273 -0.855273
-0.853504 -0.853504 -0.85173 -0.85173 -0.849953 -0.849953 -0.848171 -0.848171 -0.846387
-0.846387 -0.844598 -0.844598 -0.842805 -0.842805 -0.841009 -0.841009 -0.839209 -0.839209
-0.837405 -0.837405 -0.835597 -0.835597 -0.833786 -0.833786 -0.83197 -0.83197 -0.830151
-0.830151 -0.828328 -0.828328 -0.826501 -0.826501 -0.82467 -0.82467 -0.822836 -0.822836
-0.820997 -0.820997 -0.819155 -0.819155 -0.817308 -0.817308 -0.815458 -0.815458 -0.813604
-0.813604 -0.811745 -0.811745 -0.809883 -0.809883 -0.808017 -0.808017 -0.806147 -0.806147
-0.804273 -0.804273 -0.802395 -0.802395 -0.800514 -0.800514 -0.798628 -0.798628 -0.796738
-0.796738 -0.794844 -0.794844 -0.792946 -0.792946 -0.791044 -0.791044 -0.789138 -0.789138
-0.787228 -0.787228 -0.785314 -0.785314 -0.783396 -0.783396 -0.781474 -0.781474 -0.779547
-0.779547 -0.777617 -0.777617 -0.775683 -0.775683 -0.773744 -0.773744 -0.771802 -0.771802
-0.769855 -0.769855 -0.767904 -0.767904 -0.765949 -0.765949 -0.76399 -0.76399 -0.762026
-0.762026 -0.760059 -0.760059 -0.758087 -0.758087 -0.756112 -0.756112 -0.754132 -0.754132
-0.752147 -0.752147 -0.750159 -0.750159 -0.748166 -0.748166 -0.74617 -0.74617 -0.744169
-0.744169 -0.742163 -0.742163 -0.740154 -0.740154 -0.73814 -0.73814 -0.736122 -0.736122
-0.7341 -0.7341 -0.732073 -0.732073 -0.730042 -0.730042 -0.728007 -0.728007 -0.725967
-0.725967 -0.723923 -0.723923 -0.721875 -0.721875 -0.719823 -0.719823 -0.717766 -0.717766
-0.715704 -0.715704 -0.713639 -0.713639 -0.711569 -0.711569 -0.709494 -0.709494 -0.707416
-0.707416 -0.705333 -0.705333 -0.703245 -0.703245 -0.701153 -0.701153 -0.699057 -0.699057
-0.696956 -0.696956 -0.69485 -0.69485 -0.69274 -0.69274 -0.690626 -0.690626 -0.688507
-0.688507 -0.686384 -0.686384 -0.684256 -0.684256 -0.682124 -0.682124 -0.679987 -0.679987
-0.677846 -0.677846 -0.6757 -0.6757 -0.67355 -0.67355 -0.671395 -0.671395 -0.669235
-0.669235 -0.667071 -0.667071 -0.664903 -0.664903 -0.662729 -0.662729 -0.660552 -0.660552
-0.658369 -0.658369 -0.656182 -0.656182 -0.65399 -0.65399 -0.651794 -0.651794 -0.649593
-0.649593 -0.647387 -0.647387 -0.645177 -0.645177 -0.642962 -0.642962 -0.640742 -0.640742
-0.638517 -0.638517 -0.636288 -0.636288 -0.634054 -0.634054 -0.631816 -0.631816 -0.629572
-0.629572 -0.627324 -0.627324 -0.625071 -0.625071 -0.622814 -0.622814 -0.620551 -0.620551
-0.618284 -0.618284 -0.616012 -0.616012 -0.613735 -0.613735 -0.611453 -0.611453 -0.609167
-0.609167 -0.606876 -0.606876 -0.604579 -0.604579 -0.602278 -0.602278 -0.599972 -0.599972
-0.597661 -0.597661 -0.595346 -0.595346 -0.593025 -0.593025 -0.590699 -0.590699 -0.588369
-0.588369 -0.586033 -0.586033 -0.583693 -0.583693 -0.581348 -0.581348 -0.578997 -0.578997
-0.576642 -0.576642 -0.574282 -0.574282 -0.571917 -0.571917 -0.569546 -0.569546 -0.567171
-0.567171 -0.564791 -0.564791 -0.562405 -0.562405 -0.560015 -0.560015 -0.557619 -0.557619
-0.555219 -0.555219 -0.552813 -0.552813 -0.550402 -0.550402 -0.547986 -0.547986 -0.545565
-0.545565 -0.543139 -0.543139 -0.540708 -0.540708 -0.538271 -0.538271 -0.53583 -0.53583
-0.533383 -0.533383 -0.530931 -0.530931 -0.528474 -0.528474 -0.526012 -0.526012 -0.523544
-0.523544 -0.521071 -0.521071 -0.518593 -0.518593 -0.51611 -0.51611 -0.513621 -0.513621
-0.511127 -0.511127 -0.508628 -0.508628 -0.506124 -0.506124 -0.503614 -0.503614 -0.501099
-0.501099 -0.498579 -0.498579 -0.496053 -0.496053 -0.493522 -0.493522 -0.490986 -0.490986
-0.488444 -0.488444 -0.485897 -0.485897 -0.483344 -0.483344 -0.480786 -0.480786 -0.478223
-0.478223 -0.475654 -0.475654 -0.473079 -0.473079 -0.4705 -0.4705 -0.467915 -0.467915
-0.465324 -0.465324 -0.462728 -0.462728 -0.460126 -0.460126 -0.457519 -0.457519 -0.454906
-0.454906 -0.452288 -0.452288 -0.449664 -0.449664 -0.447035 -0.447035 -0.4444 -0.4444
-0.441759 -0.441759 -0.439113 -0.439113 -0.436461 -0.436461 -0.433804 -0.433804 -0.431141
-0.431141 -0.428472 -0.428472 -0.425798 -0.425798 -0.423118 -0.423118 -0.420433 -0.420433
-0.417741 -0.417741 -0.415044 -0.415044 -0.412342 -0.412342 -0.409633 -0.409633 -0.406919
-0.406919 -0.404199 -0.404199 -0.401473 -0.401473 -0.398742 -0.398742 -0.396005 -0.396005
-0.393262 -0.393262 -0.390513 -0.390513 -0.387758 -0.387758 -0.384997 -0.384997 -0.382231
-0.382231 -0.379459 -0.379459 -0.376681 -0.376681 -0.373897 -0.373897 -0.371107 -0.371107
-0.368311 -0.368311 -0.365509 -0.365509 -0.362702 -0.362702 -0.359888 -0.359888 -0.357068
-0.357068 -0.354243 -0.354243 -0.351411 -0.351411 -0.348574 -0.348574 -0.34573 -0.34573
-0.34288 -0.34288 -0.340025 -0.340025 -0.337163 -0.337163 -0.334295 -0.334295 -0.331421
-0.331421 -0.328542 -0.328542 -0.325656 -0.325656 -0.322763 -0.322763 -0.319865 -0.319865
-0.316961 -0.316961 -0.31405 -0.31405 -0.311133 -0.311133 -0.308211 -0.308211 -0.305281
-0.305281 -0.302346 -0.302346 -0.299405 -0.299405 -0.296457 -0.296457 -0.293503 -0.293503
-0.290543 -0.290543 -0.287576 -0.287576 -0.284603 -0.284603 -0.281624 -0.281624 -0.278639
-0.278639 -0.275647 -0.275647 -0.272649 -0.272649 -0.269644 -0.269644 -0.266633 -0.266633
-0.263616 -0.263616 -0.260593 -0.260593 -0.257563 -0.257563 -0.254526 -0.254526 -0.251483
-0.251483 -0.248434 -0.248434 -0.245378 -0.245378 -0.242316 -0.242316 -0.239247 -0.239247
-0.236172 -0.236172 -0.23309 -0.23309 -0.230002 -0.230002 -0.226907 -0.226907 -0.223806
-0.223806 -0.220698 -0.220698 -0.217583 -0.217583 -0.214462 -0.214462 -0.211334 -0.211334
-0.2082 -0.2082 -0.205059 -0.205059 -0.201911 -0.201911 -0.198757 -0.198757 -0.195596
-0.195596 -0.192428 -0.192428 -0.189254 -0.189254 -0.186073 -0.186073 -0.182885 -0.182885
-0.17969 -0.17969 -0.176489 -0.176489 -0.17328 -0.17328 -0.170065 -0.170065 -0.166843
-0.166843 -0.163615 -0.163615 -0.160379 -0.160379 -0.157137 -0.157137 -0.153888 -0.153888
-0.150632 -0.150632 -0.147369 -0.147369 -0.144099 -0.144099 -0.140822 -0.140822 -0.137538
-0.137538 -0.134247 -0.134247 -0.130949 -0.130949 -0.127645 -0.127645 -0.124333 -0.124333
-0.121014 -0.121014 -0.117688 -0.117688 -0.114356 -0.114356 -0.111016 -0.111016 -0.107669
-0.107669 -0.104315 -0.104315 -0.100954 -0.100954 -0.0975853 -0.0975853 -0.0942099 -0.0942099
-0.0908273 -0.0908273 -0.0874376 -0.0874376 -0.0840406 -0.0840406 -0.0806365 -0.0806365 -0.0772252
-0.0772252 -0.0738066 -0.0738066 -0.0703808 -0.0703808 -0.0669477 -0.0669477 -0.0635074 -0.0635074
-0.0600597 -0.0600597 -0.0566048 -0.0566048 -0.0531425 -0.0531425 -0.0496729 -0.0496729 -0.046196
-0.046196 -0.0427117 -0.0427117 -0.03922 -0.03922 -0.0357209 -0.0357209 -0.0322143 -0.0322143
-0.0287004 -0.0287004 -0.025179 -0.025179 -0.0216501 -0.0216501 -0.0181138 -0.0181138 -0.01457
-0.01457 -0.0110187 -0.0110187 -0.00745979 -0.00745979 -0.0038934 -0.0038934 -0.000319577 -0.000319577
0.00326078 0.00326078 0.00684698 0.00684698 0.0104385 0.0104385 0.0140323 0.0140323 0.0176277
0.0176277 0.0212244 0.0212244 0.0248179 0.0248179 0.0284107 0.0284107 0.0320017 0.0320017
0.0355839 0.0355839 0.0391634 0.0391634 0.042739 0.042739 0.0463053 0.0463053 0.0498678
0.0498678 0.053424 0.053424 0.0569728 0.0569728 0.0605183 0.0605183 0.0640559 0.0640559
0.0675894 0.0675894 0.071121 0.071121 0.074645 0.074645 0.0781677 0.0781677 0.0816908
0.0816908 0.0852101 0.0852101 0.0887309 0.0887309 0.0922543 0.0922543 0.0957792 0.0957792
0.0993087 0.0993087 0.102844 0.102844 0.106385 0.106385 0.109934 0.109934 0.113494
0.113494 0.117063 0.117063 0.120644 0.120644 0.124241 0.124241 0.127851 0.127851
0.131477 0.131477 0.135121 0.135121 0.138783 0.138783 0.142466 0.142466 0.146168
0.146168 0.149889 0.149889 0.153638 0.153638 0.157409 0.157409 0.161201 0.161201
0.165018 0.165018 0.168857 0.168857 0.172722 0.172722 0.17661 0.17661 0.180519
0.180519 0.184451 0.184451 0.188402 0.188402 0.192374 0.192374 0.196364 0.196364
0.200368 0.200368 0.204386 0.204386 0.208416 0.208416 0.212456 0.212456 0.216503
0.216503 0.220554 0.220554 0.224609 0.224609 0.228665 0.228665 0.232717 0.232717
0.236767 0.236767 0.240812 0.240812 0.244851 0.244851 0.248885 0.248885 0.252908
0.252908 0.256924 0.256924 0.26093 0.26093 0.264927 0.264927 0.268918 0.268918
0.272898 0.272898 0.276873 0.276873 0.280839 0.280839 0.2848 0.2848 0.288758
0.288758 0.292711 0.292711 0.296665 0.296665 0.300617 0.300617 0.304571 0.304571
0.308529 0.308529 0.312492 0.312492 0.316463 0.316463 0.320443 0.320443 0.324433
0.324433 0.328437 0.328437 0.332455 0.332455 0.336489 0.336489 0.340544 0.340544
0.344618 0.344618 0.348715 0.348715 0.352835 0.352835 0.356978 0.356978 0.361149
0.361149 0.365346 0.365346 0.369574 0.369574 0.373828 0.373828 0.378111 0.378111
0.382423 0.382423 0.386761 0.386761 0.391127 0.391127 0.395518 0.395518 0.399935
0.399935 0.404373 0.404373 0.408831 0.408831 0.413306 0.413306 0.417795 0.417795
0.422296 0.422296 0.426806 0.426806 0.431327 0.431327 0.435857 0.435857 0.440397
0.440397 0.444946 0.444946 0.449505 0.449505 0.454074 0.454074 0.458652 0.458652
0.46324 0.46324 0.467838 0.467838 0.472446 0.472446 0.477063 0.477063 0.48169
0.48169 0.486327 0.486327 0.490974 0.490974 0.49563 0.49563 0.500296 0.500296
0.504973 0.504973 0.509659 0.509659 0.514355 0.514355 0.519061 0.519061 0.523777
0.523777 0.528503 0.528503 0.533239 0.533239 0.537985 0.537985 0.542742 0.542742
0.547508 0.547508 0.552284 0.552284 0.557071 0.557071 0.561867 0.561867 0.566674
0.566674 0.571491 0.571491 0.576318 0.576318 0.581155 0.581155 0.586003 0.586003
0.590861 0.590861 0.595729 0.595729 0.600608 0.600608 0.605497 0.605497 0.610396
0.610396 0.615305 0.615305 0.620225 0.620225 0.625156 0.625156 0.630097 0.630097
0.635048 0.635048 0.64001 0.64001 0.644982 0.644982 0.649965 0.649965 0.654959
0.654959 0.660102 0.660102 0.665294 0.665294 0.667786 0.667786
        </DataArray>
        <DataArray type='Float32' Name='Cy' format='ascii'>
0 0 0 0 0 0 0 0 0
0 0 0 0 0 0 0 0 0
0 0 0 0 0 0 0 0 0
0 0 0 0 0 0 0 0 0
0 0 0 0 0 0 0 0 0
0 0 0 0 0 0 0 0 0
0 0 0 0 0 0 0 0 0
0 0 0 0 0 0 0 0 0
0 0 0 0 0 0 0 0 0
0 0 0 0 0 0 0 0 0
0 0 0 0 0 0 0 0 0
0 0 0 0 0 0 0 0 0
0 0 0 0 0 0 0 0 0
0 0 0 0 0 0 0 0 0
0 0 0 0 0 0 0 0 0
0 0 0 0 0 0 0 0 0
0 0 0 0 0 0 0 0 0
0 0 0 0 0 0 0 0 0
0 0 0 0 0 0 0 0 0
0 0 0 0 0 0 0 0 0
0 0 0 0 0 0 0 0 0
0 0 0 0 0 0 0 0 0
0 0 0 0 0 0 0 0 0
0 0 0 0 0 0 0 0 0
0 0 0 0 0 0 0 0 0
0 0 0 0 0 0 0 0 0
0 0 0 0 0 0 0 0 0
0 0 0 0 0 0 0 0 0
0 0 0 0 0 0 0 0 0
0 0 0 0 0 0 0 0 0
0 0 0 0 0 0 0 0 0
0 0 0 0 0 0 0 0 0
0 0 0 0 0 0 0 0 0
0 0 0 0 0 0 0 0 0
0 0 0 0 0 0 0 0 0
0 0 0 0 0 0 0 0 0
0 0 0 0 0 0 0 0 0
0 0 0 0 0 0 0 0 0
0 0 0 0 0 0 0 0 0
0 0 0 0 0 0 0 0 0
0 0 0 0 0 0 0 0 0
0 0 0 0 0 0 0 0 0
0 0 0 0 0 0 0 0 0
0 0 0 0 0 0 0 0 0
0 0 0 0 0 0 0 0 0
0 0 0 0 0 0 0 0 0
0 0 0 0 0 0 0 0 0
0 0 0 0 0 0 0 0 0
0 0 0 0 0 0 0 0 0
0 0 0 0 0 0 0 0 0
0 0 0 0 0 0 0 0 0
0 0 0 0 0 0 0 0 0
0 0 0 0 0 0 0 0 0
0 0 0 0 0 0 0 0 0
0 0 0 0 0 0 0 0 0
0 0 0 0 0 0 0 0 0
0 0 0 0 0 0 0 0 0
0 0 0 0 0 0 0 0 0
0 0 0 0 0 0 0 0 0
0 0 0 0 0 0 0 0 0
0 0 0 0 0 0 0 0 0
0 0 0 0 0 0 0 0 0
0 0 0 0 0 0 0 0 0
0 0 0 0 0 0 0 0 0
0 0 0 0 0 0 0 0 0
0 0 0 0 0 0 0 0 0
0 0 0 0 0 0 0 0 0
0 0 0 0 0 0 0 0 0
0 0 0 0 0 0 0 0 0
0 0 0 0 0 0 0 0 0
0 0 0 0 0 0 0 0 0
0 0 0 0 0 0 0 0 0
0 0 0 0 0 0 0 0 0
0 0 0 0 0 0 0 0 0
0 0 0 0 0 0 0 0 0
0 0 0 0 0 0 0 0 0
0 0 0 0 0 0 0 0 0
0 0 0 0 0 0 0 0 0
0 0 0 0 0 0 -1.18166e-07 -1.18166e-07 -6.38766e-07
-6.38766e-07 -1.02797e-06 -1.02797e-06 -2.93757e-06 -2.93757e-06 -8.88131e-06 -8.88131e-06 -1.84399e-06 -1.84399e-06
5.07162e-05 5.07162e-05 0.000164856 0.000164856 0.000345519 0.000345519 0.000601229 0.000601229 0.000934836
0.000934836 0.00134303 0.00134303 0.00182345 0.00182345 0.0023754 0.0023754 0.00299633 0.00299633
0.00368337 0.00368337 0.00443562 0.00443562 0.00524968 0.00524968 0.0061226 0.0061226 0.0070526
0.0070526 0.00803539 0.00803539 0.00906896 0.00906896 0.0101504 0.0101504 0.0112748 0.0112748
0.0124412 0.0124412 0.0136458 0.0136458 0.0148834 0.0148834 0.0161534 0.0161534 0.0174516
0.0174516 0.0187739 0.0187739 0.0201185 0.0201185 0.0214809 0.0214809 0.0228586 0.0228586
0.0242483 0.0242483 0.0256457 0.0256457 0.0270488 0.0270488 0.0284533 0.0284533 0.0298557
0.0298557 0.0312531 0.0312531 0.032641 0.032641 0.0340173 0.0340173 0.0353772 0.0353772
0.0367163 0.0367163 0.0380326 0.0380326 0.0393204 0.0393204 0.0405763 0.0405763 0.0417963
0.0417963 0.0429752 0.0429752 0.044111 0.044111 0.0451977 0.0451977 0.0462303 0.0462303
0.0472058 0.0472058 0.0481189 0.0481189 0.0489659 0.0489659 0.0497423 0.0497423 0.0504434
0.0504434 0.0510662 0.0510662 0.0516067 0.0516067 0.0520612 0.0520612 0.0524272 0.0524272
0.0527016 0.0527016 0.0528825 0.0528825 0.0529683 0.0529683 0.0529577 0.0529577 0.0528503
0.0528503 0.0526462 0.0526462 0.0523457 0.0523457 0.0519501 0.0519501 0.0514613 0.0514613
0.050881 0.050881 0.0502125 0.0502125 0.049458 0.049458 0.0486213 0.0486213 0.0477061
0.0477061 0.0467159 0.0467159 0.0456561 0.0456561 0.0445294 0.0445294 0.0433409 0.0433409
0.042095 0.042095 0.0407958 0.0407958 0.0394495 0.0394495 0.0380591 0.0380591 0.0366296
0.0366296 0.0351656 0.0351656 0.0336715 0.0336715 0.0321532 0.0321532 0.030614 0.030614
0.0290592 0.0290592 0.0274931 0.0274931 0.0259206 0.0259206 0.0243466 0.0243466 0.0227759
0.0227759 0.0212138 0.0212138 0.0196648 0.0196648 0.0181346 0.0181346 0.0166271 0.0166271
0.015149 0.015149 0.0137057 0.0137057 0.0123026 0.0123026 0.0109459 0.0109459 0.00964037
0.00964037 0.00839305 0.00839305 0.007209 0.007209 0.00609505 0.00609505 0.00505744 0.00505744
0.00410171 0.00410171 0.00323413 0.00323413 0.00245982 0.00245982 0.00178455 0.00178455 0.00121285
0.00121285 0.000750192 0.000750192 0.00040075 0.00040075 0.000165252 0.000165252 4.23716e-05 4.23716e-05
3.66891e-06 3.66891e-06 -2.71095e-06 -2.71095e-06 -2.66974e-06 -2.66974e-06 -6.89284e-07 -6.89284e-07 0
0 0 0 0 0 0 0 0 0
0 0 0 0 0 0 0 0 0
0 0 0 0 0 0 0 0 0
0 0 0 0 0 0 0 0 0
0 0 0 0 0 0 0 0 0
0 0 0 0 0 0 0 0 0
0 0 0 0 0 0 0 0 0
0 0 0 0 0 0 0 0 0
0 0 0 0 0 0 0 0 0
0 0 0 0 0 0 0 0 0
0 0 0 0 0 0 0
        </DataArray>
        <DataArray type='Float32' Name='Cz' format='ascii'>
4.27223e-20 4.09204e-21 4.09204e-21 4.27223e-20 -4.37668e-20 -4.37668e-20 -4.61698e-21 -4.61698e-21 1.18899e-20
1.18899e-20 -4.72119e-20 -4.72119e-20 -6.66777e-20 -6.66777e-20 -4.84427e-20 -4.84427e-20 2.42594e-20 2.42594e-20
-1.17616e-20 -1.17616e-20 3.59845e-21 3.59845e-21 -1.24023e-21 -1.24023e-21 -7.84443e-20 -7.84443e-20 3.97422e-20
3.97422e-20 4.50088e-20 4.50088e-20 9.11565e-21 9.11565e-21 4.9981e-20 4.9981e-20 7.53652e-20 7.53652e-20
7.53225e-20 7.53225e-20 -3.10596e-20 -3.10596e-20 -6.13977e-20 -6.13977e-20 -5.60378e-20 -5.60378e-20 -8.61192e-20
-8.61192e-20 1.95363e-20 1.95363e-20 2.97629e-20 2.97629e-20 2.96133e-20 2.96133e-20 2.97837e-20 2.97837e-20
-2.5087e-20 -2.5087e-20 9.83113e-21 9.83113e-21 2.47765e-20 2.47765e-20 3.46839e-20 3.46839e-20 5.93688e-20
5.93688e-20 4.95035e-20 4.95035e-20 1.99482e-20 1.99482e-20 1.99689e-20 1.99689e-20 -3.86836e-20 -3.86836e-20
-1.91406e-20 -1.91406e-20 4.93372e-20 4.93372e-20 6.73007e-22 6.73007e-22 6.72419e-22 6.72419e-22 -1.8542e-20
-1.8542e-20 -8.61551e-20 -8.61551e-20 -8.59304e-20 -8.59304e-20 -3.75541e-20 -3.75541e-20 3.46535e-20 3.46535e-20
5.38903e-20 5.38903e-20 6.3366e-20 6.3366e-20 5.38296e-20 5.38296e-20 3.94325e-20 3.94325e-20 6.23484e-21
6.23484e-21 -2.22563e-20 -2.22563e-20 6.29444e-21 6.29444e-21 2.99459e-20 2.99459e-20 6.46474e-21 6.46474e-21
1.72565e-21 1.72565e-21 2.53277e-20 2.53277e-20 -1.67991e-20 -1.67991e-20 -2.73427e-21 -2.73427e-21 5.33294e-20
5.33294e-20 3.93831e-20 3.93831e-20 3.93038e-20 3.93038e-20 4.39926e-20 4.39926e-20 -2.28096e-21 -2.28096e-21
-3.91197e-20 -3.91197e-20 -5.28028e-20 -5.28028e-20 -2.04765e-20 -2.04765e-20 -2.48815e-20 -2.48815e-20 -6.13906e-20
-6.13906e-20 1.63425e-20 1.63425e-20 4.84172e-20 4.84172e-20 -6.22139e-21 -6.22139e-21 2.55814e-20 2.55814e-20
1.211e-20 1.211e-20 -5.56455e-20 -5.56455e-20 3.05371e-21 3.05371e-21 -5.7041e-21 -5.7041e-21 -5.06466e-20
-5.06466e-20 3.32101e-21 3.32101e-21 5.70035e-20 5.70035e-20 6.59545e-20 6.59545e-20 -5.32633e-21 -5.32633e-21
-4.52633e-20 -4.52633e-20 -4.50943e-20 -4.50943e-20 -3.60883e-20 -3.60883e-20 3.90377e-20 3.90377e-20 3.97023e-21
3.97023e-21 -5.76498e-20 -5.76498e-20 -3.98447e-20 -3.98447e-20 -7.90827e-20 -7.90827e-20 -3.48328e-22 -3.48328e-22
6.08814e-20 6.08814e-20 -8.75891e-21 -8.75891e-21 -4.40605e-21 -4.40605e-21 -8.56607e-21 -8.56607e-21 -5.17361e-20
-5.17361e-20 -7.30922e-20 -7.30922e-20 -4.28196e-20 -4.28196e-20 5.61148e-20 5.61148e-20 8.61339e-20 8.61339e-20
1.33738e-20 1.33738e-20 -3.7495e-21 -3.7495e-21 6.67182e-22 6.67182e-22 3.03773e-20 3.03773e-20 7.71124e-20
7.71124e-20 -7.54323e-21 -7.54323e-21 -3.29037e-20 -3.29037e-20 1.78329e-20 1.78329e-20 -2.41107e-20 -2.41107e-20
-4.50484e-20 -4.50484e-20 -7.17916e-21 -7.17916e-21 4.71781e-20 4.71781e-20 3.89212e-20 3.89212e-20 -4.43137e-20
-4.43137e-20 1.38453e-20 1.38453e-20 5.13172e-20 5.13172e-20 2.64007e-20 2.64007e-20 -2.29745e-20 -2.29745e-20
-3.12347e-20 -3.12347e-20 5.97299e-21 5.97299e-21 -1.85941e-20 -1.85941e-20 -2.25583e-20 -2.25583e-20 -3.87631e-20
-3.87631e-20 -5.48991e-20 -5.48991e-20 6.17094e-21 6.17094e-21 1.44815e-20 1.44815e-20 -2.19903e-20 -2.19903e-20
-2.18185e-20 -2.18185e-20 -4.59046e-20 -4.59046e-20 -1.76143e-20 -1.76143e-20 -1.409e-21 -1.409e-21 -3.73598e-20
-3.73598e-20 -4.52422e-20 -4.52422e-20 -2.9106e-20 -2.9106e-20 1.87269e-20 1.87269e-20 7.04263e-20 7.04263e-20
5.05691e-20 5.05691e-20 -8.76037e-21 -8.76037e-21 -3.63338e-20 -3.63338e-20 -5.18987e-20 -5.18987e-20 -3.21427e-20
-3.21427e-20 -3.58254e-20 -3.58254e-20 -8.42026e-21 -8.42026e-21 6.20267e-20 6.20267e-20 2.69364e-20 2.69364e-20
-3.13641e-20 -3.13641e-20 -5.06583e-20 -5.06583e-20 -1.95257e-20 -1.95257e-20 -2.32201e-20 -2.32201e-20 -3.85579e-20
-3.85579e-20 -2.68509e-20 -2.68509e-20 -3.82238e-20 -3.82238e-20 -6.48778e-20 -6.48778e-20 -4.94275e-20 -4.94275e-20
1.9397e-20 1.9397e-20 5.3729e-20 5.3729e-20 -1.08168e-20 -1.08168e-20 -8.27836e-20 -8.27836e-20 -4.10022e-20
-4.10022e-20 1.20505e-20 1.20505e-20 4.21942e-20 4.21942e-20 -2.80543e-21 -2.80543e-21 -7.03166e-20 -7.03166e-20
9.46624e-22 9.46624e-22 2.7266e-20 2.7266e-20 -4.72456e-20 -4.72456e-20 -4.71522e-20 -4.71522e-20 -1.35397e-20
-1.35397e-20 -5.04337e-20 -5.04337e-20 -1.71062e-20 -1.71062e-20 8.62748e-20 8.62748e-20 6.41924e-20 6.41924e-20
9.33448e-20 9.33448e-20 1.37328e-19 1.37328e-19 -3.82852e-20 -3.82852e-20 -1.47745e-19 -1.47745e-19 -3.82114e-20
-3.82114e-20 -5.9644e-20 -5.9644e-20 5.50583e-21 5.50583e-21 4.20772e-20 4.20772e-20 -1.2411e-19 -1.2411e-19
-1.1664e-19 -1.1664e-19 -6.59714e-20 -6.59714e-20 2.74356e-20 2.74356e-20 -2.24386e-20 -2.24386e-20 -1.01092e-19
-1.01092e-19 -6.5092e-20 -6.5092e-20 4.87841e-20 4.87841e-20 1.19938e-19 1.19938e-19 -7.73084e-21 -7.73084e-21
-7.8403e-20 -7.8403e-20 -7.81639e-20 -7.81639e-20 -4.27694e-20 -4.27694e-20 -4.32314e-22 -4.32314e-22 1.366e-20
1.366e-20 3.46794e-20 3.46794e-20 -7.12181e-21 -7.12181e-21 6.76109e-21 6.76109e-21 -2.08001e-20 -2.08001e-20
-1.38663e-19 -1.38663e-19 -7.61234e-20 -7.61234e-20 6.91572e-20 6.91572e-20 6.92177e-20 6.92177e-20 -1.34204e-20
-1.34204e-20 -6.13466e-20 -6.13466e-20 -8.17234e-20 -8.17234e-20 4.14027e-20 4.14027e-20 1.36998e-19 1.36998e-19
3.47823e-20 3.47823e-20 1.42589e-20 1.42589e-20 1.15958e-19 1.15958e-19 6.18414e-20 6.18414e-20 3.46219e-20
3.46219e-20 7.86514e-21 7.86514e-21 -8.62378e-20 -8.62378e-20 3.45646e-20 3.45646e-20 1.35067e-19 1.35067e-19
-2.5238e-20 -2.5238e-20 -1.11923e-19 -1.11923e-19 -1.85303e-20 -1.85303e-20 -5.07896e-21 -5.07896e-21 4.78482e-20
4.78482e-20 1.27173e-19 1.27173e-19 -1.78827e-20 -1.78827e-20 -6.40778e-20 -6.40778e-20 8.71485e-20 8.71485e-20
1.46037e-19 1.46037e-19 2.17631e-20 2.17631e-20 -1.10669e-20 -1.10669e-20 6.72579e-20 6.72579e-20 2.1733e-20
2.1733e-20 6.70226e-20 6.70226e-20 1.1233e-19 1.1233e-19 2.18568e-20 2.18568e-20 -7.47502e-20 -7.47502e-20
-6.17492e-20 -6.17492e-20 1.54216e-20 1.54216e-20 -3.5607e-20 -3.5607e-20 -6.11525e-20 -6.11525e-20 4.10185e-20
4.10185e-20 5.38048e-20 5.38048e-20 -4.77184e-20 -4.77184e-20 9.23059e-21 9.23059e-21 1.35789e-19 1.35789e-19
1.04084e-19 1.04084e-19 -9.25949e-21 -9.25949e-21 -4.69727e-20 -4.69727e-20 -2.16717e-20 -2.16717e-20 -8.40447e-20
-8.40447e-20 -9.10431e-21 -9.10431e-21 1.61187e-20 1.61187e-20 -1.08156e-19 -1.08156e-19 -8.93431e-20 -8.93431e-20
2.22555e-20 2.22555e-20 3.47478e-20 3.47478e-20 5.31012e-20 5.31012e-20 -2.05439e-21 -2.05439e-21 -8.36894e-21
-8.36894e-21 1.1426e-19 1.1426e-19 8.96997e-20 8.96997e-20 8.3429e-20 8.3429e-20 2.86977e-20 2.86977e-20
-5.63393e-20 -5.63393e-20 -5.61599e-20 -5.61599e-20 -8.01035e-20 -8.01035e-20 -1.28121e-19 -1.28121e-19 -1.57072e-21
-1.57072e-21 7.68041e-20 7.68041e-20 -6.1112e-20 -6.1112e-20 -1.20801e-19 -1.20801e-19 -9.06412e-20 -9.06412e-20
1.67334e-20 1.67334e-20 5.2579e-20 5.2579e-20 1.0963e-20 1.0963e-20 4.65031e-20 4.65031e-20 -6.55483e-21
-6.55483e-21 -1.06691e-19 -1.06691e-19 -1.0057e-19 -1.0057e-19 -5.33332e-20 -5.33332e-20 -1.8018e-20 -1.8018e-20
-1.20325e-20 -1.20325e-20 4.6279e-20 4.6279e-20 1.21955e-19 1.21955e-19 7.53893e-20 7.53893e-20 2.8895e-20
2.8895e-20 1.15957e-20 1.15957e-20 2.31196e-20 2.31196e-20 -2.85338e-20 -2.85338e-20 1.15802e-20 1.15802e-20
8.06141e-20 8.06141e-20 -2.81707e-20 -2.81707e-20 1.17636e-20 1.17636e-20 1.03045e-19 1.03045e-19 6.37979e-21
6.37979e-21 2.32279e-20 2.32279e-20 3.48049e-20 3.48049e-20 3.45843e-20 3.45843e-20 1.22851e-20 1.22851e-20
-1.04075e-20 -1.04075e-20 3.47553e-20 3.47553e-20 4.58222e-20 4.58222e-20 1.0735e-19 1.0735e-19 8.49021e-20
8.49021e-20 9.58773e-20 9.58773e-20 3.47908e-20 3.47908e-20 3.45983e-20 3.45983e-20 6.24084e-20 6.24084e-20
-3.92485e-21 -3.92485e-21 -2.58562e-20 -2.58562e-20 1.26565e-20 1.26565e-20 -3.60898e-21 -3.60898e-21 -3.10096e-20
-3.10096e-20 6.19402e-20 6.19402e-20 1.84502e-20 1.84502e-20 -1.9732e-20 -1.9732e-20 5.09525e-20 5.09525e-20
-3.12553e-21 -3.12553e-21 -7.87485e-20 -7.87485e-20 -7.31353e-20 -7.31353e-20 -2.4521e-20 -2.4521e-20 3.46711e-20
3.46711e-20 2.612e-21 2.612e-21 -1.87949e-20 -1.87949e-20 3.99996e-20 3.99996e-20 2.82668e-21 2.82668e-21
-9.27496e-20 -9.27496e-20 -9.25492e-20 -9.25492e-20 -2.39298e-21 -2.39298e-21 6.63509e-20 6.63509e-20 6.63069e-20
6.63069e-20 3.99673e-20 3.99673e-20 -1.24668e-20 -1.24668e-20 2.41478e-20 2.41478e-20 7.64966e-20 7.64966e-20
-6.92851e-21 -6.92851e-21 -4.85339e-20 -4.85339e-20 5.01779e-20 5.01779e-20 8.65234e-20 8.65234e-20 4.50293e-20
4.50293e-20 6.56111e-20 6.56111e-20 2.44705e-20 2.44705e-20 -3.20626e-20 -3.20626e-20 1.41544e-20 1.41544e-20
1.93943e-20 1.93943e-20 4.05891e-21 4.05891e-21 9.25394e-21 9.25394e-21 -6.17773e-20 -6.17773e-20 -1.61152e-20
-1.61152e-20 -1.57873e-20 -1.57873e-20 -9.15457e-20 -9.15457e-20 -4.59328e-20 -4.59328e-20 -5.23174e-22 -5.23174e-22
4.61706e-21 4.61706e-21 1.96384e-20 1.96384e-20 6.46557e-20 6.46557e-20 6.95934e-20 6.95934e-20 -1.99301e-20
-1.99301e-20 -1.09248e-19 -1.09248e-19 -1.13903e-19 -1.13903e-19 -2.96531e-20 -2.96531e-20 6.42785e-20 6.42785e-20
-4.62462e-21 -4.62462e-21 -9.30113e-20 -9.30113e-20 -3.888e-20 -3.888e-20 2.49077e-20 2.49077e-20 -2.86241e-20
-2.86241e-20 -6.75711e-20 -6.75711e-20 5.72822e-22 5.72822e-22 4.9241e-20 4.9241e-20 2.98306e-20 2.98306e-20
-5.2148e-20 -5.2148e-20 -1.84386e-20 -1.84386e-20 5.87194e-20 5.87194e-20 2.99083e-20 2.99083e-20 -3.56622e-21
-3.56622e-21 -1.79009e-20 -1.79009e-20 -5.57047e-20 -5.57047e-20 -1.27944e-20 -1.27944e-20 8.69574e-20 8.69574e-20
6.53212e-21 6.53212e-21 -5.50744e-20 -5.50744e-20 -6.43917e-20 -6.43917e-20 -3.5963e-20 -3.5963e-20 -2.17001e-20
-2.17001e-20 -5.91226e-20 -5.91226e-20 -4.01147e-20 -4.01147e-20 -1.66576e-20 -1.66576e-20 1.13831e-20 1.13831e-20
3.00439e-20 3.00439e-20 6.71201e-20 6.71201e-20 4.40036e-20 4.40036e-20 -6.22079e-20 -6.22079e-20 -5.75028e-20
-5.75028e-20 3.46812e-20 3.46812e-20 7.59778e-20 7.59778e-20 5.75811e-20 5.75811e-20 5.29676e-20 5.29676e-20
7.49142e-21 7.49142e-21 1.65258e-20 1.65258e-20 -1.44694e-21 -1.44694e-21 -1.01133e-19 -1.01133e-19 -6.93878e-20
-6.93878e-20 -1.5201e-21 -1.5201e-21 -1.03088e-20 -1.03088e-20 -6.42189e-20 -6.42189e-20 3.11003e-21 3.11003e-21
1.67149e-20 1.67149e-20 -4.57321e-20 -4.57321e-20 -7.21496e-20 -7.21496e-20 -9.8453e-21 -9.8453e-21 5.25328e-20
5.25328e-20 -3.17487e-20 -3.17487e-20 -2.7311e-20 -2.7311e-20 3.46893e-20 3.46893e-20 3.47013e-20 3.47013e-20
5.65983e-20 5.65983e-20 8.28893e-20 8.28893e-20 4.3482e-20 4.3482e-20 -4.55388e-21 -4.55388e-21 4.19942e-21
4.19942e-21 4.33671e-20 4.33671e-20 2.60961e-20 2.60961e-20 -4.75386e-20 -4.75386e-20 -6.03739e-20 -6.03739e-20
3.46913e-20 3.46913e-20 3.0501e-20 3.0501e-20 -6.38485e-20 -6.38485e-20 -1.66262e-20 -1.66262e-20 4.75217e-20
4.75217e-20 -2.07589e-20 -2.07589e-20 -8.87209e-20 -8.87209e-20 -3.74853e-20 -3.74853e-20 -2.0385e-20 -2.0385e-20
-1.61323e-20 -1.61323e-20 -3.28216e-20 -3.28216e-20 -4.12162e-20 -4.12162e-20 5.56225e-20 5.56225e-20 9.57986e-21
9.57986e-21 -6.98309e-20 -6.98309e-20 1.33707e-21 1.33707e-21 9.79732e-21 9.79732e-21 1.38718e-20 1.38718e-20
7.61405e-20 7.61405e-20 8.02052e-20 8.02052e-20 3.06221e-20 3.06221e-20 1.8188e-20 1.8188e-20 1.82881e-20
1.82881e-20 -2.68013e-20 -2.68013e-20 1.93175e-21 1.93175e-21 6.32249e-20 6.32249e-20 1.83764e-20 1.83764e-20
6.1187e-21 6.1187e-21 -1.75676e-21 -1.75676e-21 -9.89043e-21 -9.89043e-21 2.26301e-20 2.26301e-20 -1.37391e-20
-1.37391e-20 -4.17448e-20 -4.17448e-20 -2.54976e-20 -2.54976e-20 2.61861e-21 2.61861e-21 3.86521e-20 3.86521e-20
5.8657e-20 5.8657e-20 -5.01663e-21 -5.01663e-21 -5.03398e-21 -5.03398e-21 5.05378e-20 5.05378e-20 1.09346e-20
1.09346e-20 -1.27618e-20 -1.27618e-20 5.04317e-20 5.04317e-20 2.29702e-20 2.29702e-20 1.89172e-20 1.89172e-20
-4.37052e-21 -4.37052e-21 -9.03544e-20 -9.03544e-20 -4.33471e-20 -4.33471e-20 -2.75308e-20 -2.75308e-20 -5.07404e-20
-5.07404e-20 -5.05425e-20 -5.05425e-20 -7.89404e-21 -7.89404e-21 1.15782e-20 1.15782e-20 -4.22853e-20 -4.22853e-20
-2.68223e-20 -2.68223e-20 -1.1288e-20 -1.1288e-20 -2.65284e-20 -2.65284e-20 -4.92633e-20 -4.92633e-20 -6.81811e-20
-6.81811e-20 -7.17899e-21 -7.17899e-21 -1.8349e-20 -1.8349e-20 -1.45902e-20 -1.45902e-20 4.60315e-20 4.60315e-20
-6.71686e-21 -6.71686e-21 -1.42531e-20 -1.42531e-20 1.2189e-20 1.2189e-20 -6.50476e-21 -6.50476e-21 -1.38933e-20
-1.38933e-20 -3.61536e-20 -3.61536e-20 -5.83527e-20 -5.83527e-20 -3.9614e-20 -3.9614e-20 -3.94073e-20 -3.94073e-20
3.08928e-20 3.08928e-20 3.47933e-20 3.47933e-20 -6.10518e-20 -6.10518e-20 -4.61819e-20 -4.61819e-20 1.99761e-20
1.99761e-20 -1.8275e-21 -1.8275e-21 -1.6488e-20 -1.6488e-20 3.46945e-20 3.46945e-20 6.37531e-20 6.37531e-20
8.55043e-20 8.55043e-20 9.98486e-20 9.98486e-20 -2.29578e-20 -2.29578e-20 -9.51923e-20 -9.51923e-20 -3.00633e-20
-3.00633e-20 -4.42884e-20 -4.42884e-20 5.60716e-20 5.60716e-20 1.56264e-19 1.56264e-19 4.90774e-20 4.90774e-20
4.17113e-20 4.17113e-20 3.48059e-20 3.48059e-20 -3.62409e-20 -3.62409e-20 -2.18926e-20 -2.18926e-20 -8.52771e-20
-8.52771e-20 -5.026e-20 -5.026e-20 2.58403e-21 2.58403e-21 -2.90805e-20 -2.90805e-20
        </DataArray>
        <DataArray type='Float32' Name='k' format='ascii'>
0.179574 0.179574 0.179574 0.179574 0.179574 0.179574 0.179574 0.179574 0.179574
0.179574 0.179574 0.179574 0.179574 0.179574 0.179574 0.179574 0.179574 0.179574
0.179574 0.179574 0.179574 0.179574 0.179574 0.179574 0.179574 0.179574 0.179574
0.179574 0.179574 0.179574 0.179574 0.179574 0.179574 0.179574 0.179574 0.179574
0.179574 0.179574 0.179574 0.179574 0.179574 0.179574 0.179574 0.179574 0.179574
0.179574 0.179574 0.179574 0.179574 0.179574 0.179574 0.179574 0.179574 0.179574
0.179574 0.179574 0.179574 0.179574 0.179574 0.179574 0.179574 0.179574 0.179574
0.179574 0.179574 0.179574 0.179574 0.179574 0.179574 0.179574 0.179574 0.179574
0.179574 0.179574 0.179574 0.179574 0.179574 0.179574 0.179574 0.179574 0.179574
0.179574 0.179574 0.179574 0.179574 0.179574 0.179574 0.179574 0.179574 0.179574
0.179574 0.179574 0.179574 0.179574 0.179574 0.179574 0.179574 0.179574 0.179574
0.179574 0.179574 0.179574 0.179574 0.179574 0.179574 0.179574 0.179574 0.179574
0.179574 0.179574 0.179574 0.179574 0.179574 0.179574 0.179574 0.179574 0.179574
0.179574 0.179574 0.179574 0.179574 0.179574 0.179574 0.179574 0.179574 0.179574
0.179574 0.179574 0.179574 0.179574 0.179574 0.179574 0.179574 0.179574 0.179574
0.179574 0.179574 0.179574 0.179574 0.179574 0.179574 0.179574 0.179574 0.179574
0.179574 0.179574 0.179574 0.179574 0.179574 0.179574 0.179574 0.179574 0.179574
0.179574 0.179574 0.179574 0.179574 0.179574 0.179574 0.179574 0.179574 0.179574
0.179574 0.179574 0.179574 0.179574 0.179574 0.179574 0.179574 0.179574 0.179574
0.179574 0.179574 0.179574 0.179574 0.179574 0.179574 0.179574 0.179574 0.179574
0.179574 0.179574 0.179574 0.179574 0.179574 0.179574 0.179574 0.179574 0.179574
0.179574 0.179574 0.179574 0.179574 0.179574 0.179574 0.179574 0.179574 0.179574
0.179574 0.179574 0.179574 0.179574 0.179574 0.179574 0.179574 0.179574 0.179574
0.179574 0.179574 0.179574 0.179574 0.179574 0.179574 0.179574 0.179574 0.179574
0.179574 0.179574 0.179574 0.179574 0.179574 0.179574 0.179574 0.179574 0.179574
0.179574 0.179574 0.179574 0.179574 0.179574 0.179574 0.179574 0.179574 0.179574
0.179574 0.179574 0.179574 0.179574 0.179574 0.179574 0.179574 0.179574 0.179574
0.179574 0.179574 0.179574 0.179574 0.179574 0.179574 0.179574 0.179574 0.179574
0.179574 0.179574 0.179574 0.179574 0.179574 0.179574 0.179574 0.179574 0.179574
0.179574 0.179574 0.179574 0.179574 0.179574 0.179574 0.179574 0.179574 0.179574
0.179574 0.179574 0.179574 0.179574 0.179574 0.179574 0.179574 0.179574 0.179574
0.179574 0.179574 0.179574 0.179574 0.179574 0.179574 0.179574 0.179574 0.179574
0.179574 0.179574 0.179574 0.179574 0.179574 0.179574 0.179574 0.179574 0.179574
0.179574 0.179574 0.179574 0.179574 0.179574 0.179574 0.179574 0.179574 0.179574
0.179574 0.179574 0.179574 0.179574 0.179574 0.179574 0.179574 0.179574 0.179574
0.179574 0.179574 0.179574 0.179574 0.179574 0.179574 0.179574 0.179574 0.179574
0.179574 0.179574 0.179574 0.179574 0.179574 0.179574 0.179574 0.179574 0.179574
0.179574 0.179574 0.179574 0.179574 0.179574 0.179574 0.179574 0.179574 0.179574
0.179574 0.179574 0.179574 0.179574 0.179574 0.179574 0.179574 0.179574 0.179574
0.179574 0.179574 0.179574 0.179574 0.179574 0.179574 0.179574 0.179574 0.179574
0.179574 0.179574 0.179574 0.179574 0.179574 0.179574 0.179574 0.179574 0.179574
0.179574 0.179574 0.179574 0.179574 0.179574 0.179574 0.179574 0.179574 0.179574
0.179574 0.179574 0.179574 0.179574 0.179574 0.179574 0.179574 0.179574 0.179574
0.179574 0.179574 0.179574 0.179574 0.179574 0.179574 0.179574 0.179574 0.179574
0.179574 0.179574 0.179574 0.179574 0.179574 0.179574 0.179574 0.179574 0.179574
0.179574 0.179574 0.179574 0.179574 0.179574 0.179574 0.179574 0.179574 0.179574
0.179574 0.179574 0.179574 0.179574 0.179574 0.179574 0.179574 0.179574 0.179574
0.179574 0.179574 0.179574 0.179574 0.179574 0.179574 0.179574 0.179574 0.179574
0.179574 0.179574 0.179574 0.179574 0.179574 0.179574 0.179574 0.179574 0.179574
0.179574 0.179574 0.179574 0.179574 0.179574 0.179574 0.179574 0.179574 0.179574
0.179574 0.179574 0.179574 0.179574 0.179574 0.179574 0.179574 0.179574 0.179574
0.179574 0.179574 0.179574 0.179574 0.179574 0.179574 0.179574 0.179574 0.179574
0.179574 0.179574 0.179574 0.179574 0.179574 0.179574 0.179574 0.179574 0.179574
0.179574 0.179574 0.179574 0.179574 0.179574 0.179574 0.179574 0.179574 0.179574
0.179574 0.179574 0.179574 0.179574 0.179574 0.179574 0.179574 0.179574 0.179574
0.179574 0.179574 0.179574 0.179574 0.179574 0.179574 0.179574 0.179574 0.179574
0.179574 0.179574 0.179574 0.179574 0.179574 0.179574 0.179574 0.179574 0.179574
0.179574 0.179574 0.179574 0.179574 0.179574 0.179574 0.179574 0.179574 0.179574
0.179574 0.179574 0.179574 0.179574 0.179574 0.179574 0.179574 0.179574 0.179574
0.179574 0.179574 0.179574 0.179574 0.179574 0.179574 0.179574 0.179574 0.179574
0.179574 0.179574 0.179574 0.179574 0.179574 0.179574 0.179574 0.179574 0.179574
0.179574 0.179574 0.179574 0.179574 0.179574 0.179574 0.179574 0.179574 0.179574
0.179574 0.179574 0.179574 0.179574 0.179574 0.179574 0.179574 0.179574 0.179574
0.179574 0.179574 0.179574 0.179574 0.179574 0.179574 0.179574 0.179574 0.179574
0.179574 0.179574 0.179574 0.179574 0.179574 0.179574 0.179574 0.179574 0.179574
0.179574 0.179574 0.179574 0.179574 0.179574 0.179574 0.179574 0.179574 0.179574
0.179574 0.179574 0.179574 0.179574 0.179574 0.179574 0.179574 0.179574 0.179574
0.179574 0.179574 0.179574 0.179574 0.179574 0.179574 0.179574 0.179574 0.179574
0.179574 0.179574 0.179574 0.179574 0.179574 0.179574 0.179574 0.179574 0.179574
0.179574 0.179574 0.179574 0.179574 0.179574 0.179574 0.179574 0.179574 0.179574
0.179574 0.179574 0.179574 0.179574 0.179574 0.179574 0.179574 0.179574 0.179574
0.179574 0.179574 0.179574 0.179574 0.179574 0.179574 0.179574 0.179574 0.179574
0.179574 0.179574 0.179574 0.179574 0.179574 0.179574 0.179574 0.179574 0.179574
0.179574 0.179574 0.179574 0.179574 0.179574 0.179574 0.179574 0.179574 0.179574
0.179574 0.179574 0.179574 0.179574 0.179574 0.179574 0.179574 0.179574 0.179574
0.179574 0.179574 0.179574 0.179574 0.179574 0.179574 0.179574 0.179574 0.179574
0.179574 0.179574 0.179574 0.179574 0.179574 0.179574 0.179574 0.179574 0.179574
0.179574 0.179574 0.179574 0.179574 0.179574 0.179574 0.179574 0.179574 0.179574
0.179574 0.179574 0.179574 0.179574 0.179574 0.179574 0.179574 0.179574 0.179574
0.179574 0.179574 0.179574 0.179574 0.179574 0.179574 0.179574 0.179574 0.179574
0.179574 0.179574 0.179574 0.179574 0.179574 0.179574 0.179574 0.179574 0.179574
0.179574 0.179574 0.179574 0.179574 0.179574 0.179574 0.179574 0.179574 0.179574
0.179574 0.179574 0.179574 0.179574 0.179574 0.179574 0.179574 0.179574 0.179574
0.179574 0.179574 0.179574 0.179574 0.179574 0.179574 0.179574 0.179574 0.179574
0.179574 0.179574 0.179574 0.179574 0.179574 0.179574 0.179574 0.179574 0.179574
0.179574 0.179574 0.179574 0.179574 0.179574 0.179574 0.179574 0.179574 0.179574
0.179574 0.179574 0.179574 0.179574 0.179574 0.179574 0.179574 0.179574 0.179574
0.179574 0.179574 0.179574 0.179574 0.179574 0.179574 0.179574 0.179574 0.179574
0.179574 0.179574 0.179574 0.179574 0.179574 0.179574 0.179574 0.179574 0.179574
0.179574 0.179574 0.179574 0.179574 0.179574 0.179574 0.179574 0.179574 0.179574
0.179574 0.179574 0.179574 0.179574 0.179574 0.179574 0.179574 0.179574 0.179574
0.179574 0.179574 0.179574 0.179574 0.179574 0.179574 0.179574 0.179574 0.179574
0.179574 0.179574 0.179574 0.179574 0.179574 0.179574 0.179574 0.179574 0.179574
0.179574 0.179574 0.179574 0.179574 0.179574 0.179574 0.179574 0.179574 0.179574
0.179574 0.179574 0.179574 0.179574 0.179574 0.179574 0.179574 0.179574 0.179574
0.179574 0.179574 0.179574 0.179574 0.179574 0.179574 0.179574 0.179574 0.179574
0.179574 0.179574 0.179574 0.179574 0.179574 0.179574 0.179574 0.179574 0.179574
0.179574 0.179574 0.179574 0.179574 0.179574 0.179574 0.179574 0.179574 0.179574
0.179574 0.179574 0.179574 0.179574 0.179574 0.179574 0.179574 0.179574 0.179574
0.179574 0.179574 0.179574 0.179574 0.179574 0.179574 0.179574 0.179574 0.179574
0.179574 0.179574 0.179574 0.179574 0.179574 0.179574 0.179574 0.179574 0.179574
0.179574 0.179574 0.179574 0.179574 0.179574 0.179574 0.179574 0.179574 0.179574
0.179574 0.179574 0.179574 0.179574 0.179574 0.179574 0.179574 0.179574 0.179574
0.179574 0.179574 0.179574 0.179574 0.179574 0.179574 0.179574 0.179574 0.179574
0.179574 0.179574 0.179574 0.179574 0.179574 0.179574 0.179574 0.179574 0.179574
0.179574 0.179574 0.179574 0.179574 0.179574 0.179574 0.179574 0.179574 0.179574
0.179574 0.179574 0.179574 0.179574 0.179574 0.179574 0.179574 0.179574 0.179574
0.179574 0.179574 0.179574 0.179574 0.179574 0.179574 0.179574 0.179574 0.179574
0.179574 0.179574 0.179574 0.179574 0.179574 0.179574 0.179574 0.179574 0.179574
0.179574 0.179574 0.179574 0.179574 0.179574 0.179574 0.179574 0.179574 0.179574
0.179574 0.179574 0.179574 0.179574 0.179574 0.179574 0.179574 0.179574 0.179574
0.179574 0.179574 0.179574 0.179574 0.179574 0.179574 0.179574 0.179574 0.179574
0.179574 0.179574 0.179574 0.179574 0.179574 0.179574 0.179574 0.179574 0.179574
0.179574 0.179574 0.179574 0.179574 0.179574 0.179574 0.179574 0.179574 0.179574
0.179574 0.179574 0.179574 0.179574 0.179574 0.179574 0.179574 0.179574 0.179574
0.179574 0.179574 0.179574 0.179574 0.179574 0.179574 0.179574
        </DataArray>
        <DataArray type='Float32' Name='nut' format='ascii'>
0 0 0 0 0 0 0 0 0
0 0 0 0 0 0 0 0 0
0 0 0 0 0 0 0 0 0
0 0 0 0 0 0 0 0 0
0 0 0 0 0 0 0 0 0
0 0 0 0 0 0 0 0 0
0 0 0 0 0 0 0 0 0
0 0 0 0 0 0 0 0 0
0 0 0 0 0 0 0 0 0
0 0 0 0 0 0 0 0 0
0 0 0 0 0 0 0 0 0
0 0 0 0 0 0 0 0 0
0 0 0 0 0 0 0 0 0
0 0 0 0 0 0 0 0 0
0 0 0 0 0 0 0 0 0
0 0 0 0 0 0 0 0 0
0 0 0 0 0 0 0 0 0
0 0 0 0 0 0 0 0 0
0 0 0 0 0 0 0 0 0
0 0 0 0 0 0 0 0 0
0 0 0 0 0 0 0 0 0
0 0 0 0 0 0 0 0 0
0 0 0 0 0 0 0 0 0
0 0 0 0 0 0 0 0 0
0 0 0 0 0 0 0 0 0
0 0 0 0 0 0 0 0 0
0 0 0 0 0 0 0 0 0
0 0 0 0 0 0 0 0 0
0 0 0 0 0 0 0 0 0
0 0 0 0 0 0 0 0 0
0 0 0 0 0 0 0 0 0
0 0 0 0 0 0 0 0 0
0 0 0 0 0 0 0 0 0
0 0 0 0 0 0 0 0 0
0 0 0 0 0 0 0 0 0
0 0 0 0 0 0 0 0 0
0 0 0 0 0 0 0 0 0
0 0 0 0 0 0 0 0 0
0 0 0 0 0 0 0 0 0
0 0 0 0 0 0 0 0 0
0 0 0 0 0 0 0 0 0
0 0 0 0 0 0 0 0 0
0 0 0 0 0 0 0 0 0
0 0 0 0 0 0 0 0 0
0 0 0 0 0 0 0 0 0
0 0 0 0 0 0 0 0 0
0 0 0 0 0 0 0 0 0
0 0 0 0 0 0 0 0 0
0 0 0 0 0 0 0 0 0
0 0 0 0 0 0 0 0 0
0 0 0 0 0 0 0 0 0
0 0 0 0 0 0 0 0 0
0 0 0 0 0 0 0 0 0
0 0 0 0 0 0 0 0 0
0 0 0 0 0 0 0 0 0
0 0 0 0 0 0 0 0 0
0 0 0 0 0 0 0 0 0
0 0 0 0 0 0 0 0 0
0 0 0 0 0 0 0 0 0
0 0 0 0 0 0 0 0 0
0 0 0 0 0 0 0 0 0
0 0 0 0 0 0 0 0 0
0 0 0 0 0 0 0 0 0
0 0 0 0 0 0 0 0 0
0 0 0 0 0 0 0 0 0
0 0 0 0 0 0 0 0 0
0 0 0 0 0 0 0 0 0
0 0 0 0 0 0 0 0 0
0 0 0 0 0 0 0 0 0
0 0 0 0 0 0 0 0 0
0 0 0 0 0 0 0 0 0
0 0 0 0 0 0 0 0 0
0 0 0 0 0 0 0 0 0
0 0 0 0 0 0 0 0 0
0 0 0 0 0 0 0 0 0
0 0 0 0 0 0 0 0 0
0 0 0 0 0 0 0 0 0
0 0 0 0 0 0 0 0 0
0 0 0 0 0 0 0 0 0
0 0 0 0 0 0 0 0 0
0 0 0 0 0 0 0 0 0
0 0 0 0 0 0 0 0 0
0 0 0 0 0 0 0 0 0
0 0 0 0 0 0 0 0 0
0 0 0 0 0 0 0 0 0
0 0 0 0 0 0 0 0 0
0 0 0 0 0 0 0 0 0
0 0 0 0 0 0 0 0 0
0 0 0 0 0 0 0 0 0
0 0 0 0 0 0 0 0 0
0 0 0 0 0 0 0 0 0
0 0 0 0 0 0 0 0 0
0 0 0 0 0 0 0 0 0
0 0 0 0 0 0 0 0 0
0 0 0 0 0 0 0 0 0
0 0 0 0 0 0 0 0 0
0 0 0 0 0 0 0 0 0
0 0 0 0 0 0 0 0 0
0 0 0 0 0 0 0 0 0
0 0 0 0 0 0 0 0 0
0 0 0 0 0 0 0 0 0
0 0 0 0 0 0 0 0 0
0 0 0 0 0 0 0 0 0
0 0 0 0 0 0 0 0 0
0 0 0 0 0 0 0 0 0
0 0 0 0 0 0 0 0 0
0 0 0 0 0 0 0 0 0
0 0 0 0 0 0 0 0 0
0 0 0 0 0 0 0 0 0
0 0 0 0 0 0 0 0 0
0 0 0 0 0 0 0 0 0
0 0 0 0 0 0 0 0 0
0 0 0 0 0 0 0 0 0
0 0 0 0 0 0 0 0 0
0 0 0 0 0 0 0 0 0
0 0 0 0 0 0 0
        </DataArray>
        <DataArray type='Float32' Name='omega' format='ascii'>
316 316 316 316 316 316 316 316 316
316 316 316 316 316 316 316 316 316
316 316 316 316 316 316 316 316 316
316 316 316 316 316 316 316 316 316
316 316 316 316 316 316 316 316 316
316 316 316 316 316 316 316 316 316
316 316 316 316 316 316 316 316 316
316 316 316 316 316 316 316 316 316
316 316 316 316 316 316 316 316 316
316 316 316 316 316 316 316 316 316
316 316 316 316 316 316 316 316 316
316 316 316 316 316 316 316 316 316
316 316 316 316 316 316 316 316 316
316 316 316 316 316 316 316 316 316
316 316 316 316 316 316 316 316 316
316 316 316 316 316 316 316 316 316
316 316 316 316 316 316 316 316 316
316 316 316 316 316 316 316 316 316
316 316 316 316 316 316 316 316 316
316 316 316 316 316 316 316 316 316
316 316 316 316 316 316 316 316 316
316 316 316 316 316 316 316 316 316
316 316 316 316 316 316 316 316 316
316 316 316 316 316 316 316 316 316
316 316 316 316 316 316 316 316 316
316 316 316 316 316 316 316 316 316
316 316 316 316 316 316 316 316 316
316 316 316 316 316 316 316 316 316
316 316 316 316 316 316 316 316 316
316 316 316 316 316 316 316 316 316
316 316 316 316 316 316 316 316 316
316 316 316 316 316 316 316 316 316
316 316 316 316 316 316 316 316 316
316 316 316 316 316 316 316 316 316
316 316 316 316 316 316 316 316 316
316 316 316 316 316 316 316 316 316
316 316 316 316 316 316 316 316 316
316 316 316 316 316 316 316 316 316
316 316 316 316 316 316 316 316 316
316 316 316 316 316 316 316 316 316
316 316 316 316 316 316 316 316 316
316 316 316 316 316 316 316 316 316
316 316 316 316 316 316 316 316 316
316 316 316 316 316 316 316 316 316
316 316 316 316 316 316 316 316 316
316 316 316 316 316 316 316 316 316
316 316 316 316 316 316 316 316 316
316 316 316 316 316 316 316 316 316
316 316 316 316 316 316 316 316 316
316 316 316 316 316 316 316 316 316
316 316 316 316 316 316 316 316 316
316 316 316 316 316 316 316 316 316
316 316 316 316 316 316 316 316 316
316 316 316 316 316 316 316 316 316
316 316 316 316 316 316 316 316 316
316 316 316 316 316 316 316 316 316
316 316 316 316 316 316 316 316 316
316 316 316 316 316 316 316 316 316
316 316 316 316 316 316 316 316 316
316 316 316 316 316 316 316 316 316
316 316 316 316 316 316 316 316 316
316 316 316 316 316 316 316 316 316
316 316 316 316 316 316 316 316 316
316 316 316 316 316 316 316 316 316
316 316 316 316 316 316 316 316 316
316 316 316 316 316 316 316 316 316
316 316 316 316 316 316 316 316 316
316 316 316 316 316 316 316 316 316
316 316 316 316 316 316 316 316 316
316 316 316 316 316 316 316 316 316
316 316 316 316 316 316 316 316 316
316 316 316 316 316 316 316 316 316
316 316 316 316 316 316 316 316 316
316 316 316 316 316 316 316 316 316
316 316 316 316 316 316 316 316 316
316 316 316 316 316 316 316 316 316
316 316 316 316 316 316 316 316 316
316 316 316 316 316 316 316 316 316
316 316 316 316 316 316 316 316 316
316 316 316 316 316 316 316 316 316
316 316 316 316 316 316 316 316 316
316 316 316 316 316 316 316 316 316
316 316 316 316 316 316 316 316 316
316 316 316 316 316 316 316 316 316
316 316 316 316 316 316 316 316 316
316 316 316 316 316 316 316 316 316
316 316 316 316 316 316 316 316 316
316 316 316 316 316 316 316 316 316
316 316 316 316 316 316 316 316 316
316 316 316 316 316 316 316 316 316
316 316 316 316 316 316 316 316 316
316 316 316 316 316 316 316 316 316
316 316 316 316 316 316 316 316 316
316 316 316 316 316 316 316 316 316
316 316 316 316 316 316 316 316 316
316 316 316 316 316 316 316 316 316
316 316 316 316 316 316 316 316 316
316 316 316 316 316 316 316 316 316
316 316 316 316 316 316 316 316 316
316 316 316 316 316 316 316 316 316
316 316 316 316 316 316 316 316 316
316 316 316 316 316 316 316 316 316
316 316 316 316 316 316 316 316 316
316 316 316 316 316 316 316 316 316
316 316 316 316 316 316 316 316 316
316 316 316 316 316 316 316 316 316
316 316 316 316 316 316 316 316 316
316 316 316 316 316 316 316 316 316
316 316 316 316 316 316 316 316 316
316 316 316 316 316 316 316 316 316
316 316 316 316 316 316 316 316 316
316 316 316 316 316 316 316 316 316
316 316 316 316 316 316 316 316 316
316 316 316 316 316 316 316 316 316
316 316 316 316 316 316 316 316 316
316 316 316 316 316 316 316
        </DataArray>
        <DataArray type='Float32' Name='p' format='ascii'>
0 0 0 0 0 0 0 0 0
0 0 0 0 0 0 0 0 0
0 0 0 0 0 0 0 0 0
0 0 0 0 0 0 0 0 0
0 0 0 0 0 0 0 0 0
0 0 0 0 0 0 0 0 0
0 0 0 0 0 0 0 0 0
0 0 0 0 0 0 0 0 0
0 0 0 0 0 0 0 0 0
0 0 0 0 0 0 0 0 0
0 0 0 0 0 0 0 0 0
0 0 0 0 0 0 0 0 0
0 0 0 0 0 0 0 0 0
0 0 0 0 0 0 0 0 0
0 0 0 0 0 0 0 0 0
0 0 0 0 0 0 0 0 0
0 0 0 0 0 0 0 0 0
0 0 0 0 0 0 0 0 0
0 0 0 0 0 0 0 0 0
0 0 0 0 0 0 0 0 0
0 0 0 0 0 0 0 0 0
0 0 0 0 0 0 0 0 0
0 0 0 0 0 0 0 0 0
0 0 0 0 0 0 0 0 0
0 0 0 0 0 0 0 0 0
0 0 0 0 0 0 0 0 0
0 0 0 0 0 0 0 0 0
0 0 0 0 0 0 0 0 0
0 0 0 0 0 0 0 0 0
0 0 0 0 0 0 0 0 0
0 0 0 0 0 0 0 0 0
0 0 0 0 0 0 0 0 0
0 0 0 0 0 0 0 0 0
0 0 0 0 0 0 0 0 0
0 0 0 0 0 0 0 0 0
0 0 0 0 0 0 0 0 0
0 0 0 0 0 0 0 0 0
0 0 0 0 0 0 0 0 0
0 0 0 0 0 0 0 0 0
0 0 0 0 0 0 0 0 0
0 0 0 0 0 0 0 0 0
0 0 0 0 0 0 0 0 0
0 0 0 0 0 0 0 0 0
0 0 0 0 0 0 0 0 0
0 0 0 0 0 0 0 0 0
0 0 0 0 0 0 0 0 0
0 0 0 0 0 0 0 0 0
0 0 0 0 0 0 0 0 0
0 0 0 0 0 0 0 0 0
0 0 0 0 0 0 0 0 0
0 0 0 0 0 0 0 0 0
0 0 0 0 0 0 0 0 0
0 0 0 0 0 0 0 0 0
0 0 0 0 0 0 0 0 0
0 0 0 0 0 0 0 0 0
0 0 0 0 0 0 0 0 0
0 0 0 0 0 0 0 0 0
0 0 0 0 0 0 0 0 0
0 0 0 0 0 0 0 0 0
0 0 0 0 0 0 0 0 0
0 0 0 0 0 0 0 0 0
0 0 0 0 0 0 0 0 0
0 0 0 0 0 0 0 0 0
0 0 0 0 0 0 0 0 0
0 0 0 0 0 0 0 0 0
0 0 0 0 0 0 0 0 0
0 0 0 0 0 0 0 0 0
0 0 0 0 0 0 0 0 0
0 0 0 0 0 0 0 0 0
0 0 0 0 0 0 0 0 0
0 0 0 0 0 0 0 0 0
0 0 0 0 0 0 0 0 0
0 0 0 0 0 0 0 0 0
0 0 0 0 0 0 0 0 0
0 0 0 0 0 0 0 0 0
0 0 0 0 0 0 0 0 0
0 0 0 0 0 0 0 0 0
0 0 0 0 0 0 0 0 0
0 0 0 0 0 0 0 0 0
0 0 0 0 0 0 0 0 0
0 0 0 0 0 0 0 0 0
0 0 0 0 0 0 0 0 0
0 0 0 0 0 0 0 0 0
0 0 0 0 0 0 0 0 0
0 0 0 0 0 0 0 0 0
0 0 0 0 0 0 0 0 0
0 0 0 0 0 0 0 0 0
0 0 0 0 0 0 0 0 0
0 0 0 0 0 0 0 0 0
0 0 0 0 0 0 0 0 0
0 0 0 0 0 0 0 0 0
0 0 0 0 0 0 0 0 0
0 0 0 0 0 0 0 0 0
0 0 0 0 0 0 0 0 0
0 0 0 0 0 0 0 0 0
0 0 0 0 0 0 0 0 0
0 0 0 0 0 0 0 0 0
0 0 0 0 0 0 0 0 0
0 0 0 0 0 0 0 0 0
0 0 0 0 0 0 0 0 0
0 0 0 0 0 0 0 0 0
0 0 0 0 0 0 0 0 0
0 0 0 0 0 0 0 0 0
0 0 0 0 0 0 0 0 0
0 0 0 0 0 0 0 0 0
0 0 0 0 0 0 0 0 0
0 0 0 0 0 0 0 0 0
0 0 0 0 0 0 0 0 0
0 0 0 0 0 0 0 0 0
0 0 0 0 0 0 0 0 0
0 0 0 0 0 0 0 0 0
0 0 0 0 0 0 0 0 0
0 0 0 0 0 0 0 0 0
0 0 0 0 0 0 0 0 0
0 0 0 0 0 0 0 0 0
0 0 0 0 0 0 0
        </DataArray>
        <DataArray type='Float32' Name='C' NumberOfComponents='3' format='ascii'>
-0.89945 0 4.27223e-20 -0.898794 0 4.09204e-21 -0.898794 0 4.09204e-21
-0.89945 0 4.27223e-20 -0.897302 0 -4.37668e-20 -0.897302 0 -4.37668e-20
-0.895527 0 -4.61698e-21 -0.895527 0 -4.61698e-21 -0.893615 0 1.18899e-20
-0.893615 0 1.18899e-20 -0.891714 0 -4.72119e-20 -0.891714 0 -4.72119e-20
-0.889916 0 -6.66777e-20 -0.889916 0 -6.66777e-20 -0.888199 0 -4.84427e-20
-0.888199 0 -4.84427e-20 -0.886499 0 2.42594e-20 -0.886499 0 2.42594e-20
-0.884795 0 -1.17616e-20 -0.884795 0 -1.17616e-20 -0.883088 0 3.59845e-21
-0.883088 0 3.59845e-21 -0.881377 0 -1.24023e-21 -0.881377 0 -1.24023e-21
-0.879662 0 -7.84443e-20 -0.879662 0 -7.84443e-20 -0.877944 0 3.97422e-20
-0.877944 0 3.97422e-20 -0.876222 0 4.50088e-20 -0.876222 0 4.50088e-20
-0.874497 0 9.11565e-21 -0.874497 0 9.11565e-21 -0.872768 0 4.9981e-20
-0.872768 0 4.9981e-20 -0.871035 0 7.53652e-20 -0.871035 0 7.53652e-20
-0.869298 0 7.53225e-20 -0.869298 0 7.53225e-20 -0.867558 0 -3.10596e-20
-0.867558 0 -3.10596e-20 -0.865814 0 -6.13977e-20 -0.865814 0 -6.13977e-20
-0.864067 0 -5.60378e-20 -0.864067 0 -5.60378e-20 -0.862316 0 -8.61192e-20
-0.862316 0 -8.61192e-20 -0.860561 0 1.95363e-20 -0.860561 0 1.95363e-20
-0.858802 0 2.97629e-20 -0.858802 0 2.97629e-20 -0.85704 0 2.96133e-20
-0.85704 0 2.96133e-20 -0.855273 0 2.97837e-20 -0.855273 0 2.97837e-20
-0.853504 0 -2.5087e-20 -0.853504 0 -2.5087e-20 -0.85173 0 9.83113e-21
-0.85173 0 9.83113e-21 -0.849953 0 2.47765e-20 -0.849953 0 2.47765e-20
-0.848171 0 3.46839e-20 -0.848171 0 3.46839e-20 -0.846387 0 5.93688e-20
-0.846387 0 5.93688e-20 -0.844598 0 4.95035e-20 -0.844598 0 4.95035e-20
-0.842805 0 1.99482e-20 -0.842805 0 1.99482e-20 -0.841009 0 1.99689e-20
-0.841009 0 1.99689e-20 -0.839209 0 -3.86836e-20 -0.839209 0 -3.86836e-20
-0.837405 0 -1.91406e-20 -0.837405 0 -1.91406e-20 -0.835597 0 4.93372e-20
-0.835597 0 4.93372e-20 -0.833786 0 6.73007e-22 -0.833786 0 6.73007e-22
-0.83197 0 6.72419e-22 -0.83197 0 6.72419e-22 -0.830151 0 -1.8542e-20
-0.830151 0 -1.8542e-20 -0.828328 0 -8.61551e-20 -0.828328 0 -8.61551e-20
-0.826501 0 -8.59304e-20 -0.826501 0 -8.59304e-20 -0.82467 0 -3.75541e-20
-0.82467 0 -3.75541e-20 -0.822836 0 3.46535e-20 -0.822836 0 3.46535e-20
-0.820997 0 5.38903e-20 -0.820997 0 5.38903e-20 -0.819155 0 6.3366e-20
-0.819155 0 6.3366e-20 -0.817308 0 5.38296e-20 -0.817308 0 5.38296e-20
-0.815458 0 3.94325e-20 -0.815458 0 3.94325e-20 -0.813604 0 6.23484e-21
-0.813604 0 6.23484e-21 -0.811745 0 -2.22563e-20 -0.811745 0 -2.22563e-20
-0.809883 0 6.29444e-21 -0.809883 0 6.29444e-21 -0.808017 0 2.99459e-20
-0.808017 0 2.99459e-20 -0.806147 0 6.46474e-21 -0.806147 0 6.46474e-21
-0.804273 0 1.72565e-21 -0.804273 0 1.72565e-21 -0.802395 0 2.53277e-20
-0.802395 0 2.53277e-20 -0.800514 0 -1.67991e-20 -0.800514 0 -1.67991e-20
-0.798628 0 -2.73427e-21 -0.798628 0 -2.73427e-21 -0.796738 0 5.33294e-20
-0.796738 0 5.33294e-20 -0.794844 0 3.93831e-20 -0.794844 0 3.93831e-20
-0.792946 0 3.93038e-20 -0.792946 0 3.93038e-20 -0.791044 0 4.39926e-20
-0.791044 0 4.39926e-20 -0.789138 0 -2.28096e-21 -0.789138 0 -2.28096e-21
-0.787228 0 -3.91197e-20 -0.787228 0 -3.91197e-20 -0.785314 0 -5.28028e-20
-0.785314 0 -5.28028e-20 -0.783396 0 -2.04765e-20 -0.783396 0 -2.04765e-20
-0.781474 0 -2.48815e-20 -0.781474 0 -2.48815e-20 -0.779547 0 -6.13906e-20
-0.779547 0 -6.13906e-20 -0.777617 0 1.63425e-20 -0.777617 0 1.63425e-20
-0.775683 0 4.84172e-20 -0.775683 0 4.84172e-20 -0.773744 0 -6.22139e-21
-0.773744 0 -6.22139e-21 -0.771802 0 2.55814e-20 -0.771802 0 2.55814e-20
-0.769855 0 1.211e-20 -0.769855 0 1.211e-20 -0.767904 0 -5.56455e-20
-0.767904 0 -5.56455e-20 -0.765949 0 3.05371e-21 -0.765949 0 3.05371e-21
-0.76399 0 -5.7041e-21 -0.76399 0 -5.7041e-21 -0.762026 0 -5.06466e-20
-0.762026 0 -5.06466e-20 -0.760059 0 3.32101e-21 -0.760059 0 3.32101e-21
-0.758087 0 5.70035e-20 -0.758087 0 5.70035e-20 -0.756112 0 6.59545e-20
-0.756112 0 6.59545e-20 -0.754132 0 -5.32633e-21 -0.754132 0 -5.32633e-21
-0.752147 0 -4.52633e-20 -0.752147 0 -4.52633e-20 -0.750159 0 -4.50943e-20
-0.750159 0 -4.50943e-20 -0.748166 0 -3.60883e-20 -0.748166 0 -3.60883e-20
-0.74617 0 3.90377e-20 -0.74617 0 3.90377e-20 -0.744169 0 3.97023e-21
-0.744169 0 3.97023e-21 -0.742163 0 -5.76498e-20 -0.742163 0 -5.76498e-20
-0.740154 0 -3.98447e-20 -0.740154 0 -3.98447e-20 -0.73814 0 -7.90827e-20
-0.73814 0 -7.90827e-20 -0.736122 0 -3.48328e-22 -0.736122 0 -3.48328e-22
-0.7341 0 6.08814e-20 -0.7341 0 6.08814e-20 -0.732073 0 -8.75891e-21
-0.732073 0 -8.75891e-21 -0.730042 0 -4.40605e-21 -0.730042 0 -4.40605e-21
-0.728007 0 -8.56607e-21 -0.728007 0 -8.56607e-21 -0.725967 0 -5.17361e-20
-0.725967 0 -5.17361e-20 -0.723923 0 -7.30922e-20 -0.723923 0 -7.30922e-20
-0.721875 0 -4.28196e-20 -0.721875 0 -4.28196e-20 -0.719823 0 5.61148e-20
-0.719823 0 5.61148e-20 -0.717766 0 8.61339e-20 -0.717766 0 8.61339e-20
-0.715704 0 1.33738e-20 -0.715704 0 1.33738e-20 -0.713639 0 -3.7495e-21
-0.713639 0 -3.7495e-21 -0.711569 0 6.67182e-22 -0.711569 0 6.67182e-22
-0.709494 0 3.03773e-20 -0.709494 0 3.03773e-20 -0.707416 0 7.71124e-20
-0.707416 0 7.71124e-20 -0.705333 0 -7.54323e-21 -0.705333 0 -7.54323e-21
-0.703245 0 -3.29037e-20 -0.703245 0 -3.29037e-20 -0.701153 0 1.78329e-20
-0.701153 0 1.78329e-20 -0.699057 0 -2.41107e-20 -0.699057 0 -2.41107e-20
-0.696956 0 -4.50484e-20 -0.696956 0 -4.50484e-20 -0.69485 0 -7.17916e-21
-0.69485 0 -7.17916e-21 -0.69274 0 4.71781e-20 -0.69274 0 4.71781e-20
-0.690626 0 3.89212e-20 -0.690626 0 3.89212e-20 -0.688507 0 -4.43137e-20
-0.688507 0 -4.43137e-20 -0.686384 0 1.38453e-20 -0.686384 0 1.38453e-20
-0.684256 0 5.13172e-20 -0.684256 0 5.13172e-20 -0.682124 0 2.64007e-20
-0.682124 0 2.64007e-20 -0.679987 0 -2.29745e-20 -0.679987 0 -2.29745e-20
-0.677846 0 -3.12347e-20 -0.677846 0 -3.12347e-20 -0.6757 0 5.97299e-21
-0.6757 0 5.97299e-21 -0.67355 0 -1.85941e-20 -0.67355 0 -1.85941e-20
-0.671395 0 -2.25583e-20 -0.671395 0 -2.25583e-20 -0.669235 0 -3.87631e-20
-0.669235 0 -3.87631e-20 -0.667071 0 -5.48991e-20 -0.667071 0 -5.48991e-20
-0.664903 0 6.17094e-21 -0.664903 0 6.17094e-21 -0.662729 0 1.44815e-20
-0.662729 0 1.44815e-20 -0.660552 0 -2.19903e-20 -0.660552 0 -2.19903e-20
-0.658369 0 -2.18185e-20 -0.658369 0 -2.18185e-20 -0.656182 0 -4.59046e-20
-0.656182 0 -4.59046e-20 -0.65399 0 -1.76143e-20 -0.65399 0 -1.76143e-20
-0.651794 0 -1.409e-21 -0.651794 0 -1.409e-21 -0.649593 0 -3.73598e-20
-0.649593 0 -3.73598e-20 -0.647387 0 -4.52422e-20 -0.647387 0 -4.52422e-20
-0.645177 0 -2.9106e-20 -0.645177 0 -2.9106e-20 -0.642962 0 1.87269e-20
-0.642962 0 1.87269e-20 -0.640742 0 7.04263e-20 -0.640742 0 7.04263e-20
-0.638517 0 5.05691e-20 -0.638517 0 5.05691e-20 -0.636288 0 -8.76037e-21
-0.636288 0 -8.76037e-21 -0.634054 0 -3.63338e-20 -0.634054 0 -3.63338e-20
-0.631816 0 -5.18987e-20 -0.631816 0 -5.18987e-20 -0.629572 0 -3.21427e-20
-0.629572 0 -3.21427e-20 -0.627324 0 -3.58254e-20 -0.627324 0 -3.58254e-20
-0.625071 0 -8.42026e-21 -0.625071 0 -8.42026e-21 -0.622814 0 6.20267e-20
-0.622814 0 6.20267e-20 -0.620551 0 2.69364e-20 -0.620551 0 2.69364e-20
-0.618284 0 -3.13641e-20 -0.618284 0 -3.13641e-20 -0.616012 0 -5.06583e-20
-0.616012 0 -5.06583e-20 -0.613735 0 -1.95257e-20 -0.613735 0 -1.95257e-20
-0.611453 0 -2.32201e-20 -0.611453 0 -2.32201e-20 -0.609167 0 -3.85579e-20
-0.609167 0 -3.85579e-20 -0.606876 0 -2.68509e-20 -0.606876 0 -2.68509e-20
-0.604579 0 -3.82238e-20 -0.604579 0 -3.82238e-20 -0.602278 0 -6.48778e-20
-0.602278 0 -6.48778e-20 -0.599972 0 -4.94275e-20 -0.599972 0 -4.94275e-20
-0.597661 0 1.9397e-20 -0.597661 0 1.9397e-20 -0.595346 0 5.3729e-20
-0.595346 0 5.3729e-20 -0.593025 0 -1.08168e-20 -0.593025 0 -1.08168e-20
-0.590699 0 -8.27836e-20 -0.590699 0 -8.27836e-20 -0.588369 0 -4.10022e-20
-0.588369 0 -4.10022e-20 -0.586033 0 1.20505e-20 -0.586033 0 1.20505e-20
-0.583693 0 4.21942e-20 -0.583693 0 4.21942e-20 -0.581348 0 -2.80543e-21
-0.581348 0 -2.80543e-21 -0.578997 0 -7.03166e-20 -0.578997 0 -7.03166e-20
-0.576642 0 9.46624e-22 -0.576642 0 9.46624e-22 -0.574282 0 2.7266e-20
-0.574282 0 2.7266e-20 -0.571917 0 -4.72456e-20 -0.571917 0 -4.72456e-20
-0.569546 0 -4.71522e-20 -0.569546 0 -4.71522e-20 -0.567171 0 -1.35397e-20
-0.567171 0 -1.35397e-20 -0.564791 0 -5.04337e-20 -0.564791 0 -5.04337e-20
-0.562405 0 -1.71062e-20 -0.562405 0 -1.71062e-20 -0.560015 0 8.62748e-20
-0.560015 0 8.62748e-20 -0.557619 0 6.41924e-20 -0.557619 0 6.41924e-20
-0.555219 0 9.33448e-20 -0.555219 0 9.33448e-20 -0.552813 0 1.37328e-19
-0.552813 0 1.37328e-19 -0.550402 0 -3.82852e-20 -0.550402 0 -3.82852e-20
-0.547986 0 -1.47745e-19 -0.547986 0 -1.47745e-19 -0.545565 0 -3.82114e-20
-0.545565 0 -3.82114e-20 -0.543139 0 -5.9644e-20 -0.543139 0 -5.9644e-20
-0.540708 0 5.50583e-21 -0.540708 0 5.50583e-21 -0.538271 0 4.20772e-20
-0.538271 0 4.20772e-20 -0.53583 0 -1.2411e-19 -0.53583 0 -1.2411e-19
-0.533383 0 -1.1664e-19 -0.533383 0 -1.1664e-19 -0.530931 0 -6.59714e-20
-0.530931 0 -6.59714e-20 -0.528474 0 2.74356e-20 -0.528474 0 2.74356e-20
-0.526012 0 -2.24386e-20 -0.526012 0 -2.24386e-20 -0.523544 0 -1.01092e-19
-0.523544 0 -1.01092e-19 -0.521071 0 -6.5092e-20 -0.521071 0 -6.5092e-20
-0.518593 0 4.87841e-20 -0.518593 0 4.87841e-20 -0.51611 0 1.19938e-19
-0.51611 0 1.19938e-19 -0.513621 0 -7.73084e-21 -0.513621 0 -7.73084e-21
-0.511127 0 -7.8403e-20 -0.511127 0 -7.8403e-20 -0.508628 0 -7.81639e-20
-0.508628 0 -7.81639e-20 -0.506124 0 -4.27694e-20 -0.506124 0 -4.27694e-20
-0.503614 0 -4.32314e-22 -0.503614 0 -4.32314e-22 -0.501099 0 1.366e-20
-0.501099 0 1.366e-20 -0.498579 0 3.46794e-20 -0.498579 0 3.46794e-20
-0.496053 0 -7.12181e-21 -0.496053 0 -7.12181e-21 -0.493522 0 6.76109e-21
-0.493522 0 6.76109e-21 -0.490986 0 -2.08001e-20 -0.490986 0 -2.08001e-20
-0.488444 0 -1.38663e-19 -0.488444 0 -1.38663e-19 -0.485897 0 -7.61234e-20
-0.485897 0 -7.61234e-20 -0.483344 0 6.91572e-20 -0.483344 0 6.91572e-20
-0.480786 0 6.92177e-20 -0.480786 0 6.92177e-20 -0.478223 0 -1.34204e-20
-0.478223 0 -1.34204e-20 -0.475654 0 -6.13466e-20 -0.475654 0 -6.13466e-20
-0.473079 0 -8.17234e-20 -0.473079 0 -8.17234e-20 -0.4705 0 4.14027e-20
-0.4705 0 4.14027e-20 -0.467915 0 1.36998e-19 -0.467915 0 1.36998e-19
-0.465324 0 3.47823e-20 -0.465324 0 3.47823e-20 -0.462728 0 1.42589e-20
-0.462728 0 1.42589e-20 -0.460126 0 1.15958e-19 -0.460126 0 1.15958e-19
-0.457519 0 6.18414e-20 -0.457519 0 6.18414e-20 -0.454906 0 3.46219e-20
-0.454906 0 3.46219e-20 -0.452288 0 7.86514e-21 -0.452288 0 7.86514e-21
-0.449664 0 -8.62378e-20 -0.449664 0 -8.62378e-20 -0.447035 0 3.45646e-20
-0.447035 0 3.45646e-20 -0.4444 0 1.35067e-19 -0.4444 0 1.35067e-19
-0.441759 0 -2.5238e-20 -0.441759 0 -2.5238e-20 -0.439113 0 -1.11923e-19
-0.439113 0 -1.11923e-19 -0.436461 0 -1.85303e-20 -0.436461 0 -1.85303e-20
-0.433804 0 -5.07896e-21 -0.433804 0 -5.07896e-21 -0.431141 0 4.78482e-20
-0.431141 0 4.78482e-20 -0.428472 0 1.27173e-19 -0.428472 0 1.27173e-19
-0.425798 0 -1.78827e-20 -0.425798 0 -1.78827e-20 -0.423118 0 -6.40778e-20
-0.423118 0 -6.40778e-20 -0.420433 0 8.71485e-20 -0.420433 0 8.71485e-20
-0.417741 0 1.46037e-19 -0.417741 0 1.46037e-19 -0.415044 0 2.17631e-20
-0.415044 0 2.17631e-20 -0.412342 0 -1.10669e-20 -0.412342 0 -1.10669e-20
-0.409633 0 6.72579e-20 -0.409633 0 6.72579e-20 -0.406919 0 2.1733e-20
-0.406919 0 2.1733e-20 -0.404199 0 6.70226e-20 -0.404199 0 6.70226e-20
-0.401473 0 1.1233e-19 -0.401473 0 1.1233e-19 -0.398742 0 2.18568e-20
-0.398742 0 2.18568e-20 -0.396005 0 -7.47502e-20 -0.396005 0 -7.47502e-20
-0.393262 0 -6.17492e-20 -0.393262 0 -6.17492e-20 -0.390513 0 1.54216e-20
-0.390513 0 1.54216e-20 -0.387758 0 -3.5607e-20 -0.387758 0 -3.5607e-20
-0.384997 0 -6.11525e-20 -0.384997 0 -6.11525e-20 -0.382231 0 4.10185e-20
-0.382231 0 4.10185e-20 -0.379459 0 5.38048e-20 -0.379459 0 5.38048e-20
-0.376681 0 -4.77184e-20 -0.376681 0 -4.77184e-20 -0.373897 0 9.23059e-21
-0.373897 0 9.23059e-21 -0.371107 0 1.35789e-19 -0.371107 0 1.35789e-19
-0.368311 0 1.04084e-19 -0.368311 0 1.04084e-19 -0.365509 0 -9.25949e-21
-0.365509 0 -9.25949e-21 -0.362702 0 -4.69727e-20 -0.362702 0 -4.69727e-20
-0.359888 0 -2.16717e-20 -0.359888 0 -2.16717e-20 -0.357068 0 -8.40447e-20
-0.357068 0 -8.40447e-20 -0.354243 0 -9.10431e-21 -0.354243 0 -9.10431e-21
-0.351411 0 1.61187e-20 -0.351411 0 1.61187e-20 -0.348574 0 -1.08156e-19
-0.348574 0 -1.08156e-19 -0.34573 0 -8.93431e-20 -0.34573 0 -8.93431e-20
-0.34288 0 2.22555e-20 -0.34288 0 2.22555e-20 -0.340025 0 3.47478e-20
-0.340025 0 3.47478e-20 -0.337163 0 5.31012e-20 -0.337163 0 5.31012e-20
-0.334295 0 -2.05439e-21 -0.334295 0 -2.05439e-21 -0.331421 0 -8.36894e-21
-0.331421 0 -8.36894e-21 -0.328542 0 1.1426e-19 -0.328542 0 1.1426e-19
-0.325656 0 8.96997e-20 -0.325656 0 8.96997e-20 -0.322763 0 8.3429e-20
-0.322763 0 8.3429e-20 -0.319865 0 2.86977e-20 -0.319865 0 2.86977e-20
-0.316961 0 -5.63393e-20 -0.316961 0 -5.63393e-20 -0.31405 0 -5.61599e-20
-0.31405 0 -5.61599e-20 -0.311133 0 -8.01035e-20 -0.311133 0 -8.01035e-20
-0.308211 0 -1.28121e-19 -0.308211 0 -1.28121e-19 -0.305281 0 -1.57072e-21
-0.305281 0 -1.57072e-21 -0.302346 0 7.68041e-20 -0.302346 0 7.68041e-20
-0.299405 0 -6.1112e-20 -0.299405 0 -6.1112e-20 -0.296457 0 -1.20801e-19
-0.296457 0 -1.20801e-19 -0.293503 0 -9.06412e-20 -0.293503 0 -9.06412e-20
-0.290543 0 1.67334e-20 -0.290543 0 1.67334e-20 -0.287576 0 5.2579e-20
-0.287576 0 5.2579e-20 -0.284603 0 1.0963e-20 -0.284603 0 1.0963e-20
-0.281624 0 4.65031e-20 -0.281624 0 4.65031e-20 -0.278639 0 -6.55483e-21
-0.278639 0 -6.55483e-21 -0.275647 0 -1.06691e-19 -0.275647 0 -1.06691e-19
-0.272649 0 -1.0057e-19 -0.272649 0 -1.0057e-19 -0.269644 0 -5.33332e-20
-0.269644 0 -5.33332e-20 -0.266633 0 -1.8018e-20 -0.266633 0 -1.8018e-20
-0.263616 0 -1.20325e-20 -0.263616 0 -1.20325e-20 -0.260593 0 4.6279e-20
-0.260593 0 4.6279e-20 -0.257563 0 1.21955e-19 -0.257563 0 1.21955e-19
-0.254526 0 7.53893e-20 -0.254526 0 7.53893e-20 -0.251483 0 2.8895e-20
-0.251483 0 2.8895e-20 -0.248434 0 1.15957e-20 -0.248434 0 1.15957e-20
-0.245378 0 2.31196e-20 -0.245378 0 2.31196e-20 -0.242316 0 -2.85338e-20
-0.242316 0 -2.85338e-20 -0.239247 0 1.15802e-20 -0.239247 0 1.15802e-20
-0.236172 0 8.06141e-20 -0.236172 0 8.06141e-20 -0.23309 0 -2.81707e-20
-0.23309 0 -2.81707e-20 -0.230002 0 1.17636e-20 -0.230002 0 1.17636e-20
-0.226907 0 1.03045e-19 -0.226907 0 1.03045e-19 -0.223806 0 6.37979e-21
-0.223806 0 6.37979e-21 -0.220698 0 2.32279e-20 -0.220698 0 2.32279e-20
-0.217583 0 3.48049e-20 -0.217583 0 3.48049e-20 -0.214462 0 3.45843e-20
-0.214462 0 3.45843e-20 -0.211334 0 1.22851e-20 -0.211334 0 1.22851e-20
-0.2082 0 -1.04075e-20 -0.2082 0 -1.04075e-20 -0.205059 0 3.47553e-20
-0.205059 0 3.47553e-20 -0.201911 0 4.58222e-20 -0.201911 0 4.58222e-20
-0.198757 0 1.0735e-19 -0.198757 0 1.0735e-19 -0.195596 0 8.49021e-20
-0.195596 0 8.49021e-20 -0.192428 0 9.58773e-20 -0.192428 0 9.58773e-20
-0.189254 0 3.47908e-20 -0.189254 0 3.47908e-20 -0.186073 0 3.45983e-20
-0.186073 0 3.45983e-20 -0.182885 0 6.24084e-20 -0.182885 0 6.24084e-20
-0.17969 0 -3.92485e-21 -0.17969 0 -3.92485e-21 -0.176489 0 -2.58562e-20
-0.176489 0 -2.58562e-20 -0.17328 0 1.26565e-20 -0.17328 0 1.26565e-20
-0.170065 0 -3.60898e-21 -0.170065 0 -3.60898e-21 -0.166843 0 -3.10096e-20
-0.166843 0 -3.10096e-20 -0.163615 0 6.19402e-20 -0.163615 0 6.19402e-20
-0.160379 0 1.84502e-20 -0.160379 0 1.84502e-20 -0.157137 0 -1.9732e-20
-0.157137 0 -1.9732e-20 -0.153888 0 5.09525e-20 -0.153888 0 5.09525e-20
-0.150632 0 -3.12553e-21 -0.150632 0 -3.12553e-21 -0.147369 0 -7.87485e-20
-0.147369 0 -7.87485e-20 -0.144099 0 -7.31353e-20 -0.144099 0 -7.31353e-20
-0.140822 0 -2.4521e-20 -0.140822 0 -2.4521e-20 -0.137538 0 3.46711e-20
-0.137538 0 3.46711e-20 -0.134247 0 2.612e-21 -0.134247 0 2.612e-21
-0.130949 0 -1.87949e-20 -0.130949 0 -1.87949e-20 -0.127645 0 3.99996e-20
-0.127645 0 3.99996e-20 -0.124333 0 2.82668e-21 -0.124333 0 2.82668e-21
-0.121014 0 -9.27496e-20 -0.121014 0 -9.27496e-20 -0.117688 0 -9.25492e-20
-0.117688 0 -9.25492e-20 -0.114356 0 -2.39298e-21 -0.114356 0 -2.39298e-21
-0.111016 0 6.63509e-20 -0.111016 0 6.63509e-20 -0.107669 0 6.63069e-20
-0.107669 0 6.63069e-20 -0.104315 0 3.99673e-20 -0.104315 0 3.99673e-20
-0.100954 0 -1.24668e-20 -0.100954 0 -1.24668e-20 -0.0975853 0 2.41478e-20
-0.0975853 0 2.41478e-20 -0.0942099 0 7.64966e-20 -0.0942099 0 7.64966e-20
-0.0908273 0 -6.92851e-21 -0.0908273 0 -6.92851e-21 -0.0874376 0 -4.85339e-20
-0.0874376 0 -4.85339e-20 -0.0840406 0 5.01779e-20 -0.0840406 0 5.01779e-20
-0.0806365 0 8.65234e-20 -0.0806365 0 8.65234e-20 -0.0772252 0 4.50293e-20
-0.0772252 0 4.50293e-20 -0.0738066 0 6.56111e-20 -0.0738066 0 6.56111e-20
-0.0703808 0 2.44705e-20 -0.0703808 0 2.44705e-20 -0.0669477 0 -3.20626e-20
-0.0669477 0 -3.20626e-20 -0.0635074 0 1.41544e-20 -0.0635074 0 1.41544e-20
-0.0600597 0 1.93943e-20 -0.0600597 0 1.93943e-20 -0.0566048 0 4.05891e-21
-0.0566048 0 4.05891e-21 -0.0531425 0 9.25394e-21 -0.0531425 0 9.25394e-21
-0.0496729 0 -6.17773e-20 -0.0496729 0 -6.17773e-20 -0.046196 0 -1.61152e-20
-0.046196 0 -1.61152e-20 -0.0427117 0 -1.57873e-20 -0.0427117 0 -1.57873e-20
-0.03922 0 -9.15457e-20 -0.03922 0 -9.15457e-20 -0.0357209 0 -4.59328e-20
-0.0357209 0 -4.59328e-20 -0.0322143 0 -5.23174e-22 -0.0322143 0 -5.23174e-22
-0.0287004 0 4.61706e-21 -0.0287004 0 4.61706e-21 -0.025179 0 1.96384e-20
-0.025179 0 1.96384e-20 -0.0216501 0 6.46557e-20 -0.0216501 0 6.46557e-20
-0.0181138 -1.18166e-07 6.95934e-20 -0.0181138 -1.18166e-07 6.95934e-20 -0.01457 -6.38766e-07 -1.99301e-20
-0.01457 -6.38766e-07 -1.99301e-20 -0.0110187 -1.02797e-06 -1.09248e-19 -0.0110187 -1.02797e-06 -1.09248e-19
-0.00745979 -2.93757e-06 -1.13903e-19 -0.00745979 -2.93757e-06 -1.13903e-19 -0.0038934 -8.88131e-06 -2.96531e-20
-0.0038934 -8.88131e-06 -2.96531e-20 -0.000319577 -1.84399e-06 6.42785e-20 -0.000319577 -1.84399e-06 6.42785e-20
0.00326078 5.07162e-05 -4.62462e-21 0.00326078 5.07162e-05 -4.62462e-21 0.00684698 0.000164856 -9.30113e-20
0.00684698 0.000164856 -9.30113e-20 0.0104385 0.000345519 -3.888e-20 0.0104385 0.000345519 -3.888e-20
0.0140323 0.000601229 2.49077e-20 0.0140323 0.000601229 2.49077e-20 0.0176277 0.000934836 -2.86241e-20
0.0176277 0.000934836 -2.86241e-20 0.0212244 0.00134303 -6.75711e-20 0.0212244 0.00134303 -6.75711e-20
0.0248179 0.00182345 5.72822e-22 0.0248179 0.00182345 5.72822e-22 0.0284107 0.0023754 4.9241e-20
0.0284107 0.0023754 4.9241e-20 0.0320017 0.00299633 2.98306e-20 0.0320017 0.00299633 2.98306e-20
0.0355839 0.00368337 -5.2148e-20 0.0355839 0.00368337 -5.2148e-20 0.0391634 0.00443562 -1.84386e-20
0.0391634 0.00443562 -1.84386e-20 0.042739 0.00524968 5.87194e-20 0.042739 0.00524968 5.87194e-20
0.0463053 0.0061226 2.99083e-20 0.0463053 0.0061226 2.99083e-20 0.0498678 0.0070526 -3.56622e-21
0.0498678 0.0070526 -3.56622e-21 0.053424 0.00803539 -1.79009e-20 0.053424 0.00803539 -1.79009e-20
0.0569728 0.00906896 -5.57047e-20 0.0569728 0.00906896 -5.57047e-20 0.0605183 0.0101504 -1.27944e-20
0.0605183 0.0101504 -1.27944e-20 0.0640559 0.0112748 8.69574e-20 0.0640559 0.0112748 8.69574e-20
0.0675894 0.0124412 6.53212e-21 0.0675894 0.0124412 6.53212e-21 0.071121 0.0136458 -5.50744e-20
0.071121 0.0136458 -5.50744e-20 0.074645 0.0148834 -6.43917e-20 0.074645 0.0148834 -6.43917e-20
0.0781677 0.0161534 -3.5963e-20 0.0781677 0.0161534 -3.5963e-20 0.0816908 0.0174516 -2.17001e-20
0.0816908 0.0174516 -2.17001e-20 0.0852101 0.0187739 -5.91226e-20 0.0852101 0.0187739 -5.91226e-20
0.0887309 0.0201185 -4.01147e-20 0.0887309 0.0201185 -4.01147e-20 0.0922543 0.0214809 -1.66576e-20
0.0922543 0.0214809 -1.66576e-20 0.0957792 0.0228586 1.13831e-20 0.0957792 0.0228586 1.13831e-20
0.0993087 0.0242483 3.00439e-20 0.0993087 0.0242483 3.00439e-20 0.102844 0.0256457 6.71201e-20
0.102844 0.0256457 6.71201e-20 0.106385 0.0270488 4.40036e-20 0.106385 0.0270488 4.40036e-20
0.109934 0.0284533 -6.22079e-20 0.109934 0.0284533 -6.22079e-20 0.113494 0.0298557 -5.75028e-20
0.113494 0.0298557 -5.75028e-20 0.117063 0.0312531 3.46812e-20 0.117063 0.0312531 3.46812e-20
0.120644 0.032641 7.59778e-20 0.120644 0.032641 7.59778e-20 0.124241 0.0340173 5.75811e-20
0.124241 0.0340173 5.75811e-20 0.127851 0.0353772 5.29676e-20 0.127851 0.0353772 5.29676e-20
0.131477 0.0367163 7.49142e-21 0.131477 0.0367163 7.49142e-21 0.135121 0.0380326 1.65258e-20
0.135121 0.0380326 1.65258e-20 0.138783 0.0393204 -1.44694e-21 0.138783 0.0393204 -1.44694e-21
0.142466 0.0405763 -1.01133e-19 0.142466 0.0405763 -1.01133e-19 0.146168 0.0417963 -6.93878e-20
0.146168 0.0417963 -6.93878e-20 0.149889 0.0429752 -1.5201e-21 0.149889 0.0429752 -1.5201e-21
0.153638 0.044111 -1.03088e-20 0.153638 0.044111 -1.03088e-20 0.157409 0.0451977 -6.42189e-20
0.157409 0.0451977 -6.42189e-20 0.161201 0.0462303 3.11003e-21 0.161201 0.0462303 3.11003e-21
0.165018 0.0472058 1.67149e-20 0.165018 0.0472058 1.67149e-20 0.168857 0.0481189 -4.57321e-20
0.168857 0.0481189 -4.57321e-20 0.172722 0.0489659 -7.21496e-20 0.172722 0.0489659 -7.21496e-20
0.17661 0.0497423 -9.8453e-21 0.17661 0.0497423 -9.8453e-21 0.180519 0.0504434 5.25328e-20
0.180519 0.0504434 5.25328e-20 0.184451 0.0510662 -3.17487e-20 0.184451 0.0510662 -3.17487e-20
0.188402 0.0516067 -2.7311e-20 0.188402 0.0516067 -2.7311e-20 0.192374 0.0520612 3.46893e-20
0.192374 0.0520612 3.46893e-20 0.196364 0.0524272 3.47013e-20 0.196364 0.0524272 3.47013e-20
0.200368 0.0527016 5.65983e-20 0.200368 0.0527016 5.65983e-20 0.204386 0.0528825 8.28893e-20
0.204386 0.0528825 8.28893e-20 0.208416 0.0529683 4.3482e-20 0.208416 0.0529683 4.3482e-20
0.212456 0.0529577 -4.55388e-21 0.212456 0.0529577 -4.55388e-21 0.216503 0.0528503 4.19942e-21
0.216503 0.0528503 4.19942e-21 0.220554 0.0526462 4.33671e-20 0.220554 0.0526462 4.33671e-20
0.224609 0.0523457 2.60961e-20 0.224609 0.0523457 2.60961e-20 0.228665 0.0519501 -4.75386e-20
0.228665 0.0519501 -4.75386e-20 0.232717 0.0514613 -6.03739e-20 0.232717 0.0514613 -6.03739e-20
0.236767 0.050881 3.46913e-20 0.236767 0.050881 3.46913e-20 0.240812 0.0502125 3.0501e-20
0.240812 0.0502125 3.0501e-20 0.244851 0.049458 -6.38485e-20 0.244851 0.049458 -6.38485e-20
0.248885 0.0486213 -1.66262e-20 0.248885 0.0486213 -1.66262e-20 0.252908 0.0477061 4.75217e-20
0.252908 0.0477061 4.75217e-20 0.256924 0.0467159 -2.07589e-20 0.256924 0.0467159 -2.07589e-20
0.26093 0.0456561 -8.87209e-20 0.26093 0.0456561 -8.87209e-20 0.264927 0.0445294 -3.74853e-20
0.264927 0.0445294 -3.74853e-20 0.268918 0.0433409 -2.0385e-20 0.268918 0.0433409 -2.0385e-20
0.272898 0.042095 -1.61323e-20 0.272898 0.042095 -1.61323e-20 0.276873 0.0407958 -3.28216e-20
0.276873 0.0407958 -3.28216e-20 0.280839 0.0394495 -4.12162e-20 0.280839 0.0394495 -4.12162e-20
0.2848 0.0380591 5.56225e-20 0.2848 0.0380591 5.56225e-20 0.288758 0.0366296 9.57986e-21
0.288758 0.0366296 9.57986e-21 0.292711 0.0351656 -6.98309e-20 0.292711 0.0351656 -6.98309e-20
0.296665 0.0336715 1.33707e-21 0.296665 0.0336715 1.33707e-21 0.300617 0.0321532 9.79732e-21
0.300617 0.0321532 9.79732e-21 0.304571 0.030614 1.38718e-20 0.304571 0.030614 1.38718e-20
0.308529 0.0290592 7.61405e-20 0.308529 0.0290592 7.61405e-20 0.312492 0.0274931 8.02052e-20
0.312492 0.0274931 8.02052e-20 0.316463 0.0259206 3.06221e-20 0.316463 0.0259206 3.06221e-20
0.320443 0.0243466 1.8188e-20 0.320443 0.0243466 1.8188e-20 0.324433 0.0227759 1.82881e-20
0.324433 0.0227759 1.82881e-20 0.328437 0.0212138 -2.68013e-20 0.328437 0.0212138 -2.68013e-20
0.332455 0.0196648 1.93175e-21 0.332455 0.0196648 1.93175e-21 0.336489 0.0181346 6.32249e-20
0.336489 0.0181346 6.32249e-20 0.340544 0.0166271 1.83764e-20 0.340544 0.0166271 1.83764e-20
0.344618 0.015149 6.1187e-21 0.344618 0.015149 6.1187e-21 0.348715 0.0137057 -1.75676e-21
0.348715 0.0137057 -1.75676e-21 0.352835 0.0123026 -9.89043e-21 0.352835 0.0123026 -9.89043e-21
0.356978 0.0109459 2.26301e-20 0.356978 0.0109459 2.26301e-20 0.361149 0.00964037 -1.37391e-20
0.361149 0.00964037 -1.37391e-20 0.365346 0.00839305 -4.17448e-20 0.365346 0.00839305 -4.17448e-20
0.369574 0.007209 -2.54976e-20 0.369574 0.007209 -2.54976e-20 0.373828 0.00609505 2.61861e-21
0.373828 0.00609505 2.61861e-21 0.378111 0.00505744 3.86521e-20 0.378111 0.00505744 3.86521e-20
0.382423 0.00410171 5.8657e-20 0.382423 0.00410171 5.8657e-20 0.386761 0.00323413 -5.01663e-21
0.386761 0.00323413 -5.01663e-21 0.391127 0.00245982 -5.03398e-21 0.391127 0.00245982 -5.03398e-21
0.395518 0.00178455 5.05378e-20 0.395518 0.00178455 5.05378e-20 0.399935 0.00121285 1.09346e-20
0.399935 0.00121285 1.09346e-20 0.404373 0.000750192 -1.27618e-20 0.404373 0.000750192 -1.27618e-20
0.408831 0.00040075 5.04317e-20 0.408831 0.00040075 5.04317e-20 0.413306 0.000165252 2.29702e-20
0.413306 0.000165252 2.29702e-20 0.417795 4.23716e-05 1.89172e-20 0.417795 4.23716e-05 1.89172e-20
0.422296 3.66891e-06 -4.37052e-21 0.422296 3.66891e-06 -4.37052e-21 0.426806 -2.71095e-06 -9.03544e-20
0.426806 -2.71095e-06 -9.03544e-20 0.431327 -2.66974e-06 -4.33471e-20 0.431327 -2.66974e-06 -4.33471e-20
0.435857 -6.89284e-07 -2.75308e-20 0.435857 -6.89284e-07 -2.75308e-20 0.440397 0 -5.07404e-20
0.440397 0 -5.07404e-20 0.444946 0 -5.05425e-20 0.444946 0 -5.05425e-20
0.449505 0 -7.89404e-21 0.449505 0 -7.89404e-21 0.454074 0 1.15782e-20
0.454074 0 1.15782e-20 0.458652 0 -4.22853e-20 0.458652 0 -4.22853e-20
0.46324 0 -2.68223e-20 0.46324 0 -2.68223e-20 0.467838 0 -1.1288e-20
0.467838 0 -1.1288e-20 0.472446 0 -2.65284e-20 0.472446 0 -2.65284e-20
0.477063 0 -4.92633e-20 0.477063 0 -4.92633e-20 0.48169 0 -6.81811e-20
0.48169 0 -6.81811e-20 0.486327 0 -7.17899e-21 0.486327 0 -7.17899e-21
0.490974 0 -1.8349e-20 0.490974 0 -1.8349e-20 0.49563 0 -1.45902e-20
0.49563 0 -1.45902e-20 0.500296 0 4.60315e-20 0.500296 0 4.60315e-20
0.504973 0 -6.71686e-21 0.504973 0 -6.71686e-21 0.509659 0 -1.42531e-20
0.509659 0 -1.42531e-20 0.514355 0 1.2189e-20 0.514355 0 1.2189e-20
0.519061 0 -6.50476e-21 0.519061 0 -6.50476e-21 0.523777 0 -1.38933e-20
0.523777 0 -1.38933e-20 0.528503 0 -3.61536e-20 0.528503 0 -3.61536e-20
0.533239 0 -5.83527e-20 0.533239 0 -5.83527e-20 0.537985 0 -3.9614e-20
0.537985 0 -3.9614e-20 0.542742 0 -3.94073e-20 0.542742 0 -3.94073e-20
0.547508 0 3.08928e-20 0.547508 0 3.08928e-20 0.552284 0 3.47933e-20
0.552284 0 3.47933e-20 0.557071 0 -6.10518e-20 0.557071 0 -6.10518e-20
0.561867 0 -4.61819e-20 0.561867 0 -4.61819e-20 0.566674 0 1.99761e-20
0.566674 0 1.99761e-20 0.571491 0 -1.8275e-21 0.571491 0 -1.8275e-21
0.576318 0 -1.6488e-20 0.576318 0 -1.6488e-20 0.581155 0 3.46945e-20
0.581155 0 3.46945e-20 0.586003 0 6.37531e-20 0.586003 0 6.37531e-20
0.590861 0 8.55043e-20 0.590861 0 8.55043e-20 0.595729 0 9.98486e-20
0.595729 0 9.98486e-20 0.600608 0 -2.29578e-20 0.600608 0 -2.29578e-20
0.605497 0 -9.51923e-20 0.605497 0 -9.51923e-20 0.610396 0 -3.00633e-20
0.610396 0 -3.00633e-20 0.615305 0 -4.42884e-20 0.615305 0 -4.42884e-20
0.620225 0 5.60716e-20 0.620225 0 5.60716e-20 0.625156 0 1.56264e-19
0.625156 0 1.56264e-19 0.630097 0 4.90774e-20 0.630097 0 4.90774e-20
0.635048 0 4.17113e-20 0.635048 0 4.17113e-20 0.64001 0 3.48059e-20
0.64001 0 3.48059e-20 0.644982 0 -3.62409e-20 0.644982 0 -3.62409e-20
0.649965 0 -2.18926e-20 0.649965 0 -2.18926e-20 0.654959 0 -8.52771e-20
0.654959 0 -8.52771e-20 0.660102 0 -5.026e-20 0.660102 0 -5.026e-20
0.665294 0 2.58403e-21 0.665294 0 2.58403e-21 0.667786 0 -2.90805e-20
0.667786 0 -2.90805e-20
        </DataArray>
        <DataArray type='Float32' Name='U' NumberOfComponents='3' format='ascii'>
0 0 0 0 0 0 0 0 0
0 0 0 0 0 0 0 0 0
0 0 0 0 0 0 0 0 0
0 0 0 0 0 0 0 0 0
0 0 0 0 0 0 0 0 0
0 0 0 0 0 0 0 0 0
0 0 0 0 0 0 0 0 0
0 0 0 0 0 0 0 0 0
0 0 0 0 0 0 0 0 0
0 0 0 0 0 0 0 0 0
0 0 0 0 0 0 0 0 0
0 0 0 0 0 0 0 0 0
0 0 0 0 0 0 0 0 0
0 0 0 0 0 0 0 0 0
0 0 0 0 0 0 0 0 0
0 0 0 0 0 0 0 0 0
0 0 0 0 0 0 0 0 0
0 0 0 0 0 0 0 0 0
0 0 0 0 0 0 0 0 0
0 0 0 0 0 0 0 0 0
0 0 0 0 0 0 0 0 0
0 0 0 0 0 0 0 0 0
0 0 0 0 0 0 0 0 0
0 0 0 0 0 0 0 0 0
0 0 0 0 0 0 0 0 0
0 0 0 0 0 0 0 0 0
0 0 0 0 0 0 0 0 0
0 0 0 0 0 0 0 0 0
0 0 0 0 0 0 0 0 0
0 0 0 0 0 0 0 0 0
0 0 0 0 0 0 0 0 0
0 0 0 0 0 0 0 0 0
0 0 0 0 0 0 0 0 0
0 0 0 0 0 0 0 0 0
0 0 0 0 0 0 0 0 0
0 0 0 0 0 0 0 0 0
0 0 0 0 0 0 0 0 0
0 0 0 0 0 0 0 0 0
0 0 0 0 0 0 0 0 0
0 0 0 0 0 0 0 0 0
0 0 0 0 0 0 0 0 0
0 0 0 0 0 0 0 0 0
0 0 0 0 0 0 0 0 0
0 0 0 0 0 0 0 0 0
0 0 0 0 0 0 0 0 0
0 0 0 0 0 0 0 0 0
0 0 0 0 0 0 0 0 0
0 0 0 0 0 0 0 0 0
0 0 0 0 0 0 0 0 0
0 0 0 0 0 0 0 0 0
0 0 0 0 0 0 0 0 0
0 0 0 0 0 0 0 0 0
0 0 0 0 0 0 0 0 0
0 0 0 0 0 0 0 0 0
0 0 0 0 0 0 0 0 0
0 0 0 0 0 0 0 0 0
0 0 0 0 0 0 0 0 0
0 0 0 0 0 0 0 0 0
0 0 0 0 0 0 0 0 0
0 0 0 0 0 0 0 0 0
0 0 0 0 0 0 0 0 0
0 0 0 0 0 0 0 0 0
0 0 0 0 0 0 0 0 0
0 0 0 0 0 0 0 0 0
0 0 0 0 0 0 0 0 0
0 0 0 0 0 0 0 0 0
0 0 0 0 0 0 0 0 0
0 0 0 0 0 0 0 0 0
0 0 0 0 0 0 0 0 0
0 0 0 0 0 0 0 0 0
0 0 0 0 0 0 0 0 0
0 0 0 0 0 0 0 0 0
0 0 0 0 0 0 0 0 0
0 0 0 0 0 0 0 0 0
0 0 0 0 0 0 0 0 0
0 0 0 0 0 0 0 0 0
0 0 0 0 0 0 0 0 0
0 0 0 0 0 0 0 0 0
0 0 0 0 0 0 0 0 0
0 0 0 0 0 0 0 0 0
0 0 0 0 0 0 0 0 0
0 0 0 0 0 0 0 0 0
0 0 0 0 0 0 0 0 0
0 0 0 0 0 0 0 0 0
0 0 0 0 0 0 0 0 0
0 0 0 0 0 0 0 0 0
0 0 0 0 0 0 0 0 0
0 0 0 0 0 0 0 0 0
0 0 0 0 0 0 0 0 0
0 0 0 0 0 0 0 0 0
0 0 0 0 0 0 0 0 0
0 0 0 0 0 0 0 0 0
0 0 0 0 0 0 0 0 0
0 0 0 0 0 0 0 0 0
0 0 0 0 0 0 0 0 0
0 0 0 0 0 0 0 0 0
0 0 0 0 0 0 0 0 0
0 0 0 0 0 0 0 0 0
0 0 0 0 0 0 0 0 0
0 0 0 0 0 0 0 0 0
0 0 0 0 0 0 0 0 0
0 0 0 0 0 0 0 0 0
0 0 0 0 0 0 0 0 0
0 0 0 0 0 0 0 0 0
0 0 0 0 0 0 0 0 0
0 0 0 0 0 0 0 0 0
0 0 0 0 0 0 0 0 0
0 0 0 0 0 0 0 0 0
0 0 0 0 0 0 0 0 0
0 0 0 0 0 0 0 0 0
0 0 0 0 0 0 0 0 0
0 0 0 0 0 0 0 0 0
0 0 0 0 0 0 0 0 0
0 0 0 0 0 0 0 0 0
0 0 0 0 0 0 0 0 0
0 0 0 0 0 0 0 0 0
0 0 0 0 0 0 0 0 0
0 0 0 0 0 0 0 0 0
0 0 0 0 0 0 0 0 0
0 0 0 0 0 0 0 0 0
0 0 0 0 0 0 0 0 0
0 0 0 0 0 0 0 0 0
0 0 0 0 0 0 0 0 0
0 0 0 0 0 0 0 0 0
0 0 0 0 0 0 0 0 0
0 0 0 0 0 0 0 0 0
0 0 0 0 0 0 0 0 0
0 0 0 0 0 0 0 0 0
0 0 0 0 0 0 0 0 0
0 0 0 0 0 0 0 0 0
0 0 0 0 0 0 0 0 0
0 0 0 0 0 0 0 0 0
0 0 0 0 0 0 0 0 0
0 0 0 0 0 0 0 0 0
0 0 0 0 0 0 0 0 0
0 0 0 0 0 0 0 0 0
0 0 0 0 0 0 0 0 0
0 0 0 0 0 0 0 0 0
0 0 0 0 0 0 0 0 0
0 0 0 0 0 0 0 0 0
0 0 0 0 0 0 0 0 0
0 0 0 0 0 0 0 0 0
0 0 0 0 0 0 0 0 0
0 0 0 0 0 0 0 0 0
0 0 0 0 0 0 0 0 0
0 0 0 0 0 0 0 0 0
0 0 0 0 0 0 0 0 0
0 0 0 0 0 0 0 0 0
0 0 0 0 0 0 0 0 0
0 0 0 0 0 0 0 0 0
0 0 0 0 0 0 0 0 0
0 0 0 0 0 0 0 0 0
0 0 0 0 0 0 0 0 0
0 0 0 0 0 0 0 0 0
0 0 0 0 0 0 0 0 0
0 0 0 0 0 0 0 0 0
0 0 0 0 0 0 0 0 0
0 0 0 0 0 0 0 0 0
0 0 0 0 0 0 0 0 0
0 0 0 0 0 0 0 0 0
0 0 0 0 0 0 0 0 0
0 0 0 0 0 0 0 0 0
0 0 0 0 0 0 0 0 0
0 0 0 0 0 0 0 0 0
0 0 0 0 0 0 0 0 0
0 0 0 0 0 0 0 0 0
0 0 0 0 0 0 0 0 0
0 0 0 0 0 0 0 0 0
0 0 0 0 0 0 0 0 0
0 0 0 0 0 0 0 0 0
0 0 0 0 0 0 0 0 0
0 0 0 0 0 0 0 0 0
0 0 0 0 0 0 0 0 0
0 0 0 0 0 0 0 0 0
0 0 0 0 0 0 0 0 0
0 0 0 0 0 0 0 0 0
0 0 0 0 0 0 0 0 0
0 0 0 0 0 0 0 0 0
0 0 0 0 0 0 0 0 0
0 0 0 0 0 0 0 0 0
0 0 0 0 0 0 0 0 0
0 0 0 0 0 0 0 0 0
0 0 0 0 0 0 0 0 0
0 0 0 0 0 0 0 0 0
0 0 0 0 0 0 0 0 0
0 0 0 0 0 0 0 0 0
0 0 0 0 0 0 0 0 0
0 0 0 0 0 0 0 0 0
0 0 0 0 0 0 0 0 0
0 0 0 0 0 0 0 0 0
0 0 0 0 0 0 0 0 0
0 0 0 0 0 0 0 0 0
0 0 0 0 0 0 0 0 0
0 0 0 0 0 0 0 0 0
0 0 0 0 0 0 0 0 0
0 0 0 0 0 0 0 0 0
0 0 0 0 0 0 0 0 0
0 0 0 0 0 0 0 0 0
0 0 0 0 0 0 0 0 0
0 0 0 0 0 0 0 0 0
0 0 0 0 0 0 0 0 0
0 0 0 0 0 0 0 0 0
0 0 0 0 0 0 0 0 0
0 0 0 0 0 0 0 0 0
0 0 0 0 0 0 0 0 0
0 0 0 0 0 0 0 0 0
0 0 0 0 0 0 0 0 0
0 0 0 0 0 0 0 0 0
0 0 0 0 0 0 0 0 0
0 0 0 0 0 0 0 0 0
0 0 0 0 0 0 0 0 0
0 0 0 0 0 0 0 0 0
0 0 0 0 0 0 0 0 0
0 0 0 0 0 0 0 0 0
0 0 0 0 0 0 0 0 0
0 0 0 0 0 0 0 0 0
0 0 0 0 0 0 0 0 0
0 0 0 0 0 0 0 0 0
0 0 0 0 0 0 0 0 0
0 0 0 0 0 0 0 0 0
0 0 0 0 0 0 0 0 0
0 0 0 0 0 0 0 0 0
0 0 0 0 0 0 0 0 0
0 0 0 0 0 0 0 0 0
0 0 0 0 0 0 0 0 0
0 0 0 0 0 0 0 0 0
0 0 0 0 0 0 0 0 0
0 0 0 0 0 0 0 0 0
0 0 0 0 0 0 0 0 0
0 0 0 0 0 0 0 0 0
0 0 0 0 0 0 0 0 0
0 0 0 0 0 0 0 0 0
0 0 0 0 0 0 0 0 0
0 0 0 0 0 0 0 0 0
0 0 0 0 0 0 0 0 0
0 0 0 0 0 0 0 0 0
0 0 0 0 0 0 0 0 0
0 0 0 0 0 0 0 0 0
0 0 0 0 0 0 0 0 0
0 0 0 0 0 0 0 0 0
0 0 0 0 0 0 0 0 0
0 0 0 0 0 0 0 0 0
0 0 0 0 0 0 0 0 0
0 0 0 0 0 0 0 0 0
0 0 0 0 0 0 0 0 0
0 0 0 0 0 0 0 0 0
0 0 0 0 0 0 0 0 0
0 0 0 0 0 0 0 0 0
0 0 0 0 0 0 0 0 0
0 0 0 0 0 0 0 0 0
0 0 0 0 0 0 0 0 0
0 0 0 0 0 0 0 0 0
0 0 0 0 0 0 0 0 0
0 0 0 0 0 0 0 0 0
0 0 0 0 0 0 0 0 0
0 0 0 0 0 0 0 0 0
0 0 0 0 0 0 0 0 0
0 0 0 0 0 0 0 0 0
0 0 0 0 0 0 0 0 0
0 0 0 0 0 0 0 0 0
0 0 0 0 0 0 0 0 0
0 0 0 0 0 0 0 0 0
0 0 0 0 0 0 0 0 0
0 0 0 0 0 0 0 0 0
0 0 0 0 0 0 0 0 0
0 0 0 0 0 0 0 0 0
0 0 0 0 0 0 0 0 0
0 0 0 0 0 0 0 0 0
0 0 0 0 0 0 0 0 0
0 0 0 0 0 0 0 0 0
0 0 0 0 0 0 0 0 0
0 0 0 0 0 0 0 0 0
0 0 0 0 0 0 0 0 0
0 0 0 0 0 0 0 0 0
0 0 0 0 0 0 0 0 0
0 0 0 0 0 0 0 0 0
0 0 0 0 0 0 0 0 0
0 0 0 0 0 0 0 0 0
0 0 0 0 0 0 0 0 0
0 0 0 0 0 0 0 0 0
0 0 0 0 0 0 0 0 0
0 0 0 0 0 0 0 0 0
0 0 0 0 0 0 0 0 0
0 0 0 0 0 0 0 0 0
0 0 0 0 0 0 0 0 0
0 0 0 0 0 0 0 0 0
0 0 0 0 0 0 0 0 0
0 0 0 0 0 0 0 0 0
0 0 0 0 0 0 0 0 0
0 0 0 0 0 0 0 0 0
0 0 0 0 0 0 0 0 0
0 0 0 0 0 0 0 0 0
0 0 0 0 0 0 0 0 0
0 0 0 0 0 0 0 0 0
0 0 0 0 0 0 0 0 0
0 0 0 0 0 0 0 0 0
0 0 0 0 0 0 0 0 0
0 0 0 0 0 0 0 0 0
0 0 0 0 0 0 0 0 0
0 0 0 0 0 0 0 0 0
0 0 0 0 0 0 0 0 0
0 0 0 0 0 0 0 0 0
0 0 0 0 0 0 0 0 0
0 0 0 0 0 0 0 0 0
0 0 0 0 0 0 0 0 0
0 0 0 0 0 0 0 0 0
0 0 0 0 0 0 0 0 0
0 0 0 0 0 0 0 0 0
0 0 0 0 0 0 0 0 0
0 0 0 0 0 0 0 0 0
0 0 0 0 0 0 0 0 0
0 0 0 0 0 0 0 0 0
0 0 0 0 0 0 0 0 0
0 0 0 0 0 0 0 0 0
0 0 0 0 0 0 0 0 0
0 0 0 0 0 0 0 0 0
0 0 0 0 0 0 0 0 0
0 0 0 0 0 0 0 0 0
0 0 0 0 0 0 0 0 0
0 0 0 0 0 0 0 0 0
0 0 0 0 0 0 0 0 0
0 0 0 0 0 0 0 0 0
0 0 0 0 0 0 0 0 0
0 0 0 0 0 0 0 0 0
0 0 0 0 0 0 0 0 0
0 0 0 0 0 0 0 0 0
0 0 0 0 0 0 0 0 0
0 0 0 0 0 0 0 0 0
0 0 0 0 0 0 0 0 0
0 0 0 0 0 0 0 0 0
0 0 0 0 0 0 0 0 0
0 0 0 0 0 0 0 0 0
0 0 0 0 0 0 0 0 0
0 0 0 0 0 0 0 0 0
0 0 0 0 0 0 0 0 0
0 0 0 0 0 0 0 0 0
0 0 0 0 0 0 0 0 0
0 0 0 0 0 0 0 0 0
0 0 0 0 0 0 0 0 0
0 0 0 0 0 0 0 0 0
0 0 0 0 0 0 0 0 0
0 0 0 0 0 0 0 0 0
0 0 0 0 0 0 0 0 0
0 0 0 0 0 0 0 0 0
0 0 0 0 0 0 0 0 0
0 0 0 0 0 0 0 0 0
0 0 0 0 0 0 0 0 0
0 0 0
        </DataArray>
      </PointData>
    </Piece>
  </PolyData>
</VTKFile>
