<?xml version='1.0'?>
<!-- patch='topWall' time='0' index='0' -->
<VTKFile type='PolyData' version='0.1' byte_order='LittleEndian' header_type='UInt64'>
  <PolyData>
    <FieldData>
      <DataArray type='Float32' Name='TimeValue' NumberOfTuples='1' format='ascii'>
0
      </DataArray>
    </FieldData>
    <Piece NumberOfPoints='1042' NumberOfPolys='520'>
      <Points>
        <DataArray type='Float32' Name='Points' NumberOfComponents='3' format='ascii'>
-0.9 0.35 -0.01 -0.9 0.35 0.01 -0.898342 0.35 0.01
-0.898342 0.35 -0.01 -0.89668 0.35 0.01 -0.89668 0.35 -0.01
-0.895015 0.35 0.01 -0.895015 0.35 -0.01 -0.893346 0.35 0.01
-0.893346 0.35 -0.01 -0.891674 0.35 0.01 -0.891674 0.35 -0.01
-0.889998 0.35 0.01 -0.889998 0.35 -0.01 -0.888319 0.35 0.01
-0.888319 0.35 -0.01 -0.886636 0.35 0.01 -0.886636 0.35 -0.01
-0.884949 0.35 0.01 -0.884949 0.35 -0.01 -0.883259 0.35 0.01
-0.883259 0.35 -0.01 -0.881566 0.35 0.01 -0.881566 0.35 -0.01
-0.879868 0.35 0.01 -0.879868 0.35 -0.01 -0.878168 0.35 0.01
-0.878168 0.35 -0.01 -0.876463 0.35 0.01 -0.876463 0.35 -0.01
-0.874755 0.35 0.01 -0.874755 0.35 -0.01 -0.873043 0.35 0.01
-0.873043 0.35 -0.01 -0.871328 0.35 0.01 -0.871328 0.35 -0.01
-0.869609 0.35 0.01 -0.869609 0.35 -0.01 -0.867887 0.35 0.01
-0.867887 0.35 -0.01 -0.866161 0.35 0.01 -0.866161 0.35 -0.01
-0.864431 0.35 0.01 -0.864431 0.35 -0.01 -0.862697 0.35 0.01
-0.862697 0.35 -0.01 -0.86096 0.35 0.01 -0.86096 0.35 -0.01
-0.859219 0.35 0.01 -0.859219 0.35 -0.01 -0.857474 0.35 0.01
-0.857474 0.35 -0.01 -0.855726 0.35 0.01 -0.855726 0.35 -0.01
-0.853974 0.35 0.01 -0.853974 0.35 -0.01 -0.852218 0.35 0.01
-0.852218 0.35 -0.01 -0.850459 0.35 0.01 -0.850459 0.35 -0.01
-0.848696 0.35 0.01 -0.848696 0.35 -0.01 -0.846929 0.35 0.01
-0.846929 0.35 -0.01 -0.845158 0.35 0.01 -0.845158 0.35 -0.01
-0.843384 0.35 0.01 -0.843384 0.35 -0.01 -0.841606 0.35 0.01
-0.841606 0.35 -0.01 -0.839824 0.35 0.01 -0.839824 0.35 -0.01
-0.838038 0.35 0.01 -0.838038 0.35 -0.01 -0.836249 0.35 0.01
-0.836249 0.35 -0.01 -0.834456 0.35 0.01 -0.834456 0.35 -0.01
-0.832658 0.35 0.01 -0.832658 0.35 -0.01 -0.830858 0.35 0.01
-0.830858 0.35 -0.01 -0.829053 0.35 0.01 -0.829053 0.35 -0.01
-0.827244 0.35 0.01 -0.827244 0.35 -0.01 -0.825432 0.35 0.01
-0.825432 0.35 -0.01 -0.823616 0.35 0.01 -0.823616 0.35 -0.01
-0.821796 0.35 0.01 -0.821796 0.35 -0.01 -0.819972 0.35 0.01
-0.819972 0.35 -0.01 -0.818144 0.35 0.01 -0.818144 0.35 -0.01
-0.816313 0.35 0.01 -0.816313 0.35 -0.01 -0.814477 0.35 0.01
-0.814477 0.35 -0.01 -0.812638 0.35 0.01 -0.812638 0.35 -0.01
-0.810794 0.35 0.01 -0.810794 0.35 -0.01 -0.808947 0.35 0.01
-0.808947 0.35 -0.01 -0.807096 0.35 0.01 -0.807096 0.35 -0.01
-0.805241 0.35 0.01 -0.805241 0.35 -0.01 -0.803382 0.35 0.01
-0.803382 0.35 -0.01 -0.801519 0.35 0.01 -0.801519 0.35 -0.01
-0.799652 0.35 0.01 -0.799652 0.35 -0.01 -0.797782 0.35 0.01
-0.797782 0.35 -0.01 -0.795907 0.35 0.01 -0.795907 0.35 -0.01
-0.794028 0.35 0.01 -0.794028 0.35 -0.01 -0.792145 0.35 0.01
-0.792145 0.35 -0.01 -0.790259 0.35 0.01 -0.790259 0.35 -0.01
-0.788368 0.35 0.01 -0.788368 0.35 -0.01 -0.786473 0.35 0.01
-0.786473 0.35 -0.01 -0.784574 0.35 0.01 -0.784574 0.35 -0.01
-0.782672 0.35 0.01 -0.782672 0.35 -0.01 -0.780765 0.35 0.01
-0.780765 0.35 -0.01 -0.778854 0.35 0.01 -0.778854 0.35 -0.01
-0.776939 0.35 0.01 -0.776939 0.35 -0.01 -0.77502 0.35 0.01
-0.77502 0.35 -0.01 -0.773097 0.35 0.01 -0.773097 0.35 -0.01
-0.77117 0.35 0.01 -0.77117 0.35 -0.01 -0.769239 0.35 0.01
-0.769239 0.35 -0.01 -0.767304 0.35 0.01 -0.767304 0.35 -0.01
-0.765364 0.35 0.01 -0.765364 0.35 -0.01 -0.763421 0.35 0.01
-0.763421 0.35 -0.01 -0.761473 0.35 0.01 -0.761473 0.35 -0.01
-0.759522 0.35 0.01 -0.759522 0.35 -0.01 -0.757566 0.35 0.01
-0.757566 0.35 -0.01 -0.755606 0.35 0.01 -0.755606 0.35 -0.01
-0.753642 0.35 0.01 -0.753642 0.35 -0.01 -0.751673 0.35 0.01
-0.751673 0.35 -0.01 -0.749701 0.35 0.01 -0.749701 0.35 -0.01
-0.747724 0.35 0.01 -0.747724 0.35 -0.01 -0.745743 0.35 0.01
-0.745743 0.35 -0.01 -0.743758 0.35 0.01 -0.743758 0.35 -0.01
-0.741769 0.35 0.01 -0.741769 0.35 -0.01 -0.739776 0.35 0.01
-0.739776 0.35 -0.01 -0.737778 0.35 0.01 -0.737778 0.35 -0.01
-0.735776 0.35 0.01 -0.735776 0.35 -0.01 -0.73377 0.35 0.01
-0.73377 0.35 -0.01 -0.731759 0.35 0.01 -0.731759 0.35 -0.01
-0.729745 0.35 0.01 -0.729745 0.35 -0.01 -0.727726 0.35 0.01
-0.727726 0.35 -0.01 -0.725703 0.35 0.01 -0.725703 0.35 -0.01
-0.723675 0.35 0.01 -0.723675 0.35 -0.01 -0.721643 0.35 0.01
-0.721643 0.35 -0.01 -0.719607 0.35 0.01 -0.719607 0.35 -0.01
-0.717567 0.35 0.01 -0.717567 0.35 -0.01 -0.715522 0.35 0.01
-0.715522 0.35 -0.01 -0.713473 0.35 0.01 -0.713473 0.35 -0.01
-0.71142 0.35 0.01 -0.71142 0.35 -0.01 -0.709362 0.35 0.01
-0.709362 0.35 -0.01 -0.7073 0.35 0.01 -0.7073 0.35 -0.01
-0.705233 0.35 0.01 -0.705233 0.35 -0.01 -0.703162 0.35 0.01
-0.703162 0.35 -0.01 -0.701087 0.35 0.01 -0.701087 0.35 -0.01
-0.699007 0.35 0.01 -0.699007 0.35 -0.01 -0.696923 0.35 0.01
-0.696923 0.35 -0.01 -0.694835 0.35 0.01 -0.694835 0.35 -0.01
-0.692742 0.35 0.01 -0.692742 0.35 -0.01 -0.690644 0.35 0.01
-0.690644 0.35 -0.01 -0.688543 0.35 0.01 -0.688543 0.35 -0.01
-0.686436 0.35 0.01 -0.686436 0.35 -0.01 -0.684326 0.35 0.01
-0.684326 0.35 -0.01 -0.682211 0.35 0.01 -0.682211 0.35 -0.01
-0.680091 0.35 0.01 -0.680091 0.35 -0.01 -0.677967 0.35 0.01
-0.677967 0.35 -0.01 -0.675838 0.35 0.01 -0.675838 0.35 -0.01
-0.673705 0.35 0.01 -0.673705 0.35 -0.01 -0.671567 0.35 0.01
-0.671567 0.35 -0.01 -0.669425 0.35 0.01 -0.669425 0.35 -0.01
-0.667278 0.35 0.01 -0.667278 0.35 -0.01 -0.665127 0.35 0.01
-0.665127 0.35 -0.01 -0.662971 0.35 0.01 -0.662971 0.35 -0.01
-0.660811 0.35 0.01 -0.660811 0.35 -0.01 -0.658646 0.35 0.01
-0.658646 0.35 -0.01 -0.656476 0.35 0.01 -0.656476 0.35 -0.01
-0.654302 0.35 0.01 -0.654302 0.35 -0.01 -0.652123 0.35 0.01
-0.652123 0.35 -0.01 -0.649939 0.35 0.01 -0.649939 0.35 -0.01
-0.647751 0.35 0.01 -0.647751 0.35 -0.01 -0.645559 0.35 0.01
-0.645559 0.35 -0.01 -0.643361 0.35 0.01 -0.643361 0.35 -0.01
-0.641159 0.35 0.01 -0.641159 0.35 -0.01 -0.638953 0.35 0.01
-0.638953 0.35 -0.01 -0.636741 0.35 0.01 -0.636741 0.35 -0.01
-0.634525 0.35 0.01 -0.634525 0.35 -0.01 -0.632305 0.35 0.01
-0.632305 0.35 -0.01 -0.630079 0.35 0.01 -0.630079 0.35 -0.01
-0.627849 0.35 0.01 -0.627849 0.35 -0.01 -0.625614 0.35 0.01
-0.625614 0.35 -0.01 -0.623375 0.35 0.01 -0.623375 0.35 -0.01
-0.62113 0.35 0.01 -0.62113 0.35 -0.01 -0.618881 0.35 0.01
-0.618881 0.35 -0.01 -0.616627 0.35 0.01 -0.616627 0.35 -0.01
-0.614369 0.35 0.01 -0.614369 0.35 -0.01 -0.612105 0.35 0.01
-0.612105 0.35 -0.01 -0.609837 0.35 0.01 -0.609837 0.35 -0.01
-0.607564 0.35 0.01 -0.607564 0.35 -0.01 -0.605286 0.35 0.01
-0.605286 0.35 -0.01 -0.603004 0.35 0.01 -0.603004 0.35 -0.01
-0.600716 0.35 0.01 -0.600716 0.35 -0.01 -0.598424 0.35 0.01
-0.598424 0.35 -0.01 -0.596126 0.35 0.01 -0.596126 0.35 -0.01
-0.593824 0.35 0.01 -0.593824 0.35 -0.01 -0.591517 0.35 0.01
-0.591517 0.35 -0.01 -0.589206 0.35 0.01 -0.589206 0.35 -0.01
-0.586889 0.35 0.01 -0.586889 0.35 -0.01 -0.584567 0.35 0.01
-0.584567 0.35 -0.01 -0.582241 0.35 0.01 -0.582241 0.35 -0.01
-0.579909 0.35 0.01 -0.579909 0.35 -0.01 -0.577573 0.35 0.01
-0.577573 0.35 -0.01 -0.575231 0.35 0.01 -0.575231 0.35 -0.01
-0.572885 0.35 0.01 -0.572885 0.35 -0.01 -0.570534 0.35 0.01
-0.570534 0.35 -0.01 -0.568177 0.35 0.01 -0.568177 0.35 -0.01
-0.565816 0.35 0.01 -0.565816 0.35 -0.01 -0.56345 0.35 0.01
-0.56345 0.35 -0.01 -0.561078 0.35 0.01 -0.561078 0.35 -0.01
-0.558702 0.35 0.01 -0.558702 0.35 -0.01 -0.55632 0.35 0.01
-0.55632 0.35 -0.01 -0.553934 0.35 0.01 -0.553934 0.35 -0.01
-0.551543 0.35 0.01 -0.551543 0.35 -0.01 -0.549146 0.35 0.01
-0.549146 0.35 -0.01 -0.546744 0.35 0.01 -0.546744 0.35 -0.01
-0.544338 0.35 0.01 -0.544338 0.35 -0.01 -0.541926 0.35 0.01
-0.541926 0.35 -0.01 -0.539509 0.35 0.01 -0.539509 0.35 -0.01
-0.537087 0.35 0.01 -0.537087 0.35 -0.01 -0.53466 0.35 0.01
-0.53466 0.35 -0.01 -0.532227 0.35 0.01 -0.532227 0.35 -0.01
-0.52979 0.35 0.01 -0.52979 0.35 -0.01 -0.527347 0.35 0.01
-0.527347 0.35 -0.01 -0.524899 0.35 0.01 -0.524899 0.35 -0.01
-0.522446 0.35 0.01 -0.522446 0.35 -0.01 -0.519988 0.35 0.01
-0.519988 0.35 -0.01 -0.517525 0.35 0.01 -0.517525 0.35 -0.01
-0.515056 0.35 0.01 -0.515056 0.35 -0.01 -0.512582 0.35 0.01
-0.512582 0.35 -0.01 -0.510103 0.35 0.01 -0.510103 0.35 -0.01
-0.507619 0.35 0.01 -0.507619 0.35 -0.01 -0.505129 0.35 0.01
-0.505129 0.35 -0.01 -0.502634 0.35 0.01 -0.502634 0.35 -0.01
-0.500134 0.35 0.01 -0.500134 0.35 -0.01 -0.497628 0.35 0.01
-0.497628 0.35 -0.01 -0.495118 0.35 0.01 -0.495118 0.35 -0.01
-0.492602 0.35 0.01 -0.492602 0.35 -0.01 -0.49008 0.35 0.01
-0.49008 0.35 -0.01 -0.487553 0.35 0.01 -0.487553 0.35 -0.01
-0.485021 0.35 0.01 -0.485021 0.35 -0.01 -0.482484 0.35 0.01
-0.482484 0.35 -0.01 -0.479941 0.35 0.01 -0.479941 0.35 -0.01
-0.477392 0.35 0.01 -0.477392 0.35 -0.01 -0.474839 0.35 0.01
-0.474839 0.35 -0.01 -0.47228 0.35 0.01 -0.47228 0.35 -0.01
-0.469715 0.35 0.01 -0.469715 0.35 -0.01 -0.467145 0.35 0.01
-0.467145 0.35 -0.01 -0.46457 0.35 0.01 -0.46457 0.35 -0.01
-0.461989 0.35 0.01 -0.461989 0.35 -0.01 -0.459403 0.35 0.01
-0.459403 0.35 -0.01 -0.456811 0.35 0.01 -0.456811 0.35 -0.01
-0.454214 0.35 0.01 -0.454214 0.35 -0.01 -0.451611 0.35 0.01
-0.451611 0.35 -0.01 -0.449002 0.35 0.01 -0.449002 0.35 -0.01
-0.446389 0.35 0.01 -0.446389 0.35 -0.01 -0.443769 0.35 0.01
-0.443769 0.35 -0.01 -0.441144 0.35 0.01 -0.441144 0.35 -0.01
-0.438514 0.35 0.01 -0.438514 0.35 -0.01 -0.435878 0.35 0.01
-0.435878 0.35 -0.01 -0.433236 0.35 0.01 -0.433236 0.35 -0.01
-0.430589 0.35 0.01 -0.430589 0.35 -0.01 -0.427936 0.35 0.01
-0.427936 0.35 -0.01 -0.425277 0.35 0.01 -0.425277 0.35 -0.01
-0.422613 0.35 0.01 -0.422613 0.35 -0.01 -0.419944 0.35 0.01
-0.419944 0.35 -0.01 -0.417268 0.35 0.01 -0.417268 0.35 -0.01
-0.414587 0.35 0.01 -0.414587 0.35 -0.01 -0.4119 0.35 0.01
-0.4119 0.35 -0.01 -0.409208 0.35 0.01 -0.409208 0.35 -0.01
-0.40651 0.35 0.01 -0.40651 0.35 -0.01 -0.403806 0.35 0.01
-0.403806 0.35 -0.01 -0.401096 0.35 0.01 -0.401096 0.35 -0.01
-0.398381 0.35 0.01 -0.398381 0.35 -0.01 -0.39566 0.35 0.01
-0.39566 0.35 -0.01 -0.392933 0.35 0.01 -0.392933 0.35 -0.01
-0.3902 0.35 0.01 -0.3902 0.35 -0.01 -0.387462 0.35 0.01
-0.387462 0.35 -0.01 -0.384717 0.35 0.01 -0.384717 0.35 -0.01
-0.381967 0.35 0.01 -0.381967 0.35 -0.01 -0.379211 0.35 0.01
-0.379211 0.35 -0.01 -0.37645 0.35 0.01 -0.37645 0.35 -0.01
-0.373682 0.35 0.01 -0.373682 0.35 -0.01 -0.370909 0.35 0.01
-0.370909 0.35 -0.01 -0.368129 0.35 0.01 -0.368129 0.35 -0.01
-0.365344 0.35 0.01 -0.365344 0.35 -0.01 -0.362553 0.35 0.01
-0.362553 0.35 -0.01 -0.359756 0.35 0.01 -0.359756 0.35 -0.01
-0.356953 0.35 0.01 -0.356953 0.35 -0.01 -0.354144 0.35 0.01
-0.354144 0.35 -0.01 -0.351329 0.35 0.01 -0.351329 0.35 -0.01
-0.348508 0.35 0.01 -0.348508 0.35 -0.01 -0.345682 0.35 0.01
-0.345682 0.35 -0.01 -0.342849 0.35 0.01 -0.342849 0.35 -0.01
-0.34001 0.35 0.01 -0.34001 0.35 -0.01 -0.337165 0.35 0.01
-0.337165 0.35 -0.01 -0.334314 0.35 0.01 -0.334314 0.35 -0.01
-0.331458 0.35 0.01 -0.331458 0.35 -0.01 -0.328595 0.35 0.01
-0.328595 0.35 -0.01 -0.325726 0.35 0.01 -0.325726 0.35 -0.01
-0.322851 0.35 0.01 -0.322851 0.35 -0.01 -0.319969 0.35 0.01
-0.319969 0.35 -0.01 -0.317082 0.35 0.01 -0.317082 0.35 -0.01
-0.314189 0.35 0.01 -0.314189 0.35 -0.01 -0.311289 0.35 0.01
-0.311289 0.35 -0.01 -0.308384 0.35 0.01 -0.308384 0.35 -0.01
-0.305472 0.35 0.01 -0.305472 0.35 -0.01 -0.302554 0.35 0.01
-0.302554 0.35 -0.01 -0.29963 0.35 0.01 -0.29963 0.35 -0.01
-0.296699 0.35 0.01 -0.296699 0.35 -0.01 -0.293763 0.35 0.01
-0.293763 0.35 -0.01 -0.29082 0.35 0.01 -0.29082 0.35 -0.01
-0.287871 0.35 0.01 -0.287871 0.35 -0.01 -0.284916 0.35 0.01
-0.284916 0.35 -0.01 -0.281954 0.35 0.01 -0.281954 0.35 -0.01
-0.278986 0.35 0.01 -0.278986 0.35 -0.01 -0.276012 0.35 0.01
-0.276012 0.35 -0.01 -0.273032 0.35 0.01 -0.273032 0.35 -0.01
-0.270045 0.35 0.01 -0.270045 0.35 -0.01 -0.267052 0.35 0.01
-0.267052 0.35 -0.01 -0.264052 0.35 0.01 -0.264052 0.35 -0.01
-0.261047 0.35 0.01 -0.261047 0.35 -0.01 -0.258035 0.35 0.01
-0.258035 0.35 -0.01 -0.255016 0.35 0.01 -0.255016 0.35 -0.01
-0.251991 0.35 0.01 -0.251991 0.35 -0.01 -0.24896 0.35 0.01
-0.24896 0.35 -0.01 -0.245922 0.35 0.01 -0.245922 0.35 -0.01
-0.242878 0.35 0.01 -0.242878 0.35 -0.01 -0.239827 0.35 0.01
-0.239827 0.35 -0.01 -0.23677 0.35 0.01 -0.23677 0.35 -0.01
-0.233707 0.35 0.01 -0.233707 0.35 -0.01 -0.230637 0.35 0.01
-0.230637 0.35 -0.01 -0.22756 0.35 0.01 -0.22756 0.35 -0.01
-0.224477 0.35 0.01 -0.224477 0.35 -0.01 -0.221387 0.35 0.01
-0.221387 0.35 -0.01 -0.218291 0.35 0.01 -0.218291 0.35 -0.01
-0.215188 0.35 0.01 -0.215188 0.35 -0.01 -0.212079 0.35 0.01
-0.212079 0.35 -0.01 -0.208963 0.35 0.01 -0.208963 0.35 -0.01
-0.205841 0.35 0.01 -0.205841 0.35 -0.01 -0.202712 0.35 0.01
-0.202712 0.35 -0.01 -0.199576 0.35 0.01 -0.199576 0.35 -0.01
-0.196433 0.35 0.01 -0.196433 0.35 -0.01 -0.193284 0.35 0.01
-0.193284 0.35 -0.01 -0.190129 0.35 0.01 -0.190129 0.35 -0.01
-0.186966 0.35 0.01 -0.186966 0.35 -0.01 -0.183797 0.35 0.01
-0.183797 0.35 -0.01 -0.180621 0.35 0.01 -0.180621 0.35 -0.01
-0.177439 0.35 0.01 -0.177439 0.35 -0.01 -0.17425 0.35 0.01
-0.17425 0.35 -0.01 -0.171053 0.35 0.01 -0.171053 0.35 -0.01
-0.167851 0.35 0.01 -0.167851 0.35 -0.01 -0.164641 0.35 0.01
-0.164641 0.35 -0.01 -0.161425 0.35 0.01 -0.161425 0.35 -0.01
-0.158201 0.35 0.01 -0.158201 0.35 -0.01 -0.154971 0.35 0.01
-0.154971 0.35 -0.01 -0.151734 0.35 0.01 -0.151734 0.35 -0.01
-0.148491 0.35 0.01 -0.148491 0.35 -0.01 -0.14524 0.35 0.01
-0.14524 0.35 -0.01 -0.141982 0.35 0.01 -0.141982 0.35 -0.01
-0.138718 0.35 0.01 -0.138718 0.35 -0.01 -0.135447 0.35 0.01
-0.135447 0.35 -0.01 -0.132168 0.35 0.01 -0.132168 0.35 -0.01
-0.128883 0.35 0.01 -0.128883 0.35 -0.01 -0.125591 0.35 0.01
-0.125591 0.35 -0.01 -0.122292 0.35 0.01 -0.122292 0.35 -0.01
-0.118986 0.35 0.01 -0.118986 0.35 -0.01 -0.115673 0.35 0.01
-0.115673 0.35 -0.01 -0.112352 0.35 0.01 -0.112352 0.35 -0.01
-0.109025 0.35 0.01 -0.109025 0.35 -0.01 -0.105691 0.35 0.01
-0.105691 0.35 -0.01 -0.10235 0.35 0.01 -0.10235 0.35 -0.01
-0.0990012 0.35 0.01 -0.0990012 0.35 -0.01 -0.0956457 0.35 0.01
-0.0956457 0.35 -0.01 -0.092283 0.35 0.01 -0.092283 0.35 -0.01
-0.0889133 0.35 0.01 -0.0889133 0.35 -0.01 -0.0855364 0.35 0.01
-0.0855364 0.35 -0.01 -0.0821524 0.35 0.01 -0.0821524 0.35 -0.01
-0.0787612 0.35 0.01 -0.0787612 0.35 -0.01 -0.0753628 0.35 0.01
-0.0753628 0.35 -0.01 -0.0719572 0.35 0.01 -0.0719572 0.35 -0.01
-0.0685444 0.35 0.01 -0.0685444 0.35 -0.01 -0.0651243 0.35 0.01
-0.0651243 0.35 -0.01 -0.061697 0.35 0.01 -0.061697 0.35 -0.01
-0.0582625 0.35 0.01 -0.0582625 0.35 -0.01 -0.0548206 0.35 0.01
-0.0548206 0.35 -0.01 -0.0513715 0.35 0.01 -0.0513715 0.35 -0.01
-0.0479151 0.35 0.01 -0.0479151 0.35 -0.01 -0.0444513 0.35 0.01
-0.0444513 0.35 -0.01 -0.0409802 0.35 0.01 -0.0409802 0.35 -0.01
-0.0375018 0.35 0.01 -0.0375018 0.35 -0.01 -0.0340159 0.35 0.01
-0.0340159 0.35 -0.01 -0.0305227 0.35 0.01 -0.0305227 0.35 -0.01
-0.0270221 0.35 0.01 -0.0270221 0.35 -0.01 -0.0235141 0.35 0.01
-0.0235141 0.35 -0.01 -0.0199986 0.35 0.01 -0.0199986 0.35 -0.01
-0.0164757 0.35 0.01 -0.0164757 0.35 -0.01 -0.0129453 0.35 0.01
-0.0129453 0.35 -0.01 -0.00940746 0.35 0.01 -0.00940746 0.35 -0.01
-0.0058621 0.35 0.01 -0.0058621 0.35 -0.01 -0.00230923 0.35 0.01
-0.00230923 0.35 -0.01 0.00125117 0.35 0.01 0.00125117 0.35 -0.01
0.00481911 0.35 0.01 0.00481911 0.35 -0.01 0.00839462 0.35 0.01
0.00839462 0.35 -0.01 0.0119777 0.35 0.01 0.0119777 0.35 -0.01
0.0155684 0.35 0.01 0.0155684 0.35 -0.01 0.0191667 0.35 0.01
0.0191667 0.35 -0.01 0.0227726 0.35 0.01 0.0227726 0.35 -0.01
0.0263861 0.35 0.01 0.0263861 0.35 -0.01 0.0300073 0.35 0.01
0.0300073 0.35 -0.01 0.0336362 0.35 0.01 0.0336362 0.35 -0.01
0.0372728 0.35 0.01 0.0372728 0.35 -0.01 0.040917 0.35 0.01
0.040917 0.35 -0.01 0.044569 0.35 0.01 0.044569 0.35 -0.01
0.0482288 0.35 0.01 0.0482288 0.35 -0.01 0.0518963 0.35 0.01
0.0518963 0.35 -0.01 0.0555715 0.35 0.01 0.0555715 0.35 -0.01
0.0592546 0.35 0.01 0.0592546 0.35 -0.01 0.0629454 0.35 0.01
0.0629454 0.35 -0.01 0.0666441 0.35 0.01 0.0666441 0.35 -0.01
0.0703506 0.35 0.01 0.0703506 0.35 -0.01 0.074065 0.35 0.01
0.074065 0.35 -0.01 0.0777872 0.35 0.01 0.0777872 0.35 -0.01
0.0815174 0.35 0.01 0.0815174 0.35 -0.01 0.0852554 0.35 0.01
0.0852554 0.35 -0.01 0.0890013 0.35 0.01 0.0890013 0.35 -0.01
0.0927552 0.35 0.01 0.0927552 0.35 -0.01 0.0965171 0.35 0.01
0.0965171 0.35 -0.01 0.100287 0.35 0.01 0.100287 0.35 -0.01
0.104065 0.35 0.01 0.104065 0.35 -0.01 0.10785 0.35 0.01
0.10785 0.35 -0.01 0.111644 0.35 0.01 0.111644 0.35 -0.01
0.115446 0.35 0.01 0.115446 0.35 -0.01 0.119256 0.35 0.01
0.119256 0.35 -0.01 0.123074 0.35 0.01 0.123074 0.35 -0.01
0.1269 0.35 0.01 0.1269 0.35 -0.01 0.130734 0.35 0.01
0.130734 0.35 -0.01 0.134577 0.35 0.01 0.134577 0.35 -0.01
0.138427 0.35 0.01 0.138427 0.35 -0.01 0.142286 0.35 0.01
0.142286 0.35 -0.01 0.146153 0.35 0.01 0.146153 0.35 -0.01
0.150028 0.35 0.01 0.150028 0.35 -0.01 0.153911 0.35 0.01
0.153911 0.35 -0.01 0.157802 0.35 0.01 0.157802 0.35 -0.01
0.161702 0.35 0.01 0.161702 0.35 -0.01 0.16561 0.35 0.01
0.16561 0.35 -0.01 0.169526 0.35 0.01 0.169526 0.35 -0.01
0.173451 0.35 0.01 0.173451 0.35 -0.01 0.177383 0.35 0.01
0.177383 0.35 -0.01 0.181325 0.35 0.01 0.181325 0.35 -0.01
0.185274 0.35 0.01 0.185274 0.35 -0.01 0.189232 0.35 0.01
0.189232 0.35 -0.01 0.193198 0.35 0.01 0.193198 0.35 -0.01
0.197173 0.35 0.01 0.197173 0.35 -0.01 0.201156 0.35 0.01
0.201156 0.35 -0.01 0.205148 0.35 0.01 0.205148 0.35 -0.01
0.209148 0.35 0.01 0.209148 0.35 -0.01 0.213156 0.35 0.01
0.213156 0.35 -0.01 0.217173 0.35 0.01 0.217173 0.35 -0.01
0.221199 0.35 0.01 0.221199 0.35 -0.01 0.225233 0.35 0.01
0.225233 0.35 -0.01 0.229275 0.35 0.01 0.229275 0.35 -0.01
0.233326 0.35 0.01 0.233326 0.35 -0.01 0.237386 0.35 0.01
0.237386 0.35 -0.01 0.241454 0.35 0.01 0.241454 0.35 -0.01
0.245531 0.35 0.01 0.245531 0.35 -0.01 0.249617 0.35 0.01
0.249617 0.35 -0.01 0.253711 0.35 0.01 0.253711 0.35 -0.01
0.257814 0.35 0.01 0.257814 0.35 -0.01 0.261926 0.35 0.01
0.261926 0.35 -0.01 0.266046 0.35 0.01 0.266046 0.35 -0.01
0.270175 0.35 0.01 0.270175 0.35 -0.01 0.274313 0.35 0.01
0.274313 0.35 -0.01 0.278459 0.35 0.01 0.278459 0.35 -0.01
0.282615 0.35 0.01 0.282615 0.35 -0.01 0.286779 0.35 0.01
0.286779 0.35 -0.01 0.290952 0.35 0.01 0.290952 0.35 -0.01
0.295134 0.35 0.01 0.295134 0.35 -0.01 0.299324 0.35 0.01
0.299324 0.35 -0.01 0.303524 0.35 0.01 0.303524 0.35 -0.01
0.307732 0.35 0.01 0.307732 0.35 -0.01 0.31195 0.35 0.01
0.31195 0.35 -0.01 0.316176 0.35 0.01 0.316176 0.35 -0.01
0.320411 0.35 0.01 0.320411 0.35 -0.01 0.324656 0.35 0.01
0.324656 0.35 -0.01 0.328909 0.35 0.01 0.328909 0.35 -0.01
0.333171 0.35 0.01 0.333171 0.35 -0.01 0.337443 0.35 0.01
0.337443 0.35 -0.01 0.341723 0.35 0.01 0.341723 0.35 -0.01
0.346012 0.35 0.01 0.346012 0.35 -0.01 0.350311 0.35 0.01
0.350311 0.35 -0.01 0.354618 0.35 0.01 0.354618 0.35 -0.01
0.358935 0.35 0.01 0.358935 0.35 -0.01 0.363261 0.35 0.01
0.363261 0.35 -0.01 0.367596 0.35 0.01 0.367596 0.35 -0.01
0.37194 0.35 0.01 0.37194 0.35 -0.01 0.376294 0.35 0.01
0.376294 0.35 -0.01 0.380656 0.35 0.01 0.380656 0.35 -0.01
0.385028 0.35 0.01 0.385028 0.35 -0.01 0.38941 0.35 0.01
0.38941 0.35 -0.01 0.3938 0.35 0.01 0.3938 0.35 -0.01
0.3982 0.35 0.01 0.3982 0.35 -0.01 0.402609 0.35 0.01
0.402609 0.35 -0.01 0.407027 0.35 0.01 0.407027 0.35 -0.01
0.411455 0.35 0.01 0.411455 0.35 -0.01 0.415892 0.35 0.01
0.415892 0.35 -0.01 0.420339 0.35 0.01 0.420339 0.35 -0.01
0.424795 0.35 0.01 0.424795 0.35 -0.01 0.42926 0.35 0.01
0.42926 0.35 -0.01 0.433735 0.35 0.01 0.433735 0.35 -0.01
0.43822 0.35 0.01 0.43822 0.35 -0.01 0.442713 0.35 0.01
0.442713 0.35 -0.01 0.447217 0.35 0.01 0.447217 0.35 -0.01
0.45173 0.35 0.01 0.45173 0.35 -0.01 0.456252 0.35 0.01
0.456252 0.35 -0.01 0.460784 0.35 0.01 0.460784 0.35 -0.01
0.465326 0.35 0.01 0.465326 0.35 -0.01 0.469878 0.35 0.01
0.469878 0.35 -0.01 0.474438 0.35 0.01 0.474438 0.35 -0.01
0.479009 0.35 0.01 0.479009 0.35 -0.01 0.483589 0.35 0.01
0.483589 0.35 -0.01 0.488179 0.35 0.01 0.488179 0.35 -0.01
0.492779 0.35 0.01 0.492779 0.35 -0.01 0.497389 0.35 0.01
0.497389 0.35 -0.01 0.502008 0.35 0.01 0.502008 0.35 -0.01
0.506637 0.35 0.01 0.506637 0.35 -0.01 0.511276 0.35 0.01
0.511276 0.35 -0.01 0.515925 0.35 0.01 0.515925 0.35 -0.01
0.520583 0.35 0.01 0.520583 0.35 -0.01 0.525252 0.35 0.01
0.525252 0.35 -0.01 0.52993 0.35 0.01 0.52993 0.35 -0.01
0.534618 0.35 0.01 0.534618 0.35 -0.01 0.539316 0.35 0.01
0.539316 0.35 -0.01 0.544024 0.35 0.01 0.544024 0.35 -0.01
0.548743 0.35 0.01 0.548743 0.35 -0.01 0.553471 0.35 0.01
0.553471 0.35 -0.01 0.558209 0.35 0.01 0.558209 0.35 -0.01
0.562957 0.35 0.01 0.562957 0.35 -0.01 0.567715 0.35 0.01
0.567715 0.35 -0.01 0.572483 0.35 0.01 0.572483 0.35 -0.01
0.577262 0.35 0.01 0.577262 0.35 -0.01 0.58205 0.35 0.01
0.58205 0.35 -0.01 0.586849 0.35 0.01 0.586849 0.35 -0.01
0.591658 0.35 0.01 0.591658 0.35 -0.01 0.596477 0.35 0.01
0.596477 0.35 -0.01 0.601306 0.35 0.01 0.601306 0.35 -0.01
0.606146 0.35 0.01 0.606146 0.35 -0.01 0.610995 0.35 0.01
0.610995 0.35 -0.01 0.615855 0.35 0.01 0.615855 0.35 -0.01
0.620726 0.35 0.01 0.620726 0.35 -0.01 0.625606 0.35 0.01
0.625606 0.35 -0.01 0.630497 0.35 0.01 0.630497 0.35 -0.01
0.635399 0.35 0.01 0.635399 0.35 -0.01 0.64031 0.35 0.01
0.64031 0.35 -0.01 0.645232 0.35 0.01 0.645232 0.35 -0.01
0.650165 0.35 0.01 0.650165 0.35 -0.01 0.655108 0.35 0.01
0.655108 0.35 -0.01 0.660062 0.35 0.01 0.660062 0.35 -0.01
0.665025 0.35 0.01 0.665025 0.35 -0.01 0.67 0.35 0.01
0.67 0.35 -0.01
        </DataArray>
      </Points>
      <Polys>
        <DataArray type='Int32' Name='connectivity' format='ascii'>
0 1 2 3 3 2 4 5 5
4 6 7 7 6 8 9 9 8
10 11 11 10 12 13 13 12 14
15 15 14 16 17 17 16 18 19
19 18 20 21 21 20 22 23 23
22 24 25 25 24 26 27 27 26
28 29 29 28 30 31 31 30 32
33 33 32 34 35 35 34 36 37
37 36 38 39 39 38 40 41 41
40 42 43 43 42 44 45 45 44
46 47 47 46 48 49 49 48 50
51 51 50 52 53 53 52 54 55
55 54 56 57 57 56 58 59 59
58 60 61 61 60 62 63 63 62
64 65 65 64 66 67 67 66 68
69 69 68 70 71 71 70 72 73
73 72 74 75 75 74 76 77 77
76 78 79 79 78 80 81 81 80
82 83 83 82 84 85 85 84 86
87 87 86 88 89 89 88 90 91
91 90 92 93 93 92 94 95 95
94 96 97 97 96 98 99 99 98
100 101 101 100 102 103 103 102 104
105 105 104 106 107 107 106 108 109
109 108 110 111 111 110 112 113 113
112 114 115 115 114 116 117 117 116
118 119 119 118 120 121 121 120 122
123 123 122 124 125 125 124 126 127
127 126 128 129 129 128 130 131 131
130 132 133 133 132 134 135 135 134
136 137 137 136 138 139 139 138 140
141 141 140 142 143 143 142 144 145
145 144 146 147 147 146 148 149 149
148 150 151 151 150 152 153 153 152
154 155 155 154 156 157 157 156 158
159 159 158 160 161 161 160 162 163
163 162 164 165 165 164 166 167 167
166 168 169 169 168 170 171 171 170
172 173 173 172 174 175 175 174 176
177 177 176 178 179 179 178 180 181
181 180 182 183 183 182 184 185 185
184 186 187 187 186 188 189 189 188
190 191 191 190 192 193 193 192 194
195 195 194 196 197 197 196 198 199
199 198 200 201 201 200 202 203 203
202 204 205 205 204 206 207 207 206
208 209 209 208 210 211 211 210 212
213 213 212 214 215 215 214 216 217
217 216 218 219 219 218 220 221 221
220 222 223 223 222 224 225 225 224
226 227 227 226 228 229 229 228 230
231 231 230 232 233 233 232 234 235
235 234 236 237 237 236 238 239 239
238 240 241 241 240 242 243 243 242
244 245 245 244 246 247 247 246 248
249 249 248 250 251 251 250 252 253
253 252 254 255 255 254 256 257 257
256 258 259 259 258 260 261 261 260
262 263 263 262 264 265 265 264 266
267 267 266 268 269 269 268 270 271
271 270 272 273 273 272 274 275 275
274 276 277 277 276 278 279 279 278
280 281 281 280 282 283 283 282 284
285 285 284 286 287 287 286 288 289
289 288 290 291 291 290 292 293 293
292 294 295 295 294 296 297 297 296
298 299 299 298 300 301 301 300 302
303 303 302 304 305 305 304 306 307
307 306 308 309 309 308 310 311 311
310 312 313 313 312 314 315 315 314
316 317 317 316 318 319 319 318 320
321 321 320 322 323 323 322 324 325
325 324 326 327 327 326 328 329 329
328 330 331 331 330 332 333 333 332
334 335 335 334 336 337 337 336 338
339 339 338 340 341 341 340 342 343
343 342 344 345 345 344 346 347 347
346 348 349 349 348 350 351 351 350
352 353 353 352 354 355 355 354 356
357 357 356 358 359 359 358 360 361
361 360 362 363 363 362 364 365 365
364 366 367 367 366 368 369 369 368
370 371 371 370 372 373 373 372 374
375 375 374 376 377 377 376 378 379
379 378 380 381 381 380 382 383 383
382 384 385 385 384 386 387 387 386
388 389 389 388 390 391 391 390 392
393 393 392 394 395 395 394 396 397
397 396 398 399 399 398 400 401 401
400 402 403 403 402 404 405 405 404
406 407 407 406 408 409 409 408 410
411 411 410 412 413 413 412 414 415
415 414 416 417 417 416 418 419 419
418 420 421 421 420 422 423 423 422
424 425 425 424 426 427 427 426 428
429 429 428 430 431 431 430 432 433
433 432 434 435 435 434 436 437 437
436 438 439 439 438 440 441 441 440
442 443 443 442 444 445 445 444 446
447 447 446 448 449 449 448 450 451
451 450 452 453 453 452 454 455 455
454 456 457 457 456 458 459 459 458
460 461 461 460 462 463 463 462 464
465 465 464 466 467 467 466 468 469
469 468 470 471 471 470 472 473 473
472 474 475 475 474 476 477 477 476
478 479 479 478 480 481 481 480 482
483 483 482 484 485 485 484 486 487
487 486 488 489 489 488 490 491 491
490 492 493 493 492 494 495 495 494
496 497 497 496 498 499 499 498 500
501 501 500 502 503 503 502 504 505
505 504 506 507 507 506 508 509 509
508 510 511 511 510 512 513 513 512
514 515 515 514 516 517 517 516 518
519 519 518 520 521 521 520 522 523
523 522 524 525 525 524 526 527 527
526 528 529 529 528 530 531 531 530
532 533 533 532 534 535 535 534 536
537 537 536 538 539 539 538 540 541
541 540 542 543 543 542 544 545 545
544 546 547 547 546 548 549 549 548
550 551 551 550 552 553 553 552 554
555 555 554 556 557 557 556 558 559
559 558 560 561 561 560 562 563 563
562 564 565 565 564 566 567 567 566
568 569 569 568 570 571 571 570 572
573 573 572 574 575 575 574 576 577
577 576 578 579 579 578 580 581 581
580 582 583 583 582 584 585 585 584
586 587 587 586 588 589 589 588 590
591 591 590 592 593 593 592 594 595
595 594 596 597 597 596 598 599 599
598 600 601 601 600 602 603 603 602
604 605 605 604 606 607 607 606 608
609 609 608 610 611 611 610 612 613
613 612 614 615 615 614 616 617 617
616 618 619 619 618 620 621 621 620
622 623 623 622 624 625 625 624 626
627 627 626 628 629 629 628 630 631
631 630 632 633 633 632 634 635 635
634 636 637 637 636 638 639 639 638
640 641 641 640 642 643 643 642 644
645 645 644 646 647 647 646 648 649
649 648 650 651 651 650 652 653 653
652 654 655 655 654 656 657 657 656
658 659 659 658 660 661 661 660 662
663 663 662 664 665 665 664 666 667
667 666 668 669 669 668 670 671 671
670 672 673 673 672 674 675 675 674
676 677 677 676 678 679 679 678 680
681 681 680 682 683 683 682 684 685
685 684 686 687 687 686 688 689 689
688 690 691 691 690 692 693 693 692
694 695 695 694 696 697 697 696 698
699 699 698 700 701 701 700 702 703
703 702 704 705 705 704 706 707 707
706 708 709 709 708 710 711 711 710
712 713 713 712 714 715 715 714 716
717 717 716 718 719 719 718 720 721
721 720 722 723 723 722 724 725 725
724 726 727 727 726 728 729 729 728
730 731 731 730 732 733 733 732 734
735 735 734 736 737 737 736 738 739
739 738 740 741 741 740 742 743 743
742 744 745 745 744 746 747 747 746
748 749 749 748 750 751 751 750 752
753 753 752 754 755 755 754 756 757
757 756 758 759 759 758 760 761 761
760 762 763 763 762 764 765 765 764
766 767 767 766 768 769 769 768 770
771 771 770 772 773 773 772 774 775
775 774 776 777 777 776 778 779 779
778 780 781 781 780 782 783 783 782
784 785 785 784 786 787 787 786 788
789 789 788 790 791 791 790 792 793
793 792 794 795 795 794 796 797 797
796 798 799 799 798 800 801 801 800
802 803 803 802 804 805 805 804 806
807 807 806 808 809 809 808 810 811
811 810 812 813 813 812 814 815 815
814 816 817 817 816 818 819 819 818
820 821 821 820 822 823 823 822 824
825 825 824 826 827 827 826 828 829
829 828 830 831 831 830 832 833 833
832 834 835 835 834 836 837 837 836
838 839 839 838 840 841 841 840 842
843 843 842 844 845 845 844 846 847
847 846 848 849 849 848 850 851 851
850 852 853 853 852 854 855 855 854
856 857 857 856 858 859 859 858 860
861 861 860 862 863 863 862 864 865
865 864 866 867 867 866 868 869 869
868 870 871 871 870 872 873 873 872
874 875 875 874 876 877 877 876 878
879 879 878 880 881 881 880 882 883
883 882 884 885 885 884 886 887 887
886 888 889 889 888 890 891 891 890
892 893 893 892 894 895 895 894 896
897 897 896 898 899 899 898 900 901
901 900 902 903 903 902 904 905 905
904 906 907 907 906 908 909 909 908
910 911 911 910 912 913 913 912 914
915 915 914 916 917 917 916 918 919
919 918 920 921 921 920 922 923 923
922 924 925 925 924 926 927 927 926
928 929 929 928 930 931 931 930 932
933 933 932 934 935 935 934 936 937
937 936 938 939 939 938 940 941 941
940 942 943 943 942 944 945 945 944
946 947 947 946 948 949 949 948 950
951 951 950 952 953 953 952 954 955
955 954 956 957 957 956 958 959 959
958 960 961 961 960 962 963 963 962
964 965 965 964 966 967 967 966 968
969 969 968 970 971 971 970 972 973
973 972 974 975 975 974 976 977 977
976 978 979 979 978 980 981 981 980
982 983 983 982 984 985 985 984 986
987 987 986 988 989 989 988 990 991
991 990 992 993 993 992 994 995 995
994 996 997 997 996 998 999 999 998
1000 1001 1001 1000 1002 1003 1003 1002 1004
1005 1005 1004 1006 1007 1007 1006 1008 1009
1009 1008 1010 1011 1011 1010 1012 1013 1013
1012 1014 1015 1015 1014 1016 1017 1017 1016
1018 1019 1019 1018 1020 1021 1021 1020 1022
1023 1023 1022 1024 1025 1025 1024 1026 1027
1027 1026 1028 1029 1029 1028 1030 1031 1031
1030 1032 1033 1033 1032 1034 1035 1035 1034
1036 1037 1037 1036 1038 1039 1039 1038 1040
1041
        </DataArray>
        <DataArray type='Int32' Name='offsets' format='ascii'>
4 8 12 16 20 24 28 32 36
40 44 48 52 56 60 64 68 72
76 80 84 88 92 96 100 104 108
112 116 120 124 128 132 136 140 144
148 152 156 160 164 168 172 176 180
184 188 192 196 200 204 208 212 216
220 224 228 232 236 240 244 248 252
256 260 264 268 272 276 280 284 288
292 296 300 304 308 312 316 320 324
328 332 336 340 344 348 352 356 360
364 368 372 376 380 384 388 392 396
400 404 408 412 416 420 424 428 432
436 440 444 448 452 456 460 464 468
472 476 480 484 488 492 496 500 504
508 512 516 520 524 528 532 536 540
544 548 552 556 560 564 568 572 576
580 584 588 592 596 600 604 608 612
616 620 624 628 632 636 640 644 648
652 656 660 664 668 672 676 680 684
688 692 696 700 704 708 712 716 720
724 728 732 736 740 744 748 752 756
760 764 768 772 776 780 784 788 792
796 800 804 808 812 816 820 824 828
832 836 840 844 848 852 856 860 864
868 872 876 880 884 888 892 896 900
904 908 912 916 920 924 928 932 936
940 944 948 952 956 960 964 968 972
976 980 984 988 992 996 1000 1004 1008
1012 1016 1020 1024 1028 1032 1036 1040 1044
1048 1052 1056 1060 1064 1068 1072 1076 1080
1084 1088 1092 1096 1100 1104 1108 1112 1116
1120 1124 1128 1132 1136 1140 1144 1148 1152
1156 1160 1164 1168 1172 1176 1180 1184 1188
1192 1196 1200 1204 1208 1212 1216 1220 1224
1228 1232 1236 1240 1244 1248 1252 1256 1260
1264 1268 1272 1276 1280 1284 1288 1292 1296
1300 1304 1308 1312 1316 1320 1324 1328 1332
1336 1340 1344 1348 1352 1356 1360 1364 1368
1372 1376 1380 1384 1388 1392 1396 1400 1404
1408 1412 1416 1420 1424 1428 1432 1436 1440
1444 1448 1452 1456 1460 1464 1468 1472 1476
1480 1484 1488 1492 1496 1500 1504 1508 1512
1516 1520 1524 1528 1532 1536 1540 1544 1548
1552 1556 1560 1564 1568 1572 1576 1580 1584
1588 1592 1596 1600 1604 1608 1612 1616 1620
1624 1628 1632 1636 1640 1644 1648 1652 1656
1660 1664 1668 1672 1676 1680 1684 1688 1692
1696 1700 1704 1708 1712 1716 1720 1724 1728
1732 1736 1740 1744 1748 1752 1756 1760 1764
1768 1772 1776 1780 1784 1788 1792 1796 1800
1804 1808 1812 1816 1820 1824 1828 1832 1836
1840 1844 1848 1852 1856 1860 1864 1868 1872
1876 1880 1884 1888 1892 1896 1900 1904 1908
1912 1916 1920 1924 1928 1932 1936 1940 1944
1948 1952 1956 1960 1964 1968 1972 1976 1980
1984 1988 1992 1996 2000 2004 2008 2012 2016
2020 2024 2028 2032 2036 2040 2044 2048 2052
2056 2060 2064 2068 2072 2076 2080
        </DataArray>
      </Polys>
      <CellData>
        <DataArray type='Float32' Name='Cx' format='ascii'>
-0.899171 -0.897511 -0.895848 -0.894181 -0.89251 -0.890836 -0.889158 -0.887477 -0.885793
-0.884104 -0.882412 -0.880717 -0.879018 -0.877315 -0.875609 -0.873899 -0.872186 -0.870469
-0.868748 -0.867024 -0.865296 -0.863564 -0.861828 -0.860089 -0.858347 -0.8566 -0.85485
-0.853096 -0.851339 -0.849577 -0.847812 -0.846044 -0.844271 -0.842495 -0.840715 -0.838931
-0.837144 -0.835352 -0.833557 -0.831758 -0.829955 -0.828149 -0.826338 -0.824524 -0.822706
-0.820884 -0.819058 -0.817228 -0.815395 -0.813557 -0.811716 -0.809871 -0.808022 -0.806169
-0.804312 -0.802451 -0.800586 -0.798717 -0.796844 -0.794967 -0.793087 -0.791202 -0.789313
-0.787421 -0.785524 -0.783623 -0.781718 -0.779809 -0.777897 -0.77598 -0.774059 -0.772134
-0.770205 -0.768271 -0.766334 -0.764393 -0.762447 -0.760498 -0.758544 -0.756586 -0.754624
-0.752658 -0.750687 -0.748713 -0.746734 -0.744751 -0.742764 -0.740772 -0.738777 -0.736777
-0.734773 -0.732765 -0.730752 -0.728735 -0.726714 -0.724689 -0.722659 -0.720625 -0.718587
-0.716544 -0.714498 -0.712446 -0.710391 -0.708331 -0.706266 -0.704198 -0.702125 -0.700047
-0.697965 -0.695879 -0.693788 -0.691693 -0.689594 -0.68749 -0.685381 -0.683268 -0.681151
-0.679029 -0.676902 -0.674771 -0.672636 -0.670496 -0.668352 -0.666202 -0.664049 -0.661891
-0.659728 -0.657561 -0.655389 -0.653212 -0.651031 -0.648845 -0.646655 -0.64446 -0.64226
-0.640056 -0.637847 -0.635633 -0.633415 -0.631192 -0.628964 -0.626732 -0.624494 -0.622253
-0.620006 -0.617754 -0.615498 -0.613237 -0.610971 -0.608701 -0.606425 -0.604145 -0.60186
-0.59957 -0.597275 -0.594975 -0.592671 -0.590361 -0.588047 -0.585728 -0.583404 -0.581075
-0.578741 -0.576402 -0.574058 -0.571709 -0.569355 -0.566997 -0.564633 -0.562264 -0.55989
-0.557511 -0.555127 -0.552738 -0.550344 -0.547945 -0.545541 -0.543132 -0.540717 -0.538298
-0.535873 -0.533444 -0.531009 -0.528569 -0.526123 -0.523673 -0.521217 -0.518756 -0.51629
-0.513819 -0.511343 -0.508861 -0.506374 -0.503882 -0.501384 -0.498881 -0.496373 -0.49386
-0.491341 -0.488817 -0.486287 -0.483752 -0.481212 -0.478667 -0.476116 -0.473559 -0.470997
-0.46843 -0.465857 -0.463279 -0.460696 -0.458107 -0.455512 -0.452912 -0.450307 -0.447695
-0.445079 -0.442457 -0.439829 -0.437196 -0.434557 -0.431912 -0.429262 -0.426607 -0.423945
-0.421278 -0.418606 -0.415928 -0.413244 -0.410554 -0.407859 -0.405158 -0.402451 -0.399738
-0.39702 -0.394296 -0.391566 -0.388831 -0.38609 -0.383342 -0.380589 -0.377831 -0.375066
-0.372295 -0.369519 -0.366737 -0.363949 -0.361154 -0.358354 -0.355549 -0.352737 -0.349919
-0.347095 -0.344265 -0.341429 -0.338588 -0.33574 -0.332886 -0.330026 -0.32716 -0.324288
-0.32141 -0.318526 -0.315635 -0.312739 -0.309836 -0.306928 -0.304013 -0.301092 -0.298164
-0.295231 -0.292291 -0.289345 -0.286393 -0.283435 -0.28047 -0.277499 -0.274522 -0.271538
-0.268548 -0.265552 -0.26255 -0.259541 -0.256525 -0.253504 -0.250475 -0.247441 -0.2444
-0.241353 -0.238299 -0.235238 -0.232172 -0.229098 -0.226018 -0.222932 -0.219839 -0.21674
-0.213634 -0.210521 -0.207402 -0.204276 -0.201144 -0.198005 -0.194859 -0.191707 -0.188547
-0.185382 -0.182209 -0.17903 -0.175844 -0.172651 -0.169452 -0.166246 -0.163033 -0.159813
-0.156586 -0.153353 -0.150113 -0.146865 -0.143611 -0.14035 -0.137082 -0.133808 -0.130526
-0.127237 -0.123941 -0.120639 -0.117329 -0.114012 -0.110689 -0.107358 -0.10402 -0.100675
-0.0973234 -0.0939644 -0.0905982 -0.0872249 -0.0838444 -0.0804568 -0.077062 -0.07366 -0.0702508
-0.0668343 -0.0634107 -0.0599797 -0.0565416 -0.0530961 -0.0496433 -0.0461832 -0.0427158 -0.039241
-0.0357588 -0.0322693 -0.0287724 -0.0252681 -0.0217563 -0.0182372 -0.0147105 -0.0111764 -0.00763478
-0.00408566 -0.000529029 0.00303514 0.00660687 0.0101862 0.013773 0.0173675 0.0209696 0.0245793
0.0281967 0.0318218 0.0354545 0.0390949 0.042743 0.0463989 0.0500625 0.0537339 0.0574131
0.0611 0.0647948 0.0684974 0.0722078 0.0759261 0.0796523 0.0833864 0.0871284 0.0908783
0.0946361 0.098402 0.102176 0.105958 0.109747 0.113545 0.117351 0.121165 0.124987
0.128817 0.132656 0.136502 0.140357 0.144219 0.14809 0.151969 0.155857 0.159752
0.163656 0.167568 0.171488 0.175417 0.179354 0.183299 0.187253 0.191215 0.195186
0.199165 0.203152 0.207148 0.211152 0.215165 0.219186 0.223216 0.227254 0.231301
0.235356 0.23942 0.243493 0.247574 0.251664 0.255763 0.25987 0.263986 0.268111
0.272244 0.276386 0.280537 0.284697 0.288865 0.293043 0.297229 0.301424 0.305628
0.309841 0.314063 0.318294 0.322534 0.326782 0.33104 0.335307 0.339583 0.343868
0.348162 0.352465 0.356777 0.361098 0.365429 0.369768 0.374117 0.378475 0.382842
0.387219 0.391605 0.396 0.400404 0.404818 0.409241 0.413674 0.418116 0.422567
0.427028 0.431498 0.435977 0.440467 0.444965 0.449473 0.453991 0.458518 0.463055
0.467602 0.472158 0.476724 0.481299 0.485884 0.490479 0.495084 0.499698 0.504323
0.508956 0.5136 0.518254 0.522917 0.527591 0.532274 0.536967 0.54167 0.546384
0.551107 0.55584 0.560583 0.565336 0.570099 0.574873 0.579656 0.58445 0.589253
0.594067 0.598892 0.603726 0.608571 0.613425 0.618291 0.623166 0.628052 0.632948
0.637854 0.642771 0.647699 0.652637 0.657585 0.662544 0.667513
        </DataArray>
        <DataArray type='Float32' Name='Cy' format='ascii'>
0.35 0.35 0.35 0.35 0.35 0.35 0.35 0.35 0.35
0.35 0.35 0.35 0.35 0.35 0.35 0.35 0.35 0.35
0.35 0.35 0.35 0.35 0.35 0.35 0.35 0.35 0.35
0.35 0.35 0.35 0.35 0.35 0.35 0.35 0.35 0.35
0.35 0.35 0.35 0.35 0.35 0.35 0.35 0.35 0.35
0.35 0.35 0.35 0.35 0.35 0.35 0.35 0.35 0.35
0.35 0.35 0.35 0.35 0.35 0.35 0.35 0.35 0.35
0.35 0.35 0.35 0.35 0.35 0.35 0.35 0.35 0.35
0.35 0.35 0.35 0.35 0.35 0.35 0.35 0.35 0.35
0.35 0.35 0.35 0.35 0.35 0.35 0.35 0.35 0.35
0.35 0.35 0.35 0.35 0.35 0.35 0.35 0.35 0.35
0.35 0.35 0.35 0.35 0.35 0.35 0.35 0.35 0.35
0.35 0.35 0.35 0.35 0.35 0.35 0.35 0.35 0.35
0.35 0.35 0.35 0.35 0.35 0.35 0.35 0.35 0.35
0.35 0.35 0.35 0.35 0.35 0.35 0.35 0.35 0.35
0.35 0.35 0.35 0.35 0.35 0.35 0.35 0.35 0.35
0.35 0.35 0.35 0.35 0.35 0.35 0.35 0.35 0.35
0.35 0.35 0.35 0.35 0.35 0.35 0.35 0.35 0.35
0.35 0.35 0.35 0.35 0.35 0.35 0.35 0.35 0.35
0.35 0.35 0.35 0.35 0.35 0.35 0.35 0.35 0.35
0.35 0.35 0.35 0.35 0.35 0.35 0.35 0.35 0.35
0.35 0.35 0.35 0.35 0.35 0.35 0.35 0.35 0.35
0.35 0.35 0.35 0.35 0.35 0.35 0.35 0.35 0.35
0.35 0.35 0.35 0.35 0.35 0.35 0.35 0.35 0.35
0.35 0.35 0.35 0.35 0.35 0.35 0.35 0.35 0.35
0.35 0.35 0.35 0.35 0.35 0.35 0.35 0.35 0.35
0.35 0.35 0.35 0.35 0.35 0.35 0.35 0.35 0.35
0.35 0.35 0.35 0.35 0.35 0.35 0.35 0.35 0.35
0.35 0.35 0.35 0.35 0.35 0.35 0.35 0.35 0.35
0.35 0.35 0.35 0.35 0.35 0.35 0.35 0.35 0.35
0.35 0.35 0.35 0.35 0.35 0.35 0.35 0.35 0.35
0.35 0.35 0.35 0.35 0.35 0.35 0.35 0.35 0.35
0.35 0.35 0.35 0.35 0.35 0.35 0.35 0.35 0.35
0.35 0.35 0.35 0.35 0.35 0.35 0.35 0.35 0.35
0.35 0.35 0.35 0.35 0.35 0.35 0.35 0.35 0.35
0.35 0.35 0.35 0.35 0.35 0.35 0.35 0.35 0.35
0.35 0.35 0.35 0.35 0.35 0.35 0.35 0.35 0.35
0.35 0.35 0.35 0.35 0.35 0.35 0.35 0.35 0.35
0.35 0.35 0.35 0.35 0.35 0.35 0.35 0.35 0.35
0.35 0.35 0.35 0.35 0.35 0.35 0.35 0.35 0.35
0.35 0.35 0.35 0.35 0.35 0.35 0.35 0.35 0.35
0.35 0.35 0.35 0.35 0.35 0.35 0.35 0.35 0.35
0.35 0.35 0.35 0.35 0.35 0.35 0.35 0.35 0.35
0.35 0.35 0.35 0.35 0.35 0.35 0.35 0.35 0.35
0.35 0.35 0.35 0.35 0.35 0.35 0.35 0.35 0.35
0.35 0.35 0.35 0.35 0.35 0.35 0.35 0.35 0.35
0.35 0.35 0.35 0.35 0.35 0.35 0.35 0.35 0.35
0.35 0.35 0.35 0.35 0.35 0.35 0.35 0.35 0.35
0.35 0.35 0.35 0.35 0.35 0.35 0.35 0.35 0.35
0.35 0.35 0.35 0.35 0.35 0.35 0.35 0.35 0.35
0.35 0.35 0.35 0.35 0.35 0.35 0.35 0.35 0.35
0.35 0.35 0.35 0.35 0.35 0.35 0.35 0.35 0.35
0.35 0.35 0.35 0.35 0.35 0.35 0.35 0.35 0.35
0.35 0.35 0.35 0.35 0.35 0.35 0.35 0.35 0.35
0.35 0.35 0.35 0.35 0.35 0.35 0.35 0.35 0.35
0.35 0.35 0.35 0.35 0.35 0.35 0.35 0.35 0.35
0.35 0.35 0.35 0.35 0.35 0.35 0.35 0.35 0.35
0.35 0.35 0.35 0.35 0.35 0.35 0.35
        </DataArray>
        <DataArray type='Float32' Name='Cz' format='ascii'>
-2.40523e-20 -2.83542e-21 3.94861e-20 -1.29868e-19 1.80678e-20 -6.62849e-20 -3.17084e-21 -2.42088e-20 3.85499e-20
-1.28667e-19 6.94983e-20 -9.7078e-20 3.79324e-20 -1.39878e-20 9.96141e-20 6.54387e-21 -4.49823e-20 -7.57586e-20
-3.46945e-20 2.66415e-20 1.18321e-19 -4.48739e-20 5.93733e-21 8.69432e-20 9.6801e-20 -1.0535e-19 -7.49837e-20
1.16071e-19 7.56328e-20 -6.47201e-20 -8.46314e-20 -4.46607e-20 -6.453e-20 -1.48462e-20 -5.45008e-20 1.23421e-19
-5.11047e-21 2.43484e-20 -3.46945e-20 -1.03287e-19 -5.42508e-20 -5.42193e-21 1.01622e-19 -1.52619e-20 8.16545e-20
-7.33954e-20 4.25438e-20 -7.32319e-20 -2.50805e-20 -6.34755e-20 6.10394e-20 1.08603e-19 1.17833e-19 -1.56689e-20
-6.31725e-20 2.21411e-20 5.03786e-20 6.90638e-20 2.95604e-21 1.22692e-20 9.65256e-20 -2.53414e-20 5.86382e-20
-8.12621e-20 9.54193e-20 -8.10654e-20 1.13379e-19 1.03831e-19 5.74603e-20 -3.46945e-20 -4.3871e-20 -1.07952e-19
1.85664e-21 3.82532e-20 -1.07488e-19 -4.37744e-20 8.30951e-20 -4.3736e-20 -9.78517e-20 6.43427e-20 -7.74145e-21
1.01322e-20 6.37157e-20 -9.71867e-20 9.39883e-22 8.08723e-20 -5.24364e-20 -2.58423e-20 6.39435e-22 8.87127e-20
7.08594e-20 7.06362e-20 9.66905e-20 8.76722e-20 -6.95824e-20 3.49339e-20 7.82124e-20 8.63944e-21 7.77355e-20
-4.33246e-20 -7.77541e-20 8.56175e-20 -3.46945e-20 -6.03667e-20 -5.17731e-20 1.6433e-20 -9.18477e-21 3.31876e-20
8.38479e-20 -6.00427e-20 -1.02147e-19 -1.7867e-20 -5.98822e-20 1.55745e-20 -4.30549e-20 -5.97228e-20 -7.63201e-20
3.17657e-20 3.16252e-20 3.1485e-20 -1.67472e-21 -5.11694e-20 -6.75747e-20 -6.75052e-20 -3.46945e-20 -2.02236e-21
-5.91467e-20 6.29078e-20 -5.09271e-20 -2.65953e-20 2.99618e-20 -5.88893e-20 -2.50291e-21 4.56143e-20 -6.675e-20
-5.06884e-20 6.9046e-20 2.90108e-20 9.24467e-20 4.46007e-20 1.2782e-20 -7.41746e-20 6.77367e-20 -4.25571e-20
-7.39247e-20 -7.38417e-20 2.78087e-20 4.32692e-20 8.97837e-20 1.96496e-20 -3.46945e-20 5.80732e-20 2.70198e-20
1.91914e-20 8.82127e-20 1.12983e-20 -6.52915e-20 -1.94283e-20 8.71764e-20 3.30965e-21 9.42463e-20 4.09927e-20
3.32799e-20 5.57464e-20 1.04303e-20 -8.72288e-20 2.52178e-20 9.23498e-20 5.47942e-20 4.71634e-20 -4.99092e-21
9.76664e-21 2.44617e-20 -9.37255e-20 1.12571e-19 5.3478e-20 5.32916e-20 9.20552e-21 -5.4897e-21 9.64491e-20
-7.83166e-20 1.24915e-19 6.66604e-20 1.09792e-19 -2.02764e-20 -1.06633e-19 9.45202e-20 -1.06329e-19 1.5116e-19
1.22235e-19 5.07224e-20 1.07366e-19 1.07065e-19 1.20912e-19 7.82344e-20 -1.05126e-19 -1.47146e-19 1.05573e-19
4.92881e-20 1.46883e-19 -9.04463e-20 1.60024e-19 1.59613e-19 -2.08447e-20 -1.45258e-19 4.80528e-20 2.03537e-20
6.14362e-20 1.70864e-19 -3.46945e-20 6.08277e-20 -3.46945e-20 -7.54596e-20 -4.82541e-20 4.64913e-20 -7.68977e-21
1.00044e-19 -1.42257e-19 -6.15282e-20 7.24136e-20 -6.14149e-20 8.5293e-20 5.84318e-20 3.16837e-20 -1.27427e-19
-6.11336e-20 -1.00652e-19 1.36434e-19 -7.4102e-20 -1.52667e-19 1.2227e-19 6.97272e-20 -7.37698e-20 4.32909e-20
5.60961e-20 8.17894e-20 -6.0525e-20 4.26334e-20 8.1052e-20 6.79737e-20 9.33694e-20 -1.36929e-19 4.18193e-20
1.05284e-19 1.04988e-19 1.55379e-19 -9.40493e-21 -1.35639e-19 -1.48017e-19 -5.98239e-20 1.4084e-19 -2.21828e-20
-9.71204e-20 1.14811e-19 -8.44242e-20 3.97424e-20 1.51004e-19 6.41354e-20 -9.63326e-20 -1.33107e-19 1.44077e-20
3.8803e-20 -1.2026e-19 -1.20079e-19 -1.44243e-19 -2.25482e-20 -1.07418e-19 1.2254e-19 2.56526e-20 -1.31046e-19
-4.67129e-20 1.09222e-19 -9.45327e-20 -8.24638e-20 1.29739e-20 4.85488e-20 4.83727e-20 8.3722e-20 2.43886e-20
6.80406e-22 -1.28828e-19 1.29691e-19 -1.16713e-19 2.37666e-20 1.19755e-20 1.05019e-19 9.31056e-20 -2.31008e-20
1.38842e-19 5.76627e-20 -8.07754e-20 -4.61903e-20 8.00212e-20 4.54367e-20 -4.25166e-22 -1.03088e-19 -1.25693e-19
-6.87468e-20 -2.33677e-20 1.05169e-20 1.3449e-19 -1.24735e-19 -7.96196e-20 -2.34869e-20 4.35924e-20 1.32708e-19
-1.24213e-20 5.42099e-20 1.20559e-19 9.56991e-21 -8.99079e-20 6.44796e-20 -1.33659e-19 -1.77609e-21 -3.46945e-20
7.45699e-20 7.43389e-20 1.06749e-19 9.55928e-20 -1.32203e-19 -3.46945e-20 1.05557e-19 8.36844e-21 4.05063e-20
6.17877e-20 -6.67872e-20 -9.87442e-20 -6.66516e-20 1.14124e-19 5.01646e-20 2.88152e-20 1.13182e-19 -9.79359e-20
9.15209e-20 -1.1866e-19 3.86201e-20 -1.37917e-20 -6.59823e-20 5.89704e-20 -3.46945e-20 -1.3968e-20 -3.67047e-21
-6.56529e-20 -4.49921e-20 2.69607e-20 -9.62193e-20 -2.4462e-20 -2.44836e-20 6.71978e-20 6.69824e-20 7.69136e-20
3.61786e-20 -2.45911e-20 -1.25432e-19 1.56087e-20 -2.46551e-20 4.54506e-20 3.52842e-20 -2.47187e-20 2.50338e-20
9.44432e-20 -9.41704e-20 4.87234e-21 -5.08211e-21 1.22904e-19 1.12742e-19 -7.39277e-20 -6.40572e-20 -8.35288e-20
1.11499e-19 2.36592e-20 8.1766e-20 -5.64092e-21 1.36257e-20 5.2098e-20 -3.46945e-20 -1.54887e-20 6.11311e-20
4.18039e-20 1.17979e-19 -6.32602e-20 -3.46945e-20 1.07531e-19 1.26136e-20 -1.00786e-19 -4.41161e-20 5.93228e-20
-7.22219e-20 4.02016e-20 -3.46945e-20 3.05627e-20 -2.53917e-20 5.81363e-20 4.86765e-20 -8.09137e-20 2.98757e-20
8.4968e-20 2.04176e-20 1.11351e-20 -6.21341e-20 -5.29489e-20 7.46003e-20 4.71032e-20 -4.37639e-20 -7.99457e-20
-1.06943e-19 1.09498e-19 1.02703e-20 -1.06486e-19 4.59001e-20 -5.25665e-20 9.90624e-20 -3.46945e-20 -5.24534e-20
-7.01372e-20 9.51524e-21 3.58915e-20 2.69376e-20 -7.86243e-20 5.29795e-20 -7.84387e-20 -1.04537e-19 4.37126e-20
-9.55488e-20 -1.73443e-20 7.78432e-20 -7.78867e-20 2.56467e-20 -8.63061e-20 7.68944e-20 -1.03219e-19 -1.03074e-19
8.47174e-20 -9.42741e-20 -1.02642e-19 -6.01207e-20 7.52531e-20 -9.37561e-21 -7.68033e-20 6.61531e-20 4.91675e-20
-9.32737e-20 -8.47991e-20 -7.636e-20 4.01449e-20 5.65825e-20 6.70732e-21 2.31455e-20 3.12685e-20 8.87246e-20
2.27793e-20 -8.38536e-20 -9.19255e-20 6.09837e-21 5.486e-20 5.92604e-21 -6.71222e-20 -2.33535e-21 6.21776e-20
6.19728e-20 6.98069e-20 -1.86513e-20 5.33562e-20 1.32316e-20 7.68966e-20 2.8937e-20 -4.26316e-20 5.24292e-20
-9.00196e-20 8.36087e-20 4.40075e-20 -1.11338e-20 5.93489e-20 -6.5976e-20 3.55401e-20 1.20296e-20 8.96395e-20
-3.46945e-20 1.94718e-20 -4.24162e-20 4.23591e-20 8.83305e-20 -6.53857e-20 -8.82905e-20 3.4069e-20 -4.19754e-21
1.09542e-20 -1.19184e-20 -6.49983e-20 -2.71345e-20 -1.20626e-20 1.80016e-20 -5.72307e-20 -1.22058e-20 -5.71355e-20
7.72736e-20 -5.70407e-20 -2.72615e-20 -6.43636e-20 -5.08806e-21 -1.82413e-19 -7.89165e-20 -4.9404e-20 -2.00161e-20
2.38949e-20 8.22366e-20 -1.36793e-19 -1.07468e-19 -6.37422e-20 -7.81739e-20 -3.46945e-20 -1.21286e-19 1.0932e-19
-7.78073e-20 6.56894e-20 -1.34866e-19 -1.34654e-19 -1.62942e-19 6.48431e-20 -1.34022e-19
        </DataArray>
        <DataArray type='Float32' Name='k' format='ascii'>
0.179574 0.179574 0.179574 0.179574 0.179574 0.179574 0.179574 0.179574 0.179574
0.179574 0.179574 0.179574 0.179574 0.179574 0.179574 0.179574 0.179574 0.179574
0.179574 0.179574 0.179574 0.179574 0.179574 0.179574 0.179574 0.179574 0.179574
0.179574 0.179574 0.179574 0.179574 0.179574 0.179574 0.179574 0.179574 0.179574
0.179574 0.179574 0.179574 0.179574 0.179574 0.179574 0.179574 0.179574 0.179574
0.179574 0.179574 0.179574 0.179574 0.179574 0.179574 0.179574 0.179574 0.179574
0.179574 0.179574 0.179574 0.179574 0.179574 0.179574 0.179574 0.179574 0.179574
0.179574 0.179574 0.179574 0.179574 0.179574 0.179574 0.179574 0.179574 0.179574
0.179574 0.179574 0.179574 0.179574 0.179574 0.179574 0.179574 0.179574 0.179574
0.179574 0.179574 0.179574 0.179574 0.179574 0.179574 0.179574 0.179574 0.179574
0.179574 0.179574 0.179574 0.179574 0.179574 0.179574 0.179574 0.179574 0.179574
0.179574 0.179574 0.179574 0.179574 0.179574 0.179574 0.179574 0.179574 0.179574
0.179574 0.179574 0.179574 0.179574 0.179574 0.179574 0.179574 0.179574 0.179574
0.179574 0.179574 0.179574 0.179574 0.179574 0.179574 0.179574 0.179574 0.179574
0.179574 0.179574 0.179574 0.179574 0.179574 0.179574 0.179574 0.179574 0.179574
0.179574 0.179574 0.179574 0.179574 0.179574 0.179574 0.179574 0.179574 0.179574
0.179574 0.179574 0.179574 0.179574 0.179574 0.179574 0.179574 0.179574 0.179574
0.179574 0.179574 0.179574 0.179574 0.179574 0.179574 0.179574 0.179574 0.179574
0.179574 0.179574 0.179574 0.179574 0.179574 0.179574 0.179574 0.179574 0.179574
0.179574 0.179574 0.179574 0.179574 0.179574 0.179574 0.179574 0.179574 0.179574
0.179574 0.179574 0.179574 0.179574 0.179574 0.179574 0.179574 0.179574 0.179574
0.179574 0.179574 0.179574 0.179574 0.179574 0.179574 0.179574 0.179574 0.179574
0.179574 0.179574 0.179574 0.179574 0.179574 0.179574 0.179574 0.179574 0.179574
0.179574 0.179574 0.179574 0.179574 0.179574 0.179574 0.179574 0.179574 0.179574
0.179574 0.179574 0.179574 0.179574 0.179574 0.179574 0.179574 0.179574 0.179574
0.179574 0.179574 0.179574 0.179574 0.179574 0.179574 0.179574 0.179574 0.179574
0.179574 0.179574 0.179574 0.179574 0.179574 0.179574 0.179574 0.179574 0.179574
0.179574 0.179574 0.179574 0.179574 0.179574 0.179574 0.179574 0.179574 0.179574
0.179574 0.179574 0.179574 0.179574 0.179574 0.179574 0.179574 0.179574 0.179574
0.179574 0.179574 0.179574 0.179574 0.179574 0.179574 0.179574 0.179574 0.179574
0.179574 0.179574 0.179574 0.179574 0.179574 0.179574 0.179574 0.179574 0.179574
0.179574 0.179574 0.179574 0.179574 0.179574 0.179574 0.179574 0.179574 0.179574
0.179574 0.179574 0.179574 0.179574 0.179574 0.179574 0.179574 0.179574 0.179574
0.179574 0.179574 0.179574 0.179574 0.179574 0.179574 0.179574 0.179574 0.179574
0.179574 0.179574 0.179574 0.179574 0.179574 0.179574 0.179574 0.179574 0.179574
0.179574 0.179574 0.179574 0.179574 0.179574 0.179574 0.179574 0.179574 0.179574
0.179574 0.179574 0.179574 0.179574 0.179574 0.179574 0.179574 0.179574 0.179574
0.179574 0.179574 0.179574 0.179574 0.179574 0.179574 0.179574 0.179574 0.179574
0.179574 0.179574 0.179574 0.179574 0.179574 0.179574 0.179574 0.179574 0.179574
0.179574 0.179574 0.179574 0.179574 0.179574 0.179574 0.179574 0.179574 0.179574
0.179574 0.179574 0.179574 0.179574 0.179574 0.179574 0.179574 0.179574 0.179574
0.179574 0.179574 0.179574 0.179574 0.179574 0.179574 0.179574 0.179574 0.179574
0.179574 0.179574 0.179574 0.179574 0.179574 0.179574 0.179574 0.179574 0.179574
0.179574 0.179574 0.179574 0.179574 0.179574 0.179574 0.179574 0.179574 0.179574
0.179574 0.179574 0.179574 0.179574 0.179574 0.179574 0.179574 0.179574 0.179574
0.179574 0.179574 0.179574 0.179574 0.179574 0.179574 0.179574 0.179574 0.179574
0.179574 0.179574 0.179574 0.179574 0.179574 0.179574 0.179574 0.179574 0.179574
0.179574 0.179574 0.179574 0.179574 0.179574 0.179574 0.179574 0.179574 0.179574
0.179574 0.179574 0.179574 0.179574 0.179574 0.179574 0.179574 0.179574 0.179574
0.179574 0.179574 0.179574 0.179574 0.179574 0.179574 0.179574 0.179574 0.179574
0.179574 0.179574 0.179574 0.179574 0.179574 0.179574 0.179574 0.179574 0.179574
0.179574 0.179574 0.179574 0.179574 0.179574 0.179574 0.179574 0.179574 0.179574
0.179574 0.179574 0.179574 0.179574 0.179574 0.179574 0.179574 0.179574 0.179574
0.179574 0.179574 0.179574 0.179574 0.179574 0.179574 0.179574 0.179574 0.179574
0.179574 0.179574 0.179574 0.179574 0.179574 0.179574 0.179574 0.179574 0.179574
0.179574 0.179574 0.179574 0.179574 0.179574 0.179574 0.179574 0.179574 0.179574
0.179574 0.179574 0.179574 0.179574 0.179574 0.179574 0.179574 0.179574 0.179574
0.179574 0.179574 0.179574 0.179574 0.179574 0.179574 0.179574
        </DataArray>
        <DataArray type='Float32' Name='nut' format='ascii'>
0 0 0 0 0 0 0 0 0
0 0 0 0 0 0 0 0 0
0 0 0 0 0 0 0 0 0
0 0 0 0 0 0 0 0 0
0 0 0 0 0 0 0 0 0
0 0 0 0 0 0 0 0 0
0 0 0 0 0 0 0 0 0
0 0 0 0 0 0 0 0 0
0 0 0 0 0 0 0 0 0
0 0 0 0 0 0 0 0 0
0 0 0 0 0 0 0 0 0
0 0 0 0 0 0 0 0 0
0 0 0 0 0 0 0 0 0
0 0 0 0 0 0 0 0 0
0 0 0 0 0 0 0 0 0
0 0 0 0 0 0 0 0 0
0 0 0 0 0 0 0 0 0
0 0 0 0 0 0 0 0 0
0 0 0 0 0 0 0 0 0
0 0 0 0 0 0 0 0 0
0 0 0 0 0 0 0 0 0
0 0 0 0 0 0 0 0 0
0 0 0 0 0 0 0 0 0
0 0 0 0 0 0 0 0 0
0 0 0 0 0 0 0 0 0
0 0 0 0 0 0 0 0 0
0 0 0 0 0 0 0 0 0
0 0 0 0 0 0 0 0 0
0 0 0 0 0 0 0 0 0
0 0 0 0 0 0 0 0 0
0 0 0 0 0 0 0 0 0
0 0 0 0 0 0 0 0 0
0 0 0 0 0 0 0 0 0
0 0 0 0 0 0 0 0 0
0 0 0 0 0 0 0 0 0
0 0 0 0 0 0 0 0 0
0 0 0 0 0 0 0 0 0
0 0 0 0 0 0 0 0 0
0 0 0 0 0 0 0 0 0
0 0 0 0 0 0 0 0 0
0 0 0 0 0 0 0 0 0
0 0 0 0 0 0 0 0 0
0 0 0 0 0 0 0 0 0
0 0 0 0 0 0 0 0 0
0 0 0 0 0 0 0 0 0
0 0 0 0 0 0 0 0 0
0 0 0 0 0 0 0 0 0
0 0 0 0 0 0 0 0 0
0 0 0 0 0 0 0 0 0
0 0 0 0 0 0 0 0 0
0 0 0 0 0 0 0 0 0
0 0 0 0 0 0 0 0 0
0 0 0 0 0 0 0 0 0
0 0 0 0 0 0 0 0 0
0 0 0 0 0 0 0 0 0
0 0 0 0 0 0 0 0 0
0 0 0 0 0 0 0 0 0
0 0 0 0 0 0 0
        </DataArray>
        <DataArray type='Float32' Name='omega' format='ascii'>
316 316 316 316 316 316 316 316 316
316 316 316 316 316 316 316 316 316
316 316 316 316 316 316 316 316 316
316 316 316 316 316 316 316 316 316
316 316 316 316 316 316 316 316 316
316 316 316 316 316 316 316 316 316
316 316 316 316 316 316 316 316 316
316 316 316 316 316 316 316 316 316
316 316 316 316 316 316 316 316 316
316 316 316 316 316 316 316 316 316
316 316 316 316 316 316 316 316 316
316 316 316 316 316 316 316 316 316
316 316 316 316 316 316 316 316 316
316 316 316 316 316 316 316 316 316
316 316 316 316 316 316 316 316 316
316 316 316 316 316 316 316 316 316
316 316 316 316 316 316 316 316 316
316 316 316 316 316 316 316 316 316
316 316 316 316 316 316 316 316 316
316 316 316 316 316 316 316 316 316
316 316 316 316 316 316 316 316 316
316 316 316 316 316 316 316 316 316
316 316 316 316 316 316 316 316 316
316 316 316 316 316 316 316 316 316
316 316 316 316 316 316 316 316 316
316 316 316 316 316 316 316 316 316
316 316 316 316 316 316 316 316 316
316 316 316 316 316 316 316 316 316
316 316 316 316 316 316 316 316 316
316 316 316 316 316 316 316 316 316
316 316 316 316 316 316 316 316 316
316 316 316 316 316 316 316 316 316
316 316 316 316 316 316 316 316 316
316 316 316 316 316 316 316 316 316
316 316 316 316 316 316 316 316 316
316 316 316 316 316 316 316 316 316
316 316 316 316 316 316 316 316 316
316 316 316 316 316 316 316 316 316
316 316 316 316 316 316 316 316 316
316 316 316 316 316 316 316 316 316
316 316 316 316 316 316 316 316 316
316 316 316 316 316 316 316 316 316
316 316 316 316 316 316 316 316 316
316 316 316 316 316 316 316 316 316
316 316 316 316 316 316 316 316 316
316 316 316 316 316 316 316 316 316
316 316 316 316 316 316 316 316 316
316 316 316 316 316 316 316 316 316
316 316 316 316 316 316 316 316 316
316 316 316 316 316 316 316 316 316
316 316 316 316 316 316 316 316 316
316 316 316 316 316 316 316 316 316
316 316 316 316 316 316 316 316 316
316 316 316 316 316 316 316 316 316
316 316 316 316 316 316 316 316 316
316 316 316 316 316 316 316 316 316
316 316 316 316 316 316 316 316 316
316 316 316 316 316 316 316
        </DataArray>
        <DataArray type='Float32' Name='p' format='ascii'>
0 0 0 0 0 0 0 0 0
0 0 0 0 0 0 0 0 0
0 0 0 0 0 0 0 0 0
0 0 0 0 0 0 0 0 0
0 0 0 0 0 0 0 0 0
0 0 0 0 0 0 0 0 0
0 0 0 0 0 0 0 0 0
0 0 0 0 0 0 0 0 0
0 0 0 0 0 0 0 0 0
0 0 0 0 0 0 0 0 0
0 0 0 0 0 0 0 0 0
0 0 0 0 0 0 0 0 0
0 0 0 0 0 0 0 0 0
0 0 0 0 0 0 0 0 0
0 0 0 0 0 0 0 0 0
0 0 0 0 0 0 0 0 0
0 0 0 0 0 0 0 0 0
0 0 0 0 0 0 0 0 0
0 0 0 0 0 0 0 0 0
0 0 0 0 0 0 0 0 0
0 0 0 0 0 0 0 0 0
0 0 0 0 0 0 0 0 0
0 0 0 0 0 0 0 0 0
0 0 0 0 0 0 0 0 0
0 0 0 0 0 0 0 0 0
0 0 0 0 0 0 0 0 0
0 0 0 0 0 0 0 0 0
0 0 0 0 0 0 0 0 0
0 0 0 0 0 0 0 0 0
0 0 0 0 0 0 0 0 0
0 0 0 0 0 0 0 0 0
0 0 0 0 0 0 0 0 0
0 0 0 0 0 0 0 0 0
0 0 0 0 0 0 0 0 0
0 0 0 0 0 0 0 0 0
0 0 0 0 0 0 0 0 0
0 0 0 0 0 0 0 0 0
0 0 0 0 0 0 0 0 0
0 0 0 0 0 0 0 0 0
0 0 0 0 0 0 0 0 0
0 0 0 0 0 0 0 0 0
0 0 0 0 0 0 0 0 0
0 0 0 0 0 0 0 0 0
0 0 0 0 0 0 0 0 0
0 0 0 0 0 0 0 0 0
0 0 0 0 0 0 0 0 0
0 0 0 0 0 0 0 0 0
0 0 0 0 0 0 0 0 0
0 0 0 0 0 0 0 0 0
0 0 0 0 0 0 0 0 0
0 0 0 0 0 0 0 0 0
0 0 0 0 0 0 0 0 0
0 0 0 0 0 0 0 0 0
0 0 0 0 0 0 0 0 0
0 0 0 0 0 0 0 0 0
0 0 0 0 0 0 0 0 0
0 0 0 0 0 0 0 0 0
0 0 0 0 0 0 0
        </DataArray>
        <DataArray type='Float32' Name='C' NumberOfComponents='3' format='ascii'>
-0.899171 0.35 -2.40523e-20 -0.897511 0.35 -2.83542e-21 -0.895848 0.35 3.94861e-20
-0.894181 0.35 -1.29868e-19 -0.89251 0.35 1.80678e-20 -0.890836 0.35 -6.62849e-20
-0.889158 0.35 -3.17084e-21 -0.887477 0.35 -2.42088e-20 -0.885793 0.35 3.85499e-20
-0.884104 0.35 -1.28667e-19 -0.882412 0.35 6.94983e-20 -0.880717 0.35 -9.7078e-20
-0.879018 0.35 3.79324e-20 -0.877315 0.35 -1.39878e-20 -0.875609 0.35 9.96141e-20
-0.873899 0.35 6.54387e-21 -0.872186 0.35 -4.49823e-20 -0.870469 0.35 -7.57586e-20
-0.868748 0.35 -3.46945e-20 -0.867024 0.35 2.66415e-20 -0.865296 0.35 1.18321e-19
-0.863564 0.35 -4.48739e-20 -0.861828 0.35 5.93733e-21 -0.860089 0.35 8.69432e-20
-0.858347 0.35 9.6801e-20 -0.8566 0.35 -1.0535e-19 -0.85485 0.35 -7.49837e-20
-0.853096 0.35 1.16071e-19 -0.851339 0.35 7.56328e-20 -0.849577 0.35 -6.47201e-20
-0.847812 0.35 -8.46314e-20 -0.846044 0.35 -4.46607e-20 -0.844271 0.35 -6.453e-20
-0.842495 0.35 -1.48462e-20 -0.840715 0.35 -5.45008e-20 -0.838931 0.35 1.23421e-19
-0.837144 0.35 -5.11047e-21 -0.835352 0.35 2.43484e-20 -0.833557 0.35 -3.46945e-20
-0.831758 0.35 -1.03287e-19 -0.829955 0.35 -5.42508e-20 -0.828149 0.35 -5.42193e-21
-0.826338 0.35 1.01622e-19 -0.824524 0.35 -1.52619e-20 -0.822706 0.35 8.16545e-20
-0.820884 0.35 -7.33954e-20 -0.819058 0.35 4.25438e-20 -0.817228 0.35 -7.32319e-20
-0.815395 0.35 -2.50805e-20 -0.813557 0.35 -6.34755e-20 -0.811716 0.35 6.10394e-20
-0.809871 0.35 1.08603e-19 -0.808022 0.35 1.17833e-19 -0.806169 0.35 -1.56689e-20
-0.804312 0.35 -6.31725e-20 -0.802451 0.35 2.21411e-20 -0.800586 0.35 5.03786e-20
-0.798717 0.35 6.90638e-20 -0.796844 0.35 2.95604e-21 -0.794967 0.35 1.22692e-20
-0.793087 0.35 9.65256e-20 -0.791202 0.35 -2.53414e-20 -0.789313 0.35 5.86382e-20
-0.787421 0.35 -8.12621e-20 -0.785524 0.35 9.54193e-20 -0.783623 0.35 -8.10654e-20
-0.781718 0.35 1.13379e-19 -0.779809 0.35 1.03831e-19 -0.777897 0.35 5.74603e-20
-0.77598 0.35 -3.46945e-20 -0.774059 0.35 -4.3871e-20 -0.772134 0.35 -1.07952e-19
-0.770205 0.35 1.85664e-21 -0.768271 0.35 3.82532e-20 -0.766334 0.35 -1.07488e-19
-0.764393 0.35 -4.37744e-20 -0.762447 0.35 8.30951e-20 -0.760498 0.35 -4.3736e-20
-0.758544 0.35 -9.78517e-20 -0.756586 0.35 6.43427e-20 -0.754624 0.35 -7.74145e-21
-0.752658 0.35 1.01322e-20 -0.750687 0.35 6.37157e-20 -0.748713 0.35 -9.71867e-20
-0.746734 0.35 9.39883e-22 -0.744751 0.35 8.08723e-20 -0.742764 0.35 -5.24364e-20
-0.740772 0.35 -2.58423e-20 -0.738777 0.35 6.39435e-22 -0.736777 0.35 8.87127e-20
-0.734773 0.35 7.08594e-20 -0.732765 0.35 7.06362e-20 -0.730752 0.35 9.66905e-20
-0.728735 0.35 8.76722e-20 -0.726714 0.35 -6.95824e-20 -0.724689 0.35 3.49339e-20
-0.722659 0.35 7.82124e-20 -0.720625 0.35 8.63944e-21 -0.718587 0.35 7.77355e-20
-0.716544 0.35 -4.33246e-20 -0.714498 0.35 -7.77541e-20 -0.712446 0.35 8.56175e-20
-0.710391 0.35 -3.46945e-20 -0.708331 0.35 -6.03667e-20 -0.706266 0.35 -5.17731e-20
-0.704198 0.35 1.6433e-20 -0.702125 0.35 -9.18477e-21 -0.700047 0.35 3.31876e-20
-0.697965 0.35 8.38479e-20 -0.695879 0.35 -6.00427e-20 -0.693788 0.35 -1.02147e-19
-0.691693 0.35 -1.7867e-20 -0.689594 0.35 -5.98822e-20 -0.68749 0.35 1.55745e-20
-0.685381 0.35 -4.30549e-20 -0.683268 0.35 -5.97228e-20 -0.681151 0.35 -7.63201e-20
-0.679029 0.35 3.17657e-20 -0.676902 0.35 3.16252e-20 -0.674771 0.35 3.1485e-20
-0.672636 0.35 -1.67472e-21 -0.670496 0.35 -5.11694e-20 -0.668352 0.35 -6.75747e-20
-0.666202 0.35 -6.75052e-20 -0.664049 0.35 -3.46945e-20 -0.661891 0.35 -2.02236e-21
-0.659728 0.35 -5.91467e-20 -0.657561 0.35 6.29078e-20 -0.655389 0.35 -5.09271e-20
-0.653212 0.35 -2.65953e-20 -0.651031 0.35 2.99618e-20 -0.648845 0.35 -5.88893e-20
-0.646655 0.35 -2.50291e-21 -0.64446 0.35 4.56143e-20 -0.64226 0.35 -6.675e-20
-0.640056 0.35 -5.06884e-20 -0.637847 0.35 6.9046e-20 -0.635633 0.35 2.90108e-20
-0.633415 0.35 9.24467e-20 -0.631192 0.35 4.46007e-20 -0.628964 0.35 1.2782e-20
-0.626732 0.35 -7.41746e-20 -0.624494 0.35 6.77367e-20 -0.622253 0.35 -4.25571e-20
-0.620006 0.35 -7.39247e-20 -0.617754 0.35 -7.38417e-20 -0.615498 0.35 2.78087e-20
-0.613237 0.35 4.32692e-20 -0.610971 0.35 8.97837e-20 -0.608701 0.35 1.96496e-20
-0.606425 0.35 -3.46945e-20 -0.604145 0.35 5.80732e-20 -0.60186 0.35 2.70198e-20
-0.59957 0.35 1.91914e-20 -0.597275 0.35 8.82127e-20 -0.594975 0.35 1.12983e-20
-0.592671 0.35 -6.52915e-20 -0.590361 0.35 -1.94283e-20 -0.588047 0.35 8.71764e-20
-0.585728 0.35 3.30965e-21 -0.583404 0.35 9.42463e-20 -0.581075 0.35 4.09927e-20
-0.578741 0.35 3.32799e-20 -0.576402 0.35 5.57464e-20 -0.574058 0.35 1.04303e-20
-0.571709 0.35 -8.72288e-20 -0.569355 0.35 2.52178e-20 -0.566997 0.35 9.23498e-20
-0.564633 0.35 5.47942e-20 -0.562264 0.35 4.71634e-20 -0.55989 0.35 -4.99092e-21
-0.557511 0.35 9.76664e-21 -0.555127 0.35 2.44617e-20 -0.552738 0.35 -9.37255e-20
-0.550344 0.35 1.12571e-19 -0.547945 0.35 5.3478e-20 -0.545541 0.35 5.32916e-20
-0.543132 0.35 9.20552e-21 -0.540717 0.35 -5.4897e-21 -0.538298 0.35 9.64491e-20
-0.535873 0.35 -7.83166e-20 -0.533444 0.35 1.24915e-19 -0.531009 0.35 6.66604e-20
-0.528569 0.35 1.09792e-19 -0.526123 0.35 -2.02764e-20 -0.523673 0.35 -1.06633e-19
-0.521217 0.35 9.45202e-20 -0.518756 0.35 -1.06329e-19 -0.51629 0.35 1.5116e-19
-0.513819 0.35 1.22235e-19 -0.511343 0.35 5.07224e-20 -0.508861 0.35 1.07366e-19
-0.506374 0.35 1.07065e-19 -0.503882 0.35 1.20912e-19 -0.501384 0.35 7.82344e-20
-0.498881 0.35 -1.05126e-19 -0.496373 0.35 -1.47146e-19 -0.49386 0.35 1.05573e-19
-0.491341 0.35 4.92881e-20 -0.488817 0.35 1.46883e-19 -0.486287 0.35 -9.04463e-20
-0.483752 0.35 1.60024e-19 -0.481212 0.35 1.59613e-19 -0.478667 0.35 -2.08447e-20
-0.476116 0.35 -1.45258e-19 -0.473559 0.35 4.80528e-20 -0.470997 0.35 2.03537e-20
-0.46843 0.35 6.14362e-20 -0.465857 0.35 1.70864e-19 -0.463279 0.35 -3.46945e-20
-0.460696 0.35 6.08277e-20 -0.458107 0.35 -3.46945e-20 -0.455512 0.35 -7.54596e-20
-0.452912 0.35 -4.82541e-20 -0.450307 0.35 4.64913e-20 -0.447695 0.35 -7.68977e-21
-0.445079 0.35 1.00044e-19 -0.442457 0.35 -1.42257e-19 -0.439829 0.35 -6.15282e-20
-0.437196 0.35 7.24136e-20 -0.434557 0.35 -6.14149e-20 -0.431912 0.35 8.5293e-20
-0.429262 0.35 5.84318e-20 -0.426607 0.35 3.16837e-20 -0.423945 0.35 -1.27427e-19
-0.421278 0.35 -6.11336e-20 -0.418606 0.35 -1.00652e-19 -0.415928 0.35 1.36434e-19
-0.413244 0.35 -7.4102e-20 -0.410554 0.35 -1.52667e-19 -0.407859 0.35 1.2227e-19
-0.405158 0.35 6.97272e-20 -0.402451 0.35 -7.37698e-20 -0.399738 0.35 4.32909e-20
-0.39702 0.35 5.60961e-20 -0.394296 0.35 8.17894e-20 -0.391566 0.35 -6.0525e-20
-0.388831 0.35 4.26334e-20 -0.38609 0.35 8.1052e-20 -0.383342 0.35 6.79737e-20
-0.380589 0.35 9.33694e-20 -0.377831 0.35 -1.36929e-19 -0.375066 0.35 4.18193e-20
-0.372295 0.35 1.05284e-19 -0.369519 0.35 1.04988e-19 -0.366737 0.35 1.55379e-19
-0.363949 0.35 -9.40493e-21 -0.361154 0.35 -1.35639e-19 -0.358354 0.35 -1.48017e-19
-0.355549 0.35 -5.98239e-20 -0.352737 0.35 1.4084e-19 -0.349919 0.35 -2.21828e-20
-0.347095 0.35 -9.71204e-20 -0.344265 0.35 1.14811e-19 -0.341429 0.35 -8.44242e-20
-0.338588 0.35 3.97424e-20 -0.33574 0.35 1.51004e-19 -0.332886 0.35 6.41354e-20
-0.330026 0.35 -9.63326e-20 -0.32716 0.35 -1.33107e-19 -0.324288 0.35 1.44077e-20
-0.32141 0.35 3.8803e-20 -0.318526 0.35 -1.2026e-19 -0.315635 0.35 -1.20079e-19
-0.312739 0.35 -1.44243e-19 -0.309836 0.35 -2.25482e-20 -0.306928 0.35 -1.07418e-19
-0.304013 0.35 1.2254e-19 -0.301092 0.35 2.56526e-20 -0.298164 0.35 -1.31046e-19
-0.295231 0.35 -4.67129e-20 -0.292291 0.35 1.09222e-19 -0.289345 0.35 -9.45327e-20
-0.286393 0.35 -8.24638e-20 -0.283435 0.35 1.29739e-20 -0.28047 0.35 4.85488e-20
-0.277499 0.35 4.83727e-20 -0.274522 0.35 8.3722e-20 -0.271538 0.35 2.43886e-20
-0.268548 0.35 6.80406e-22 -0.265552 0.35 -1.28828e-19 -0.26255 0.35 1.29691e-19
-0.259541 0.35 -1.16713e-19 -0.256525 0.35 2.37666e-20 -0.253504 0.35 1.19755e-20
-0.250475 0.35 1.05019e-19 -0.247441 0.35 9.31056e-20 -0.2444 0.35 -2.31008e-20
-0.241353 0.35 1.38842e-19 -0.238299 0.35 5.76627e-20 -0.235238 0.35 -8.07754e-20
-0.232172 0.35 -4.61903e-20 -0.229098 0.35 8.00212e-20 -0.226018 0.35 4.54367e-20
-0.222932 0.35 -4.25166e-22 -0.219839 0.35 -1.03088e-19 -0.21674 0.35 -1.25693e-19
-0.213634 0.35 -6.87468e-20 -0.210521 0.35 -2.33677e-20 -0.207402 0.35 1.05169e-20
-0.204276 0.35 1.3449e-19 -0.201144 0.35 -1.24735e-19 -0.198005 0.35 -7.96196e-20
-0.194859 0.35 -2.34869e-20 -0.191707 0.35 4.35924e-20 -0.188547 0.35 1.32708e-19
-0.185382 0.35 -1.24213e-20 -0.182209 0.35 5.42099e-20 -0.17903 0.35 1.20559e-19
-0.175844 0.35 9.56991e-21 -0.172651 0.35 -8.99079e-20 -0.169452 0.35 6.44796e-20
-0.166246 0.35 -1.33659e-19 -0.163033 0.35 -1.77609e-21 -0.159813 0.35 -3.46945e-20
-0.156586 0.35 7.45699e-20 -0.153353 0.35 7.43389e-20 -0.150113 0.35 1.06749e-19
-0.146865 0.35 9.55928e-20 -0.143611 0.35 -1.32203e-19 -0.14035 0.35 -3.46945e-20
-0.137082 0.35 1.05557e-19 -0.133808 0.35 8.36844e-21 -0.130526 0.35 4.05063e-20
-0.127237 0.35 6.17877e-20 -0.123941 0.35 -6.67872e-20 -0.120639 0.35 -9.87442e-20
-0.117329 0.35 -6.66516e-20 -0.114012 0.35 1.14124e-19 -0.110689 0.35 5.01646e-20
-0.107358 0.35 2.88152e-20 -0.10402 0.35 1.13182e-19 -0.100675 0.35 -9.79359e-20
-0.0973234 0.35 9.15209e-20 -0.0939644 0.35 -1.1866e-19 -0.0905982 0.35 3.86201e-20
-0.0872249 0.35 -1.37917e-20 -0.0838444 0.35 -6.59823e-20 -0.0804568 0.35 5.89704e-20
-0.077062 0.35 -3.46945e-20 -0.07366 0.35 -1.3968e-20 -0.0702508 0.35 -3.67047e-21
-0.0668343 0.35 -6.56529e-20 -0.0634107 0.35 -4.49921e-20 -0.0599797 0.35 2.69607e-20
-0.0565416 0.35 -9.62193e-20 -0.0530961 0.35 -2.4462e-20 -0.0496433 0.35 -2.44836e-20
-0.0461832 0.35 6.71978e-20 -0.0427158 0.35 6.69824e-20 -0.039241 0.35 7.69136e-20
-0.0357588 0.35 3.61786e-20 -0.0322693 0.35 -2.45911e-20 -0.0287724 0.35 -1.25432e-19
-0.0252681 0.35 1.56087e-20 -0.0217563 0.35 -2.46551e-20 -0.0182372 0.35 4.54506e-20
-0.0147105 0.35 3.52842e-20 -0.0111764 0.35 -2.47187e-20 -0.00763478 0.35 2.50338e-20
-0.00408566 0.35 9.44432e-20 -0.000529029 0.35 -9.41704e-20 0.00303514 0.35 4.87234e-21
0.00660687 0.35 -5.08211e-21 0.0101862 0.35 1.22904e-19 0.013773 0.35 1.12742e-19
0.0173675 0.35 -7.39277e-20 0.0209696 0.35 -6.40572e-20 0.0245793 0.35 -8.35288e-20
0.0281967 0.35 1.11499e-19 0.0318218 0.35 2.36592e-20 0.0354545 0.35 8.1766e-20
0.0390949 0.35 -5.64092e-21 0.042743 0.35 1.36257e-20 0.0463989 0.35 5.2098e-20
0.0500625 0.35 -3.46945e-20 0.0537339 0.35 -1.54887e-20 0.0574131 0.35 6.11311e-20
0.0611 0.35 4.18039e-20 0.0647948 0.35 1.17979e-19 0.0684974 0.35 -6.32602e-20
0.0722078 0.35 -3.46945e-20 0.0759261 0.35 1.07531e-19 0.0796523 0.35 1.26136e-20
0.0833864 0.35 -1.00786e-19 0.0871284 0.35 -4.41161e-20 0.0908783 0.35 5.93228e-20
0.0946361 0.35 -7.22219e-20 0.098402 0.35 4.02016e-20 0.102176 0.35 -3.46945e-20
0.105958 0.35 3.05627e-20 0.109747 0.35 -2.53917e-20 0.113545 0.35 5.81363e-20
0.117351 0.35 4.86765e-20 0.121165 0.35 -8.09137e-20 0.124987 0.35 2.98757e-20
0.128817 0.35 8.4968e-20 0.132656 0.35 2.04176e-20 0.136502 0.35 1.11351e-20
0.140357 0.35 -6.21341e-20 0.144219 0.35 -5.29489e-20 0.14809 0.35 7.46003e-20
0.151969 0.35 4.71032e-20 0.155857 0.35 -4.37639e-20 0.159752 0.35 -7.99457e-20
0.163656 0.35 -1.06943e-19 0.167568 0.35 1.09498e-19 0.171488 0.35 1.02703e-20
0.175417 0.35 -1.06486e-19 0.179354 0.35 4.59001e-20 0.183299 0.35 -5.25665e-20
0.187253 0.35 9.90624e-20 0.191215 0.35 -3.46945e-20 0.195186 0.35 -5.24534e-20
0.199165 0.35 -7.01372e-20 0.203152 0.35 9.51524e-21 0.207148 0.35 3.58915e-20
0.211152 0.35 2.69376e-20 0.215165 0.35 -7.86243e-20 0.219186 0.35 5.29795e-20
0.223216 0.35 -7.84387e-20 0.227254 0.35 -1.04537e-19 0.231301 0.35 4.37126e-20
0.235356 0.35 -9.55488e-20 0.23942 0.35 -1.73443e-20 0.243493 0.35 7.78432e-20
0.247574 0.35 -7.78867e-20 0.251664 0.35 2.56467e-20 0.255763 0.35 -8.63061e-20
0.25987 0.35 7.68944e-20 0.263986 0.35 -1.03219e-19 0.268111 0.35 -1.03074e-19
0.272244 0.35 8.47174e-20 0.276386 0.35 -9.42741e-20 0.280537 0.35 -1.02642e-19
0.284697 0.35 -6.01207e-20 0.288865 0.35 7.52531e-20 0.293043 0.35 -9.37561e-21
0.297229 0.35 -7.68033e-20 0.301424 0.35 6.61531e-20 0.305628 0.35 4.91675e-20
0.309841 0.35 -9.32737e-20 0.314063 0.35 -8.47991e-20 0.318294 0.35 -7.636e-20
0.322534 0.35 4.01449e-20 0.326782 0.35 5.65825e-20 0.33104 0.35 6.70732e-21
0.335307 0.35 2.31455e-20 0.339583 0.35 3.12685e-20 0.343868 0.35 8.87246e-20
0.348162 0.35 2.27793e-20 0.352465 0.35 -8.38536e-20 0.356777 0.35 -9.19255e-20
0.361098 0.35 6.09837e-21 0.365429 0.35 5.486e-20 0.369768 0.35 5.92604e-21
0.374117 0.35 -6.71222e-20 0.378475 0.35 -2.33535e-21 0.382842 0.35 6.21776e-20
0.387219 0.35 6.19728e-20 0.391605 0.35 6.98069e-20 0.396 0.35 -1.86513e-20
0.400404 0.35 5.33562e-20 0.404818 0.35 1.32316e-20 0.409241 0.35 7.68966e-20
0.413674 0.35 2.8937e-20 0.418116 0.35 -4.26316e-20 0.422567 0.35 5.24292e-20
0.427028 0.35 -9.00196e-20 0.431498 0.35 8.36087e-20 0.435977 0.35 4.40075e-20
0.440467 0.35 -1.11338e-20 0.444965 0.35 5.93489e-20 0.449473 0.35 -6.5976e-20
0.453991 0.35 3.55401e-20 0.458518 0.35 1.20296e-20 0.463055 0.35 8.96395e-20
0.467602 0.35 -3.46945e-20 0.472158 0.35 1.94718e-20 0.476724 0.35 -4.24162e-20
0.481299 0.35 4.23591e-20 0.485884 0.35 8.83305e-20 0.490479 0.35 -6.53857e-20
0.495084 0.35 -8.82905e-20 0.499698 0.35 3.4069e-20 0.504323 0.35 -4.19754e-21
0.508956 0.35 1.09542e-20 0.5136 0.35 -1.19184e-20 0.518254 0.35 -6.49983e-20
0.522917 0.35 -2.71345e-20 0.527591 0.35 -1.20626e-20 0.532274 0.35 1.80016e-20
0.536967 0.35 -5.72307e-20 0.54167 0.35 -1.22058e-20 0.546384 0.35 -5.71355e-20
0.551107 0.35 7.72736e-20 0.55584 0.35 -5.70407e-20 0.560583 0.35 -2.72615e-20
0.565336 0.35 -6.43636e-20 0.570099 0.35 -5.08806e-21 0.574873 0.35 -1.82413e-19
0.579656 0.35 -7.89165e-20 0.58445 0.35 -4.9404e-20 0.589253 0.35 -2.00161e-20
0.594067 0.35 2.38949e-20 0.598892 0.35 8.22366e-20 0.603726 0.35 -1.36793e-19
0.608571 0.35 -1.07468e-19 0.613425 0.35 -6.37422e-20 0.618291 0.35 -7.81739e-20
0.623166 0.35 -3.46945e-20 0.628052 0.35 -1.21286e-19 0.632948 0.35 1.0932e-19
0.637854 0.35 -7.78073e-20 0.642771 0.35 6.56894e-20 0.647699 0.35 -1.34866e-19
0.652637 0.35 -1.34654e-19 0.657585 0.35 -1.62942e-19 0.662544 0.35 6.48431e-20
0.667513 0.35 -1.34022e-19
        </DataArray>
        <DataArray type='Float32' Name='U' NumberOfComponents='3' format='ascii'>
34.6 0 0 34.6 0 0 34.6 0 0
34.6 0 0 34.6 0 0 34.6 0 0
34.6 0 0 34.6 0 0 34.6 0 0
34.6 0 0 34.6 0 0 34.6 0 0
34.6 0 0 34.6 0 0 34.6 0 0
34.6 0 0 34.6 0 0 34.6 0 0
34.6 0 0 34.6 0 0 34.6 0 0
34.6 0 0 34.6 0 0 34.6 0 0
34.6 0 0 34.6 0 0 34.6 0 0
34.6 0 0 34.6 0 0 34.6 0 0
34.6 0 0 34.6 0 0 34.6 0 0
34.6 0 0 34.6 0 0 34.6 0 0
34.6 0 0 34.6 0 0 34.6 0 0
34.6 0 0 34.6 0 0 34.6 0 0
34.6 0 0 34.6 0 0 34.6 0 0
34.6 0 0 34.6 0 0 34.6 0 0
34.6 0 0 34.6 0 0 34.6 0 0
34.6 0 0 34.6 0 0 34.6 0 0
34.6 0 0 34.6 0 0 34.6 0 0
34.6 0 0 34.6 0 0 34.6 0 0
34.6 0 0 34.6 0 0 34.6 0 0
34.6 0 0 34.6 0 0 34.6 0 0
34.6 0 0 34.6 0 0 34.6 0 0
34.6 0 0 34.6 0 0 34.6 0 0
34.6 0 0 34.6 0 0 34.6 0 0
34.6 0 0 34.6 0 0 34.6 0 0
34.6 0 0 34.6 0 0 34.6 0 0
34.6 0 0 34.6 0 0 34.6 0 0
34.6 0 0 34.6 0 0 34.6 0 0
34.6 0 0 34.6 0 0 34.6 0 0
34.6 0 0 34.6 0 0 34.6 0 0
34.6 0 0 34.6 0 0 34.6 0 0
34.6 0 0 34.6 0 0 34.6 0 0
34.6 0 0 34.6 0 0 34.6 0 0
34.6 0 0 34.6 0 0 34.6 0 0
34.6 0 0 34.6 0 0 34.6 0 0
34.6 0 0 34.6 0 0 34.6 0 0
34.6 0 0 34.6 0 0 34.6 0 0
34.6 0 0 34.6 0 0 34.6 0 0
34.6 0 0 34.6 0 0 34.6 0 0
34.6 0 0 34.6 0 0 34.6 0 0
34.6 0 0 34.6 0 0 34.6 0 0
34.6 0 0 34.6 0 0 34.6 0 0
34.6 0 0 34.6 0 0 34.6 0 0
34.6 0 0 34.6 0 0 34.6 0 0
34.6 0 0 34.6 0 0 34.6 0 0
34.6 0 0 34.6 0 0 34.6 0 0
34.6 0 0 34.6 0 0 34.6 0 0
34.6 0 0 34.6 0 0 34.6 0 0
34.6 0 0 34.6 0 0 34.6 0 0
34.6 0 0 34.6 0 0 34.6 0 0
34.6 0 0 34.6 0 0 34.6 0 0
34.6 0 0 34.6 0 0 34.6 0 0
34.6 0 0 34.6 0 0 34.6 0 0
34.6 0 0 34.6 0 0 34.6 0 0
34.6 0 0 34.6 0 0 34.6 0 0
34.6 0 0 34.6 0 0 34.6 0 0
34.6 0 0 34.6 0 0 34.6 0 0
34.6 0 0 34.6 0 0 34.6 0 0
34.6 0 0 34.6 0 0 34.6 0 0
34.6 0 0 34.6 0 0 34.6 0 0
34.6 0 0 34.6 0 0 34.6 0 0
34.6 0 0 34.6 0 0 34.6 0 0
34.6 0 0 34.6 0 0 34.6 0 0
34.6 0 0 34.6 0 0 34.6 0 0
34.6 0 0 34.6 0 0 34.6 0 0
34.6 0 0 34.6 0 0 34.6 0 0
34.6 0 0 34.6 0 0 34.6 0 0
34.6 0 0 34.6 0 0 34.6 0 0
34.6 0 0 34.6 0 0 34.6 0 0
34.6 0 0 34.6 0 0 34.6 0 0
34.6 0 0 34.6 0 0 34.6 0 0
34.6 0 0 34.6 0 0 34.6 0 0
34.6 0 0 34.6 0 0 34.6 0 0
34.6 0 0 34.6 0 0 34.6 0 0
34.6 0 0 34.6 0 0 34.6 0 0
34.6 0 0 34.6 0 0 34.6 0 0
34.6 0 0 34.6 0 0 34.6 0 0
34.6 0 0 34.6 0 0 34.6 0 0
34.6 0 0 34.6 0 0 34.6 0 0
34.6 0 0 34.6 0 0 34.6 0 0
34.6 0 0 34.6 0 0 34.6 0 0
34.6 0 0 34.6 0 0 34.6 0 0
34.6 0 0 34.6 0 0 34.6 0 0
34.6 0 0 34.6 0 0 34.6 0 0
34.6 0 0 34.6 0 0 34.6 0 0
34.6 0 0 34.6 0 0 34.6 0 0
34.6 0 0 34.6 0 0 34.6 0 0
34.6 0 0 34.6 0 0 34.6 0 0
34.6 0 0 34.6 0 0 34.6 0 0
34.6 0 0 34.6 0 0 34.6 0 0
34.6 0 0 34.6 0 0 34.6 0 0
34.6 0 0 34.6 0 0 34.6 0 0
34.6 0 0 34.6 0 0 34.6 0 0
34.6 0 0 34.6 0 0 34.6 0 0
34.6 0 0 34.6 0 0 34.6 0 0
34.6 0 0 34.6 0 0 34.6 0 0
34.6 0 0 34.6 0 0 34.6 0 0
34.6 0 0 34.6 0 0 34.6 0 0
34.6 0 0 34.6 0 0 34.6 0 0
34.6 0 0 34.6 0 0 34.6 0 0
34.6 0 0 34.6 0 0 34.6 0 0
34.6 0 0 34.6 0 0 34.6 0 0
34.6 0 0 34.6 0 0 34.6 0 0
34.6 0 0 34.6 0 0 34.6 0 0
34.6 0 0 34.6 0 0 34.6 0 0
34.6 0 0 34.6 0 0 34.6 0 0
34.6 0 0 34.6 0 0 34.6 0 0
34.6 0 0 34.6 0 0 34.6 0 0
34.6 0 0 34.6 0 0 34.6 0 0
34.6 0 0 34.6 0 0 34.6 0 0
34.6 0 0 34.6 0 0 34.6 0 0
34.6 0 0 34.6 0 0 34.6 0 0
34.6 0 0 34.6 0 0 34.6 0 0
34.6 0 0 34.6 0 0 34.6 0 0
34.6 0 0 34.6 0 0 34.6 0 0
34.6 0 0 34.6 0 0 34.6 0 0
34.6 0 0 34.6 0 0 34.6 0 0
34.6 0 0 34.6 0 0 34.6 0 0
34.6 0 0 34.6 0 0 34.6 0 0
34.6 0 0 34.6 0 0 34.6 0 0
34.6 0 0 34.6 0 0 34.6 0 0
34.6 0 0 34.6 0 0 34.6 0 0
34.6 0 0 34.6 0 0 34.6 0 0
34.6 0 0 34.6 0 0 34.6 0 0
34.6 0 0 34.6 0 0 34.6 0 0
34.6 0 0 34.6 0 0 34.6 0 0
34.6 0 0 34.6 0 0 34.6 0 0
34.6 0 0 34.6 0 0 34.6 0 0
34.6 0 0 34.6 0 0 34.6 0 0
34.6 0 0 34.6 0 0 34.6 0 0
34.6 0 0 34.6 0 0 34.6 0 0
34.6 0 0 34.6 0 0 34.6 0 0
34.6 0 0 34.6 0 0 34.6 0 0
34.6 0 0 34.6 0 0 34.6 0 0
34.6 0 0 34.6 0 0 34.6 0 0
34.6 0 0 34.6 0 0 34.6 0 0
34.6 0 0 34.6 0 0 34.6 0 0
34.6 0 0 34.6 0 0 34.6 0 0
34.6 0 0 34.6 0 0 34.6 0 0
34.6 0 0 34.6 0 0 34.6 0 0
34.6 0 0 34.6 0 0 34.6 0 0
34.6 0 0 34.6 0 0 34.6 0 0
34.6 0 0 34.6 0 0 34.6 0 0
34.6 0 0 34.6 0 0 34.6 0 0
34.6 0 0 34.6 0 0 34.6 0 0
34.6 0 0 34.6 0 0 34.6 0 0
34.6 0 0 34.6 0 0 34.6 0 0
34.6 0 0 34.6 0 0 34.6 0 0
34.6 0 0 34.6 0 0 34.6 0 0
34.6 0 0 34.6 0 0 34.6 0 0
34.6 0 0 34.6 0 0 34.6 0 0
34.6 0 0 34.6 0 0 34.6 0 0
34.6 0 0 34.6 0 0 34.6 0 0
34.6 0 0 34.6 0 0 34.6 0 0
34.6 0 0 34.6 0 0 34.6 0 0
34.6 0 0 34.6 0 0 34.6 0 0
34.6 0 0 34.6 0 0 34.6 0 0
34.6 0 0 34.6 0 0 34.6 0 0
34.6 0 0 34.6 0 0 34.6 0 0
34.6 0 0 34.6 0 0 34.6 0 0
34.6 0 0 34.6 0 0 34.6 0 0
34.6 0 0 34.6 0 0 34.6 0 0
34.6 0 0 34.6 0 0 34.6 0 0
34.6 0 0 34.6 0 0 34.6 0 0
34.6 0 0 34.6 0 0 34.6 0 0
34.6 0 0 34.6 0 0 34.6 0 0
34.6 0 0 34.6 0 0 34.6 0 0
34.6 0 0 34.6 0 0 34.6 0 0
34.6 0 0 34.6 0 0 34.6 0 0
34.6 0 0 34.6 0 0 34.6 0 0
34.6 0 0 34.6 0 0 34.6 0 0
34.6 0 0 34.6 0 0 34.6 0 0
34.6 0 0
        </DataArray>
      </CellData>
      <PointData>
        <DataArray type='Float32' Name='Cx' format='ascii'>
-0.899171 -0.899171 -0.898341 -0.898341 -0.896679 -0.896679 -0.895014 -0.895014 -0.893345
-0.893345 -0.891673 -0.891673 -0.889997 -0.889997 -0.888318 -0.888318 -0.886635 -0.886635
-0.884948 -0.884948 -0.883258 -0.883258 -0.881565 -0.881565 -0.879868 -0.879868 -0.878167
-0.878167 -0.876462 -0.876462 -0.874754 -0.874754 -0.873043 -0.873043 -0.871327 -0.871327
-0.869608 -0.869608 -0.867886 -0.867886 -0.86616 -0.86616 -0.86443 -0.86443 -0.862696
-0.862696 -0.860959 -0.860959 -0.859218 -0.859218 -0.857473 -0.857473 -0.855725 -0.855725
-0.853973 -0.853973 -0.852217 -0.852217 -0.850458 -0.850458 -0.848695 -0.848695 -0.846928
-0.846928 -0.845157 -0.845157 -0.843383 -0.843383 -0.841605 -0.841605 -0.839823 -0.839823
-0.838037 -0.838037 -0.836248 -0.836248 -0.834455 -0.834455 -0.832658 -0.832658 -0.830857
-0.830857 -0.829052 -0.829052 -0.827243 -0.827243 -0.825431 -0.825431 -0.823615 -0.823615
-0.821795 -0.821795 -0.819971 -0.819971 -0.818143 -0.818143 -0.816312 -0.816312 -0.814476
-0.814476 -0.812637 -0.812637 -0.810793 -0.810793 -0.808946 -0.808946 -0.807095 -0.807095
-0.80524 -0.80524 -0.803381 -0.803381 -0.801518 -0.801518 -0.799651 -0.799651 -0.797781
-0.797781 -0.795906 -0.795906 -0.794027 -0.794027 -0.792144 -0.792144 -0.790258 -0.790258
-0.788367 -0.788367 -0.786472 -0.786472 -0.784573 -0.784573 -0.782671 -0.782671 -0.780764
-0.780764 -0.778853 -0.778853 -0.776938 -0.776938 -0.775019 -0.775019 -0.773096 -0.773096
-0.771169 -0.771169 -0.769238 -0.769238 -0.767303 -0.767303 -0.765363 -0.765363 -0.76342
-0.76342 -0.761472 -0.761472 -0.759521 -0.759521 -0.757565 -0.757565 -0.755605 -0.755605
-0.753641 -0.753641 -0.751672 -0.751672 -0.7497 -0.7497 -0.747723 -0.747723 -0.745742
-0.745742 -0.743757 -0.743757 -0.741768 -0.741768 -0.739775 -0.739775 -0.737777 -0.737777
-0.735775 -0.735775 -0.733769 -0.733769 -0.731758 -0.731758 -0.729744 -0.729744 -0.727725
-0.727725 -0.725702 -0.725702 -0.723674 -0.723674 -0.721642 -0.721642 -0.719606 -0.719606
-0.717566 -0.717566 -0.715521 -0.715521 -0.713472 -0.713472 -0.711418 -0.711418 -0.709361
-0.709361 -0.707299 -0.707299 -0.705232 -0.705232 -0.703161 -0.703161 -0.701086 -0.701086
-0.699006 -0.699006 -0.696922 -0.696922 -0.694834 -0.694834 -0.692741 -0.692741 -0.690643
-0.690643 -0.688542 -0.688542 -0.686435 -0.686435 -0.684325 -0.684325 -0.682209 -0.682209
-0.68009 -0.68009 -0.677966 -0.677966 -0.675837 -0.675837 -0.673704 -0.673704 -0.671566
-0.671566 -0.669424 -0.669424 -0.667277 -0.667277 -0.665126 -0.665126 -0.66297 -0.66297
-0.660809 -0.660809 -0.658644 -0.658644 -0.656475 -0.656475 -0.654301 -0.654301 -0.652122
-0.652122 -0.649938 -0.649938 -0.64775 -0.64775 -0.645558 -0.645558 -0.64336 -0.64336
-0.641158 -0.641158 -0.638952 -0.638952 -0.63674 -0.63674 -0.634524 -0.634524 -0.632304
-0.632304 -0.630078 -0.630078 -0.627848 -0.627848 -0.625613 -0.625613 -0.623374 -0.623374
-0.621129 -0.621129 -0.61888 -0.61888 -0.616626 -0.616626 -0.614368 -0.614368 -0.612104
-0.612104 -0.609836 -0.609836 -0.607563 -0.607563 -0.605285 -0.605285 -0.603002 -0.603002
-0.600715 -0.600715 -0.598422 -0.598422 -0.596125 -0.596125 -0.593823 -0.593823 -0.591516
-0.591516 -0.589204 -0.589204 -0.586888 -0.586888 -0.584566 -0.584566 -0.582239 -0.582239
-0.579908 -0.579908 -0.577571 -0.577571 -0.57523 -0.57523 -0.572884 -0.572884 -0.570532
-0.570532 -0.568176 -0.568176 -0.565815 -0.565815 -0.563448 -0.563448 -0.561077 -0.561077
-0.558701 -0.558701 -0.556319 -0.556319 -0.553933 -0.553933 -0.551541 -0.551541 -0.549145
-0.549145 -0.546743 -0.546743 -0.544336 -0.544336 -0.541925 -0.541925 -0.539508 -0.539508
-0.537086 -0.537086 -0.534658 -0.534658 -0.532226 -0.532226 -0.529789 -0.529789 -0.527346
-0.527346 -0.524898 -0.524898 -0.522445 -0.522445 -0.519987 -0.519987 -0.517523 -0.517523
-0.515055 -0.515055 -0.512581 -0.512581 -0.510102 -0.510102 -0.507617 -0.507617 -0.505128
-0.505128 -0.502633 -0.502633 -0.500133 -0.500133 -0.497627 -0.497627 -0.495116 -0.495116
-0.4926 -0.4926 -0.490079 -0.490079 -0.487552 -0.487552 -0.48502 -0.48502 -0.482482
-0.482482 -0.479939 -0.479939 -0.477391 -0.477391 -0.474837 -0.474837 -0.472278 -0.472278
-0.469714 -0.469714 -0.467144 -0.467144 -0.464568 -0.464568 -0.461988 -0.461988 -0.459401
-0.459401 -0.456809 -0.456809 -0.454212 -0.454212 -0.451609 -0.451609 -0.449001 -0.449001
-0.446387 -0.446387 -0.443768 -0.443768 -0.441143 -0.441143 -0.438512 -0.438512 -0.435876
-0.435876 -0.433235 -0.433235 -0.430587 -0.430587 -0.427934 -0.427934 -0.425276 -0.425276
-0.422612 -0.422612 -0.419942 -0.419942 -0.417267 -0.417267 -0.414586 -0.414586 -0.411899
-0.411899 -0.409206 -0.409206 -0.406508 -0.406508 -0.403804 -0.403804 -0.401095 -0.401095
-0.398379 -0.398379 -0.395658 -0.395658 -0.392931 -0.392931 -0.390199 -0.390199 -0.38746
-0.38746 -0.384716 -0.384716 -0.381966 -0.381966 -0.37921 -0.37921 -0.376448 -0.376448
-0.373681 -0.373681 -0.370907 -0.370907 -0.368128 -0.368128 -0.365343 -0.365343 -0.362552
-0.362552 -0.359755 -0.359755 -0.356952 -0.356952 -0.354143 -0.354143 -0.351328 -0.351328
-0.348507 -0.348507 -0.34568 -0.34568 -0.342847 -0.342847 -0.340009 -0.340009 -0.337164
-0.337164 -0.334313 -0.334313 -0.331456 -0.331456 -0.328593 -0.328593 -0.325724 -0.325724
-0.322849 -0.322849 -0.319968 -0.319968 -0.317081 -0.317081 -0.314187 -0.314187 -0.311288
-0.311288 -0.308382 -0.308382 -0.30547 -0.30547 -0.302552 -0.302552 -0.299628 -0.299628
-0.296698 -0.296698 -0.293761 -0.293761 -0.290818 -0.290818 -0.287869 -0.287869 -0.284914
-0.284914 -0.281952 -0.281952 -0.278985 -0.278985 -0.276011 -0.276011 -0.27303 -0.27303
-0.270043 -0.270043 -0.26705 -0.26705 -0.264051 -0.264051 -0.261045 -0.261045 -0.258033
-0.258033 -0.255014 -0.255014 -0.25199 -0.25199 -0.248958 -0.248958 -0.245921 -0.245921
-0.242876 -0.242876 -0.239826 -0.239826 -0.236769 -0.236769 -0.233705 -0.233705 -0.230635
-0.230635 -0.227558 -0.227558 -0.224475 -0.224475 -0.221386 -0.221386 -0.21829 -0.21829
-0.215187 -0.215187 -0.212077 -0.212077 -0.208962 -0.208962 -0.205839 -0.205839 -0.20271
-0.20271 -0.199574 -0.199574 -0.196432 -0.196432 -0.193283 -0.193283 -0.190127 -0.190127
-0.186965 -0.186965 -0.183796 -0.183796 -0.18062 -0.18062 -0.177437 -0.177437 -0.174248
-0.174248 -0.171052 -0.171052 -0.167849 -0.167849 -0.164639 -0.164639 -0.161423 -0.161423
-0.1582 -0.1582 -0.15497 -0.15497 -0.151733 -0.151733 -0.148489 -0.148489 -0.145238
-0.145238 -0.141981 -0.141981 -0.138716 -0.138716 -0.135445 -0.135445 -0.132167 -0.132167
-0.128882 -0.128882 -0.125589 -0.125589 -0.12229 -0.12229 -0.118984 -0.118984 -0.115671
-0.115671 -0.112351 -0.112351 -0.109023 -0.109023 -0.105689 -0.105689 -0.102348 -0.102348
-0.0989994 -0.0989994 -0.0956439 -0.0956439 -0.0922813 -0.0922813 -0.0889116 -0.0889116 -0.0855347
-0.0855347 -0.0821506 -0.0821506 -0.0787594 -0.0787594 -0.075361 -0.075361 -0.0719554 -0.0719554
-0.0685426 -0.0685426 -0.0651226 -0.0651226 -0.0616953 -0.0616953 -0.0582607 -0.0582607 -0.0548189
-0.0548189 -0.0513697 -0.0513697 -0.0479133 -0.0479133 -0.0444495 -0.0444495 -0.0409784 -0.0409784
-0.0375 -0.0375 -0.0340141 -0.0340141 -0.0305209 -0.0305209 -0.0270203 -0.0270203 -0.0235123
-0.0235123 -0.0199968 -0.0199968 -0.0164739 -0.0164739 -0.0129435 -0.0129435 -0.00940564 -0.00940564
-0.00586028 -0.00586028 -0.0023074 -0.0023074 0.001253 0.001253 0.00482095 0.00482095 0.00839645
0.00839645 0.0119795 0.0119795 0.0155702 0.0155702 0.0191685 0.0191685 0.0227744 0.0227744
0.026388 0.026388 0.0300092 0.0300092 0.0336381 0.0336381 0.0372746 0.0372746 0.0409189
0.0409189 0.0445709 0.0445709 0.0482306 0.0482306 0.0518981 0.0518981 0.0555734 0.0555734
0.0592565 0.0592565 0.0629473 0.0629473 0.066646 0.066646 0.0703525 0.0703525 0.0740669
0.0740669 0.0777891 0.0777891 0.0815193 0.0815193 0.0852573 0.0852573 0.0890033 0.0890033
0.0927571 0.0927571 0.096519 0.096519 0.100289 0.100289 0.104067 0.104067 0.107852
0.107852 0.111646 0.111646 0.115448 0.115448 0.119258 0.119258 0.123076 0.123076
0.126902 0.126902 0.130736 0.130736 0.134579 0.134579 0.138429 0.138429 0.142288
0.142288 0.146155 0.146155 0.15003 0.15003 0.153913 0.153913 0.157804 0.157804
0.161704 0.161704 0.165612 0.165612 0.169528 0.169528 0.173453 0.173453 0.177385
0.177385 0.181327 0.181327 0.185276 0.185276 0.189234 0.189234 0.1932 0.1932
0.197175 0.197175 0.201158 0.201158 0.20515 0.20515 0.20915 0.20915 0.213158
0.213158 0.217175 0.217175 0.221201 0.221201 0.225235 0.225235 0.229277 0.229277
0.233328 0.233328 0.237388 0.237388 0.241456 0.241456 0.245533 0.245533 0.249619
0.249619 0.253713 0.253713 0.257816 0.257816 0.261928 0.261928 0.266048 0.266048
0.270177 0.270177 0.274315 0.274315 0.278462 0.278462 0.282617 0.282617 0.286781
0.286781 0.290954 0.290954 0.295136 0.295136 0.299327 0.299327 0.303526 0.303526
0.307735 0.307735 0.311952 0.311952 0.316178 0.316178 0.320414 0.320414 0.324658
0.324658 0.328911 0.328911 0.333173 0.333173 0.337445 0.337445 0.341725 0.341725
0.346014 0.346014 0.350313 0.350313 0.354621 0.354621 0.358937 0.358937 0.363263
0.363263 0.367598 0.367598 0.371943 0.371943 0.376296 0.376296 0.380659 0.380659
0.385031 0.385031 0.389412 0.389412 0.393802 0.393802 0.398202 0.398202 0.402611
0.402611 0.40703 0.40703 0.411457 0.411457 0.415894 0.415894 0.420341 0.420341
0.424797 0.424797 0.429263 0.429263 0.433737 0.433737 0.438222 0.438222 0.442716
0.442716 0.447219 0.447219 0.451732 0.451732 0.456255 0.456255 0.460787 0.460787
0.465328 0.465328 0.46988 0.46988 0.474441 0.474441 0.479011 0.479011 0.483592
0.483592 0.488182 0.488182 0.492782 0.492782 0.497391 0.497391 0.50201 0.50201
0.506639 0.506639 0.511278 0.511278 0.515927 0.515927 0.520586 0.520586 0.525254
0.525254 0.529932 0.529932 0.534621 0.534621 0.539319 0.539319 0.544027 0.544027
0.548745 0.548745 0.553473 0.553473 0.558211 0.558211 0.562959 0.562959 0.567717
0.567717 0.572486 0.572486 0.577264 0.577264 0.582053 0.582053 0.586851 0.586851
0.59166 0.59166 0.596479 0.596479 0.601309 0.601309 0.606148 0.606148 0.610998
0.610998 0.615858 0.615858 0.620728 0.620728 0.625609 0.625609 0.6305 0.6305
0.635401 0.635401 0.640313 0.640313 0.645235 0.645235 0.650167 0.650167 0.65511
0.65511 0.660064 0.660064 0.665028 0.665028 0.667513 0.667513
        </DataArray>
        <DataArray type='Float32' Name='Cy' format='ascii'>
0.35 0.35 0.35 0.35 0.35 0.35 0.35 0.35 0.35
0.35 0.35 0.35 0.35 0.35 0.35 0.35 0.35 0.35
0.35 0.35 0.35 0.35 0.35 0.35 0.35 0.35 0.35
0.35 0.35 0.35 0.35 0.35 0.35 0.35 0.35 0.35
0.35 0.35 0.35 0.35 0.35 0.35 0.35 0.35 0.35
0.35 0.35 0.35 0.35 0.35 0.35 0.35 0.35 0.35
0.35 0.35 0.35 0.35 0.35 0.35 0.35 0.35 0.35
0.35 0.35 0.35 0.35 0.35 0.35 0.35 0.35 0.35
0.35 0.35 0.35 0.35 0.35 0.35 0.35 0.35 0.35
0.35 0.35 0.35 0.35 0.35 0.35 0.35 0.35 0.35
0.35 0.35 0.35 0.35 0.35 0.35 0.35 0.35 0.35
0.35 0.35 0.35 0.35 0.35 0.35 0.35 0.35 0.35
0.35 0.35 0.35 0.35 0.35 0.35 0.35 0.35 0.35
0.35 0.35 0.35 0.35 0.35 0.35 0.35 0.35 0.35
0.35 0.35 0.35 0.35 0.35 0.35 0.35 0.35 0.35
0.35 0.35 0.35 0.35 0.35 0.35 0.35 0.35 0.35
0.35 0.35 0.35 0.35 0.35 0.35 0.35 0.35 0.35
0.35 0.35 0.35 0.35 0.35 0.35 0.35 0.35 0.35
0.35 0.35 0.35 0.35 0.35 0.35 0.35 0.35 0.35
0.35 0.35 0.35 0.35 0.35 0.35 0.35 0.35 0.35
0.35 0.35 0.35 0.35 0.35 0.35 0.35 0.35 0.35
0.35 0.35 0.35 0.35 0.35 0.35 0.35 0.35 0.35
0.35 0.35 0.35 0.35 0.35 0.35 0.35 0.35 0.35
0.35 0.35 0.35 0.35 0.35 0.35 0.35 0.35 0.35
0.35 0.35 0.35 0.35 0.35 0.35 0.35 0.35 0.35
0.35 0.35 0.35 0.35 0.35 0.35 0.35 0.35 0.35
0.35 0.35 0.35 0.35 0.35 0.35 0.35 0.35 0.35
0.35 0.35 0.35 0.35 0.35 0.35 0.35 0.35 0.35
0.35 0.35 0.35 0.35 0.35 0.35 0.35 0.35 0.35
0.35 0.35 0.35 0.35 0.35 0.35 0.35 0.35 0.35
0.35 0.35 0.35 0.35 0.35 0.35 0.35 0.35 0.35
0.35 0.35 0.35 0.35 0.35 0.35 0.35 0.35 0.35
0.35 0.35 0.35 0.35 0.35 0.35 0.35 0.35 0.35
0.35 0.35 0.35 0.35 0.35 0.35 0.35 0.35 0.35
0.35 0.35 0.35 0.35 0.35 0.35 0.35 0.35 0.35
0.35 0.35 0.35 0.35 0.35 0.35 0.35 0.35 0.35
0.35 0.35 0.35 0.35 0.35 0.35 0.35 0.35 0.35
0.35 0.35 0.35 0.35 0.35 0.35 0.35 0.35 0.35
0.35 0.35 0.35 0.35 0.35 0.35 0.35 0.35 0.35
0.35 0.35 0.35 0.35 0.35 0.35 0.35 0.35 0.35
0.35 0.35 0.35 0.35 0.35 0.35 0.35 0.35 0.35
0.35 0.35 0.35 0.35 0.35 0.35 0.35 0.35 0.35
0.35 0.35 0.35 0.35 0.35 0.35 0.35 0.35 0.35
0.35 0.35 0.35 0.35 0.35 0.35 0.35 0.35 0.35
0.35 0.35 0.35 0.35 0.35 0.35 0.35 0.35 0.35
0.35 0.35 0.35 0.35 0.35 0.35 0.35 0.35 0.35
0.35 0.35 0.35 0.35 0.35 0.35 0.35 0.35 0.35
0.35 0.35 0.35 0.35 0.35 0.35 0.35 0.35 0.35
0.35 0.35 0.35 0.35 0.35 0.35 0.35 0.35 0.35
0.35 0.35 0.35 0.35 0.35 0.35 0.35 0.35 0.35
0.35 0.35 0.35 0.35 0.35 0.35 0.35 0.35 0.35
0.35 0.35 0.35 0.35 0.35 0.35 0.35 0.35 0.35
0.35 0.35 0.35 0.35 0.35 0.35 0.35 0.35 0.35
0.35 0.35 0.35 0.35 0.35 0.35 0.35 0.35 0.35
0.35 0.35 0.35 0.35 0.35 0.35 0.35 0.35 0.35
0.35 0.35 0.35 0.35 0.35 0.35 0.35 0.35 0.35
0.35 0.35 0.35 0.35 0.35 0.35 0.35 0.35 0.35
0.35 0.35 0.35 0.35 0.35 0.35 0.35 0.35 0.35
0.35 0.35 0.35 0.35 0.35 0.35 0.35 0.35 0.35
0.35 0.35 0.35 0.35 0.35 0.35 0.35 0.35 0.35
0.35 0.35 0.35 0.35 0.35 0.35 0.35 0.35 0.35
0.35 0.35 0.35 0.35 0.35 0.35 0.35 0.35 0.35
0.35 0.35 0.35 0.35 0.35 0.35 0.35 0.35 0.35
0.35 0.35 0.35 0.35 0.35 0.35 0.35 0.35 0.35
0.35 0.35 0.35 0.35 0.35 0.35 0.35 0.35 0.35
0.35 0.35 0.35 0.35 0.35 0.35 0.35 0.35 0.35
0.35 0.35 0.35 0.35 0.35 0.35 0.35 0.35 0.35
0.35 0.35 0.35 0.35 0.35 0.35 0.35 0.35 0.35
0.35 0.35 0.35 0.35 0.35 0.35 0.35 0.35 0.35
0.35 0.35 0.35 0.35 0.35 0.35 0.35 0.35 0.35
0.35 0.35 0.35 0.35 0.35 0.35 0.35 0.35 0.35
0.35 0.35 0.35 0.35 0.35 0.35 0.35 0.35 0.35
0.35 0.35 0.35 0.35 0.35 0.35 0.35 0.35 0.35
0.35 0.35 0.35 0.35 0.35 0.35 0.35 0.35 0.35
0.35 0.35 0.35 0.35 0.35 0.35 0.35 0.35 0.35
0.35 0.35 0.35 0.35 0.35 0.35 0.35 0.35 0.35
0.35 0.35 0.35 0.35 0.35 0.35 0.35 0.35 0.35
0.35 0.35 0.35 0.35 0.35 0.35 0.35 0.35 0.35
0.35 0.35 0.35 0.35 0.35 0.35 0.35 0.35 0.35
0.35 0.35 0.35 0.35 0.35 0.35 0.35 0.35 0.35
0.35 0.35 0.35 0.35 0.35 0.35 0.35 0.35 0.35
0.35 0.35 0.35 0.35 0.35 0.35 0.35 0.35 0.35
0.35 0.35 0.35 0.35 0.35 0.35 0.35 0.35 0.35
0.35 0.35 0.35 0.35 0.35 0.35 0.35 0.35 0.35
0.35 0.35 0.35 0.35 0.35 0.35 0.35 0.35 0.35
0.35 0.35 0.35 0.35 0.35 0.35 0.35 0.35 0.35
0.35 0.35 0.35 0.35 0.35 0.35 0.35 0.35 0.35
0.35 0.35 0.35 0.35 0.35 0.35 0.35 0.35 0.35
0.35 0.35 0.35 0.35 0.35 0.35 0.35 0.35 0.35
0.35 0.35 0.35 0.35 0.35 0.35 0.35 0.35 0.35
0.35 0.35 0.35 0.35 0.35 0.35 0.35 0.35 0.35
0.35 0.35 0.35 0.35 0.35 0.35 0.35 0.35 0.35
0.35 0.35 0.35 0.35 0.35 0.35 0.35 0.35 0.35
0.35 0.35 0.35 0.35 0.35 0.35 0.35 0.35 0.35
0.35 0.35 0.35 0.35 0.35 0.35 0.35 0.35 0.35
0.35 0.35 0.35 0.35 0.35 0.35 0.35 0.35 0.35
0.35 0.35 0.35 0.35 0.35 0.35 0.35 0.35 0.35
0.35 0.35 0.35 0.35 0.35 0.35 0.35 0.35 0.35
0.35 0.35 0.35 0.35 0.35 0.35 0.35 0.35 0.35
0.35 0.35 0.35 0.35 0.35 0.35 0.35 0.35 0.35
0.35 0.35 0.35 0.35 0.35 0.35 0.35 0.35 0.35
0.35 0.35 0.35 0.35 0.35 0.35 0.35 0.35 0.35
0.35 0.35 0.35 0.35 0.35 0.35 0.35 0.35 0.35
0.35 0.35 0.35 0.35 0.35 0.35 0.35 0.35 0.35
0.35 0.35 0.35 0.35 0.35 0.35 0.35 0.35 0.35
0.35 0.35 0.35 0.35 0.35 0.35 0.35 0.35 0.35
0.35 0.35 0.35 0.35 0.35 0.35 0.35 0.35 0.35
0.35 0.35 0.35 0.35 0.35 0.35 0.35 0.35 0.35
0.35 0.35 0.35 0.35 0.35 0.35 0.35 0.35 0.35
0.35 0.35 0.35 0.35 0.35 0.35 0.35 0.35 0.35
0.35 0.35 0.35 0.35 0.35 0.35 0.35 0.35 0.35
0.35 0.35 0.35 0.35 0.35 0.35 0.35 0.35 0.35
0.35 0.35 0.35 0.35 0.35 0.35 0.35 0.35 0.35
0.35 0.35 0.35 0.35 0.35 0.35 0.35 0.35 0.35
0.35 0.35 0.35 0.35 0.35 0.35 0.35 0.35 0.35
0.35 0.35 0.35 0.35 0.35 0.35 0.35
        </DataArray>
        <DataArray type='Float32' Name='Cz' format='ascii'>
-2.40523e-20 -2.40523e-20 -1.34439e-20 -1.34439e-20 1.83252e-20 1.83252e-20 -4.51902e-20 -4.51902e-20 -5.59005e-20
-5.59005e-20 -2.41082e-20 -2.41082e-20 -3.47281e-20 -3.47281e-20 -1.36897e-20 -1.36897e-20 7.17032e-21 7.17032e-21
-4.50578e-20 -4.50578e-20 -2.95849e-20 -2.95849e-20 -1.37892e-20 -1.37892e-20 -2.95733e-20 -2.95733e-20 1.19725e-20
1.19725e-20 4.28127e-20 4.28127e-20 5.30794e-20 5.30794e-20 -1.9219e-20 -1.9219e-20 -6.03703e-20 -6.03703e-20
-5.52267e-20 -5.52267e-20 -4.02673e-21 -4.02673e-21 7.2481e-20 7.2481e-20 3.67243e-20 3.67243e-20 -1.94685e-20
-1.94685e-20 4.64399e-20 4.64399e-20 9.1872e-20 9.1872e-20 -4.27369e-21 -4.27369e-21 -9.0167e-20 -9.0167e-20
2.05427e-20 2.05427e-20 9.58519e-20 9.58519e-20 5.45692e-21 5.45692e-21 -7.46756e-20 -7.46756e-20 -6.46462e-20
-6.46462e-20 -5.45953e-20 -5.45953e-20 -3.96883e-20 -3.96883e-20 -3.46733e-20 -3.46733e-20 3.44595e-20 3.44595e-20
5.91559e-20 5.91559e-20 9.61886e-21 9.61886e-21 -5.17277e-21 -5.17277e-21 -6.89904e-20 -6.89904e-20 -7.87691e-20
-7.87691e-20 -2.98366e-20 -2.98366e-20 4.80995e-20 4.80995e-20 4.31805e-20 4.31805e-20 3.31959e-20 3.31959e-20
4.13019e-21 4.13019e-21 -1.54263e-20 -1.54263e-20 -1.53436e-20 -1.53436e-20 -4.91564e-20 -4.91564e-20 -4.42778e-20
-4.42778e-20 -1.21862e-21 -1.21862e-21 8.48208e-20 8.48208e-20 1.13218e-19 1.13218e-19 5.10824e-20 5.10824e-20
-3.94205e-20 -3.94205e-20 -2.05161e-20 -2.05161e-20 3.62597e-20 3.62597e-20 5.97211e-20 5.97211e-20 3.60102e-20
3.60102e-20 7.61256e-21 7.61256e-21 5.4397e-20 5.4397e-20 3.55927e-20 3.55927e-20 1.6648e-20 1.6648e-20
-1.13113e-20 -1.13113e-20 7.07773e-21 7.07773e-21 7.17776e-21 7.17776e-21 1.61557e-20 1.61557e-20 1.08605e-19
1.08605e-19 8.06457e-20 8.06457e-20 1.13834e-20 1.13834e-20 -3.92827e-20 -3.92827e-20 -7.5911e-20 -7.5911e-20
-5.3048e-20 -5.3048e-20 2.00547e-20 2.00547e-20 -3.46166e-20 -3.46166e-20 -7.56314e-20 -7.56314e-20 1.96597e-20
1.96597e-20 1.96801e-20 1.96801e-20 -7.07936e-20 -7.07936e-20 -1.67553e-20 -1.67553e-20 2.8301e-20 2.8301e-20
1.1953e-21 1.1953e-21 3.69237e-20 3.69237e-20 -1.67347e-20 -1.67347e-20 -4.81239e-20 -4.81239e-20 4.09057e-20
4.09057e-20 1.42186e-20 1.42186e-20 -3.91395e-20 -3.91395e-20 -1.26016e-20 -1.26016e-20 4.46756e-20 4.46756e-20
7.97862e-20 7.97862e-20 7.07478e-20 7.07478e-20 8.36632e-20 8.36632e-20 9.21814e-20 9.21814e-20 9.04572e-21
9.04572e-21 -1.73248e-20 -1.73248e-20 5.6573e-20 5.6573e-20 4.34263e-20 4.34263e-20 4.31871e-20 4.31871e-20
1.72061e-20 1.72061e-20 -6.05392e-20 -6.05392e-20 3.93079e-21 3.93079e-21 2.54622e-20 2.54622e-20 -4.75304e-20
-4.75304e-20 -5.60699e-20 -5.60699e-20 -1.76704e-20 -1.76704e-20 3.62428e-21 3.62428e-21 1.20012e-20 1.20012e-20
5.85174e-20 5.85174e-20 1.19034e-20 1.19034e-20 -8.10945e-20 -8.10945e-20 -6.00074e-20 -6.00074e-20 -3.88744e-20
-3.88744e-20 -2.21543e-20 -2.21543e-20 -1.37399e-20 -1.37399e-20 -5.13888e-20 -5.13888e-20 -6.80213e-20 -6.80213e-20
-2.22778e-20 -2.22778e-20 3.16955e-20 3.16955e-20 3.15551e-20 3.15551e-20 1.49053e-20 1.49053e-20 -2.64218e-20
-2.64218e-20 -5.9372e-20 -5.9372e-20 -6.754e-20 -6.754e-20 -5.11e-20 -5.11e-20 -1.83586e-20 -1.83586e-20
-3.05842e-20 -3.05842e-20 1.87977e-21 1.87977e-21 5.99104e-21 5.99104e-21 -3.87614e-20 -3.87614e-20 1.68289e-21
1.68289e-21 -1.44632e-20 -1.44632e-20 -3.06965e-20 -3.06965e-20 2.15554e-20 2.15554e-20 -1.05672e-20 -1.05672e-20
-5.87193e-20 -5.87193e-20 9.17805e-21 9.17805e-21 4.90287e-20 4.90287e-20 6.07284e-20 6.07284e-20 6.8524e-20
6.8524e-20 2.86916e-20 2.86916e-20 -3.06957e-20 -3.06957e-20 -3.21984e-21 -3.21984e-21 1.25905e-20 1.25905e-20
-5.82407e-20 -5.82407e-20 -7.38832e-20 -7.38832e-20 -2.30172e-20 -2.30172e-20 3.55388e-20 3.55388e-20 6.65261e-20
6.65261e-20 5.47171e-20 5.47171e-20 -7.52209e-21 -7.52209e-21 1.16887e-20 1.16887e-20 4.25467e-20 4.25467e-20
2.31057e-20 2.31057e-20 5.37016e-20 5.37016e-20 4.9756e-20 4.9756e-20 -2.69961e-20 -2.69961e-20 -4.23602e-20
-4.23602e-20 3.38733e-20 3.38733e-20 4.52436e-20 4.52436e-20 4.87773e-20 4.87773e-20 6.76199e-20 6.76199e-20
3.71363e-20 3.71363e-20 4.4513e-20 4.4513e-20 3.30887e-20 3.30887e-20 -3.83985e-20 -3.83985e-20 -3.10063e-20
-3.10063e-20 5.87833e-20 5.87833e-20 7.35723e-20 7.35723e-20 5.09789e-20 5.09789e-20 2.10866e-20 2.10866e-20
2.38775e-21 2.38775e-21 1.7114e-20 1.7114e-20 -3.4631e-20 -3.4631e-20 9.42123e-21 9.42123e-21 8.3025e-20
8.3025e-20 5.33848e-20 5.33848e-20 3.12489e-20 3.12489e-20 1.85802e-21 1.85802e-21 4.54789e-20 4.54789e-20
9.06762e-21 9.06762e-21 2.32976e-20 2.32976e-20 9.57881e-20 9.57881e-20 8.82259e-20 8.82259e-20 4.47588e-20
4.47588e-20 -6.34538e-20 -6.34538e-20 -6.05773e-21 -6.05773e-21 -5.90261e-21 -5.90261e-21 2.24139e-20 2.24139e-20
1.36698e-19 1.36698e-19 8.64792e-20 8.64792e-20 7.90437e-20 7.90437e-20 1.07216e-19 1.07216e-19 1.13988e-19
1.13988e-19 9.95734e-20 9.95734e-20 -1.34442e-20 -1.34442e-20 -1.26136e-19 -1.26136e-19 -2.07887e-20 -2.07887e-20
7.7431e-20 7.7431e-20 9.80847e-20 9.80847e-20 2.82203e-20 2.82203e-20 3.47869e-20 3.47869e-20 1.59818e-19
1.59818e-19 6.93854e-20 6.93854e-20 -8.30503e-20 -8.30503e-20 -4.86042e-20 -4.86042e-20 3.42035e-20 3.42035e-20
4.08946e-20 4.08946e-20 1.16149e-19 1.16149e-19 6.80867e-20 6.80867e-20 1.30658e-20 1.30658e-20 1.30674e-20
1.30674e-20 -5.50767e-20 -5.50767e-20 -6.18571e-20 -6.18571e-20 -8.82233e-22 -8.82233e-22 1.94013e-20 1.94013e-20
4.61759e-20 4.61759e-20 -2.11045e-20 -2.11045e-20 -1.01893e-19 -1.01893e-19 5.44148e-21 5.44148e-21 5.50058e-21
5.50058e-21 1.19378e-20 1.19378e-20 7.18627e-20 7.18627e-20 4.5058e-20 4.5058e-20 -4.78704e-20 -4.78704e-20
-9.42811e-20 -9.42811e-20 -8.08926e-20 -8.08926e-20 1.78884e-20 1.78884e-20 3.11677e-20 3.11677e-20 -1.13384e-19
-1.13384e-19 -1.52012e-20 -1.52012e-20 9.5999e-20 9.5999e-20 -2.01994e-21 -2.01994e-21 -1.52406e-20 -1.52406e-20
4.96934e-20 4.96934e-20 6.89425e-20 6.89425e-20 1.06336e-20 1.06336e-20 -8.94684e-21 -8.94684e-21 6.18423e-20
6.18423e-20 7.4513e-20 7.4513e-20 8.06713e-20 8.06713e-20 -2.17775e-20 -2.17775e-20 -4.75566e-20 -4.75566e-20
7.3551e-20 7.3551e-20 1.05136e-19 1.05136e-19 1.30183e-19 1.30183e-19 7.29887e-20 7.29887e-20 -7.25205e-20
-7.25205e-20 -1.41828e-19 -1.41828e-19 -1.03921e-19 -1.03921e-19 4.05058e-20 4.05058e-20 5.93301e-20 5.93301e-20
-5.96508e-20 -5.96508e-20 8.84308e-21 8.84308e-21 1.51954e-20 1.51954e-20 -2.23422e-20 -2.23422e-20 9.53722e-20
9.53722e-20 1.07571e-19 1.07571e-19 -1.60969e-20 -1.60969e-20 -1.14719e-19 -1.14719e-19 -5.93512e-20 -5.93512e-20
2.66051e-20 2.66051e-20 -4.07269e-20 -4.07269e-20 -1.2017e-19 -1.2017e-19 -1.32161e-19 -1.32161e-19 -8.33968e-20
-8.33968e-20 -6.49822e-20 -6.49822e-20 7.55856e-21 7.55856e-21 7.40975e-20 7.40975e-20 -5.26948e-20 -5.26948e-20
-8.88802e-20 -8.88802e-20 3.12526e-20 3.12526e-20 7.34675e-21 7.34675e-21 -8.84984e-20 -8.84984e-20 -3.47461e-20
-3.47461e-20 3.07609e-20 3.07609e-20 4.84608e-20 4.84608e-20 6.6047e-20 6.6047e-20 5.4056e-20 5.4056e-20
1.25348e-20 1.25348e-20 -6.40723e-20 -6.40723e-20 4.2842e-22 4.2842e-22 6.49165e-21 6.49165e-21 -4.6475e-20
-4.6475e-20 1.78711e-20 1.78711e-20 5.84962e-20 5.84962e-20 9.90626e-20 9.90626e-20 3.50038e-20 3.50038e-20
5.78687e-20 5.78687e-20 9.82534e-20 9.82534e-20 -1.15547e-20 -1.15547e-20 -6.34833e-20 -6.34833e-20 1.69139e-20
1.69139e-20 6.27294e-20 6.27294e-20 2.25063e-20 2.25063e-20 -5.17554e-20 -5.17554e-20 -1.1439e-19 -1.1439e-19
-9.72207e-20 -9.72207e-20 -4.60578e-20 -4.60578e-20 -6.42583e-21 -6.42583e-21 7.25017e-20 7.25017e-20 4.88049e-21
4.88049e-21 -1.02178e-19 -1.02178e-19 -5.1554e-20 -5.1554e-20 1.00519e-20 1.00519e-20 8.81493e-20 8.81493e-20
6.01454e-20 6.01454e-20 2.08934e-20 2.08934e-20 8.73837e-20 8.73837e-20 6.5066e-20 6.5066e-20 -4.01677e-20
-4.01677e-20 -1.27162e-20 -1.27162e-20 -3.4587e-20 -3.4587e-20 -6.77192e-20 -6.77192e-20 -1.82348e-20 -1.82348e-20
1.99362e-20 1.99362e-20 7.44544e-20 7.44544e-20 9.05435e-20 9.05435e-20 1.01171e-19 1.01171e-19 -1.83021e-20
-1.83021e-20 -8.34502e-20 -8.34502e-20 3.54291e-20 3.54291e-20 5.69638e-20 5.69638e-20 2.44369e-20 2.44369e-20
5.11467e-20 5.11467e-20 -2.49793e-21 -2.49793e-21 -8.27653e-20 -8.27653e-20 -8.26984e-20 -8.26984e-20 2.37334e-20
2.37334e-20 8.2145e-20 8.2145e-20 3.94902e-20 3.94902e-20 7.09972e-20 7.09972e-20 7.62586e-21 7.62586e-21
-3.21023e-21 -3.21023e-21 -1.35666e-20 -1.35666e-20 -4.00223e-20 -4.00223e-20 1.2415e-20 1.2415e-20 -3.98862e-20
-3.98862e-20 -3.50775e-21 -3.50775e-21 1.21394e-20 1.21394e-20 -2.43315e-20 -2.43315e-20 -8.81938e-21 -8.81938e-21
-3.46607e-20 -3.46607e-20 -5.53228e-20 -5.53228e-20 -9.01677e-21 -9.01677e-21 -3.46274e-20 -3.46274e-20 -6.03418e-20
-6.03418e-20 -2.44728e-20 -2.44728e-20 2.13557e-20 2.13557e-20 6.70901e-20 6.70901e-20 7.19478e-20 7.19478e-20
5.65467e-20 5.65467e-20 5.79469e-21 5.79469e-21 -7.501e-20 -7.501e-20 -5.49139e-20 -5.49139e-20 -4.52256e-21
-4.52256e-21 1.03966e-20 1.03966e-20 4.03676e-20 4.03676e-20 5.28373e-21 5.28373e-21 1.5679e-22 1.5679e-22
5.97374e-20 5.97374e-20 1.39445e-22 1.39445e-22 -4.46507e-20 -4.46507e-20 -1.04724e-22 -1.04724e-22 5.89089e-20
5.89089e-20 1.17823e-19 1.17823e-19 1.94102e-20 1.94102e-20 -6.89926e-20 -6.89926e-20 -7.37926e-20 -7.37926e-20
1.39817e-20 1.39817e-20 6.75804e-20 6.75804e-20 5.27116e-20 5.27116e-20 3.8064e-20 3.8064e-20 3.99207e-21
3.99207e-21 3.28612e-20 3.28612e-20 8.70324e-21 8.70324e-21 -2.50919e-20 -2.50919e-20 2.28198e-20 2.28198e-20
5.14678e-20 5.14678e-20 7.989e-20 7.989e-20 2.73625e-20 2.73625e-20 -4.89778e-20 -4.89778e-20 3.64155e-20
3.64155e-20 6.00738e-20 6.00738e-20 -4.4084e-20 -4.4084e-20 -7.2452e-20 -7.2452e-20 7.60148e-21 7.60148e-21
-6.44715e-21 -6.44715e-21 -1.60122e-20 -1.60122e-20 2.75492e-21 2.75492e-21 -2.06706e-21 -2.06706e-21 2.58653e-21
2.58653e-21 1.63707e-20 1.63707e-20 5.34066e-20 5.34066e-20 -1.61162e-20 -1.61162e-20 -2.55211e-20 -2.55211e-20
5.74208e-20 5.74208e-20 5.2694e-20 5.2694e-20 1.57765e-20 1.57765e-20 -2.54981e-20 -2.54981e-20 -5.75416e-20
-5.75416e-20 1.08233e-20 1.08233e-20 6.08523e-20 6.08523e-20 1.67143e-21 1.67143e-21 -6.18541e-20 -6.18541e-20
-9.3444e-20 -9.3444e-20 1.27294e-21 1.27294e-21 5.98859e-20 5.98859e-20 -4.81055e-20 -4.81055e-20 -3.02959e-20
-3.02959e-20 -3.33123e-21 -3.33123e-21 2.32449e-20 2.32449e-20 3.21866e-20 3.21866e-20 -4.35736e-20 -4.35736e-20
-6.12949e-20 -6.12949e-20 -3.03126e-20 -3.03126e-20 2.27028e-20 2.27028e-20 3.14148e-20 3.14148e-20 -2.58412e-20
-2.58412e-20 -1.28251e-20 -1.28251e-20 -1.27269e-20 -1.27269e-20 -9.14875e-20 -9.14875e-20 -3.04155e-20 -3.04155e-20
-2.59152e-20 -2.59152e-20 -5.64482e-20 -5.64482e-20 3.02474e-20 3.02474e-20 -1.84358e-23 -1.84358e-23 -2.61222e-20
-2.61222e-20 -3.03273e-20 -3.03273e-20 -4.70939e-21 -4.70939e-21 -1.31586e-20 -1.31586e-20 -1.03147e-19 -1.03147e-19
-9.18258e-21 -9.18258e-21 -4.77448e-21 -4.77448e-21 -9.84577e-20 -9.84577e-20 -8.13821e-20 -8.13821e-20 7.56318e-21
7.56318e-21 3.29406e-20 3.29406e-20 -4.3088e-20 -4.3088e-20 -5.3283e-21 -5.3283e-21 5.76607e-20 5.76607e-20
-2.20499e-20 -2.20499e-20 -8.90366e-20 -8.90366e-20 -8.05797e-20 -8.05797e-20 -1.81102e-20 -1.81102e-20 4.83633e-20
4.83633e-20 3.1646e-20 3.1646e-20 1.4926e-20 1.4926e-20 2.72068e-20 2.72068e-20 5.99953e-20 5.99953e-20
5.57535e-20 5.57535e-20 -3.05346e-20 -3.05346e-20 -8.78893e-20 -8.78893e-20 -4.29159e-20 -4.29159e-20 3.0478e-20
3.0478e-20 3.03942e-20 3.03942e-20 -3.05963e-20 -3.05963e-20 -3.47303e-20 -3.47303e-20 2.99196e-20 2.99196e-20
6.20752e-20 6.20752e-20 6.58897e-20 6.58897e-20 2.558e-20 2.558e-20 1.73507e-20 1.73507e-20 3.32949e-20
3.32949e-20 4.50626e-20 4.50626e-20 5.2918e-20 5.2918e-20 -6.84549e-21 -6.84549e-21 4.89645e-21 4.89645e-21
-1.87916e-20 -1.87916e-20 -3.20983e-21 -3.20983e-21 6.38091e-20 6.38091e-20 1.64383e-20 1.64383e-20 2.41058e-20
2.41058e-20 -3.31032e-21 -3.31032e-21 -1.52205e-20 -1.52205e-20 2.37854e-20 2.37854e-20 5.08325e-20 5.08325e-20
2.74758e-20 2.74758e-20 -7.61273e-21 -7.61273e-21 -1.14705e-20 -1.14705e-20 -3.07716e-23 -3.07716e-23 6.53436e-20
6.53436e-20 1.14765e-20 1.14765e-20 -7.68375e-20 -7.68375e-20 -2.7114e-20 -2.7114e-20 1.49368e-20 1.49368e-20
3.37791e-21 3.37791e-21 -4.8149e-22 -4.8149e-22 -3.84569e-20 -3.84569e-20 -4.60675e-20 -4.60675e-20 -1.9599e-20
-1.9599e-20 2.96868e-21 2.96868e-21 -1.96125e-20 -1.96125e-20 -3.47195e-20 -3.47195e-20 -3.46694e-20 -3.46694e-20
1.00653e-20 1.00653e-20 1.01202e-20 1.01202e-20 -4.21519e-20 -4.21519e-20 -4.58115e-20 -4.58115e-20 -3.47275e-20
-3.47275e-20 -9.37457e-20 -9.37457e-20 -1.30668e-19 -1.30668e-19 -6.41611e-20 -6.41611e-20 -3.47109e-20 -3.47109e-20
1.93816e-21 1.93816e-21 5.30641e-20 5.30641e-20 -2.72717e-20 -2.72717e-20 -1.22131e-19 -1.22131e-19 -8.56062e-20
-8.56062e-20 -7.09576e-20 -7.09576e-20 -5.64355e-20 -5.64355e-20 -7.79876e-20 -7.79876e-20 -5.99012e-21 -5.99012e-21
1.57617e-20 1.57617e-20 -6.06326e-21 -6.06326e-21 -3.45823e-20 -3.45823e-20 -1.3476e-19 -1.3476e-19 -1.48798e-19
-1.48798e-19 -4.90567e-20 -4.90567e-20 -3.45831e-20 -3.45831e-20 -1.34022e-19 -1.34022e-19
        </DataArray>
        <DataArray type='Float32' Name='k' format='ascii'>
0.179574 0.179574 0.179574 0.179574 0.179574 0.179574 0.179574 0.179574 0.179574
0.179574 0.179574 0.179574 0.179574 0.179574 0.179574 0.179574 0.179574 0.179574
0.179574 0.179574 0.179574 0.179574 0.179574 0.179574 0.179574 0.179574 0.179574
0.179574 0.179574 0.179574 0.179574 0.179574 0.179574 0.179574 0.179574 0.179574
0.179574 0.179574 0.179574 0.179574 0.179574 0.179574 0.179574 0.179574 0.179574
0.179574 0.179574 0.179574 0.179574 0.179574 0.179574 0.179574 0.179574 0.179574
0.179574 0.179574 0.179574 0.179574 0.179574 0.179574 0.179574 0.179574 0.179574
0.179574 0.179574 0.179574 0.179574 0.179574 0.179574 0.179574 0.179574 0.179574
0.179574 0.179574 0.179574 0.179574 0.179574 0.179574 0.179574 0.179574 0.179574
0.179574 0.179574 0.179574 0.179574 0.179574 0.179574 0.179574 0.179574 0.179574
0.179574 0.179574 0.179574 0.179574 0.179574 0.179574 0.179574 0.179574 0.179574
0.179574 0.179574 0.179574 0.179574 0.179574 0.179574 0.179574 0.179574 0.179574
0.179574 0.179574 0.179574 0.179574 0.179574 0.179574 0.179574 0.179574 0.179574
0.179574 0.179574 0.179574 0.179574 0.179574 0.179574 0.179574 0.179574 0.179574
0.179574 0.179574 0.179574 0.179574 0.179574 0.179574 0.179574 0.179574 0.179574
0.179574 0.179574 0.179574 0.179574 0.179574 0.179574 0.179574 0.179574 0.179574
0.179574 0.179574 0.179574 0.179574 0.179574 0.179574 0.179574 0.179574 0.179574
0.179574 0.179574 0.179574 0.179574 0.179574 0.179574 0.179574 0.179574 0.179574
0.179574 0.179574 0.179574 0.179574 0.179574 0.179574 0.179574 0.179574 0.179574
0.179574 0.179574 0.179574 0.179574 0.179574 0.179574 0.179574 0.179574 0.179574
0.179574 0.179574 0.179574 0.179574 0.179574 0.179574 0.179574 0.179574 0.179574
0.179574 0.179574 0.179574 0.179574 0.179574 0.179574 0.179574 0.179574 0.179574
0.179574 0.179574 0.179574 0.179574 0.179574 0.179574 0.179574 0.179574 0.179574
0.179574 0.179574 0.179574 0.179574 0.179574 0.179574 0.179574 0.179574 0.179574
0.179574 0.179574 0.179574 0.179574 0.179574 0.179574 0.179574 0.179574 0.179574
0.179574 0.179574 0.179574 0.179574 0.179574 0.179574 0.179574 0.179574 0.179574
0.179574 0.179574 0.179574 0.179574 0.179574 0.179574 0.179574 0.179574 0.179574
0.179574 0.179574 0.179574 0.179574 0.179574 0.179574 0.179574 0.179574 0.179574
0.179574 0.179574 0.179574 0.179574 0.179574 0.179574 0.179574 0.179574 0.179574
0.179574 0.179574 0.179574 0.179574 0.179574 0.179574 0.179574 0.179574 0.179574
0.179574 0.179574 0.179574 0.179574 0.179574 0.179574 0.179574 0.179574 0.179574
0.179574 0.179574 0.179574 0.179574 0.179574 0.179574 0.179574 0.179574 0.179574
0.179574 0.179574 0.179574 0.179574 0.179574 0.179574 0.179574 0.179574 0.179574
0.179574 0.179574 0.179574 0.179574 0.179574 0.179574 0.179574 0.179574 0.179574
0.179574 0.179574 0.179574 0.179574 0.179574 0.179574 0.179574 0.179574 0.179574
0.179574 0.179574 0.179574 0.179574 0.179574 0.179574 0.179574 0.179574 0.179574
0.179574 0.179574 0.179574 0.179574 0.179574 0.179574 0.179574 0.179574 0.179574
0.179574 0.179574 0.179574 0.179574 0.179574 0.179574 0.179574 0.179574 0.179574
0.179574 0.179574 0.179574 0.179574 0.179574 0.179574 0.179574 0.179574 0.179574
0.179574 0.179574 0.179574 0.179574 0.179574 0.179574 0.179574 0.179574 0.179574
0.179574 0.179574 0.179574 0.179574 0.179574 0.179574 0.179574 0.179574 0.179574
0.179574 0.179574 0.179574 0.179574 0.179574 0.179574 0.179574 0.179574 0.179574
0.179574 0.179574 0.179574 0.179574 0.179574 0.179574 0.179574 0.179574 0.179574
0.179574 0.179574 0.179574 0.179574 0.179574 0.179574 0.179574 0.179574 0.179574
0.179574 0.179574 0.179574 0.179574 0.179574 0.179574 0.179574 0.179574 0.179574
0.179574 0.179574 0.179574 0.179574 0.179574 0.179574 0.179574 0.179574 0.179574
0.179574 0.179574 0.179574 0.179574 0.179574 0.179574 0.179574 0.179574 0.179574
0.179574 0.179574 0.179574 0.179574 0.179574 0.179574 0.179574 0.179574 0.179574
0.179574 0.179574 0.179574 0.179574 0.179574 0.179574 0.179574 0.179574 0.179574
0.179574 0.179574 0.179574 0.179574 0.179574 0.179574 0.179574 0.179574 0.179574
0.179574 0.179574 0.179574 0.179574 0.179574 0.179574 0.179574 0.179574 0.179574
0.179574 0.179574 0.179574 0.179574 0.179574 0.179574 0.179574 0.179574 0.179574
0.179574 0.179574 0.179574 0.179574 0.179574 0.179574 0.179574 0.179574 0.179574
0.179574 0.179574 0.179574 0.179574 0.179574 0.179574 0.179574 0.179574 0.179574
0.179574 0.179574 0.179574 0.179574 0.179574 0.179574 0.179574 0.179574 0.179574
0.179574 0.179574 0.179574 0.179574 0.179574 0.179574 0.179574 0.179574 0.179574
0.179574 0.179574 0.179574 0.179574 0.179574 0.179574 0.179574 0.179574 0.179574
0.179574 0.179574 0.179574 0.179574 0.179574 0.179574 0.179574 0.179574 0.179574
0.179574 0.179574 0.179574 0.179574 0.179574 0.179574 0.179574 0.179574 0.179574
0.179574 0.179574 0.179574 0.179574 0.179574 0.179574 0.179574 0.179574 0.179574
0.179574 0.179574 0.179574 0.179574 0.179574 0.179574 0.179574 0.179574 0.179574
0.179574 0.179574 0.179574 0.179574 0.179574 0.179574 0.179574 0.179574 0.179574
0.179574 0.179574 0.179574 0.179574 0.179574 0.179574 0.179574 0.179574 0.179574
0.179574 0.179574 0.179574 0.179574 0.179574 0.179574 0.179574 0.179574 0.179574
0.179574 0.179574 0.179574 0.179574 0.179574 0.179574 0.179574 0.179574 0.179574
0.179574 0.179574 0.179574 0.179574 0.179574 0.179574 0.179574 0.179574 0.179574
0.179574 0.179574 0.179574 0.179574 0.179574 0.179574 0.179574 0.179574 0.179574
0.179574 0.179574 0.179574 0.179574 0.179574 0.179574 0.179574 0.179574 0.179574
0.179574 0.179574 0.179574 0.179574 0.179574 0.179574 0.179574 0.179574 0.179574
0.179574 0.179574 0.179574 0.179574 0.179574 0.179574 0.179574 0.179574 0.179574
0.179574 0.179574 0.179574 0.179574 0.179574 0.179574 0.179574 0.179574 0.179574
0.179574 0.179574 0.179574 0.179574 0.179574 0.179574 0.179574 0.179574 0.179574
0.179574 0.179574 0.179574 0.179574 0.179574 0.179574 0.179574 0.179574 0.179574
0.179574 0.179574 0.179574 0.179574 0.179574 0.179574 0.179574 0.179574 0.179574
0.179574 0.179574 0.179574 0.179574 0.179574 0.179574 0.179574 0.179574 0.179574
0.179574 0.179574 0.179574 0.179574 0.179574 0.179574 0.179574 0.179574 0.179574
0.179574 0.179574 0.179574 0.179574 0.179574 0.179574 0.179574 0.179574 0.179574
0.179574 0.179574 0.179574 0.179574 0.179574 0.179574 0.179574 0.179574 0.179574
0.179574 0.179574 0.179574 0.179574 0.179574 0.179574 0.179574 0.179574 0.179574
0.179574 0.179574 0.179574 0.179574 0.179574 0.179574 0.179574 0.179574 0.179574
0.179574 0.179574 0.179574 0.179574 0.179574 0.179574 0.179574 0.179574 0.179574
0.179574 0.179574 0.179574 0.179574 0.179574 0.179574 0.179574 0.179574 0.179574
0.179574 0.179574 0.179574 0.179574 0.179574 0.179574 0.179574 0.179574 0.179574
0.179574 0.179574 0.179574 0.179574 0.179574 0.179574 0.179574 0.179574 0.179574
0.179574 0.179574 0.179574 0.179574 0.179574 0.179574 0.179574 0.179574 0.179574
0.179574 0.179574 0.179574 0.179574 0.179574 0.179574 0.179574 0.179574 0.179574
0.179574 0.179574 0.179574 0.179574 0.179574 0.179574 0.179574 0.179574 0.179574
0.179574 0.179574 0.179574 0.179574 0.179574 0.179574 0.179574 0.179574 0.179574
0.179574 0.179574 0.179574 0.179574 0.179574 0.179574 0.179574 0.179574 0.179574
0.179574 0.179574 0.179574 0.179574 0.179574 0.179574 0.179574 0.179574 0.179574
0.179574 0.179574 0.179574 0.179574 0.179574 0.179574 0.179574 0.179574 0.179574
0.179574 0.179574 0.179574 0.179574 0.179574 0.179574 0.179574 0.179574 0.179574
0.179574 0.179574 0.179574 0.179574 0.179574 0.179574 0.179574 0.179574 0.179574
0.179574 0.179574 0.179574 0.179574 0.179574 0.179574 0.179574 0.179574 0.179574
0.179574 0.179574 0.179574 0.179574 0.179574 0.179574 0.179574 0.179574 0.179574
0.179574 0.179574 0.179574 0.179574 0.179574 0.179574 0.179574 0.179574 0.179574
0.179574 0.179574 0.179574 0.179574 0.179574 0.179574 0.179574 0.179574 0.179574
0.179574 0.179574 0.179574 0.179574 0.179574 0.179574 0.179574 0.179574 0.179574
0.179574 0.179574 0.179574 0.179574 0.179574 0.179574 0.179574 0.179574 0.179574
0.179574 0.179574 0.179574 0.179574 0.179574 0.179574 0.179574 0.179574 0.179574
0.179574 0.179574 0.179574 0.179574 0.179574 0.179574 0.179574 0.179574 0.179574
0.179574 0.179574 0.179574 0.179574 0.179574 0.179574 0.179574 0.179574 0.179574
0.179574 0.179574 0.179574 0.179574 0.179574 0.179574 0.179574 0.179574 0.179574
0.179574 0.179574 0.179574 0.179574 0.179574 0.179574 0.179574 0.179574 0.179574
0.179574 0.179574 0.179574 0.179574 0.179574 0.179574 0.179574 0.179574 0.179574
0.179574 0.179574 0.179574 0.179574 0.179574 0.179574 0.179574 0.179574 0.179574
0.179574 0.179574 0.179574 0.179574 0.179574 0.179574 0.179574 0.179574 0.179574
0.179574 0.179574 0.179574 0.179574 0.179574 0.179574 0.179574 0.179574 0.179574
0.179574 0.179574 0.179574 0.179574 0.179574 0.179574 0.179574 0.179574 0.179574
0.179574 0.179574 0.179574 0.179574 0.179574 0.179574 0.179574 0.179574 0.179574
0.179574 0.179574 0.179574 0.179574 0.179574 0.179574 0.179574 0.179574 0.179574
0.179574 0.179574 0.179574 0.179574 0.179574 0.179574 0.179574 0.179574 0.179574
0.179574 0.179574 0.179574 0.179574 0.179574 0.179574 0.179574 0.179574 0.179574
0.179574 0.179574 0.179574 0.179574 0.179574 0.179574 0.179574 0.179574 0.179574
0.179574 0.179574 0.179574 0.179574 0.179574 0.179574 0.179574 0.179574 0.179574
0.179574 0.179574 0.179574 0.179574 0.179574 0.179574 0.179574
        </DataArray>
        <DataArray type='Float32' Name='nut' format='ascii'>
0 0 0 0 0 0 0 0 0
0 0 0 0 0 0 0 0 0
0 0 0 0 0 0 0 0 0
0 0 0 0 0 0 0 0 0
0 0 0 0 0 0 0 0 0
0 0 0 0 0 0 0 0 0
0 0 0 0 0 0 0 0 0
0 0 0 0 0 0 0 0 0
0 0 0 0 0 0 0 0 0
0 0 0 0 0 0 0 0 0
0 0 0 0 0 0 0 0 0
0 0 0 0 0 0 0 0 0
0 0 0 0 0 0 0 0 0
0 0 0 0 0 0 0 0 0
0 0 0 0 0 0 0 0 0
0 0 0 0 0 0 0 0 0
0 0 0 0 0 0 0 0 0
0 0 0 0 0 0 0 0 0
0 0 0 0 0 0 0 0 0
0 0 0 0 0 0 0 0 0
0 0 0 0 0 0 0 0 0
0 0 0 0 0 0 0 0 0
0 0 0 0 0 0 0 0 0
0 0 0 0 0 0 0 0 0
0 0 0 0 0 0 0 0 0
0 0 0 0 0 0 0 0 0
0 0 0 0 0 0 0 0 0
0 0 0 0 0 0 0 0 0
0 0 0 0 0 0 0 0 0
0 0 0 0 0 0 0 0 0
0 0 0 0 0 0 0 0 0
0 0 0 0 0 0 0 0 0
0 0 0 0 0 0 0 0 0
0 0 0 0 0 0 0 0 0
0 0 0 0 0 0 0 0 0
0 0 0 0 0 0 0 0 0
0 0 0 0 0 0 0 0 0
0 0 0 0 0 0 0 0 0
0 0 0 0 0 0 0 0 0
0 0 0 0 0 0 0 0 0
0 0 0 0 0 0 0 0 0
0 0 0 0 0 0 0 0 0
0 0 0 0 0 0 0 0 0
0 0 0 0 0 0 0 0 0
0 0 0 0 0 0 0 0 0
0 0 0 0 0 0 0 0 0
0 0 0 0 0 0 0 0 0
0 0 0 0 0 0 0 0 0
0 0 0 0 0 0 0 0 0
0 0 0 0 0 0 0 0 0
0 0 0 0 0 0 0 0 0
0 0 0 0 0 0 0 0 0
0 0 0 0 0 0 0 0 0
0 0 0 0 0 0 0 0 0
0 0 0 0 0 0 0 0 0
0 0 0 0 0 0 0 0 0
0 0 0 0 0 0 0 0 0
0 0 0 0 0 0 0 0 0
0 0 0 0 0 0 0 0 0
0 0 0 0 0 0 0 0 0
0 0 0 0 0 0 0 0 0
0 0 0 0 0 0 0 0 0
0 0 0 0 0 0 0 0 0
0 0 0 0 0 0 0 0 0
0 0 0 0 0 0 0 0 0
0 0 0 0 0 0 0 0 0
0 0 0 0 0 0 0 0 0
0 0 0 0 0 0 0 0 0
0 0 0 0 0 0 0 0 0
0 0 0 0 0 0 0 0 0
0 0 0 0 0 0 0 0 0
0 0 0 0 0 0 0 0 0
0 0 0 0 0 0 0 0 0
0 0 0 0 0 0 0 0 0
0 0 0 0 0 0 0 0 0
0 0 0 0 0 0 0 0 0
0 0 0 0 0 0 0 0 0
0 0 0 0 0 0 0 0 0
0 0 0 0 0 0 0 0 0
0 0 0 0 0 0 0 0 0
0 0 0 0 0 0 0 0 0
0 0 0 0 0 0 0 0 0
0 0 0 0 0 0 0 0 0
0 0 0 0 0 0 0 0 0
0 0 0 0 0 0 0 0 0
0 0 0 0 0 0 0 0 0
0 0 0 0 0 0 0 0 0
0 0 0 0 0 0 0 0 0
0 0 0 0 0 0 0 0 0
0 0 0 0 0 0 0 0 0
0 0 0 0 0 0 0 0 0
0 0 0 0 0 0 0 0 0
0 0 0 0 0 0 0 0 0
0 0 0 0 0 0 0 0 0
0 0 0 0 0 0 0 0 0
0 0 0 0 0 0 0 0 0
0 0 0 0 0 0 0 0 0
0 0 0 0 0 0 0 0 0
0 0 0 0 0 0 0 0 0
0 0 0 0 0 0 0 0 0
0 0 0 0 0 0 0 0 0
0 0 0 0 0 0 0 0 0
0 0 0 0 0 0 0 0 0
0 0 0 0 0 0 0 0 0
0 0 0 0 0 0 0 0 0
0 0 0 0 0 0 0 0 0
0 0 0 0 0 0 0 0 0
0 0 0 0 0 0 0 0 0
0 0 0 0 0 0 0 0 0
0 0 0 0 0 0 0 0 0
0 0 0 0 0 0 0 0 0
0 0 0 0 0 0 0 0 0
0 0 0 0 0 0 0 0 0
0 0 0 0 0 0 0 0 0
0 0 0 0 0 0 0 0 0
0 0 0 0 0 0 0
        </DataArray>
        <DataArray type='Float32' Name='omega' format='ascii'>
316 316 316 316 316 316 316 316 316
316 316 316 316 316 316 316 316 316
316 316 316 316 316 316 316 316 316
316 316 316 316 316 316 316 316 316
316 316 316 316 316 316 316 316 316
316 316 316 316 316 316 316 316 316
316 316 316 316 316 316 316 316 316
316 316 316 316 316 316 316 316 316
316 316 316 316 316 316 316 316 316
316 316 316 316 316 316 316 316 316
316 316 316 316 316 316 316 316 316
316 316 316 316 316 316 316 316 316
316 316 316 316 316 316 316 316 316
316 316 316 316 316 316 316 316 316
316 316 316 316 316 316 316 316 316
316 316 316 316 316 316 316 316 316
316 316 316 316 316 316 316 316 316
316 316 316 316 316 316 316 316 316
316 316 316 316 316 316 316 316 316
316 316 316 316 316 316 316 316 316
316 316 316 316 316 316 316 316 316
316 316 316 316 316 316 316 316 316
316 316 316 316 316 316 316 316 316
316 316 316 316 316 316 316 316 316
316 316 316 316 316 316 316 316 316
316 316 316 316 316 316 316 316 316
316 316 316 316 316 316 316 316 316
316 316 316 316 316 316 316 316 316
316 316 316 316 316 316 316 316 316
316 316 316 316 316 316 316 316 316
316 316 316 316 316 316 316 316 316
316 316 316 316 316 316 316 316 316
316 316 316 316 316 316 316 316 316
316 316 316 316 316 316 316 316 316
316 316 316 316 316 316 316 316 316
316 316 316 316 316 316 316 316 316
316 316 316 316 316 316 316 316 316
316 316 316 316 316 316 316 316 316
316 316 316 316 316 316 316 316 316
316 316 316 316 316 316 316 316 316
316 316 316 316 316 316 316 316 316
316 316 316 316 316 316 316 316 316
316 316 316 316 316 316 316 316 316
316 316 316 316 316 316 316 316 316
316 316 316 316 316 316 316 316 316
316 316 316 316 316 316 316 316 316
316 316 316 316 316 316 316 316 316
316 316 316 316 316 316 316 316 316
316 316 316 316 316 316 316 316 316
316 316 316 316 316 316 316 316 316
316 316 316 316 316 316 316 316 316
316 316 316 316 316 316 316 316 316
316 316 316 316 316 316 316 316 316
316 316 316 316 316 316 316 316 316
316 316 316 316 316 316 316 316 316
316 316 316 316 316 316 316 316 316
316 316 316 316 316 316 316 316 316
316 316 316 316 316 316 316 316 316
316 316 316 316 316 316 316 316 316
316 316 316 316 316 316 316 316 316
316 316 316 316 316 316 316 316 316
316 316 316 316 316 316 316 316 316
316 316 316 316 316 316 316 316 316
316 316 316 316 316 316 316 316 316
316 316 316 316 316 316 316 316 316
316 316 316 316 316 316 316 316 316
316 316 316 316 316 316 316 316 316
316 316 316 316 316 316 316 316 316
316 316 316 316 316 316 316 316 316
316 316 316 316 316 316 316 316 316
316 316 316 316 316 316 316 316 316
316 316 316 316 316 316 316 316 316
316 316 316 316 316 316 316 316 316
316 316 316 316 316 316 316 316 316
316 316 316 316 316 316 316 316 316
316 316 316 316 316 316 316 316 316
316 316 316 316 316 316 316 316 316
316 316 316 316 316 316 316 316 316
316 316 316 316 316 316 316 316 316
316 316 316 316 316 316 316 316 316
316 316 316 316 316 316 316 316 316
316 316 316 316 316 316 316 316 316
316 316 316 316 316 316 316 316 316
316 316 316 316 316 316 316 316 316
316 316 316 316 316 316 316 316 316
316 316 316 316 316 316 316 316 316
316 316 316 316 316 316 316 316 316
316 316 316 316 316 316 316 316 316
316 316 316 316 316 316 316 316 316
316 316 316 316 316 316 316 316 316
316 316 316 316 316 316 316 316 316
316 316 316 316 316 316 316 316 316
316 316 316 316 316 316 316 316 316
316 316 316 316 316 316 316 316 316
316 316 316 316 316 316 316 316 316
316 316 316 316 316 316 316 316 316
316 316 316 316 316 316 316 316 316
316 316 316 316 316 316 316 316 316
316 316 316 316 316 316 316 316 316
316 316 316 316 316 316 316 316 316
316 316 316 316 316 316 316 316 316
316 316 316 316 316 316 316 316 316
316 316 316 316 316 316 316 316 316
316 316 316 316 316 316 316 316 316
316 316 316 316 316 316 316 316 316
316 316 316 316 316 316 316 316 316
316 316 316 316 316 316 316 316 316
316 316 316 316 316 316 316 316 316
316 316 316 316 316 316 316 316 316
316 316 316 316 316 316 316 316 316
316 316 316 316 316 316 316 316 316
316 316 316 316 316 316 316 316 316
316 316 316 316 316 316 316 316 316
316 316 316 316 316 316 316 316 316
316 316 316 316 316 316 316 316 316
316 316 316 316 316 316 316
        </DataArray>
        <DataArray type='Float32' Name='p' format='ascii'>
0 0 0 0 0 0 0 0 0
0 0 0 0 0 0 0 0 0
0 0 0 0 0 0 0 0 0
0 0 0 0 0 0 0 0 0
0 0 0 0 0 0 0 0 0
0 0 0 0 0 0 0 0 0
0 0 0 0 0 0 0 0 0
0 0 0 0 0 0 0 0 0
0 0 0 0 0 0 0 0 0
0 0 0 0 0 0 0 0 0
0 0 0 0 0 0 0 0 0
0 0 0 0 0 0 0 0 0
0 0 0 0 0 0 0 0 0
0 0 0 0 0 0 0 0 0
0 0 0 0 0 0 0 0 0
0 0 0 0 0 0 0 0 0
0 0 0 0 0 0 0 0 0
0 0 0 0 0 0 0 0 0
0 0 0 0 0 0 0 0 0
0 0 0 0 0 0 0 0 0
0 0 0 0 0 0 0 0 0
0 0 0 0 0 0 0 0 0
0 0 0 0 0 0 0 0 0
0 0 0 0 0 0 0 0 0
0 0 0 0 0 0 0 0 0
0 0 0 0 0 0 0 0 0
0 0 0 0 0 0 0 0 0
0 0 0 0 0 0 0 0 0
0 0 0 0 0 0 0 0 0
0 0 0 0 0 0 0 0 0
0 0 0 0 0 0 0 0 0
0 0 0 0 0 0 0 0 0
0 0 0 0 0 0 0 0 0
0 0 0 0 0 0 0 0 0
0 0 0 0 0 0 0 0 0
0 0 0 0 0 0 0 0 0
0 0 0 0 0 0 0 0 0
0 0 0 0 0 0 0 0 0
0 0 0 0 0 0 0 0 0
0 0 0 0 0 0 0 0 0
0 0 0 0 0 0 0 0 0
0 0 0 0 0 0 0 0 0
0 0 0 0 0 0 0 0 0
0 0 0 0 0 0 0 0 0
0 0 0 0 0 0 0 0 0
0 0 0 0 0 0 0 0 0
0 0 0 0 0 0 0 0 0
0 0 0 0 0 0 0 0 0
0 0 0 0 0 0 0 0 0
0 0 0 0 0 0 0 0 0
0 0 0 0 0 0 0 0 0
0 0 0 0 0 0 0 0 0
0 0 0 0 0 0 0 0 0
0 0 0 0 0 0 0 0 0
0 0 0 0 0 0 0 0 0
0 0 0 0 0 0 0 0 0
0 0 0 0 0 0 0 0 0
0 0 0 0 0 0 0 0 0
0 0 0 0 0 0 0 0 0
0 0 0 0 0 0 0 0 0
0 0 0 0 0 0 0 0 0
0 0 0 0 0 0 0 0 0
0 0 0 0 0 0 0 0 0
0 0 0 0 0 0 0 0 0
0 0 0 0 0 0 0 0 0
0 0 0 0 0 0 0 0 0
0 0 0 0 0 0 0 0 0
0 0 0 0 0 0 0 0 0
0 0 0 0 0 0 0 0 0
0 0 0 0 0 0 0 0 0
0 0 0 0 0 0 0 0 0
0 0 0 0 0 0 0 0 0
0 0 0 0 0 0 0 0 0
0 0 0 0 0 0 0 0 0
0 0 0 0 0 0 0 0 0
0 0 0 0 0 0 0 0 0
0 0 0 0 0 0 0 0 0
0 0 0 0 0 0 0 0 0
0 0 0 0 0 0 0 0 0
0 0 0 0 0 0 0 0 0
0 0 0 0 0 0 0 0 0
0 0 0 0 0 0 0 0 0
0 0 0 0 0 0 0 0 0
0 0 0 0 0 0 0 0 0
0 0 0 0 0 0 0 0 0
0 0 0 0 0 0 0 0 0
0 0 0 0 0 0 0 0 0
0 0 0 0 0 0 0 0 0
0 0 0 0 0 0 0 0 0
0 0 0 0 0 0 0 0 0
0 0 0 0 0 0 0 0 0
0 0 0 0 0 0 0 0 0
0 0 0 0 0 0 0 0 0
0 0 0 0 0 0 0 0 0
0 0 0 0 0 0 0 0 0
0 0 0 0 0 0 0 0 0
0 0 0 0 0 0 0 0 0
0 0 0 0 0 0 0 0 0
0 0 0 0 0 0 0 0 0
0 0 0 0 0 0 0 0 0
0 0 0 0 0 0 0 0 0
0 0 0 0 0 0 0 0 0
0 0 0 0 0 0 0 0 0
0 0 0 0 0 0 0 0 0
0 0 0 0 0 0 0 0 0
0 0 0 0 0 0 0 0 0
0 0 0 0 0 0 0 0 0
0 0 0 0 0 0 0 0 0
0 0 0 0 0 0 0 0 0
0 0 0 0 0 0 0 0 0
0 0 0 0 0 0 0 0 0
0 0 0 0 0 0 0 0 0
0 0 0 0 0 0 0 0 0
0 0 0 0 0 0 0 0 0
0 0 0 0 0 0 0 0 0
0 0 0 0 0 0 0
        </DataArray>
        <DataArray type='Float32' Name='C' NumberOfComponents='3' format='ascii'>
-0.899171 0.35 -2.40523e-20 -0.899171 0.35 -2.40523e-20 -0.898341 0.35 -1.34439e-20
-0.898341 0.35 -1.34439e-20 -0.896679 0.35 1.83252e-20 -0.896679 0.35 1.83252e-20
-0.895014 0.35 -4.51902e-20 -0.895014 0.35 -4.51902e-20 -0.893345 0.35 -5.59005e-20
-0.893345 0.35 -5.59005e-20 -0.891673 0.35 -2.41082e-20 -0.891673 0.35 -2.41082e-20
-0.889997 0.35 -3.47281e-20 -0.889997 0.35 -3.47281e-20 -0.888318 0.35 -1.36897e-20
-0.888318 0.35 -1.36897e-20 -0.886635 0.35 7.17032e-21 -0.886635 0.35 7.17032e-21
-0.884948 0.35 -4.50578e-20 -0.884948 0.35 -4.50578e-20 -0.883258 0.35 -2.95849e-20
-0.883258 0.35 -2.95849e-20 -0.881565 0.35 -1.37892e-20 -0.881565 0.35 -1.37892e-20
-0.879868 0.35 -2.95733e-20 -0.879868 0.35 -2.95733e-20 -0.878167 0.35 1.19725e-20
-0.878167 0.35 1.19725e-20 -0.876462 0.35 4.28127e-20 -0.876462 0.35 4.28127e-20
-0.874754 0.35 5.30794e-20 -0.874754 0.35 5.30794e-20 -0.873043 0.35 -1.9219e-20
-0.873043 0.35 -1.9219e-20 -0.871327 0.35 -6.03703e-20 -0.871327 0.35 -6.03703e-20
-0.869608 0.35 -5.52267e-20 -0.869608 0.35 -5.52267e-20 -0.867886 0.35 -4.02673e-21
-0.867886 0.35 -4.02673e-21 -0.86616 0.35 7.2481e-20 -0.86616 0.35 7.2481e-20
-0.86443 0.35 3.67243e-20 -0.86443 0.35 3.67243e-20 -0.862696 0.35 -1.94685e-20
-0.862696 0.35 -1.94685e-20 -0.860959 0.35 4.64399e-20 -0.860959 0.35 4.64399e-20
-0.859218 0.35 9.1872e-20 -0.859218 0.35 9.1872e-20 -0.857473 0.35 -4.27369e-21
-0.857473 0.35 -4.27369e-21 -0.855725 0.35 -9.0167e-20 -0.855725 0.35 -9.0167e-20
-0.853973 0.35 2.05427e-20 -0.853973 0.35 2.05427e-20 -0.852217 0.35 9.58519e-20
-0.852217 0.35 9.58519e-20 -0.850458 0.35 5.45692e-21 -0.850458 0.35 5.45692e-21
-0.848695 0.35 -7.46756e-20 -0.848695 0.35 -7.46756e-20 -0.846928 0.35 -6.46462e-20
-0.846928 0.35 -6.46462e-20 -0.845157 0.35 -5.45953e-20 -0.845157 0.35 -5.45953e-20
-0.843383 0.35 -3.96883e-20 -0.843383 0.35 -3.96883e-20 -0.841605 0.35 -3.46733e-20
-0.841605 0.35 -3.46733e-20 -0.839823 0.35 3.44595e-20 -0.839823 0.35 3.44595e-20
-0.838037 0.35 5.91559e-20 -0.838037 0.35 5.91559e-20 -0.836248 0.35 9.61886e-21
-0.836248 0.35 9.61886e-21 -0.834455 0.35 -5.17277e-21 -0.834455 0.35 -5.17277e-21
-0.832658 0.35 -6.89904e-20 -0.832658 0.35 -6.89904e-20 -0.830857 0.35 -7.87691e-20
-0.830857 0.35 -7.87691e-20 -0.829052 0.35 -2.98366e-20 -0.829052 0.35 -2.98366e-20
-0.827243 0.35 4.80995e-20 -0.827243 0.35 4.80995e-20 -0.825431 0.35 4.31805e-20
-0.825431 0.35 4.31805e-20 -0.823615 0.35 3.31959e-20 -0.823615 0.35 3.31959e-20
-0.821795 0.35 4.13019e-21 -0.821795 0.35 4.13019e-21 -0.819971 0.35 -1.54263e-20
-0.819971 0.35 -1.54263e-20 -0.818143 0.35 -1.53436e-20 -0.818143 0.35 -1.53436e-20
-0.816312 0.35 -4.91564e-20 -0.816312 0.35 -4.91564e-20 -0.814476 0.35 -4.42778e-20
-0.814476 0.35 -4.42778e-20 -0.812637 0.35 -1.21862e-21 -0.812637 0.35 -1.21862e-21
-0.810793 0.35 8.48208e-20 -0.810793 0.35 8.48208e-20 -0.808946 0.35 1.13218e-19
-0.808946 0.35 1.13218e-19 -0.807095 0.35 5.10824e-20 -0.807095 0.35 5.10824e-20
-0.80524 0.35 -3.94205e-20 -0.80524 0.35 -3.94205e-20 -0.803381 0.35 -2.05161e-20
-0.803381 0.35 -2.05161e-20 -0.801518 0.35 3.62597e-20 -0.801518 0.35 3.62597e-20
-0.799651 0.35 5.97211e-20 -0.799651 0.35 5.97211e-20 -0.797781 0.35 3.60102e-20
-0.797781 0.35 3.60102e-20 -0.795906 0.35 7.61256e-21 -0.795906 0.35 7.61256e-21
-0.794027 0.35 5.4397e-20 -0.794027 0.35 5.4397e-20 -0.792144 0.35 3.55927e-20
-0.792144 0.35 3.55927e-20 -0.790258 0.35 1.6648e-20 -0.790258 0.35 1.6648e-20
-0.788367 0.35 -1.13113e-20 -0.788367 0.35 -1.13113e-20 -0.786472 0.35 7.07773e-21
-0.786472 0.35 7.07773e-21 -0.784573 0.35 7.17776e-21 -0.784573 0.35 7.17776e-21
-0.782671 0.35 1.61557e-20 -0.782671 0.35 1.61557e-20 -0.780764 0.35 1.08605e-19
-0.780764 0.35 1.08605e-19 -0.778853 0.35 8.06457e-20 -0.778853 0.35 8.06457e-20
-0.776938 0.35 1.13834e-20 -0.776938 0.35 1.13834e-20 -0.775019 0.35 -3.92827e-20
-0.775019 0.35 -3.92827e-20 -0.773096 0.35 -7.5911e-20 -0.773096 0.35 -7.5911e-20
-0.771169 0.35 -5.3048e-20 -0.771169 0.35 -5.3048e-20 -0.769238 0.35 2.00547e-20
-0.769238 0.35 2.00547e-20 -0.767303 0.35 -3.46166e-20 -0.767303 0.35 -3.46166e-20
-0.765363 0.35 -7.56314e-20 -0.765363 0.35 -7.56314e-20 -0.76342 0.35 1.96597e-20
-0.76342 0.35 1.96597e-20 -0.761472 0.35 1.96801e-20 -0.761472 0.35 1.96801e-20
-0.759521 0.35 -7.07936e-20 -0.759521 0.35 -7.07936e-20 -0.757565 0.35 -1.67553e-20
-0.757565 0.35 -1.67553e-20 -0.755605 0.35 2.8301e-20 -0.755605 0.35 2.8301e-20
-0.753641 0.35 1.1953e-21 -0.753641 0.35 1.1953e-21 -0.751672 0.35 3.69237e-20
-0.751672 0.35 3.69237e-20 -0.7497 0.35 -1.67347e-20 -0.7497 0.35 -1.67347e-20
-0.747723 0.35 -4.81239e-20 -0.747723 0.35 -4.81239e-20 -0.745742 0.35 4.09057e-20
-0.745742 0.35 4.09057e-20 -0.743757 0.35 1.42186e-20 -0.743757 0.35 1.42186e-20
-0.741768 0.35 -3.91395e-20 -0.741768 0.35 -3.91395e-20 -0.739775 0.35 -1.26016e-20
-0.739775 0.35 -1.26016e-20 -0.737777 0.35 4.46756e-20 -0.737777 0.35 4.46756e-20
-0.735775 0.35 7.97862e-20 -0.735775 0.35 7.97862e-20 -0.733769 0.35 7.07478e-20
-0.733769 0.35 7.07478e-20 -0.731758 0.35 8.36632e-20 -0.731758 0.35 8.36632e-20
-0.729744 0.35 9.21814e-20 -0.729744 0.35 9.21814e-20 -0.727725 0.35 9.04572e-21
-0.727725 0.35 9.04572e-21 -0.725702 0.35 -1.73248e-20 -0.725702 0.35 -1.73248e-20
-0.723674 0.35 5.6573e-20 -0.723674 0.35 5.6573e-20 -0.721642 0.35 4.34263e-20
-0.721642 0.35 4.34263e-20 -0.719606 0.35 4.31871e-20 -0.719606 0.35 4.31871e-20
-0.717566 0.35 1.72061e-20 -0.717566 0.35 1.72061e-20 -0.715521 0.35 -6.05392e-20
-0.715521 0.35 -6.05392e-20 -0.713472 0.35 3.93079e-21 -0.713472 0.35 3.93079e-21
-0.711418 0.35 2.54622e-20 -0.711418 0.35 2.54622e-20 -0.709361 0.35 -4.75304e-20
-0.709361 0.35 -4.75304e-20 -0.707299 0.35 -5.60699e-20 -0.707299 0.35 -5.60699e-20
-0.705232 0.35 -1.76704e-20 -0.705232 0.35 -1.76704e-20 -0.703161 0.35 3.62428e-21
-0.703161 0.35 3.62428e-21 -0.701086 0.35 1.20012e-20 -0.701086 0.35 1.20012e-20
-0.699006 0.35 5.85174e-20 -0.699006 0.35 5.85174e-20 -0.696922 0.35 1.19034e-20
-0.696922 0.35 1.19034e-20 -0.694834 0.35 -8.10945e-20 -0.694834 0.35 -8.10945e-20
-0.692741 0.35 -6.00074e-20 -0.692741 0.35 -6.00074e-20 -0.690643 0.35 -3.88744e-20
-0.690643 0.35 -3.88744e-20 -0.688542 0.35 -2.21543e-20 -0.688542 0.35 -2.21543e-20
-0.686435 0.35 -1.37399e-20 -0.686435 0.35 -1.37399e-20 -0.684325 0.35 -5.13888e-20
-0.684325 0.35 -5.13888e-20 -0.682209 0.35 -6.80213e-20 -0.682209 0.35 -6.80213e-20
-0.68009 0.35 -2.22778e-20 -0.68009 0.35 -2.22778e-20 -0.677966 0.35 3.16955e-20
-0.677966 0.35 3.16955e-20 -0.675837 0.35 3.15551e-20 -0.675837 0.35 3.15551e-20
-0.673704 0.35 1.49053e-20 -0.673704 0.35 1.49053e-20 -0.671566 0.35 -2.64218e-20
-0.671566 0.35 -2.64218e-20 -0.669424 0.35 -5.9372e-20 -0.669424 0.35 -5.9372e-20
-0.667277 0.35 -6.754e-20 -0.667277 0.35 -6.754e-20 -0.665126 0.35 -5.11e-20
-0.665126 0.35 -5.11e-20 -0.66297 0.35 -1.83586e-20 -0.66297 0.35 -1.83586e-20
-0.660809 0.35 -3.05842e-20 -0.660809 0.35 -3.05842e-20 -0.658644 0.35 1.87977e-21
-0.658644 0.35 1.87977e-21 -0.656475 0.35 5.99104e-21 -0.656475 0.35 5.99104e-21
-0.654301 0.35 -3.87614e-20 -0.654301 0.35 -3.87614e-20 -0.652122 0.35 1.68289e-21
-0.652122 0.35 1.68289e-21 -0.649938 0.35 -1.44632e-20 -0.649938 0.35 -1.44632e-20
-0.64775 0.35 -3.06965e-20 -0.64775 0.35 -3.06965e-20 -0.645558 0.35 2.15554e-20
-0.645558 0.35 2.15554e-20 -0.64336 0.35 -1.05672e-20 -0.64336 0.35 -1.05672e-20
-0.641158 0.35 -5.87193e-20 -0.641158 0.35 -5.87193e-20 -0.638952 0.35 9.17805e-21
-0.638952 0.35 9.17805e-21 -0.63674 0.35 4.90287e-20 -0.63674 0.35 4.90287e-20
-0.634524 0.35 6.07284e-20 -0.634524 0.35 6.07284e-20 -0.632304 0.35 6.8524e-20
-0.632304 0.35 6.8524e-20 -0.630078 0.35 2.86916e-20 -0.630078 0.35 2.86916e-20
-0.627848 0.35 -3.06957e-20 -0.627848 0.35 -3.06957e-20 -0.625613 0.35 -3.21984e-21
-0.625613 0.35 -3.21984e-21 -0.623374 0.35 1.25905e-20 -0.623374 0.35 1.25905e-20
-0.621129 0.35 -5.82407e-20 -0.621129 0.35 -5.82407e-20 -0.61888 0.35 -7.38832e-20
-0.61888 0.35 -7.38832e-20 -0.616626 0.35 -2.30172e-20 -0.616626 0.35 -2.30172e-20
-0.614368 0.35 3.55388e-20 -0.614368 0.35 3.55388e-20 -0.612104 0.35 6.65261e-20
-0.612104 0.35 6.65261e-20 -0.609836 0.35 5.47171e-20 -0.609836 0.35 5.47171e-20
-0.607563 0.35 -7.52209e-21 -0.607563 0.35 -7.52209e-21 -0.605285 0.35 1.16887e-20
-0.605285 0.35 1.16887e-20 -0.603002 0.35 4.25467e-20 -0.603002 0.35 4.25467e-20
-0.600715 0.35 2.31057e-20 -0.600715 0.35 2.31057e-20 -0.598422 0.35 5.37016e-20
-0.598422 0.35 5.37016e-20 -0.596125 0.35 4.9756e-20 -0.596125 0.35 4.9756e-20
-0.593823 0.35 -2.69961e-20 -0.593823 0.35 -2.69961e-20 -0.591516 0.35 -4.23602e-20
-0.591516 0.35 -4.23602e-20 -0.589204 0.35 3.38733e-20 -0.589204 0.35 3.38733e-20
-0.586888 0.35 4.52436e-20 -0.586888 0.35 4.52436e-20 -0.584566 0.35 4.87773e-20
-0.584566 0.35 4.87773e-20 -0.582239 0.35 6.76199e-20 -0.582239 0.35 6.76199e-20
-0.579908 0.35 3.71363e-20 -0.579908 0.35 3.71363e-20 -0.577571 0.35 4.4513e-20
-0.577571 0.35 4.4513e-20 -0.57523 0.35 3.30887e-20 -0.57523 0.35 3.30887e-20
-0.572884 0.35 -3.83985e-20 -0.572884 0.35 -3.83985e-20 -0.570532 0.35 -3.10063e-20
-0.570532 0.35 -3.10063e-20 -0.568176 0.35 5.87833e-20 -0.568176 0.35 5.87833e-20
-0.565815 0.35 7.35723e-20 -0.565815 0.35 7.35723e-20 -0.563448 0.35 5.09789e-20
-0.563448 0.35 5.09789e-20 -0.561077 0.35 2.10866e-20 -0.561077 0.35 2.10866e-20
-0.558701 0.35 2.38775e-21 -0.558701 0.35 2.38775e-21 -0.556319 0.35 1.7114e-20
-0.556319 0.35 1.7114e-20 -0.553933 0.35 -3.4631e-20 -0.553933 0.35 -3.4631e-20
-0.551541 0.35 9.42123e-21 -0.551541 0.35 9.42123e-21 -0.549145 0.35 8.3025e-20
-0.549145 0.35 8.3025e-20 -0.546743 0.35 5.33848e-20 -0.546743 0.35 5.33848e-20
-0.544336 0.35 3.12489e-20 -0.544336 0.35 3.12489e-20 -0.541925 0.35 1.85802e-21
-0.541925 0.35 1.85802e-21 -0.539508 0.35 4.54789e-20 -0.539508 0.35 4.54789e-20
-0.537086 0.35 9.06762e-21 -0.537086 0.35 9.06762e-21 -0.534658 0.35 2.32976e-20
-0.534658 0.35 2.32976e-20 -0.532226 0.35 9.57881e-20 -0.532226 0.35 9.57881e-20
-0.529789 0.35 8.82259e-20 -0.529789 0.35 8.82259e-20 -0.527346 0.35 4.47588e-20
-0.527346 0.35 4.47588e-20 -0.524898 0.35 -6.34538e-20 -0.524898 0.35 -6.34538e-20
-0.522445 0.35 -6.05773e-21 -0.522445 0.35 -6.05773e-21 -0.519987 0.35 -5.90261e-21
-0.519987 0.35 -5.90261e-21 -0.517523 0.35 2.24139e-20 -0.517523 0.35 2.24139e-20
-0.515055 0.35 1.36698e-19 -0.515055 0.35 1.36698e-19 -0.512581 0.35 8.64792e-20
-0.512581 0.35 8.64792e-20 -0.510102 0.35 7.90437e-20 -0.510102 0.35 7.90437e-20
-0.507617 0.35 1.07216e-19 -0.507617 0.35 1.07216e-19 -0.505128 0.35 1.13988e-19
-0.505128 0.35 1.13988e-19 -0.502633 0.35 9.95734e-20 -0.502633 0.35 9.95734e-20
-0.500133 0.35 -1.34442e-20 -0.500133 0.35 -1.34442e-20 -0.497627 0.35 -1.26136e-19
-0.497627 0.35 -1.26136e-19 -0.495116 0.35 -2.07887e-20 -0.495116 0.35 -2.07887e-20
-0.4926 0.35 7.7431e-20 -0.4926 0.35 7.7431e-20 -0.490079 0.35 9.80847e-20
-0.490079 0.35 9.80847e-20 -0.487552 0.35 2.82203e-20 -0.487552 0.35 2.82203e-20
-0.48502 0.35 3.47869e-20 -0.48502 0.35 3.47869e-20 -0.482482 0.35 1.59818e-19
-0.482482 0.35 1.59818e-19 -0.479939 0.35 6.93854e-20 -0.479939 0.35 6.93854e-20
-0.477391 0.35 -8.30503e-20 -0.477391 0.35 -8.30503e-20 -0.474837 0.35 -4.86042e-20
-0.474837 0.35 -4.86042e-20 -0.472278 0.35 3.42035e-20 -0.472278 0.35 3.42035e-20
-0.469714 0.35 4.08946e-20 -0.469714 0.35 4.08946e-20 -0.467144 0.35 1.16149e-19
-0.467144 0.35 1.16149e-19 -0.464568 0.35 6.80867e-20 -0.464568 0.35 6.80867e-20
-0.461988 0.35 1.30658e-20 -0.461988 0.35 1.30658e-20 -0.459401 0.35 1.30674e-20
-0.459401 0.35 1.30674e-20 -0.456809 0.35 -5.50767e-20 -0.456809 0.35 -5.50767e-20
-0.454212 0.35 -6.18571e-20 -0.454212 0.35 -6.18571e-20 -0.451609 0.35 -8.82233e-22
-0.451609 0.35 -8.82233e-22 -0.449001 0.35 1.94013e-20 -0.449001 0.35 1.94013e-20
-0.446387 0.35 4.61759e-20 -0.446387 0.35 4.61759e-20 -0.443768 0.35 -2.11045e-20
-0.443768 0.35 -2.11045e-20 -0.441143 0.35 -1.01893e-19 -0.441143 0.35 -1.01893e-19
-0.438512 0.35 5.44148e-21 -0.438512 0.35 5.44148e-21 -0.435876 0.35 5.50058e-21
-0.435876 0.35 5.50058e-21 -0.433235 0.35 1.19378e-20 -0.433235 0.35 1.19378e-20
-0.430587 0.35 7.18627e-20 -0.430587 0.35 7.18627e-20 -0.427934 0.35 4.5058e-20
-0.427934 0.35 4.5058e-20 -0.425276 0.35 -4.78704e-20 -0.425276 0.35 -4.78704e-20
-0.422612 0.35 -9.42811e-20 -0.422612 0.35 -9.42811e-20 -0.419942 0.35 -8.08926e-20
-0.419942 0.35 -8.08926e-20 -0.417267 0.35 1.78884e-20 -0.417267 0.35 1.78884e-20
-0.414586 0.35 3.11677e-20 -0.414586 0.35 3.11677e-20 -0.411899 0.35 -1.13384e-19
-0.411899 0.35 -1.13384e-19 -0.409206 0.35 -1.52012e-20 -0.409206 0.35 -1.52012e-20
-0.406508 0.35 9.5999e-20 -0.406508 0.35 9.5999e-20 -0.403804 0.35 -2.01994e-21
-0.403804 0.35 -2.01994e-21 -0.401095 0.35 -1.52406e-20 -0.401095 0.35 -1.52406e-20
-0.398379 0.35 4.96934e-20 -0.398379 0.35 4.96934e-20 -0.395658 0.35 6.89425e-20
-0.395658 0.35 6.89425e-20 -0.392931 0.35 1.06336e-20 -0.392931 0.35 1.06336e-20
-0.390199 0.35 -8.94684e-21 -0.390199 0.35 -8.94684e-21 -0.38746 0.35 6.18423e-20
-0.38746 0.35 6.18423e-20 -0.384716 0.35 7.4513e-20 -0.384716 0.35 7.4513e-20
-0.381966 0.35 8.06713e-20 -0.381966 0.35 8.06713e-20 -0.37921 0.35 -2.17775e-20
-0.37921 0.35 -2.17775e-20 -0.376448 0.35 -4.75566e-20 -0.376448 0.35 -4.75566e-20
-0.373681 0.35 7.3551e-20 -0.373681 0.35 7.3551e-20 -0.370907 0.35 1.05136e-19
-0.370907 0.35 1.05136e-19 -0.368128 0.35 1.30183e-19 -0.368128 0.35 1.30183e-19
-0.365343 0.35 7.29887e-20 -0.365343 0.35 7.29887e-20 -0.362552 0.35 -7.25205e-20
-0.362552 0.35 -7.25205e-20 -0.359755 0.35 -1.41828e-19 -0.359755 0.35 -1.41828e-19
-0.356952 0.35 -1.03921e-19 -0.356952 0.35 -1.03921e-19 -0.354143 0.35 4.05058e-20
-0.354143 0.35 4.05058e-20 -0.351328 0.35 5.93301e-20 -0.351328 0.35 5.93301e-20
-0.348507 0.35 -5.96508e-20 -0.348507 0.35 -5.96508e-20 -0.34568 0.35 8.84308e-21
-0.34568 0.35 8.84308e-21 -0.342847 0.35 1.51954e-20 -0.342847 0.35 1.51954e-20
-0.340009 0.35 -2.23422e-20 -0.340009 0.35 -2.23422e-20 -0.337164 0.35 9.53722e-20
-0.337164 0.35 9.53722e-20 -0.334313 0.35 1.07571e-19 -0.334313 0.35 1.07571e-19
-0.331456 0.35 -1.60969e-20 -0.331456 0.35 -1.60969e-20 -0.328593 0.35 -1.14719e-19
-0.328593 0.35 -1.14719e-19 -0.325724 0.35 -5.93512e-20 -0.325724 0.35 -5.93512e-20
-0.322849 0.35 2.66051e-20 -0.322849 0.35 2.66051e-20 -0.319968 0.35 -4.07269e-20
-0.319968 0.35 -4.07269e-20 -0.317081 0.35 -1.2017e-19 -0.317081 0.35 -1.2017e-19
-0.314187 0.35 -1.32161e-19 -0.314187 0.35 -1.32161e-19 -0.311288 0.35 -8.33968e-20
-0.311288 0.35 -8.33968e-20 -0.308382 0.35 -6.49822e-20 -0.308382 0.35 -6.49822e-20
-0.30547 0.35 7.55856e-21 -0.30547 0.35 7.55856e-21 -0.302552 0.35 7.40975e-20
-0.302552 0.35 7.40975e-20 -0.299628 0.35 -5.26948e-20 -0.299628 0.35 -5.26948e-20
-0.296698 0.35 -8.88802e-20 -0.296698 0.35 -8.88802e-20 -0.293761 0.35 3.12526e-20
-0.293761 0.35 3.12526e-20 -0.290818 0.35 7.34675e-21 -0.290818 0.35 7.34675e-21
-0.287869 0.35 -8.84984e-20 -0.287869 0.35 -8.84984e-20 -0.284914 0.35 -3.47461e-20
-0.284914 0.35 -3.47461e-20 -0.281952 0.35 3.07609e-20 -0.281952 0.35 3.07609e-20
-0.278985 0.35 4.84608e-20 -0.278985 0.35 4.84608e-20 -0.276011 0.35 6.6047e-20
-0.276011 0.35 6.6047e-20 -0.27303 0.35 5.4056e-20 -0.27303 0.35 5.4056e-20
-0.270043 0.35 1.25348e-20 -0.270043 0.35 1.25348e-20 -0.26705 0.35 -6.40723e-20
-0.26705 0.35 -6.40723e-20 -0.264051 0.35 4.2842e-22 -0.264051 0.35 4.2842e-22
-0.261045 0.35 6.49165e-21 -0.261045 0.35 6.49165e-21 -0.258033 0.35 -4.6475e-20
-0.258033 0.35 -4.6475e-20 -0.255014 0.35 1.78711e-20 -0.255014 0.35 1.78711e-20
-0.25199 0.35 5.84962e-20 -0.25199 0.35 5.84962e-20 -0.248958 0.35 9.90626e-20
-0.248958 0.35 9.90626e-20 -0.245921 0.35 3.50038e-20 -0.245921 0.35 3.50038e-20
-0.242876 0.35 5.78687e-20 -0.242876 0.35 5.78687e-20 -0.239826 0.35 9.82534e-20
-0.239826 0.35 9.82534e-20 -0.236769 0.35 -1.15547e-20 -0.236769 0.35 -1.15547e-20
-0.233705 0.35 -6.34833e-20 -0.233705 0.35 -6.34833e-20 -0.230635 0.35 1.69139e-20
-0.230635 0.35 1.69139e-20 -0.227558 0.35 6.27294e-20 -0.227558 0.35 6.27294e-20
-0.224475 0.35 2.25063e-20 -0.224475 0.35 2.25063e-20 -0.221386 0.35 -5.17554e-20
-0.221386 0.35 -5.17554e-20 -0.21829 0.35 -1.1439e-19 -0.21829 0.35 -1.1439e-19
-0.215187 0.35 -9.72207e-20 -0.215187 0.35 -9.72207e-20 -0.212077 0.35 -4.60578e-20
-0.212077 0.35 -4.60578e-20 -0.208962 0.35 -6.42583e-21 -0.208962 0.35 -6.42583e-21
-0.205839 0.35 7.25017e-20 -0.205839 0.35 7.25017e-20 -0.20271 0.35 4.88049e-21
-0.20271 0.35 4.88049e-21 -0.199574 0.35 -1.02178e-19 -0.199574 0.35 -1.02178e-19
-0.196432 0.35 -5.1554e-20 -0.196432 0.35 -5.1554e-20 -0.193283 0.35 1.00519e-20
-0.193283 0.35 1.00519e-20 -0.190127 0.35 8.81493e-20 -0.190127 0.35 8.81493e-20
-0.186965 0.35 6.01454e-20 -0.186965 0.35 6.01454e-20 -0.183796 0.35 2.08934e-20
-0.183796 0.35 2.08934e-20 -0.18062 0.35 8.73837e-20 -0.18062 0.35 8.73837e-20
-0.177437 0.35 6.5066e-20 -0.177437 0.35 6.5066e-20 -0.174248 0.35 -4.01677e-20
-0.174248 0.35 -4.01677e-20 -0.171052 0.35 -1.27162e-20 -0.171052 0.35 -1.27162e-20
-0.167849 0.35 -3.4587e-20 -0.167849 0.35 -3.4587e-20 -0.164639 0.35 -6.77192e-20
-0.164639 0.35 -6.77192e-20 -0.161423 0.35 -1.82348e-20 -0.161423 0.35 -1.82348e-20
-0.1582 0.35 1.99362e-20 -0.1582 0.35 1.99362e-20 -0.15497 0.35 7.44544e-20
-0.15497 0.35 7.44544e-20 -0.151733 0.35 9.05435e-20 -0.151733 0.35 9.05435e-20
-0.148489 0.35 1.01171e-19 -0.148489 0.35 1.01171e-19 -0.145238 0.35 -1.83021e-20
-0.145238 0.35 -1.83021e-20 -0.141981 0.35 -8.34502e-20 -0.141981 0.35 -8.34502e-20
-0.138716 0.35 3.54291e-20 -0.138716 0.35 3.54291e-20 -0.135445 0.35 5.69638e-20
-0.135445 0.35 5.69638e-20 -0.132167 0.35 2.44369e-20 -0.132167 0.35 2.44369e-20
-0.128882 0.35 5.11467e-20 -0.128882 0.35 5.11467e-20 -0.125589 0.35 -2.49793e-21
-0.125589 0.35 -2.49793e-21 -0.12229 0.35 -8.27653e-20 -0.12229 0.35 -8.27653e-20
-0.118984 0.35 -8.26984e-20 -0.118984 0.35 -8.26984e-20 -0.115671 0.35 2.37334e-20
-0.115671 0.35 2.37334e-20 -0.112351 0.35 8.2145e-20 -0.112351 0.35 8.2145e-20
-0.109023 0.35 3.94902e-20 -0.109023 0.35 3.94902e-20 -0.105689 0.35 7.09972e-20
-0.105689 0.35 7.09972e-20 -0.102348 0.35 7.62586e-21 -0.102348 0.35 7.62586e-21
-0.0989994 0.35 -3.21023e-21 -0.0989994 0.35 -3.21023e-21 -0.0956439 0.35 -1.35666e-20
-0.0956439 0.35 -1.35666e-20 -0.0922813 0.35 -4.00223e-20 -0.0922813 0.35 -4.00223e-20
-0.0889116 0.35 1.2415e-20 -0.0889116 0.35 1.2415e-20 -0.0855347 0.35 -3.98862e-20
-0.0855347 0.35 -3.98862e-20 -0.0821506 0.35 -3.50775e-21 -0.0821506 0.35 -3.50775e-21
-0.0787594 0.35 1.21394e-20 -0.0787594 0.35 1.21394e-20 -0.075361 0.35 -2.43315e-20
-0.075361 0.35 -2.43315e-20 -0.0719554 0.35 -8.81938e-21 -0.0719554 0.35 -8.81938e-21
-0.0685426 0.35 -3.46607e-20 -0.0685426 0.35 -3.46607e-20 -0.0651226 0.35 -5.53228e-20
-0.0651226 0.35 -5.53228e-20 -0.0616953 0.35 -9.01677e-21 -0.0616953 0.35 -9.01677e-21
-0.0582607 0.35 -3.46274e-20 -0.0582607 0.35 -3.46274e-20 -0.0548189 0.35 -6.03418e-20
-0.0548189 0.35 -6.03418e-20 -0.0513697 0.35 -2.44728e-20 -0.0513697 0.35 -2.44728e-20
-0.0479133 0.35 2.13557e-20 -0.0479133 0.35 2.13557e-20 -0.0444495 0.35 6.70901e-20
-0.0444495 0.35 6.70901e-20 -0.0409784 0.35 7.19478e-20 -0.0409784 0.35 7.19478e-20
-0.0375 0.35 5.65467e-20 -0.0375 0.35 5.65467e-20 -0.0340141 0.35 5.79469e-21
-0.0340141 0.35 5.79469e-21 -0.0305209 0.35 -7.501e-20 -0.0305209 0.35 -7.501e-20
-0.0270203 0.35 -5.49139e-20 -0.0270203 0.35 -5.49139e-20 -0.0235123 0.35 -4.52256e-21
-0.0235123 0.35 -4.52256e-21 -0.0199968 0.35 1.03966e-20 -0.0199968 0.35 1.03966e-20
-0.0164739 0.35 4.03676e-20 -0.0164739 0.35 4.03676e-20 -0.0129435 0.35 5.28373e-21
-0.0129435 0.35 5.28373e-21 -0.00940564 0.35 1.5679e-22 -0.00940564 0.35 1.5679e-22
-0.00586028 0.35 5.97374e-20 -0.00586028 0.35 5.97374e-20 -0.0023074 0.35 1.39445e-22
-0.0023074 0.35 1.39445e-22 0.001253 0.35 -4.46507e-20 0.001253 0.35 -4.46507e-20
0.00482095 0.35 -1.04724e-22 0.00482095 0.35 -1.04724e-22 0.00839645 0.35 5.89089e-20
0.00839645 0.35 5.89089e-20 0.0119795 0.35 1.17823e-19 0.0119795 0.35 1.17823e-19
0.0155702 0.35 1.94102e-20 0.0155702 0.35 1.94102e-20 0.0191685 0.35 -6.89926e-20
0.0191685 0.35 -6.89926e-20 0.0227744 0.35 -7.37926e-20 0.0227744 0.35 -7.37926e-20
0.026388 0.35 1.39817e-20 0.026388 0.35 1.39817e-20 0.0300092 0.35 6.75804e-20
0.0300092 0.35 6.75804e-20 0.0336381 0.35 5.27116e-20 0.0336381 0.35 5.27116e-20
0.0372746 0.35 3.8064e-20 0.0372746 0.35 3.8064e-20 0.0409189 0.35 3.99207e-21
0.0409189 0.35 3.99207e-21 0.0445709 0.35 3.28612e-20 0.0445709 0.35 3.28612e-20
0.0482306 0.35 8.70324e-21 0.0482306 0.35 8.70324e-21 0.0518981 0.35 -2.50919e-20
0.0518981 0.35 -2.50919e-20 0.0555734 0.35 2.28198e-20 0.0555734 0.35 2.28198e-20
0.0592565 0.35 5.14678e-20 0.0592565 0.35 5.14678e-20 0.0629473 0.35 7.989e-20
0.0629473 0.35 7.989e-20 0.066646 0.35 2.73625e-20 0.066646 0.35 2.73625e-20
0.0703525 0.35 -4.89778e-20 0.0703525 0.35 -4.89778e-20 0.0740669 0.35 3.64155e-20
0.0740669 0.35 3.64155e-20 0.0777891 0.35 6.00738e-20 0.0777891 0.35 6.00738e-20
0.0815193 0.35 -4.4084e-20 0.0815193 0.35 -4.4084e-20 0.0852573 0.35 -7.2452e-20
0.0852573 0.35 -7.2452e-20 0.0890033 0.35 7.60148e-21 0.0890033 0.35 7.60148e-21
0.0927571 0.35 -6.44715e-21 0.0927571 0.35 -6.44715e-21 0.096519 0.35 -1.60122e-20
0.096519 0.35 -1.60122e-20 0.100289 0.35 2.75492e-21 0.100289 0.35 2.75492e-21
0.104067 0.35 -2.06706e-21 0.104067 0.35 -2.06706e-21 0.107852 0.35 2.58653e-21
0.107852 0.35 2.58653e-21 0.111646 0.35 1.63707e-20 0.111646 0.35 1.63707e-20
0.115448 0.35 5.34066e-20 0.115448 0.35 5.34066e-20 0.119258 0.35 -1.61162e-20
0.119258 0.35 -1.61162e-20 0.123076 0.35 -2.55211e-20 0.123076 0.35 -2.55211e-20
0.126902 0.35 5.74208e-20 0.126902 0.35 5.74208e-20 0.130736 0.35 5.2694e-20
0.130736 0.35 5.2694e-20 0.134579 0.35 1.57765e-20 0.134579 0.35 1.57765e-20
0.138429 0.35 -2.54981e-20 0.138429 0.35 -2.54981e-20 0.142288 0.35 -5.75416e-20
0.142288 0.35 -5.75416e-20 0.146155 0.35 1.08233e-20 0.146155 0.35 1.08233e-20
0.15003 0.35 6.08523e-20 0.15003 0.35 6.08523e-20 0.153913 0.35 1.67143e-21
0.153913 0.35 1.67143e-21 0.157804 0.35 -6.18541e-20 0.157804 0.35 -6.18541e-20
0.161704 0.35 -9.3444e-20 0.161704 0.35 -9.3444e-20 0.165612 0.35 1.27294e-21
0.165612 0.35 1.27294e-21 0.169528 0.35 5.98859e-20 0.169528 0.35 5.98859e-20
0.173453 0.35 -4.81055e-20 0.173453 0.35 -4.81055e-20 0.177385 0.35 -3.02959e-20
0.177385 0.35 -3.02959e-20 0.181327 0.35 -3.33123e-21 0.181327 0.35 -3.33123e-21
0.185276 0.35 2.32449e-20 0.185276 0.35 2.32449e-20 0.189234 0.35 3.21866e-20
0.189234 0.35 3.21866e-20 0.1932 0.35 -4.35736e-20 0.1932 0.35 -4.35736e-20
0.197175 0.35 -6.12949e-20 0.197175 0.35 -6.12949e-20 0.201158 0.35 -3.03126e-20
0.201158 0.35 -3.03126e-20 0.20515 0.35 2.27028e-20 0.20515 0.35 2.27028e-20
0.20915 0.35 3.14148e-20 0.20915 0.35 3.14148e-20 0.213158 0.35 -2.58412e-20
0.213158 0.35 -2.58412e-20 0.217175 0.35 -1.28251e-20 0.217175 0.35 -1.28251e-20
0.221201 0.35 -1.27269e-20 0.221201 0.35 -1.27269e-20 0.225235 0.35 -9.14875e-20
0.225235 0.35 -9.14875e-20 0.229277 0.35 -3.04155e-20 0.229277 0.35 -3.04155e-20
0.233328 0.35 -2.59152e-20 0.233328 0.35 -2.59152e-20 0.237388 0.35 -5.64482e-20
0.237388 0.35 -5.64482e-20 0.241456 0.35 3.02474e-20 0.241456 0.35 3.02474e-20
0.245533 0.35 -1.84358e-23 0.245533 0.35 -1.84358e-23 0.249619 0.35 -2.61222e-20
0.249619 0.35 -2.61222e-20 0.253713 0.35 -3.03273e-20 0.253713 0.35 -3.03273e-20
0.257816 0.35 -4.70939e-21 0.257816 0.35 -4.70939e-21 0.261928 0.35 -1.31586e-20
0.261928 0.35 -1.31586e-20 0.266048 0.35 -1.03147e-19 0.266048 0.35 -1.03147e-19
0.270177 0.35 -9.18258e-21 0.270177 0.35 -9.18258e-21 0.274315 0.35 -4.77448e-21
0.274315 0.35 -4.77448e-21 0.278462 0.35 -9.84577e-20 0.278462 0.35 -9.84577e-20
0.282617 0.35 -8.13821e-20 0.282617 0.35 -8.13821e-20 0.286781 0.35 7.56318e-21
0.286781 0.35 7.56318e-21 0.290954 0.35 3.29406e-20 0.290954 0.35 3.29406e-20
0.295136 0.35 -4.3088e-20 0.295136 0.35 -4.3088e-20 0.299327 0.35 -5.3283e-21
0.299327 0.35 -5.3283e-21 0.303526 0.35 5.76607e-20 0.303526 0.35 5.76607e-20
0.307735 0.35 -2.20499e-20 0.307735 0.35 -2.20499e-20 0.311952 0.35 -8.90366e-20
0.311952 0.35 -8.90366e-20 0.316178 0.35 -8.05797e-20 0.316178 0.35 -8.05797e-20
0.320414 0.35 -1.81102e-20 0.320414 0.35 -1.81102e-20 0.324658 0.35 4.83633e-20
0.324658 0.35 4.83633e-20 0.328911 0.35 3.1646e-20 0.328911 0.35 3.1646e-20
0.333173 0.35 1.4926e-20 0.333173 0.35 1.4926e-20 0.337445 0.35 2.72068e-20
0.337445 0.35 2.72068e-20 0.341725 0.35 5.99953e-20 0.341725 0.35 5.99953e-20
0.346014 0.35 5.57535e-20 0.346014 0.35 5.57535e-20 0.350313 0.35 -3.05346e-20
0.350313 0.35 -3.05346e-20 0.354621 0.35 -8.78893e-20 0.354621 0.35 -8.78893e-20
0.358937 0.35 -4.29159e-20 0.358937 0.35 -4.29159e-20 0.363263 0.35 3.0478e-20
0.363263 0.35 3.0478e-20 0.367598 0.35 3.03942e-20 0.367598 0.35 3.03942e-20
0.371943 0.35 -3.05963e-20 0.371943 0.35 -3.05963e-20 0.376296 0.35 -3.47303e-20
0.376296 0.35 -3.47303e-20 0.380659 0.35 2.99196e-20 0.380659 0.35 2.99196e-20
0.385031 0.35 6.20752e-20 0.385031 0.35 6.20752e-20 0.389412 0.35 6.58897e-20
0.389412 0.35 6.58897e-20 0.393802 0.35 2.558e-20 0.393802 0.35 2.558e-20
0.398202 0.35 1.73507e-20 0.398202 0.35 1.73507e-20 0.402611 0.35 3.32949e-20
0.402611 0.35 3.32949e-20 0.40703 0.35 4.50626e-20 0.40703 0.35 4.50626e-20
0.411457 0.35 5.2918e-20 0.411457 0.35 5.2918e-20 0.415894 0.35 -6.84549e-21
0.415894 0.35 -6.84549e-21 0.420341 0.35 4.89645e-21 0.420341 0.35 4.89645e-21
0.424797 0.35 -1.87916e-20 0.424797 0.35 -1.87916e-20 0.429263 0.35 -3.20983e-21
0.429263 0.35 -3.20983e-21 0.433737 0.35 6.38091e-20 0.433737 0.35 6.38091e-20
0.438222 0.35 1.64383e-20 0.438222 0.35 1.64383e-20 0.442716 0.35 2.41058e-20
0.442716 0.35 2.41058e-20 0.447219 0.35 -3.31032e-21 0.447219 0.35 -3.31032e-21
0.451732 0.35 -1.52205e-20 0.451732 0.35 -1.52205e-20 0.456255 0.35 2.37854e-20
0.456255 0.35 2.37854e-20 0.460787 0.35 5.08325e-20 0.460787 0.35 5.08325e-20
0.465328 0.35 2.74758e-20 0.465328 0.35 2.74758e-20 0.46988 0.35 -7.61273e-21
0.46988 0.35 -7.61273e-21 0.474441 0.35 -1.14705e-20 0.474441 0.35 -1.14705e-20
0.479011 0.35 -3.07716e-23 0.479011 0.35 -3.07716e-23 0.483592 0.35 6.53436e-20
0.483592 0.35 6.53436e-20 0.488182 0.35 1.14765e-20 0.488182 0.35 1.14765e-20
0.492782 0.35 -7.68375e-20 0.492782 0.35 -7.68375e-20 0.497391 0.35 -2.7114e-20
0.497391 0.35 -2.7114e-20 0.50201 0.35 1.49368e-20 0.50201 0.35 1.49368e-20
0.506639 0.35 3.37791e-21 0.506639 0.35 3.37791e-21 0.511278 0.35 -4.8149e-22
0.511278 0.35 -4.8149e-22 0.515927 0.35 -3.84569e-20 0.515927 0.35 -3.84569e-20
0.520586 0.35 -4.60675e-20 0.520586 0.35 -4.60675e-20 0.525254 0.35 -1.9599e-20
0.525254 0.35 -1.9599e-20 0.529932 0.35 2.96868e-21 0.529932 0.35 2.96868e-21
0.534621 0.35 -1.96125e-20 0.534621 0.35 -1.96125e-20 0.539319 0.35 -3.47195e-20
0.539319 0.35 -3.47195e-20 0.544027 0.35 -3.46694e-20 0.544027 0.35 -3.46694e-20
0.548745 0.35 1.00653e-20 0.548745 0.35 1.00653e-20 0.553473 0.35 1.01202e-20
0.553473 0.35 1.01202e-20 0.558211 0.35 -4.21519e-20 0.558211 0.35 -4.21519e-20
0.562959 0.35 -4.58115e-20 0.562959 0.35 -4.58115e-20 0.567717 0.35 -3.47275e-20
0.567717 0.35 -3.47275e-20 0.572486 0.35 -9.37457e-20 0.572486 0.35 -9.37457e-20
0.577264 0.35 -1.30668e-19 0.577264 0.35 -1.30668e-19 0.582053 0.35 -6.41611e-20
0.582053 0.35 -6.41611e-20 0.586851 0.35 -3.47109e-20 0.586851 0.35 -3.47109e-20
0.59166 0.35 1.93816e-21 0.59166 0.35 1.93816e-21 0.596479 0.35 5.30641e-20
0.596479 0.35 5.30641e-20 0.601309 0.35 -2.72717e-20 0.601309 0.35 -2.72717e-20
0.606148 0.35 -1.22131e-19 0.606148 0.35 -1.22131e-19 0.610998 0.35 -8.56062e-20
0.610998 0.35 -8.56062e-20 0.615858 0.35 -7.09576e-20 0.615858 0.35 -7.09576e-20
0.620728 0.35 -5.64355e-20 0.620728 0.35 -5.64355e-20 0.625609 0.35 -7.79876e-20
0.625609 0.35 -7.79876e-20 0.6305 0.35 -5.99012e-21 0.6305 0.35 -5.99012e-21
0.635401 0.35 1.57617e-20 0.635401 0.35 1.57617e-20 0.640313 0.35 -6.06326e-21
0.640313 0.35 -6.06326e-21 0.645235 0.35 -3.45823e-20 0.645235 0.35 -3.45823e-20
0.650167 0.35 -1.3476e-19 0.650167 0.35 -1.3476e-19 0.65511 0.35 -1.48798e-19
0.65511 0.35 -1.48798e-19 0.660064 0.35 -4.90567e-20 0.660064 0.35 -4.90567e-20
0.665028 0.35 -3.45831e-20 0.665028 0.35 -3.45831e-20 0.667513 0.35 -1.34022e-19
0.667513 0.35 -1.34022e-19
        </DataArray>
        <DataArray type='Float32' Name='U' NumberOfComponents='3' format='ascii'>
34.6 0 0 34.6 0 0 34.6 0 0
34.6 0 0 34.6 0 0 34.6 0 0
34.6 0 0 34.6 0 0 34.6 0 0
34.6 0 0 34.6 0 0 34.6 0 0
34.6 0 0 34.6 0 0 34.6 0 0
34.6 0 0 34.6 0 0 34.6 0 0
34.6 0 0 34.6 0 0 34.6 0 0
34.6 0 0 34.6 0 0 34.6 0 0
34.6 0 0 34.6 0 0 34.6 0 0
34.6 0 0 34.6 0 0 34.6 0 0
34.6 0 0 34.6 0 0 34.6 0 0
34.6 0 0 34.6 0 0 34.6 0 0
34.6 0 0 34.6 0 0 34.6 0 0
34.6 0 0 34.6 0 0 34.6 0 0
34.6 0 0 34.6 0 0 34.6 0 0
34.6 0 0 34.6 0 0 34.6 0 0
34.6 0 0 34.6 0 0 34.6 0 0
34.6 0 0 34.6 0 0 34.6 0 0
34.6 0 0 34.6 0 0 34.6 0 0
34.6 0 0 34.6 0 0 34.6 0 0
34.6 0 0 34.6 0 0 34.6 0 0
34.6 0 0 34.6 0 0 34.6 0 0
34.6 0 0 34.6 0 0 34.6 0 0
34.6 0 0 34.6 0 0 34.6 0 0
34.6 0 0 34.6 0 0 34.6 0 0
34.6 0 0 34.6 0 0 34.6 0 0
34.6 0 0 34.6 0 0 34.6 0 0
34.6 0 0 34.6 0 0 34.6 0 0
34.6 0 0 34.6 0 0 34.6 0 0
34.6 0 0 34.6 0 0 34.6 0 0
34.6 0 0 34.6 0 0 34.6 0 0
34.6 0 0 34.6 0 0 34.6 0 0
34.6 0 0 34.6 0 0 34.6 0 0
34.6 0 0 34.6 0 0 34.6 0 0
34.6 0 0 34.6 0 0 34.6 0 0
34.6 0 0 34.6 0 0 34.6 0 0
34.6 0 0 34.6 0 0 34.6 0 0
34.6 0 0 34.6 0 0 34.6 0 0
34.6 0 0 34.6 0 0 34.6 0 0
34.6 0 0 34.6 0 0 34.6 0 0
34.6 0 0 34.6 0 0 34.6 0 0
34.6 0 0 34.6 0 0 34.6 0 0
34.6 0 0 34.6 0 0 34.6 0 0
34.6 0 0 34.6 0 0 34.6 0 0
34.6 0 0 34.6 0 0 34.6 0 0
34.6 0 0 34.6 0 0 34.6 0 0
34.6 0 0 34.6 0 0 34.6 0 0
34.6 0 0 34.6 0 0 34.6 0 0
34.6 0 0 34.6 0 0 34.6 0 0
34.6 0 0 34.6 0 0 34.6 0 0
34.6 0 0 34.6 0 0 34.6 0 0
34.6 0 0 34.6 0 0 34.6 0 0
34.6 0 0 34.6 0 0 34.6 0 0
34.6 0 0 34.6 0 0 34.6 0 0
34.6 0 0 34.6 0 0 34.6 0 0
34.6 0 0 34.6 0 0 34.6 0 0
34.6 0 0 34.6 0 0 34.6 0 0
34.6 0 0 34.6 0 0 34.6 0 0
34.6 0 0 34.6 0 0 34.6 0 0
34.6 0 0 34.6 0 0 34.6 0 0
34.6 0 0 34.6 0 0 34.6 0 0
34.6 0 0 34.6 0 0 34.6 0 0
34.6 0 0 34.6 0 0 34.6 0 0
34.6 0 0 34.6 0 0 34.6 0 0
34.6 0 0 34.6 0 0 34.6 0 0
34.6 0 0 34.6 0 0 34.6 0 0
34.6 0 0 34.6 0 0 34.6 0 0
34.6 0 0 34.6 0 0 34.6 0 0
34.6 0 0 34.6 0 0 34.6 0 0
34.6 0 0 34.6 0 0 34.6 0 0
34.6 0 0 34.6 0 0 34.6 0 0
34.6 0 0 34.6 0 0 34.6 0 0
34.6 0 0 34.6 0 0 34.6 0 0
34.6 0 0 34.6 0 0 34.6 0 0
34.6 0 0 34.6 0 0 34.6 0 0
34.6 0 0 34.6 0 0 34.6 0 0
34.6 0 0 34.6 0 0 34.6 0 0
34.6 0 0 34.6 0 0 34.6 0 0
34.6 0 0 34.6 0 0 34.6 0 0
34.6 0 0 34.6 0 0 34.6 0 0
34.6 0 0 34.6 0 0 34.6 0 0
34.6 0 0 34.6 0 0 34.6 0 0
34.6 0 0 34.6 0 0 34.6 0 0
34.6 0 0 34.6 0 0 34.6 0 0
34.6 0 0 34.6 0 0 34.6 0 0
34.6 0 0 34.6 0 0 34.6 0 0
34.6 0 0 34.6 0 0 34.6 0 0
34.6 0 0 34.6 0 0 34.6 0 0
34.6 0 0 34.6 0 0 34.6 0 0
34.6 0 0 34.6 0 0 34.6 0 0
34.6 0 0 34.6 0 0 34.6 0 0
34.6 0 0 34.6 0 0 34.6 0 0
34.6 0 0 34.6 0 0 34.6 0 0
34.6 0 0 34.6 0 0 34.6 0 0
34.6 0 0 34.6 0 0 34.6 0 0
34.6 0 0 34.6 0 0 34.6 0 0
34.6 0 0 34.6 0 0 34.6 0 0
34.6 0 0 34.6 0 0 34.6 0 0
34.6 0 0 34.6 0 0 34.6 0 0
34.6 0 0 34.6 0 0 34.6 0 0
34.6 0 0 34.6 0 0 34.6 0 0
34.6 0 0 34.6 0 0 34.6 0 0
34.6 0 0 34.6 0 0 34.6 0 0
34.6 0 0 34.6 0 0 34.6 0 0
34.6 0 0 34.6 0 0 34.6 0 0
34.6 0 0 34.6 0 0 34.6 0 0
34.6 0 0 34.6 0 0 34.6 0 0
34.6 0 0 34.6 0 0 34.6 0 0
34.6 0 0 34.6 0 0 34.6 0 0
34.6 0 0 34.6 0 0 34.6 0 0
34.6 0 0 34.6 0 0 34.6 0 0
34.6 0 0 34.6 0 0 34.6 0 0
34.6 0 0 34.6 0 0 34.6 0 0
34.6 0 0 34.6 0 0 34.6 0 0
34.6 0 0 34.6 0 0 34.6 0 0
34.6 0 0 34.6 0 0 34.6 0 0
34.6 0 0 34.6 0 0 34.6 0 0
34.6 0 0 34.6 0 0 34.6 0 0
34.6 0 0 34.6 0 0 34.6 0 0
34.6 0 0 34.6 0 0 34.6 0 0
34.6 0 0 34.6 0 0 34.6 0 0
34.6 0 0 34.6 0 0 34.6 0 0
34.6 0 0 34.6 0 0 34.6 0 0
34.6 0 0 34.6 0 0 34.6 0 0
34.6 0 0 34.6 0 0 34.6 0 0
34.6 0 0 34.6 0 0 34.6 0 0
34.6 0 0 34.6 0 0 34.6 0 0
34.6 0 0 34.6 0 0 34.6 0 0
34.6 0 0 34.6 0 0 34.6 0 0
34.6 0 0 34.6 0 0 34.6 0 0
34.6 0 0 34.6 0 0 34.6 0 0
34.6 0 0 34.6 0 0 34.6 0 0
34.6 0 0 34.6 0 0 34.6 0 0
34.6 0 0 34.6 0 0 34.6 0 0
34.6 0 0 34.6 0 0 34.6 0 0
34.6 0 0 34.6 0 0 34.6 0 0
34.6 0 0 34.6 0 0 34.6 0 0
34.6 0 0 34.6 0 0 34.6 0 0
34.6 0 0 34.6 0 0 34.6 0 0
34.6 0 0 34.6 0 0 34.6 0 0
34.6 0 0 34.6 0 0 34.6 0 0
34.6 0 0 34.6 0 0 34.6 0 0
34.6 0 0 34.6 0 0 34.6 0 0
34.6 0 0 34.6 0 0 34.6 0 0
34.6 0 0 34.6 0 0 34.6 0 0
34.6 0 0 34.6 0 0 34.6 0 0
34.6 0 0 34.6 0 0 34.6 0 0
34.6 0 0 34.6 0 0 34.6 0 0
34.6 0 0 34.6 0 0 34.6 0 0
34.6 0 0 34.6 0 0 34.6 0 0
34.6 0 0 34.6 0 0 34.6 0 0
34.6 0 0 34.6 0 0 34.6 0 0
34.6 0 0 34.6 0 0 34.6 0 0
34.6 0 0 34.6 0 0 34.6 0 0
34.6 0 0 34.6 0 0 34.6 0 0
34.6 0 0 34.6 0 0 34.6 0 0
34.6 0 0 34.6 0 0 34.6 0 0
34.6 0 0 34.6 0 0 34.6 0 0
34.6 0 0 34.6 0 0 34.6 0 0
34.6 0 0 34.6 0 0 34.6 0 0
34.6 0 0 34.6 0 0 34.6 0 0
34.6 0 0 34.6 0 0 34.6 0 0
34.6 0 0 34.6 0 0 34.6 0 0
34.6 0 0 34.6 0 0 34.6 0 0
34.6 0 0 34.6 0 0 34.6 0 0
34.6 0 0 34.6 0 0 34.6 0 0
34.6 0 0 34.6 0 0 34.6 0 0
34.6 0 0 34.6 0 0 34.6 0 0
34.6 0 0 34.6 0 0 34.6 0 0
34.6 0 0 34.6 0 0 34.6 0 0
34.6 0 0 34.6 0 0 34.6 0 0
34.6 0 0 34.6 0 0 34.6 0 0
34.6 0 0 34.6 0 0 34.6 0 0
34.6 0 0 34.6 0 0 34.6 0 0
34.6 0 0 34.6 0 0 34.6 0 0
34.6 0 0 34.6 0 0 34.6 0 0
34.6 0 0 34.6 0 0 34.6 0 0
34.6 0 0 34.6 0 0 34.6 0 0
34.6 0 0 34.6 0 0 34.6 0 0
34.6 0 0 34.6 0 0 34.6 0 0
34.6 0 0 34.6 0 0 34.6 0 0
34.6 0 0 34.6 0 0 34.6 0 0
34.6 0 0 34.6 0 0 34.6 0 0
34.6 0 0 34.6 0 0 34.6 0 0
34.6 0 0 34.6 0 0 34.6 0 0
34.6 0 0 34.6 0 0 34.6 0 0
34.6 0 0 34.6 0 0 34.6 0 0
34.6 0 0 34.6 0 0 34.6 0 0
34.6 0 0 34.6 0 0 34.6 0 0
34.6 0 0 34.6 0 0 34.6 0 0
34.6 0 0 34.6 0 0 34.6 0 0
34.6 0 0 34.6 0 0 34.6 0 0
34.6 0 0 34.6 0 0 34.6 0 0
34.6 0 0 34.6 0 0 34.6 0 0
34.6 0 0 34.6 0 0 34.6 0 0
34.6 0 0 34.6 0 0 34.6 0 0
34.6 0 0 34.6 0 0 34.6 0 0
34.6 0 0 34.6 0 0 34.6 0 0
34.6 0 0 34.6 0 0 34.6 0 0
34.6 0 0 34.6 0 0 34.6 0 0
34.6 0 0 34.6 0 0 34.6 0 0
34.6 0 0 34.6 0 0 34.6 0 0
34.6 0 0 34.6 0 0 34.6 0 0
34.6 0 0 34.6 0 0 34.6 0 0
34.6 0 0 34.6 0 0 34.6 0 0
34.6 0 0 34.6 0 0 34.6 0 0
34.6 0 0 34.6 0 0 34.6 0 0
34.6 0 0 34.6 0 0 34.6 0 0
34.6 0 0 34.6 0 0 34.6 0 0
34.6 0 0 34.6 0 0 34.6 0 0
34.6 0 0 34.6 0 0 34.6 0 0
34.6 0 0 34.6 0 0 34.6 0 0
34.6 0 0 34.6 0 0 34.6 0 0
34.6 0 0 34.6 0 0 34.6 0 0
34.6 0 0 34.6 0 0 34.6 0 0
34.6 0 0 34.6 0 0 34.6 0 0
34.6 0 0 34.6 0 0 34.6 0 0
34.6 0 0 34.6 0 0 34.6 0 0
34.6 0 0 34.6 0 0 34.6 0 0
34.6 0 0 34.6 0 0 34.6 0 0
34.6 0 0 34.6 0 0 34.6 0 0
34.6 0 0 34.6 0 0 34.6 0 0
34.6 0 0 34.6 0 0 34.6 0 0
34.6 0 0 34.6 0 0 34.6 0 0
34.6 0 0 34.6 0 0 34.6 0 0
34.6 0 0 34.6 0 0 34.6 0 0
34.6 0 0 34.6 0 0 34.6 0 0
34.6 0 0 34.6 0 0 34.6 0 0
34.6 0 0 34.6 0 0 34.6 0 0
34.6 0 0 34.6 0 0 34.6 0 0
34.6 0 0 34.6 0 0 34.6 0 0
34.6 0 0 34.6 0 0 34.6 0 0
34.6 0 0 34.6 0 0 34.6 0 0
34.6 0 0 34.6 0 0 34.6 0 0
34.6 0 0 34.6 0 0 34.6 0 0
34.6 0 0 34.6 0 0 34.6 0 0
34.6 0 0 34.6 0 0 34.6 0 0
34.6 0 0 34.6 0 0 34.6 0 0
34.6 0 0 34.6 0 0 34.6 0 0
34.6 0 0 34.6 0 0 34.6 0 0
34.6 0 0 34.6 0 0 34.6 0 0
34.6 0 0 34.6 0 0 34.6 0 0
34.6 0 0 34.6 0 0 34.6 0 0
34.6 0 0 34.6 0 0 34.6 0 0
34.6 0 0 34.6 0 0 34.6 0 0
34.6 0 0 34.6 0 0 34.6 0 0
34.6 0 0 34.6 0 0 34.6 0 0
34.6 0 0 34.6 0 0 34.6 0 0
34.6 0 0 34.6 0 0 34.6 0 0
34.6 0 0 34.6 0 0 34.6 0 0
34.6 0 0 34.6 0 0 34.6 0 0
34.6 0 0 34.6 0 0 34.6 0 0
34.6 0 0 34.6 0 0 34.6 0 0
34.6 0 0 34.6 0 0 34.6 0 0
34.6 0 0 34.6 0 0 34.6 0 0
34.6 0 0 34.6 0 0 34.6 0 0
34.6 0 0 34.6 0 0 34.6 0 0
34.6 0 0 34.6 0 0 34.6 0 0
34.6 0 0 34.6 0 0 34.6 0 0
34.6 0 0 34.6 0 0 34.6 0 0
34.6 0 0 34.6 0 0 34.6 0 0
34.6 0 0 34.6 0 0 34.6 0 0
34.6 0 0 34.6 0 0 34.6 0 0
34.6 0 0 34.6 0 0 34.6 0 0
34.6 0 0 34.6 0 0 34.6 0 0
34.6 0 0 34.6 0 0 34.6 0 0
34.6 0 0 34.6 0 0 34.6 0 0
34.6 0 0 34.6 0 0 34.6 0 0
34.6 0 0 34.6 0 0 34.6 0 0
34.6 0 0 34.6 0 0 34.6 0 0
34.6 0 0 34.6 0 0 34.6 0 0
34.6 0 0 34.6 0 0 34.6 0 0
34.6 0 0 34.6 0 0 34.6 0 0
34.6 0 0 34.6 0 0 34.6 0 0
34.6 0 0 34.6 0 0 34.6 0 0
34.6 0 0 34.6 0 0 34.6 0 0
34.6 0 0 34.6 0 0 34.6 0 0
34.6 0 0 34.6 0 0 34.6 0 0
34.6 0 0 34.6 0 0 34.6 0 0
34.6 0 0 34.6 0 0 34.6 0 0
34.6 0 0 34.6 0 0 34.6 0 0
34.6 0 0 34.6 0 0 34.6 0 0
34.6 0 0 34.6 0 0 34.6 0 0
34.6 0 0 34.6 0 0 34.6 0 0
34.6 0 0 34.6 0 0 34.6 0 0
34.6 0 0 34.6 0 0 34.6 0 0
34.6 0 0 34.6 0 0 34.6 0 0
34.6 0 0 34.6 0 0 34.6 0 0
34.6 0 0 34.6 0 0 34.6 0 0
34.6 0 0 34.6 0 0 34.6 0 0
34.6 0 0 34.6 0 0 34.6 0 0
34.6 0 0 34.6 0 0 34.6 0 0
34.6 0 0 34.6 0 0 34.6 0 0
34.6 0 0 34.6 0 0 34.6 0 0
34.6 0 0 34.6 0 0 34.6 0 0
34.6 0 0 34.6 0 0 34.6 0 0
34.6 0 0 34.6 0 0 34.6 0 0
34.6 0 0 34.6 0 0 34.6 0 0
34.6 0 0 34.6 0 0 34.6 0 0
34.6 0 0 34.6 0 0 34.6 0 0
34.6 0 0 34.6 0 0 34.6 0 0
34.6 0 0 34.6 0 0 34.6 0 0
34.6 0 0 34.6 0 0 34.6 0 0
34.6 0 0 34.6 0 0 34.6 0 0
34.6 0 0 34.6 0 0 34.6 0 0
34.6 0 0 34.6 0 0 34.6 0 0
34.6 0 0 34.6 0 0 34.6 0 0
34.6 0 0 34.6 0 0 34.6 0 0
34.6 0 0 34.6 0 0 34.6 0 0
34.6 0 0 34.6 0 0 34.6 0 0
34.6 0 0 34.6 0 0 34.6 0 0
34.6 0 0 34.6 0 0 34.6 0 0
34.6 0 0 34.6 0 0 34.6 0 0
34.6 0 0 34.6 0 0 34.6 0 0
34.6 0 0 34.6 0 0 34.6 0 0
34.6 0 0 34.6 0 0 34.6 0 0
34.6 0 0 34.6 0 0 34.6 0 0
34.6 0 0 34.6 0 0 34.6 0 0
34.6 0 0 34.6 0 0 34.6 0 0
34.6 0 0 34.6 0 0 34.6 0 0
34.6 0 0 34.6 0 0 34.6 0 0
34.6 0 0 34.6 0 0 34.6 0 0
34.6 0 0 34.6 0 0 34.6 0 0
34.6 0 0 34.6 0 0 34.6 0 0
34.6 0 0 34.6 0 0 34.6 0 0
34.6 0 0 34.6 0 0 34.6 0 0
34.6 0 0 34.6 0 0 34.6 0 0
34.6 0 0 34.6 0 0 34.6 0 0
34.6 0 0 34.6 0 0 34.6 0 0
34.6 0 0 34.6 0 0 34.6 0 0
34.6 0 0 34.6 0 0 34.6 0 0
34.6 0 0 34.6 0 0 34.6 0 0
34.6 0 0 34.6 0 0 34.6 0 0
34.6 0 0 34.6 0 0 34.6 0 0
34.6 0 0 34.6 0 0 34.6 0 0
34.6 0 0 34.6 0 0 34.6 0 0
34.6 0 0 34.6 0 0 34.6 0 0
34.6 0 0 34.6 0 0 34.6 0 0
34.6 0 0 34.6 0 0 34.6 0 0
34.6 0 0 34.6 0 0 34.6 0 0
34.6 0 0 34.6 0 0 34.6 0 0
34.6 0 0 34.6 0 0 34.6 0 0
34.6 0 0 34.6 0 0 34.6 0 0
34.6 0 0 34.6 0 0 34.6 0 0
34.6 0 0 34.6 0 0 34.6 0 0
34.6 0 0 34.6 0 0 34.6 0 0
34.6 0 0 34.6 0 0 34.6 0 0
34.6 0 0
        </DataArray>
      </PointData>
    </Piece>
  </PolyData>
</VTKFile>
