x_m,x_over_c,y_m,y_wall_m,dy_m,pressure,Cp
-1.350000023841858,-3.214285771052043,0.0,0.0,0.0,105735.453125,5.911196270567613
-1.3477879762649536,-3.2090189911070324,0.0,0.0,0.0,104414.1953125,4.109302110852206
-1.3477809429168701,-3.209002245040167,0.002489730715751648,0.0,0.002489730715751648,103660.484375,3.08141238066764
-1.3455758094787598,-3.2037519273303805,0.0,0.0,0.0,102477.7421875,1.468421925706545
-1.3455687761306763,-3.203735181263515,0.002489730715751648,0.0,0.002489730715751648,102438.875,1.415415951022241
-1.3455618619918823,-3.2037187190282914,0.004979461431503296,0.0,0.004979461431503296,101585.5,0.2516071818331195
-1.343363642692566,-3.1984848635537286,0.0,0.0,0.0,101199.484375,-0.27483004613702205
-1.3433496952056885,-3.1984516552516395,0.004979461431503296,0.0,0.004979461431503296,100463.546875,-1.2784808632749967
-1.343342661857605,-3.198434909184774,0.007469192147254944,0.0,0.007469192147254944,99510.515625,-2.5781980170014007
-1.3418563604354858,-3.1948960962749666,0.0016434586141258478,0.0,0.0016434586141258478,101184.75,-0.294924371414328
-1.3418493270874023,-3.194879350208101,0.004133189562708139,0.0,0.004133189562708139,100658.828125,-1.0121617993134169
-1.3418424129486084,-3.194862887972877,0.006622920278459787,0.0,0.006622920278459787,101585.1796875,0.25117034867491717
-1.341151475906372,-3.1932177997770763,0.0,0.0,0.0,101221.75,-0.24446481440832535
-1.3403490781784058,-3.191307328996204,0.0032869172282516956,0.0,0.0032869172282516956,101170.0,-0.3150400056261804
-1.3403420448303223,-3.191290582929339,0.005776647944003344,0.0,0.005776647944003344,101547.3125,0.19952814580158637
-1.3396443128585815,-3.189629316329956,0.0016434586141258478,0.0,0.0016434586141258478,101207.0078125,-0.2645697941529045
-1.3389394283294678,-3.187951019832066,0.0,0.0,0.0,101244.0078125,-0.2141102371469019
-1.3388417959213257,-3.187718561717442,0.0049303756095469,0.0,0.0049303756095469,101155.2578125,-0.33514498537075954
-1.338336706161499,-3.1865159670511884,0.006981829181313515,0.0,0.006981829181313515,101386.7109375,-0.019495737934139185
-1.3381370306015015,-3.186040549051194,0.0032869172282516956,0.0,0.0032869172282516956,101192.2734375,-0.28466411943021047
-1.3374321460723877,-3.184362252553304,0.0016434586141258478,0.0,0.0016434586141258478,101229.2734375,-0.23420456242420784
-1.3370481729507446,-3.1834480308351063,0.005321859382092953,0.0,0.005321859382092953,101711.78125,0.42382599083755923
-1.336727261543274,-3.1826839560554143,0.0,0.0,0.0,102485.2265625,1.4786289053542963
-1.336543083190918,-3.1822454361688526,0.00737331248819828,0.0,0.00737331248819828,101249.65625,-0.20640705730835882
-1.3363434076309204,-3.181770018168858,0.003678400767967105,0.0,0.003678400767967105,101766.3203125,0.4982048268719563
-1.3356385231018066,-3.1800917216709683,0.002034942153841257,0.0,0.002034942153841257,102126.9921875,0.9900789630077497
-1.3352545499801636,-3.1791774999527704,0.005713343154639006,0.0,0.005713343154639006,101274.890625,-0.1719931280158359
-1.3345497846603394,-3.1774994872865223,0.004069884307682514,0.0,0.004069884307682514,101768.7421875,0.5015077117266566
-1.3345152139663696,-3.177417176110404,0.0,0.0,0.0,101814.0390625,0.5632823129768262
-1.3334609270095825,-3.1749069690704346,0.006104826461523771,0.0,0.006104826461523771,101224.3203125,-0.24095949467543368
-1.3334264755249023,-3.174824941725958,0.002034942153841257,0.0,0.002034942153841257,101455.796875,0.07472171616300637
-1.3323376178741455,-3.1722324235098704,0.004069884307682514,0.0,0.004069884307682514,101097.546875,-0.4138495351180867
-1.3323030471801758,-3.172150112333752,0.0,0.0,0.0,101142.84375,-0.3520749338679171
-1.3312596082687378,-3.1696657339731855,0.006212001666426659,0.0,0.006212001666426659,101253.4296875,-0.20126094961539023
-1.3312143087387085,-3.169557877949306,0.002034942153841257,0.0,0.002034942153841257,100784.609375,-0.8406248762144637
-1.3301361799240112,-3.166990904580979,0.0041770595125854015,0.0,0.0041770595125854015,101483.34375,0.11228936776840444
-1.330090880393982,-3.1668830485571,0.0,0.0,0.0,102566.0234375,1.588817405894009
-1.3290581703186035,-3.1644242150442943,0.006319176405668259,0.0,0.006319176405668259,101282.53125,-0.16157305902262
-1.3290128707885742,-3.164316359020415,0.002142117125913501,0.0,0.002142117125913501,102095.6484375,0.9473332403075634
-1.3279348611831665,-3.1617496694837297,0.004284234251827002,0.0,0.004284234251827002,101625.265625,0.30583842025384445
-1.3278788328170776,-3.16161626861209,0.0,0.0,0.0,101889.1015625,0.6656504345379903
-1.3268567323684692,-3.159182696115403,0.006426351144909859,0.0,0.006426351144909859,101311.6171875,-0.12190647736439622
-1.3268007040023804,-3.1590492952437628,0.002142117125913501,0.0,0.002142117125913501,101418.7265625,0.02416626895154468
-1.3257226943969727,-3.156482605707078,0.004284234251827002,0.0,0.004284234251827002,100948.3359375,-0.6173392055694474
-1.3256666660308838,-3.1563492048354376,0.0,0.0,0.0,101212.1796875,-0.25751653681802833
-1.3245885372161865,-3.153782231467111,0.002142117125913501,0.0,0.002142117125913501,100741.8046875,-0.8990007024044739
-1.3245710134506226,-3.153740508215768,0.006384784355759621,0.0,0.006384784355759621,101508.703125,0.14687376853729897
-1.32345449924469,-3.1510821410587857,0.0,0.0,0.0,102499.859375,1.4985847225570503
-1.323436975479126,-3.151040417807443,0.0042426674626767635,0.0,0.0042426674626767635,101378.7734375,-0.030320676683737724
-1.3223028182983398,-3.148340043567476,0.0021005503367632627,0.0,0.0021005503367632627,102064.2734375,0.9045448997382841
-1.3222852945327759,-3.148298320316133,0.006343217566609383,0.0,0.006343217566609383,101115.1484375,-0.3898450203515065
-1.3212424516677856,-3.1458153611137756,0.0,0.0,0.0,101854.8984375,0.6190051768158029
-1.3211512565612793,-3.145598229907808,0.0042011006735265255,0.0,0.0042011006735265255,101628.6796875,0.3104944224522446
-1.3200907707214355,-3.143073263622466,0.0021005503367632627,0.0,0.0021005503367632627,101419.3125,0.0249653539970367
-1.3199995756149292,-3.1428561324164983,0.006301650777459145,0.0,0.006301650777459145,101275.03125,-0.17180134760491783
-1.3190304040908813,-3.140548581168765,0.0,0.0,0.0,101209.9375,-0.26057436892544444
-1.318939208984375,-3.140331449962798,0.0042011006735265255,0.0,0.0042011006735265255,100983.71875,-0.5690851232890027
-1.3178787231445312,-3.1378064836774553,0.0021005503367632627,0.0,0.0021005503367632627,100774.34375,-0.8546248462114839
-1.3177629709243774,-3.1375308831532798,0.0063085416331887245,0.0,0.0063085416331887245,101291.8359375,-0.14888358850020675
-1.3168182373046875,-3.135281517392113,0.0,0.0,0.0,102575.0234375,1.6010913521927663
-1.3167024850845337,-3.1350059168679376,0.004207991529256105,0.0,0.004207991529256105,101386.25,-0.020124351503259575
-1.3156421184539795,-3.132481234414237,0.0021074411924928427,0.0,0.0021074411924928427,102068.6171875,0.9104687835421982
-1.3155263662338257,-3.1322056338900612,0.0063154324889183044,0.0,0.0063154324889183044,101308.640625,-0.12596582939549567
-1.3146061897277832,-3.130014737447103,0.0,0.0,0.0,101958.9921875,0.7609652987642782
-1.3144659996032715,-3.129680951436361,0.004214882384985685,0.0,0.004214882384985685,101562.1953125,0.21982490595708362
-1.3134299516677856,-3.127214170637585,0.0021074411924928427,0.0,0.0021074411924928427,101452.578125,0.07033207564643687
-1.313289761543274,-3.1268803846268427,0.006322323344647884,0.0,0.006322323344647884,101396.8984375,-0.005602312609851298
-1.3123940229415894,-3.124747673670451,0.0,0.0,0.0,101342.9609375,-0.07916075466420987
-1.3122538328170776,-3.124413887659709,0.004214882384985685,0.0,0.004214882384985685,100946.1640625,-0.6203011474714045
-1.3114569187164307,-3.122516473134359,0.005977800581604242,0.0,0.005977800581604242,101393.6484375,-0.010034570995513692
-1.3112177848815918,-3.121947106860933,0.0021074411924928427,0.0,0.0021074411924928427,100836.5390625,-0.7698046322493245
-1.3104209899902344,-3.1200499761672247,0.0038703593891113997,0.0,0.0038703593891113997,101142.5,-0.3525437304279391
-1.3101818561553955,-3.119480609893799,0.0,0.0,0.0,100726.9140625,-0.9193081170272445
-1.3096240758895874,-3.118152561641875,0.005633277352899313,0.0,0.005633277352899313,101390.3828125,-0.01448813831572254
-1.3093849420547485,-3.117583195368449,0.0017629180802032351,0.0,0.0017629180802032351,101704.3515625,0.4136935924607204
-1.3085881471633911,-3.115686064674741,0.0035258361604064703,0.0,0.0035258361604064703,101483.5703125,0.11259834731932801
-1.3079696893692017,-3.114213546117147,0.0,0.0,0.0,101206.3515625,-0.2654647694038556
-1.3077912330627441,-3.1137886501493908,0.005288754124194384,0.0,0.005288754124194384,101387.1015625,-0.01896301457047784
-1.3071728944778442,-3.1123164154234386,0.0017629180802032351,0.0,0.0017629180802032351,100985.578125,-0.5665493600779747
-1.3063759803771973,-3.110419000898089,0.0035258361604064703,0.0,0.0035258361604064703,101974.8359375,0.7825725583943824
-1.3062033653259277,-3.1100080126807805,0.006118898745626211,0.0,0.006118898745626211,101520.671875,0.1631964123998826
-1.3057576417922974,-3.108946766172137,0.0,0.0,0.0,100487.578125,-1.2457077219425507
-1.3049607276916504,-3.1070493516467868,0.0017629180802032351,0.0,0.0017629180802032351,101426.9140625,0.03533215065388648
-1.3047881126403809,-3.1066383634294783,0.004355980549007654,0.0,0.004355980549007654,101902.0703125,0.683336850211547
-1.3046153783798218,-3.106227091380528,0.006949042901396751,0.0,0.006949042901396751,101558.4921875,0.21477468846957407
-1.3035454750061035,-3.1036797023954845,0.0,0.0,0.0,101936.453125,0.7302271606810187
-1.303372859954834,-3.103268714178176,0.002593062352389097,0.0,0.002593062352389097,101496.09375,0.12967745835831074
-1.303200125694275,-3.102857442129226,0.005186124704778194,0.0,0.005186124704778194,101055.75,-0.4708509350298507
-1.3019124269485474,-3.099791492734637,0.0015250321011990309,0.0,0.0015250321011990309,101248.453125,-0.20804784526843578
-1.3017396926879883,-3.0993802206856866,0.0041180942207574844,0.0,0.0041180942207574844,100808.09375,-0.8085975475911437
-1.3015670776367188,-3.098969232468378,0.006711156573146582,0.0,0.006711156573146582,100367.734375,-1.4091472499138515
-1.3013334274291992,-3.0984129224504744,0.0,0.0,0.0,102377.7421875,1.3320447446092405
-1.3002793788909912,-3.0959032830737887,0.0030500642023980618,0.0,0.0030500642023980618,100560.4375,-1.1463441601524367
-1.3001067638397217,-3.0954922948564803,0.005643126554787159,0.0,0.005643126554787159,100120.078125,-1.7468938624751444
-1.299700379371643,-3.0945247127896263,0.0015250321011990309,0.0,0.0015250321011990309,101686.4296875,0.38925224453593793
-1.2994513511657715,-3.093931788489932,0.007426013238728046,0.0,0.007426013238728046,101289.1953125,-0.15248479843855745
-1.2991212606430054,-3.0931458586738225,0.0,0.0,0.0,101749.421875,0.4751592141599665
-1.298646330833435,-3.0920150734129406,0.004575096070766449,0.0,0.004575096070766449,99872.421875,-2.0846404750364376
-1.298067331314087,-3.0906365031287786,0.0030500642023980618,0.0,0.0030500642023980618,100995.1171875,-0.5535402555373647
-1.2979910373687744,-3.0904548508780345,0.006357983220368624,0.0,0.006357983220368624,101324.5859375,-0.10422006169083955
-1.2974882125854492,-3.0892576490129744,0.0015250321011990309,0.0,0.0015250321011990309,101058.1171875,-0.4676226314460629
-1.2969090938568115,-3.08787879489717,0.0,0.0,0.0,102238.2265625,1.1417772680439544
-1.296707272529602,-3.087398267927624,0.004719972610473633,0.0,0.004719972610473633,101649.09375,0.3383345454371865
-1.2961281538009644,-3.08601941381182,0.0031949402764439583,0.0,0.0031949402764439583,101571.2578125,0.23218408799402682
-1.2960518598556519,-3.085837761561076,0.006502859760075808,0.0,0.006502859760075808,101296.6171875,-0.1423630545289919
-1.2955490350723267,-3.084640559696016,0.0016699082916602492,0.0,0.0016699082916602492,101946.5625,0.7440140413325742
-1.2947680950164795,-3.0827811786106656,0.004864848684519529,0.0,0.004864848684519529,101271.09375,-0.1771711991106242
-1.2946970462799072,-3.08261201495216,0.0,0.0,0.0,101648.765625,0.33788705781171097
-1.2941889762878418,-3.0814023244948614,0.0033398165833204985,0.0,0.0033398165833204985,101654.8828125,0.3462295056866477
-1.2941126823425293,-3.0812206722441173,0.006647735834121704,0.0,0.006647735834121704,101235.7421875,-0.22538266352197595
-1.2933369874954224,-3.079373779751006,0.0016699082916602492,0.0,0.0016699082916602492,101357.09375,-0.05988682336694239
-1.292828917503357,-3.078164089293707,0.005009724758565426,0.0,0.005009724758565426,101301.59375,-0.13557615887594635
-1.2924848794937134,-3.077344951175508,0.0,0.0,0.0,101059.296875,-0.46601380688780564
-1.2919769287109375,-3.0761355445498513,0.0033398165833204985,0.0,0.0033398165833204985,101065.4140625,-0.457671359012869
-1.2913715839385986,-3.074694247472854,0.006896830629557371,0.0,0.006896830629557371,101358.71875,-0.0576706941741112
-1.2911248207092285,-3.0741067159743536,0.0016699082916602492,0.0,0.0016699082916602492,100767.6328125,-0.8637770335991858
-1.2905553579330444,-3.0727508522215343,0.004969301167875528,0.0,0.004969301167875528,101549.7734375,0.20288430299265284
-1.2902727127075195,-3.0720778873988563,0.0,0.0,0.0,102411.796875,1.3784875674532366
-1.289703369140625,-3.070722307477679,0.0032993927597999573,0.0,0.0032993927597999573,101406.296875,0.007215011519840672
-1.2890980243682861,-3.0692810104006814,0.006856407038867474,0.0,0.006856407038867474,101324.4765625,-0.10436922423266473
-1.288851261138916,-3.068693478902181,0.0016294845845550299,0.0,0.0016294845845550299,101986.375,0.7983092065569386
-1.288281798362732,-3.067337615149362,0.004928877577185631,0.0,0.004928877577185631,101177.8203125,-0.30437488388568024
-1.2880605459213257,-3.066810823622204,0.0,0.0,0.0,101793.421875,0.5351651738427804
-1.2874298095703125,-3.065309070405506,0.0032589691691100597,0.0,0.0032589691691100597,101560.9375,0.2181095367260941
-1.2868244647979736,-3.063867773328509,0.006815983448177576,0.0,0.006815983448177576,101315.0859375,-0.11717589389508348
-1.2866390943527222,-3.0634264151255293,0.0016294845845550299,0.0,0.0016294845845550299,101367.9921875,-0.04502384152079086
-1.2860082387924194,-3.0619243780771894,0.004888453520834446,0.0,0.004888453520834446,101405.875,0.006639670287086419
-1.2858484983444214,-3.061544043677194,0.0,0.0,0.0,101175.0390625,-0.308167874234949
-1.2852176427841187,-3.060042006628854,0.0032589691691100597,0.0,0.0032589691691100597,100942.5625,-0.6252128568843621
-1.2844270467758179,-3.0581596351805187,0.0016294845845550299,0.0,0.0016294845845550299,100749.609375,-0.8883568895985203
-1.2841609716415405,-3.057526122956049,0.006479391362518072,0.0,0.006479391362518072,101465.4140625,0.08783736537634869
-1.284134864807129,-3.0574639638264975,0.0045885322615504265,0.0,0.0045885322615504265,101328.09375,-0.09943620588516068
-1.2836363315582275,-3.056276979900542,0.0,0.0,0.0,101577.5390625,0.24075027968170126
-1.2833442687988281,-3.055581592378162,0.0029590479098260403,0.0,0.0029590479098260403,101091.921875,-0.4215207515548101
-1.2825536727905273,-3.0536992209298273,0.0013295633252710104,0.0,0.0013295633252710104,101470.6171875,0.09493324058031781
-1.28228759765625,-3.053065708705357,0.006179470103234053,0.0,0.006179470103234053,101375.6640625,-0.034561154658482036
-1.2822614908218384,-3.0530035495758057,0.004288611002266407,0.0,0.004288611002266407,101282.1171875,-0.16213774578810103
-1.2814708948135376,-3.0511211781274707,0.002659126650542021,0.0,0.002659126650542021,101363.6796875,-0.05090510745561211
-1.2814242839813232,-3.0510101999555315,0.0,0.0,0.0,101475.6953125,0.10185864430791529
-1.2804142236709595,-3.0486052944546653,0.005879548843950033,0.0,0.005879548843950033,101316.3046875,-0.11551379700046008
-1.2803881168365479,-3.0485431353251142,0.0039886897429823875,0.0,0.0039886897429823875,101416.4296875,0.021033855573215972
-1.2803415060043335,-3.048432157153175,0.0013295633252710104,0.0,0.0013295633252710104,101368.765625,-0.04396904926074139
-1.2792587280273438,-3.0458541143508184,0.002659126650542021,0.0,0.002659126650542021,101261.8359375,-0.18979674282939807
-1.2792121171951294,-3.0457431361788796,0.0,0.0,0.0,101373.8359375,-0.03705430000041713
-1.2785502672195435,-3.044167302903675,0.0062181358225643635,0.0,0.0062181358225643635,101275.25,-0.17150302252126748
-1.2785242795944214,-3.0441054276057655,0.004327277187258005,0.0,0.004327277187258005,101375.3828125,-0.0349447154803182
-1.2781293392181396,-3.043165093376523,0.0013295633252710104,0.0,0.0013295633252710104,101266.9140625,-0.1828713391018006
-1.2773948907852173,-3.0414164066314697,0.0029977138619869947,0.0,0.0029977138619869947,101775.015625,0.5100632489470578
-1.2769999504089355,-3.0404760724022277,0.0,0.0,0.0,102464.1328125,1.4498618437165838
-1.276686429977417,-3.039729595184326,0.006556723266839981,0.0,0.006556723266839981,101134.4765625,-0.36348586831754315
-1.276660442352295,-3.0396677198864164,0.004665864631533623,0.0,0.004665864631533623,101334.3203125,-0.09094459546839882
-1.2762655019760132,-3.0387273856571744,0.0016681505367159843,0.0,0.0016681505367159843,102103.78125,0.9584245407389925
-1.2755310535430908,-3.036978698912121,0.0033363010734319687,0.0,0.0033363010734319687,101743.4296875,0.46698723776140144
-1.274796485900879,-3.035229728335426,0.005004451610147953,0.0,0.005004451610147953,101175.03125,-0.30817852870222223
-1.2747879028320312,-3.035209292457217,0.0,0.0,0.0,101830.953125,0.5863492346233625
-1.2740633487701416,-3.0334841637384327,0.0069846054539084435,0.0,0.0069846054539084435,101281.1015625,-0.16352282653362052
-1.2740533351898193,-3.0334603218805225,0.0016681505367159843,0.0,0.0016681505367159843,101470.6015625,0.09491193164577134
-1.273318886756897,-3.031711635135469,0.0033363010734319687,0.0,0.0033363010734319687,101110.25,-0.39652537133181975
-1.272575855255127,-3.029942512512207,0.0,0.0,0.0,101197.7734375,-0.2771633744698587
-1.272512674331665,-3.02979208174206,0.005116060841828585,0.0,0.005116060841828585,101267.0859375,-0.1826369408217896
-1.271841287612915,-3.028193541935512,0.0016681505367159843,0.0,0.0016681505367159843,100837.40625,-0.7686219863819963
-1.2717795372009277,-3.028046517145066,0.007096215151250362,0.0,0.007096215151250362,101308.453125,-0.12622153661005311
-1.271035075187683,-3.0262739885421026,0.003447910537943244,0.0,0.003447910537943244,101487.1640625,0.11749940226501239
-1.270363688468933,-3.024675448735555,0.0,0.0,0.0,102503.03125,1.5029104362699803
-1.2702288627624512,-3.0243544351486933,0.005227670539170504,0.0,0.005227670539170504,101313.5859375,-0.11922155161154305
-1.2695574760437012,-3.022755895342146,0.0017797600012272596,0.0,0.0017797600012272596,102072.265625,0.9154444197587952
-1.2694956064224243,-3.022608586720058,0.007207824382930994,0.0,0.007207824382930994,101239.6875,-0.22000215754899635
-1.2687512636184692,-3.0208363419487365,0.0035595200024545193,0.0,0.0035595200024545193,101641.4921875,0.32796774878033674
-1.2681516408920288,-3.019408668790545,0.0,0.0,0.0,101865.765625,0.6338255407928616
-1.2679449319839478,-3.0189165047236854,0.005339279770851135,0.0,0.005339279770851135,101210.71875,-0.2595089221981217
-1.2673454284667969,-3.0174891153971357,0.0017797600012272596,0.0,0.0017797600012272596,101434.9921875,0.0463488698144031
-1.2670255899429321,-3.0167275951022194,0.007108827121555805,0.0,0.007108827121555805,101343.0625,-0.07902224658965792
-1.2665390968322754,-3.015569278172084,0.0035595200024545193,0.0,0.0035595200024545193,101004.21875,-0.5411278011640553
-1.265939474105835,-3.0141416050138927,0.0,0.0,0.0,101228.484375,-0.23528066361880376
-1.2656294107437134,-3.0134033589136036,0.005372317973524332,0.0,0.005372317973524332,101512.1328125,0.1515510796702456
-1.265133261680603,-3.0122220516204834,0.0017797600012272596,0.0,0.0017797600012272596,100797.703125,-0.8227679890645354
-1.2647100687026978,-3.0112144492921376,0.007141865324229002,0.0,0.007141865324229002,101318.375,-0.11269036317305495
-1.264223575592041,-3.0100561323620023,0.003592558205127716,0.0,0.003592558205127716,101427.578125,0.03623778037211077
-1.2637273073196411,-3.008874541237241,0.0,0.0,0.0,100591.1875,-1.1044081769650156
-1.263313889503479,-3.0078902131035217,0.005405356176197529,0.0,0.005405356176197529,101173.1328125,-0.3107675642496164
-1.262817621231079,-3.0067086219787598,0.0018127982039004564,0.0,0.0018127982039004564,102035.625,0.865474968247361
-1.2623945474624634,-3.0057013034820557,0.007174903526902199,0.0,0.007174903526902199,101236.6796875,-0.22410412744918873
-1.261907935142517,-3.0045427027202787,0.003625596407800913,0.0,0.003625596407800913,101643.640625,0.3308977272804741
-1.2615152597427368,-3.0036077612922307,0.0,0.0,0.0,101816.375,0.5664679986915211
-1.260998249053955,-3.002376783461798,0.005438394378870726,0.0,0.005438394378870726,101251.6484375,-0.20369016815368596
-1.2606055736541748,-3.0014418420337496,0.0018127982039004564,0.0,0.0018127982039004564,101424.3984375,0.03190141219190742
-1.2601401805877686,-3.000333763304211,0.007049646228551865,0.0,0.007049646228551865,101343.8671875,-0.07792483646051555
-1.2596958875656128,-2.9992759227752686,0.003625596407800913,0.0,0.003625596407800913,101032.4140625,-0.5026758287749794
-1.259303092956543,-2.9983406975155784,0.0,0.0,0.0,101205.15625,-0.26709490289665927
-1.2585374116897583,-2.996517646880377,0.0057492684572935104,0.0,0.0057492684572935104,101527.046875,0.17189045769483577
-1.258393406867981,-2.9961747782570978,0.0018127982039004564,0.0,0.0018127982039004564,100813.1640625,-0.8016827983308193
-1.2576793432235718,-2.99447462672279,0.007360519841313362,0.0,0.007360519841313362,101251.0234375,-0.2045425255355441
-1.2572349309921265,-2.993416502362206,0.00393647002056241,0.0,0.00393647002056241,101559.4453125,0.21607453347690775
-1.2570909261703491,-2.9930736337389265,0.0,0.0,0.0,100593.9296875,-1.100668458952113
-1.256076455116272,-2.9906582264673145,0.006060142070055008,0.0,0.006060142070055008,101159.234375,-0.32972186152868704
-1.2559324502944946,-2.990315357844035,0.0021236720494925976,0.0,0.0021236720494925976,102272.2421875,1.1881668185515843
-1.2548787593841553,-2.9878065699622747,0.0,0.0,0.0,101995.8515625,0.8112330753593628
-1.2547739744186401,-2.9875570819491433,0.004247344098985195,0.0,0.004247344098985195,101706.15625,0.41615477440083587
-1.2537204027175903,-2.9850485778990246,0.0021236720494925976,0.0,0.0021236720494925976,101429.765625,0.0392210312086143
-1.2536154985427856,-2.984798806054252,0.006371015682816505,0.0,0.006371015682816505,101308.8359375,-0.125699467713665
-1.252666711807251,-2.9825397900172645,0.0,0.0,0.0,101153.3828125,-0.33770205751633403
-1.2525619268417358,-2.982290302004133,0.004247344098985195,0.0,0.004247344098985195,100863.6953125,-0.7327697040075878
-1.2515082359313965,-2.9797815141223727,0.0021236720494925976,0.0,0.0021236720494925976,100587.3046875,-1.1097034471998093
-1.2514299154281616,-2.979595036733718,0.00581555999815464,0.0,0.00581555999815464,101419.359375,0.02502928080067606
-1.2504545450210571,-2.9772727262406122,0.0,0.0,0.0,100310.9140625,-1.4866371903920308
-1.2503762245178223,-2.977086248851958,0.0036918881814926863,0.0,0.0036918881814926863,101037.9140625,-0.4951750838146277
-1.2493226528167725,-2.9745777448018393,0.0015682161320000887,0.0,0.0015682161320000887,100646.828125,-1.0285270610450934
-1.2492443323135376,-2.9743912674131847,0.005260104313492775,0.0,0.005260104313492775,101372.40625,-0.039004067511417655
-1.2482424974441528,-2.972005946295602,0.0,0.0,0.0,101583.09375,0.2483256059129656
-1.2481906414031982,-2.9718824795314247,0.0031364322640001774,0.0,0.0031364322640001774,100622.703125,-1.0614280559848182
-1.2471104860305786,-2.9693106810251875,0.0015682161320000887,0.0,0.0015682161320000887,101356.125,-0.06120797730882253
-1.247058629989624,-2.9691872142610096,0.004704648163169622,0.0,0.004704648163169622,101344.6171875,-0.07690200760228577
-1.2470545768737793,-2.969177563985189,0.006832399405539036,0.0,0.006832399405539036,101290.8671875,-0.1502047424420869
-1.246030330657959,-2.9667388825189502,0.0,0.0,0.0,101276.265625,-0.170117941775748
-1.2459784746170044,-2.9666154157547724,0.0031364322640001774,0.0,0.0031364322640001774,102138.3828125,1.0056131762921146
-1.2448983192443848,-2.964043617248535,0.0015682161320000887,0.0,0.0015682161320000887,102247.90625,1.1549781529954826
-1.2448264360427856,-2.9638724667685374,0.005177697166800499,0.0,0.005177697166800499,101293.65625,-0.14640109762554487
-1.2448222637176514,-2.9638625326610746,0.007305447943508625,0.0,0.007305447943508625,101239.890625,-0.21972514139989247
-1.2438181638717651,-2.961471818742298,0.0,0.0,0.0,102875.6796875,2.0111178707356308
-1.243746280670166,-2.9613006682623,0.0036094810348004103,0.0,0.0036094810348004103,101729.3203125,0.44774526986595364
-1.2426661252975464,-2.958728869756063,0.0020412649028003216,0.0,0.0020412649028003216,102312.375,1.242898816934151
-1.2425941228866577,-2.958557435444423,0.005650745704770088,0.0,0.005650745704770088,101242.6796875,-0.21592149658335047
-1.2416061162948608,-2.956205038797288,0.0,0.0,0.0,101991.375,0.8051280656118038
-1.241513967514038,-2.955985636938186,0.004082529805600643,0.0,0.004082529805600643,101749.0546875,0.4746584541981248
-1.2404539585113525,-2.953461805979411,0.0020412649028003216,0.0,0.0020412649028003216,101428.0625,0.03689835734305084
-1.2403618097305298,-2.953242404120309,0.006123794242739677,0.0,0.006123794242739677,101478.390625,0.10553443551717857
-1.239393949508667,-2.950937975020636,0.0,0.0,0.0,101107.0625,-0.40087239397929636
-1.2393018007278442,-2.950718573161534,0.004082529805600643,0.0,0.004082529805600643,100864.75,-0.7313313509257021
-1.2382417917251587,-2.948194742202759,0.0020412649028003216,0.0,0.0020412649028003216,100543.75,-1.1691021022480492
-1.2381993532180786,-2.9480936981382824,0.005557399243116379,0.0,0.005557399243116379,101420.21875,0.026201272200731023
-1.2371817827224731,-2.9456709112439836,0.0,0.0,0.0,100222.75,-1.6068728535703964
-1.237139344215393,-2.945569867179507,0.003516134573146701,0.0,0.003516134573146701,100998.59375,-0.5487990176007788
-1.2360793352127075,-2.9430460362207325,0.0014748696703463793,0.0,0.0014748696703463793,100564.5078125,-1.1407931827030855
-1.236037015914917,-2.942945275987898,0.00499100424349308,0.0,0.00499100424349308,101362.03125,-0.053153200050262986
-1.235862374305725,-2.942529462632679,0.007086973171681166,0.0,0.007086973171681166,101418.3671875,0.023676163456976245
-1.2349770069122314,-2.9404214450291226,0.0029497393406927586,0.0,0.0029497393406927586,100566.1640625,-1.1385344356411613
-1.2349696159362793,-2.9404038474673317,0.0,0.0,0.0,101579.0234375,0.2427746284636144
-1.2338672876358032,-2.937779256275722,0.0014748696703463793,0.0,0.0014748696703463793,101364.5234375,-0.0497544249901036
-1.2337000370025635,-2.937381040482294,0.006520578172057867,0.0,0.006520578172057867,101360.1796875,-0.055678308794017764
-1.232757568359375,-2.9351370675223216,0.0,0.0,0.0,101355.6796875,-0.061815281943396465
-1.2318967580795288,-2.9330875192369734,0.004725418519228697,0.0,0.004725418519228697,101355.4296875,-0.06215622489613973
-1.231722116470337,-2.932671705881755,0.006821387447416782,0.0,0.006821387447416782,101266.6953125,-0.18316966418545094
-1.2316551208496094,-2.93251219249907,0.0014748696703463793,0.0,0.0014748696703463793,101141.1796875,-0.35434433539711446
-1.2307870388031006,-2.930445330483573,0.003250548616051674,0.0,0.003250548616051674,101681.578125,0.38263582035926397
-1.2305454015731812,-2.9298700037456693,0.0,0.0,0.0,102486.0546875,1.4797582788852583
-1.2299188375473022,-2.928378184636434,0.005026227794587612,0.0,0.005026227794587612,101319.8515625,-0.11067666885841507
-1.2297443151474,-2.927962655112857,0.007122197188436985,0.0,0.007122197188436985,101163.5,-0.32390452239750517
-1.2296773195266724,-2.9278031417301724,0.0017756790621206164,0.0,0.0017756790621206164,102105.7890625,0.9611627388282119
-1.2288092374801636,-2.925736279714675,0.003551358124241233,0.0,0.003551358124241233,101725.515625,0.44255654430389213
-1.2283333539962769,-2.924603223800659,0.0,0.0,0.0,101830.9765625,0.5863811980251822
-1.2279410362243652,-2.9236691338675365,0.0053270370699465275,0.0,0.0053270370699465275,101212.796875,-0.25667483390344337
-1.227465271949768,-2.9225363617851623,0.0017756790621206164,0.0,0.0017756790621206164,101450.703125,0.06777500350086242
-1.2269867658615112,-2.9213970615750267,0.007364463526755571,0.0,0.007364463526755571,101307.5,-0.1275213816173868
-1.2265970706939697,-2.920469215938023,0.003551358124241233,0.0,0.003551358124241233,101867.0625,0.6355941823602173
-1.2261213064193726,-2.919336443855649,0.0,0.0,0.0,101175.8828125,-0.30701719176944053
-1.2256114482879639,-2.9181224959237237,0.005453761667013168,0.0,0.005453761667013168,101253.71875,-0.20086673432628083
-1.2252531051635742,-2.91726929800851,0.0017756790621206164,0.0,0.0017756790621206164,101803.9765625,0.54955935912891
-1.2246571779251099,-2.915850423631214,0.007491188123822212,0.0,0.007491188123822212,101295.546875,-0.14382271654542397
-1.2242674827575684,-2.9149225779942105,0.00367808248847723,0.0,0.00367808248847723,101491.078125,0.12283729036889908
-1.2239091396331787,-2.914069380078997,0.0,0.0,0.0,102567.015625,1.5901705232377088
-1.223281741142273,-2.912575574148269,0.005580485798418522,0.0,0.005580485798418522,101290.109375,-0.1512382257675899
-1.2229233980178833,-2.9117223762330555,0.0019024033099412918,0.0,0.0019024033099412918,102117.265625,0.9768141512525822
-1.2219377756118774,-2.909375656218756,0.0038048066198825836,0.0,0.0038048066198825836,101667.5078125,0.3634471248001823
-1.2216969728469849,-2.908802316302345,0.0,0.0,0.0,101887.15625,0.6629974721869568
-1.220952033996582,-2.9070286523728144,0.005707209929823875,0.0,0.005707209929823875,101266.8515625,-0.1829565748399864
-1.220711350440979,-2.9064555962880454,0.0019024033099412918,0.0,0.0019024033099412918,101437.3984375,0.049630445734556994
-1.2197256088256836,-2.9041085924421037,0.0038048066198825836,0.0,0.0038048066198825836,100987.640625,-0.5637365807178428
-1.2194849252700806,-2.9035355363573347,0.0,0.0,0.0,101207.28125,-0.26419688779834155
-1.218611478805542,-2.901455901917957,0.0057455627247691154,0.0,0.0057455627247691154,101521.0703125,0.16373979023081717
-1.2184991836547852,-2.9011885325113935,0.0019024033099412918,0.0,0.0019024033099412918,100757.53125,-0.8775532597834682
-1.2173850536346436,-2.8985358419872465,0.0038431594148278236,0.0,0.0038431594148278236,101426.9296875,0.03535345958843294
-1.2172727584838867,-2.898268472580683,0.0,0.0,0.0,102534.40625,1.5456987768392596
-1.2162708044052124,-2.895882867631458,0.0057839155197143555,0.0,0.0057839155197143555,101148.7421875,-0.3440308110766308
-1.2161586284637451,-2.8956157820565362,0.0019407561048865318,0.0,0.0019407561048865318,102090.65625,0.9405250357199714
-1.2150607109069824,-2.8930016926356728,0.0,0.0,0.0,101861.109375,0.6274754782980183
-1.215044379234314,-2.8929628077007474,0.0038815122097730637,0.0,0.0038815122097730637,101646.8984375,0.33534064013340975
-1.2139464616775513,-2.890348718279884,0.0019407561048865318,0.0,0.0019407561048865318,101417.3515625,0.022291082711456748
-1.2139301300048828,-2.890309833344959,0.0058222683146595955,0.0,0.0058222683146595955,101203.1328125,-0.2698544099204251
-1.2128485441207886,-2.8877346288590204,0.0,0.0,0.0,101187.8046875,-0.29075847471049626
-1.2128322124481201,-2.8876957439240956,0.0038815122097730637,0.0,0.0038815122097730637,100973.5859375,-0.582903967342378
-1.2117342948913574,-2.885081654503232,0.0019407561048865318,0.0,0.0019407561048865318,100744.0390625,-0.8959535247643311
-1.21158766746521,-2.8847325415838334,0.005805676802992821,0.0,0.005805676802992821,101307.25,-0.12786232457013005
-1.2106363773345947,-2.8824675650823686,0.0,0.0,0.0,102511.265625,1.5141402447759615
-1.2104897499084473,-2.88211845216297,0.0038649209309369326,0.0,0.0038649209309369326,101400.578125,-0.0005840585241614246
-1.2093918323516846,-2.8795043627421064,0.0019241648260504007,0.0,0.0019241648260504007,102073.71875,0.9174261506716154
-1.209245204925537,-2.8791552498227073,0.005789085756987333,0.0,0.005789085756987333,101144.9453125,-0.3492088821714191
-1.2084243297576904,-2.8772007851373584,0.0,0.0,0.0,101836.390625,0.5937647438455284
-1.2081472873687744,-2.876541160401844,0.0038483296521008015,0.0,0.0038483296521008015,101636.1640625,0.320701402099996
-1.2071796655654907,-2.874237298965454,0.0019241648260504007,0.0,0.0019241648260504007,101398.8359375,-0.002960004726091025
-1.2069026231765747,-2.87357767422994,0.0057724942453205585,0.0,0.0057724942453205585,101320.6328125,-0.10961122213109237
-1.2062121629714966,-2.871933721360706,0.0,0.0,0.0,101161.515625,-0.3266107570849048
-1.2059351205825806,-2.871274096625192,0.0038483296521008015,0.0,0.0038483296521008015,100961.296875,-0.599663444363164
-1.2049674987792969,-2.8689702351888022,0.0019241648260504007,0.0,0.0019241648260504007,100723.96875,-0.923324851189251
-1.2045681476593018,-2.868019399188814,0.005676815286278725,0.0,0.005676815286278725,101335.2265625,-0.08970867726470451
-1.2039999961853027,-2.8666666575840543,0.0,0.0,0.0,100486.640625,-1.246986258015338
-1.2036006450653076,-2.865715821584066,0.003752650460228324,0.0,0.003752650460228324,101348.4296875,-0.07170262757295104
-1.202633023262024,-2.863411960147676,0.0018284856341779232,0.0,0.0018284856341779232,101194.734375,-0.281307962239144
-1.2022336721420288,-2.862461124147688,0.005581136327236891,0.0,0.005581136327236891,101364.0078125,-0.05045761983013658
-1.2017878293991089,-2.8613995938074024,0.0,0.0,0.0,101841.828125,0.6011802530676943
-1.2012660503387451,-2.860157262711298,0.0036569712683558464,0.0,0.0036569712683558464,100969.703125,-0.5881992375771719
-1.2004209756851196,-2.858145180202666,0.0018284856341779232,0.0,0.0018284856341779232,101383.1796875,-0.024311557141637748
-1.1998990774154663,-2.85690256527492,0.00548545690253377,0.0,0.00548545690253377,101383.46875,-0.02391734185252835
-1.1995757818222046,-2.856132813862392,0.0,0.0,0.0,101197.921875,-0.2769609395916674
-1.1990540027618408,-2.854890482766288,0.0036569712683558464,0.0,0.0036569712683558464,100924.515625,-0.6498246762855163
-1.1982088088989258,-2.8528781164260137,0.0018284856341779232,0.0,0.0018284856341779232,100739.265625,-0.9024634042682728
-1.198080062866211,-2.852571578252883,0.007330053485929966,0.0,0.007330053485929966,101427.4921875,0.03612058123210527
-1.197918176651001,-2.8521861348833357,0.005161487963050604,0.0,0.005161487963050604,101348.359375,-0.07179851777841008
-1.1973636150360107,-2.85086575008574,0.0,0.0,0.0,100554.0,-1.1551234411855755
-1.1970731019973755,-2.8501740523747037,0.0033330025617033243,0.0,0.0033330025617033243,101142.4609375,-0.3525970027643052
-1.1962279081344604,-2.84816168603443,0.0015045169275254011,0.0,0.0015045169275254011,101626.765625,0.307884077970304
-1.1960991621017456,-2.8478551478612992,0.0070060845464468,0.0,0.0070060845464468,101392.375,-0.011771249161049678
-1.1959373950958252,-2.8474699883233936,0.004837519489228725,0.0,0.004837519489228725,101313.21875,-0.11972231157338471
-1.1951515674591064,-2.84559897014073,0.0,0.0,0.0,101522.765625,0.1660518096291074
-1.1950922012329102,-2.8454576219831194,0.0030090338550508022,0.0,0.0030090338550508022,101459.984375,0.08043251062145598
-1.1941183805465698,-2.8431390013013567,0.006682116072624922,0.0,0.006682116072624922,101301.6328125,-0.13552288653958022
-1.1940158605575562,-2.8428949060894193,0.0015045169275254011,0.0,0.0015045169275254011,101355.984375,-0.061399757719740614
-1.1939564943313599,-2.8427535579318093,0.00451355054974556,0.0,0.00451355054974556,101354.1484375,-0.06390355752894894
-1.1929394006729126,-2.8403319063640775,0.0,0.0,0.0,101251.9765625,-0.20324268052821043
-1.1928801536560059,-2.8401908420381092,0.0030090338550508022,0.0,0.0030090338550508022,102208.0,1.1005551341638395
-1.1919163465499878,-2.8378960632142567,0.0071986159309744835,0.0,0.0071986159309744835,101243.7109375,-0.2145151069032845
-1.1918036937713623,-2.8376278423127674,0.0015045169275254011,0.0,0.0015045169275254011,102335.640625,1.2746278204738206
-1.1917545795440674,-2.837510903676351,0.005030050408095121,0.0,0.005030050408095121,101296.234375,-0.14288512342538
-1.1907272338867188,-2.8350648425874256,0.0,0.0,0.0,102905.2109375,2.0513917570284286
-1.1906781196594238,-2.8349479039510093,0.003525533713400364,0.0,0.003525533713400364,101783.2265625,0.5212610940512193
-1.1896016597747803,-2.8323849042256675,0.002021016785874963,0.0,0.002021016785874963,102335.515625,1.2744573489974491
-1.1895525455474854,-2.832267965589251,0.005546550266444683,0.0,0.005546550266444683,101238.3203125,-0.22186668932181108
-1.1885151863098145,-2.8297980626424155,0.0,0.0,0.0,102010.21875,0.8308266406748271
-1.1884760856628418,-2.8297049658639093,0.004042033571749926,0.0,0.004042033571749926,101765.8125,0.4975122864991965
-1.187389612197876,-2.8271181242806573,0.002021016785874963,0.0,0.002021016785874963,101440.5234375,0.05389223264384776
-1.1873505115509033,-2.8270250275021507,0.006063050124794245,0.0,0.006063050124794245,101459.21875,0.07938837282867975
-1.1863030195236206,-2.8245309988657636,0.0,0.0,0.0,101115.21875,-0.38974913014604745
-1.1862640380859375,-2.8244381859188987,0.004042033571749926,0.0,0.004042033571749926,100870.8125,-0.723063484321678
-1.1851774454116821,-2.821851060504005,0.002021016785874963,0.0,0.002021016785874963,100545.515625,-1.1666941926443
-1.1840908527374268,-2.8192639350891113,0.0,0.0,0.0,100220.203125,-1.6103462099014685
-1.1830062866210938,-2.816681634812128,0.0014871472958475351,0.0,0.0014871472958475351,100599.8203125,-1.0926349906280999
-1.1828433275222778,-2.8162936369578047,0.007108386605978012,0.0,0.007108386605978012,101408.3359375,0.009995827478152895
-1.1819217205047607,-2.8140993345351446,0.0029742945916950703,0.0,0.0029742945916950703,100589.1171875,-1.1072316107924207
-1.1818788051605225,-2.813997155144101,0.0,0.0,0.0,101598.0625,0.26873956520846837
-1.1808371543884277,-2.8115170342581615,0.004461441654711962,0.0,0.004461441654711962,101294.421875,-0.14535695983276864
-1.1807942390441895,-2.811414854867118,0.0014871472958475351,0.0,0.0014871472958475351,101377.1328125,-0.032558114811115375
-1.1806721687316895,-2.8111242112659274,0.006574517115950584,0.0,0.006574517115950584,101353.40625,-0.06491573191990549
-1.1797096729278564,-2.8088325545901345,0.0029742945916950703,0.0,0.0029742945916950703,101156.203125,-0.3338557948306991
-1.1796667575836182,-2.808730375199091,0.0,0.0,0.0,101369.4609375,-0.043020801673424196
-1.178873896598816,-2.8068426109495617,0.004788986872881651,0.0,0.004788986872881651,101337.90625,-0.08605419498998768
-1.1787089109420776,-2.806449787957328,0.006902062334120274,0.0,0.006902062334120274,101255.1953125,-0.19885304001164095
-1.1785821914672852,-2.8061480749221075,0.0014871472958475351,0.0,0.0014871472958475351,101148.546875,-0.34429717275846144
-1.1777464151382446,-2.804158131281535,0.0033018398098647594,0.0,0.0033018398098647594,101694.390625,0.40010914668735614
-1.1774545907974243,-2.8034633114224388,0.0,0.0,0.0,101140.859375,-0.3547811685553168
-1.176910638809204,-2.8021681876409623,0.00511653209105134,0.0,0.00511653209105134,101298.9296875,-0.13920933221611673
-1.1767456531524658,-2.8017753646487282,0.007229607552289963,0.0,0.007229607552289963,101154.9296875,-0.33559247299623507
-1.1766189336776733,-2.801473651613508,0.0018146925140172243,0.0,0.0018146925140172243,102118.1171875,0.977975488185364
-1.1757831573486328,-2.7994837079729353,0.0036293850280344486,0.0,0.0036293850280344486,101726.171875,0.4434515195548432
-1.17524254322052,-2.7981965314774286,0.0,0.0,0.0,101852.2421875,0.6153826579429058
-1.1749473810195923,-2.7974937643323625,0.005444077309221029,0.0,0.005444077309221029,101201.9140625,-0.27151650681504846
-1.1744067668914795,-2.796206587836856,0.0018146925140172243,0.0,0.0018146925140172243,101460.296875,0.08085868931238506
-1.174047589302063,-2.7953514031001503,0.007458649575710297,0.0,0.007458649575710297,101302.0078125,-0.13501147211046532
-1.173570990562439,-2.7942166441962835,0.0036293850280344486,0.0,0.0036293850280344486,101859.0546875,0.6246733534051596
-1.1730303764343262,-2.7929294677007768,0.0,0.0,0.0,101194.4296875,-0.2817234864627998
-1.1726775169372559,-2.7920893260410855,0.005545103922486305,0.0,0.005545103922486305,101259.5546875,-0.19290784727318033
-1.1721946001052856,-2.790939524060204,0.0018146925140172243,0.0,0.0018146925140172243,101778.40625,0.5146872877436383
-1.1713011264801025,-2.788812205905006,0.0037304111756384373,0.0,0.0037304111756384373,101471.421875,0.09603065070946018
-1.1708182096481323,-2.787662403924125,0.0,0.0,0.0,102525.4296875,1.533456793942322
-1.1704076528549194,-2.7866848877498085,0.005646130070090294,0.0,0.005646130070090294,101296.1796875,-0.1429597046962926
-1.1699247360229492,-2.785535085768927,0.0019157187780365348,0.0,0.0019157187780365348,102084.75,0.9324702584614118
-1.1690312623977661,-2.783407767613729,0.0038314375560730696,0.0,0.0038314375560730696,101644.0625,0.3314730685132284
-1.1686060428619385,-2.7823953401474726,0.0,0.0,0.0,101878.421875,0.6510857777754891
-1.1681376695632935,-2.7812801656268893,0.0057471562176942825,0.0,0.0057471562176942825,101261.4140625,-0.19037208406215234
-1.1677125692367554,-2.7802680219922746,0.0019157187780365348,0.0,0.0019157187780365348,101437.734375,0.05008858782730575
-1.1668190956115723,-2.778140703837077,0.0038314375560730696,0.0,0.0038314375560730696,100997.046875,-0.5509086021208777
-1.1663939952850342,-2.7771285602024625,0.0,0.0,0.0,101231.40625,-0.23129589285861687
-1.1658766269683838,-2.7758967308771045,0.005780360195785761,0.0,0.005780360195785761,101289.09375,-0.1526233065131094
-1.165500521659851,-2.7750012420472645,0.0019157187780365348,0.0,0.0019157187780365348,100790.71875,-0.8322930828068003
-1.1645580530166626,-2.772757269087292,0.003864641534164548,0.0,0.003864641534164548,101417.7890625,0.022887732878757453
-1.1641818284988403,-2.7718614964258106,0.0,0.0,0.0,100584.390625,-1.113677563492723
-1.1636155843734741,-2.7705132961273193,0.005813564173877239,0.0,0.005813564173877239,101316.7734375,-0.11487452896406647
-1.1632394790649414,-2.7696178072974798,0.0019489227561280131,0.0,0.0019489227561280131,101319.7109375,-0.11086844926933315
-1.162297010421753,-2.767373834337507,0.0038978455122560263,0.0,0.0038978455122560263,101036.3359375,-0.49732728620381955
-1.161969780921936,-2.7665947164808,0.0,0.0,0.0,101859.484375,0.6252593491051871
-1.1613545417785645,-2.7651298613775346,0.005846768151968718,0.0,0.005846768151968718,101271.9375,-0.1760205166451157
-1.1610273122787476,-2.7643507435208274,0.0019489227561280131,0.0,0.0019489227561280131,101426.3359375,0.03454372007566769
-1.160084843635559,-2.762106770560855,0.0038978455122560263,0.0,0.0038978455122560263,100993.1875,-0.5561719089538517
-1.1597576141357422,-2.761327652704148,0.0,0.0,0.0,101226.5625,-0.23790166256801756
-1.1591110229492188,-2.759788149879092,0.00586424907669425,0.0,0.00586424907669425,101296.7890625,-0.14212865624898088
-1.1588151454925537,-2.7590836797441756,0.0019489227561280131,0.0,0.0019489227561280131,100793.421875,-0.8286066371302638
-1.1578413248062134,-2.756765059062413,0.003915326204150915,0.0,0.003915326204150915,101409.6796875,0.011828395849147922
-1.1575454473495483,-2.7560605889274963,0.0,0.0,0.0,102482.8984375,1.4754538741068748
-1.156867504119873,-2.75444643838065,0.005881729535758495,0.0,0.005881729535758495,101321.6484375,-0.10822614138557288
-1.156571626663208,-2.7537419682457336,0.00196640333160758,0.0,0.00196640333160758,102052.2421875,0.8881370201375146
-1.1555978059768677,-2.751423347563971,0.00393280666321516,0.0,0.00393280666321516,101621.5703125,0.3007988572336081
-1.155333399772644,-2.7507938089824857,0.0,0.0,0.0,101852.4765625,0.6157022919611026
-1.1546239852905273,-2.749104726882208,0.005899209529161453,0.0,0.005899209529161453,101280.234375,-0.1647054724009487
-1.1543595790863037,-2.748475188300723,0.00196640333160758,0.0,0.00196640333160758,101421.8125,0.028374783524469312
-1.1533857583999634,-2.7461565676189603,0.00393280666321516,0.0,0.00393280666321516,101795.4296875,0.5379033719319998
-1.1531212329864502,-2.745526745205834,0.0,0.0,0.0,101222.0390625,-0.24407059911921594
-1.1523855924606323,-2.7437752201443626,0.005908636841922998,0.0,0.005908636841922998,101300.5703125,-0.13697189408873908
-1.1521474123001099,-2.743208124524071,0.00196640333160758,0.0,0.00196640333160758,101685.4375,0.38789912719223807
-1.1511472463607788,-2.7408267770494734,0.003942233510315418,0.0,0.003942233510315418,101406.1328125,0.006991267707102906
-1.1509090662002563,-2.740259681429182,0.0,0.0,0.0,102480.890625,1.4727156760176554
-1.1501470804214478,-2.7384454295748757,0.005918063689023256,0.0,0.005918063689023256,101324.40625,-0.10446511443812377
-1.1499089002609253,-2.7378783339545842,0.001975830178707838,0.0,0.001975830178707838,102050.453125,0.8856971471319457
-1.1489087343215942,-2.7354969864799865,0.003951660357415676,0.0,0.003951660357415676,101620.0,0.2986573093116895
-1.1486968994140625,-2.7349926176525297,0.0,0.0,0.0,101849.1875,0.6112167612390741
-1.1479085683822632,-2.733115639005389,0.005927490070462227,0.0,0.005927490070462227,101280.828125,-0.16389573288818346
-1.147696852684021,-2.732611554009574,0.001975830178707838,0.0,0.001975830178707838,101418.7421875,0.024187577886091136
-1.14669668674469,-2.730230206534976,0.003951660357415676,0.0,0.003951660357415676,100988.2890625,-0.562852259934165
-1.1464848518371582,-2.7297258377075195,0.0,0.0,0.0,101217.4765625,-0.25029280800678044
-1.1456682682037354,-2.727781590961275,0.005927715450525284,0.0,0.005927715450525284,101304.1015625,-0.1321560748812405
-1.1454846858978271,-2.727344490232922,0.001975830178707838,0.0,0.001975830178707838,100787.0390625,-0.8373113368924902
-1.144456386566162,-2.7248961584908624,0.003951885271817446,0.0,0.003951885271817446,101401.7734375,0.0010460749686422922
-1.1442726850509644,-2.7244587739308677,0.0,0.0,0.0,100585.7734375,-1.1117917227853618
-1.1434279680252075,-2.722447542917161,0.005927940830588341,0.0,0.005927940830588341,101327.375,-0.10041641687429755
-1.1432443857192993,-2.722010442188808,0.0019760553259402514,0.0,0.0019760553259402514,101287.453125,-0.15486074464048705
-1.1422160863876343,-2.7195621104467484,0.003952110651880503,0.0,0.003952110651880503,101011.421875,-0.5313043823381401
-1.14206063747406,-2.7191919939858575,0.0,0.0,0.0,101846.0,0.6068697385915975
-1.1411876678466797,-2.717113494873047,0.00592816574499011,0.0,0.00592816574499011,101292.171875,-0.148425446407458
-1.141032338142395,-2.7167436622437977,0.0019760553259402514,0.0,0.0019760553259402514,101415.5234375,0.01979793736952165
-1.1400039196014404,-2.7142950466700966,0.003952110651880503,0.0,0.003952110651880503,100985.046875,-0.5672738638525542
-1.1398485898971558,-2.713925214040847,0.0,0.0,0.0,101212.4140625,-0.2571969027998315
-1.1389427185058594,-2.7117683773949035,0.00591803714632988,0.0,0.00591803714632988,101308.3203125,-0.12640266255369798
-1.1388201713562012,-2.711476598467146,0.0019760553259402514,0.0,0.0019760553259402514,100781.953125,-0.8442473950873609
-1.1377589702606201,-2.7089499291919528,0.003941981587558985,0.0,0.003941981587558985,101397.1328125,-0.005282678591654491
-1.137636423110962,-2.708658150264195,0.0,0.0,0.0,102475.359375,1.4651723131882108
-1.1366976499557495,-2.706422976085118,0.005907908082008362,0.0,0.005907908082008362,101331.4140625,-0.09490805729403924
-1.1365751028060913,-2.7061311971573603,0.001965926494449377,0.0,0.001965926494449377,102046.421875,0.8801994420189606
-1.1355139017105103,-2.703604527882167,0.003931852988898754,0.0,0.003931852988898754,101617.46875,0.295205261915164
-1.135424256324768,-2.7033910864875432,0.0,0.0,0.0,101841.1875,0.6003065867512897
-1.1344525814056396,-2.7010775747753324,0.005897779017686844,0.0,0.005897779017686844,101298.1015625,-0.14033870574707877
-1.134363055229187,-2.70086441721235,0.001965926494449377,0.0,0.001965926494449377,101412.2421875,0.015323061114766348
-1.1333017349243164,-2.6983374641055153,0.003931852988898754,0.0,0.003931852988898754,101781.2265625,0.5185335504292732
-1.1332122087478638,-2.698124306542533,0.0,0.0,0.0,101207.0,-0.26458044862017777
-1.1322020292282104,-2.6957191172100248,0.005880891345441341,0.0,0.005880891345441341,101311.0703125,-0.1226522900735221
-1.1321508884429932,-2.6955973534356983,0.001965926494449377,0.0,0.001965926494449377,101660.0390625,0.3532614540869774
-1.1310511827468872,-2.6929790065402077,0.003914964850991964,0.0,0.003914964850991964,101395.5625,-0.0074242265135731
-1.13100004196167,-2.692857242765881,0.0,0.0,0.0,102464.5546875,1.4504371849493378
-1.1299513578414917,-2.6903603758130754,0.005864003673195839,0.0,0.005864003673195839,101334.234375,-0.09106179460840433
-1.129900336265564,-2.6902388958703907,0.001949038589373231,0.0,0.001949038589373231,102041.7734375,0.8738600339913906
-1.1288005113601685,-2.6876202651432584,0.003898077178746462,0.0,0.003898077178746462,101618.984375,0.29727222856617
-1.1287879943847656,-2.6875904628208707,0.0,0.0,0.0,101834.5390625,0.5912396351017736
-1.127700686454773,-2.685001634416126,0.005847115535289049,0.0,0.005847115535289049,101299.84375,-0.13796275954514917
-1.1276881694793701,-2.6849718320937384,0.001949038589373231,0.0,0.001949038589373231,101411.75,0.014651829676553053
-1.1265883445739746,-2.6823532013666065,0.003898077178746462,0.0,0.003898077178746462,100988.9609375,-0.5619359757486675
-1.1265758275985718,-2.682323399044219,0.0,0.0,0.0,101204.5078125,-0.2679792236803371
-1.1254760026931763,-2.6797047683170865,0.001949038589373231,0.0,0.001949038589373231,100781.7265625,-0.8445563746382845
-1.1254404783248901,-2.679620186487834,0.005855289753526449,0.0,0.005855289753526449,101520.671875,0.1631964123998826
-1.124363660812378,-2.6770563352675665,0.0,0.0,0.0,100574.4765625,-1.127198082462448
-1.1243281364440918,-2.676971753438314,0.003906251396983862,0.0,0.003906251396983862,101410.875,0.01345852934195164
-1.1232157945632935,-2.674323320388794,0.0019572125747799873,0.0,0.0019572125747799873,102054.9140625,0.8917808479449583
-1.1231801509857178,-2.6742384547278997,0.005863463971763849,0.0,0.005863463971763849,101135.6015625,-0.36195162503019845
-1.1221516132354736,-2.6717895553225564,0.0,0.0,0.0,101844.0078125,0.6041528494369246
-1.1220678091049194,-2.6715900216783797,0.003914425149559975,0.0,0.003914425149559975,101625.9375,0.30675470443934194
-1.1210036277770996,-2.669056256612142,0.0019572125747799873,0.0,0.0019572125747799873,101415.03125,0.019126705931308354
-1.1209198236465454,-2.6688567229679654,0.005871637724339962,0.0,0.005871637724339962,101300.375,-0.13723825577056975
-1.1199394464492798,-2.6665224915459045,0.0,0.0,0.0,101204.125,-0.2685012925767252
-1.1198556423187256,-2.666322957901728,0.003914425149559975,0.0,0.003914425149559975,100986.046875,-0.5659100920415812
-1.1187914609909058,-2.66378919283549,0.0019572125747799873,0.0,0.0019572125747799873,100775.140625,-0.8535380905496147
-1.1186676025390625,-2.663494291759673,0.00586318876594305,0.0,0.00586318876594305,101521.6953125,0.16459214761267532
-1.117727279663086,-2.661255427769252,0.0,0.0,0.0,100564.234375,-1.1411660890576483
-1.1176034212112427,-2.660960526693435,0.0039059764239937067,0.0,0.0039059764239937067,101402.96875,0.0026762084614460092
-1.1165392398834229,-2.6584267616271973,0.0019487638492137194,0.0,0.0019487638492137194,101284.2265625,-0.15926103962432978
-1.1164153814315796,-2.65813186055138,0.005854740273207426,0.0,0.005854740273207426,101135.3828125,-0.3622499501138488
-1.115515112876892,-2.6559883639926003,0.0,0.0,0.0,101833.453125,0.589758664150795
-1.1153512001037598,-2.6555980954851424,0.0038975276984274387,0.0,0.0038975276984274387,101016.6484375,-0.5241765437323513
-1.114327073097229,-2.6531596978505454,0.0019487638492137194,0.0,0.0019487638492137194,101409.4296875,0.011487452896404663
-1.1141630411148071,-2.6527691455114457,0.0058462913148105145,0.0,0.0058462913148105145,101905.46875,0.6879715434754007
-1.1133030652999878,-2.65072158404759,0.0,0.0,0.0,101198.2890625,-0.2764601796298258
-1.113139033317566,-2.6503310317084905,0.0038975276984274387,0.0,0.0038975276984274387,101780.5625,0.5176279207110489
-1.1121150255203247,-2.6478929179055353,0.0019487638492137194,0.0,0.0019487638492137194,101655.640625,0.34726298901215064
-1.1119155883789062,-2.6474180675688244,0.005823253188282251,0.0,0.005823253188282251,101521.515625,0.16434709486539112
-1.111090898513794,-2.645454520270938,0.0,0.0,0.0,102450.796875,1.4316746680811854
-1.110891580581665,-2.644979953765869,0.0038744895718991756,0.0,0.0038744895718991756,101396.59375,-0.006017836833507147
-1.1098674535751343,-2.642541556131272,0.0019257257226854563,0.0,0.0019257257226854563,102033.7421875,0.8629072416345133
-1.1096681356430054,-2.6420669896262035,0.005800215061753988,0.0,0.005800215061753988,101137.546875,-0.35929866267916494
-1.1088788509368896,-2.6401877403259277,0.0,0.0,0.0,101821.4921875,0.5734466747554847
-1.1086440086364746,-2.6396285919916065,0.0038514514453709126,0.0,0.0038514514453709126,101616.6796875,0.29412916072056805
-1.10765540599823,-2.637274776186262,0.0019257257226854563,0.0,0.0019257257226854563,101404.4375,0.004679248308812668
-1.107420563697815,-2.6367156278519404,0.005777176935225725,0.0,0.005777176935225725,101316.296875,-0.11552445146773331
-1.1066666841506958,-2.634920676549276,0.0,0.0,0.0,101192.1796875,-0.2847919730374892
-1.1064319610595703,-2.634361812046596,0.0038514514453709126,0.0,0.0038514514453709126,100987.359375,-0.564120141539679
-1.1054432392120361,-2.6320077124096097,0.0019257257226854563,0.0,0.0019257257226854563,100775.125,-0.8535593994841613
-1.105170726776123,-2.6313588732764837,0.005750915966928005,0.0,0.005750915966928005,101312.4375,-0.1207877583007074
-1.104454517364502,-2.629653612772624,0.0,0.0,0.0,100562.859375,-1.1430412752977364
-1.1041821241378784,-2.629005057471139,0.0038251904770731926,0.0,0.0038251904770731926,101396.828125,-0.00569820281531034
-1.1031934022903442,-2.626650957834153,0.0018994647543877363,0.0,0.0018994647543877363,101271.4609375,-0.17667043914878253
-1.1029208898544312,-2.6260021187010265,0.005724654998630285,0.0,0.005724654998630285,101335.296875,-0.08961278705924547
-1.1022424697875977,-2.6243868328276134,0.0,0.0,0.0,101812.3359375,0.5609596391112628
-1.101932168006897,-2.6236480190640403,0.0037989295087754726,0.0,0.0037989295087754726,101017.3203125,-0.5232602595468538
-1.1009812355041504,-2.621383894057501,0.0018994647543877363,0.0,0.0018994647543877363,101399.9609375,-0.0014257614387463504
-1.1006709337234497,-2.620645080293928,0.005698394030332565,0.0,0.005698394030332565,101322.8515625,-0.10658535342549592
-1.1000303030014038,-2.6191197690509616,0.0,0.0,0.0,101183.28125,-0.29692741126169464
-1.0997200012207031,-2.6183809552873885,0.0037989295087754726,0.0,0.0037989295087754726,100987.578125,-0.5638218164560287
-1.0987690687179565,-2.616116830280849,0.0018994647543877363,0.0,0.0018994647543877363,100770.890625,-0.8593341207462502
-1.0984135866165161,-2.6152704443250383,0.0056588416919112206,0.0,0.0056588416919112206,101318.84375,-0.11205109513666134
-1.09781813621521,-2.6138527052743097,0.0,0.0,0.0,100554.203125,-1.1548464250364716
-1.0974626541137695,-2.613006319318499,0.003759377170354128,0.0,0.003759377170354128,101391.8515625,-0.01248509846835588
-1.096511721611023,-2.6107421943119595,0.0018599124159663916,0.0,0.0018599124159663916,101261.34375,-0.19046797426761136
-1.0961562395095825,-2.609895808356149,0.005619289353489876,0.0,0.005619289353489876,101343.421875,-0.07853214109508948
-1.0956060886383057,-2.608585925329299,0.0,0.0,0.0,101796.140625,0.5388729284538634
-1.095205307006836,-2.6076316833496094,0.003719824831932783,0.0,0.003719824831932783,101018.921875,-0.5210760937558423
-1.094862461090088,-2.6068153835478283,0.007493019104003906,0.0,0.007493019104003906,101271.796875,-0.17621229705603378
-1.0942996740341187,-2.6054754143669494,0.0018599124159663916,0.0,0.0018599124159663916,101391.2265625,-0.013337455850214033
-1.093898892402649,-2.6045211723872597,0.005579737015068531,0.0,0.005579737015068531,101332.9140625,-0.09286239957757968
-1.0933940410614014,-2.603319145384289,0.0,0.0,0.0,101167.625,-0.31827896367724134
-1.0929932594299316,-2.6023649034045993,0.003719824831932783,0.0,0.003719824831932783,101743.75,0.46742407091960375
-1.0925521850585938,-2.6013147263299854,0.007411503233015537,0.0,0.007411503233015537,101383.6015625,-0.023736215908883494
-1.0920876264572144,-2.600208634421939,0.0018599124159663916,0.0,0.0018599124159663916,101604.9375,0.27811549640890804
-1.0916231870651245,-2.5991028263455345,0.005517670884728432,0.0,0.005517670884728432,101329.1875,-0.0979445804669089
-1.0911818742752075,-2.598052081607637,0.0,0.0,0.0,102404.4375,1.3684510592818568
-1.0907175540924072,-2.5969465573628745,0.003657758701592684,0.0,0.003657758701592684,101381.796875,-0.02619739784899891
-1.0902764797210693,-2.5958963802882606,0.007349437102675438,0.0,0.007349437102675438,101331.609375,-0.09464169561220857
-1.08981192111969,-2.594790288380214,0.0017978462856262922,0.0,0.0017978462856262922,102008.015625,0.8278220809037771
-1.0893476009368896,-2.5936847641354515,0.005455604754388332,0.0,0.005455604754388332,101357.234375,-0.05969504295602431
-1.0889698266983032,-2.592785301662627,0.0,0.0,0.0,101771.3125,0.5050130314595482
-1.0884419679641724,-2.5915284951527915,0.0035956925712525845,0.0,0.0035956925712525845,101611.5859375,0.28718244805842413
-1.0880008935928345,-2.5904783180781776,0.007287370972335339,0.0,0.007287370972335339,101359.65625,-0.05639215810132397
-1.087599754333496,-2.589523224603562,0.0017978462856262922,0.0,0.0017978462856262922,101374.8828125,-0.03562660138580472
-1.0870718955993652,-2.5882664180937267,0.005393538624048233,0.0,0.005393538624048233,101385.28125,-0.02144550544513971
-1.0867576599121094,-2.5875182378859747,0.0,0.0,0.0,101138.171875,-0.3584463052973068
-1.0862298011779785,-2.5862614313761396,0.0035956925712525845,0.0,0.0035956925712525845,100978.453125,-0.5762662342311577
-1.0856190919876099,-2.584807361875262,0.00716580031439662,0.0,0.00716580031439662,101394.296875,-0.009150250211835858
-1.0853875875473022,-2.5842561608269103,0.0017978462856262922,0.0,0.0017978462856262922,100741.75,-0.8990752836753866
-1.0847904682159424,-2.5828344481331964,0.005267180502414703,0.0,0.005267180502414703,101352.3203125,-0.06639670287088403
-1.0845454931259155,-2.582251174109323,0.0,0.0,0.0,100505.03125,-1.2219056420541619
-1.0839483737945557,-2.580829461415609,0.003469334216788411,0.0,0.003469334216788411,101331.453125,-0.0948547849576731
-1.083337664604187,-2.579375391914731,0.007039441727101803,0.0,0.007039441727101803,101343.453125,-0.07848952322599657
-1.0831061601638794,-2.5788241908663796,0.001671487814746797,0.0,0.001671487814746797,101159.9609375,-0.32873099607227696
-1.0825090408325195,-2.5774024781726657,0.005140821915119886,0.0,0.005140821915119886,101386.0546875,-0.020390713185090246
-1.0823333263397217,-2.576984110332671,0.0,0.0,0.0,101761.0546875,0.4910237159298013
-1.0816669464111328,-2.575397491455078,0.003342975629493594,0.0,0.003342975629493594,100974.3203125,-0.5819024474186948
-1.0810562372207642,-2.5739434219542003,0.006913083605468273,0.0,0.006913083605468273,101312.2421875,-0.12105411998253807
-1.080894112586975,-2.5735574109213695,0.001671487814746797,0.0,0.001671487814746797,101354.21875,-0.0638076673234899
-1.0802276134490967,-2.571970508212135,0.005014463327825069,0.0,0.005014463327825069,101402.2109375,0.001642725135942999
-1.0801212787628174,-2.5717173303876604,0.0,0.0,0.0,101163.9765625,-0.3232545998938383
-1.079454779624939,-2.5701304276784263,0.003342975629493594,0.0,0.003342975629493594,100947.3828125,-0.6186390505767811
-1.0786819458007812,-2.568290347144717,0.001671487814746797,0.0,0.001671487814746797,100757.1484375,-0.8780753286798563
-1.078398585319519,-2.5676156793321883,0.006660031620413065,0.0,0.006660031620413065,101462.4921875,0.08385259461616182
-1.078291416168213,-2.567360514686221,0.004711083602160215,0.0,0.004711083602160215,101343.59375,-0.0782977428150785
-1.0779091119766235,-2.5664502666110085,0.0,0.0,0.0,100566.8984375,-1.137532915717478
-1.0775185823440552,-2.5655204341525124,0.0030395956709980965,0.0,0.0030395956709980965,101126.765625,-0.3740018275162181
-1.0767457485198975,-2.5636803536188038,0.0013681077398359776,0.0,0.0013681077398359776,101525.6640625,0.1700046169874746
-1.0764622688293457,-2.5630054019746327,0.006356651429086924,0.0,0.006356651429086924,101394.234375,-0.009235485950021674
-1.076355218887329,-2.5627505211603077,0.004407703410834074,0.0,0.004407703410834074,101312.390625,-0.12085168510434675
-1.0756970643997192,-2.5611834866659984,0.0,0.0,0.0,101452.2890625,0.06993786035732748
-1.0755823850631714,-2.5609104406265986,0.002736215479671955,0.0,0.002736215479671955,101422.5390625,0.029365648980879414
-1.0745337009429932,-2.558413573673793,0.0013681077398359776,0.0,0.0013681077398359776,101349.1640625,-0.07070110764926771
-1.0744190216064453,-2.558140527634394,0.004104323219507933,0.0,0.004104323219507933,101382.2265625,-0.02561140214897143
-1.0734848976135254,-2.555916422889346,0.0,0.0,0.0,101275.78125,-0.17077851874668806
-1.073370337486267,-2.5556436606815884,0.002736215479671955,0.0,0.002736215479671955,102246.203125,1.152655479129919
-1.072351098060608,-2.553216900144305,0.006564315874129534,0.0,0.006564315874129534,101246.140625,-0.21120156758131095
-1.0723215341567993,-2.5531465098971413,0.0013681077398359776,0.0,0.0013681077398359776,102401.7734375,1.3648178859416864
-1.0722440481185913,-2.5529620193299793,0.004615367855876684,0.0,0.004615367855876684,101319.0234375,-0.11180604238937711
-1.0712727308273315,-2.550649359112694,0.0,0.0,0.0,102926.640625,2.08061696075889
-1.0711952447891235,-2.5504648685455322,0.003247259883210063,0.0,0.003247259883210063,101835.171875,0.592102646950905
-1.070176124572754,-2.5480383918398903,0.007075360044836998,0.0,0.007075360044836998,101209.7578125,-0.26081942167272865
-1.0701465606689453,-2.547968001592727,0.0018791521433740854,0.0,0.0018791521433740854,102359.9765625,1.3078164860299226
-1.0700689554214478,-2.547783227193923,0.005126412026584148,0.0,0.005126412026584148,101255.8125,-0.19801133709705604
-1.0690606832504272,-2.545382579167684,0.0,0.0,0.0,101992.4765625,0.8066303454973288
-1.0690202713012695,-2.545286360241118,0.003758304286748171,0.0,0.003758304286748171,101793.3046875,0.535005356833682
-1.0679343938827515,-2.542700937816075,0.0018791521433740854,0.0,0.0018791521433740854,101425.8046875,0.03381921630108826
-1.0678939819335938,-2.542604718889509,0.005637456197291613,0.0,0.005637456197291613,101293.90625,-0.14606015467280162
-1.0668485164642334,-2.540115515391032,0.0,0.0,0.0,101058.3046875,-0.4673669242315055
-1.0668081045150757,-2.540019296464466,0.003758304286748171,0.0,0.003758304286748171,100859.1328125,-0.7389919128951523
-1.0657222270965576,-2.537433874039423,0.0018791521433740854,0.0,0.0018791521433740854,100491.6328125,-1.240178053427746
-1.0657020807266235,-2.537385906491961,0.005074887070804834,0.0,0.005074887070804834,101419.328125,0.024986662931583154
-1.0655887126922607,-2.537115982600621,0.007038933224976063,0.0,0.007038933224976063,101478.09375,0.10512956576079595
-1.0646363496780396,-2.53484845161438,0.0,0.0,0.0,100124.1328125,-1.7413641939603397
-1.0646162033081055,-2.534800484066918,0.003195734927430749,0.0,0.003195734927430749,100961.5390625,-0.599333155877694
-1.0635303258895874,-2.532215061641875,0.0013165827840566635,0.0,0.0013165827840566635,100488.6328125,-1.2442693688606652
-1.0635101795196533,-2.5321670940944125,0.004512317944318056,0.0,0.004512317944318056,101365.296875,-0.04869963273005414
-1.0633968114852905,-2.531897170203073,0.0064763640984892845,0.0,0.0064763640984892845,101424.0703125,0.03145392456643189
-1.0624241828918457,-2.529581387837728,0.0,0.0,0.0,101481.5234375,0.10980687689374256
-1.061318278312683,-2.5269482816968645,0.0013165827840566635,0.0,0.0013165827840566635,101333.265625,-0.09238294855028446
-1.0612049102783203,-2.5266783578055247,0.005913794972002506,0.0,0.005913794972002506,101315.1484375,-0.11709065815689766
-1.0602121353149414,-2.524314607892718,0.0,0.0,0.0,101334.6171875,-0.09053972571201621
-1.0592806339263916,-2.5220967474437894,0.004217379726469517,0.0,0.004217379726469517,101395.828125,-0.007061974626283385
-1.0591672658920288,-2.5218268235524497,0.0061814263463020325,0.0,0.0061814263463020325,101289.8515625,-0.1515898231876064
-1.0591061115264893,-2.5216812179202126,0.0013165827840566635,0.0,0.0013165827840566635,101186.3671875,-0.29271889668877
-1.0581746101379395,-2.5194633574712846,0.0029007969424128532,0.0,0.0029007969424128532,101700.859375,0.408931045589588
-1.0579999685287476,-2.5190475441160656,0.0,0.0,0.0,101187.7109375,-0.290886328317775
-1.0572429895401,-2.517245213190715,0.004485011100769043,0.0,0.004485011100769043,101370.53125,-0.04156113965699211
-1.0571296215057373,-2.5169752892993746,0.006449057720601559,0.0,0.006449057720601559,101264.546875,-0.18609964268558835
-1.0570684671401978,-2.5168296836671376,0.0015842141583561897,0.0,0.0015842141583561897,102075.3671875,0.9196742432662662
-1.056136965751648,-2.5146118232182095,0.0031684283167123795,0.0,0.0031684283167123795,101743.75,0.46742407091960375
-1.0557879209518433,-2.5137807641710554,0.0,0.0,0.0,101787.0078125,0.5264178562114611
-1.0552053451538086,-2.5123936789376398,0.004752642475068569,0.0,0.004752642475068569,101345.21875,-0.07608161362224729
-1.0548564195632935,-2.5115629037221274,0.0015842141583561897,0.0,0.0015842141583561897,101455.390625,0.07416768386479856
-1.0544862747192383,-2.510681606474377,0.006797176785767078,0.0,0.006797176785767078,101304.3203125,-0.13185774979759016
-1.053924798965454,-2.5093447594415577,0.0031684283167123795,0.0,0.0031684283167123795,102012.1640625,0.8334796030258605
-1.0535757541656494,-2.5085137003944036,0.0,0.0,0.0,101167.03125,-0.3190887031900066
-1.052670955657959,-2.506359418233236,0.005145759787410498,0.0,0.005145759787410498,101176.1875,-0.30660166754578466
-1.0526442527770996,-2.5062958399454756,0.0015842141583561897,0.0,0.0015842141583561897,102090.25,0.9399710034217635
-1.0519518852233887,-2.504647345769973,0.007190294098109007,0.0,0.007190294098109007,101251.171875,-0.2043400906573528
-1.0513904094696045,-2.5033104987371537,0.003561545629054308,0.0,0.003561545629054308,101637.6875,0.32277902321827523
-1.0513635873794556,-2.5032466366177513,0.0,0.0,0.0,102970.828125,2.140878627656261
-1.0501365661621094,-2.500325157528832,0.005538877099752426,0.0,0.005538877099752426,101213.3046875,-0.25598229353068364
-1.05010986328125,-2.5002615792410716,0.001977331470698118,0.0,0.001977331470698118,102347.9296875,1.2913872974946066
-1.0491515398025513,-2.497979856672741,0.0,0.0,0.0,102048.9453125,0.8836408349482129
-1.0488560199737549,-2.49727623803275,0.003954662941396236,0.0,0.003954662941396236,101725.03125,0.44189596733295206
-1.0478976964950562,-2.4949945154644193,0.001977331470698118,0.0,0.001977331470698118,101426.046875,0.034149504786558295
-1.0476021766662598,-2.494290896824428,0.005931993946433067,0.0,0.005931993946433067,101508.796875,0.1470016221445777
-1.046939492225647,-2.492713076727731,0.0,0.0,0.0,101127.0546875,-0.3736076122271087
-1.0466439723968506,-2.4920094580877397,0.003954662941396236,0.0,0.003954662941396236,100803.1328125,-0.8153631343096427
-1.0456856489181519,-2.489727735519409,0.001977331470698118,0.0,0.001977331470698118,100504.1484375,-1.2231095968560366
-1.0455034971237183,-2.489294040770758,0.005293051712214947,0.0,0.005293051712214947,101445.03125,0.06003986026049968
-1.0452569723129272,-2.4887070769355413,0.007275253999978304,0.0,0.007275253999978304,101504.515625,0.14116297407884937
-1.0447273254394531,-2.487446012951079,0.0,0.0,0.0,100205.1484375,-1.6308773683369768
-1.0445451736450195,-2.4870123182024275,0.0033157202415168285,0.0,0.0033157202415168285,100896.7890625,-0.6876373806381986
-1.0435869693756104,-2.4847308794657392,0.0013383886544033885,0.0,0.0013383886544033885,100404.515625,-1.3589860179914992
-1.0434048175811768,-2.4842971847170876,0.004654109012335539,0.0,0.004654109012335539,101381.265625,-0.02692190162357834
-1.0431582927703857,-2.483710220881871,0.006636311300098896,0.0,0.006636311300098896,101440.75,0.05420121219477134
-1.0425152778625488,-2.4821792330060686,0.0,0.0,0.0,101451.28125,0.0685634340790812
-1.042446494102478,-2.482015462148757,0.002676777308806777,0.0,0.002676777308806777,100478.453125,-1.2581521397176798
-1.0413748025894165,-2.479463815689087,0.0013383886544033885,0.0,0.0013383886544033885,101322.65625,-0.1068517151073266
-1.0413060188293457,-2.4793000448317755,0.004015165846794844,0.0,0.004015165846794844,101317.5,-0.11388366350765636
-1.0410596132278442,-2.4787133648282005,0.005997368600219488,0.0,0.005997368600219488,101376.984375,-0.03276054968930669
-1.040303111076355,-2.4769121692294167,0.0,0.0,0.0,101348.421875,-0.07171328204022426
-1.0402343273162842,-2.4767483983721053,0.002676777308806777,0.0,0.002676777308806777,102042.0625,0.8742542492805
-1.0393606424331665,-2.474668196269444,0.004293639212846756,0.0,0.004293639212846756,101635.984375,0.3204563493527118
-1.0391626358032227,-2.474196751912435,0.0013383886544033885,0.0,0.0013383886544033885,102107.2578125,0.9631657786755785
-1.039114236831665,-2.474081516265869,0.0062758419662714005,0.0,0.0062758419662714005,101278.8125,-0.166644585444676
-1.038288950920105,-2.472116549809774,0.0029552506748586893,0.0,0.0029552506748586893,101701.1796875,0.4093678787477903
-1.0380909442901611,-2.471645105452765,0.0,0.0,0.0,102436.40625,1.4120491393639014
-1.0374152660369873,-2.470036347707113,0.004572112578898668,0.0,0.004572112578898668,101295.09375,-0.14444067564727114
-1.0372172594070435,-2.4695649033501037,0.0016168620204553008,0.0,0.0016168620204553008,102077.1484375,0.922103461804562
-1.0371688604354858,-2.469449667703538,0.0065543148666620255,0.0,0.0065543148666620255,101243.09375,-0.21535680981786942
-1.0363435745239258,-2.4674847012474426,0.0032337240409106016,0.0,0.0032337240409106016,101717.8828125,0.43214712977794945
-1.0358788967132568,-2.4663783255077543,0.0,0.0,0.0,101812.7734375,0.5615562892785635
-1.035469889640808,-2.4654044991447814,0.004850585944950581,0.0,0.004850585944950581,101358.609375,-0.057819856715936375
-1.0350052118301392,-2.464298123405093,0.0016168620204553008,0.0,0.0016168620204553008,101453.515625,0.0716106117192241
-1.03451669216156,-2.463134981337048,0.006716369651257992,0.0,0.006716369651257992,101316.1171875,-0.11576950421501753
-1.0341315269470215,-2.462217921302432,0.0032337240409106016,0.0,0.0032337240409106016,101094.234375,-0.4183670292419349
-1.033666729927063,-2.4611112617311024,0.0,0.0,0.0,101189.1328125,-0.2889472152740477
-1.033176302909851,-2.4599435783567882,0.004957262426614761,0.0,0.004957262426614761,101553.90625,0.20852051618018988
-1.0327930450439453,-2.4590310596284413,0.0016168620204553008,0.0,0.0016168620204553008,100829.875,-0.778892892833387
-1.0322229862213135,-2.4576737767174133,0.0068230461329221725,0.0,0.0068230461329221725,101305.5625,-0.13016368950114707
-1.031837821006775,-2.4567567166827975,0.0033404005225747824,0.0,0.0033404005225747824,101491.9140625,0.12397731836713435
-1.0314545631408691,-2.4558441979544505,0.0,0.0,0.0,102490.8359375,1.4862788128564732
-1.0308825969696045,-2.4544823737371537,0.005063938908278942,0.0,0.005063938908278942,101202.953125,-0.2700994626677093
-1.0304993391036987,-2.4535698550088068,0.0017235383857041597,0.0,0.0017235383857041597,102071.0703125,0.9138142862659915
-1.029929280281067,-2.4522125720977783,0.006929722614586353,0.0,0.006929722614586353,101234.5,-0.22707672381841904
-1.0295441150665283,-2.4512955120631625,0.0034470767714083195,0.0,0.0034470767714083195,101651.296875,0.3413391052082365
-1.0292423963546753,-2.450577134177798,0.0,0.0,0.0,101852.9765625,0.6163841778665892
-1.028588891029358,-2.4490211691175188,0.0051706149242818356,0.0,0.0051706149242818356,101273.0625,-0.174486273357771
-1.0282872915267944,-2.448303075063796,0.0017235383857041597,0.0,0.0017235383857041597,101433.2109375,0.04391965127610737
-1.0275352001190186,-2.4465123812357588,0.006970027461647987,0.0,0.006970027461647987,101343.234375,-0.07878784830964693
-1.027332067489624,-2.4460287321181524,0.0034470767714083195,0.0,0.0034470767714083195,101013.4375,-0.5285555297816477
-1.027030348777771,-2.445310354232788,0.0,0.0,0.0,101215.125,-0.2534998026560218
-1.026303768157959,-2.443580400376093,0.005199704319238663,0.0,0.005199704319238663,101518.40625,0.16010661689064679
-1.0260751247406006,-2.4430360112871443,0.0017235383857041597,0.0,0.0017235383857041597,100795.34375,-0.82598563818105
-1.0252500772476196,-2.4410716124943326,0.006999116390943527,0.0,0.006999116390943527,101316.171875,-0.11569492294410494
-1.025046944618225,-2.4405879633767267,0.0034761661663651466,0.0,0.0034761661663651466,101426.4296875,0.03467157368294641
-1.0248181819915771,-2.440043290456136,0.0,0.0,0.0,100577.25,-1.1234157465804524
-1.0240187644958496,-2.4381399154663086,0.00522879371419549,0.0,0.00522879371419549,101170.2578125,-0.3146884082061639
-1.0237900018692017,-2.437595242545718,0.001752627780660987,0.0,0.001752627780660987,101334.4453125,-0.0907741239920272
-1.0229650735855103,-2.435631127584548,0.007028206251561642,0.0,0.007028206251561642,101352.96875,-0.0655123820872062
-1.0227618217468262,-2.4351471946353005,0.003505255561321974,0.0,0.003505255561321974,101078.2734375,-0.4401341058811375
-1.0226061344146729,-2.434776510511126,0.0,0.0,0.0,101822.75,0.5751620439864742
-1.0217336416244507,-2.432699146724883,0.005257883109152317,0.0,0.005257883109152317,101868.234375,0.6371923524512013
-1.0215779542922974,-2.432328462600708,0.001752627780660987,0.0,0.001752627780660987,101414.375,0.018231730680357293
-1.020636796951294,-2.430087611788795,0.0070267971605062485,0.0,0.0070267971605062485,101291.1484375,-0.1498211816202507
-1.0205497741699219,-2.4298804146902904,0.003505255561321974,0.0,0.003505255561321974,101758.5625,0.4876249408696419
-1.020393967628479,-2.4295094467344738,0.0,0.0,0.0,101200.8984375,-0.272901587560568
-1.0194697380065918,-2.427308900015695,0.005252990871667862,0.0,0.005252990871667862,101516.4375,0.1574216911377936
-1.0193657875061035,-2.427061398824056,0.001752627780660987,0.0,0.001752627780660987,101648.8984375,0.33806818375535586
-1.018372893333435,-2.4246973650796075,0.007021904923021793,0.0,0.007021904923021793,101324.890625,-0.10380453746718371
-1.0182857513427734,-2.4244898841494607,0.0035003633238375187,0.0,0.0035003633238375187,101406.7578125,0.007843625088961059
-1.0181818008422852,-2.424242382957822,0.0,0.0,0.0,101539.21875,0.18849011770652327
-1.017205834388733,-2.421918653306507,0.005248098634183407,0.0,0.005248098634183407,101164.625,-0.3223702791101605
-1.0171018838882446,-2.421671152114868,0.0017477355431765318,0.0,0.0017477355431765318,101297.0859375,-0.14172378649259826
-1.0161089897155762,-2.4193071183704196,0.007017012685537338,0.0,0.007017012685537338,101251.171875,-0.2043400906573528
-1.016021966934204,-2.4190999212719144,0.0034954710863530636,0.0,0.0034954710863530636,101054.953125,-0.4719376906917198
-1.0159697532653809,-2.418975603012812,0.0,0.0,0.0,101802.875,0.548057079243385
-1.014941930770874,-2.4165284065973194,0.005243206396698952,0.0,0.005243206396698952,100812.8125,-0.8021622493581146
-1.0148897171020508,-2.4164040883382163,0.0017477355431765318,0.0,0.0017477355431765318,101404.5078125,0.00477513851427171
-1.0138098001480103,-2.4138328574952626,0.0034954710863530636,0.0,0.0034954710863530636,101006.1328125,-0.5385174566821148
-1.013757586479187,-2.4137085392361595,0.0,0.0,0.0,101192.2734375,-0.28466411943021047
-1.0126920938491821,-2.4111716520218622,0.005224471911787987,0.0,0.005224471911787987,101517.28125,0.15857237360330212
-1.012677550315857,-2.4111370245615644,0.0017477355431765318,0.0,0.0017477355431765318,100793.9140625,-0.8279354056920505
-1.0115598440170288,-2.408475819088164,0.003476736368611455,0.0,0.003476736368611455,101399.9765625,-0.0014044525041998965
-1.0115454196929932,-2.4084414754595076,0.0,0.0,0.0,102389.171875,1.3476322302299715
-1.0104421377182007,-2.405814613614764,0.0052057369612157345,0.0,0.0052057369612157345,101165.921875,-0.32060163754280485
-1.010427713394165,-2.4057802699861073,0.0017290008254349232,0.0,0.0017290008254349232,101999.8671875,0.8167094715378015
-1.0093332529067993,-2.4031744116828557,0.0,0.0,0.0,101789.1171875,0.5292945623752324
-1.009310007095337,-2.403119064512707,0.0034580016508698463,0.0,0.0034580016508698463,101610.5546875,0.2857760583783582
-1.0082156658172607,-2.400513490041097,0.0017290008254349232,0.0,0.0017290008254349232,101399.8046875,-0.0016388507842108886
-1.0081923007965088,-2.4004578590393066,0.0051870024763047695,0.0,0.0051870024763047695,101311.4453125,-0.12214087564440722
-1.007121205329895,-2.397907631737845,0.0,0.0,0.0,101189.046875,-0.2890644144140532
-1.0070979595184326,-2.397852284567697,0.0034580016508698463,0.0,0.0034580016508698463,101010.5,-0.532561609476381
-1.0070308446884155,-2.3976924873533703,0.006924943998456001,0.0,0.006924943998456001,101370.0078125,-0.042274988964298314
-1.006003499031067,-2.3952464262644453,0.0017290008254349232,0.0,0.0017290008254349232,100799.734375,-0.8199978275734965
-1.0059523582458496,-2.3951246624901184,0.005170314107090235,0.0,0.005170314107090235,101518.5546875,0.1603090517688381
-1.0049090385437012,-2.3926405679611933,0.0,0.0,0.0,100588.96875,-1.107434045670612
-1.0048580169677734,-2.392519088018508,0.0034413132816553116,0.0,0.0034413132816553116,101402.34375,0.0018238510795878565
-1.0047909021377563,-2.392359290804182,0.0069082556292414665,0.0,0.0069082556292414665,101326.6640625,-0.1013859733961612
-1.0037635564804077,-2.3899132297152565,0.0017123124562203884,0.0,0.0017123124562203884,101286.140625,-0.15665069514238916
-1.0037124156951904,-2.3897914659409296,0.0051536257378757,0.0,0.0051536257378757,101168.4453125,-0.3171602446135525
-1.0026969909667969,-2.387373788016183,0.0,0.0,0.0,101783.0078125,0.520962768967569
-1.0026180744171143,-2.38718589146932,0.003424624912440777,0.0,0.003424624912440777,101052.234375,-0.4756454453028028
-1.0025509595870972,-2.3870260942549932,0.006891567260026932,0.0,0.006891567260026932,101358.7890625,-0.05757480396865215
-1.0015515089035034,-2.3846464497702464,0.0017123124562203884,0.0,0.0017123124562203884,101396.015625,-0.0068062674117259385
-1.0014724731445312,-2.3844582693917413,0.005136937368661165,0.0,0.005136937368661165,101864.25,0.6317585741418555
-1.000484824180603,-2.3821067242395313,0.0,0.0,0.0,101183.828125,-0.29618159855256876
-1.0004059076309204,-2.381918827692668,0.003424624912440777,0.0,0.003424624912440777,101733.7578125,0.4537970072771465
-1.0002942085266113,-2.3816528774443126,0.006832125596702099,0.0,0.006832125596702099,101300.90625,-0.1365137519959903
-0.9993393421173096,-2.379379385993594,0.0017123124562203884,0.0,0.0017123124562203884,101603.265625,0.27583544041243746
-0.9992533922195435,-2.3791747433798656,0.005095056723803282,0.0,0.005095056723803282,101515.875,0.1566545694941213
-0.998272716999054,-2.3768398023787,0.0,0.0,0.0,101472.765625,0.0978632190804552
-0.9981868267059326,-2.376635301680792,0.0033827440347522497,0.0,0.0033827440347522497,101385.3671875,-0.021328306305134215
-0.9980751276016235,-2.376369351432437,0.006790244951844215,0.0,0.006790244951844215,101334.359375,-0.0908913231320327
-0.9971202611923218,-2.374095859981719,0.0016704315785318613,0.0,0.0016704315785318613,101254.875,-0.19928987316984326
-0.9970343112945557,-2.37389121736799,0.005053175613284111,0.0,0.005053175613284111,101167.46875,-0.3184920530227059
-0.9960606098175049,-2.371572880517869,0.0,0.0,0.0,101759.6796875,0.4891485296897134
-0.9959677457809448,-2.3713517756689164,0.0033408631570637226,0.0,0.0033408631570637226,101036.9765625,-0.49645361988741493
-0.9958560466766357,-2.3710858254205616,0.006748363841325045,0.0,0.006748363841325045,101367.8046875,-0.045279548735348306
-0.9949080944061279,-2.3688287962050665,0.0016704315785318613,0.0,0.0016704315785318613,101383.359375,-0.024066504394353528
-0.9948152303695679,-2.368607691356114,0.00501129450276494,0.0,0.00501129450276494,100819.078125,-0.7936173666049866
-0.9938485026359558,-2.366305958657038,0.0,0.0,0.0,101172.2421875,-0.3119821735187643
-0.9937556385993958,-2.3660848538080854,0.0033408631570637226,0.0,0.0033408631570637226,101007.046875,-0.5372708840111472
-0.9936227798461914,-2.365768523443313,0.006660954561084509,0.0,0.006660954561084509,101384.53125,-0.022468334303369492
-0.9926959872245789,-2.3635618743442355,0.0016704315785318613,0.0,0.0016704315785318613,100795.921875,-0.8251972076028312
-0.9926512837409973,-2.363455437478565,0.004935792181640863,0.0,0.004935792181640863,101502.828125,0.13886160914783235
-0.991636335849762,-2.3610388948803855,0.0,0.0,0.0,102260.3828125,1.171993337230826
-0.9915916323661804,-2.3609324580147155,0.003265360603109002,0.0,0.003265360603109002,101343.03125,-0.07906486445875083
-0.9914587736129761,-2.3606161276499433,0.006585451774299145,0.0,0.006585451774299145,101339.2265625,-0.08425359002081233
-0.9905319809913635,-2.3584094785508656,0.0015949290245771408,0.0,0.0015949290245771408,101893.3828125,0.6714890826037186
-0.990487277507782,-2.358303041685195,0.004860289394855499,0.0,0.004860289394855499,101147.84375,-0.34525607481305187
-0.9894276261329651,-2.3557800622213456,0.0031898580491542816,0.0,0.0031898580491542816,101526.3828125,0.17098482797661146
-0.9894242286682129,-2.3557719730195545,0.0,0.0,0.0,101797.7421875,0.5410570942448749
-0.9892948269844055,-2.3554638737723943,0.006509949453175068,0.0,0.006509949453175068,101265.5078125,-0.18478914321098144
-0.9883198738098145,-2.3531425566900346,0.0015949290245771408,0.0,0.0015949290245771408,101430.7421875,0.040552839617767664
-0.987215518951416,-2.3505131403605146,0.0031898580491542816,0.0,0.0031898580491542816,101063.7265625,-0.459972723943886
-0.9872121214866638,-2.3505050511587235,0.0,0.0,0.0,101335.0859375,-0.08990045767562259
-0.9870763421058655,-2.3501817669187273,0.006379866041243076,0.0,0.006379866041243076,101396.1640625,-0.0066038325335346275
-0.9864895939826965,-2.348784747577849,0.00469603855162859,0.0,0.00469603855162859,101458.0703125,0.07782216613951538
-0.9861077666282654,-2.3478756348292036,0.0015949290245771408,0.0,0.0015949290245771408,100968.0859375,-0.5904047123027298
-0.9853818416595459,-2.346147242046538,0.0031011097598820925,0.0,0.0031011097598820925,101312.5234375,-0.1206705591607019
-0.9852426648139954,-2.3458158686047508,0.006291117984801531,0.0,0.006291117984801531,101338.3359375,-0.0854681992899602
-0.9850000143051147,-2.3452381292978925,0.0,0.0,0.0,100872.4296875,-0.7208580095961201
-0.9846559166908264,-2.3444188492638727,0.004607290495187044,0.0,0.004607290495187044,101061.984375,-0.4623486701458156
-0.9842740893363953,-2.343509736515227,0.0015061807353049517,0.0,0.0015061807353049517,101689.140625,0.3929493446797476
-0.9835481643676758,-2.3417813437325616,0.0030123614706099033,0.0,0.0030123614706099033,101543.40625,0.1942009121649729
-0.9834089279174805,-2.3414498283749534,0.006202369462698698,0.0,0.006202369462698698,101263.453125,-0.1875912681038401
-0.9828221797943115,-2.3400528090340753,0.004518541973084211,0.0,0.004518541973084211,102494.2890625,1.4909880873912396
-0.9827879071235657,-2.339971207437061,0.0,0.0,0.0,101188.046875,-0.2904281862250262
-0.9820619821548462,-2.3382428146543957,0.0015061807353049517,0.0,0.0015061807353049517,101042.3203125,-0.48916596427252773
-0.9819025993347168,-2.337863331749326,0.007214964367449284,0.0,0.007214964367449284,101332.2265625,-0.09379999269762364
-0.9813359975814819,-2.3365142799559093,0.0030123614706099033,0.0,0.0030123614706099033,102070.5625,0.9131217458932317
-0.9813159108161926,-2.336466454324268,0.005531137343496084,0.0,0.005531137343496084,102450.5703125,1.4313656885302617
-0.9805757999420166,-2.33470428557623,0.0,0.0,0.0,100541.234375,-1.1725328407100284
-0.9798498153686523,-2.332975750877744,0.0015061807353049517,0.0,0.0015061807353049517,101646.828125,0.3352447499279507
-0.9798296689987183,-2.3329277833302817,0.004024956375360489,0.0,0.004024956375360489,102026.8515625,0.8535100014995272
-0.979809582233429,-2.3328799576986405,0.00654373224824667,0.0,0.00654373224824667,102406.8515625,1.371743289669284
-0.9783636331558228,-2.3294372217995782,0.0,0.0,0.0,101223.0859375,-0.24264290050460355
-0.9783434867858887,-2.329389254252116,0.002518775872886181,0.0,0.002518775872886181,101603.109375,0.2756223510669729
-0.9783234000205994,-2.3293414286204746,0.005037551745772362,0.0,0.005037551745772362,101983.125,0.7938769481712762
-0.976737916469574,-2.3255664677847,0.0016255228547379375,0.0,0.0016255228547379375,101461.3515625,0.08229704239427069
-0.9767178297042847,-2.325518642153059,0.00414429884403944,0.0,0.00414429884403944,100944.1875,-0.6229967276915309
-0.9766976833343506,-2.325470674605597,0.006663074716925621,0.0,0.006663074716925621,101050.75,-0.4776697940847159
-0.9761515259742737,-2.324170299938747,0.0,0.0,0.0,102507.3984375,1.5088662834757143
-0.9751121997833252,-2.321695713769822,0.003251045709475875,0.0,0.003251045709475875,100690.3359375,-0.9691923328004929
-0.9750921130180359,-2.321647888138181,0.005769821815192699,0.0,0.005769821815192699,101042.484375,-0.48894222045978997
-0.9745258092880249,-2.320299545923869,0.0016255228547379375,0.0,0.0016255228547379375,101822.8671875,0.5753218609955726
-0.9739394187927246,-2.318903378077916,0.0,0.0,0.0,101894.9765625,0.673662593927457
-0.9734864830970764,-2.317824959754944,0.0048765684477984905,0.0,0.0048765684477984905,101120.90625,-0.3819926779711383
-0.9729000926017761,-2.316428791908991,0.003251045709475875,0.0,0.003251045709475875,101138.3203125,-0.3582438704191155
-0.9723137021064758,-2.3150326240630377,0.0016255228547379375,0.0,0.0016255228547379375,101210.4453125,-0.25988182855268466
-0.9717366695404053,-2.313658737000965,0.005433681420981884,0.0,0.005433681420981884,101110.3046875,-0.39645079006090717
-0.9717272520065308,-2.313636314301264,0.0,0.0,0.0,102619.109375,1.6612145110155858
-0.971150279045105,-2.312262569155012,0.0038081584498286247,0.0,0.0038081584498286247,101831.796875,0.587499917088871
-0.9705638885498047,-2.3108664013090587,0.0021826354786753654,0.0,0.0021826354786753654,102151.8671875,1.0240027868057042
-0.9699868559837341,-2.309492514246986,0.00599079392850399,0.0,0.00599079392850399,101099.703125,-0.4109089021506761
-0.9695152044296265,-2.3083695343562534,0.0,0.0,0.0,101894.0546875,0.6724053667892163
-0.9694004654884338,-2.308096346401033,0.004365270957350731,0.0,0.004365270957350731,101684.6171875,0.38678040812854925
-0.9683517813682556,-2.3055994794482277,0.0021826354786753654,0.0,0.0021826354786753654,101426.8125,0.03519364257933453
-0.968237042427063,-2.305326291493007,0.006547906436026096,0.0,0.006547906436026096,101089.09375,-0.42537766870771826
-0.9673030972480774,-2.3031026124954224,0.0,0.0,0.0,101168.9921875,-0.31641443190442664
-0.9671883583068848,-2.302829424540202,0.004365270957350731,0.0,0.004365270957350731,100959.546875,-0.6020500450323668
-0.9670137166976929,-2.302413611184983,0.007421636022627354,0.0,0.007421636022627354,101423.328125,0.030441750175475332
-0.9661912322044373,-2.30045531477247,0.006241330411285162,0.0,0.006241330411285162,101500.390625,0.13553741535858554
-0.9661396741867065,-2.3003325575873967,0.0021826354786753654,0.0,0.0021826354786753654,100701.75,-0.9536261561143083
-0.965142548084259,-2.2979584478196644,0.0040586949326097965,0.0,0.0040586949326097965,101233.7421875,-0.22811020714392205
-0.9650909304618835,-2.2978355487187705,0.0,0.0,0.0,100443.921875,-1.3052448850653426
-0.9649679064750671,-2.297542634464446,0.007115059997886419,0.0,0.007115059997886419,101429.0390625,0.0382301657522042
-0.9641454219818115,-2.295584338051932,0.005934754386544228,0.0,0.005934754386544228,101092.46875,-0.42077493884568423
-0.9640938639640808,-2.295461580866859,0.0018760593375191092,0.0,0.0018760593375191092,100967.1015625,-0.5917471751791564
-0.9630967378616333,-2.293087471099127,0.0037521186750382185,0.0,0.0037521186750382185,100825.8203125,-0.7844225613481918
-0.9629220962524414,-2.292671657743908,0.006808483973145485,0.0,0.006808483973145485,101443.359375,0.05775980426402912
-0.9628788232803345,-2.2925686268579395,0.0,0.0,0.0,101688.78125,0.3924592391851792
-0.9620996117591858,-2.290713361331395,0.005628177896142006,0.0,0.005628177896142006,101951.5078125,0.7507583191165269
-0.961881697177887,-2.290194517090207,0.0018760593375191092,0.0,0.0018760593375191092,101387.0625,-0.019016286906843975
-0.9608846306800842,-2.2878205492382957,0.0037521186750382185,0.0,0.0037521186750382185,101916.546875,0.7030795780688365
-0.9606667160987854,-2.287301704997108,0.0,0.0,0.0,101238.4453125,-0.22169621784543944
-0.9600008130073547,-2.2857162214460827,0.005800627637654543,0.0,0.005800627637654543,101551.6328125,0.20542006620368083
-0.9596695899963379,-2.284927595229376,0.0018760593375191092,0.0,0.0018760593375191092,101881.578125,0.6553901825538728
-0.9587857723236084,-2.282823267437163,0.003924568183720112,0.0,0.003924568183720112,101516.671875,0.15774132515599043
-0.9584545493125916,-2.282034641220456,0.0,0.0,0.0,102509.078125,1.511156993939458
-0.9579019546508789,-2.2807189396449496,0.005973076913505793,0.0,0.005973076913505793,101151.7421875,-0.3399394956437117
-0.9575707316398621,-2.279930313428243,0.0020485087297856808,0.0,0.0020485087297856808,102084.96875,0.9327685835450622
-0.9566869139671326,-2.27782598563603,0.0040970174595713615,0.0,0.0040970174595713615,101660.8515625,0.354369518683393
-0.9562424421310425,-2.276767719359625,0.0,0.0,0.0,101854.9375,0.6190584491521691
-0.9558030962944031,-2.275721657843817,0.006145525723695755,0.0,0.006145525723695755,101264.8359375,-0.18570542739647894
-0.955358624458313,-2.274663391567412,0.0020485087297856808,0.0,0.0020485087297856808,101430.8203125,0.040659384290499936
-0.9544748067855835,-2.2725590637751987,0.0040970174595713615,0.0,0.0040970174595713615,101006.703125,-0.5377396805711692
-0.9540303349494934,-2.2715007974987937,0.0,0.0,0.0,101200.78125,-0.2730614045696664
-0.9535337090492249,-2.270318354879107,0.00618196465075016,0.0,0.00618196465075016,101288.8828125,-0.15291097712948654
-0.9531464576721191,-2.26939632779076,0.0020485087297856808,0.0,0.0020485087297856808,100776.65625,-0.8514711238986087
-0.9522053599357605,-2.2671556188946678,0.0041334559209644794,0.0,0.0041334559209644794,101420.4921875,0.026574178555293964
-0.9518181681632996,-2.266233733722142,0.0,0.0,0.0,100546.609375,-1.1652025672260482
-0.9512642621994019,-2.264914909998576,0.006218403112143278,0.0,0.006218403112143278,101312.921875,-0.12012718132976732
-0.9508770704269409,-2.26399302482605,0.0020849471911787987,0.0,0.0020849471911787987,101311.90625,-0.12151226207528683
-0.9499359726905823,-2.2617523159299577,0.004169894382357597,0.0,0.004169894382357597,101014.71875,-0.5268081971488384
-0.9496060609817505,-2.260966811861311,0.0,0.0,0.0,101879.2578125,0.6522258057737245
-0.9489948153495789,-2.259511465118045,0.006254841107875109,0.0,0.006254841107875109,101279.015625,-0.16636756929557212
-0.9486649632453918,-2.258726102965219,0.0020849471911787987,0.0,0.0020849471911787987,101427.125,0.035619821270263606
-0.9477238655090332,-2.2564853940691267,0.004169894382357597,0.0,0.004169894382357597,100975.0,-0.580975508765924
-0.9473939538002014,-2.2556998900004794,0.0,0.0,0.0,101224.3359375,-0.24093818574088724
-0.9467193484306335,-2.254093686739604,0.006264460738748312,0.0,0.006264460738748312,101296.484375,-0.14254418047263676
-0.9464528560638428,-2.253459181104388,0.0020849471911787987,0.0,0.0020849471911787987,100772.203125,-0.857544170244348
-0.9454483389854431,-2.2510674737748646,0.004179513547569513,0.0,0.004179513547569513,101400.40625,-0.0008184568041724165
-0.9451818466186523,-2.2504329681396484,0.0,0.0,0.0,100569.421875,-1.1340915227882258
-0.9444438219070435,-2.248675766445342,0.006274080369621515,0.0,0.006274080369621515,101316.71875,-0.11494911023497906
-0.9441773295402527,-2.2480412608101257,0.0020945665892213583,0.0,0.0020945665892213583,102075.7109375,0.9201430398262883
-0.943172812461853,-2.2456495534806025,0.004189133178442717,0.0,0.004189133178442717,101624.421875,0.3046877377883359
-0.9429697394371033,-2.2451660462788174,0.0,0.0,0.0,101875.6171875,0.6472608240244007
-0.9421682953834534,-2.2432578461510797,0.006283699534833431,0.0,0.006283699534833431,101285.953125,-0.1569064023569466
-0.9419652223587036,-2.2427743389492942,0.0020945665892213583,0.0,0.0020945665892213583,101424.328125,0.03180552198644838
-0.940960705280304,-2.2403826316197715,0.004189133178442717,0.0,0.004189133178442717,101799.0546875,0.542847044746777
-0.9407576322555542,-2.2398991244179864,0.0,0.0,0.0,101224.234375,-0.2410766938154392
-0.9399081468582153,-2.237876540138608,0.006282847374677658,0.0,0.006282847374677658,101300.4765625,-0.1370997476960178
-0.9397531151771545,-2.2375074170884632,0.0020945665892213583,0.0,0.0020945665892213583,101682.25,0.3835521045447615
-0.9387005567550659,-2.2350013256073,0.004188280552625656,0.0,0.004188280552625656,101396.5625,-0.006060454702600055
-0.9385454654693604,-2.234632060641334,0.0,0.0,0.0,102515.3046875,1.5196486043562198
-0.9376479983329773,-2.2324952341261364,0.006281994748860598,0.0,0.006281994748860598,101319.5234375,-0.1111241564838906
-0.9374929666519165,-2.2321261110759916,0.0020937141962349415,0.0,0.0020937141962349415,102068.0,0.9096270806276133
-0.9364404082298279,-2.2296200195948286,0.004187428392469883,0.0,0.004187428392469883,101620.6875,0.2995949024317335
-0.9363333582878113,-2.229365138780503,0.0,0.0,0.0,101868.09375,0.6370005720402832
-0.9353878498077393,-2.227113928113665,0.0062811425887048244,0.0,0.0062811425887048244,101918.4296875,0.7056473046816841
-0.9352807998657227,-2.2268590472993397,0.0020937141962349415,0.0,0.0020937141962349415,101420.7890625,0.026979048311676586
-0.9342283010482788,-2.224353097733997,0.004187428392469883,0.0,0.004187428392469883,101797.7890625,0.5411210210485142
-0.9341212511062622,-2.224098216919672,0.0,0.0,0.0,101220.875,-0.24565811474292676
-0.9331387281417847,-2.221758876528059,0.006272553000599146,0.0,0.006272553000599146,101514.6640625,0.1550031270667711
-0.9330686926841736,-2.2215921254385087,0.0020937141962349415,0.0,0.0020937141962349415,101677.1328125,0.3765734284807979
-0.9319791197776794,-2.21899790423257,0.004178838804364204,0.0,0.004178838804364204,101394.0234375,-0.0095231565663988
-0.9319090843200684,-2.21883115314302,0.0,0.0,0.0,101556.4765625,0.21202583591308152
-0.9308896064758301,-2.2164038249424527,0.006263963412493467,0.0,0.006263963412493467,101110.8984375,-0.3956410505481419
-0.930819571018219,-2.2162370738529025,0.002085124608129263,0.0,0.002085124608129263,101273.3671875,-0.17407074913411516
-0.9297299981117249,-2.213642852646964,0.004170249216258526,0.0,0.004170249216258526,100990.2421875,-0.5601886431158583
-0.9296969771385193,-2.213564231282189,0.0,0.0,0.0,101862.59375,0.6294998270799315
-0.9286404252052307,-2.2110486314410256,0.006255373824387789,0.0,0.006255373824387789,100707.1171875,-0.9463065370976015
-0.9286074638366699,-2.2109701519920715,0.002085124608129263,0.0,0.002085124608129263,101418.3671875,0.023676163456976245
-0.9275178909301758,-2.208375930786133,0.004170249216258526,0.0,0.004170249216258526,100974.1328125,-0.5821581546332522
-0.9274848699569702,-2.208297309421358,0.0,0.0,0.0,101219.4296875,-0.24762919118847374
-0.9263952970504761,-2.205703088215419,0.002085124608129263,0.0,0.002085124608129263,100775.2109375,-0.8534422003441557
-0.9252811670303345,-2.2030503976912725,0.004151566419750452,0.0,0.004151566419750452,101390.6953125,-0.014061959624793462
-0.9252727031707764,-2.2030302456447055,0.0,0.0,0.0,102492.390625,1.4883990518438455
-0.9241670370101929,-2.200397707167126,0.0062180086970329285,0.0,0.0062180086970329285,101327.0234375,-0.10089586790159276
-0.9241585731506348,-2.200377555120559,0.0020664420444518328,0.0,0.0020664420444518328,102053.9453125,0.8904596940030781
-0.9230605959892273,-2.1977633237838745,0.0,0.0,0.0,101849.9921875,0.6123141713682164
-0.9230444431304932,-2.1977248645964123,0.0041328840889036655,0.0,0.0041328840889036655,101615.4921875,0.2925096816950376
-0.9219464659690857,-2.195110633259728,0.0020664420444518328,0.0,0.0020664420444518328,101411.546875,0.014374813527449154
-0.9219302535057068,-2.1950720321564448,0.006199325900524855,0.0,0.006199325900524855,101306.7421875,-0.1285548649428898
-0.9208484888076782,-2.1924964019230435,0.0,0.0,0.0,101207.59375,-0.2637707091074125
-0.9208323359489441,-2.1924579427355813,0.0041328840889036655,0.0,0.0041328840889036655,100973.0859375,-0.5835858532478646
-0.9197343587875366,-2.189843711398897,0.0020664420444518328,0.0,0.0020664420444518328,100769.1328125,-0.8617313758827262
-0.9196799993515015,-2.1897142841702415,0.006168751511722803,0.0,0.006168751511722803,101313.7578125,-0.11898715333153205
-0.9186363816261292,-2.1872294800622125,0.0,0.0,0.0,100565.1796875,-1.139876898517588
-0.918582022190094,-2.187100052833557,0.004102309700101614,0.0,0.004102309700101614,101386.53125,-0.019740790681423405
-0.9174840450286865,-2.1844858214968728,0.0020358676556497812,0.0,0.0020358676556497812,102050.9140625,0.8863257607010661
-0.9174296855926514,-2.184356394268218,0.006138177122920752,0.0,0.006138177122920752,101332.3359375,-0.09365083015579846
-0.9164242744445801,-2.181962558201381,0.0,0.0,0.0,101845.1328125,0.6056870927242693
-0.9163317084312439,-2.181742162931533,0.0040717353112995625,0.0,0.0040717353112995625,101614.984375,0.2918171413222778
-0.9152719378471375,-2.1792188996360418,0.0020358676556497812,0.0,0.0020358676556497812,101409.203125,0.01117847334548108
-0.9151793718338013,-2.1789985043661937,0.0061076027341187,0.0,0.0061076027341187,101312.171875,-0.1211500101879971
-0.914212167263031,-2.17669563634055,0.0,0.0,0.0,101203.4296875,-0.26944954016404243
-0.9141196012496948,-2.176475241070702,0.0040717353112995625,0.0,0.0040717353112995625,100973.28125,-0.5833194915660339
-0.9130598306655884,-2.1739519777752103,0.0020358676556497812,0.0,0.0020358676556497812,100767.515625,-0.8639368506082842
-0.9129254221916199,-2.173631957599095,0.006074755918234587,0.0,0.006074755918234587,101313.1875,-0.11976492944247762
-0.9120000004768372,-2.171428572563898,0.0,0.0,0.0,100561.734375,-1.144575518585081
-0.9118656516075134,-2.1711086943036033,0.004038888029754162,0.0,0.004038888029754162,101385.5390625,-0.02109390802512322
-0.910805881023407,-2.168585431008112,0.0020030206069350243,0.0,0.0020030206069350243,102045.4296875,0.8788463246752608
-0.9106714725494385,-2.1682654108319963,0.006041908636689186,0.0,0.006041908636689186,101331.3359375,-0.09501460196677151
-0.9097878932952881,-2.1661616507030668,0.0,0.0,0.0,101845.1171875,0.6056657837897228
-0.909611701965332,-2.165742147536505,0.0040060412138700485,0.0,0.0040060412138700485,101610.59375,0.28582933071472433
-0.9085937142372131,-2.1633183672314598,0.0020030206069350243,0.0,0.0020030206069350243,101410.2890625,0.012659444296459621
-0.9084175229072571,-2.162898864064898,0.0060090613551437855,0.0,0.0060090613551437855,101349.4765625,-0.07027492895833863
-0.907575786113739,-2.1608947288422358,0.0,0.0,0.0,101209.984375,-0.2605104421218051
-0.907399594783783,-2.1604752256756736,0.0040060412138700485,0.0,0.0040060412138700485,100975.4609375,-0.5803468951968036
-0.9063816070556641,-2.1580514453706288,0.0020030206069350243,0.0,0.0020030206069350243,100775.1484375,-0.8535274360823415
-0.9062080383300781,-2.157638186500186,0.005954827647656202,0.0,0.005954827647656202,101318.4765625,-0.112551855098503
-0.9053636193275452,-2.155627665065584,0.0,0.0,0.0,102449.078125,1.4293306852810754
-0.9051900506019592,-2.155214406195141,0.003951807040721178,0.0,0.003951807040721178,101369.546875,-0.042903602533418704
-0.9041721224784851,-2.152790767805917,0.0019487866666167974,0.0,0.0019487866666167974,102017.09375,0.8402025718752668
-0.9039985537528992,-2.152377508935474,0.005900593940168619,0.0,0.005900593940168619,101337.8984375,-0.08606484945726091
-0.9031515121459961,-2.150360743204753,0.0,0.0,0.0,101833.390625,0.5896734284126093
-0.902980625629425,-2.14995387054625,0.003897573333233595,0.0,0.003897573333233595,101585.09375,0.2510531495349117
-0.901960015296936,-2.147523845945086,0.0019487866666167974,0.0,0.0019487866666167974,101401.3984375,0.0005346605395274007
-0.9017890691757202,-2.1471168313707625,0.005846359767019749,0.0,0.005846359767019749,101342.328125,-0.08002376651334125
-0.900939404964447,-2.1450938213439215,0.0,0.0,0.0,101217.6953125,-0.24999448292313012
-0.900768518447876,-2.144686948685419,0.003897573333233595,0.0,0.003897573333233595,100969.40625,-0.5886041073335545
-0.899747908115387,-2.1422569240842546,0.0019487866666167974,0.0,0.0019487866666167974,100785.703125,-0.8391332507962119
-0.8996759057044983,-2.142085489772615,0.005719609092921019,0.0,0.005719609092921019,101352.59375,-0.06602379651632109
-0.898727297782898,-2.1398268994830905,0.0,0.0,0.0,100602.0,-1.0896623942588695
-0.8986552953720093,-2.1396554651714506,0.003770822426304221,0.0,0.003770822426304221,101320.296875,-0.11006936422384113
-0.8984775543212891,-2.1392322721935453,0.007489694748073816,0.0,0.007489694748073816,101349.703125,-0.06996594940741505
-0.897634744644165,-2.1372255824861073,0.0018220356432721019,0.0,0.0018220356432721019,101141.7734375,-0.3535345958843492
-0.8975627422332764,-2.137054148174468,0.005592857953161001,0.0,0.005592857953161001,101369.40625,-0.043095382944336784
-0.8965421915054321,-2.134624265489124,0.0036440712865442038,0.0,0.0036440712865442038,100928.3515625,-0.6445933328543618
-0.8965151906013489,-2.1345599776222595,0.0,0.0,0.0,101770.640625,0.5040967472740507
-0.8963643908500671,-2.134200930595398,0.007362944073975086,0.0,0.007362944073975086,101366.5078125,-0.04704819030270397
-0.8954495787620544,-2.13202280657632,0.005466106813400984,0.0,0.005466106813400984,101386.1875,-0.02020958724144539
-0.895422637462616,-2.1319586606252763,0.0018220356432721019,0.0,0.0018220356432721019,101398.7265625,-0.0031091672679162017
-0.8945354223251343,-2.129846243631272,0.007024479564279318,0.0,0.007024479564279318,101289.1875,-0.15249545290583066
-0.8943300247192383,-2.1293572017124722,0.0036440712865442038,0.0,0.0036440712865442038,101819.0,0.5700478996953253
-0.8943030834197998,-2.129293055761428,0.0,0.0,0.0,101255.6953125,-0.19817115410615443
-0.893362820148468,-2.1270543336868286,0.005528218112885952,0.0,0.005528218112885952,101527.5390625,0.17256168913304906
-0.8932104706764221,-2.126691596848624,0.0018220356432721019,0.0,0.0018220356432721019,101744.125,0.4679354853487186
-0.8924486041069031,-2.12487762882596,0.007086590863764286,0.0,0.007086590863764286,101307.8671875,-0.12702062165554515
-0.8922432065010071,-2.12438858690716,0.003706182586029172,0.0,0.003706182586029172,101452.65625,0.07043862031916914
-0.892090916633606,-2.124025991984776,0.0,0.0,0.0,102377.859375,1.332204561618339
-0.8912760019302368,-2.1220857188815163,0.00559032941237092,0.0,0.00559032941237092,101161.1796875,-0.3270688991776536
-0.8911236524581909,-2.1217229820433117,0.0018841468263417482,0.0,0.0018841468263417482,102011.7265625,0.8328829528585598
-0.8903618454933167,-2.1199091559364684,0.007148702163249254,0.0,0.007148702163249254,101326.546875,-0.1015457904052596
-0.8901564478874207,-2.1194201140176685,0.0037682936526834965,0.0,0.0037682936526834965,101645.5859375,0.33355068963150764
-0.8898788094520569,-2.118759070123945,0.0,0.0,0.0,101784.5546875,0.5230723534876679
-0.8891891837120056,-2.117117104076204,0.005652440246194601,0.0,0.005652440246194601,101270.0234375,-0.17863086112705628
-0.8889115452766418,-2.1164560601824807,0.0018841468263417482,0.0,0.0018841468263417482,101418.4140625,0.023740090260615607
-0.8879443407058716,-2.114153192156837,0.0037682936526834965,0.0,0.0037682936526834965,101052.28125,-0.4755815184991634
-0.8876667022705078,-2.1134921482631137,0.0,0.0,0.0,101191.2421875,-0.2860705091102764
-0.8869758248329163,-2.1118472019831342,0.00571869220584631,0.0,0.00571869220584631,101294.5859375,-0.14513321602003088
-0.8866994380950928,-2.1111891383216497,0.0018841468263417482,0.0,0.0018841468263417482,100825.109375,-0.7853921178700555
-0.8857309222221375,-2.1088831481479464,0.0038345453795045614,0.0,0.0038345453795045614,101453.0234375,0.07093938028101081
-0.885454535484314,-2.108225084486462,0.0,0.0,0.0,100597.921875,-1.095224026175494
-0.8847624659538269,-2.106577299890064,0.005784943699836731,0.0,0.005784943699836731,101319.1484375,-0.11163557091300548
-0.8844860792160034,-2.1059192362285795,0.0019503984367474914,0.0,0.0019503984367474914,101356.3984375,-0.060835070954259586
-0.8835176229476929,-2.1036133879706975,0.0039007968734949827,0.0,0.0039007968734949827,101051.7109375,-0.476359294610109
-0.8832424283027649,-2.102958162625631,0.0,0.0,0.0,101860.703125,0.6269214459998106
-0.8825491070747375,-2.1013073977969943,0.005851195193827152,0.0,0.005851195193827152,101343.6953125,-0.07815923474052654
-0.8822739124298096,-2.1006521724519276,0.0019503984367474914,0.0,0.0019503984367474914,101429.1328125,0.03835801935948292
-0.881305456161499,-2.098346324194045,0.0039007968734949827,0.0,0.0039007968734949827,100997.5625,-0.5502054072808447
-0.8810303211212158,-2.0976912407648,0.0,0.0,0.0,101228.0546875,-0.23586665931883122
-0.8803133368492126,-2.0959841353552684,0.005899608600884676,0.0,0.005899608600884676,101277.015625,-0.1690951129175182
-0.8800618052482605,-2.0953852505910966,0.0019503984367474914,0.0,0.0019503984367474914,100796.484375,-0.8244300859591588
-0.8790696859359741,-2.0930230617523193,0.003949210047721863,0.0,0.003949210047721863,101427.3125,0.035875528484821055
-0.878818154335022,-2.0924241769881475,0.0,0.0,0.0,100595.40625,-1.098654764637473
-0.8780775666236877,-2.0906608729135425,0.0059480220079422,0.0,0.0059480220079422,101305.6875,-0.12999321802477545
-0.8778260350227356,-2.0900619881493707,0.0019988117273896933,0.0,0.0019988117273896933,102069.2890625,0.9113850677276958
-0.8768339157104492,-2.0876997993105935,0.0039976234547793865,0.0,0.0039976234547793865,101629.7890625,0.3120073568050428
-0.8766060471534729,-2.0871572551273165,0.0,0.0,0.0,101861.3203125,0.6277631489143954
-0.8758417367935181,-2.0853374685559953,0.005996434949338436,0.0,0.005996434949338436,101287.765625,-0.15443456594955798
-0.8756139278411865,-2.0847950662885393,0.0019988117273896933,0.0,0.0019988117273896933,101421.828125,0.028396092459015764
-0.8746218085289001,-2.0824328774497625,0.0039976234547793865,0.0,0.0039976234547793865,101786.15625,0.5252565192786793
-0.8743939399719238,-2.0818903332664855,0.0,0.0,0.0,101213.8671875,-0.2552151718870113
-0.8735883831977844,-2.079972340947106,0.0059828986413776875,0.0,0.0059828986413776875,101309.0078125,-0.12546506943365401
-0.8734018206596375,-2.0795281444277083,0.0019988117273896933,0.0,0.0019988117273896933,101664.5625,0.3594303906381758
-0.8723683953285217,-2.0770676079250516,0.0039840866811573505,0.0,0.0039840866811573505,101393.921875,-0.00966166464095075
-0.8721818327903748,-2.076623411405654,0.0,0.0,0.0,102483.921875,1.4768496093196675
-0.8713350296020508,-2.0746072133382163,0.0059693618677556515,0.0,0.0059693618677556515,101332.9609375,-0.09279847277394031
-0.8711484670639038,-2.0741630168188188,0.001985275186598301,0.0,0.001985275186598301,102050.5078125,0.8857717284028582
-0.8701150417327881,-2.071702480316162,0.003970550373196602,0.0,0.003970550373196602,101617.0859375,0.2946831930187759
-0.8699697256088257,-2.071356489544823,0.0,0.0,0.0,101846.2734375,0.6072426449461604
-0.8690816164016724,-2.069241943813506,0.005955825559794903,0.0,0.005955825559794903,101298.0078125,-0.1404665593543575
-0.8689363598823547,-2.0688960949579878,0.001985275186598301,0.0,0.001985275186598301,101412.8515625,0.016154109562078047
-0.867902934551239,-2.066435558455331,0.003970550373196602,0.0,0.003970550373196602,100979.4375,-0.5749237713547312
-0.8677576184272766,-2.066089567683992,0.0,0.0,0.0,101208.625,-0.26236431942734656
-0.866820752620697,-2.0638589348111833,0.005937967449426651,0.0,0.005937967449426651,101311.2265625,-0.12243920072805757
-0.8667241930961609,-2.0636290311813354,0.001985275186598301,0.0,0.001985275186598301,100775.203125,-0.853452854811429
-0.8656420111656189,-2.061052407537188,0.00395269226282835,0.0,0.00395269226282835,101393.453125,-0.010300932677344365
-0.8655454516410828,-2.06082250390734,0.0,0.0,0.0,100570.96875,-1.1319819382681267
-0.8645598888397217,-2.058475925808861,0.005920109339058399,0.0,0.005920109339058399,101334.3515625,-0.09090197759930592
-0.8644632697105408,-2.0582458802631924,0.001967417076230049,0.0,0.001967417076230049,101272.7734375,-0.1748804886468804
-0.8633811473846436,-2.0556693985348655,0.003934834152460098,0.0,0.003934834152460098,101006.7578125,-0.5376650993002566
-0.8633333444595337,-2.055555582046509,0.0,0.0,0.0,101839.40625,0.597877368212994
-0.8622989654541016,-2.053092774890718,0.00590225076302886,0.0,0.00590225076302886,101301.734375,-0.13538437846502827
-0.8622511625289917,-2.0529789584023614,0.001967417076230049,0.0,0.001967417076230049,101411.1875,0.013884708032880716
-0.8611690402030945,-2.0504024766740345,0.003934834152460098,0.0,0.003934834152460098,101790.2421875,0.5308288056625771
-0.8611212372779846,-2.050288660185678,0.0,0.0,0.0,101201.890625,-0.2715484702168681
-0.8600390553474426,-2.04771203654153,0.001967417076230049,0.0,0.001967417076230049,101677.8671875,0.3775749484044812
-0.86002117395401,-2.047669461795262,0.005902887787669897,0.0,0.005902887787669897,101518.0546875,0.1596271658633516
-0.8589090704917908,-2.045021596409026,0.0,0.0,0.0,102492.390625,1.4883990518438455
-0.8588911890983582,-2.0449790216627575,0.003935470711439848,0.0,0.003935470711439848,101405.671875,0.006362654137982519
-0.8577612638473511,-2.0422887234460743,0.001968053635209799,0.0,0.001968053635209799,102059.6328125,0.8982161461779873
-0.8577433824539185,-2.042246148699806,0.005903524346649647,0.0,0.005903524346649647,101133.4921875,-0.36482833119396973
-0.8566970229148865,-2.0397548164640154,0.0,0.0,0.0,101847.4609375,0.6088621239716909
-0.8566134572029114,-2.0395558504831226,0.003936107270419598,0.0,0.003936107270419598,101626.859375,0.3080119315775827
-0.855549156665802,-2.037021801585243,0.001968053635209799,0.0,0.001968053635209799,101414.6953125,0.0186685638385596
-0.8554655909538269,-2.03682283560435,0.0059041609056293964,0.0,0.0059041609056293964,101194.078125,-0.28220293749009506
-0.8544849157333374,-2.0344878946031844,0.0,0.0,0.0,101202.5234375,-0.2706854583677368
-0.8544013500213623,-2.034288928622291,0.003936107270419598,0.0,0.003936107270419598,100981.921875,-0.571535650761845
-0.8533370494842529,-2.031754879724412,0.001968053635209799,0.0,0.001968053635209799,100769.765625,-0.8608683640335949
-0.8531972169876099,-2.031421945208595,0.005894493777304888,0.0,0.005894493777304888,101520.578125,0.16306855879260387
-0.8522727489471436,-2.0292208308265325,0.0,0.0,0.0,100557.578125,-1.1502436951744377
-0.8521329164505005,-2.0288878963107155,0.003926440142095089,0.0,0.003926440142095089,101402.2890625,0.0017492698086752682
-0.8510686755180359,-2.026353989328657,0.00195838650688529,0.0,0.00195838650688529,102050.3671875,0.8855799479919402
-0.850928783416748,-2.0260209128970192,0.005884826648980379,0.0,0.005884826648980379,101135.671875,-0.36185573482473943
-0.8500606417655945,-2.023953908965701,0.0,0.0,0.0,101835.8671875,0.5930508945382222
-0.8498645424842834,-2.023487005914961,0.00391677301377058,0.0,0.00391677301377058,101623.921875,0.3040058518828494
-0.848856508731842,-2.0210869255520048,0.00195838650688529,0.0,0.00195838650688529,101409.4296875,0.011487452896404663
-0.848660409450531,-2.0206200225012645,0.005875159054994583,0.0,0.005875159054994583,101197.4609375,-0.2775895531607878
-0.8478485345840454,-2.01868698710487,0.0,0.0,0.0,101194.9375,-0.2810309460900401
-0.8476524353027344,-2.0182200840541293,0.00391677301377058,0.0,0.00391677301377058,100982.9921875,-0.5700759887454129
-0.846644401550293,-2.0158200036911738,0.00195838650688529,0.0,0.00195838650688529,100768.4921875,-0.8626050421991308
-0.8463919758796692,-2.0152189901896884,0.005857012700289488,0.0,0.005857012700289488,101522.2578125,0.16535926925634767
-0.8456363677978516,-2.013419923328218,0.0,0.0,0.0,102465.7265625,1.452035355040322
-0.8453839421272278,-2.012818909826733,0.0038986261934041977,0.0,0.0038986261934041977,101400.4296875,-0.0007864934023527359
-0.8443759679794312,-2.010418971379598,0.0019402395701035857,0.0,0.0019402395701035857,102044.25,0.8772375001170035
-0.8441235423088074,-2.009817957878113,0.005838865879923105,0.0,0.005838865879923105,101139.609375,-0.356485883319033
-0.8434242606163025,-2.008153001467387,0.0,0.0,0.0,101825.671875,0.5791468147466611
-0.8431155681610107,-2.007418019430978,0.0038804791402071714,0.0,0.0038804791402071714,101622.765625,0.30242899072641183
-0.8421638607978821,-2.005152049518767,0.0019402395701035857,0.0,0.0019402395701035857,101404.1875,0.004338305356069406
-0.8418551087379456,-2.004416925566537,0.005820718593895435,0.0,0.005820718593895435,101317.7421875,-0.11355337502218633
-0.8412121534347534,-2.0028860796065557,0.0,0.0,0.0,101185.609375,-0.293752380014273
-0.8409034013748169,-2.002150955654326,0.0038804791402071714,0.0,0.0038804791402071714,100982.7109375,-0.5704595495672491
-0.8399516940116882,-1.9998849857421148,0.0019402395701035857,0.0,0.0019402395701035857,100764.1171875,-0.868571543872138
-0.8395798206329346,-1.9989995729355585,0.005788289476186037,0.0,0.005788289476186037,101313.609375,-0.11918958820972336
-0.8389999866485596,-1.9976190158299039,0.0,0.0,0.0,100545.5390625,-1.1666622292424804
-0.8386281132698059,-1.9967336030233476,0.0038480497896671295,0.0,0.0038480497896671295,101395.3828125,-0.007669279260857319
-0.8376764059066772,-1.9944676331111364,0.0019078103359788656,0.0,0.0019078103359788656,101268.125,-0.18121989667445043
-0.8373045921325684,-1.993582362220401,0.005755860358476639,0.0,0.005755860358476639,101336.828125,-0.08752451147369299
-0.8367878794670105,-1.9923520939690726,0.0,0.0,0.0,101811.140625,0.5593295056184591
-0.8363528847694397,-1.9913163923081898,0.0038156206719577312,0.0,0.0038156206719577312,101017.640625,-0.5228234263886515
-0.8354642987251282,-1.9892007112503052,0.0019078103359788656,0.0,0.0019078103359788656,101395.34375,-0.007722551597223453
-0.8350293040275574,-1.9881650095894223,0.005723430775105953,0.0,0.005723430775105953,101329.7890625,-0.09712418648687043
-0.8345757722854614,-1.9870851721082416,0.0,0.0,0.0,101170.2109375,-0.31475233500980326
-0.8341407775878906,-1.9860494704473588,0.0038156206719577312,0.0,0.0038156206719577312,101748.25,0.4735610440689824
-0.8332521915435791,-1.9839337893894742,0.0019078103359788656,0.0,0.0019078103359788656,101608.2578125,0.2826436450000295
-0.8327413201332092,-1.9827174288885934,0.0056585585698485374,0.0,0.0056585585698485374,101326.9375,-0.10101306704159825
-0.8323636651039124,-1.9818182502474104,0.0,0.0,0.0,102425.9921875,1.39784673448869
-0.8318527340888977,-1.980601747830709,0.0037507484667003155,0.0,0.0037507484667003155,101379.859375,-0.028839705732759183
-0.830964207649231,-1.9784862086886452,0.0018429381307214499,0.0,0.0018429381307214499,102019.09375,0.8429301154972129
-0.8304532766342163,-1.9772697062719438,0.005593686364591122,0.0,0.005593686364591122,101353.390625,-0.06493704085445194
-0.8301515579223633,-1.9765513283865792,0.0,0.0,0.0,101784.96875,0.5236370402531489
-0.8295647501945496,-1.97515416712988,0.0036858762614428997,0.0,0.0036858762614428997,101612.1875,0.2880028420384626
-0.8290694952011108,-1.9739749885740736,0.007485868874937296,0.0,0.007485868874937296,101356.265625,-0.06101619689790445
-0.8287521004676819,-1.973219286827814,0.0018429381307214499,0.0,0.0018429381307214499,101378.0625,-0.03129023320560137
-0.8281652331352234,-1.971821983655294,0.005528814159333706,0.0,0.005528814159333706,101379.84375,-0.02886101466730564
-0.8279394507408142,-1.9712844065257482,0.0,0.0,0.0,101143.9296875,-0.35059396291693856
-0.8273526430130005,-1.9698872452690488,0.0036858762614428997,0.0,0.0036858762614428997,100971.15625,-0.5862175066643517
-0.8266640305519104,-1.968247691790263,0.007351401261985302,0.0,0.007351401261985302,101311.7578125,-0.12171469695347814
-0.8265399932861328,-1.967952364966983,0.0018429381307214499,0.0,0.0018429381307214499,100737.03125,-0.9055105819084156
-0.8258916735649109,-1.9664087465831213,0.005386916920542717,0.0,0.005386916920542717,101354.109375,-0.06395682986531508
-0.8257272839546204,-1.9660173427490961,0.0,0.0,0.0,100502.890625,-1.224824966087026
-0.8250790238380432,-1.9644738662810552,0.0035439790226519108,0.0,0.0035439790226519108,101320.421875,-0.1098988927474695
-0.8243904113769531,-1.9628343128022694,0.007209504023194313,0.0,0.007209504023194313,101344.65625,-0.07684873526591963
-0.8242663741111755,-1.9625389859789895,0.001701040891930461,0.0,0.001701040891930461,101142.546875,-0.35247980362429976
-0.8236181139945984,-1.9609955095109486,0.005245019681751728,0.0,0.005245019681751728,101387.0,-0.01910152264502979
-0.8235151767730713,-1.9607504208882651,0.0,0.0,0.0,101768.828125,0.501624910866662
-0.8228054642677307,-1.9590606292088828,0.003402081783860922,0.0,0.003402081783860922,100953.90625,-0.6097425704036367
-0.8221168518066406,-1.9574210757300967,0.007067606784403324,0.0,0.007067606784403324,101320.296875,-0.11006936422384113
-0.8220542073249817,-1.9572719222023374,0.001701040891930461,0.0,0.001701040891930461,101349.5234375,-0.07021100215469926
-0.8213444948196411,-1.955582130522955,0.005103122442960739,0.0,0.005103122442960739,101399.15625,-0.002523171567888722
-0.8213030695915222,-1.955483499027434,0.0,0.0,0.0,101165.203125,-0.3215818485319417
-0.8205932974815369,-1.9537935654322307,0.003402081783860922,0.0,0.003402081783860922,100930.1953125,-0.6420788785778803
-0.8198421001434326,-1.9520050003415064,0.001701040891930461,0.0,0.001701040891930461,100745.8984375,-0.8934177615533031
-0.8194923400878906,-1.9511722383045016,0.006777842529118061,0.0,0.006777842529118061,101438.21875,0.050749164798245816
-0.8194726705551147,-1.9511254060836065,0.0047578150406479836,0.0,0.0047578150406479836,101352.78125,-0.06576808930176364
-0.8190909028053284,-1.9502164352507818,0.0,0.0,0.0,100561.5703125,-1.1447992623978187
-0.8187214732170105,-1.9493368409928822,0.0030567741487175226,0.0,0.0030567741487175226,101067.46875,-0.45486923412001035
-0.8179702758789062,-1.9475482759021578,0.0013557332567870617,0.0,0.0013557332567870617,100724.546875,-0.9225364206110322
-0.8176205158233643,-1.946715513865153,0.006432534661144018,0.0,0.006432534661144018,101391.84375,-0.012495752935629108
-0.8176008462905884,-1.9466686816442582,0.004412507638335228,0.0,0.004412507638335228,101306.40625,-0.12901300703563856
-0.8168787956237793,-1.9449495133899508,0.0,0.0,0.0,101458.8984375,0.07895153967047744
-0.8168496489524841,-1.9448801165535337,0.0027114665135741234,0.0,0.0027114665135741234,100686.0,-0.9751055621371337
-0.8157581686973572,-1.9422813540413266,0.0013557332567870617,0.0,0.0013557332567870617,101353.5390625,-0.06473460597626064
-0.8157486915588379,-1.9422587894258045,0.006087227258831263,0.0,0.006087227258831263,101345.46875,-0.07574067066950403
-0.8157289624214172,-1.9422118152890888,0.004067199770361185,0.0,0.004067199770361185,101260.03125,-0.1922579247695135
-0.8146666884422302,-1.9396825915291196,0.0,0.0,0.0,101343.96875,-0.0777863283859636
-0.8146374821662903,-1.9396130527768818,0.0027114665135741234,0.0,0.0027114665135741234,102147.171875,1.0175994519744949
-0.8138382434844971,-1.937710103534517,0.0064415037631988525,0.0,0.0064415037631988525,101272.71875,-0.174955069917793
-0.8138185739517212,-1.937663271313622,0.004421476740390062,0.0,0.004421476740390062,101368.5078125,-0.04432064668075788
-0.8135460019111633,-1.9370142902646748,0.0013557332567870617,0.0,0.0013557332567870617,102238.0859375,1.1415854876330362
-0.8127270340919495,-1.935064366885594,0.003065743250772357,0.0,0.003065743250772357,101774.7734375,0.5097329604615878
-0.8124545216560364,-1.9344155277524677,0.0,0.0,0.0,102513.3828125,1.517027605407006
-0.8119277954101562,-1.9331614176432292,0.00679578073322773,0.0,0.00679578073322773,101145.2421875,-0.34880401241503645
-0.8119081258773804,-1.9331145854223344,0.004775753244757652,0.0,0.004775753244757652,101320.4765625,-0.10982431147655691
-0.8116355538368225,-1.932465604373387,0.0017100099939852953,0.0,0.0017100099939852953,102133.171875,0.9985066466208722
-0.8108166456222534,-1.9305158229101274,0.0034200199879705906,0.0,0.0034200199879705906,101752.953125,0.479975033367465
-0.8102424144744873,-1.9291486058916365,0.0,0.0,0.0,101849.828125,0.6120904275554787
-0.8099976778030396,-1.9285658995310466,0.005130029749125242,0.0,0.005130029749125242,101184.7734375,-0.2948924080125083
-0.8094234466552734,-1.9271986825125558,0.0017100099939852953,0.0,0.0017100099939852953,101469.609375,0.09355881430207154
-0.809164822101593,-1.9265829097656977,0.007175901904702187,0.0,0.007175901904702187,101287.7890625,-0.1544026025477383
-0.8086045384407043,-1.9252489010492961,0.0034200199879705906,0.0,0.0034200199879705906,101089.3984375,-0.4249621444840624
-0.8080303072929382,-1.9238816840308053,0.0,0.0,0.0,101186.2578125,-0.29286805923059517
-0.8076884150505066,-1.9230676548821586,0.005244521424174309,0.0,0.005244521424174309,101261.1015625,-0.1907982627530814
-0.8072113394737244,-1.9219317606517248,0.0017100099939852953,0.0,0.0017100099939852953,100806.0390625,-0.8113996724840024
-0.8068555593490601,-1.9210846651168096,0.007290393114089966,0.0,0.007290393114089966,101302.8828125,-0.13381817177586391
-0.8062952756881714,-1.919750656400408,0.0035345114301890135,0.0,0.0035345114301890135,101488.7890625,0.1197155314578436
-0.8058182001113892,-1.9186147621699743,0.0,0.0,0.0,100522.6796875,-1.1978372004839424
-0.8053790926933289,-1.9175692683174497,0.005359012633562088,0.0,0.005359012633562088,101304.9921875,-0.13094146561209263
-0.8049020767211914,-1.9164335160028367,0.0018245013197883964,0.0,0.0018245013197883964,101418.4140625,0.023740090260615607
-0.8045462369918823,-1.915586278552101,0.007404884789139032,0.0,0.007404884789139032,101240.8671875,-0.2183933329907391
-0.8039859533309937,-1.9142522698356992,0.0036490026395767927,0.0,0.0036490026395767927,101116.4296875,-0.3880976877186973
-0.8036060929298401,-1.913347840309143,0.0,0.0,0.0,101873.8828125,0.6448955322897443
-0.8030697703361511,-1.9120708817527408,0.005473503842949867,0.0,0.005473503842949867,101275.6796875,-0.17091702682124
-0.8026899695396423,-1.9111665941420057,0.0018245013197883964,0.0,0.0018245013197883964,101433.7578125,0.04466546398523325
-0.8020132184028625,-1.9095552819115775,0.007377648260444403,0.0,0.007377648260444403,101343.1875,-0.0788517751132863
-0.8017738461494446,-1.9089853479748682,0.0036490026395767927,0.0,0.0036490026395767927,101777.6796875,0.5136964222872282
-0.801393985748291,-1.908080918448312,0.0,0.0,0.0,101212.984375,-0.25641912668888595
-0.8007494807243347,-1.9065463826769875,0.0054979766719043255,0.0,0.0054979766719043255,101513.0703125,0.15282961574303283
-0.8004778623580933,-1.9058996722811745,0.0018245013197883964,0.0,0.0018245013197883964,101681.9453125,0.38313658032110565
-0.7996929287910461,-1.9040307828358243,0.007402121089398861,0.0,0.007402121089398861,101314.9921875,-0.1173037475023622
-0.7994534969329834,-1.9034607069832938,0.003673475468531251,0.0,0.003673475468531251,101417.3515625,0.022291082711456748
-0.7991818189620972,-1.90281385467166,0.0,0.0,0.0,101586.2109375,0.2525767383549831
-0.7984291911125183,-1.9010218836012343,0.005522449500858784,0.0,0.005522449500858784,101152.7421875,-0.3385757238327386
-0.7981575131416321,-1.9003750312896002,0.0018489741487428546,0.0,0.0018489741487428546,101321.6171875,-0.10826875925466578
-0.797372579574585,-1.89850614184425,0.007426593918353319,0.0,0.007426593918353319,101246.65625,-0.21049837274127797
-0.797133207321167,-1.8979362079075406,0.003697948297485709,0.0,0.003697948297485709,101057.0234375,-0.4691142568643147
-0.7969697117805481,-1.897546932810829,0.0,0.0,0.0,101848.5390625,0.6103324404553963
-0.7961088418960571,-1.89549724260966,0.005546922329813242,0.0,0.005546922329813242,101291.25,-0.14968267354569878
-0.7959453463554382,-1.8951079675129483,0.0018489741487428546,0.0,0.0018489741487428546,101418.3125,0.023601582186063657
-0.794979453086853,-1.8928082216353643,0.0074103837832808495,0.0,0.0074103837832808495,101355.640625,-0.0618685542797626
-0.7949210405349731,-1.8926691441308885,0.003697948297485709,0.0,0.003697948297485709,100988.0859375,-0.5631292760832689
-0.794757604598999,-1.8922800109499978,0.0,0.0,0.0,101203.2109375,-0.2697478652476928
-0.7938196659088135,-1.890046823592413,0.005535782314836979,0.0,0.005535782314836979,101513.1171875,0.15289354254667217
-0.7937332391738892,-1.889841045652117,0.0018489741487428546,0.0,0.0018489741487428546,100772.9765625,-0.8564893779842986
-0.7926902770996094,-1.8873578026181177,0.007399243768304586,0.0,0.007399243768304586,101322.7265625,-0.10675582490186757
-0.7926318645477295,-1.8872187251136416,0.003686808282509446,0.0,0.003686808282509446,101399.3125,-0.002310082222424184
-0.7925454378128052,-1.8870129471733457,0.0,0.0,0.0,102454.984375,1.437385462539635
-0.791530430316925,-1.8845962626593453,0.005524642299860716,0.0,0.005524642299860716,101148.6328125,-0.344179973618456
-0.7914440631866455,-1.8843906266348702,0.0018378341337665915,0.0,0.0018378341337665915,102037.6015625,0.8681705484674874
-0.790401041507721,-1.88190724168505,0.007388103753328323,0.0,0.007388103753328323,101254.0390625,-0.20042990116807854
-0.7903426885604858,-1.881768306096395,0.003675668267533183,0.0,0.003675668267533183,101620.203125,0.2989343254607934
-0.7903333306312561,-1.8817460253125147,0.0,0.0,0.0,101826.6953125,0.5805425499594538
-0.7892412543296814,-1.8791458436420987,0.005513502284884453,0.0,0.005513502284884453,101304.0859375,-0.13217738381578698
-0.7892319560050964,-1.8791237047740392,0.0018378341337665915,0.0,0.0018378341337665915,101409.3046875,0.011316981420033031
-0.7881305813789368,-1.8765013842355638,0.003675668267533183,0.0,0.003675668267533183,100991.8984375,-0.5579298960539342
-0.788121223449707,-1.8764791034516835,0.0,0.0,0.0,101198.390625,-0.2763216715552738
-0.7880669832229614,-1.87634996005467,0.007347344420850277,0.0,0.007347344420850277,101364.6171875,-0.049626571382824884
-0.7870198488235474,-1.873856782913208,0.0018378341337665915,0.0,0.0018378341337665915,100780.9921875,-0.8455578945619678
-0.786980926990509,-1.8737641118821644,0.0054947868920862675,0.0,0.0054947868920862675,101515.6796875,0.1563882078122906
-0.785909116268158,-1.8712121815908525,0.0,0.0,0.0,100570.0859375,-1.1331858930700014
-0.7858701944351196,-1.8711195105598086,0.0036569528747349977,0.0,0.0036569528747349977,101397.2890625,-0.005069589246189953
-0.7858067154884338,-1.8709683702105568,0.007328629493713379,0.0,0.007328629493713379,101323.296875,-0.105978048790922
-0.784759521484375,-1.868475051153274,0.0018191187409684062,0.0,0.0018191187409684062,101278.90625,-0.1665167318373973
-0.7847206592559814,-1.8683825220380512,0.005476071499288082,0.0,0.005476071499288082,101150.3359375,-0.34185729975289253
-0.7836970090866089,-1.8659452597300212,0.0,0.0,0.0,101812.5390625,0.5612366552603667
-0.783609926700592,-1.8657379207156954,0.0036382374819368124,0.0,0.0036382374819368124,101031.953125,-0.5033044423440999
-0.7835463881492615,-1.8655866384506226,0.0073099141009151936,0.0,0.0073099141009151936,101351.4921875,-0.06752607640184609
-0.7825474143028259,-1.8632081292924427,0.0018191187409684062,0.0,0.0018191187409684062,101404.9375,0.0053611342142991895
-0.7824603319168091,-1.863000790278117,0.005457356106489897,0.0,0.005457356106489897,100784.984375,-0.8401134617853488
-0.7814849019050598,-1.86067833786919,0.0,0.0,0.0,101196.0390625,-0.2795286662045151
-0.781397819519043,-1.8604709988548642,0.0036382374819368124,0.0,0.0036382374819368124,100997.34375,-0.550503732364495
-0.7812585830688477,-1.8601394834972564,0.007253115065395832,0.0,0.007253115065395832,101296.953125,-0.14190491243624312
-0.7803352475166321,-1.8579410655157906,0.0018191187409684062,0.0,0.0018191187409684062,100788.453125,-0.8353828783160361
-0.7802292704582214,-1.8576887391862416,0.005431616213172674,0.0,0.005431616213172674,101314.6015625,-0.11783647086602354
-0.779272735118866,-1.8554112740925381,0.0,0.0,0.0,100579.546875,-1.1202833332021236
-0.7791667580604553,-1.8551589477629888,0.00361249758861959,0.0,0.00361249758861959,101393.8828125,-0.009714936977316884
-0.7790274620056152,-1.8548272904895602,0.0072273751720786095,0.0,0.0072273751720786095,101324.2109375,-0.10473147611995445
-0.7781041860580444,-1.8526290144239155,0.0017933788476511836,0.0,0.0017933788476511836,101270.0703125,-0.17856693432341691
-0.7779982089996338,-1.8523766880943662,0.005405876319855452,0.0,0.005405876319855452,101341.8359375,-0.08069499795155455
-0.7770606279373169,-1.850144352231707,0.0,0.0,0.0,101801.34375,0.5459688036578325
-0.7769356369972229,-1.8498467547552926,0.003586757695302367,0.0,0.003586757695302367,101028.0234375,-0.508663639382533
-0.7767964005470276,-1.8495152393976848,0.007201635278761387,0.0,0.007201635278761387,101351.453125,-0.06757934873821222
-0.7758920788764954,-1.8473620925630843,0.0017933788476511836,0.0,0.0017933788476511836,101404.71875,0.005062809130648836
-0.7757670879364014,-1.84706449508667,0.005380136426538229,0.0,0.005380136426538229,101881.78125,0.6556671987029767
-0.7748485207557678,-1.844877430370876,0.0,0.0,0.0,101205.40625,-0.26675395994391604
-0.7747235298156738,-1.8445798328944616,0.003586757695302367,0.0,0.003586757695302367,101764.0078125,0.4950511045590811
-0.7745828628540039,-1.8442449115571522,0.007142639718949795,0.0,0.007142639718949795,101296.6015625,-0.14238436346353833
-0.7736799716949463,-1.842095170702253,0.0017933788476511836,0.0,0.0017933788476511836,101646.2421875,0.3344456648824587
-0.7735670208930969,-1.8418262402216594,0.005363503936678171,0.0,0.005363503936678171,101530.3125,0.17634402501504462
-0.772636353969574,-1.8396103665942238,0.0,0.0,0.0,102327.2578125,1.2631955770896481
-0.7725234627723694,-1.839341578029451,0.0035701249726116657,0.0,0.0035701249726116657,101412.546875,0.0157385853384222
-0.7723827958106995,-1.8390066566921417,0.007126007229089737,0.0,0.007126007229089737,101323.6875,-0.10544532542726065
-0.7714799046516418,-1.8368569158372425,0.0017767460085451603,0.0,0.0017767460085451603,101980.2578125,0.789966758682002
-0.7713669538497925,-1.836587985356649,0.005346870981156826,0.0,0.005346870981156826,101178.84375,-0.3029791486728875
-0.7704242467880249,-1.8343434447333926,0.0,0.0,0.0,101740.8671875,0.463492572495783
-0.7703233957290649,-1.8341033231644404,0.0035534920170903206,0.0,0.0035534920170903206,101633.25,0.31672728580708237
-0.770182728767395,-1.833768401827131,0.007109374273568392,0.0,0.007109374273568392,101350.78125,-0.06849563292370973
-0.769267737865448,-1.8315898520605904,0.0017767460085451603,0.0,0.0017767460085451603,101393.8671875,-0.009736245911863338
-0.7691668272018433,-1.8313495885758173,0.005330238025635481,0.0,0.005330238025635481,101929.9609375,0.7213732983769671
-0.7682297229766846,-1.8291183880397253,0.006999907083809376,0.0,0.006999907083809376,101241.0625,-0.21812697130890843
-0.7682121396064758,-1.8290765228725616,0.0,0.0,0.0,101154.4765625,-0.33621043209808227
-0.7681112289428711,-1.8288362593877885,0.0035534920170903206,0.0,0.0035534920170903206,101951.4921875,0.7507370101819805
-0.7670556306838989,-1.8263229301997594,0.0017767460085451603,0.0,0.0017767460085451603,101973.0,0.7800687585851741
-0.7666895389556885,-1.8254512832278298,0.005619404837489128,0.0,0.005619404837489128,101542.0703125,0.1923789982612511
-0.765999972820282,-1.8238094590959095,0.0,0.0,0.0,102870.375,2.0038834874571094
-0.765752375125885,-1.8232199407759166,0.007289073895663023,0.0,0.007289073895663023,101259.9453125,-0.192375123909519
-0.7656338810920715,-1.8229378121239799,0.003842658828943968,0.0,0.003842658828943968,101563.59375,0.22173205559899123
-0.7645782828330994,-1.8204244829359508,0.0020659128203988075,0.0,0.0020659128203988075,102269.375,1.18425662906231
-0.7642121911048889,-1.8195528359640214,0.005908571649342775,0.0,0.005908571649342775,101154.171875,-0.3366259563217381
-0.7637878656387329,-1.8185425372350785,0.0,0.0,0.0,102008.28125,0.8281843327910668
-0.763156533241272,-1.8170393648601715,0.004131825640797615,0.0,0.004131825640797615,101668.359375,0.3646084617329641
-0.7623661756515503,-1.8151575610751198,0.0020659128203988075,0.0,0.0020659128203988075,101407.2734375,0.008546819928994035
-0.7617347836494446,-1.813654246784392,0.006197737995535135,0.0,0.006197737995535135,101067.3359375,-0.4550503600636552
-0.7615757584571838,-1.8132756153742473,0.0,0.0,0.0,101146.1796875,-0.34752547634224923
-0.7609444260597229,-1.8117724429993403,0.004131825640797615,0.0,0.004131825640797615,100806.2734375,-0.8110800384658056
-0.7601540684700012,-1.8098906392142886,0.0020659128203988075,0.0,0.0020659128203988075,100545.1796875,-1.1671523347370487
-0.759804904460907,-1.8090592963354928,0.0054832822643220425,0.0,0.0054832822643220425,101363.4453125,-0.05122474147380892
-0.7594196200370789,-1.8081419524692355,0.007299807388335466,0.0,0.007299807388335466,101461.4765625,0.08246751387064233
-0.7593636512756348,-1.808008693513416,0.0,0.0,0.0,100284.0859375,-1.523224631008292
-0.7590144872665405,-1.8071773506346203,0.0034173696767538786,0.0,0.0034173696767538786,100829.9296875,-0.7788183115624745
-0.7582241296768188,-1.8052955468495688,0.001351456856355071,0.0,0.001351456856355071,100296.4140625,-1.50641188165114
-0.7578749656677246,-1.804464203970773,0.00476882653310895,0.0,0.00476882653310895,100913.2265625,-0.6652203814953291
-0.7574896812438965,-1.8035468601045155,0.006585351191461086,0.0,0.006585351191461086,101476.8671875,0.10345681439889932
-0.7571515440940857,-1.802741771652585,0.0,0.0,0.0,101378.171875,-0.031141070663776197
-0.7570846080780029,-1.8025824001857214,0.002702913712710142,0.0,0.002702913712710142,100379.7109375,-1.3928139515839948
-0.7560120224952698,-1.8000286249887376,0.001351456856355071,0.0,0.001351456856355071,101279.8671875,-0.1652062323627904
-0.7559450268745422,-1.799869111606053,0.0040543703362345695,0.0,0.0040543703362345695,100463.0078125,-1.2792160215168493
-0.7555597424507141,-1.7989517677397955,0.0058708954602479935,0.0,0.0058708954602479935,101405.0703125,0.005542260157944047
-0.7549394369125366,-1.7974748497917539,0.0,0.0,0.0,101316.4375,-0.11533267105681522
-0.7548724412918091,-1.7973153364090693,0.002702913712710142,0.0,0.002702913712710142,102037.5078125,0.8680426948602087
-0.7539670467376709,-1.7951596350896928,0.004334327299147844,0.0,0.004334327299147844,101394.5,-0.00887323406273196
-0.7537998557090759,-1.7947615612120855,0.001351456856355071,0.0,0.001351456856355071,102105.84375,0.9612373200991244
-0.7535817623138428,-1.7942422912234353,0.006150851957499981,0.0,0.006150851957499981,101277.6484375,-0.16823210106838682
-0.752894401550293,-1.7926057179768882,0.0029828704427927732,0.0,0.0029828704427927732,101696.8203125,0.4034226860093297
-0.7527272701263428,-1.792207786015102,0.0,0.0,0.0,102483.4140625,1.4761570689469077
-0.7519890069961548,-1.7904500166575115,0.004614283796399832,0.0,0.004614283796399832,101336.609375,-0.08782283655734334
-0.7518218159675598,-1.7900519427799044,0.0016314135864377022,0.0,0.0016314135864377022,102104.7890625,0.9597989670172388
-0.7516037225723267,-1.789532672791254,0.006430808920413256,0.0,0.006430808920413256,101141.203125,-0.35431237199529475
-0.7509164214134216,-1.7878962414605277,0.0032628271728754044,0.0,0.0032628271728754044,101726.1484375,0.44341955615302353
-0.7505151629447937,-1.7869408641542708,0.0,0.0,0.0,101817.7890625,0.5683964572679752
-0.7500109672546387,-1.7857403982253301,0.0048942407593131065,0.0,0.0048942407593131065,101287.9296875,-0.15421082213682022
-0.7496097087860107,-1.7847850209190732,0.0016314135864377022,0.0,0.0016314135864377022,101439.15625,0.05202770087103305
-0.7492135763168335,-1.783841848373413,0.0066992733627557755,0.0,0.0066992733627557755,101304.0546875,-0.13222000168487988
-0.7487043142318726,-1.7826293195996967,0.0032628271728754044,0.0,0.0032628271728754044,101060.515625,-0.46435170999318226
-0.7483030557632446,-1.7816739422934396,0.0,0.0,0.0,101152.1484375,-0.33938546334550385
-0.7477421164512634,-1.7803383725030082,0.004856289364397526,0.0,0.004856289364397526,101334.7421875,-0.09036925423564458
-0.7473976016044617,-1.7795180990582422,0.0016314135864377022,0.0,0.0016314135864377022,100773.53125,-0.8557329108078995
-0.7469446659088135,-1.7784396807352703,0.006661321967840195,0.0,0.006661321967840195,101350.8671875,-0.06837843378370424
-0.7464354038238525,-1.7772271519615537,0.0032248757779598236,0.0,0.0032248757779598236,101396.796875,-0.005740820684403248
-0.7460908889770508,-1.7764068785167877,0.0,0.0,0.0,100486.515625,-1.2471567294917096
-0.7454732060432434,-1.7749362048648654,0.004818337969481945,0.0,0.004818337969481945,101381.5546875,-0.026527686334468944
-0.7451286911964417,-1.7741159314200992,0.0015934620751067996,0.0,0.0015934620751067996,101246.484375,-0.21073277102128896
-0.7446757555007935,-1.7730375130971274,0.006623370572924614,0.0,0.006623370572924614,101397.6796875,-0.004536865882528608
-0.7441664934158325,-1.7718249843234108,0.003186924150213599,0.0,0.003186924150213599,101047.859375,-0.48161194697580983
-0.7438787817955017,-1.7711399566559565,0.0,0.0,0.0,101772.5234375,0.5066644738868984
-0.7432042956352234,-1.7695340372267223,0.004780386108905077,0.0,0.004780386108905077,101428.3515625,0.03729257263216023
-0.7429165840148926,-1.7688490095592682,0.0015934620751067996,0.0,0.0015934620751067996,101411.4140625,0.014193687583804297
-0.7423200011253357,-1.7674285741079423,0.00658346526324749,0.0,0.00658346526324749,101352.21875,-0.06653521094543598
-0.7419543862342834,-1.7665580624625796,0.003186924150213599,0.0,0.003186924150213599,101803.7578125,0.5492610340452596
-0.7416666746139526,-1.7658730347951255,0.0,0.0,0.0,101235.46875,-0.2257555698765389
-0.7409621477127075,-1.7641955897921608,0.0048788804560899734,0.0,0.0048788804560899734,101525.4140625,0.16966367403473134
-0.7407044768333435,-1.763582087698437,0.0015934620751067996,0.0,0.0015934620751067996,101761.125,0.49111960613526034
-0.7400778532028198,-1.7620901266733806,0.006681959610432386,0.0,0.006681959610432386,101298.03125,-0.14043459595253782
-0.7397122383117676,-1.7612196150280182,0.0032854184973984957,0.0,0.0032854184973984957,101482.7890625,0.11153290059200532
-0.7394545674324036,-1.7606061129342943,0.0,0.0,0.0,101718.4921875,0.43297817822526113
-0.7387199997901917,-1.7588571423575992,0.00497737480327487,0.0,0.00497737480327487,101204.4609375,-0.2680431504839765
-0.7384623289108276,-1.7582436402638755,0.0016919563058763742,0.0,0.0016919563058763742,101440.15625,0.05339147268200609
-0.737835705280304,-1.756751679238819,0.0067804534919559956,0.0,0.0067804534919559956,101330.578125,-0.09604808529227452
-0.7374700903892517,-1.7558811675934565,0.0033839126117527485,0.0,0.0033839126117527485,101161.828125,-0.32618457839397574
-0.7372424602508545,-1.755339191073463,0.0,0.0,0.0,101822.6640625,0.5750448448464687
-0.7364778518676758,-1.7535186949230377,0.005075868684798479,0.0,0.005075868684798479,100883.4921875,-0.7057712839372308
-0.7362502217292786,-1.7529767184030443,0.0016919563058763742,0.0,0.0016919563058763742,101456.015625,0.07502004124665672
-0.7357965111732483,-1.7518964551744007,0.006760518532246351,0.0,0.006760518532246351,101324.4296875,-0.1044331510363041
-0.7352579832077026,-1.7506142457326255,0.0033839126117527485,0.0,0.0033839126117527485,101089.359375,-0.42501541682042854
-0.7350303530693054,-1.750072269212632,0.0,0.0,0.0,101261.5703125,-0.1901589947166878
-0.734187126159668,-1.7480645860944477,0.005426635500043631,0.0,0.005426635500043631,101557.8984375,0.21396494895680881
-0.7340381145477295,-1.747709796542213,0.0016919563058763742,0.0,0.0016919563058763742,100894.921875,-0.6901837983164998
-0.7335057854652405,-1.7464423463458107,0.007111285347491503,0.0,0.007111285347491503,101242.5234375,-0.216134585928815
-0.7329672574996948,-1.7451601369040353,0.0037346794269979,0.0,0.0037346794269979,101615.5859375,0.2926375353023163
-0.7328181862831116,-1.74480520543598,0.0,0.0,0.0,102796.2109375,1.9027406296323666
-0.7318964004516602,-1.7426104772658575,0.005777402315288782,0.0,0.005777402315288782,101178.6015625,-0.30330943715835756
-0.7317473292350769,-1.7422555457978022,0.0020427231211215258,0.0,0.0020427231211215258,102257.078125,1.167486497574251
-0.7312150597572327,-1.7409882375172208,0.007462052162736654,0.0,0.007462052162736654,101249.796875,-0.20621527689744074
-0.7306764721870422,-1.7397058861596244,0.0040854462422430515,0.0,0.0040854462422430515,101717.9296875,0.4322110565815888
-0.7306060791015625,-1.739538283575149,0.0,0.0,0.0,101944.828125,0.7416487495979179
-0.7296056151390076,-1.7371562265214466,0.006128169130533934,0.0,0.006128169130533934,101301.6171875,-0.13554419547412666
-0.7295352220535278,-1.7369886239369712,0.0020427231211215258,0.0,0.0020427231211215258,101405.6875,0.006383963072528973
-0.7284643650054932,-1.7344389642987934,0.0040854462422430515,0.0,0.0040854462422430515,100866.5546875,-0.7288701689855867
-0.7283939719200134,-1.7342713617143177,0.0,0.0,0.0,101093.4453125,-0.41944313043653086
-0.7280110716819763,-1.733359694480896,0.007267332635819912,0.0,0.007267332635819912,101392.4609375,-0.011654050021044181
-0.727323055267334,-1.731721560160319,0.0020427231211215258,0.0,0.0020427231211215258,100554.3046875,-1.1547079169619197
-0.7272994518280029,-1.731665361495245,0.005607659928500652,0.0,0.005607659928500652,101457.3984375,0.07690588195401787
-0.7261818051338196,-1.7290042979376656,0.0,0.0,0.0,100242.0546875,-1.5805456649382528
-0.7261582016944885,-1.7289480992725919,0.0035649368073791265,0.0,0.0035649368073791265,101078.734375,-0.43950549231201713
-0.7257049083709717,-1.7278688294546944,0.006746822968125343,0.0,0.006746822968125343,101447.1796875,0.06296983876063708
-0.7250168919563293,-1.7262306951341175,0.001522213569842279,0.0,0.001522213569842279,100700.0625,-0.9559275210453253
-0.7249932885169983,-1.7261744964690435,0.005087150260806084,0.0,0.005087150260806084,101088.359375,-0.42637918863140156
-0.7239696979522705,-1.7237373760768346,0.0,0.0,0.0,101615.109375,0.2919876127986495
-0.7238519787788391,-1.7234570923305694,0.003044427139684558,0.0,0.003044427139684558,100709.6875,-0.9428012173647098
-0.7233986854553223,-1.722377822512672,0.006226313766092062,0.0,0.006226313766092062,101468.375,0.09187540847290168
-0.7228047847747803,-1.7209637732732865,0.001522213569842279,0.0,0.001522213569842279,101342.9453125,-0.07918206359875632
-0.7226870656013489,-1.720683489527021,0.004566640593111515,0.0,0.004566640593111515,101828.4453125,0.5829291506286566
-0.7217575907707214,-1.7184704542160034,0.0,0.0,0.0,101237.359375,-0.22317718879641799
-0.72163987159729,-1.7181901704697382,0.003044427139684558,0.0,0.003044427139684558,101810.3515625,0.5582534044238631
-0.7215352654457092,-1.7179411082040696,0.006260292138904333,0.0,0.006260292138904333,101272.7890625,-0.17485917971233395
-0.7205926775932312,-1.7156968514124553,0.001522213569842279,0.0,0.001522213569842279,101792.2421875,0.5335563492845231
-0.7205106019973755,-1.7155014333270846,0.004681786056607962,0.0,0.004681786056607962,101521.5703125,0.1644216761363037
-0.7195454835891724,-1.7132035323551724,0.0,0.0,0.0,101774.125,0.5088486396779099
-0.7194634079933167,-1.7130081142698017,0.0031595726031810045,0.0,0.0031595726031810045,101503.46875,0.13973527546423695
-0.7193588018417358,-1.712759052004133,0.00637543760240078,0.0,0.00637543760240078,101290.5078125,-0.15069484793665533
-0.7184162139892578,-1.7105147952125186,0.0016373590333387256,0.0,0.0016373590333387256,101485.3515625,0.11502756585762375
-0.7183341383934021,-1.7103193771271479,0.004796931520104408,0.0,0.004796931520104408,101214.6953125,-0.2540857983560492
-0.7173333764076233,-1.7079366104943412,0.0,0.0,0.0,101790.640625,0.5313721834935117
-0.7172869443893433,-1.707826058069865,0.003274718066677451,0.0,0.003274718066677451,101196.5859375,-0.2787828534953892
-0.7171822786331177,-1.7075768538883755,0.006490583065897226,0.0,0.006490583065897226,101308.2265625,-0.1265305161609767
-0.7162041068077087,-1.7052478733516876,0.0016373590333387256,0.0,0.0016373590333387256,101440.7578125,0.05421186666204456
-0.7161576151847839,-1.7051371790113903,0.004912076983600855,0.0,0.004912076983600855,100907.8046875,-0.6726145817829486
-0.7152402997016907,-1.702953094527835,0.006469706539064646,0.0,0.006469706539064646,101347.984375,-0.07230993220752496
-0.7151212692260742,-1.7026696886335102,0.0,0.0,0.0,101224.0,-0.241396327833636
-0.7150747776031494,-1.702558994293213,0.003274718066677451,0.0,0.003274718066677451,101090.859375,-0.42296975910396895
-0.7139919400215149,-1.6999808095750355,0.0016373590333387256,0.0,0.0016373590333387256,100874.109375,-0.7185672991323763
-0.7138910293579102,-1.6997405460902624,0.005167203955352306,0.0,0.005167203955352306,101555.7734375,0.2110669338584911
-0.7129737138748169,-1.697556461606707,0.006724833510816097,0.0,0.006724833510816097,101259.9921875,-0.19231119710587963
-0.7129091024398804,-1.697402624856858,0.0,0.0,0.0,102726.6796875,1.807915870900647
-0.7128081917762756,-1.697162361372085,0.0035298450384289026,0.0,0.0035298450384289026,101565.9296875,0.22491774131368608
-0.7117253541946411,-1.6945841766539074,0.0018924858886748552,0.0,0.0018924858886748552,102179.5703125,1.0617835277565668
-0.7116243839263916,-1.6943437712533134,0.005422330927103758,0.0,0.005422330927103758,101168.0234375,-0.3177355858463068
-0.7107070684432983,-1.692159686769758,0.006979960482567549,0.0,0.006979960482567549,101255.8515625,-0.1979580647606899
-0.7106969952583313,-1.692135702996027,0.0,0.0,0.0,101996.9609375,0.812746009712161
-0.7105415463447571,-1.691765586535136,0.0037849717773497105,0.0,0.0037849717773497105,101632.453125,0.3156405301452132
-0.7095131874084473,-1.6893171128772555,0.0018924858886748552,0.0,0.0018924858886748552,101449.84375,0.06660301210080746
-0.709357738494873,-1.6889469964163644,0.005677457433193922,0.0,0.005677457433193922,101334.4765625,-0.09073150612293429
-0.7084848880767822,-1.686868781135196,0.0,0.0,0.0,101267.21875,-0.18245581487814475
-0.708329439163208,-1.6864986646743048,0.0037849717773497105,0.0,0.0037849717773497105,100902.71875,-0.6795506399778194
-0.7078024744987488,-1.6852439869017828,0.006668121553957462,0.0,0.006668121553957462,101441.4453125,0.05514945978208853
-0.7075528502464294,-1.6846496434438798,0.0052130576223134995,0.0,0.0052130576223134995,101360.9296875,-0.05465547993578798
-0.7073010802268982,-1.6840501910164243,0.0018924858886748552,0.0,0.0018924858886748552,100720.109375,-0.928588158022225
-0.7065245509147644,-1.68220131170182,0.0033205717336386442,0.0,0.0033205717336386442,100964.75,-0.5949541698283977
-0.7062727212905884,-1.6816017173585438,0.0,0.0,0.0,100537.484375,-1.1776469850011773
-0.7059975862503052,-1.680946633929298,0.006203721277415752,0.0,0.006203721277415752,101450.9375,0.06809463751905923
-0.7057480216026306,-1.6803524323872159,0.0047486573457717896,0.0,0.0047486573457717896,100891.9765625,-0.6942005324785063
-0.7054961919784546,-1.6797528380439395,0.0014280857285484672,0.0,0.0014280857285484672,100568.5859375,-1.135231550786461
-0.7047196626663208,-1.6779039587293354,0.0028561714570969343,0.0,0.0028561714570969343,100495.8046875,-1.2344885679038429
-0.7044423222541809,-1.6772436244147164,0.007194385398179293,0.0,0.007194385398179293,101465.1171875,0.08743249561996606
-0.7041927576065063,-1.6766494228726343,0.00573932146653533,0.0,0.00573932146653533,101425.5,0.03340369207743241
-0.7040606141090393,-1.6763347954977128,0.0,0.0,0.0,101051.390625,-0.4767961277683113
-0.703943133354187,-1.676055079414731,0.00428425706923008,0.0,0.00428425706923008,100423.0234375,-1.3337455850212248
-0.7032840847969055,-1.6744859161831085,0.0014280857285484672,0.0,0.0014280857285484672,100993.75,-0.5554047873101794
-0.7027973532676697,-1.6733270315896898,0.006676028482615948,0.0,0.006676028482615948,101348.359375,-0.07179851777841008
-0.7025477886199951,-1.6727328300476074,0.005220964550971985,0.0,0.005220964550971985,102470.8046875,1.4589607587679194
-0.7025075554847717,-1.6726370368685042,0.0028561714570969343,0.0,0.0028561714570969343,102111.9453125,0.9695584590395147
-0.7018485069274902,-1.6710678736368816,0.0,0.0,0.0,100649.2578125,-1.02521352172312
-0.7011523842811584,-1.669410438764663,0.006157671567052603,0.0,0.006157671567052603,102456.8671875,1.4399531891524826
-0.7011121511459351,-1.6693146455855596,0.003792878706008196,0.0,0.003792878706008196,102098.0078125,0.9505508894240778
-0.7010719180107117,-1.6692188524064564,0.0014280857285484672,0.0,0.0014280857285484672,101739.15625,0.4611592441629463
-0.6997569799423218,-1.6660880474817186,0.007094378117471933,0.0,0.007094378117471933,101155.390625,-0.3349638594271147
-0.6997168064117432,-1.6659923962184362,0.004729585722088814,0.0,0.004729585722088814,101306.5390625,-0.12883188109199373
-0.6996765732765198,-1.665896603039333,0.002364792861044407,0.0,0.002364792861044407,101825.6875,0.5791681236812075
-0.6996363401412964,-1.6658008098602295,0.0,0.0,0.0,102344.8359375,1.2871681284544088
-0.6981574892997742,-1.6622797364280337,0.006386142689734697,0.0,0.006386142689734697,101023.8359375,-0.5143744338409826
-0.6981172561645508,-1.6621839432489305,0.0040213498286902905,0.0,0.0040213498286902905,101007.2890625,-0.5369405955256772
-0.6980770230293274,-1.6620881500698272,0.0016565569676458836,0.0,0.0016565569676458836,101526.4296875,0.17104875478025083
-0.6974242329597473,-1.6605338879993985,0.0,0.0,0.0,102432.390625,1.4065727431854627
-0.6965579986572266,-1.658471425374349,0.005677906796336174,0.0,0.005677906796336174,101035.2265625,-0.49884022055661775
-0.6965177655220032,-1.6583756321952456,0.003313113935291767,0.0,0.003313113935291767,100708.0390625,-0.9450493099593607
-0.6958649158477783,-1.656821228208996,0.0016565569676458836,0.0,0.0016565569676458836,101748.921875,0.4744773282544799
-0.6952121257781982,-1.6552669661385673,0.0,0.0,0.0,101757.296875,0.4858989171713792
-0.6949584484100342,-1.6546629724048434,0.004969670902937651,0.0,0.004969670902937651,101193.109375,-0.2835240914319752
-0.6947963833808899,-1.6542771032878332,0.007251545321196318,0.0,0.007251545321196318,101216.953125,-0.25100665731408667
-0.6943056583404541,-1.6531087103344146,0.003313113935291767,0.0,0.003313113935291767,101065.453125,-0.45761808667650283
-0.6936528086662292,-1.651554306348165,0.0016565569676458836,0.0,0.0016565569676458836,101073.828125,-0.4461964977596036
-0.6930000185966492,-1.6500000442777363,0.0,0.0,0.0,102718.3203125,1.7965155909182944
-0.6929580569267273,-1.649900135539827,0.005456907674670219,0.0,0.005456907674670219,101180.484375,-0.30074171054550985
-0.6923052072525024,-1.6483457315535772,0.003800350707024336,0.0,0.003800350707024336,101755.9921875,0.4841196211367503
-0.6916524171829224,-1.6467914694831485,0.0021437937393784523,0.0,0.0021437937393784523,102200.0859375,1.0897621588160606
-0.6909576058387756,-1.6451371567589896,0.005944144446402788,0.0,0.005944144446402788,101167.8515625,-0.3179699841263178
-0.6907879114151001,-1.644733122416905,0.0,0.0,0.0,101919.8046875,0.7075224909217721
-0.6903048157691956,-1.643582894688561,0.004287587478756905,0.0,0.004287587478756905,101681.8515625,0.38300872671382696
-0.6894403100013733,-1.6415245476223175,0.0021437937393784523,0.0,0.0021437937393784523,101401.5703125,0.0007690588195383926
-0.6889572143554688,-1.6403743198939733,0.006431381218135357,0.0,0.006431381218135357,101350.0859375,-0.06944388051102693
-0.688575804233551,-1.6394662005560738,0.0,0.0,0.0,101121.28125,-0.3814812635420234
-0.6880927085876465,-1.63831597282773,0.004287587478756905,0.0,0.004287587478756905,100883.328125,-0.7059950277499686
-0.6872282028198242,-1.6362576257614863,0.0021437937393784523,0.0,0.0021437937393784523,100603.046875,-1.088234695644257
-0.6869711875915527,-1.6356456847417924,0.005853503942489624,0.0,0.005853503942489624,101464.75,0.0869317356581244
-0.6863636374473572,-1.634199136779422,0.0,0.0,0.0,101714.5,0.4275337454486422
-0.6861066818237305,-1.6335873376755488,0.0037097104359418154,0.0,0.0037097104359418154,101006.1953125,-0.538432220943929
-0.6852421164512634,-1.6315288486934845,0.001565916696563363,0.0,0.001565916696563363,101550.9140625,0.20443985521454397
-0.6849851608276367,-1.6309170495896113,0.0052756271325051785,0.0,0.0052756271325051785,101395.9296875,-0.0069234665517314345
-0.6849730014801025,-1.630888098762149,0.0071578132919967175,0.0,0.0071578132919967175,101457.1953125,0.07662886580491397
-0.6841515302658081,-1.6289322149185907,0.0,0.0,0.0,101536.3203125,0.1845373103481561
-0.6841205954551697,-1.628858560607547,0.003131833393126726,0.0,0.003131833393126726,101387.3203125,-0.018664689486827486
-0.6830300092697144,-1.6262619268326532,0.001565916696563363,0.0,0.001565916696563363,101372.734375,-0.038556579885942126
-0.6829990744590759,-1.6261882725216095,0.004697749856859446,0.0,0.004697749856859446,101302.203125,-0.13474511042863466
-0.6829869747161865,-1.6261594636099679,0.006579936016350985,0.0,0.006579936016350985,101251.109375,-0.20442532639553862
-0.681939423084259,-1.6236652930577598,0.0,0.0,0.0,101358.1328125,-0.05846977921960322
-0.6819084882736206,-1.6235916387467157,0.003131833393126726,0.0,0.003131833393126726,101209.125,-0.26168243352186005
-0.6809943318367004,-1.6214150758016679,0.005369491409510374,0.0,0.005369491409510374,101209.375,-0.26134149056911676
-0.680982232093811,-1.6213862668900263,0.007251677569001913,0.0,0.007251677569001913,101158.2734375,-0.331032361003294
-0.6808179020881653,-1.6209950049718223,0.001565916696563363,0.0,0.001565916696563363,101194.53125,-0.28158497838824786
-0.6799037456512451,-1.6188184420267742,0.003803574712947011,0.0,0.003803574712947011,101875.875,0.6476124214444172
-0.6797272562980652,-1.6183982292811077,0.0,0.0,0.0,101179.9375,-0.30148752325463574
-0.678989589214325,-1.616641879081726,0.006041232962161303,0.0,0.006041232962161303,101116.5234375,-0.38796983411141855
-0.6788131594657898,-1.6162218082518804,0.002237658016383648,0.0,0.002237658016383648,102321.15625,1.254874438149258
-0.6778990030288696,-1.6140452453068326,0.004475316032767296,0.0,0.004475316032767296,101832.4765625,0.5884268557416417
-0.6775151491165161,-1.6131313074202764,0.0,0.0,0.0,101952.828125,0.7525589240857022
-0.6769848465919495,-1.6118686823617845,0.006712974049150944,0.0,0.006712974049150944,101151.9140625,-0.3397050973637007
-0.6766010522842407,-1.6109548863910494,0.002237658016383648,0.0,0.002237658016383648,101464.15625,0.08612199614535915
-0.6756868958473206,-1.6087783234460014,0.004475316032767296,0.0,0.004475316032767296,100975.4765625,-0.5803255862622572
-0.675303041934967,-1.6078643855594454,0.0,0.0,0.0,101095.828125,-0.41619351791819664
-0.6744779348373413,-1.6058998448508126,0.006528295576572418,0.0,0.006528295576572418,101344.5234375,-0.07702986120956448
-0.6743889451026917,-1.6056879645302182,0.002237658016383648,0.0,0.002237658016383648,100607.1484375,-1.082641100325813
-0.6731799840927124,-1.6028094859350297,0.00429063756018877,0.0,0.00429063756018877,101321.2421875,-0.10878017368378068
-0.673090934753418,-1.6025974636986142,0.0,0.0,0.0,100238.8203125,-1.5849566143893687
-0.6719710230827332,-1.599931007339841,0.006343617103993893,0.0,0.006343617103993893,101371.5,-0.040239985715111976
-0.6718820333480835,-1.5997191270192466,0.0020529795438051224,0.0,0.0020529795438051224,102081.5390625,0.9280912724121155
-0.6708788275718689,-1.5973305418377832,0.0,0.0,0.0,101914.4296875,0.700192217437792
-0.6706730723381042,-1.5968406484240578,0.004105959087610245,0.0,0.004105959087610245,101597.90625,0.2685264758630038
-0.6696698665618896,-1.5944520632425945,0.0020529795438051224,0.0,0.0020529795438051224,101430.8046875,0.040638075355953485
-0.669464111328125,-1.593962169828869,0.00615893816575408,0.0,0.00615893816575408,101318.6328125,-0.11233876575303846
-0.6686667203903198,-1.592063619976952,0.0,0.0,0.0,101263.6875,-0.1872716340856433
-0.6684609651565552,-1.5915737265632266,0.004105959087610245,0.0,0.004105959087610245,101763.21875,0.4939750033644852
-0.6674577593803406,-1.5891851413817633,0.0020529795438051224,0.0,0.0020529795438051224,101637.9453125,0.32313062063829173
-0.667244017124176,-1.5886762312480383,0.0061194696463644505,0.0,0.0061194696463644505,101304.703125,-0.13133568090120204
-0.666454553604126,-1.5867965562003,0.0,0.0,0.0,102470.1953125,1.4581297103206077
-0.6662408113479614,-1.586287646066575,0.004066490102559328,0.0,0.004066490102559328,101368.6484375,-0.0441288662698398
-0.6652376055717468,-1.5838990608851116,0.0020135105587542057,0.0,0.0020135105587542057,102031.421875,0.8597428648543649
-0.6650238633155823,-1.5833901507513863,0.006080000661313534,0.0,0.006080000661313534,101323.78125,-0.10531747181998193
-0.6642424464225769,-1.581529634339469,0.0,0.0,0.0,101846.421875,0.6074450798243517
-0.6640206575393677,-1.581001565569923,0.004027021117508411,0.0,0.004027021117508411,101592.6328125,0.26133471045357565
-0.6630254983901978,-1.5786321390242803,0.0020135105587542057,0.0,0.0020135105587542057,101407.640625,0.0090475798908357
-0.6628037095069885,-1.5781040702547346,0.006040531676262617,0.0,0.006040531676262617,101342.828125,-0.07934188060785473
-0.6620303392410278,-1.5762627124786377,0.0,0.0,0.0,101222.6484375,-0.24323955067190425
-0.6618085503578186,-1.575734643709092,0.004027021117508411,0.0,0.004027021117508411,100968.859375,-0.5893499200426804
-0.6608133912086487,-1.5733652171634493,0.0020135105587542057,0.0,0.0020135105587542057,100783.859375,-0.8416477050726935
-0.660694420337677,-1.5730819531849454,0.0059089818969368935,0.0,0.0059089818969368935,101349.7578125,-0.06989136813650246
-0.659818172454834,-1.5709956487019858,0.0,0.0,0.0,100598.875,-1.0939241811681601
-0.6596992611885071,-1.5707125266393027,0.0038954713381826878,0.0,0.0038954713381826878,101322.046875,-0.10768276355463831
-0.6587041020393372,-1.5683431000936598,0.001881960779428482,0.0,0.001881960779428482,101140.421875,-0.3553778187226175
-0.6585851311683655,-1.5680598361151559,0.00577743211761117,0.0,0.00577743211761117,101362.8984375,-0.0519705541829348
-0.6576060652732849,-1.5657287268411546,0.0,0.0,0.0,101773.4921875,0.5079856278287785
-0.6575899720191956,-1.5656904095695132,0.003763921558856964,0.0,0.003763921558856964,100919.890625,-0.6561321209112666
-0.6564919352531433,-1.563076036317008,0.001881960779428482,0.0,0.001881960779428482,101398.625,-0.0032476753424681517
-0.656475841999054,-1.5630377190453666,0.005645882338285446,0.0,0.005645882338285446,101376.0234375,-0.0340710491639136
-0.6556353569030762,-1.5610365640549433,0.007064181379973888,0.0,0.007064181379973888,101429.3203125,0.03861372657404037
-0.6553939580917358,-1.5604618049803234,0.0,0.0,0.0,101252.3203125,-0.20277388396818846
-0.6553778648376465,-1.5604234877086822,0.003763921558856964,0.0,0.003763921558856964,101023.7421875,-0.5145022874482613
-0.6543254256248474,-1.5579176800591605,0.00579996220767498,0.0,0.00579996220767498,101533.125,0.1801796332334063
-0.6542798280715942,-1.5578091144561768,0.001881960779428482,0.0,0.001881960779428482,100877.4453125,-0.7140178416067084
-0.6534848809242249,-1.5559163831529164,0.007218261249363422,0.0,0.007218261249363422,101293.4609375,-0.14666745930737557
-0.6532273888587952,-1.5553033068066553,0.003918001428246498,0.0,0.003918001428246498,101493.171875,0.12569268759812388
-0.653181791305542,-1.5551947412036715,0.0,0.0,0.0,102555.5,1.5744658384769723
-0.6521749496459961,-1.5527974991571336,0.005954042077064514,0.0,0.005954042077064514,101147.5625,-0.3456396356348881
-0.6521293520927429,-1.5526889335541498,0.002036040648818016,0.0,0.002036040648818016,102089.4296875,0.9388522843580747
-0.6513344645500183,-1.5507963441667103,0.007372341118752956,0.0,0.007372341118752956,101251.09375,-0.20444663533008509
-0.6510769128799438,-1.5501831259046284,0.004072081297636032,0.0,0.004072081297636032,101623.3515625,0.30322807577190386
-0.6509696841239929,-1.5499278193428403,0.0,0.0,0.0,101881.0859375,0.6547189511156596
-0.6500244736671448,-1.5476773182551067,0.006108121946454048,0.0,0.006108121946454048,101157.2734375,-0.332396132814267
-0.6499172449111938,-1.5474220116933188,0.002036040648818016,0.0,0.002036040648818016,101415.0078125,0.019094742529488673
-0.6488648056983948,-1.5449162040437971,0.004072081297636032,0.0,0.004072081297636032,100948.9296875,-0.6165294660566822
-0.6488217711448669,-1.5448137408211118,0.007074346300214529,0.0,0.007074346300214529,101412.390625,0.015525495992957659
-0.6487575769424438,-1.5446608974820093,0.0,0.0,0.0,101206.671875,-0.2650279362456533
-0.6478743553161621,-1.542557988848005,0.005881351884454489,0.0,0.005881351884454489,101469.078125,0.09283431052749211
-0.6477051377296448,-1.5421550898324876,0.002036040648818016,0.0,0.002036040648818016,100740.6015625,-0.9006414903645509
-0.6467146873474121,-1.5397968746366955,0.0038453112356364727,0.0,0.0038453112356364727,101260.0390625,-0.19224727030224026
-0.6466716527938843,-1.5396944114140103,0.00684757623821497,0.0,0.00684757623821497,101381.90625,-0.026048235307173734
-0.6465454697608948,-1.539393975621178,0.0,0.0,0.0,100532.2578125,-1.1847748236069662
-0.6457242369651794,-1.5374386594409035,0.005654581822454929,0.0,0.005654581822454929,101100.5390625,-0.40976887415244084
-0.6455550193786621,-1.537035760425386,0.0018092705868184566,0.0,0.0018092705868184566,101051.0,-0.47732885113197265
-0.6445645689964294,-1.534677545229594,0.0036185411736369133,0.0,0.0036185411736369133,100891.5,-0.6948504549821732
-0.6445214748382568,-1.5345749400910877,0.00662080617621541,0.0,0.00662080617621541,101408.421875,0.010113026618158391
-0.6443333625793457,-1.5341270537603469,0.0,0.0,0.0,101722.671875,0.43867831821643755
-0.643574059009552,-1.532319188117981,0.00542781176045537,0.0,0.00542781176045537,101254.4140625,-0.19991848673896365
-0.643342912197113,-1.531768838564555,0.0018092705868184566,0.0,0.0018092705868184566,101401.8828125,0.001195237510467469
-0.6423524022102356,-1.529410481452942,0.0036185411736369133,0.0,0.0036185411736369133,101081.09375,-0.43628784319550257
-0.6421212553977966,-1.5288601318995159,0.0,0.0,0.0,101242.46875,-0.21620916719972758
-0.641469419002533,-1.5273081404822213,0.00554642453789711,0.0,0.00554642453789711,101284.1796875,-0.15932496642796912
-0.6411307454109192,-1.5265017747879028,0.0018092705868184566,0.0,0.0018092705868184566,100921.671875,-0.6537029023729709
-0.6402477622032166,-1.5243994338171822,0.0037371539510786533,0.0,0.0037371539510786533,101491.8671875,0.123913391563495
-0.6399090886116028,-1.5235930681228638,0.0,0.0,0.0,100762.25,-0.8711179615504392
-0.6393648386001587,-1.5222972347622827,0.00566503731533885,0.0,0.00566503731533885,101313.9453125,-0.1187314461169746
-0.6390261054039001,-1.5214907271521432,0.0019278832478448749,0.0,0.0019278832478448749,102055.15625,0.8921111364304283
-0.6381431818008423,-1.5193885280972437,0.0038557664956897497,0.0,0.0038557664956897497,101646.7734375,0.33517016865703814
-0.6376969814300537,-1.5183261462620328,0.0,0.0,0.0,101823.140625,0.5756947673501356
-0.6372601985931396,-1.517286187126523,0.005783649627119303,0.0,0.005783649627119303,101272.140625,-0.17574350049601178
-0.6368139982223511,-1.5162238052913122,0.0019278832478448749,0.0,0.0019278832478448749,101414.7578125,0.018753799576745413
-0.6359310746192932,-1.5141216062364125,0.0038557664956897497,0.0,0.0038557664956897497,101803.90625,0.5494634689234509
-0.6354848742485046,-1.5130592244012016,0.0,0.0,0.0,101182.7421875,-0.2976625695035473
-0.6349466443061829,-1.5117777245385307,0.005814481060951948,0.0,0.005814481060951948,101294.2265625,-0.1456233215145993
-0.634601891040802,-1.510956883430481,0.0019278832478448749,0.0,0.0019278832478448749,101702.8203125,0.41160531687516794
-0.6336174607276917,-1.5086130017325992,0.0038865976966917515,0.0,0.0038865976966917515,101421.65625,0.028161694179004774
-0.6332727074623108,-1.5077921606245495,0.0,0.0,0.0,102527.90625,1.536834260067935
-0.6326330304145813,-1.5062691200347174,0.005845312029123306,0.0,0.005845312029123306,101320.9140625,-0.10922766130925621
-0.6322883367538452,-1.5054484208424888,0.001958714332431555,0.0,0.001958714332431555,102082.1640625,0.9289436297939737
-0.6313039064407349,-1.503104539144607,0.00391742866486311,0.0,0.00391742866486311,101636.40625,0.321031690585466
-0.6310606002807617,-1.5025252387637185,0.0,0.0,0.0,101870.0703125,0.6396961522604095
-0.6303194761276245,-1.5007606574467252,0.005876142531633377,0.0,0.005876142531633377,101283.5859375,-0.16013470594073437
-0.6300762295722961,-1.5001814989816575,0.001958714332431555,0.0,0.001958714332431555,101424.3203125,0.031794867519175145
-0.6290917992591858,-1.4978376172837757,0.00391742866486311,0.0,0.00391742866486311,100978.5546875,-0.5761277261566058
-0.6288484930992126,-1.4972583169028872,0.0,0.0,0.0,101212.21875,-0.2574632644816622
-0.6280184388160706,-1.4952819971811204,0.005878083407878876,0.0,0.005878083407878876,101300.3203125,-0.13731283704148234
-0.6278641223907471,-1.4949145771208263,0.001958714332431555,0.0,0.001958714332431555,100766.4609375,-0.8653752036901698
-0.6267907619476318,-1.492358957018171,0.003919369075447321,0.0,0.003919369075447321,101402.3203125,0.0017918876777681758
-0.6266363859176636,-1.4919913950420562,0.0,0.0,0.0,100554.3671875,-1.154622681223734
-0.6257174015045166,-1.4898033369155157,0.005880023818463087,0.0,0.005880023818463087,101325.6171875,-0.1028136720107736
-0.6255630850791931,-1.4894359168552218,0.001960654743015766,0.0,0.001960654743015766,101292.2265625,-0.1483508651365454
-0.6244897246360779,-1.4868802967525665,0.003921309486031532,0.0,0.003921309486031532,101022.1796875,-0.5166331809029067
-0.6244242787361145,-1.486724473181225,0.0,0.0,0.0,101854.6875,0.6187175061994258
-0.6234163641929626,-1.4843246766499112,0.005881964229047298,0.0,0.005881964229047298,101295.4765625,-0.14391860675088303
-0.6233509182929993,-1.4841688530785697,0.001960654743015766,0.0,0.001960654743015766,101416.5625,0.02121498151686083
-0.6222776174545288,-1.4816133748917353,0.003921309486031532,0.0,0.003921309486031532,101779.6328125,0.516360039105535
-0.6222121715545654,-1.481457551320394,0.0,0.0,0.0,101205.0234375,-0.26727602884030416
-0.6211388111114502,-1.4789019312177387,0.001960654743015766,0.0,0.001960654743015766,101662.7265625,0.35692659082896744
-0.6211315393447876,-1.4788846174875896,0.005870332475751638,0.0,0.005870332475751638,101515.5234375,0.15617511846682608
-0.6200000047683716,-1.476190487543742,0.0,0.0,0.0,102485.2421875,1.4786502142888427
-0.619992733001709,-1.4761731738135928,0.003909677732735872,0.0,0.003909677732735872,101398.609375,-0.0032689842770146052
-0.6188539266586304,-1.4734617301395962,0.0019490228733047843,0.0,0.0019490228733047843,102055.0625,0.8919832828231495
-0.6177878975868225,-1.4709235656829107,0.0,0.0,0.0,101840.546875,0.5994329204348852
-0.6177078485488892,-1.4707329727354503,0.0038980457466095686,0.0,0.0038980457466095686,101624.875,0.3053056968901831
-0.6166418194770813,-1.468194808278765,0.0019490228733047843,0.0,0.0019490228733047843,101410.359375,0.012755334501918665
-0.616561770439148,-1.4680042153313047,0.005847068503499031,0.0,0.005847068503499031,101304.90625,-0.13105866475209813
-0.6155757904052734,-1.4656566438220797,0.0,0.0,0.0,101195.8515625,-0.27978437341907253
-0.6154957413673401,-1.4654660508746193,0.0038980457466095686,0.0,0.0038980457466095686,100980.1796875,-0.5739115969637746
-0.6144296526908875,-1.462927744502113,0.0019490228733047843,0.0,0.0019490228733047843,100765.6640625,-0.866461959352039
-0.6142786145210266,-1.4625681298119682,0.005828500259667635,0.0,0.005828500259667635,101518.7890625,0.16062868578703493
-0.6133636236190796,-1.4603895800454276,0.0,0.0,0.0,102472.578125,1.461379322838942
-0.6132125854492188,-1.4600299653552828,0.0038794775027781725,0.0,0.0038794775027781725,101398.6171875,-0.0032583298097413785
-0.6121464967727661,-1.4574916589827764,0.0019304546294733882,0.0,0.0019304546294733882,102048.8515625,0.8835129813409341
-0.6119954586029053,-1.4571320442926317,0.005809932015836239,0.0,0.005809932015836239,101139.9765625,-0.3559851233571914
-0.6111515164375305,-1.4551226581845966,0.0,0.0,0.0,101828.6015625,0.5831422399741212
-0.6109294295310974,-1.4545938798359463,0.0038609092589467764,0.0,0.0038609092589467764,101625.125,0.30564663984292634
-0.609934389591217,-1.4522247371219454,0.0019304546294733882,0.0,0.0019304546294733882,101404.875,0.005275898476113375
-0.6097123026847839,-1.4516959587732952,0.005791363772004843,0.0,0.005791363772004843,101201.375,-0.2722516650569011
-0.6089394092559814,-1.4498557363237654,0.0,0.0,0.0,101184.625,-0.2950948428906996
-0.6087173223495483,-1.4493269579751151,0.0038609092589467764,0.0,0.0038609092589467764,100981.140625,-0.5726010974891677
-0.607722282409668,-1.4469578152611142,0.0019304546294733882,0.0,0.0019304546294733882,100760.890625,-0.8729718388559806
-0.6074169874191284,-1.4462309224264962,0.0057657393626868725,0.0,0.0057657393626868725,101521.6015625,0.1644642940053966
-0.6067273020744324,-1.4445888144629342,0.0,0.0,0.0,102463.421875,1.44889228719472
-0.6064220070838928,-1.4438619216283164,0.003835284849628806,0.0,0.003835284849628806,101398.96875,-0.0027788787824461676
-0.6054269671440125,-1.4414927789143155,0.001904830220155418,0.0,0.001904830220155418,102045.140625,0.8784521093861514
-0.6051216721534729,-1.4407658860796975,0.005740114953368902,0.0,0.005740114953368902,101147.953125,-0.3451069122712267
-0.6045151948928833,-1.4393218926021032,0.0,0.0,0.0,101816.078125,0.5660631289351384
-0.6041266918182373,-1.4383968852815174,0.003809660440310836,0.0,0.003809660440310836,101626.84375,0.3079906226430363
-0.6032148599624634,-1.4362258570534843,0.001904830220155418,0.0,0.001904830220155418,101397.7890625,-0.0043877033407034305
-0.6028263568878174,-1.4353008497328985,0.005714490544050932,0.0,0.005714490544050932,101324.40625,-0.10446511443812377
-0.6023030877113342,-1.434054970741272,0.0,0.0,0.0,101168.71875,-0.3167873382589896
-0.6019145846366882,-1.4331299634206862,0.003809660440310836,0.0,0.003809660440310836,100979.4921875,-0.5748491900838185
-0.6010027527809143,-1.4309589351926533,0.001904830220155418,0.0,0.001904830220155418,100750.4453125,-0.887216861600285
-0.6005085110664368,-1.429782169205802,0.005668620113283396,0.0,0.005668620113283396,101520.8984375,0.16350539195080618
-0.6000909209251404,-1.42878790696462,0.0,0.0,0.0,100521.3671875,-1.1996271509858445
-0.5995967388153076,-1.4276112828935896,0.003763789776712656,0.0,0.003763789776712656,101391.234375,-0.013326801382940807
-0.5986849069595337,-1.4254402546655565,0.00185895967297256,0.0,0.00185895967297256,101261.5703125,-0.1901589947166878
-0.5981906652450562,-1.4242634886787051,0.00562274968251586,0.0,0.00562274968251586,101154.671875,-0.3359440704162516
-0.5978788137435913,-1.4235209851037889,0.0,0.0,0.0,101800.109375,0.5442853978286626
-0.5972788333892822,-1.422092460450672,0.00371791934594512,0.0,0.00371791934594512,101025.0078125,-0.5127762637499985
-0.5964727401733398,-1.4201731908889044,0.00185895967297256,0.0,0.00185895967297256,101383.0,-0.024556609888921967
-0.5958727598190308,-1.4187446662357877,0.005576878786087036,0.0,0.005576878786087036,101342.1015625,-0.08033274606426483
-0.5956667065620422,-1.4182540632429577,0.0,0.0,0.0,101142.78125,-0.3521601696061029
-0.5950667262077332,-1.416825538589841,0.00371791934594512,0.0,0.00371791934594512,101677.8671875,0.3775749484044812
-0.5943006873130798,-1.415001636459714,0.007471673656255007,0.0,0.007471673656255007,101386.4296875,-0.019879298755975355
-0.5942606329917908,-1.4149062690280734,0.00185895967297256,0.0,0.00185895967297256,101489.6484375,0.12088752285789856
-0.5935919284820557,-1.4133141154334659,0.005413661245256662,0.0,0.005413661245256662,101358.8828125,-0.057446950361373435
-0.5934545397758484,-1.4129869994663058,0.0,0.0,0.0,102378.4921875,1.3330675734674704
-0.5927858948707581,-1.4113949877875192,0.003554701339453459,0.0,0.003554701339453459,101307.546875,-0.12745745481374746
-0.5920198559761047,-1.4095710856573922,0.007308456115424633,0.0,0.007308456115424633,101348.671875,-0.071372339087481
-0.5919798016548157,-1.4094757182257516,0.0016957417828962207,0.0,0.0016957417828962207,101951.765625,0.7511099165365434
-0.5913110971450806,-1.4078835646311443,0.005250443238765001,0.0,0.005250443238765001,101394.6875,-0.008617526848174514
-0.5912424325942993,-1.4077200776054746,0.0,0.0,0.0,101757.453125,0.4861120065168437
-0.5905050039291382,-1.4059642950693767,0.0033914835657924414,0.0,0.0033914835657924414,101525.0390625,0.16915225960561645
-0.5897676348686218,-1.4042086544490997,0.0016957417828962207,0.0,0.0016957417828962207,101330.7265625,-0.0958456504140832
-0.5897390246391296,-1.4041405348550706,0.007145238108932972,0.0,0.007145238108932972,101384.46875,-0.02255357004155531
-0.5890303254127502,-1.4024531557446436,0.0,0.0,0.0,101136.421875,-0.36083290596650963
-0.5882928967475891,-1.4006973732085455,0.0033914835657924414,0.0,0.0033914835657924414,100903.9921875,-0.6778139618122834
-0.5875555276870728,-1.3989417325882685,0.0016957417828962207,0.0,0.0016957417828962207,100709.6796875,-0.942811871831983
-0.5871397256851196,-1.3979517278217135,0.004689136985689402,0.0,0.004689136985689402,101374.5078125,-0.03613801581491961
-0.5870621204376221,-1.3977669534229098,0.006601911038160324,0.0,0.006601911038160324,101493.546875,0.12620410202723878
-0.5868181586265564,-1.3971860919679915,0.0,0.0,0.0,100515.3828125,-1.2077884729171362
-0.5864023566246033,-1.3961960872014365,0.0029933953192085028,0.0,0.0029933953192085028,101011.40625,-0.5313256912726866
-0.5856649875640869,-1.3944404465811593,0.001297653536312282,0.0,0.001297653536312282,100631.96875,-1.0487918577987712
-0.5852492451667786,-1.3934505837304252,0.004291048739105463,0.0,0.004291048739105463,101325.3359375,-0.10319723283260977
-0.5851715803146362,-1.3932656674158006,0.006203823257237673,0.0,0.006203823257237673,101407.109375,0.00832307611625627
-0.5846060514450073,-1.3919191701071603,0.0,0.0,0.0,101406.421875,0.007385482996212302
-0.5845118761062622,-1.3916949431101482,0.002595307072624564,0.0,0.002595307072624564,100636.53125,-1.0425696489112066
-0.5834528803825378,-1.3891735247203283,0.001297653536312282,0.0,0.001297653536312282,101323.9921875,-0.1050298012036048
-0.5833587050437927,-1.388949297723316,0.0038929604925215244,0.0,0.0038929604925215244,101452.96875,0.07086479901009822
-0.5832810997962952,-1.3887645233245123,0.005805734544992447,0.0,0.005805734544992447,101339.8828125,-0.08335861476986127
-0.5823939442634583,-1.3866522482463293,0.0,0.0,0.0,101321.0,-0.1091104621692507
-0.5822997689247131,-1.386428021249317,0.002595307072624564,0.0,0.002595307072624564,101241.5625,-0.21744508540342192
-0.5814453959465027,-1.3843937998726255,0.004173081833869219,0.0,0.004173081833869219,101412.21875,0.015291097712946669
-0.5813677906990051,-1.3842090254738217,0.006085856352001429,0.0,0.006085856352001429,101299.1171875,-0.13895362500155928
-0.5812407732009888,-1.383906602859497,0.001297653536312282,0.0,0.001297653536312282,101238.5625,-0.22153640083634105
-0.5803864598274231,-1.3818725233986264,0.0028754284139722586,0.0,0.0028754284139722586,101733.609375,0.4535945723989552
-0.5801818370819092,-1.381385326385498,0.0,0.0,0.0,101235.5625,-0.22562771626926018
-0.5795320868492126,-1.379838302021935,0.004453203175216913,0.0,0.004453203175216913,101371.453125,-0.04030391251875134
-0.5794544816017151,-1.3796535276231312,0.006365977693349123,0.0,0.006365977693349123,101258.3515625,-0.19454863523325727
-0.5793274641036987,-1.3793511050088065,0.0015777748776599765,0.0,0.0015777748776599765,101792.3515625,0.5337055118263483
-0.5784731507301331,-1.377317025547936,0.003155549755319953,0.0,0.003155549755319953,101386.5234375,-0.01975144514869663
-0.5779697299003601,-1.376118404524667,0.0,0.0,0.0,101809.671875,0.5573264657710923
-0.5776187777519226,-1.3752828041712444,0.004733324516564608,0.0,0.004733324516564608,101330.671875,-0.09592023168499579
-0.5771153569221497,-1.3740841831479755,0.0015777748776599765,0.0,0.0015777748776599765,101464.9765625,0.08724071520904797
-0.5767416954040527,-1.3731945128667922,0.006655172444880009,0.0,0.006655172444880009,101300.8828125,-0.13654571539781
-0.576261043548584,-1.3720501036871047,0.003155549755319953,0.0,0.003155549755319953,101881.3203125,0.6550385851338564
-0.575757622718811,-1.3708514826638358,0.0,0.0,0.0,101209.28125,-0.2614693441763955
-0.5753377676010132,-1.36985182762146,0.00489562563598156,0.0,0.00489562563598156,101246.546875,-0.21064753528310315
-0.5749032497406006,-1.3688172612871443,0.0015777748776599765,0.0,0.0015777748776599765,101851.0,0.6136885976464627
-0.5744606852531433,-1.367763536317008,0.0068174730986356735,0.0,0.0068174730986356735,101291.3046875,-0.1496080922747862
-0.5739799737930298,-1.3666189852214996,0.0033178506419062614,0.0,0.0033178506419062614,101531.1484375,0.17748405301327988
-0.5735454559326172,-1.3655844188871837,0.0,0.0,0.0,102527.0703125,1.5356942320696996
-0.5730567574501038,-1.3644208510716758,0.005057926289737225,0.0,0.005057926289737225,101293.25,-0.14695512992375268
-0.5726222395896912,-1.36338628473736,0.0017400756478309631,0.0,0.0017400756478309631,102098.546875,0.9512860476659305
-0.5721796751022339,-1.3623325597672236,0.006979773752391338,0.0,0.006979773752391338,101225.671875,-0.23911627183716544
-0.5716990232467651,-1.361188150587536,0.0034801512956619263,0.0,0.0034801512956619263,101670.015625,0.36686720879488816
-0.5713333487510681,-1.3603174970263527,0.0,0.0,0.0,101873.796875,0.6447783331497389
-0.5707757472991943,-1.3589898745218914,0.005220226943492889,0.0,0.005220226943492889,101259.1171875,-0.19350449744048104
-0.5704100728034973,-1.358119220960708,0.0017400756478309631,0.0,0.0017400756478309631,101445.265625,0.06035949427869649
-0.5697505474090576,-1.3565489224025182,0.007071914151310921,0.0,0.007071914151310921,101333.8359375,-0.0916051724393389
-0.5694868564605713,-1.355921086810884,0.0034801512956619263,0.0,0.0034801512956619263,101016.734375,-0.5240593445923458
-0.569121241569519,-1.3550505751655215,0.0,0.0,0.0,101220.5078125,-0.2461588747047684
-0.5684829354286194,-1.35353079863957,0.005265737883746624,0.0,0.005265737883746624,101522.1875,0.16526337905088861
-0.5681979656219482,-1.3528522990998768,0.0017400756478309631,0.0,0.0017400756478309631,100791.984375,-0.8305670591085376
-0.5674577355384827,-1.3510898465201968,0.007117425091564655,0.0,0.007117425091564655,101311.765625,-0.12170404248620491
-0.5671940445899963,-1.3504620109285628,0.003525662235915661,0.0,0.003525662235915661,101435.546875,0.047105336990802216
-0.5669090747833252,-1.3497835113888697,0.0,0.0,0.0,100567.21875,-1.1370960825592757
-0.5661901235580444,-1.3480717227572487,0.005311248824000359,0.0,0.005311248824000359,101168.5,-0.31708566334263993
-0.5659051537513733,-1.3473932232175556,0.0017855865880846977,0.0,0.0017855865880846977,102052.203125,0.8880837478011485
-0.5651648640632629,-1.3456306287220547,0.00716293603181839,0.0,0.00716293603181839,101348.7265625,-0.07129775781656841
-0.5649012327194214,-1.3450029350462414,0.0035711731761693954,0.0,0.0035711731761693954,101634.1328125,0.317931240608957
-0.5646969676017761,-1.3445165895280384,0.0,0.0,0.0,101836.75,0.5942548493400969
-0.5638972520828247,-1.3426125049591064,0.005356759764254093,0.0,0.005356759764254093,101872.515625,0.6430310005169296
-0.5636930465698242,-1.3421263013567244,0.0017855865880846977,0.0,0.0017855865880846977,101418.6796875,0.024102342147905322
-0.5628148317337036,-1.3400353136516754,0.0071736606769263744,0.0,0.0071736606769263744,101291.875,-0.14883031616384063
-0.5626891255378723,-1.3397360131854104,0.0035711731761693954,0.0,0.0035711731761693954,101761.4921875,0.491620366097102
-0.562484860420227,-1.3392496676672072,0.0,0.0,0.0,101203.2109375,-0.2697478652476928
-0.5616235136985779,-1.3371988421394712,0.0053503671661019325,0.0,0.0053503671661019325,101514.796875,0.15518425301041597
-0.5614809393882751,-1.3368593794958932,0.0017855865880846977,0.0,0.0017855865880846977,101650.4609375,0.3401990772100012
-0.5605410933494568,-1.33462165083204,0.0071672676131129265,0.0,0.0071672676131129265,101324.9296875,-0.10375126513081757
-0.5604153871536255,-1.334322350365775,0.003564780345186591,0.0,0.003564780345186591,101403.75,0.0037416551887687
-0.560272753238678,-1.3339827458063762,0.0,0.0,0.0,101539.4140625,0.18875647938835396
-0.559349775314331,-1.3317851793198359,0.005343974102288485,0.0,0.005343974102288485,101157.046875,-0.33270511236519057
-0.5592072010040283,-1.3314457166762579,0.0017791937571018934,0.0,0.0017791937571018934,101292.7109375,-0.14769028816560534
-0.55826735496521,-1.3292079880124048,0.007160875014960766,0.0,0.007160875014960766,101357.9921875,-0.0586615596305213
-0.5581416487693787,-1.3289086875461398,0.003558387514203787,0.0,0.003558387514203787,101046.0,-0.4841477101868379
-0.5580606460571289,-1.328715823945545,0.0,0.0,0.0,101811.640625,0.5600113915239455
-0.5570760369300842,-1.3263715165002006,0.005337581038475037,0.0,0.005337581038475037,100799.296875,-0.8205944777407972
-0.5569950938224792,-1.3261787948154269,0.0017791937571018934,0.0,0.0017791937571018934,101402.2109375,0.001642725135942999
-0.5559535622596741,-1.323698957761129,0.007126274518668652,0.0,0.007126274518668652,101365.671875,-0.04818821830093925
-0.5559294819831848,-1.3236416237694877,0.003558387514203787,0.0,0.003558387514203787,100992.796875,-0.5567046323175131
-0.5558485388755798,-1.323448902084714,0.0,0.0,0.0,101186.171875,-0.2929852583706007
-0.5548154711723328,-1.3209892170769828,0.005287922453135252,0.0,0.005287922453135252,101511.8515625,0.15116751884840943
-0.5547829270362854,-1.3209117310387748,0.0017791937571018934,0.0,0.0017791937571018934,100776.75,-0.8513432702913301
-0.5536929965019226,-1.3183166583379111,0.00707661546766758,0.0,0.00707661546766758,101337.1015625,-0.08715160511913005
-0.5536689162254333,-1.31825932434627,0.003508728463202715,0.0,0.003508728463202715,101378.640625,-0.03050180262738258
-0.553636372089386,-1.318181838308062,0.0,0.0,0.0,102381.8046875,1.3375850675913186
-0.5525549054145813,-1.315606917653765,0.00523826340213418,0.0,0.00523826340213418,101158.0234375,-0.33137330395603726
-0.5525223612785339,-1.315529431615557,0.0017295348225161433,0.0,0.0017295348225161433,101991.796875,0.8057034068445581
-0.5514324307441711,-1.3129343589146933,0.007026956416666508,0.0,0.007026956416666508,101263.8515625,-0.18704789027290553
-0.5514242649078369,-1.312914916447231,0.0,0.0,0.0,101783.09375,0.5210799681075744
-0.5514083504676819,-1.3128770249230521,0.0034590696450322866,0.0,0.0034590696450322866,101601.7890625,0.2738217460977976
-0.5503102540969849,-1.310262509754726,0.0017295348225161433,0.0,0.0017295348225161433,101393.0859375,-0.010801692639186029
-0.5502943396568298,-1.3102246182305473,0.005188604351133108,0.0,0.005188604351133108,101320.4375,-0.10987758381292305
-0.5492121577262878,-1.3076479945863997,0.0,0.0,0.0,101184.375,-0.2954357858434429
-0.5491962432861328,-1.3076101030622211,0.0034590696450322866,0.0,0.0034590696450322866,101003.0625,-0.542704662320493
-0.5491415858268738,-1.3074799662544614,0.006935714744031429,0.0,0.006935714744031429,101375.5078125,-0.034774244003946575
-0.5480981469154358,-1.3049955878938948,0.0017295348225161433,0.0,0.0017295348225161433,100794.359375,-0.8273281010574766
-0.5480459332466125,-1.304871269634792,0.005158823914825916,0.0,0.005158823914825916,101514.828125,0.15522687087950887
-0.546999990940094,-1.3023809308097476,0.0,0.0,0.0,100585.640625,-1.1119728487290066
-0.5469478368759155,-1.3022567544664656,0.003429288975894451,0.0,0.003429288975894451,101393.015625,-0.010897582844645072
-0.5468931794166565,-1.302126617658706,0.00690593384206295,0.0,0.00690593384206295,101330.3828125,-0.0963144469741052
-0.5458496809005737,-1.2996420973823184,0.0016997542697936296,0.0,0.0016997542697936296,101271.1953125,-0.17703269103607225
-0.5457975268363953,-1.2995179210390364,0.0051290434785187244,0.0,0.0051290434785187244,101169.265625,-0.3160415255498637
-0.5447878837585449,-1.2971140089489166,0.0,0.0,0.0,101781.1796875,0.5184696236256339
-0.5446993708610535,-1.2969032639548892,0.0033995085395872593,0.0,0.0033995085395872593,101047.4453125,-0.4821766337412909
-0.5446447730064392,-1.2967732690629505,0.006876153405755758,0.0,0.006876153405755758,101362.1484375,-0.052993383041164584
-0.5436375737190247,-1.2943751755214874,0.0016997542697936296,0.0,0.0016997542697936296,101402.2734375,0.0017279608741288144
-0.5435490608215332,-1.29416443052746,0.005099262576550245,0.0,0.005099262576550245,101867.3203125,0.6359457797802337
-0.5425757765769958,-1.2918470870880854,0.0,0.0,0.0,101201.59375,-0.2719533399732508
-0.5424872636795044,-1.2916363420940582,0.0033995085395872593,0.0,0.0033995085395872593,101773.265625,0.507676648277855
-0.5424020886421204,-1.291433544386001,0.006783885881304741,0.0,0.006783885881304741,101285.7734375,-0.15715145510423084
-0.5414254665374756,-1.2891082536606562,0.0016997542697936296,0.0,0.0016997542697936296,101679.21875,0.37941817124274946
-0.5413193702697754,-1.2888556434994654,0.005122073460370302,0.0,0.005122073460370302,101532.4296875,0.1792313856460891
-0.540363609790802,-1.2865800233114333,0.0,0.0,0.0,101585.15625,0.2511383852730975
-0.5402575135231018,-1.2863274131502425,0.003422319423407316,0.0,0.003422319423407316,101438.3828125,0.05097290861098358
-0.5401723980903625,-1.2861247573580061,0.0068066962994635105,0.0,0.0068066962994635105,101312.140625,-0.12119262805709002
-0.539195716381073,-1.2837993247168404,0.0017225651536136866,0.0,0.0017225651536136866,101344.328125,-0.07729622289139516
-0.5390896201133728,-1.2835467145556496,0.005144884344190359,0.0,0.005144884344190359,101197.5546875,-0.2774616995535091
-0.5381515026092529,-1.2813131014506023,0.0,0.0,0.0,101766.5,0.4984498796192405
-0.538027822971344,-1.2810186261222476,0.003445130307227373,0.0,0.003445130307227373,101103.4921875,-0.405741485523161
-0.53794264793396,-1.2808158284141904,0.006829507648944855,0.0,0.006829507648944855,101338.5078125,-0.0852338010099492
-0.5369836091995239,-1.2785324028560094,0.0017225651536136866,0.0,0.0017225651536136866,101421.71875,0.028246929917190588
-0.5368598699569702,-1.2782377856118339,0.005167695228010416,0.0,0.005167695228010416,100862.6640625,-0.7341760936876537
-0.5359579920768738,-1.27609045732589,0.006768684834241867,0.0,0.006768684834241867,101353.78125,-0.0644043174907906
-0.5359393954277039,-1.276046179589771,0.0,0.0,0.0,101205.0078125,-0.2672973377748506
-0.5358157157897949,-1.2757517042614166,0.003445130307227373,0.0,0.003445130307227373,101076.9296875,-0.44196667425213254
-0.5347715020179749,-1.2732654809951782,0.0017225651536136866,0.0,0.0017225651536136866,100860.2109375,-0.737521596411447
-0.5344769954681396,-1.2725642749241421,0.005528598092496395,0.0,0.005528598092496395,101568.2890625,0.2281353904302006
-0.5337272882461548,-1.27077925772894,0.0,0.0,0.0,102805.3515625,1.915206356342042
-0.5335751175880432,-1.2704169466381983,0.007129587698727846,0.0,0.007129587698727846,101233.484375,-0.22846180456393853
-0.5334328413009644,-1.2700781935737246,0.003806033171713352,0.0,0.003806033171713352,101620.6171875,0.29949901222627445
-0.5323886275291443,-1.2675919703074865,0.0020834680180996656,0.0,0.0020834680180996656,102262.46875,1.1748380799927776
-0.5320941209793091,-1.2668907642364502,0.005889500956982374,0.0,0.005889500956982374,101187.7890625,-0.2907797836450427
-0.5315151810646057,-1.2655123358681089,0.0,0.0,0.0,101971.15625,0.7775543043086925
-0.5311922430992126,-1.2647434359505063,0.007490490563213825,0.0,0.007490490563213825,101240.03125,-0.21953336098897439
-0.5310499668121338,-1.264404682886033,0.004166936036199331,0.0,0.004166936036199331,101719.5703125,0.43444849470896646
-0.5301765203475952,-1.2623250484466553,0.0020834680180996656,0.0,0.0020834680180996656,101428.265625,0.03717537349215474
-0.5297112464904785,-1.2612172535487585,0.006250403821468353,0.0,0.006250403821468353,101293.78125,-0.14623062614917326
-0.5293030738830566,-1.2602454140072779,0.0,0.0,0.0,101136.9453125,-0.3601190566592034
-0.5288378000259399,-1.2591376191093808,0.004166936036199331,0.0,0.004166936036199331,100885.359375,-0.7032248662589295
-0.5279799103736877,-1.2570950246992565,0.007470269221812487,0.0,0.007470269221812487,101382.953125,-0.02462053669256133
-0.5279643535614014,-1.2570579846700034,0.0020834680180996656,0.0,0.0020834680180996656,100594.0625,-1.1004873330084681
-0.5274703502655029,-1.2558817863464355,0.005777373909950256,0.0,0.005777373909950256,101449.515625,0.06615552447533192
-0.5270909070968628,-1.2549783502306258,0.0,0.0,0.0,100302.734375,-1.4977924176270994
-0.5265969038009644,-1.2538021519070581,0.0036939061246812344,0.0,0.0036939061246812344,101109.109375,-0.3980809235537109
-0.5257390141487122,-1.2517595574969338,0.00699723931029439,0.0,0.00699723931029439,101419.953125,0.02583902031344131
-0.5257234573364258,-1.2517225174676805,0.0016104381065815687,0.0,0.0016104381065815687,101792.90625,0.5344619790027474
-0.5252294540405273,-1.2505463191441129,0.005304343998432159,0.0,0.005304343998432159,101060.8125,-0.46394684023679966
-0.5248787999153137,-1.2497114283697945,0.0,0.0,0.0,101652.71875,0.3432782182519638
-0.5243560075759888,-1.2484666847047352,0.0032208762131631374,0.0,0.0032208762131631374,101427.140625,0.035641130204810065
-0.5235113501548767,-1.2464555956068493,0.0016104381065815687,0.0,0.0016104381065815687,101286.9609375,-0.15553197607870034
-0.5234981179237366,-1.2464240902946109,0.006524209398776293,0.0,0.006524209398776293,101359.75,-0.05626430449404524
-0.5229885578155518,-1.24521085194179,0.0048313140869140625,0.0,0.0048313140869140625,101478.984375,0.10634417502994382
-0.5226666927337646,-1.2444445065089635,0.0,0.0,0.0,101146.78125,-0.34670508236221076
-0.5221439003944397,-1.243199762843904,0.0032208762131631374,0.0,0.0032208762131631374,100921.2109375,-0.6543315159420913
-0.5216009020805359,-1.2419069097155617,0.006243319716304541,0.0,0.006243319716304541,101530.859375,0.1770898377241705
-0.5212992429733276,-1.2411886737460183,0.0016104381065815687,0.0,0.0016104381065815687,100781.0234375,-0.8455152766928749
-0.5211177468299866,-1.2407565400713967,0.00449173292145133,0.0,0.00449173292145133,101391.1875,-0.013390728186580167
-0.5204545259475708,-1.2391774427323115,0.0,0.0,0.0,100640.8515625,-1.036677728509112
-0.5202730894088745,-1.2387454509735107,0.0028812948148697615,0.0,0.0028812948148697615,101050.765625,-0.47764848515016944
-0.5197300910949707,-1.2374525978451685,0.005903738085180521,0.0,0.005903738085180521,101434.2890625,0.04538996775981268
-0.5194284319877625,-1.236734361875625,0.0012708567082881927,0.0,0.0012708567082881927,100710.34375,-0.9419062421137587
-0.5192469358444214,-1.2363022282010034,0.0041521512903273106,0.0,0.0041521512903273106,101048.5078125,-0.480727626192132
-0.5184022784233093,-1.2342911391031175,0.0025417134165763855,0.0,0.0025417134165763855,100708.09375,-0.9449747286884481
-0.5183424353599548,-1.23414865561894,0.007315743714570999,0.0,0.007315743714570999,101196.421875,-0.279006597308127
-0.5182424187660217,-1.2339105208714805,0.0,0.0,0.0,101422.671875,0.02954677492452427
-0.5178592801094055,-1.232998285974775,0.005564156919717789,0.0,0.005564156919717789,101226.453125,-0.23805082510984274
-0.5173761248588562,-1.23184791633061,0.0038125698920339346,0.0,0.0038125698920339346,101256.484375,-0.19709505291155852
-0.5172163248062134,-1.2314674400147938,0.0012708567082881927,0.0,0.0012708567082881927,101429.265625,0.038539145303127784
-0.5161901712417603,-1.2290242172422863,0.0025417134165763855,0.0,0.0025417134165763855,102606.09375,1.6434641685383897
-0.5160303115844727,-1.2286435990106492,0.0,0.0,0.0,101502.890625,0.13894684488601816
-0.5160130262374878,-1.22860244342259,0.006495284847915173,0.0,0.006495284847915173,101101.859375,-0.40796826918326545
-0.5155298709869385,-1.227452073778425,0.004743698053061962,0.0,0.004743698053061962,101131.890625,-0.36701249698498123
-0.5150042176246643,-1.2262005181539626,0.0012708567082881927,0.0,0.0012708567082881927,102965.65625,2.133825370321385
-0.5143438577651978,-1.2246282327742803,0.0034728413447737694,0.0,0.0034728413447737694,102145.2578125,1.014989107492554
-0.5141667127609253,-1.224206458954584,0.0074264127761125565,0.0,0.0074264127761125565,101077.515625,-0.4411675892066405
-0.5138182044029236,-1.223376677149818,0.0,0.0,0.0,102985.234375,2.160525465308092
-0.513683557510376,-1.223056089310419,0.005674825981259346,0.0,0.005674825981259346,101007.3046875,-0.5369192865911308
-0.5131579041481018,-1.2218045336859567,0.0022019846364855766,0.0,0.0022019846364855766,102467.59375,1.4545817727186232
-0.51249760389328,-1.2202323902220953,0.004403969272971153,0.0,0.004403969272971153,101949.9375,0.7486167711946082
-0.5118372440338135,-1.218660104842413,0.00660595390945673,0.0,0.00660595390945673,101103.4609375,-0.40578410339225396
-0.5116060972213745,-1.218109755288987,0.0,0.0,0.0,102050.34375,0.8855479845901205
-0.510945737361908,-1.2165374699093048,0.0022019846364855766,0.0,0.0022019846364855766,101532.6953125,0.1795936375333788
-0.5102854371070862,-1.2149653264454434,0.004403969272971153,0.0,0.004403969272971153,101806.4921875,0.552990097590889
-0.5093939900398254,-1.2128428334281558,0.0,0.0,0.0,101115.453125,-0.38942949612785066
-0.5092409253120422,-1.2124783936001007,0.006570694502443075,0.0,0.006570694502443075,101290.7578125,-0.15035390498391207
-0.5087336301803589,-1.2112705480484736,0.0022019846364855766,0.0,0.0022019846364855766,101638.078125,0.32331174658193657
-0.5076891183853149,-1.2087836152031308,0.0043687098659574986,0.0,0.0043687098659574986,101384.25,-0.022851895125205662
-0.5071818232536316,-1.207575769651504,0.0,0.0,0.0,102678.3125,1.7419540640120994
-0.5066445469856262,-1.2062965404419672,0.0065354350954294205,0.0,0.0065354350954294205,101323.1171875,-0.10622310153820622
-0.5061373114585876,-1.2050888368061612,0.002166725229471922,0.0,0.002166725229471922,102156.2109375,1.0299266706096184
-0.5050927400588989,-1.2026017620449976,0.004333450458943844,0.0,0.004333450458943844,101634.1015625,0.31788862273986407
-0.5049697160720825,-1.2023088477906727,0.0,0.0,0.0,101970.3984375,0.7765208209831895
-0.5040481686592102,-1.200114687283834,0.006500175688415766,0.0,0.006500175688415766,101111.9921875,-0.39414942512989015
-0.5039251446723938,-1.199821773029509,0.002166725229471922,0.0,0.002166725229471922,101448.2890625,0.0644827731134353
-0.5028806328773499,-1.1973348401841664,0.004333450458943844,0.0,0.004333450458943844,100926.1796875,-0.6475552747563189
-0.5027576088905334,-1.1970419259298415,0.0,0.0,0.0,101262.4765625,-0.18892307651299348
-0.5017408728599548,-1.1946211258570354,0.006444557104259729,0.0,0.006444557104259729,101492.65625,0.12498949275809092
-0.5017130374908447,-1.1945548511686779,0.002166725229471922,0.0,0.002166725229471922,100740.3671875,-0.9009611243827477
-0.5005733370780945,-1.1918412787573678,0.0042778318747878075,0.0,0.0042778318747878075,101361.296875,-0.054154719973946316
-0.5005454421043396,-1.1917748621531896,0.0,0.0,0.0,100554.5546875,-1.1543669740091764
-0.49943360686302185,-1.1891276353881473,0.00638893898576498,0.0,0.00638893898576498,101097.65625,-0.4137003725762615
-0.49940574169158936,-1.1890612897418795,0.002111106878146529,0.0,0.002111106878146529,101229.921875,-0.23332024164053
-0.4983333349227905,-1.1865079402923584,0.0,0.0,0.0,101865.8515625,0.6339427399328671
-0.4982660412788391,-1.1863477173305694,0.004222213756293058,0.0,0.004222213756293058,100966.28125,-0.5928658942428452
-0.4971936345100403,-1.1837943678810483,0.002111106878146529,0.0,0.002111106878146529,101414.140625,0.01791209666216049
-0.4971263110637665,-1.183634073961349,0.006333320401608944,0.0,0.006333320401608944,101312.609375,-0.1205533600206964
-0.49612122774124146,-1.1812410184315274,0.0,0.0,0.0,101214.5234375,-0.25432019663606026
-0.49605393409729004,-1.1810807954697382,0.004222213756293058,0.0,0.004222213756293058,100962.4296875,-0.5981185466085461
-0.4949815273284912,-1.1785274460202173,0.002111106878146529,0.0,0.002111106878146529,100762.8046875,-0.8703614943740401
-0.494858056306839,-1.1782334673972357,0.006303395610302687,0.0,0.006303395610302687,101308.8515625,-0.12567815877911856
-0.49390909075737,-1.1759740256127857,0.0,0.0,0.0,100563.1796875,-1.142604442139534
-0.49378564953804016,-1.1756801179477148,0.004192288964986801,0.0,0.004192288964986801,101383.5546875,-0.023800142712522857
-0.49271324276924133,-1.1731267684981936,0.002081182086840272,0.0,0.002081182086840272,101256.34375,-0.1972868333224766
-0.4925897717475891,-1.1728327898752122,0.0062734708189964294,0.0,0.0062734708189964294,101323.9375,-0.1051043824745174
-0.4916969835758209,-1.1707071037519545,0.0,0.0,0.0,101862.015625,0.6287113965017127
-0.4915173649787903,-1.170279440425691,0.004162364173680544,0.0,0.004162364173680544,100981.9296875,-0.5715249962945718
-0.4905011057853699,-1.1678597756794522,0.002081182086840272,0.0,0.002081182086840272,101416.3359375,0.020906001965937247
-0.49032148718833923,-1.1674321123531888,0.006243546027690172,0.0,0.006243546027690172,101339.0078125,-0.08455191510446268
-0.48948487639427185,-1.1654401818911235,0.0,0.0,0.0,101219.390625,-0.24768246352483986
-0.4893052279949188,-1.1650124476069497,0.004162364173680544,0.0,0.004162364173680544,101785.6640625,0.5245852878404661
-0.4882889986038208,-1.162592853818621,0.002081182086840272,0.0,0.002081182086840272,101653.328125,0.3441092666992755
-0.4881003499031067,-1.1621436902454922,0.006208133418112993,0.0,0.006208133418112993,101310.5234375,-0.12339810278264798
-0.4872727394104004,-1.1601731890723819,0.0,0.0,0.0,102469.0234375,1.4565315402296237
-0.4870840907096863,-1.1597240254992531,0.004126951564103365,0.0,0.004126951564103365,101381.984375,-0.025941690634441465
-0.48606786131858826,-1.1573044317109245,0.002045769477263093,0.0,0.002045769477263093,102036.3203125,0.8664232158346782
-0.48587924242019653,-1.1568553390957061,0.006172720808535814,0.0,0.006172720808535814,101326.8828125,-0.10108764831251084
-0.4850606322288513,-1.1549062672115509,0.0,0.0,0.0,101844.8828125,0.605346149771526
-0.4848629832267761,-1.154435674349467,0.004091538954526186,0.0,0.004091538954526186,101603.609375,0.2763042369724594
-0.4838557243347168,-1.1520374388921828,0.002045769477263093,0.0,0.002045769477263093,101412.1796875,0.015237825376580534
-0.483658105134964,-1.1515669169880096,0.006137308198958635,0.0,0.006137308198958635,101343.2265625,-0.07879850277692016
-0.48284849524497986,-1.1496392743928092,0.0,0.0,0.0,101220.75,-0.2458285862192984
-0.48265087604522705,-1.1491687524886358,0.004091538954526186,0.0,0.004091538954526186,100979.46875,-0.5748811534856382
-0.4816436171531677,-1.1467705170313518,0.002045769477263093,0.0,0.002045769477263093,100788.03125,-0.8359582195487903
-0.4814784824848175,-1.1463773392495655,0.006095709279179573,0.0,0.006095709279179573,101316.421875,-0.11535397999136167
-0.4806363582611084,-1.1443722815740676,0.0,0.0,0.0,100596.59375,-1.0970352856119425
-0.4804712235927582,-1.1439791037922815,0.004049940034747124,0.0,0.004049940034747124,101380.171875,-0.028413527041830106
-0.47946399450302124,-1.1415809392929077,0.0020041705574840307,0.0,0.0020041705574840307,101243.890625,-0.21427005415600028
-0.479298859834671,-1.1411877615111214,0.006054110359400511,0.0,0.006054110359400511,101334.125,-0.0912109571502295
-0.4784242510795593,-1.1391053597132366,0.0,0.0,0.0,101824.5234375,0.5775806080574968
-0.4782916307449341,-1.1387895970117479,0.0040083411149680614,0.0,0.0040083411149680614,100977.375,-0.5777365507148631
-0.4772518575191498,-1.1363139464741663,0.0020041705574840307,0.0,0.0020041705574840307,101407.5078125,0.008866453947190843
-0.47711923718452454,-1.1359981837726776,0.0060125114396214485,0.0,0.0060125114396214485,101351.8125,-0.06708924324364378
-0.47621214389801025,-1.1338384378524053,0.0,0.0,0.0,101216.640625,-0.25143283600501576
-0.4760794937610626,-1.1335226041930062,0.0040083411149680614,0.0,0.0040083411149680614,100990.4921875,-0.559847700163115
-0.4750397503376007,-1.131047024613335,0.0020041705574840307,0.0,0.0020041705574840307,100799.6171875,-0.8201576445825949
-0.4749451279640198,-1.1308217332476662,0.00599183002486825,0.0,0.00599183002486825,101520.890625,0.16349473748353296
-0.4740000069141388,-1.128571445033664,0.0,0.0,0.0,102432.6875,1.4069776129418454
-0.4739053547382355,-1.1283460827100844,0.0039876592345535755,0.0,0.0039876592345535755,101393.828125,-0.009789518248229472
-0.47286564111709595,-1.1258705740883237,0.0019834889099001884,0.0,0.0019834889099001884,102019.1015625,0.8429407699644861
-0.4727709889411926,-1.1256452117647444,0.005971148144453764,0.0,0.005971148144453764,101121.46875,-0.3812255563274659
-0.4717878997325897,-1.1233045231728327,0.0,0.0,0.0,101823.1640625,0.5757267307519552
-0.4717312455177307,-1.1231696321850733,0.003966977819800377,0.0,0.003966977819800377,101605.5,0.27888261805258036
-0.4706535041332245,-1.1206035812695823,0.0019834889099001884,0.0,0.0019834889099001884,101409.5703125,0.011679233307322746
-0.4705968499183655,-1.1204686902818226,0.005950466729700565,0.0,0.005950466729700565,101288.1171875,-0.15395511492226277
-0.46957576274871826,-1.118037530354091,0.0,0.0,0.0,101213.625,-0.2555454603724813
-0.46951913833618164,-1.117902710324242,0.003966977819800377,0.0,0.003966977819800377,100995.9609375,-0.5523895730718562
-0.4684413969516754,-1.115336659408751,0.0019834889099001884,0.0,0.0019834889099001884,100800.0390625,-0.8195823033498406
-0.4684084951877594,-1.1152583218756176,0.005945481825619936,0.0,0.005945481825619936,101307.3515625,-0.12772381649557812
-0.4673636257648468,-1.1127705375353496,0.0,0.0,0.0,100604.0859375,-1.086817651496918
-0.4673307538032532,-1.1126922709601266,0.0039619929157197475,0.0,0.0039619929157197475,101403.8125,0.003826890926954515
-0.46625301241874695,-1.1101262200446356,0.001978504005819559,0.0,0.001978504005819559,102029.90625,0.8576758982033589
-0.4662201404571533,-1.1100479534694128,0.005940496921539307,0.0,0.005940496921539307,101326.5703125,-0.10151382700343992
-0.46515151858329773,-1.1075036156745184,0.0,0.0,0.0,101828.59375,0.583131585506848
-0.4651423990726471,-1.1074819025539218,0.003957008011639118,0.0,0.003957008011639118,101612.6875,0.2886847279439491
-0.4640408754348755,-1.1048592272258941,0.001978504005819559,0.0,0.001978504005819559,101411.375,0.014140415247438162
-0.46403175592422485,-1.1048375141052973,0.00593551155179739,0.0,0.00593551155179739,101345.8046875,-0.07528252857675527
-0.46293941140174866,-1.1022366938136874,0.0,0.0,0.0,101210.0546875,-0.26041455191634605
-0.46293026208877563,-1.10221490973518,0.003957008011639118,0.0,0.003957008011639118,100994.1640625,-0.5548401005446983
-0.4618287682533264,-1.099592305365063,0.001978504005819559,0.0,0.001978504005819559,100792.8359375,-0.8294057221757558
-0.46182164549827576,-1.0995753464244662,0.005932064726948738,0.0,0.005932064726948738,101306.140625,-0.12937525892292828
-0.4607272744178772,-1.0969697009949457,0.0,0.0,0.0,100591.5078125,-1.1039713438068133
-0.46072015166282654,-1.096952742054349,0.003953560721129179,0.0,0.003953560721129179,101404.3671875,0.004583358103353626
-0.4596186578273773,-1.0943301376842318,0.00197505671530962,0.0,0.00197505671530962,102037.6328125,0.8682131663365803
-0.45961153507232666,-1.0943131787436349,0.005928617436438799,0.0,0.005928617436438799,101326.65625,-0.10139662786343442
-0.4585151672363281,-1.0917027791341147,0.0,0.0,0.0,101834.1640625,0.5907282206726587
-0.45851004123687744,-1.0916905743735177,0.00395011343061924,0.0,0.00395011343061924,101615.390625,0.29237117362048565
-0.45740655064582825,-1.0890632158234006,0.00197505671530962,0.0,0.00197505671530962,101411.921875,0.014886227956564045
-0.45740142464637756,-1.0890510110628038,0.00592517014592886,0.0,0.00592517014592886,101298.59375,-0.13966747430886547
-0.45630306005477905,-1.0864358572732835,0.0,0.0,0.0,101208.4453125,-0.26260937217463076
-0.4551944136619568,-1.0837962230046592,0.00197505671530962,0.0,0.00197505671530962,101671.2265625,0.36851865122223837
-0.4551771581172943,-1.0837551383745103,0.005914430599659681,0.0,0.005914430599659681,101308.46875,-0.12620022767550668
-0.4540909230709076,-1.0811688644545419,0.0,0.0,0.0,102459.96875,1.4441830126599537
-0.45407363772392273,-1.0811277088664828,0.003939373884350061,0.0,0.003939373884350061,101400.703125,-0.0004135870477897941
-0.45297014713287354,-1.0785003503163657,0.0019643171690404415,0.0,0.0019643171690404415,102038.7109375,0.8696834828202856
-0.45295289158821106,-1.0784592656862169,0.005903691053390503,0.0,0.005903691053390503,101330.6484375,-0.09595219508681548
-0.45187878608703613,-1.0759018716358004,0.0,0.0,0.0,101829.8359375,0.584825645803291
-0.45184940099716187,-1.0758319071360998,0.003928634338080883,0.0,0.003928634338080883,101617.453125,0.29518395298061756
-0.4507580101490021,-1.073233357497624,0.0019643171690404415,0.0,0.0019643171690404415,101408.578125,0.010326115963622928
-0.4507286250591278,-1.0731633929979234,0.0058929515071213245,0.0,0.0058929515071213245,101303.9375,-0.13237981869397827
-0.44966667890548706,-1.0706349497749692,0.0,0.0,0.0,101199.7109375,-0.27452106658609843
-0.4496372640132904,-1.0705649143173581,0.003928634338080883,0.0,0.003928634338080883,100987.3125,-0.5641840683433184
-0.448545902967453,-1.0679664356367928,0.0019643171690404415,0.0,0.0019643171690404415,100778.4375,-0.849041905360313
-0.44847655296325684,-1.067801316579183,0.005883583799004555,0.0,0.005883583799004555,101307.4609375,-0.12757465395375295
-0.4474545419216156,-1.0653679569562278,0.0,0.0,0.0,100569.578125,-1.1338784334427612
-0.44738519191741943,-1.0652028378986178,0.003919266629964113,0.0,0.003919266629964113,101402.2890625,0.0017492698086752682
-0.44629383087158203,-1.0626043592180525,0.0019549494609236717,0.0,0.0019549494609236717,101283.640625,-0.16006012466982178
-0.44622448086738586,-1.0624392401604426,0.005874216090887785,0.0,0.005874216090887785,101328.7109375,-0.09859450297057575
-0.44524243474006653,-1.0601010350953965,0.0,0.0,0.0,101835.2265625,0.5921772282218176
-0.44513311982154846,-1.0598407614798773,0.0039098989218473434,0.0,0.0039098989218473434,101015.328125,-0.5259771487015267
-0.44408172369003296,-1.0573374373572213,0.0019549494609236717,0.0,0.0019549494609236717,101410.0546875,0.012339810278262815
-0.4439724087715149,-1.0570771637417022,0.005864847917109728,0.0,0.005864847917109728,101349.9453125,-0.06963566092194501
-0.44303032755851746,-1.0548341132345653,0.0,0.0,0.0,101199.046875,-0.27542669630432276
-0.4429210126399994,-1.0545738396190463,0.0039098989218473434,0.0,0.0039098989218473434,100984.8828125,-0.567497607665292
-0.4418695867061615,-1.0520704445384799,0.0019549494609236717,0.0,0.0019549494609236717,100773.8828125,-0.8552534597806043
-0.44171565771102905,-1.0517039469310216,0.00584883987903595,0.0,0.00584883987903595,101521.0390625,0.16369717236172426
-0.440818190574646,-1.049567120415824,0.0,0.0,0.0,100562.8671875,-1.143030620830463
-0.44066426157951355,-1.0492006228083657,0.003893890418112278,0.0,0.003893890418112278,101399.984375,-0.0013937980369266695
-0.43961283564567566,-1.0466972277277993,0.0019389409571886063,0.0,0.0019389409571886063,102042.125,0.8743394850186857
-0.4394589066505432,-1.046330730120341,0.005832831375300884,0.0,0.005832831375300884,101137.328125,-0.3595969877628153
-0.43860605359077454,-1.0443001275970822,0.0,0.0,0.0,101827.359375,0.5814481796776781
-0.4384075105190277,-1.043827405997685,0.0038778819143772125,0.0,0.0038778819143772125,101620.9921875,0.30001042665538935
-0.4374006986618042,-1.0414302349090576,0.0019389409571886063,0.0,0.0019389409571886063,101406.2265625,0.00711912131438163
-0.4372021555900574,-1.0409575133096605,0.005816822871565819,0.0,0.005816822871565819,101901.765625,0.6829213259878911
-0.43639394640922546,-1.0390332057362512,0.0,0.0,0.0,101191.4609375,-0.2857721840266261
-0.43619537353515625,-1.0385604131789434,0.0038778819143772125,0.0,0.0038778819143772125,101778.609375,0.5149643038927422
-0.4351885914802551,-1.0361633130482266,0.0019389409571886063,0.0,0.0019389409571886063,101655.4453125,0.34699662733032
-0.4349362850189209,-1.035562583378383,0.005794498138129711,0.0,0.005794498138129711,101311.0390625,-0.12269490794261502
-0.434181809425354,-1.0337662129175096,0.0,0.0,0.0,102455.1015625,1.4375452795487333
-0.4339294731616974,-1.0331654122897558,0.0038555574137717485,0.0,0.0038555574137717485,101399.265625,-0.0023740090260635453
-0.43292272090911865,-1.0307683831169492,0.0019166164565831423,0.0,0.0019166164565831423,102038.640625,0.8695875926148265
-0.43267038464546204,-1.0301675824891954,0.005772173870354891,0.0,0.005772173870354891,101143.09375,-0.3517339909151739
-0.43196970224380493,-1.0284992910566784,0.0,0.0,0.0,101817.859375,0.5684923474734341
-0.4316636025905609,-1.0277704823584783,0.0038332329131662846,0.0,0.0038332329131662846,101622.171875,0.3016192512136466
-0.4307106137275696,-1.0255014612561182,0.0019166164565831423,0.0,0.0019166164565831423,101401.3984375,0.0005346605395274007
-0.4304044842720032,-1.0247725816000075,0.005749849136918783,0.0,0.005749849136918783,101205.6953125,-0.26635974465480666
-0.42975759506225586,-1.0232323691958474,0.0,0.0,0.0,101180.609375,-0.30057123906913824
-0.42945149540901184,-1.0225035604976473,0.0038332329131662846,0.0,0.0038332329131662846,100984.9140625,-0.567454989796199
-0.4284984767436981,-1.0202344684373765,0.0019166164565831423,0.0,0.0019166164565831423,100764.1328125,-0.8685502349375914
-0.42811980843544006,-1.0193328772272383,0.00571983540430665,0.0,0.00571983540430665,101523.5546875,0.16712791082370332
-0.4275454580783844,-1.0179653763771057,0.0,0.0,0.0,102448.65625,1.4287553440483212
-0.42716678977012634,-1.0170637851669675,0.003803218947723508,0.0,0.003803218947723508,101398.3671875,-0.0035992727624846394
-0.4262137711048126,-1.0147946931066967,0.0018866023747250438,0.0,0.0018866023747250438,102036.1328125,0.8661675086201207
-0.42583513259887695,-1.013893172854469,0.00568982120603323,0.0,0.00568982120603323,101150.8828125,-0.34111148704376665
-0.42533332109451294,-1.0126983835583643,0.0,0.0,0.0,101806.7421875,0.5533310405436322
-0.42488211393356323,-1.0116240807941983,0.0037732047494500875,0.0,0.0037732047494500875,101623.6015625,0.3035690187246471
-0.42400163412094116,-1.0095277002879552,0.0018866023747250438,0.0,0.0018866023747250438,101394.2109375,-0.009267449351841355
-0.42355042695999146,-1.0084533975237893,0.0056598070077598095,0.0,0.0056598070077598095,101329.78125,-0.09713484095414367
-0.42312121391296387,-1.007431461697533,0.0,0.0,0.0,101164.8203125,-0.32210391742832983
-0.4226699769496918,-1.0063570879754566,0.0037732047494500875,0.0,0.0037732047494500875,100981.6875,-0.5718552847800418
-0.4217895269393921,-1.004260778427124,0.0018866023747250438,0.0,0.0018866023747250438,100752.28125,-0.8847130617910767
-0.4212435483932495,-1.002960829507737,0.0056025306694209576,0.0,0.0056025306694209576,101324.5625,-0.10425202509265924
-0.4209090769290924,-1.0021644688787914,0.0,0.0,0.0,100522.890625,-1.1975495298675651
-0.42036309838294983,-1.0008645199594044,0.0037159284111112356,0.0,0.0037159284111112356,101386.21875,-0.020166969372352482
-0.41984105110168457,-0.9996215502421062,0.007473311852663755,0.0,0.007473311852663755,101328.0390625,-0.09951078715607327
-0.41948264837265015,-0.9987682104110718,0.0018293260363861918,0.0,0.0018293260363861918,101250.875,-0.20474496041373544
-0.41893666982650757,-0.9974682614916848,0.005545254331082106,0.0,0.005545254331082106,101352.578125,-0.06604510545086754
-0.41869696974754333,-0.9968975470179604,0.0,0.0,0.0,101784.2734375,0.5226887926658317
-0.4180562198162079,-0.9953719519433522,0.0036586520727723837,0.0,0.0036586520727723837,101023.375,-0.5150030474101029
-0.4175341725349426,-0.994128982226054,0.0074160355143249035,0.0,0.0074160355143249035,101284.4296875,-0.15898402347522586
-0.4172705411911011,-0.9935012885502407,0.0018293260363861918,0.0,0.0018293260363861918,101377.7890625,-0.03166313956016432
-0.41662976145744324,-0.991975622517722,0.005487977992743254,0.0,0.005487977992743254,101320.640625,-0.10960056766381915
-0.41648486256599426,-0.9916306251571292,0.0,0.0,0.0,101137.1328125,-0.359863349444646
-0.4158440828323364,-0.9901049591246106,0.0036586520727723837,0.0,0.0036586520727723837,101676.2578125,0.3753801281461965
-0.4150584042072296,-0.9882342957314991,0.0018293260363861918,0.0,0.0018293260363861918,101491.6328125,0.12359375754529818
-0.4150382876396179,-0.9881863991419475,0.007347029633820057,0.0,0.007347029633820057,101310.7734375,-0.12305715982990473
-0.4143456518650055,-0.9865372663452512,0.005330806132405996,0.0,0.005330806132405996,101357.2109375,-0.05972700635784399
-0.4142727255821228,-0.9863636323383876,0.0,0.0,0.0,102367.6015625,1.318215246088592
-0.4135599732398987,-0.9846666029521397,0.0035014802124351263,0.0,0.0035014802124351263,101312.4140625,-0.12081972170252708
-0.41277429461479187,-0.9827959395590283,0.0016721541760489345,0.0,0.0016721541760489345,101947.9375,0.7458892275726622
-0.4127541780471802,-0.9827480429694766,0.0071898577734827995,0.0,0.0071898577734827995,101347.34375,-0.07318359852392957
-0.41206061840057373,-0.9810967104775565,0.0,0.0,0.0,101743.171875,0.46663564034138494
-0.41127586364746094,-0.9792282467796689,0.003344308352097869,0.0,0.003344308352097869,101528.265625,0.17355255458945915
-0.4105621874332428,-0.9775290176981972,0.0016721541760489345,0.0,0.0016721541760489345,101323.5,-0.1057010326418181
-0.41047006845474243,-0.9773096867970058,0.007032685913145542,0.0,0.007032685913145542,101383.90625,-0.023320691685227646
-0.40984851121902466,-0.9758297886167254,0.0,0.0,0.0,101118.71875,-0.3849759288076418
-0.40977743268013,-0.9756605540003096,0.0050164624117314816,0.0,0.0050164624117314816,101430.328125,0.03998815285228664
-0.40906375646591187,-0.9739613249188378,0.003344308352097869,0.0,0.003344308352097869,100903.828125,-0.6780377056250211
-0.4083500802516937,-0.972262095837366,0.0016721541760489345,0.0,0.0016721541760489345,100699.0625,-0.9572912928562984
-0.40787261724472046,-0.9711252791540964,0.004606558941304684,0.0,0.004606558941304684,101381.53125,-0.026559649736288625
-0.407810777425766,-0.9709780414899191,0.006520845927298069,0.0,0.006520845927298069,101494.90625,0.12805797933278026
-0.4076363742351532,-0.9705627957979839,0.0,0.0,0.0,100494.28125,-1.236566189022122
-0.4071589410305023,-0.9694260500726246,0.002934404881671071,0.0,0.002934404881671071,101001.203125,-0.545240425531521
-0.4064452648162842,-0.9677268209911528,0.0012622505892068148,0.0,0.0012622505892068148,100610.5078125,-1.0780596793983255
-0.4059678018093109,-0.9665900043078831,0.004196655470877886,0.0,0.004196655470877886,101341.078125,-0.08172848127705755
-0.40590596199035645,-0.9664427666437059,0.006110942456871271,0.0,0.006110942456871271,101415.53125,0.019808591836794877
-0.4054242670536041,-0.9652958739371528,0.0,0.0,0.0,101356.890625,-0.06016383951604629
-0.4052541255950928,-0.9648907752264114,0.0025245011784136295,0.0,0.0025245011784136295,100635.7890625,-1.0435818233021632
-0.4042331278324127,-0.9624598281724113,0.0012622505892068148,0.0,0.0012622505892068148,101283.875,-0.15974049065162496
-0.404062956571579,-0.9620546585037595,0.0037867517676204443,0.0,0.0037867517676204443,101491.390625,0.12326346905982816
-0.4040011465549469,-0.9619074917974927,0.005701038520783186,0.0,0.005701038520783186,101367.453125,-0.04575899976264351
-0.40321213006973267,-0.9600288811184111,0.0,0.0,0.0,101242.671875,-0.2159321510506237
-0.4030419886112213,-0.9596237824076699,0.0025245011784136295,0.0,0.0025245011784136295,101210.84375,-0.2593384507217501
-0.40204980969429016,-0.9572614516530719,0.003987062256783247,0.0,0.003987062256783247,101451.8125,0.06928793785366064
-0.40202099084854126,-0.9571928353536697,0.0012622505892068148,0.0,0.0012622505892068148,101169.640625,-0.3155301111207488
-0.4019879698753357,-0.9571142139888945,0.005901349242776632,0.0,0.005901349242776632,101327.8671875,-0.09974518543608425
-0.4010288119316101,-0.9548305045990717,0.0027248116675764322,0.0,0.0027248116675764322,101663.859375,0.35847148858358535
-0.4009999930858612,-0.9547618882996696,0.0,0.0,0.0,101128.4375,-0.37172177151974756
-0.40003663301467896,-0.9524681738444737,0.004187372978776693,0.0,0.004187372978776693,101412.234375,0.015312406647493122
-0.40000781416893005,-0.9523995575450716,0.0014625610783696175,0.0,0.0014625610783696175,101672.421875,0.37014878471504203
-0.3999747931957245,-0.9523209361802965,0.006101659499108791,0.0,0.006101659499108791,101288.2734375,-0.15374202557679822
-0.3990156352519989,-0.9500372267904736,0.002925122156739235,0.0,0.002925122156739235,101341.0625,-0.08174979021160401
-0.39878788590431213,-0.9494949664388385,0.0,0.0,0.0,101796.171875,0.5389155463229562
-0.39802345633506775,-0.9476748960358756,0.004387683235108852,0.0,0.004387683235108852,101372.625,-0.0387057424277673
-0.397795706987381,-0.9471326356842404,0.0014625610783696175,0.0,0.0014625610783696175,101474.8671875,0.10072927077695325
-0.39729127287864685,-0.9459316020920163,0.006357252597808838,0.0,0.006357252597808838,101303.0078125,-0.13364770029949227
-0.39680352807044983,-0.9447703049296425,0.002925122156739235,0.0,0.002925122156739235,101936.4453125,0.7302165062137455
-0.39657577872276306,-0.9442280445780074,0.0,0.0,0.0,101270.8515625,-0.17750148759609422
-0.39586085081100464,-0.9425258352642968,0.0046061682514846325,0.0,0.0046061682514846325,101218.421875,-0.24900361746672
-0.3955835998058319,-0.9418657138234093,0.0014625610783696175,0.0,0.0014625610783696175,101951.1796875,0.7503108314910514
-0.39512863755226135,-0.940782470362527,0.006575737614184618,0.0,0.006575737614184618,101273.4375,-0.17397485892865613
-0.39464089274406433,-0.9396211732001533,0.003143607173115015,0.0,0.003143607173115015,101589.5703125,0.2571581592824707
-0.3943636417388916,-0.9389610517592658,0.0,0.0,0.0,102516.46875,1.5212361199799307
-0.39369821548461914,-0.9373767035348075,0.004824653267860413,0.0,0.004824653267860413,101269.890625,-0.17881198707070114
-0.3934209644794464,-0.9367165820939201,0.0016810460947453976,0.0,0.0016810460947453976,102100.25,0.953608721531494
-0.39296600222587585,-0.9356333386330378,0.006794222630560398,0.0,0.006794222630560398,101223.4375,-0.24216344947730833
-0.3924782872200012,-0.9344721124285744,0.003362092189490795,0.0,0.003362092189490795,101684.015625,0.3859600141485108
-0.39215153455734253,-0.9336941298984346,0.0,0.0,0.0,101861.28125,0.6277098765780293
-0.39153558015823364,-0.9322275718053182,0.005043138284236193,0.0,0.005043138284236193,101268.328125,-0.18094288052534652
-0.39120882749557495,-0.9314495892751785,0.0016810460947453976,0.0,0.0016810460947453976,101445.0546875,0.06007182366231936
-0.3906039297580719,-0.9300093565668379,0.006882879417389631,0.0,0.006882879417389631,101285.8828125,-0.15700229256240567
-0.39026615023612976,-0.9292051196098328,0.003362092189490795,0.0,0.003362092189490795,101028.8359375,-0.5075555747861173
-0.38993939757347107,-0.928427137079693,0.0,0.0,0.0,101206.0859375,-0.26582702129114527
-0.3892776370048523,-0.9268515166782197,0.0050560710951685905,0.0,0.0050560710951685905,101309.0,-0.12547572390092723
-0.3889966905117035,-0.926182596456437,0.0016810460947453976,0.0,0.0016810460947453976,100789.8671875,-0.833454419739582
-0.38834595680236816,-0.924633230481829,0.006895812228322029,0.0,0.006895812228322029,101326.5625,-0.10152448147071315
-0.3880082070827484,-0.9238290644827344,0.003375025000423193,0.0,0.003375025000423193,101421.5703125,0.028044495038999275
-0.3877272605895996,-0.9231601442609515,0.0,0.0,0.0,100550.8984375,-1.1593532646930467
-0.38701969385147095,-0.9214754615511214,0.005069003906100988,0.0,0.005069003906100988,101349.6875,-0.0699872583419615
-0.38673874735832214,-0.9208065413293385,0.0016939787892624736,0.0,0.0016939787892624736,101311.8046875,-0.12165077014983877
-0.3860880434513092,-0.9192572463126409,0.006908745039254427,0.0,0.006908745039254427,101248.46875,-0.20802653633388932
-0.38575026392936707,-0.9184530093556359,0.003387957578524947,0.0,0.003387957578524947,101069.5859375,-0.45198187348896585
-0.38551515340805054,-0.9178932224001204,0.0,0.0,0.0,101801.921875,0.5467572342360513
-0.3847617506980896,-0.9160994064240229,0.005081936251372099,0.0,0.005081936251372099,101295.71875,-0.143588318265413
-0.38452664017677307,-0.9155396194685074,0.0016939787892624736,0.0,0.0016939787892624736,101406.5859375,0.007609226808950068
-0.3837214708328247,-0.9136225496019637,0.0068755741231143475,0.0,0.0068755741231143475,101358.1015625,-0.05851239708869612
-0.383538156747818,-0.9131860874948048,0.003387957578524947,0.0,0.003387957578524947,101739.9921875,0.4622992721611816
-0.38330304622650146,-0.9126263005392893,0.0,0.0,0.0,101198.6953125,-0.27590614733161795
-0.3825121521949768,-0.9107432195118496,0.005063652992248535,0.0,0.005063652992248535,101513.0,0.15273372553757378
-0.382314532995224,-0.9102726976076763,0.0016939787892624736,0.0,0.0016939787892624736,101626.0078125,0.306850594644801
-0.3814718425273895,-0.9082662917318799,0.006857290863990784,0.0,0.006857290863990784,101333.5625,-0.09197807879390184
-0.3812885284423828,-0.907829829624721,0.0033696743194013834,0.0,0.0033696743194013834,101399.0,-0.00273626091335326
-0.38109090924263,-0.9073593077205476,0.0,0.0,0.0,101512.0078125,0.15138060819387397
-0.3802625238895416,-0.9053869616417658,0.005045369733124971,0.0,0.005045369733124971,101172.0,-0.3123124620042343
-0.3800649344921112,-0.9049165106955029,0.0016756955301389098,0.0,0.0016756955301389098,101285.0078125,-0.15819559289700708
-0.37922224402427673,-0.9029101048197066,0.006839007139205933,0.0,0.006839007139205933,101373.3125,-0.037768149307723334
-0.37903892993927,-0.9024736427125477,0.0033513910602778196,0.0,0.0033513910602778196,101058.0078125,-0.4677717939878881
-0.37887880206108093,-0.9020923858597165,0.0,0.0,0.0,101774.6171875,0.5095198711161233
-0.37801289558410645,-0.900030703771682,0.005027086474001408,0.0,0.005027086474001408,100831.015625,-0.777337340611496
-0.37785279750823975,-0.8996495178767613,0.0016756955301389098,0.0,0.0016756955301389098,101392.1640625,-0.012058919777426805
-0.3769338130950928,-0.897461459750221,0.006735273636877537,0.0,0.006735273636877537,101375.0859375,-0.03534958523670082
-0.37682679295539856,-0.8972066498938062,0.0033513910602778196,0.0,0.0033513910602778196,101009.71875,-0.5336270562037037
-0.37666669487953186,-0.8968254639988854,0.0,0.0,0.0,101172.96875,-0.31099130806235414
-0.37574267387390137,-0.8946254139854795,0.005014333408325911,0.0,0.005014333408325911,101498.1484375,0.13247958325116943
-0.3756406903266907,-0.8943825960159302,0.0016756955301389098,0.0,0.0016756955301389098,100790.515625,-0.8325700989559042
-0.3746635913848877,-0.8920561699640184,0.006722520105540752,0.0,0.006722520105540752,101318.4140625,-0.11263709083668881
-0.3745565712451935,-0.8918013601076036,0.003338637761771679,0.0,0.003338637761771679,101379.03125,-0.029969079263721235
-0.3744545578956604,-0.8915584711801439,0.0,0.0,0.0,102406.984375,1.3719244156129289
-0.3734724521636963,-0.8892201241992769,0.005001579876989126,0.0,0.005001579876989126,101140.7734375,-0.35489836769532224
-0.3733704388141632,-0.8889772352718172,0.0016629421152174473,0.0,0.0016629421152174473,101975.2578125,0.7831478996271367
-0.37239333987236023,-0.8866508092199054,0.006709766574203968,0.0,0.006709766574203968,101236.4375,-0.22443441593465877
-0.372286319732666,-0.8863959993634906,0.0033258842304348946,0.0,0.0033258842304348946,101543.515625,0.19435007470679808
-0.37224245071411133,-0.8862915493193128,0.0,0.0,0.0,101897.8671875,0.677604746818551
-0.3712022006511688,-0.8838147634551639,0.004988826345652342,0.0,0.004988826345652342,101283.5546875,-0.16017732380982727
-0.37115833163261414,-0.883710313410986,0.0016629421152174473,0.0,0.0016629421152174473,101466.1328125,0.08881757636548555
-0.3701894283294678,-0.8814034007844471,0.006568789482116699,0.0,0.006568789482116699,101371.375,-0.040410457191483604
-0.37007421255111694,-0.8811290775026595,0.0033258842304348946,0.0,0.0033258842304348946,101034.3984375,-0.4999695940875798
-0.37003031373023987,-0.8810245565005711,0.0,0.0,0.0,101388.7421875,-0.01672557644310019
-0.369444340467453,-0.8796293820653643,0.0048547410406172276,0.0,0.0048547410406172276,101447.5703125,0.06350256212429843
-0.3689461946487427,-0.8784433205922445,0.0016629421152174473,0.0,0.0016629421152174473,100957.0234375,-0.6054914379616191
-0.36843156814575195,-0.8772180193946475,0.006434704177081585,0.0,0.006434704177081585,101363.1328125,-0.051650920164738
-0.3683163523674011,-0.8769436961128598,0.003191799158230424,0.0,0.003191799158230424,101279.03125,-0.16634626036102565
-0.3678181767463684,-0.8757575636818296,0.0,0.0,0.0,100879.6328125,-0.7110345907702048
-0.3676864802837372,-0.8754440006755647,0.004720656201243401,0.0,0.004720656201243401,101050.234375,-0.4783729889247489
-0.36718833446502686,-0.8742579392024449,0.0015288570430129766,0.0,0.0015288570430129766,101652.984375,0.34364047013925353
-0.36667367815971375,-0.8730325670469375,0.006300618872046471,0.0,0.006300618872046471,101385.40625,-0.02127503396876808
-0.3665584623813629,-0.8727582437651499,0.0030577140860259533,0.0,0.0030577140860259533,101539.75,0.1892146214811027
-0.365928590297699,-0.8712585483278548,0.004586570896208286,0.0,0.004586570896208286,102477.59375,1.4682194908283537
-0.36560606956481934,-0.8704906418209984,0.0,0.0,0.0,101101.125,-0.4089697891069488
-0.3649761974811554,-0.8689909463837033,0.0015288570430129766,0.0,0.0015288570430129766,100987.890625,-0.5633956377650996
-0.36437803506851196,-0.8675667501631238,0.005796151235699654,0.0,0.005796151235699654,102413.09375,1.3802562090205923
-0.36434635519981384,-0.8674913219043187,0.0030577140860259533,0.0,0.0030577140860259533,102053.828125,0.8902998769939797
-0.36339396238327026,-0.8652237199601673,0.0,0.0,0.0,100436.0390625,-1.3159952425440287
-0.36282747983932495,-0.8638749519983928,0.007005731575191021,0.0,0.007005731575191021,102348.59375,1.292292927212831
-0.36279579997062683,-0.8637995237395877,0.004267294425517321,0.0,0.004267294425517321,101989.328125,0.8023365951862184
-0.3627640902996063,-0.8637240245228722,0.0015288570430129766,0.0,0.0015288570430129766,101630.0546875,0.31236960869233255
-0.36124521493911743,-0.8601076546169463,0.005476874765008688,0.0,0.005476874765008688,101123.3125,-0.3787111020509844
-0.3612135350704193,-0.8600322263581412,0.002738437382504344,0.0,0.002738437382504344,101610.3125,0.28544576989288817
-0.3611818253993988,-0.8599567271414258,0.0,0.0,0.0,102097.3125,0.9496026418367607
-0.35970282554626465,-0.8564352989196777,0.007039002142846584,0.0,0.007039002142846584,100371.484375,-1.4040331056227027
-0.35967114567756653,-0.8563598706608727,0.004300564527511597,0.0,0.004300564527511597,100858.484375,-0.7398762336788302
-0.359639436006546,-0.8562843714441573,0.0015621272614225745,0.0,0.0015621272614225745,101345.484375,-0.07571936173495758
-0.35896971821784973,-0.8546898052805947,0.0,0.0,0.0,102559.640625,1.5801127061317826
-0.35812875628471375,-0.8526875149636042,0.005862691905349493,0.0,0.005862691905349493,100106.6484375,-1.7652088917178215
-0.35809704661369324,-0.8526120157468887,0.003124254522845149,0.0,0.003124254522845149,100593.640625,-1.1010626742412222
-0.35758209228515625,-0.8513859340122768,0.0074586570262908936,0.0,0.0074586570262908936,101297.859375,-0.1406689942325488
-0.35742732882499695,-0.8510174495833261,0.0015621272614225745,0.0,0.0015621272614225745,101799.3046875,0.5431879876995203
-0.35675758123397827,-0.849422812461853,0.0,0.0,0.0,101868.9921875,0.6382258357767043
-0.35655465722084045,-0.8489396600496202,0.004686381667852402,0.0,0.004686381667852402,99841.8125,-2.1263846778129407
-0.35600799322128296,-0.8476380790982928,0.00628234725445509,0.0,0.00628234725445509,101288.9453125,-0.1528257413913007
-0.35588493943214417,-0.8473450938860576,0.003124254522845149,0.0,0.003124254522845149,101038.9765625,-0.4937260762654688
-0.3552151918411255,-0.8457504567645845,0.0015621272614225745,0.0,0.0015621272614225745,101108.6640625,-0.3986882281882848
-0.3546549379825592,-0.8444165190060934,0.005040962249040604,0.0,0.005040962249040604,101665.2421875,0.36035732929094655
-0.3545454442501068,-0.8441558196431115,0.0,0.0,0.0,102554.71875,1.5734003917496497
-0.3541082739830017,-0.843114938054766,0.006636927369982004,0.0,0.006636927369982004,101207.2109375,-0.26429277800380063
-0.3539851903915405,-0.8428218818846204,0.003478835104033351,0.0,0.003478835104033351,101685.5078125,0.38799501739769715
-0.35331544280052185,-0.8412272447631473,0.0019167077261954546,0.0,0.0019167077261954546,102097.125,0.9493469346222032
-0.35275518894195557,-0.8398933070046561,0.0053955428302288055,0.0,0.0053955428302288055,101216.0390625,-0.25225322998505423
-0.35233333706855774,-0.8388888977822804,0.0,0.0,0.0,101866.75,0.6351680036692882
-0.35220852494239807,-0.8385917260533288,0.006991507951170206,0.0,0.006991507951170206,101222.9375,-0.24284533538279485
-0.3520854413509369,-0.8382986698831831,0.003833415452390909,0.0,0.003833415452390909,101639.5234375,0.32528282302748357
-0.3511033356189728,-0.8359603229023161,0.0019167077261954546,0.0,0.0019167077261954546,101409.1484375,0.011103892074568493
-0.35085543990135193,-0.8353700950032189,0.00575012294575572,0.0,0.00575012294575572,101339.7578125,-0.0835290862462329
-0.35012122988700867,-0.8336219759214493,0.0,0.0,0.0,101178.765625,-0.3030856933456198
-0.3498733341693878,-0.833031748022352,0.003833415452390909,0.0,0.003833415452390909,100951.5546875,-0.6129495650528779
-0.3493056893348694,-0.83168021270207,0.006745066959410906,0.0,0.006745066959410906,101445.1796875,0.06024229513869099
-0.3490709662437439,-0.8311213481993902,0.005274500697851181,0.0,0.005274500697851181,101398.7421875,-0.003087858333369748
-0.3488912284374237,-0.830693401041485,0.0019167077261954546,0.0,0.0019167077261954546,100721.1796875,-0.9271284960057931
-0.3480888605117798,-0.8287830012185233,0.00335779320448637,0.0,0.00335779320448637,100982.6796875,-0.570502167436342
-0.3479090929031372,-0.8283549831027077,0.0,0.0,0.0,100490.7890625,-1.2413287358932545
-0.34752121567726135,-0.8274314658982413,0.006269444245845079,0.0,0.006269444245845079,101467.46875,0.09063949026920735
-0.34728649258613586,-0.8268726013955616,0.004798878449946642,0.0,0.004798878449946642,100907.6796875,-0.6727850532593203
-0.3471067547798157,-0.8264446542376565,0.0014410854782909155,0.0,0.0014410854782909155,100566.625,-1.1379058220720408
-0.34630438685417175,-0.8245342544146946,0.002882170956581831,0.0,0.002882170956581831,100491.625,-1.2401887078950193
-0.3459714353084564,-0.8237415126391819,0.007264388259500265,0.0,0.007264388259500265,101467.875,0.09119352256741516
-0.3457367420196533,-0.8231827190944127,0.005793822463601828,0.0,0.005793822463601828,101439.046875,0.05187853832920787
-0.34569698572158813,-0.8230880612418765,0.0,0.0,0.0,101047.890625,-0.48156932910671696
-0.34550201892852783,-0.8226238545917329,0.004323256202042103,0.0,0.004323256202042103,102498.96875,1.4973701132879025
-0.3448946177959442,-0.8211776614189148,0.0014410854782909155,0.0,0.0014410854782909155,100980.203125,-0.5738796335619549
-0.3443249762058258,-0.8198213719186329,0.006729804445058107,0.0,0.006729804445058107,101355.7421875,-0.06173004620521065
-0.3440922796726227,-0.8192673325538635,0.002882170956581831,0.0,0.002882170956581831,102104.375,0.9592342802517578
-0.34348487854003906,-0.8178211393810454,0.0,0.0,0.0,100618.8125,-1.0667339806868852
-0.34268251061439514,-0.8159107395580837,0.0014410854782909155,0.0,0.0014410854782909155,101709.765625,0.4210771382810667
-0.3412727415561676,-0.8125541465623038,0.0,0.0,0.0,102282.046875,1.2015381749794842
-0.33966949582099915,-0.8087368948119028,0.001621887320652604,0.0,0.001621887320652604,101488.1875,0.11889513747780511
-0.33906060457229614,-0.8072871537435623,0.0,0.0,0.0,102480.3359375,1.4719592088412563
-0.3380662798881531,-0.8049197140194121,0.003243774641305208,0.0,0.003243774641305208,100694.328125,-0.9637479000238739
-0.3380642831325531,-0.8049149598394122,0.005620842333883047,0.0,0.005620842333883047,101013.421875,-0.5285768387161941
-0.3374573886394501,-0.8034699729510716,0.001621887320652604,0.0,0.001621887320652604,101812.875,0.5616947973531154
-0.33684849739074707,-0.8020202318827312,0.0,0.0,0.0,101911.3046875,0.6959304305285012
-0.3364630341529846,-0.801102462269011,0.004865661729127169,0.0,0.004865661729127169,101111.0546875,-0.3954279612026774
-0.3363252878189087,-0.8007744948069255,0.00715523399412632,0.0,0.00715523399412632,101153.3671875,-0.33772336645088047
-0.3358541429042816,-0.7996527212006705,0.003243774641305208,0.0,0.003243774641305208,101145.40625,-0.3485802686022987
-0.3352452516555786,-0.79820298013233,0.001621887320652604,0.0,0.001621887320652604,101243.859375,-0.2143126720250932
-0.33481231331825256,-0.7971721745672681,0.005391869228333235,0.0,0.005391869228333235,101094.375,-0.41817524883101687
-0.3346363604068756,-0.7967532390639895,0.0,0.0,0.0,102497.625,1.4955375449169075
-0.33420342206954956,-0.7957224334989276,0.0037699821405112743,0.0,0.0037699821405112743,101849.25,0.6113019969772598
-0.33359453082084656,-0.7942726924305871,0.0021480948198586702,0.0,0.0021480948198586702,102125.8984375,0.9885873375894979
-0.3331615924835205,-0.7932418868655251,0.005918076727539301,0.0,0.005918076727539301,101077.703125,-0.4409118819920831
-0.3325527012348175,-0.7917921457971846,0.0042961896397173405,0.0,0.0042961896397173405,101754.15625,0.481615821327542
-0.33242425322532654,-0.7914863172031584,0.0,0.0,0.0,101798.0859375,0.5415258908048969
-0.33151087164878845,-0.789311599163782,0.006444284226745367,0.0,0.006444284226745367,101061.0234375,-0.46365916962042253
-0.3313824236392975,-0.789005770569756,0.0021480948198586702,0.0,0.0021480948198586702,101426.3515625,0.034565029010214146
-0.33034059405326843,-0.7865252239363535,0.0042961896397173405,0.0,0.0042961896397173405,101846.1328125,0.6070508645352424
-0.33021214604377747,-0.7862193953423273,0.0,0.0,0.0,101098.546875,-0.4124857633071137
-0.3293025493621826,-0.7840536889575777,0.006375009659677744,0.0,0.006375009659677744,101583.9140625,0.24944432497665442
-0.3291703164577484,-0.7837388487089249,0.0021480948198586702,0.0,0.0021480948198586702,101656.7265625,0.3487439599631292
-0.3281322419643402,-0.7812672427722386,0.004226915072649717,0.0,0.004226915072649717,101394.515625,-0.008851925128185506
-0.328000009059906,-0.7809524025235858,0.0,0.0,0.0,102473.9609375,1.4632651635463032
-0.3270941972732544,-0.7787957077934629,0.006305735092610121,0.0,0.006305735092610121,101132.296875,-0.36645846468677346
-0.3269619643688202,-0.77848086754481,0.002078820252791047,0.0,0.002078820252791047,102034.609375,0.8640898875018415
-0.3259239196777344,-0.7760093325660342,0.004157640505582094,0.0,0.004157640505582094,101595.2578125,0.2649146114573799
-0.32578787207603455,-0.7756854097048442,0.0,0.0,0.0,101844.90625,0.6053781131733458
-0.32488584518432617,-0.773537726629348,0.006236460525542498,0.0,0.006236460525542498,101155.890625,-0.3342819735216282
-0.32474982738494873,-0.7732138747260684,0.002078820252791047,0.0,0.002078820252791047,101405.5546875,0.006202837128884115
-0.3237117826938629,-0.7707423397472927,0.004157640505582094,0.0,0.004157640505582094,100966.203125,-0.5929724389155775
-0.3235757648944855,-0.770418487844013,0.0,0.0,0.0,101215.8515625,-0.25250893719961165
-0.32264015078544617,-0.7681908352034433,0.006202262826263905,0.0,0.006202262826263905,101506.1328125,0.14336844880440733
-0.32253772020339966,-0.7679469528652373,0.002078820252791047,0.0,0.002078820252791047,100776.484375,-0.8517055221786197
-0.3214660882949829,-0.765395448321388,0.004123442340642214,0.0,0.004123442340642214,101379.296875,-0.02960682737643152
-0.321363627910614,-0.7651514950252715,0.0,0.0,0.0,100586.78125,-1.1104172965071155
-0.32039445638656616,-0.7628439437775385,0.006168064661324024,0.0,0.006168064661324024,101107.9765625,-0.3996258213083288
-0.32029202580451965,-0.7626000614393326,0.0020446223206818104,0.0,0.0020446223206818104,101252.453125,-0.2025927580245436
-0.3192203938961029,-0.7600485568954831,0.004089244641363621,0.0,0.004089244641363621,100981.1328125,-0.5726117519564409
-0.31915152072906494,-0.7598845731644404,0.0,0.0,0.0,101852.078125,0.615158914130168
-0.31814876198768616,-0.7574970523516338,0.006133866496384144,0.0,0.006133866496384144,101909.4375,0.6933840128502
-0.3180798888206482,-0.7573330686205909,0.0020446223206818104,0.0,0.0020446223206818104,101413.1796875,0.016601597187553576
-0.31700828671455383,-0.754781635034652,0.004089244641363621,0.0,0.004089244641363621,101782.046875,0.5196522694929621
-0.31693941354751587,-0.7546176513036092,0.0,0.0,0.0,101215.8984375,-0.2524450103959723
-0.31591281294822693,-0.7521733641624451,0.006104986183345318,0.0,0.006104986183345318,101511.984375,0.1513486447920543
-0.3158677816390991,-0.7520661467597598,0.0020446223206818104,0.0,0.0020446223206818104,101654.65625,0.34592052613572405
-0.3147723078727722,-0.749457875887553,0.0040603638626635075,0.0,0.0040603638626635075,101384.59375,-0.022383098565183678
-0.3147272765636444,-0.7493506584848677,0.0,0.0,0.0,101527.2578125,0.17217812831121287
-0.3136768639087677,-0.7468496759732565,0.0060761054046452045,0.0,0.0060761054046452045,101114.53125,-0.39068672326609144
-0.3136318027973175,-0.7467423876126608,0.002015741541981697,0.0,0.002015741541981697,101257.203125,-0.19611484192242162
-0.312536358833313,-0.7441341876983643,0.004031483083963394,0.0,0.004031483083963394,100987.140625,-0.5644184666233294
-0.31251513957977295,-0.744083665666126,0.0,0.0,0.0,101845.09375,0.6056338203879031
-0.3114408850669861,-0.7415259168261573,0.006047224160283804,0.0,0.006047224160283804,100717.078125,-0.9327220913242371
-0.31141969561576843,-0.7414754657518297,0.002015741541981697,0.0,0.002015741541981697,101411.8046875,0.014726410947465641
-0.31032422184944153,-0.7388671948796227,0.004031483083963394,0.0,0.004031483083963394,100978.5,-0.5762023074275183
-0.3103030323982239,-0.7388167438052949,0.0,0.0,0.0,101213.7578125,-0.2553643344288365
-0.309207558631897,-0.7362084729330881,0.002015741541981697,0.0,0.002015741541981697,100780.46875,-0.846271743869274
-0.3080964684486389,-0.733563020115807,0.00400309544056654,0.0,0.00400309544056654,101388.2734375,-0.017364844479493803
-0.3080908954143524,-0.7335497509865534,0.0,0.0,0.0,102461.9453125,1.44687859288008
-0.30698537826538086,-0.7309175672985259,0.0059904493391513824,0.0,0.0059904493391513824,101337.4375,-0.0866934630263813
-0.30697980523109436,-0.7309042981692723,0.0019873538985848427,0.0,0.0019873538985848427,102037.9296875,0.868618036092963
-0.30587878823280334,-0.7282828291257223,0.0,0.0,0.0,101829.7265625,0.5846764832614658
-0.3058687150478363,-0.7282588453519913,0.003974707797169685,0.0,0.003974707797169685,101613.90625,0.2903468248385725
-0.3047676980495453,-0.7256373763084412,0.0019873538985848427,0.0,0.0019873538985848427,101405.7109375,0.006415926474348654
-0.30475762486457825,-0.7256133925347101,0.005962061695754528,0.0,0.005962061695754528,101309.3203125,-0.12503889074272492
-0.3036666810512543,-0.7230159072648912,0.0,0.0,0.0,101197.5078125,-0.27752562635714845
-0.30365660786628723,-0.7229919234911601,0.003974707797169685,0.0,0.003974707797169685,100981.6796875,-0.571865939247315
-0.30255556106567383,-0.7203703834896996,0.0019873538985848427,0.0,0.0019873538985848427,100773.4921875,-0.8557861831442656
-0.3024948239326477,-0.7202257712682089,0.005944908130913973,0.0,0.005944908130913973,101310.15625,-0.12389886274448965
-0.3014545440673828,-0.7177489144461496,0.0,0.0,0.0,100565.2890625,-1.1397277359757627
-0.3013938069343567,-0.7176043022246588,0.00395755423232913,0.0,0.00395755423232913,101396.46875,-0.006188308309878778
-0.3002927601337433,-0.7149827622231983,0.0019702003337442875,0.0,0.0019702003337442875,102049.265625,0.8840776681064152
-0.30023202300071716,-0.7148381500017076,0.005927754566073418,0.0,0.005927754566073418,101330.046875,-0.09677258906685395
-0.29924243688583374,-0.7124819925853184,0.0,0.0,0.0,101840.421875,0.5992624489585134
-0.29913097620010376,-0.712216610000247,0.003940400667488575,0.0,0.003940400667488575,101619.8125,0.29840160209713207
-0.2980806529521942,-0.7097158403623672,0.0019702003337442875,0.0,0.0019702003337442875,101410.96875,0.013586382949230362
-0.29796919226646423,-0.7094504577772959,0.005910600535571575,0.0,0.005910600535571575,101349.953125,-0.06962500645467179
-0.29703032970428467,-0.7072150707244873,0.0,0.0,0.0,101202.1171875,-0.27123949066594455
-0.2969188690185547,-0.7069496881394159,0.003940400667488575,0.0,0.003940400667488575,101782.328125,0.5200358303147982
-0.29586854577064514,-0.7044489185015361,0.0019702003337442875,0.0,0.0019702003337442875,101659.8359375,0.3529844379378735
-0.2957136034965515,-0.7040800083251226,0.0058912243694067,0.0,0.0058912243694067,101308.8984375,-0.1256142319754792
-0.2948181927204132,-0.7019480779057458,0.0,0.0,0.0,102464.296875,1.4500855875293215
-0.29466328024864197,-0.7015792386872428,0.003921024035662413,0.0,0.003921024035662413,101396.984375,-0.005485113469845802
-0.29361292719841003,-0.6990783980914524,0.0019508239347487688,0.0,0.0019508239347487688,102041.9609375,0.874115741205948
-0.2934580147266388,-0.6987095588729495,0.005871848203241825,0.0,0.005871848203241825,101330.7265625,-0.0958456504140832
-0.29260608553886414,-0.6966811560449147,0.0,0.0,0.0,101829.1171875,0.5838454348141542
-0.29240766167640686,-0.6962087182771592,0.0039016478694975376,0.0,0.0039016478694975376,101619.6171875,0.2981352404153014
-0.29140082001686096,-0.6938114762306213,0.0019508239347487688,0.0,0.0019508239347487688,101406.78125,0.00787558849078074
-0.2912023961544037,-0.6933390384628659,0.005852471571415663,0.0,0.005852471571415663,101312.484375,-0.12072383149706804
-0.2903939485549927,-0.6914141632261731,0.0,0.0,0.0,101193.9296875,-0.2824053723682864
-0.2901955544948578,-0.6909417964163281,0.0039016478694975376,0.0,0.0039016478694975376,100984.421875,-0.5681262212344124
-0.2891886830329895,-0.6885444834118798,0.0019508239347487688,0.0,0.0019508239347487688,100771.578125,-0.8583965276262062
-0.28894150257110596,-0.6879559585026332,0.005830969195812941,0.0,0.005830969195812941,101310.15625,-0.12389886274448965
-0.2881818115711212,-0.6861471704074315,0.0,0.0,0.0,100558.734375,-1.1486668340180002
-0.28793463110923767,-0.6855586454981849,0.003880145261064172,0.0,0.003880145261064172,101398.7265625,-0.0031091672679162017
-0.2869277596473694,-0.6831613324937367,0.001929321326315403,0.0,0.001929321326315403,102039.203125,0.870354714258499
-0.28668057918548584,-0.6825728075844901,0.005809466820210218,0.0,0.005809466820210218,101332.0625,-0.0940237365103614
-0.28596970438957214,-0.6808802485466003,0.0,0.0,0.0,101821.484375,0.5734360202882115
-0.28567370772361755,-0.6801754945800418,0.003858642652630806,0.0,0.003858642652630806,101620.6328125,0.2995203211608209
-0.2847156524658203,-0.6778944106329056,0.001929321326315403,0.0,0.001929321326315403,101402.921875,0.002612281657806648
-0.2844196557998657,-0.677189656666347,0.005787963978946209,0.0,0.005787963978946209,101898.8671875,0.678968518629524
-0.28375759720802307,-0.6756133266857692,0.0,0.0,0.0,101185.2109375,-0.2942957578452076
-0.2834616005420685,-0.6749085727192107,0.003858642652630806,0.0,0.003858642652630806,101772.046875,0.5060145513832316
-0.28250354528427124,-0.6726274887720745,0.001929321326315403,0.0,0.001929321326315403,101645.234375,0.3330712386042124
-0.28214800357818604,-0.6717809609004429,0.005755927879363298,0.0,0.005755927879363298,101523.1328125,0.16655256959094908
-0.2815454602241516,-0.6703463338670277,0.0,0.0,0.0,101518.40625,0.16010661689064679
-0.2811899483203888,-0.6694998769533067,0.0038266063202172518,0.0,0.0038266063202172518,101396.3046875,-0.006412052122616543
-0.28023189306259155,-0.6672187930061704,0.0018972849939018488,0.0,0.0018972849939018488,101269.484375,-0.17936601936890895
-0.27987635135650635,-0.666372265134539,0.005723891314119101,0.0,0.005723891314119101,101147.3828125,-0.3458846883821723
-0.27933335304260254,-0.6650794120061966,0.0,0.0,0.0,101806.2265625,0.5526278457035994
-0.2789182960987091,-0.6640911811874026,0.0037945699878036976,0.0,0.0037945699878036976,101020.5546875,-0.5188493100957379
-0.2780197560787201,-0.6619518001874288,0.0018972849939018488,0.0,0.0018972849939018488,101394.171875,-0.00932072168820749
-0.27760469913482666,-0.660963569368635,0.005691854748874903,0.0,0.005691854748874903,101328.8515625,-0.09840272255965767
-0.2771212160587311,-0.6598124191874549,0.0,0.0,0.0,101166.65625,-0.3196001176191215
-0.27670615911483765,-0.6588241883686611,0.0037945699878036976,0.0,0.0037945699878036976,100982.109375,-0.5712799435472875
-0.27580761909484863,-0.6566848073686873,0.0018972849939018488,0.0,0.0018972849939018488,100754.609375,-0.8815380305436551
-0.27530279755592346,-0.6554828513236273,0.005640602204948664,0.0,0.005640602204948664,101522.0703125,0.16510356204179022
-0.2749090790748596,-0.6545454263687134,0.0,0.0,0.0,102433.28125,1.4077873524546105
-0.27440425753593445,-0.6533434703236535,0.003743317211046815,0.0,0.003743317211046815,101388.3984375,-0.017194373003122175
-0.27350571751594543,-0.6512040893236797,0.0018460322171449661,0.0,0.0018460322171449661,102024.9453125,0.8509103114848598
-0.27300089597702026,-0.6500021332786197,0.005589349195361137,0.0,0.005589349195361137,101156.0859375,-0.3340156118397975
-0.27269697189331055,-0.6492785045078823,0.0,0.0,0.0,101796.4453125,0.5392884526775192
-0.27210235595703125,-0.6478627522786459,0.0036920644342899323,0.0,0.0036920644342899323,101616.609375,0.294033270515109
-0.2716298997402191,-0.6467378565243312,0.00746624730527401,0.0,0.00746624730527401,101282.5625,-0.1615304411535271
-0.27129361033439636,-0.6459371674628485,0.0018460322171449661,0.0,0.0018460322171449661,101388.109375,-0.01758858829223157
-0.27069899439811707,-0.6445214152336121,0.005538096651434898,0.0,0.005538096651434898,101344.984375,-0.0764012476404441
-0.2704848647117615,-0.6440115826470512,0.0,0.0,0.0,101159.6015625,-0.3292211015668454
-0.2698902487754822,-0.6425958304178148,0.0036920644342899323,0.0,0.0036920644342899323,100979.765625,-0.5744762837292556
-0.2691238224506378,-0.6407710058348519,0.007362835109233856,0.0,0.007362835109233856,101387.96875,-0.017780368703149654
-0.2690815031528473,-0.6406702456020174,0.0018460322171449661,0.0,0.0018460322171449661,100751.265625,-0.8860981425365961
-0.268439918756485,-0.6391426637059167,0.005430369637906551,0.0,0.005430369637906551,101335.8671875,-0.0888350109482999
-0.26827272772789,-0.6387445898283096,0.0,0.0,0.0,100522.75,-1.1977413102784833
-0.2676311731338501,-0.6372170788901192,0.0035843374207615852,0.0,0.0035843374207615852,101341.171875,-0.08160062766977882
-0.2668647766113281,-0.635392325265067,0.007255108095705509,0.0,0.007255108095705509,101330.59375,-0.09602677635772806
-0.2668224275112152,-0.635291494074322,0.0017383052036166191,0.0,0.0017383052036166191,101179.09375,-0.30263820572014427
-0.2661808729171753,-0.6337639831361317,0.005322642624378204,0.0,0.005322642624378204,101366.1796875,-0.0474956779281795
-0.26606062054634094,-0.6334776679674785,0.0,0.0,0.0,101786.7890625,0.5261195311278107
-0.2653721272945404,-0.6318383983203343,0.0034766104072332382,0.0,0.0034766104072332382,100970.4375,-0.5871977176534885
-0.26461029052734375,-0.6300245012555804,0.0017383052036166191,0.0,0.0017383052036166191,101366.8125,-0.04663266607904812
-0.2639217972755432,-0.6283852316084363,0.005214915610849857,0.0,0.005214915610849857,101395.9296875,-0.0069234665517314345
-0.26384851336479187,-0.6282107461066473,0.0,0.0,0.0,101187.0859375,-0.2917386856996331
-0.26315999031066895,-0.6265714055015927,0.0034766104072332382,0.0,0.0034766104072332382,100946.8359375,-0.619384863285907
-0.2623981833457947,-0.6247575793947493,0.0017383052036166191,0.0,0.0017383052036166191,100767.1171875,-0.8644802284392188
-0.26218849420547485,-0.624258319536845,0.006958819925785065,0.0,0.006958819925785065,101462.90625,0.08441728138164284
-0.2620161771774292,-0.623848040898641,0.0049101607874035835,0.0,0.0049101607874035835,101349.6328125,-0.07006183961287409
-0.2616363763809204,-0.6229437532879057,0.0,0.0,0.0,100587.3828125,-1.109596902527077
-0.26125437021255493,-0.6220342147917974,0.0031718555837869644,0.0,0.0031718555837869644,101136.3359375,-0.36095010510651515
-0.26049256324768066,-0.620220388684954,0.0014335502637550235,0.0,0.0014335502637550235,100832.40625,-0.7754408454368615
-0.26028287410736084,-0.6197211288270497,0.006654065102338791,0.0,0.006654065102338791,101395.5625,-0.0074242265135731
-0.2601105570793152,-0.6193108501888457,0.00460540596395731,0.0,0.00460540596395731,101313.1171875,-0.11986081964793666
-0.25942426919937134,-0.6176768314270746,0.0,0.0,0.0,101476.03125,0.10231678640066405
-0.2593487501144409,-0.6174970240820022,0.002867100527510047,0.0,0.002867100527510047,100763.3125,-0.8696689540012803
-0.2583772540092468,-0.6151839381172544,0.006349310278892517,0.0,0.006349310278892517,101303.0,-0.1336583547667655
-0.2582804560661316,-0.6149534668241229,0.0014335502637550235,0.0,0.0014335502637550235,101354.375,-0.06359457797802535
-0.25820493698120117,-0.6147736594790504,0.004300650674849749,0.0,0.004300650674849749,101367.75,-0.045354130006260894
-0.2572121322154999,-0.6124098386083331,0.0,0.0,0.0,101275.34375,-0.17137516891398877
-0.25713664293289185,-0.6122301022211711,0.002867100527510047,0.0,0.002867100527510047,102249.9140625,1.157716351084702
-0.2562275230884552,-0.6100655311629886,0.006887102033942938,0.0,0.006887102033942938,101240.609375,-0.2187449304107556
-0.25606831908226013,-0.6096864740053813,0.0014335502637550235,0.0,0.0014335502637550235,102400.859375,1.363571313270719
-0.25605523586273193,-0.6096553234826951,0.004838442429900169,0.0,0.004838442429900169,101305.3515625,-0.1304513601175242
-0.2549999952316284,-0.6071428457895915,0.0,0.0,0.0,102851.734375,1.9784619285431901
-0.2549869120121002,-0.6071116952669053,0.0034048922825604677,0.0,0.0034048922825604677,101842.5,0.6020965372531918
-0.25407782196998596,-0.6049471951666333,0.007424893323332071,0.0,0.007424893323332071,101178.2109375,-0.3038421605220189
-0.2539185881614685,-0.6045680670511155,0.0019713419023901224,0.0,0.0019713419023901224,102336.390625,1.2756506493320505
-0.2539055049419403,-0.6045369165284293,0.00537623418495059,0.0,0.00537623418495059,101242.9609375,-0.21553793576151428
-0.2528371810913086,-0.6019932883126395,0.003942683804780245,0.0,0.003942683804780245,101821.046875,0.5728393701209108
-0.25278788805007935,-0.6018759239287603,0.0,0.0,0.0,101960.453125,0.7629576841443717
-0.2517557740211487,-0.5994185095741635,0.005914025474339724,0.0,0.005914025474339724,101180.5546875,-0.30064582034005083
-0.25170648097991943,-0.5993011451902844,0.0019713419023901224,0.0,0.0019713419023901224,101445.109375,0.06014640493323195
-0.2506250739097595,-0.5967263664518084,0.003942683804780245,0.0,0.003942683804780245,100929.7578125,-0.642675528745181
-0.2505757510662079,-0.5966089311100188,0.0,0.0,0.0,101069.1640625,-0.45255721472172006
-0.24949435889720917,-0.594034187850498,0.0019713419023901224,0.0,0.0019713419023901224,100553.8203125,-1.15536849393286
-0.24922804534435272,-0.5934001079627446,0.005634506698697805,0.0,0.005634506698697805,101372.6484375,-0.03867377902594762
-0.24836362898349762,-0.5913419737702325,0.0,0.0,0.0,100177.8671875,-1.6680827680550852
-0.24809733033180237,-0.5907079293614342,0.003663164796307683,0.0,0.003663164796307683,101252.9453125,-0.2019215265863303
-0.24738997220993042,-0.5890237433569772,0.007343493402004242,0.0,0.007343493402004242,101356.640625,-0.060504782468789556
-0.24696661531925201,-0.5880157507601239,0.0016918227775022388,0.0,0.0016918227775022388,101003.8515625,-0.5416285611258971
-0.24670030176639557,-0.5873816708723705,0.0053549874573946,0.0,0.0053549874573946,101417.5546875,0.022568098860560645
-0.24615152180194855,-0.5860750519094013,0.0,0.0,0.0,101821.6484375,0.5736597641009492
-0.24556958675384521,-0.58468949227106,0.0033836455550044775,0.0,0.0033836455550044775,100884.5390625,-0.7043435853226183
-0.24486222863197327,-0.5830053062666031,0.007063974626362324,0.0,0.007063974626362324,101317.234375,-0.11424591539494608
-0.24475449323654175,-0.5827487934203375,0.0016918227775022388,0.0,0.0016918227775022388,101368.3203125,-0.04457635389531533
-0.24417255818843842,-0.5813632337819963,0.005075468216091394,0.0,0.005075468216091394,101410.28125,0.012648789829186395
-0.24393939971923828,-0.580808094569615,0.0,0.0,0.0,101206.5625,-0.26517709878747847
-0.24335747957229614,-0.5794225704102289,0.0033836455550044775,0.0,0.0033836455550044775,100914.9921875,-0.6628124718915799
-0.24254238605499268,-0.5774818715595064,0.0016918227775022388,0.0,0.0016918227775022388,100753.2421875,-0.8834025623164697
-0.24230211973190308,-0.5769098088854835,0.006727762520313263,0.0,0.006727762520313263,101468.1953125,0.09163035572561747
-0.2422138750553131,-0.5766997025126502,0.004761470016092062,0.0,0.004761470016092062,101338.7265625,-0.08493547592629885
-0.24172727763652802,-0.5755411372298286,0.0,0.0,0.0,100591.4765625,-1.1040139616759062
-0.24139878153800964,-0.5747590036619278,0.0030696471221745014,0.0,0.0030696471221745014,101108.875,-0.39840055757190773
-0.24058368802070618,-0.5728183048112052,0.0013778244610875845,0.0,0.0013778244610875845,100807.125,-0.8099187015330238
-0.24034342169761658,-0.5722462421371823,0.006413763854652643,0.0,0.006413763854652643,101390.4140625,-0.014445520446629632
-0.2402551770210266,-0.5720361357643491,0.00444747181609273,0.0,0.00444747181609273,101304.8359375,-0.13115455495755718
-0.23951517045497894,-0.5702742153689975,0.0,0.0,0.0,101468.921875,0.09262122118202756
-0.23944008350372314,-0.5700954369136265,0.002755648922175169,0.0,0.002755648922175169,100760.5,-0.873504562219642
-0.23838472366333008,-0.5675826753888812,0.006099765654653311,0.0,0.006099765654653311,101298.0625,-0.14039197808344492
-0.2383715659379959,-0.5675513474714189,0.0013778244610875845,0.0,0.0013778244610875845,101360.1796875,-0.055678308794017764
-0.2382964789867401,-0.5673725690160479,0.00413347315043211,0.0,0.00413347315043211,101367.8125,-0.04526889426807507
-0.23730304837226868,-0.5650072580292111,0.0,0.0,0.0,101302.2421875,-0.1346918380922685
-0.23722796142101288,-0.5648284795738402,0.002755648922175169,0.0,0.002755648922175169,102258.78125,1.1698091714398144
-0.23625043034553528,-0.5625010246322268,0.006633853539824486,0.0,0.006633853539824486,101238.0078125,-0.22229286801274015
-0.23615944385528564,-0.5622843901316326,0.0013778244610875845,0.0,0.0013778244610875845,102424.8984375,1.396355109070438
-0.23509091138839722,-0.5597402652104696,0.0,0.0,0.0,102865.9140625,1.997799786644097
-0.23411613702774048,-0.5574193738755726,0.007167941890656948,0.0,0.007167941890656948,101177.953125,-0.3041937579420354
-0.23402515053749084,-0.5572027393749782,0.0019119124626740813,0.0,0.0019119124626740813,102348.171875,1.2917175859800767
-0.23295937478542328,-0.5546651780605316,0.0038238249253481627,0.0,0.0038238249253481627,101830.421875,0.5856247308487831
-0.23287880420684814,-0.5544733433496385,0.0,0.0,0.0,101954.734375,0.7551586141003696
-0.2318935990333557,-0.552127616746085,0.005735737271606922,0.0,0.005735737271606922,101187.65625,-0.2909609095886876
-0.23181302845478058,-0.5519357820351919,0.0019119124626740813,0.0,0.0019119124626740813,101436.984375,0.049065758969075966
-0.230747252702713,-0.5493982207207453,0.0038238249253481627,0.0,0.0038238249253481627,100919.234375,-0.6570270961622177
-0.23066668212413788,-0.5492063860098522,0.0,0.0,0.0,101043.5546875,-0.48748255844335786
-0.23001979291439056,-0.5476661736056918,0.007328336592763662,0.0,0.007328336592763662,101317.6484375,-0.11368122862946504
-0.2296009063720703,-0.5466688246954056,0.0019119124626740813,0.0,0.0019119124626740813,100525.796875,-1.1935860680419248
-0.22936633229255676,-0.546110314982278,0.005390702746808529,0.0,0.005390702746808529,101400.296875,-0.0009676193459975933
-0.22845454514026642,-0.5439393931911105,0.0,0.0,0.0,100132.375,-1.7301237309870854
-0.22821998596191406,-0.5433809189569383,0.0034787901677191257,0.0,0.0034787901677191257,101206.5859375,-0.26514513538565876
-0.2274925261735916,-0.5416488718418848,0.006983301602303982,0.0,0.006983301602303982,101376.265625,-0.03374076067844356
-0.22707363963127136,-0.5406515229315985,0.0015668778214603662,0.0,0.0015668778214603662,100916.453125,-0.6608200865114865
-0.2268390655517578,-0.540093013218471,0.005045668222010136,0.0,0.005045668222010136,101445.671875,0.060913526576904284
-0.22624243795871735,-0.5386724713302794,0.0,0.0,0.0,101752.8125,0.47978325295654695
-0.2256927192211151,-0.5373636171931312,0.0031337556429207325,0.0,0.0031337556429207325,100851.125,-0.7499127418502098
-0.22496525943279266,-0.5356315700780778,0.0066382670775055885,0.0,0.0066382670775055885,101327.2578125,-0.10057623388339595
-0.2248615175485611,-0.5353845655918121,0.0015668778214603662,0.0,0.0015668778214603662,101341.234375,-0.08151539193159302
-0.22431178390979767,-0.5340756759757087,0.004700633231550455,0.0,0.004700633231550455,101423.0390625,0.030047534886365936
-0.22403031587600708,-0.5334055139904931,0.0,0.0,0.0,101182.7421875,-0.2976625695035473
-0.22348059713840485,-0.5320966598533449,0.0031337556429207325,0.0,0.0031337556429207325,100929.6484375,-0.6428246912870061
-0.22264939546585083,-0.5301176082520258,0.0015668778214603662,0.0,0.0015668778214603662,100771.1484375,-0.8589825233262337
-0.22242246568202972,-0.529577299242928,0.006248601246625185,0.0,0.006248601246625185,101476.1640625,0.10249791234430891
-0.22237452864646912,-0.5294631634439741,0.0044080098159611225,0.0,0.0044080098159611225,101327.953125,-0.09962798629607876
-0.22181817889213562,-0.5281385211717515,0.0,0.0,0.0,100612.6484375,-1.0751403553654613
-0.2215433269739151,-0.527484111842655,0.0028411317616701126,0.0,0.0028411317616701126,101094.921875,-0.417429436121891
-0.22071212530136108,-0.5255050602413359,0.0012742540566250682,0.0,0.0012742540566250682,100790.796875,-0.8321865381340681
-0.22048519551753998,-0.5249647512322381,0.005955977365374565,0.0,0.005955977365374565,101387.5234375,-0.01838767333772359
-0.22043727338314056,-0.5248506509122395,0.004115385934710503,0.0,0.004115385934710503,101297.71875,-0.14086077464346689
-0.21960607171058655,-0.5228715993109204,0.0,0.0,0.0,101428.625,0.03766547898672318
-0.21854794025421143,-0.5203522387005034,0.005663353484123945,0.0,0.005663353484123945,101357.28125,-0.05963111615238495
-0.21850000321865082,-0.5202381029015496,0.0012742540566250682,0.0,0.0012742540566250682,101363.609375,-0.051000997661071155
-0.21739394962787628,-0.517604641971134,0.0,0.0,0.0,101341.4140625,-0.0812703391843088
-0.21643763780593872,-0.5153277090617588,0.006216219160705805,0.0,0.006216219160705805,101230.0234375,-0.23318173356597804
-0.2163897007703781,-0.515213573262805,0.004375627264380455,0.0,0.004375627264380455,101308.2734375,-0.12646658935733734
-0.21628788113594055,-0.5149711455617633,0.0012742540566250682,0.0,0.0012742540566250682,102494.296875,1.4909987418585127
-0.21528363227844238,-0.5125800768534343,0.0031013733241707087,0.0,0.0031013733241707087,101893.671875,0.6718832978928281
-0.21518181264400482,-0.5123376491523924,0.0,0.0,0.0,102908.9765625,2.056527210254124
-0.21432733535766602,-0.5103031794230144,0.006769084371626377,0.0,0.006769084371626377,101179.2265625,-0.3024570797764994
-0.2142793983221054,-0.5101890436240605,0.004928492940962315,0.0,0.004928492940962315,101240.3359375,-0.21911783676531854
-0.21417757868766785,-0.5099466159230187,0.0018271193839609623,0.0,0.0018271193839609623,102354.609375,1.3004968670132155
-0.21317334473133087,-0.507555582693645,0.0036542387679219246,0.0,0.0036542387679219246,101800.2265625,0.5444452148377611
-0.21296970546245575,-0.5070707272915613,0.0,0.0,0.0,102036.515625,0.8666895775165089
-0.21218256652355194,-0.505196586960838,0.007332298904657364,0.0,0.007332298904657364,101276.171875,-0.1702457953830267
-0.2121690958738327,-0.505164513985316,0.005481358151882887,0.0,0.005481358151882887,101226.59375,-0.23785904469892466
-0.21196545660495758,-0.5046796585832324,0.0018271193839609623,0.0,0.0018271193839609623,101482.140625,0.1106485798083275
-0.2109612226486206,-0.5022886253538587,0.0036542387679219246,0.0,0.0036542387679219246,101521.921875,0.16490112716359892
-0.21075758337974548,-0.501803769951775,0.0,0.0,0.0,101164.046875,-0.3231587096883793
-0.2102295607328415,-0.5005465731734321,0.006911230273544788,0.0,0.006911230273544788,101372.84375,-0.03840741734411695
-0.2100309133529663,-0.5000736032213484,0.005128794815391302,0.0,0.005128794815391302,101353.8984375,-0.0642445004816922
-0.2097533494234085,-0.4994127367224012,0.0018271193839609623,0.0,0.0018271193839609623,101181.84375,-0.29888783323996837
-0.2088230401277542,-0.497197714589891,0.00330167543143034,0.0,0.00330167543143034,101124.140625,-0.3775817285200223
-0.20854546129703522,-0.4965368126119886,0.0,0.0,0.0,100841.7578125,-0.7626874481108089
-0.2080913782119751,-0.49545566240946454,0.006558666937053204,0.0,0.006558666937053204,101387.2578125,-0.018749925225013304
-0.20789273083209991,-0.49498269245738075,0.004776231478899717,0.0,0.004776231478899717,101305.8515625,-0.1297694742120377
-0.20761515200138092,-0.4943217904794784,0.0014745560474693775,0.0,0.0014745560474693775,100784.0703125,-0.8413600344563164
-0.20668484270572662,-0.49210676834696815,0.002949112094938755,0.0,0.002949112094938755,100726.3515625,-0.9200752386709168
-0.20633333921432495,-0.4912698552722023,0.0,0.0,0.0,101604.5234375,0.277550809643427
-0.2059531807899475,-0.4903647161665417,0.006206103600561619,0.0,0.006206103600561619,101339.2265625,-0.08425359002081233
-0.20575453341007233,-0.4898917462144579,0.0044236681424081326,0.0,0.0044236681424081326,102113.96875,0.9723179660632805
-0.20540302991867065,-0.48905483313969206,0.0014745560474693775,0.0,0.0014745560474693775,101436.6015625,0.04854369007268785
-0.20447272062301636,-0.4868398110071818,0.002949112094938755,0.0,0.002949112094938755,102376.8125,1.3307768630037264
-0.20412121713161469,-0.4860028979324159,0.0,0.0,0.0,101436.1015625,0.04786180416720132
-0.2039692997932434,-0.48564118998391287,0.007022827863693237,0.0,0.007022827863693237,101110.78125,-0.39580086755724037
-0.20377065241336823,-0.48516822003182913,0.005240392405539751,0.0,0.005240392405539751,101135.625,-0.3619196616283788
-0.2031909078359604,-0.48378787579990573,0.0014745560474693775,0.0,0.0014745560474693775,102639.6484375,1.6892251054768994
-0.20248883962631226,-0.482116284824553,0.003765836590901017,0.0,0.003765836590901017,101955.1484375,0.7557233008658506
-0.20190909504890442,-0.4807359405926296,0.0,0.0,0.0,102880.25,2.0173507340904684
-0.20178678631782532,-0.4804447293281555,0.006057117134332657,0.0,0.006057117134332657,101270.640625,-0.17778915821247135
-0.2012070268392563,-0.4790643496172769,0.0022912805434316397,0.0,0.0022912805434316397,102377.3046875,1.3314480944419398
-0.20050497353076935,-0.4773927941208794,0.004582561086863279,0.0,0.004582561086863279,101874.34375,0.6455241458588648
-0.19980290532112122,-0.47572120314552674,0.006873841397464275,0.0,0.006873841397464275,101371.3828125,-0.04039980272421038
-0.19969697296619415,-0.47546898325284326,0.0,0.0,0.0,101996.8046875,0.8125329203666964
-0.19899490475654602,-0.47379739227749057,0.0022912805434316397,0.0,0.0022912805434316397,101493.8515625,0.12661962625089462
-0.19829285144805908,-0.47212583678109304,0.004582561086863279,0.0,0.004582561086863279,100990.8984375,-0.5592936678649072
-0.1974848508834839,-0.4702020259130569,0.0,0.0,0.0,101113.3515625,-0.39229554782434867
-0.1972380429506302,-0.46961438797769095,0.006757597904652357,0.0,0.006757597904652357,101533.9921875,0.1813622791007345
-0.19678278267383575,-0.4685304349377042,0.0022912805434316397,0.0,0.0022912805434316397,100610.3984375,-1.0782088419401505
-0.19572797417640686,-0.4660189861343021,0.004466317128390074,0.0,0.004466317128390074,101347.046875,-0.0735884682803122
-0.19527272880077362,-0.46493506857327055,0.0,0.0,0.0,100229.8984375,-1.5971240160153939
-0.19467318058013916,-0.46350757280985516,0.0066413539461791515,0.0,0.0066413539461791515,101111.1328125,-0.3953214165299451
-0.19421792030334473,-0.4624236197698684,0.0021750368177890778,0.0,0.0021750368177890778,101160.109375,-0.32852856119408563
-0.19316312670707703,-0.4599122064454215,0.0043500736355781555,0.0,0.0043500736355781555,100924.1953125,-0.6502615094437186
-0.19306060671806335,-0.45966811123348417,0.0,0.0,0.0,101955.8671875,0.7567035118549875
-0.19210831820964813,-0.4574007576420194,0.006525110453367233,0.0,0.006525110453367233,101307.421875,-0.12762792629011907
-0.19200579822063446,-0.4571566624300821,0.0021750368177890778,0.0,0.0021750368177890778,101442.953125,0.05720577196582132
-0.19095100462436676,-0.45464524910563514,0.0043500736355781555,0.0,0.0043500736355781555,101768.046875,0.5005594641393394
-0.1908484846353531,-0.45440115389369784,0.0,0.0,0.0,101268.6875,-0.18045277503077808
-0.1898207813501358,-0.4519542413098472,0.006488919258117676,0.0,0.006488919258117676,101306.1015625,-0.12942853125929443
-0.1897936910390854,-0.45188974056925096,0.0021750368177890778,0.0,0.0021750368177890778,101645.7421875,0.3337637789769722
-0.18866346776485443,-0.44919873277346295,0.004313882440328598,0.0,0.004313882440328598,101365.9140625,-0.04785792981546921
-0.18863636255264282,-0.4491341965539115,0.0,0.0,0.0,102550.484375,1.5676256704875606
-0.18753322958946228,-0.4465076894987197,0.006452728062868118,0.0,0.006452728062868118,101325.6171875,-0.1028136720107736
-0.18750613927841187,-0.4464431887581235,0.0021388456225395203,0.0,0.0021388456225395203,102078.15625,0.9234778880828083
-0.18642424046993256,-0.44386723921412513,0.0,0.0,0.0,101880.359375,0.6537280856592494
-0.1863759160041809,-0.4437521809623355,0.0042776912450790405,0.0,0.0042776912450790405,101605.8203125,0.27931945121078267
-0.1852940171957016,-0.4411762314183372,0.0021388456225395203,0.0,0.0021388456225395203,101408.0234375,0.00956964878722382
-0.18524567782878876,-0.4410611376875923,0.0064165364019572735,0.0,0.0064165364019572735,101133.4765625,-0.3648496401285162
-0.1842121183872223,-0.4386002818743388,0.0,0.0,0.0,101210.2265625,-0.260180153636335
-0.18416379392147064,-0.43848522362254916,0.0042776912450790405,0.0,0.0042776912450790405,100935.6796875,-0.634599442552075
-0.18308189511299133,-0.4359092740785508,0.0021388456225395203,0.0,0.0021388456225395203,100737.8828125,-0.9043492449756338
-0.1830577254295349,-0.4358517272131784,0.006193444132804871,0.0,0.006193444132804871,101482.8046875,0.11155420952655178
-0.18199999630451202,-0.4333333245345525,0.0,0.0,0.0,100540.0859375,-1.1740990473991928
-0.1819758415222168,-0.43327581314813524,0.004054598975926638,0.0,0.004054598975926638,101269.890625,-0.17881198707070114
-0.1808939427137375,-0.43069986360413687,0.0019157532369717956,0.0,0.0019157532369717956,101056.96875,-0.46918883813522727
-0.18086977303028107,-0.43064231673876446,0.005970351863652468,0.0,0.005970351863652468,101067.3515625,-0.45502905112910874
-0.17978787422180176,-0.4280663671947661,0.0,0.0,0.0,101777.140625,0.5129612640453756
-0.17868182063102722,-0.42543290626435054,0.0019157532369717956,0.0,0.0019157532369717956,101346.4765625,-0.07436624439125776
-0.1775757521390915,-0.42279940985497977,0.0,0.0,0.0,101159.390625,-0.3295087721832225
-0.1774221956729889,-0.4224337992214021,0.007133339066058397,0.0,0.007133339066058397,101472.9765625,0.09815088969683233
-0.17646969854831696,-0.4201659489245642,0.0019157532369717956,0.0,0.0019157532369717956,100728.7265625,-0.9168362806198558
-0.1764267385005951,-0.420063663096655,0.005515679717063904,0.0,0.005515679717063904,101475.1875,0.10116610393515554
-0.17536363005638123,-0.4175324525151934,0.0,0.0,0.0,100541.6328125,-1.171989462879094
-0.17532067000865936,-0.4174301666872842,0.0035999263636767864,0.0,0.0035999263636767864,101264.4609375,-0.18621684182559384
-0.17516709864139557,-0.41706452057475135,0.006901759188622236,0.0,0.006901759188622236,101396.546875,-0.006081763637146509
-0.17421460151672363,-0.41479667027791345,0.001684173010289669,0.0,0.001684173010289669,101053.734375,-0.47359978758634325
-0.17417164146900177,-0.4146943844500042,0.0052840993739664555,0.0,0.0052840993739664555,101137.140625,-0.35985269497737277
-0.17315150797367096,-0.41226549517540706,0.0,0.0,0.0,101691.234375,0.39580474190897247
-0.17306557297706604,-0.41206088804063346,0.003368346020579338,0.0,0.003368346020579338,100926.421875,-0.6472249862708489
-0.17291200160980225,-0.4116952419281006,0.006670178845524788,0.0,0.006670178845524788,101409.9921875,0.012254574540077
-0.17200249433517456,-0.4095297484170823,0.001684173010289669,0.0,0.001684173010289669,101368.34375,-0.04454439049349564
-0.17191654443740845,-0.40932510580335346,0.005052519030869007,0.0,0.005052519030869007,101875.09375,0.6465469747170945
-0.1709394007921219,-0.40699857331457595,0.0,0.0,0.0,101177.46875,-0.3048543349129755
-0.17085346579551697,-0.40679396617980235,0.003368346020579338,0.0,0.003368346020579338,101885.0390625,0.6601101115559124
-0.1697903722524643,-0.40426279107729596,0.001684173010289669,0.0,0.001684173010289669,101895.0,0.6736945573292766
-0.1695009469985962,-0.40357368332999094,0.005254010669887066,0.0,0.005254010669887066,101518.578125,0.1603410151706578
-0.16872727870941162,-0.40173161597478957,0.0,0.0,0.0,101904.9453125,0.6872576941680946
-0.1684378683567047,-0.4010425437064398,0.003569837659597397,0.0,0.003569837659597397,101528.53125,0.17391480647674887
-0.16737477481365204,-0.39851136860393344,0.0018856646493077278,0.0,0.0018856646493077278,101538.484375,0.18748859778283994
-0.16708534955978394,-0.3978222608566284,0.005455502308905125,0.0,0.005455502308905125,101162.078125,-0.32584363544123246
-0.16651515662670135,-0.39646465863500324,0.0,0.0,0.0,101933.421875,0.7260932273790066
-0.16602225601673126,-0.3952910857541221,0.0037713292986154556,0.0,0.0037713292986154556,101172.015625,-0.31229115306968785
-0.16516265273094177,-0.3932444112641471,0.0018856646493077278,0.0,0.0018856646493077278,101366.2890625,-0.04734651538635432
-0.16466973721981049,-0.3920708029043107,0.0056569939479231834,0.0,0.0056569939479231834,101412.5390625,0.01572793087114897
-0.1643030345439911,-0.3911977012952169,0.0,0.0,0.0,101077.3125,-0.4414446053557444
-0.163810133934021,-0.3900241284143357,0.0037713292986154556,0.0,0.0037713292986154556,100799.15625,-0.8207862581517152
-0.1629505306482315,-0.3879774539243607,0.0018856646493077278,0.0,0.0018856646493077278,100510.1875,-1.214873693653832
-0.16286496818065643,-0.3877737337634677,0.006556347478181124,0.0,0.006556347478181124,101506.1484375,0.1433897577389538
-0.1627267301082611,-0.3874445954958598,0.004969161935150623,0.0,0.004969161935150623,101354.8984375,-0.06288072867071916
-0.16209091246128082,-0.38593074395543053,0.0,0.0,0.0,100221.203125,-1.6089824380904953
-0.16186711192131042,-0.3853978855269296,0.0030834972858428955,0.0,0.0030834972858428955,100782.3203125,-0.8437466351255192
-0.16106019914150238,-0.38347666462262475,0.007455701008439064,0.0,0.007455701008439064,101599.7421875,0.27103027567221216
-0.16100750863552094,-0.38335121103695463,0.0011978326365351677,0.0,0.0011978326365351677,100209.7265625,-1.6246338505148656
-0.16092196106910706,-0.3831475263550168,0.005868515465408564,0.0,0.005868515465408564,101506.0078125,0.14319797732803569
-0.16078370809555054,-0.38281835260845365,0.004281329922378063,0.0,0.004281329922378063,100933.3984375,-0.6377105469958573
-0.15992410480976105,-0.3807716781184787,0.0023956652730703354,0.0,0.0023956652730703354,100360.8046875,-1.4185977623852037
-0.15987879037857056,-0.3806637866156442,0.0,0.0,0.0,101296.71875,-0.14222454645443994
-0.159117192029953,-0.3788504572141738,0.006767868995666504,0.0,0.006767868995666504,101508.8046875,0.14701227661185093
-0.15897893905639648,-0.3785212834676107,0.0051806834526360035,0.0,0.0051806834526360035,101406.0546875,0.006884723034370638
-0.15884068608283997,-0.37819210972104755,0.003593497909605503,0.0,0.003593497909605503,102233.6328125,1.135512441287297
-0.15879538655281067,-0.37808425369716825,0.0011978326365351677,0.0,0.0011978326365351677,101372.765625,-0.038513962016849215
-0.15771198272705078,-0.37550472077869235,0.0023956652730703354,0.0,0.0023956652730703354,102621.125,1.6639633635720783
-0.1576666682958603,-0.3753968292758578,0.0,0.0,0.0,101553.6640625,0.20819022769471984
-0.15716449916362762,-0.3742011884848277,0.0060749780386686325,0.0,0.0060749780386686325,101077.28125,-0.4414872232248373
-0.1570262461900711,-0.37387201473826454,0.004487792495638132,0.0,0.004487792495638132,101789.0703125,0.529230635571593
-0.1565832644701004,-0.3728172963573819,0.0011978326365351677,0.0,0.0011978326365351677,103008.59375,2.1923823224550403
-0.15589754283428192,-0.37118462579590933,0.0032899598591029644,0.0,0.0032899598591029644,102176.5390625,1.0576495944545548
-0.15545454621315002,-0.3701298719360715,0.0,0.0,0.0,102973.96875,2.1451617235000984
-0.15535004436969757,-0.36988105802308946,0.0069692726247012615,0.0,0.0069692726247012615,101036.703125,-0.4968265262419779
-0.15521180629730225,-0.3695519197554816,0.005382087081670761,0.0,0.005382087081670761,101344.4765625,-0.07709378801320385
-0.15476882457733154,-0.3684972013745989,0.0020921272225677967,0.0,0.0020921272225677967,102469.9375,1.4577781129005913
-0.15408308804035187,-0.36686449533417115,0.004184254445135593,0.0,0.004184254445135593,101965.8984375,0.7703838478338109
-0.1533973515033722,-0.36523178929374334,0.006276381202042103,0.0,0.006276381202042103,101461.859375,0.08298958276703045
-0.15324242413043976,-0.36486291459628517,0.0,0.0,0.0,102056.734375,0.8942633388196201
-0.15255670249462128,-0.3632302440348126,0.0020921272225677967,0.0,0.0020921272225677967,101552.703125,0.2068797282201129
-0.1518709659576416,-0.36159753799438477,0.004184254445135593,0.0,0.004184254445135593,101048.65625,-0.4805251913139407
-0.1510303020477295,-0.3595959572564988,0.0,0.0,0.0,101139.5,-0.3566350458608582
-0.15088891983032227,-0.35925933292933876,0.006300879642367363,0.0,0.006300879642367363,101566.2890625,0.22540784680825451
-0.150344580411911,-0.35796328669502625,0.0020921272225677967,0.0,0.0020921272225677967,100635.46875,-1.0440186564603655
-0.14936251938343048,-0.35562504615102497,0.004208752419799566,0.0,0.004208752419799566,101414.765625,0.01876445404401864
-0.14881817996501923,-0.35432899991671246,0.0,0.0,0.0,100222.265625,-1.6075334305413365
-0.14838047325611115,-0.3532868410859789,0.006325378082692623,0.0,0.006325378082692623,101139.4296875,-0.3567309360663173
-0.1478361338376999,-0.3519907948516664,0.002116625430062413,0.0,0.002116625430062413,101263.2265625,-0.18790024765476368
-0.14685408771038055,-0.3496525897866204,0.004233250860124826,0.0,0.004233250860124826,100987.8984375,-0.5633849832978264
-0.14660605788230896,-0.34906204257692613,0.0,0.0,0.0,101955.0,0.7555208659876593
-0.14587202668190002,-0.3473143492426191,0.006349876057356596,0.0,0.006349876057356596,100712.5546875,-0.9388910278754355
-0.14562401175498962,-0.3467238375118801,0.002116625430062413,0.0,0.002116625430062413,101443.265625,0.0576319506567504
-0.1446419656276703,-0.344385632446834,0.004233250860124826,0.0,0.004233250860124826,100931.515625,-0.6402782736087049
-0.1443939357995987,-0.34379508523713975,0.0,0.0,0.0,101256.15625,-0.19754254053703404
-0.14360477030277252,-0.341916119768506,0.0062510729767382145,0.0,0.0062510729767382145,101338.6171875,-0.08508463846812403
-0.14341188967227936,-0.34145688017209375,0.002116625430062413,0.0,0.002116625430062413,100744.40625,-0.8954527648024894
-0.14237470924854279,-0.33898740297272095,0.004134447779506445,0.0,0.004134447779506445,101337.265625,-0.08692786130639228
-0.14218181371688843,-0.3385281278973534,0.0,0.0,0.0,100557.296875,-1.1506272559962738
-0.1413375288248062,-0.33651792577334816,0.006152269896119833,0.0,0.006152269896119833,101359.4765625,-0.056637210848608184
-0.14114463329315186,-0.33605865069798063,0.0020178223494440317,0.0,0.0020178223494440317,102028.0234375,0.8551081715905112
-0.14010745286941528,-0.33358917349860784,0.004035644698888063,0.0,0.004035644698888063,101592.1953125,0.26073806028627494
-0.13996969163417816,-0.33326117055756704,0.0,0.0,0.0,101839.8828125,0.5985272907166608
-0.1390702724456787,-0.33111969629923504,0.0060534668155014515,0.0,0.0060534668155014515,101307.1484375,-0.128000832644682
-0.1389325112104416,-0.33079169335819425,0.0020178223494440317,0.0,0.0020178223494440317,101404.0546875,0.004157179412424549
-0.13789533078670502,-0.32832221615882146,0.004035644698888063,0.0,0.004035644698888063,100968.21875,-0.590223586359085
-0.1377575695514679,-0.3279942132177807,0.0,0.0,0.0,101215.90625,-0.25243435592869906
-0.13683518767356873,-0.3257980658894494,0.006000684108585119,0.0,0.006000684108585119,101327.1015625,-0.10078932322886049
-0.13672038912773132,-0.3255247360184079,0.0020178223494440317,0.0,0.0020178223494440317,100780.078125,-0.8468044672329353
-0.13566024601459503,-0.3230005857490358,0.003982861526310444,0.0,0.003982861526310444,101369.28125,-0.04326585442070842
-0.13554544746875763,-0.3227272558779944,0.0,0.0,0.0,100591.921875,-1.1034066570413321
-0.13460010290145874,-0.3204764354796637,0.0059479009360075,0.0,0.0059479009360075,101347.03125,-0.07360977721485865
-0.13448530435562134,-0.32020310560862225,0.001965039409697056,0.0,0.001965039409697056,102028.8671875,0.8562588540560198
-0.13342516124248505,-0.3176789553392501,0.003930078819394112,0.0,0.003930078819394112,101601.96875,0.2740667988450818
-0.13333334028720856,-0.3174603340171632,0.0,0.0,0.0,101832.5078125,0.5884694736107347
-0.13236501812934875,-0.315154805069878,0.0058951182290911674,0.0,0.0058951182290911674,101366.9609375,-0.046430231200856806
-0.13227319717407227,-0.31493618374779114,0.001965039409697056,0.0,0.001965039409697056,101405.609375,0.006277418399796704
-0.13121305406093597,-0.312412033478419,0.003930078819394112,0.0,0.003930078819394112,100978.6953125,-0.5759359457456876
-0.1311212182044983,-0.3121933766773769,0.0,0.0,0.0,101209.2421875,-0.2615226165127616
-0.1301373690366745,-0.30985087865874883,0.005852122325450182,0.0,0.005852122325450182,101323.015625,-0.10636160961275816
-0.130061075091362,-0.30966922640800476,0.001965039409697056,0.0,0.001965039409697056,100782.3359375,-0.8437253261909727
-0.12898540496826172,-0.3071081070672898,0.003887082915753126,0.0,0.003887082915753126,101377.3828125,-0.03221717185837211
-0.12890909612178802,-0.3069264193375906,0.0,0.0,0.0,100585.9609375,-1.1115360155708043
-0.12790971994400024,-0.30454695224761963,0.0058091264218091965,0.0,0.0058091264218091965,101344.65625,-0.07684873526591963
-0.12783342599868774,-0.3043652999968756,0.0019220435060560703,0.0,0.0019220435060560703,101245.9140625,-0.21151054713223452
-0.12675774097442627,-0.30180414517720544,0.0038440870121121407,0.0,0.0038440870121121407,100991.4453125,-0.5585478551557813
-0.12669697403907776,-0.3016594619978042,0.0,0.0,0.0,101824.7734375,0.57792155101024
-0.1256820559501648,-0.2992429903575352,0.005766130518168211,0.0,0.005766130518168211,101366.3125,-0.047314551984534645
-0.12562130391597748,-0.29909834265708923,0.0019220435060560703,0.0,0.0019220435060560703,101405.734375,0.006447889876168334
-0.124545618891716,-0.29653718783741906,0.0038440870121121407,0.0,0.0038440870121121407,101766.0546875,0.49784257498466655
-0.12448485195636749,-0.29639250465801786,0.0,0.0,0.0,101208.578125,-0.26242824623098593
-0.12346512079238892,-0.2939645733152117,0.005731471348553896,0.0,0.005731471348553896,101320.9296875,-0.10920635237470976
-0.12340917438268661,-0.2938313675778253,0.0019220435060560703,0.0,0.0019220435060560703,101637.8984375,0.32306669383465236
-0.12232867628335953,-0.29125875305561794,0.003809427609667182,0.0,0.003809427609667182,101384.4375,-0.022596187910648217
-0.12227272987365723,-0.2911255473182315,0.0,0.0,0.0,102427.6875,1.4001587538869802
-0.12124818563461304,-0.2886861562728882,0.005696811713278294,0.0,0.005696811713278294,101344.9453125,-0.07645451997681023
-0.12119223922491074,-0.2885529505355018,0.0018873841036111116,0.0,0.0018873841036111116,102016.3125,0.839137125147944
-0.12011174112558365,-0.2859803360132944,0.0037747682072222233,0.0,0.0037747682072222233,101604.921875,0.2780941874743616
-0.12006060779094696,-0.28585858997844515,0.0,0.0,0.0,101813.640625,0.5627389351458917
-0.11903124302625656,-0.28340772149108706,0.005662152078002691,0.0,0.005662152078002691,101297.03125,-0.14179836776351087
-0.11898011714220047,-0.2832859931957154,0.0018873841036111116,0.0,0.0018873841036111116,101402.2578125,0.0017066519395823605
-0.11789961904287338,-0.28071337867350804,0.0037747682072222233,0.0,0.0037747682072222233,100990.875,-0.559325631266727
-0.1178484857082367,-0.28059163263865883,0.0,0.0,0.0,101199.5859375,-0.2746915380624701
-0.116803377866745,-0.27810328063510714,0.005629451479762793,0.0,0.005629451479762793,101321.015625,-0.10908915323470425
-0.1167679950594902,-0.2780190358559291,0.0018873841036111116,0.0,0.0018873841036111116,100788.21875,-0.8357025123342329
-0.11567174643278122,-0.2754089200780505,0.003742067376151681,0.0,0.003742067376151681,101387.0546875,-0.0190269413741172
-0.1156609058380127,-0.27538310913812547,0.007471609860658646,0.0,0.007471609860658646,101329.2578125,-0.09784869026144986
-0.11563636362552643,-0.27532467529887245,0.0,0.0,0.0,100585.53125,-1.1121220112708319
-0.11457551270723343,-0.2727988397791272,0.005596750415861607,0.0,0.005596750415861607,101344.984375,-0.0764012476404441
-0.11454012244939804,-0.27271457726047155,0.0018546831561252475,0.0,0.0018546831561252475,101260.046875,-0.19223661583496704
-0.11344388127326965,-0.2701044792220706,0.003709366312250495,0.0,0.003709366312250495,101010.796875,-0.5321567397199983
-0.11343304067850113,-0.27007866828214555,0.00743890879675746,0.0,0.00743890879675746,101353.2265625,-0.06516078466718972
-0.11342424154281616,-0.2700577179590861,0.0,0.0,0.0,101811.75,0.5601605540657707
-0.11234764009714127,-0.2674943811836697,0.005564049351960421,0.0,0.005564049351960421,101368.953125,-0.04371334204618395
-0.11232800036668777,-0.26744761992068516,0.0018546831561252475,0.0,0.0018546831561252475,101403.3828125,0.0032408952269270355
-0.11123175919055939,-0.26483752188228427,0.003709366312250495,0.0,0.003709366312250495,101762.15625,0.4925259958153263
-0.11121883243322372,-0.2648067438886279,0.007384318392723799,0.0,0.007384318392723799,101369.8046875,-0.042552005113402215
-0.1112121194601059,-0.26479076061929974,0.0,0.0,0.0,101201.140625,-0.2725712990750979
-0.11012768000364304,-0.2622087619134358,0.005534857977181673,0.0,0.005534857977181673,101515.390625,0.15599399252318122
-0.11011587828397751,-0.26218066258089884,0.0018546831561252475,0.0,0.0018546831561252475,101636.75,0.321500487145488
-0.10901179909706116,-0.2595519026120504,0.0036801749374717474,0.0,0.0036801749374717474,101389.9921875,-0.015020861679383884
-0.10899999737739563,-0.2595238032795134,0.0,0.0,0.0,102408.5078125,1.374002036731208
-0.10790771245956421,-0.2569231249037243,0.0055056666024029255,0.0,0.0055056666024029255,101143.234375,-0.35154221050425577
-0.10789591819047928,-0.256895043310665,0.0018254917813465,0.0,0.0018254917813465,102006.546875,0.8258190410564105
-0.10678788274526596,-0.2542568636792047,0.0,0.0,0.0,101804.234375,0.5499109565489264
-0.10677890479564667,-0.25423548760868253,0.007325935643166304,0.0,0.007325935643166304,101354.5,-0.06342410650165373
-0.10568775236606598,-0.2516375056334904,0.005476475227624178,0.0,0.005476475227624178,101202.6015625,-0.2705789136950045
-0.10568379610776901,-0.2516280859708786,0.0018254917813465,0.0,0.0018254917813465,101402.265625,0.0017173064068555875
-0.1045757606625557,-0.24898990633941834,0.0,0.0,0.0,101199.9453125,-0.27420143256790164
-0.10455991327762604,-0.2489521744705382,0.007271665148437023,0.0,0.007271665148437023,101301.6015625,-0.13556550440867313
-0.10347621887922287,-0.24637194971243542,0.005449230317026377,0.0,0.005449230317026377,101516.7265625,0.15781590642690302
-0.10347168147563934,-0.24636114637056988,0.0018254917813465,0.0,0.0018254917813465,100797.9765625,-0.8223950827099725
-0.10236818343400955,-0.24373377008097513,0.003623738419264555,0.0,0.003623738419264555,101392.1328125,-0.012101537646519712
-0.10236363857984543,-0.24372294899963198,0.0,0.0,0.0,102395.0234375,1.3556124262176183
-0.10234837979078293,-0.24368661854948317,0.007244420237839222,0.0,0.007244420237839222,101328.6640625,-0.09865842977421511
-0.10126014798879623,-0.24109559044951484,0.0017982465215027332,0.0,0.0017982465215027332,101999.171875,0.8157612239504842
-0.10015664994716644,-0.23846821415992012,0.0035964930430054665,0.0,0.0035964930430054665,101603.3203125,0.27591002168335005
-0.10015152394771576,-0.23845600939932324,0.0,0.0,0.0,101796.4375,0.539277798210246
-0.10013684630393982,-0.23842106262842816,0.0072171748615801334,0.0,0.0072171748615801334,101355.71875,-0.06176200960703033
-0.09904802590608597,-0.2358286331097285,0.0017982465215027332,0.0,0.0017982465215027332,101400.5859375,-0.0005734040568881977
-0.0979394018650055,-0.2331890520595369,0.0,0.0,0.0,101197.859375,-0.2770461753298532
-0.09793467074632645,-0.23317778749125345,0.007166050374507904,0.0,0.007166050374507904,101371.046875,-0.04085794481695914
-0.09684601426124573,-0.23058574824106126,0.005368479527533054,0.0,0.005368479527533054,101517.4296875,0.15877480848149345
-0.0968359038233757,-0.23056167576994216,0.0017982465215027332,0.0,0.0017982465215027332,100802.0,-0.8169080320642607
-0.09573739022016525,-0.22794616719086966,0.003570233006030321,0.0,0.003570233006030321,101393.3125,-0.010492713088262448
-0.09572727233171463,-0.22792207698027295,0.0,0.0,0.0,100599.265625,-1.093391457804499
-0.0946388766169548,-0.22533065861179716,0.005342219490557909,0.0,0.005342219490557909,101152.1171875,-0.3394280812145968
-0.09462876617908478,-0.22530658614067806,0.001771986368112266,0.0,0.001771986368112266,101992.5,0.8066623088991485
-0.09353025257587433,-0.22269107756160555,0.003543972736224532,0.0,0.003543972736224532,101601.4296875,0.2733316406032291
-0.09351515769958496,-0.2226551373799642,0.0,0.0,0.0,101791.03125,0.531904906857173
-0.09243173152208328,-0.22007555124305545,0.005315958987921476,0.0,0.005315958987921476,101210.359375,-0.2599990276926902
-0.09241664409637451,-0.2200396288008917,0.001771986368112266,0.0,0.001771986368112266,101399.96875,-0.0014151069714731235
-0.0913277342915535,-0.21744698640846072,0.007063244003802538,0.0,0.007063244003802538,101370.8671875,-0.041102997564243356
-0.09131812304258347,-0.2174241024823416,0.003543972736224532,0.0,0.003543972736224532,101008.90625,-0.5347351208001192
-0.0913030356168747,-0.21738818004017785,0.0,0.0,0.0,101198.5078125,-0.27616185454617537
-0.09023326635360718,-0.2148411103657314,0.005289941560477018,0.0,0.005289941560477018,101517.5234375,0.15890266208877216
-0.09020451456308365,-0.21477265372162774,0.001771986368112266,0.0,0.001771986368112266,100807.453125,-0.8094712139075483
-0.0891292616724968,-0.21221252779165906,0.00703722657635808,0.0,0.00703722657635808,101330.65625,-0.09594154061954224
-0.08911965787410736,-0.21218966160501754,0.003517955308780074,0.0,0.003517955308780074,101393.6328125,-0.010055879930060145
-0.08909090608358383,-0.21212120496091388,0.0,0.0,0.0,100605.984375,-1.0842286159495238
-0.08803480118513107,-0.20960666948840734,0.00526392413303256,0.0,0.00526392413303256,101155.7109375,-0.3345270262689124
-0.08800604939460754,-0.20953821284430368,0.001745968940667808,0.0,0.001745968940667808,101984.28125,0.7954538093277138
-0.08693079650402069,-0.20697808691433497,0.007011209148913622,0.0,0.007011209148913622,101359.8984375,-0.05606186961585393
-0.08692119270563126,-0.20695522072769348,0.003491937881335616,0.0,0.003491937881335616,101599.140625,0.27020988169217364
-0.08687879145145416,-0.20685426536060517,0.0,0.0,0.0,101783.375,0.5214635289294106
-0.08583632856607437,-0.20437221087160565,0.005237906705588102,0.0,0.005237906705588102,101214.0078125,-0.2550233914760932
-0.08579392731189728,-0.20427125550451733,0.001745968940667808,0.0,0.001745968940667808,101398.234375,-0.003780398706129497
-0.0847473219037056,-0.20177933786596572,0.006961183622479439,0.0,0.006961183622479439,101371.3359375,-0.04046372952784974
-0.08470907062292099,-0.20168826338790713,0.003491937881335616,0.0,0.003491937881335616,101013.1015625,-0.5290136718743964
-0.0846666693687439,-0.2015873080208188,0.0,0.0,0.0,101197.3203125,-0.27778133357170587
-0.08364154398441315,-0.19914653329622178,0.005212731193751097,0.0,0.005212731193751097,101517.0,0.15818881278146596
-0.08358180522918701,-0.19900429816473097,0.001745968940667808,0.0,0.001745968940667808,100812.1953125,-0.8030039522726995
-0.08255253732204437,-0.19655366029058186,0.006936008110642433,0.0,0.006936008110642433,101331.7578125,-0.09443926073401726
-0.08251427859067917,-0.19646256807304566,0.0034667623694986105,0.0,0.0034667623694986105,101393.765625,-0.009874753986415288
-0.08245454728603363,-0.19632035068103246,0.0,0.0,0.0,100611.2734375,-1.0770155416055491
-0.08144675195217133,-0.1939208379813603,0.005187555681914091,0.0,0.005187555681914091,101158.703125,-0.3304463653032665
-0.08138702064752579,-0.1937786205893471,0.0017207934288308024,0.0,0.0017207934288308024,101977.1875,0.7857795530436237
-0.08035774528980255,-0.19132796497572035,0.0069108325988054276,0.0,0.0069108325988054276,101361.53125,-0.05383508595574951
-0.08031949400901794,-0.19123689049766177,0.003441586857661605,0.0,0.003441586857661605,101595.890625,0.2657776233065113
-0.08024242520332336,-0.1910533933412461,0.0,0.0,0.0,101780.359375,0.517350904561945
-0.0792519599199295,-0.18869514266649884,0.0051623801700770855,0.0,0.0051623801700770855,101214.578125,-0.25424561536514767
-0.07917489856481552,-0.18851166324956078,0.0017207934288308024,0.0,0.0017207934288308024,101399.0703125,-0.002640370707894218
-0.07818804681301117,-0.18616201622145517,0.006860904395580292,0.0,0.006860904395580292,101370.1015625,-0.04214713535701959
-0.07810737192630768,-0.18596993315787544,0.003441586857661605,0.0,0.003441586857661605,101017.765625,-0.5226529549122799
-0.0780303031206131,-0.18578643600145978,0.0,0.0,0.0,101202.25,-0.2710583647222997
-0.07707292586565018,-0.18350696634678615,0.0051386491395533085,0.0,0.0051386491395533085,101516.3828125,0.15734710986688102
-0.07696277648210526,-0.18324470590977443,0.0017207934288308024,0.0,0.0017207934288308024,100820.953125,-0.7910602944594122
-0.07600900530815125,-0.18097382216226487,0.006837173365056515,0.0,0.006837173365056515,101332.7421875,-0.09309679785759066
-0.07592833042144775,-0.18078173909868514,0.003417855827137828,0.0,0.003417855827137828,101393.796875,-0.009832136117322381
-0.07581818103790283,-0.18051947866167342,0.0,0.0,0.0,100624.125,-1.059488942941091
-0.07489388436079025,-0.17831877228759585,0.0051149181090295315,0.0,0.0051149181090295315,101161.0546875,-0.3272393706540252
-0.07478373497724533,-0.17805651185058413,0.0016970622818917036,0.0,0.0016970622818917036,101964.875,0.7689881126210181
-0.07382996380329132,-0.17578562810307458,0.006813442334532738,0.0,0.006813442334532738,101363.9375,-0.05055351003559562
-0.07374928891658783,-0.17559354503949484,0.003394124563783407,0.0,0.003394124563783407,101591.09375,0.25923578040074996
-0.07360605895519257,-0.17525252132188707,0.0,0.0,0.0,101774.734375,0.5096796881252217
-0.07271484285593033,-0.17313057822840555,0.005091186612844467,0.0,0.005091186612844467,101870.28125,0.6399838228767867
-0.07257161289453506,-0.17278955451079778,0.0016970622818917036,0.0,0.0016970622818917036,101400.9609375,-6.198962777330615e-05
-0.07168301194906235,-0.17067383797395796,0.006767635699361563,0.0,0.006767635699361563,101297.78125,-0.14077553890528108
-0.07153716683387756,-0.1703265876997085,0.003394124563783407,0.0,0.003394124563783407,101757.53125,0.48621855118957596
-0.0713939368724823,-0.1699855639821007,0.0,0.0,0.0,101210.8203125,-0.2593704141235698
-0.07054878026247025,-0.16797328633921488,0.005085418000817299,0.0,0.005085418000817299,101518.890625,0.16076719386158686
-0.0703594908118248,-0.16752259717101142,0.0016970622818917036,0.0,0.0016970622818917036,101644.78125,0.33245327950236525
-0.06951694935560226,-0.1655165460847673,0.0067618670873343945,0.0,0.0067618670873343945,101328.7265625,-0.0985731940360293
-0.06937110424041748,-0.1651692958105178,0.0033883557189255953,0.0,0.0033883557189255953,101406.140625,0.007001922174376134
-0.06918181478977203,-0.16471860664231439,0.0,0.0,0.0,102323.21875,1.2576872175093898
-0.06838271766901016,-0.1628159944500242,0.005079648923128843,0.0,0.005079648923128843,101167.5,-0.318449435153613
-0.06819342821836472,-0.16236530528182075,0.0016912933206185699,0.0,0.0016912933206185699,101957.7734375,0.7593032018696548
-0.06735087931156158,-0.160359236456099,0.006756098009645939,0.0,0.006756098009645939,101359.6640625,-0.05638150363405074
-0.0672050416469574,-0.16001200392132714,0.0033825866412371397,0.0,0.0033825866412371397,101592.3203125,0.26090853176264656
-0.06696969270706177,-0.15945164930252803,0.0,0.0,0.0,101781.1484375,0.5184270057565409
-0.06621664762496948,-0.15765868482135592,0.005073879845440388,0.0,0.005073879845440388,101876.2421875,0.6481131814062588
-0.06598130613565445,-0.15709834794203442,0.0016912933206185699,0.0,0.0016912933206185699,101415.6953125,0.02003233564953264
-0.06525594741106033,-0.15537130335966748,0.006726220715790987,0.0,0.006726220715790987,101277.7890625,-0.16804032065746874
-0.06499291956424713,-0.15474504658154078,0.0033825866412371397,0.0,0.0033825866412371397,101812.5703125,0.5612792731294596
-0.0647575780749321,-0.15418470970221929,0.0,0.0,0.0,101239.0625,-0.2208545149308545
-0.0640450268983841,-0.1524881592818669,0.005152984522283077,0.0,0.005152984522283077,101535.6953125,0.18368495296629794
-0.06376919150352478,-0.15183140834172568,0.0016912933206185699,0.0,0.0016912933206185699,101748.8984375,0.47444536485266026
-0.06308432668447495,-0.15020077782017843,0.0068053253926336765,0.0,0.0068053253926336765,101300.4609375,-0.13712105663056426
-0.06282129883766174,-0.14957452104205177,0.003461691318079829,0.0,0.003461691318079829,101472.0234375,0.09685104468949865
-0.06254545599222183,-0.14891775236243293,0.0,0.0,0.0,101685.21875,0.3876008021085877
-0.061873409897089005,-0.1473176426121167,0.005232089199125767,0.0,0.005232089199125767,101195.1484375,-0.28074327547366296
-0.061597567051649094,-0.14666087393249785,0.0017703978810459375,0.0,0.0017703978810459375,101408.3515625,0.010017136412699348
-0.06091270595788956,-0.14503025228068941,0.006884429603815079,0.0,0.006884429603815079,101206.4765625,-0.26529429792748394
-0.060649678111076355,-0.14440399550256275,0.003540795762091875,0.0,0.003540795762091875,101131.4609375,-0.3675984926850087
-0.060333337634801865,-0.1436508038923854,0.0,0.0,0.0,101797.53125,0.5407694236284978
-0.05970178544521332,-0.14214710820288887,0.005311193410307169,0.0,0.005311193410307169,101962.4921875,0.765738500102684
-0.05938544496893883,-0.1413939165927115,0.0017703978810459375,0.0,0.0017703978810459375,101450.1796875,0.06706115419355621
-0.05902762711048126,-0.14054196931066967,0.006890563294291496,0.0,0.006890563294291496,101172.5078125,-0.31161992163147456
-0.05843755602836609,-0.1391370381627764,0.003540795762091875,0.0,0.003540795762091875,102060.7734375,0.8997716983998785
-0.0581212155520916,-0.13838384655259905,0.0,0.0,0.0,101257.7109375,-0.1954223015496619
-0.05741134658455849,-0.13669368234418688,0.005811099894344807,0.0,0.005811099894344807,101578.3359375,0.2418370353435704
-0.05717332288622856,-0.13612695925292514,0.0017703978810459375,0.0,0.0017703978810459375,102159.0390625,1.0337835877625265
-0.05673718452453613,-0.1350885345822289,0.007390469778329134,0.0,0.007390469778329134,101186.984375,-0.2918771937741851
-0.05614711344242096,-0.13368360343433563,0.004040702246129513,0.0,0.004040702246129513,101676.609375,0.37585957917349166
-0.055909089744091034,-0.1331168803430739,0.0,0.0,0.0,102257.2890625,1.167774168190628
-0.05512090399861336,-0.1312402476157461,0.006311006378382444,0.0,0.006311006378382444,101194.171875,-0.2820750838828163
-0.05488288402557373,-0.13067353339422316,0.0022703041322529316,0.0,0.0022703041322529316,101774.8671875,0.5098608140688665
-0.05385667458176613,-0.12823017757563365,0.004540608264505863,0.0,0.004540608264505863,101292.4453125,-0.14805254005289506
-0.053696971386671066,-0.12784993187302635,0.0,0.0,0.0,101975.2734375,0.7831692085616832
-0.05283046141266823,-0.1257868128873053,0.006810912396758795,0.0,0.006810912396758795,101195.21875,-0.28064738526820393
-0.052670761942863464,-0.12540657605443684,0.0022703041322529316,0.0,0.0022703041322529316,101459.9375,0.08036858381781663
-0.05164455249905586,-0.1229632202358473,0.004540608264505863,0.0,0.004540608264505863,101690.34375,0.39459013263982456
-0.0514848493039608,-0.12258297453324,0.0,0.0,0.0,101149.9765625,-0.34234740524746093
-0.0504586398601532,-0.12013961871465048,0.0022703041322529316,0.0,0.0022703041322529316,101448.578125,0.0648769884025447
-0.050449173897504807,-0.12011708070834479,0.006536803208291531,0.0,0.006536803208291531,101363.78125,-0.05076659938106016
-0.049272727221250534,-0.11731601719345365,0.0,0.0,0.0,101206.796875,-0.2648574647692816
-0.04926326498389244,-0.11729348805688677,0.004266499076038599,0.0,0.004266499076038599,101261.9921875,-0.18958365348393355
-0.04807735234498978,-0.11446988653568994,0.0019961947109550238,0.0,0.0019961947109550238,101020.21875,-0.5193074521884866
-0.048067886382341385,-0.11444734852938425,0.006262693554162979,0.0,0.006262693554162979,101384.5703125,-0.02241506196700336
-0.04706060513854027,-0.11204905985366731,0.0,0.0,0.0,101879.171875,0.652108606633719
-0.04688197746872902,-0.11162375587792624,0.0039923894219100475,0.0,0.0039923894219100475,100833.6328125,-0.7737680940749649
-0.04586523026227951,-0.1092029291959036,0.0019961947109550238,0.0,0.0019961947109550238,101411.0703125,0.013724891023782312
-0.04568659886717796,-0.10877761635042373,0.005988583900034428,0.0,0.005988583900034428,101405.3515625,0.005925820979780216
-0.0448484867811203,-0.10678211138361976,0.0,0.0,0.0,101287.6484375,-0.15459438295865638
-0.04466985538601875,-0.1063567985381399,0.0039923894219100475,0.0,0.0039923894219100475,101742.0390625,0.465090742586767
-0.04365311190485954,-0.10393598072585605,0.0019961947109550238,0.0,0.0019961947109550238,101626.6953125,0.30778818776484496
-0.043549876660108566,-0.10369018252406802,0.005951940082013607,0.0,0.005951940082013607,101489.8828125,0.12120715687609536
-0.042636364698410034,-0.10151515404383342,0.0,0.0,0.0,101511.359375,0.15049628741019613
-0.04253312945365906,-0.10126935584204538,0.003955745603889227,0.0,0.003955745603889227,101374.546875,-0.036084743478553484
-0.042491354048252106,-0.10116989059107645,0.007472981233149767,0.0,0.007472981233149767,101329.9453125,-0.0969110971414059
-0.04151638597249985,-0.09884853802976154,0.001959550892934203,0.0,0.001959550892934203,101259.203125,-0.19338729830047555
-0.04141315445303917,-0.09860274869771231,0.005915296263992786,0.0,0.005915296263992786,101122.390625,-0.37996832918922513
-0.04042424261569977,-0.09624819670404706,0.0,0.0,0.0,101784.7890625,0.5233919875058647
-0.04039640724658966,-0.09618192201568967,0.003919101785868406,0.0,0.003919101785868406,101007.0625,-0.5372495750766008
-0.04035463184118271,-0.09608245676472074,0.007436337415128946,0.0,0.007436337415128946,101342.4609375,-0.0798426405696964
-0.03930426388978958,-0.0935815806899752,0.001959550892934203,0.0,0.001959550892934203,101412.4453125,0.015600077263870249
-0.039276428520679474,-0.0935153060016178,0.005878652445971966,0.0,0.005878652445971966,101956.0390625,0.7569379101349984
-0.0382121205329895,-0.09098123936426072,0.0,0.0,0.0,101209.8125,-0.26074484040181606
-0.038184285163879395,-0.09091496467590332,0.003919101785868406,0.0,0.003919101785868406,101864.359375,0.6319077366836807
-0.03710835427045822,-0.08835322445347196,0.005952748004347086,0.0,0.005952748004347086,101545.6328125,0.19723743533784258
-0.037092141807079315,-0.08831462335018885,0.001959550892934203,0.0,0.001959550892934203,101772.6640625,0.5068562542978166
-0.03601621091365814,-0.08575288312775749,0.003993196878582239,0.0,0.003993196878582239,101453.9375,0.07218595295197835
-0.035999998450279236,-0.08571428202447437,0.0,0.0,0.0,102495.0546875,1.4920322251840157
-0.03494028002023697,-0.08319114290532612,0.006026843097060919,0.0,0.006026843097060919,101135.2109375,-0.3624843483938598
-0.03492406755685806,-0.08315254180204301,0.0020336462184786797,0.0,0.0020336462184786797,102061.8359375,0.9012207059490372
-0.03384813666343689,-0.08059080157961164,0.004067292436957359,0.0,0.004067292436957359,101628.609375,0.31039853224678554
-0.03378788009285927,-0.08044733355442683,0.0,0.0,0.0,101852.4296875,0.6156383651574633
-0.03277220577001572,-0.07802906135718028,0.006100938189774752,0.0,0.006100938189774752,101195.3828125,-0.28042364145546617
-0.0327119454741478,-0.07788558446225666,0.0020336462184786797,0.0,0.0020336462184786797,101419.203125,0.024816191455211523
-0.03163601830601692,-0.0753238531095641,0.004067292436957359,0.0,0.004067292436957359,100985.9765625,-0.5660059822470402
-0.031575758010149,-0.07518037621464048,0.0,0.0,0.0,101209.7890625,-0.2607768038036357
-0.030542006716132164,-0.07271906360983849,0.006090259179472923,0.0,0.006090259179472923,101304.671875,-0.13137829877029494
-0.03049982711672783,-0.07261863599220912,0.0020336462184786797,0.0,0.0020336462184786797,100776.5703125,-0.8515883230386142
-0.02940581738948822,-0.0700138509273529,0.004056612960994244,0.0,0.004056612960994244,101402.203125,0.0016320706686697721
-0.029363635927438736,-0.06991341887485414,0.0,0.0,0.0,100567.1484375,-1.1371919727647348
-0.02831180766224861,-0.0674090658624967,0.006079580169171095,0.0,0.006079580169171095,101324.09375,-0.10489129312905285
-0.028269626200199127,-0.06730863380999792,0.0020229669753462076,0.0,0.0020229669753462076,101279.765625,-0.16534474043734232
-0.02717561647295952,-0.0647038487451417,0.004045933950692415,0.0,0.004045933950692415,101007.7578125,-0.5363013274892836
-0.02715151570737362,-0.06464646596993719,0.0,0.0,0.0,101829.0234375,0.5837175812068754
-0.02608160674571991,-0.062099063680285504,0.006068900693207979,0.0,0.006068900693207979,101288.84375,-0.15296424946585266
-0.02605750598013401,-0.06204168090508098,0.0020229669753462076,0.0,0.0020229669753462076,101412.234375,0.015312406647493122
-0.0249634962528944,-0.05943689584022477,0.004045933950692415,0.0,0.004045933950692415,101849.9609375,0.6122715534991235
-0.024939395487308502,-0.05937951306502025,0.0,0.0,0.0,101195.2890625,-0.2805514950627449
-0.023845385760068893,-0.05677472800016403,0.0020229669753462076,0.0,0.0020229669753462076,101759.0390625,0.4882748633733088
-0.023801634088158607,-0.05667055735275859,0.006146931555122137,0.0,0.006146931555122137,101261.0546875,-0.19086218955672077
-0.022727273404598236,-0.0541125557252339,0.0,0.0,0.0,102737.2578125,1.8223420195885964
-0.0226835235953331,-0.05400838951269786,0.004123964812606573,0.0,0.004123964812606573,101407.484375,0.008834490545371162
-0.021565411239862442,-0.05134621723776772,0.0021009978372603655,0.0,0.0021009978372603655,102128.46875,0.9920926573223896
-0.021521659567952156,-0.05124204659036228,0.006224962417036295,0.0,0.006224962417036295,101287.7890625,-0.1544026025477383
-0.02051515132188797,-0.048845598385447546,0.0,0.0,0.0,102045.765625,0.8793044667680096
-0.020403549075126648,-0.04857987875030154,0.004201995674520731,0.0,0.004201995674520731,101519.671875,0.16183264058890956
-0.019353289157152176,-0.046079259897981374,0.0021009978372603655,0.0,0.0021009978372603655,101436.96875,0.049044450034529515
-0.019241685047745705,-0.04581353582796596,0.006302993278950453,0.0,0.006302993278950453,100910.8671875,-0.6684380306118437
-0.018303031101822853,-0.04357864548053061,0.0,0.0,0.0,101354.2734375,-0.06373308605257731
-0.018191426992416382,-0.043312921410515196,0.004201995674520731,0.0,0.004201995674520731,100828.1796875,-0.7812049122316773
-0.017717653885483742,-0.04218489020353272,0.005697412416338921,0.0,0.005697412416338921,101269.6015625,-0.17920620235981052
-0.017474781721830368,-0.041606623147215166,0.007421697489917278,0.0,0.007421697489917278,101569.171875,0.22933934523207525
-0.01714116893708706,-0.04081230699306443,0.0021009978372603655,0.0,0.0021009978372603655,100745.4765625,-0.8939931027860574
-0.01666739583015442,-0.039684275786081954,0.0035964148119091988,0.0,0.0035964148119091988,100789.90625,-0.8334011474032159
-0.01619362272322178,-0.03855624457909947,0.005091831553727388,0.0,0.005091831553727388,100706.34375,-0.9473613293576509
-0.016090909019112587,-0.03831168814074425,0.0,0.0,0.0,100662.7734375,-1.0067812933404374
-0.015950750559568405,-0.03797797752278192,0.006816116161644459,0.0,0.006816116161644459,101521.8515625,0.16480523695813987
-0.015617136843502522,-0.03718365915119648,0.0014954169746488333,0.0,0.0014954169746488333,100310.1953125,-1.4876174013811678
-0.015143363736569881,-0.036055627944214005,0.0029908339492976665,0.0,0.0029908339492976665,100226.6484375,-1.6015562744010563
-0.014669590629637241,-0.03492759673723153,0.004486250691115856,0.0,0.004486250691115856,100143.0859375,-1.7155164563554912
-0.014426719397306442,-0.03434933189834867,0.006210535764694214,0.0,0.006210535764694214,101474.53125,0.10027112868420449
-0.01387878879904747,-0.03304473523582731,0.0,0.0,0.0,101032.09375,-0.5031126619331817
-0.01340501569211483,-0.03191670402884483,0.0014954169746488333,0.0,0.0014954169746488333,100995.859375,-0.5525280811464082
-0.013216253370046616,-0.03146726992868242,0.004940642975270748,0.0,0.004940642975270748,102313.703125,1.2447100763705996
-0.012973381206393242,-0.030889002872364863,0.0066649275831878185,0.0,0.0066649275831878185,101517.65625,0.15908378803241702
-0.01293124258518219,-0.03078867282186236,0.0029908339492976665,0.0,0.0029908339492976665,101852.671875,0.6159686536429333
-0.011762915179133415,-0.028006940902698608,0.005395034793764353,0.0,0.005395034793764353,102378.03125,1.33243895989835
-0.011666667647659779,-0.027777780113475665,0.0,0.0,0.0,100807.3203125,-0.8096523398511931
-0.011520043015480042,-0.027428673846381053,0.007119319401681423,0.0,0.007119319401681423,101586.109375,0.25243823028043116
-0.01147790439426899,-0.02732834379587855,0.003445225767791271,0.0,0.003445225767791271,101917.0,0.7036975371706836
-0.011192894540727139,-0.026649748906493187,0.0014954169746488333,0.0,0.0014954169746488333,101455.953125,0.0749348055084709
-0.010309576988220215,-0.024546611876714797,0.0058494266122579575,0.0,0.0058494266122579575,102442.359375,1.4201678434261003
-0.010024567134678364,-0.02386801698732944,0.0038996178191155195,0.0,0.0038996178191155195,101981.328125,0.7914264206984339
-0.009739556349813938,-0.023189419880509377,0.0019498089095577598,0.0,0.0019498089095577598,101520.28125,0.16266368903622125
-0.009602531790733337,-0.02286317093031747,0.007234727032482624,0.0,0.007234727032482624,101028.2109375,-0.5084079321679755
-0.009454545564949512,-0.022510822773689317,0.0,0.0,0.0,102978.7890625,2.1517355298076795
-0.008637827821075916,-0.02056625671684742,0.005598434712737799,0.0,0.005598434712737799,100564.671875,-1.1405694388903476
-0.008352817967534065,-0.01988766182746206,0.0036486259195953608,0.0,0.0036486259195953608,101075.2734375,-0.4442254213140566
-0.00806780718266964,-0.019209064720642,0.001698817010037601,0.0,0.001698817010037601,102337.9296875,1.277749579384876
-0.007930782623589039,-0.018882815770450093,0.006983735132962465,0.0,0.006983735132962465,101086.671875,-0.4286805535624186
-0.006966079119592905,-0.016585902665697393,0.00534744281321764,0.0,0.00534744281321764,100265.34375,-1.5487846979967634
-0.00693316338583827,-0.0165075318710435,8.210142368625384e-06,0.0,8.210142368625384e-06,102294.1015625,1.2179780179820732
-0.006681068800389767,-0.015907306667594684,0.003397634020075202,0.0,0.003397634020075202,101697.0546875,0.4037423200275265
-0.006259033922106028,-0.014902461719300066,0.0067327432334423065,0.0,0.0067327432334423065,101133.4296875,-0.36491356693215554
-0.005546425003558397,-0.013205773817996185,0.0017070272006094456,0.0,0.0017070272006094456,101653.234375,0.34398141309199676
-0.0052943299524486065,-0.012605547505830017,0.005096450913697481,0.0,0.005096450913697481,101056.1796875,-0.4702649393298232
-0.004411781206727028,-0.010504240968397686,1.6420284737250768e-05,0.0,1.6420284737250768e-05,101609.4140625,0.28422050615646705
-0.004352731164544821,-0.010363645629868622,0.006664634682238102,0.0,0.006664634682238102,101336.7109375,-0.0876843284827914
-0.004159686155617237,-0.009904014656231518,0.0034058440942317247,0.0,0.0034058440942317247,101012.3671875,-0.5300151917980797
-0.0033473812509328127,-0.00796995535936384,0.005030407104641199,0.0,0.005030407104641199,101664.8828125,0.3598672237963781
-0.0030250425916165113,-0.007202482360991694,0.0017152372747659683,0.0,0.0017152372747659683,100968.5546875,-0.5897654442663361
-0.0024057826958596706,-0.00572805403776112,0.006598590407520533,0.0,0.006598590407520533,101380.390625,-0.028115201958179754
-0.0022127374541014433,-0.005268422509765341,0.0033398002851754427,0.0,0.0033398002851754427,101446.515625,0.06206420904241279
-0.0018903986783698201,-0.004500949234213857,2.463042619638145e-05,0.0,2.463042619638145e-05,102237.4609375,1.140733130251178
-0.0014004327822476625,-0.0033343637672563395,0.004964363295584917,0.0,0.004964363295584917,101252.84375,-0.20206003466088224
-0.0010780938901007175,-0.002566890214525518,0.0016491933492943645,0.0,0.0016491933492943645,101879.90625,0.6531101265574023
-0.00045883405255153775,-0.0010924620298846137,0.0065325465984642506,0.0,0.0065325465984642506,101254.4375,-0.19988652333714396
-0.00026578898541629314,-0.0006328309176578408,0.003273756243288517,0.0,0.003273756243288517,101522.3359375,0.16546581392907994
1.2461483493098058e-05,2.9670198793090613e-05,3.0826533475192264e-05,4.6048610071427566e-10,3.082607298909155e-05,101876.71875,0.6487631039099256
0.0005465158610604703,0.0013012282406201674,0.004898319020867348,8.856867676055293e-07,0.004897433334099742,101691.1640625,0.3957088517035134
0.000824766349978745,0.0019637294047112975,0.0016553894383832812,2.017127693006863e-06,0.0016533723106902745,101519.15625,0.16112944574887658
0.001552501111291349,0.0036964312173603546,0.006505114492028952,7.146959998706853e-06,0.006497967532030245,101364.359375,-0.049978168802841366
0.0016370712546631694,0.0038977887015789747,0.0032799523323774338,7.946767238682603e-06,0.003272005565138751,101745.625,0.4699811430651782
0.0019153216853737831,0.004560289727080436,3.702264075400308e-05,1.0877542091542171e-05,2.6145098662460906e-05,101515.9765625,0.15679307756867322
0.002219888847321272,0.005285449636479219,0.004833799321204424,1.4611660683055588e-05,0.0048191876605213685,101506.8125,0.14429538745717807
0.0027276265900582075,0.006494349023948113,0.001661585527472198,2.2059039767771558e-05,0.0016395264877044264,101800.078125,0.5442427799595697
0.0032258741557598114,0.007680652751809075,0.0064405943267047405,3.085230301969722e-05,0.006409742023685043,101388.1796875,-0.017492698086772528
0.003310444299131632,0.007882010236027696,0.00321543263271451,3.249083242535519e-05,0.0031829418002891547,101561.265625,0.21855702435156962
0.003818181809037924,0.009090909069137914,4.3218744394835085e-05,4.321874575045773e-05,-1.3556226453881326e-12,101854.53125,0.6185044168539613
0.0038932617753744125,0.009269670893748602,0.0047692796215415,4.493466131003777e-05,0.004724344960231462,101322.4453125,-0.10713938572370373
0.0044009992852807045,0.010478569726858821,0.0015970657113939524,5.741465306203632e-05,0.001539651058331916,101615.71875,0.2928186612459612
0.004899247083812952,0.011664874009078457,0.006376074627041817,7.114449469614262e-05,0.006304930132345674,101513.7578125,0.1537672088630768
0.0049838172271847725,0.011866231493297078,0.0031509127002209425,7.362071942723789e-05,0.0030772919807937047,101376.90625,-0.032867094362038954
0.005292929708957672,0.012602213592756362,0.00013413555279839784,8.303140061822807e-05,5.110415218016977e-05,102458.84375,1.442648769372609
0.005566634703427553,0.013253892151017984,0.004704759456217289,9.183568697661666e-05,0.004612923769240673,101138.0625,-0.358595467839132
0.005692953243851662,0.013554650580599195,0.007395154796540737,9.604831407286739e-05,0.00729910648246787,101418.6015625,0.023995797475173053
0.005875747185200453,0.013989874250477268,0.0016879824688658118,0.00010231129559915533,0.0015856711732666565,101957.84375,0.7593990920751139
0.00636034132912755,0.015143669831256073,0.005723839625716209,0.0001198699140144136,0.005603969711701796,101416.9140625,0.02169443254415604
0.0064585646614432335,0.015377534908198176,0.00324182934127748,0.00012359792287387796,0.003118231418403602,101456.84375,0.07614941477761876
0.006767677143216133,0.01611351700765746,0.0002250523684779182,0.0001357017014326878,8.935066704523042e-05,102079.7890625,0.9257046717429127
0.007072138134390116,0.016838424129500276,0.0045920442789793015,0.0001481744632813253,0.004443869815697976,101572.3671875,0.23369702234682505
0.00715404748916626,0.01703344640277681,0.00674291979521513,0.00015162335100170617,0.006591296444213424,101340.265625,-0.08283654587347315
0.007350494619458914,0.017501177665378367,0.001778899342752993,0.00016005619857359718,0.0016188431441793959,101578.78125,0.24244433997814435
0.007865844294428825,0.018728200701021012,0.005611124914139509,0.00018325951447593477,0.005427865399663574,101495.71875,0.12916604392919587
0.007964068092405796,0.01896206688668047,0.0031291143968701363,0.00018785950491704247,0.0029412548919530938,101710.484375,0.42205734927020355
0.008242424577474594,0.01962482042255856,0.00031596916960552335,0.00020120402306485823,0.00011476514654066512,101700.734375,0.40876057411321637
0.008577641099691391,0.020422954999265216,0.004479329567402601,0.000217879694441224,0.004261449872961377,101441.1953125,0.05480851682934527
0.008659549988806248,0.0206179761638244,0.006630204617977142,0.00022205483009011214,0.00640814978788703,101230.34375,-0.23274490040777573
0.008855997584760189,0.02108570853514331,0.0016661842819303274,0.0002322291208731042,0.0014339551610572233,101824.890625,0.5780813680193384
0.009371346794068813,0.022312730462068605,0.005498409736901522,0.0002599977631166461,0.005238411973784876,101574.515625,0.23662700084696245
0.009469570592045784,0.022546596647728057,0.0030163994524627924,0.00026546738380287265,0.00275093206865992,101555.6015625,0.2108325355784801
0.009717172011733055,0.023136123837459655,0.0004068859852850437,0.0002795064842507178,0.0001273795010343259,102469.125,1.4566700483041757
0.009954041801393032,0.02370009952712627,0.006813612300902605,0.0002932738042934586,0.006520338496609147,101300.3203125,-0.13731283704148234
0.010083143599331379,0.02400748476031281,0.004366614390164614,0.0003009160113971112,0.004065698378767502,101286.3046875,-0.1564269513296514
0.01033074501901865,0.024597011950044406,0.0017571011558175087,0.0003158462476773649,0.0014412549081401437,102132.5703125,0.9976862526408337
0.010665838606655598,0.025394853825370472,0.005681817419826984,0.0003366242829425775,0.005345193136884407,101366.453125,-0.04712277157361656
0.01094431895762682,0.02605790228006386,0.0031073163263499737,0.000354392191327235,0.0027529241350227386,101796.0078125,0.5386918025102185
0.011191919445991516,0.026647427252360755,0.0004978028009645641,0.0003705709736473957,0.0001272318273171684,102215.84375,1.1112522193061594
0.011248532682657242,0.026782220672993434,0.006997019983828068,0.00037432057686812915,0.006622699406959939,101226.4921875,-0.23799755277347662
0.011540922336280346,0.027478386514953206,0.004463433753699064,0.00039398436938728194,0.004069449384311782,101857.484375,0.622531805483241
0.011805493384599686,0.028108317582380204,0.0018480179132893682,0.000412207780285304,0.0014358101330040642,101879.2890625,0.6522684236428173
0.01212361641228199,0.028865753362576168,0.005778636317700148,0.0004346609089072062,0.005343975408792941,101436.078125,0.047829840765381645
0.012402096763253212,0.029528801817269554,0.0032041354570537806,0.0004548006638946234,0.0027493347931591573,102054.3359375,0.8909924173667394
0.012666666880249977,0.03015873066726185,0.0005887196166440845,0.00047435316838270833,0.00011436644826137612,101962.5703125,0.7658450447754162
0.012706311419606209,0.03025312242763383,0.007093839347362518,0.00047731814653537456,0.006616521200827143,101296.109375,-0.14305559490175163
0.012998701073229313,0.030949288269593603,0.004560253117233515,0.0004994683287319367,0.004060784788501578,101678.8515625,0.3789174112809078
0.013263271190226078,0.0315792171195859,0.0019448371604084969,0.0005199397578185965,0.0014248974025899003,102251.171875,1.1594317203156914
0.013581395149230957,0.03233665511721657,0.005875455681234598,0.0005450938497801582,0.00533036183145444,101505.703125,0.14278245310437984
0.013859875500202179,0.03299970357190995,0.0033009545877575874,0.0005675958747447374,0.00273335871301285,101875.6875,0.6473567142298597
0.014141415245831013,0.03367003629959765,0.0006796364323236048,0.0005908026331554495,8.883379916815534e-05,102781.875,1.8831896821859953
0.014195322059094906,0.03379838585498787,0.007267107721418142,0.0005952985033755785,0.006671809218042564,101258.3984375,-0.19448470842961793
0.014456478878855705,0.0344201878067993,0.004657072015106678,0.0006173176437277237,0.004039754371378954,101440.1171875,0.053338200345639956
0.014738018624484539,0.035090520534486996,0.002035754034295678,0.0006414978612168679,0.0013942561730788104,102415.1640625,1.3830796428479974
0.015070406720042229,0.03588192076200531,0.006048724055290222,0.0006706356557800062,0.005378088399510216,101292.9140625,-0.14741327201650145
0.01533462293446064,0.03651100698681105,0.0033918714616447687,0.0006942530111838815,0.002697618450460887,102048.4453125,0.8829589490427263
0.015616162680089474,0.037181339714498746,0.0007705532480031252,0.0007198625426555764,5.069070534754875e-05,102580.046875,1.6079421746494513
0.015684334561228752,0.037343653717211316,0.007440375629812479,0.0007261324132115358,0.006714243216600943,101145.7109375,-0.3481647443786428
0.015951547771692276,0.037979875646886374,0.004813308361917734,0.0007509668242842511,0.0040623415376334834,101611.2421875,0.28671365149840217
0.016212766990065575,0.0386018261668228,0.0021266706753522158,0.0007756418932007682,0.0013510287821514476,102213.3203125,1.107810826376907
0.01656547375023365,0.03944160416722298,0.006204960402101278,0.0008095822214234351,0.0053953781806778435,101464.0390625,0.08596217913626075
0.01682968996465206,0.04007069039202872,0.003548107575625181,0.0008354759069620752,0.002712631668663106,102434.2890625,1.409161778732857
0.01709090918302536,0.040692640911965144,0.0008614700636826456,0.0008614700570654093,6.617236272821181e-12,102378.2109375,1.332684012645634
0.017179401591420174,0.04090333712242899,0.007596611976623535,0.0008703648181380783,0.006726247158485457,101206.8671875,-0.2647615745638226
0.017446616664528847,0.04153956348697345,0.00496954470872879,0.0008974963170165712,0.004072048391712219,101782.3671875,0.5200891026511644
0.017707834020256996,0.04216150957204047,0.002282907022163272,0.0009244143067251558,0.001358492715438116,103303.140625,2.594077047590241
0.01806054264307022,0.04300129200731005,0.006361196283251047,0.000961379943424203,0.005399816339826844,101396.6328125,-0.005964564497141013
0.018324758857488632,0.04363037823211579,0.0037043439224362373,0.0009895370092702783,0.002714806913165959,102780.3125,1.88105878873135
0.01856565661728382,0.044203944326866244,0.0010643319692462683,0.0010155564320785725,4.8775537167695775e-05,103574.59375,2.964277167465783
0.018702946603298187,0.044530825245948064,0.007752664387226105,0.0010305332420174678,0.006722131145208637,101296.75,-0.14218192858534703
0.018941683694720268,0.045099246892191115,0.005125780589878559,0.0010568326177412307,0.004068947972137329,101586.3671875,0.25278982770044767
0.019182581454515457,0.04567281298694156,0.0024857688695192337,0.0010836989742648271,0.0014020698952544066,103051.7734375,2.2512695630741653
0.019584087654948235,0.046628780130829134,0.006517248693853617,0.00112921074205631,0.005388037951797307,101486.5,0.11659377254678811
0.019799506291747093,0.04714168164701689,0.0039072055369615555,0.0011540064019387166,0.002753199135022839,102952.65625,2.1160963367787353
0.020040404051542282,0.04771524774176734,0.00126719381660223,0.0011820465853636987,8.51472312385314e-05,103323.2265625,2.6214696829497073
0.0202264916151762,0.048158313369467146,0.0079087158665061,0.0012039320601757717,0.006704783806330328,101386.6171875,-0.01962359154141791
0.02043459378182888,0.048653794718640196,0.00529514579102397,0.0012286388328470348,0.004066506958176935,101837.734375,0.5955973122165235
0.020657328888773918,0.04918411640184266,0.0026886307168751955,0.00125535425376534,0.0014332764631098554,103427.609375,2.763824020187292
0.021076995879411697,0.050183323522408806,0.00668661342933774,0.0013064515242312187,0.0053801619051065215,101558.484375,0.21476403400230085
0.021292416378855705,0.05069622947346597,0.004076570738106966,0.0013330662342781604,0.002743504503828806,102767.859375,1.8640755678978262
0.021515151485800743,0.05122655115666844,0.00147005554754287,0.0013608594828993749,0.00010919606464349519,104219.265625,3.8434624979179213
0.021719401702284813,0.05171286119591623,0.008078080601990223,0.0013865914977948248,0.006691489104195398,101279.2265625,-0.16607989867919498
0.021927502006292343,0.05220833811021987,0.005464510526508093,0.0014130496995499546,0.004051460826958138,101933.0546875,0.7255924674171649
0.02215023897588253,0.05273866422829174,0.0028579954523593187,0.001441638215133631,0.0014163572372256877,103606.0703125,3.0072040161096143
0.02256990596652031,0.05373787134885788,0.006855978164821863,0.0014962585976342037,0.0053597195671876595,101417.1640625,0.0220353754968993
0.022785324603319168,0.05425077286504564,0.004245935473591089,0.0015246786227991395,0.00272125685079195,102992.859375,2.170924225366761
0.022989898920059204,0.05473785457156954,0.0016729173948988318,0.0015519080929429893,0.00012100930195584254,103832.2578125,3.3156721526040798
0.023238420486450195,0.05532957258678618,0.008210928179323673,0.0015853014087467547,0.006625626770576919,101296.234375,-0.14288512342538
0.023420410230755806,0.05576288150179954,0.005633875261992216,0.0016099734437919002,0.004023901818200316,101638.3046875,0.32362072613286014
0.02362498641014099,0.05624996764319284,0.0030608572997152805,0.0016379277333313505,0.00142292956638393,103219.0546875,2.4794030163285
0.024088924750685692,0.05735458273972784,0.006988825276494026,0.0017021849810762,0.005286640295417826,101517.3828125,0.15871088167785408
0.02426007203757763,0.057762076279946735,0.004448797088116407,0.0017261913155557445,0.002722605772560663,102605.8359375,1.6431125711183734
0.024464646354317665,0.05824915798647063,0.0018757792422547936,0.001755099428390787,0.00012067981386400663,103445.234375,2.787860498355692
0.024757439270615578,0.05894628397765614,0.008343774825334549,0.0017968767522710664,0.006546898073063483,101396.4453125,-0.006220271711698459
0.024897627532482147,0.059280065553528924,0.005803287029266357,0.001817047432649857,0.0039862395966165,102380.1328125,1.335305011594848
0.025099733844399452,0.05976127105809394,0.0032637191470712423,0.0018463181094879803,0.001417401037583262,102832.0390625,1.9516020165473853
0.025566142052412033,0.06087176679145723,0.0071582370437681675,0.0019147268643135925,0.005243510179454575,101585.046875,0.25098922273127233
0.02573728933930397,0.06127926033167612,0.004618208855390549,0.0019401296456283265,0.0026780792097622222,102817.6328125,1.9319551788955547
0.025939393788576126,0.06176046140137173,0.0020786409731954336,0.001970334592036521,0.00010830638115891245,103058.2109375,2.2600488441073043
0.02623465657234192,0.06246346802938552,0.008513187058269978,0.002014865271821981,0.006498321786447997,101209.65625,-0.2609579297472806
0.02637484483420849,0.06279724960525832,0.005972698796540499,0.0020361753708233316,0.003936523425717167,102202.5234375,1.0930863526053074
0.026576951146125793,0.06327845510982331,0.0034331309143453836,0.002067087024630069,0.0013660438897153148,103602.1640625,3.001876782473001
0.027043359354138374,0.0643889508431866,0.007327648811042309,0.002139274994999587,0.005188373816042722,101456.0625,0.07508396805029607
0.02721450664103031,0.06479644438340551,0.004787621088325977,0.0021660618176709678,0.0026215592706550096,103061.046875,2.2639164157274854
0.027414141222834587,0.06527176481627282,0.0022815028205513954,0.002197508824706655,8.399399584474053e-05,103952.9453125,3.480262363040889
0.02771059423685074,0.06597760532583509,0.008616937324404716,0.0022446068032935832,0.006372330521111133,101292.671875,-0.1477435605019715
0.02785206213593483,0.06631443365698769,0.00614211056381464,0.0022672502469224497,0.0038748603168921904,101702.4609375,0.41111521138059953
0.028051698580384254,0.06678975852472442,0.0036359927617013454,0.0022993888167550528,0.0013366039449462927,103411.828125,2.7423019962953736
0.028519298881292343,0.06790309257450558,0.007431399542838335,0.002375510085131561,0.0050558894577067744,101539.078125,0.1882983372956052
0.028689254075288773,0.0683077477983066,0.0049904827028512955,0.0024034700219574333,0.002587012680893862,102870.71875,2.0043522840171315
0.028888888657093048,0.06878306823117393,0.002484364667907357,0.002436511556248711,4.785311165864635e-05,103762.609375,3.220687576863262
0.029186535626649857,0.06949175149202347,0.00872068852186203,0.002486173597529633,0.006234514924332397,101375.6953125,-0.034518536789389126
0.02927318587899208,0.06969806161664781,0.006343948654830456,0.0025007206131811067,0.003843228041649349,102583.7890625,1.613045664473327
0.029526446014642715,0.07030106193962551,0.0038388546090573072,0.002543469520762611,0.0012953850882946962,103221.5,2.4827378645850198
0.02985377050936222,0.07108040597467195,0.010009977035224438,0.002599229439082493,0.007410747596141945,101210.28125,-0.2601055723654224
0.029940420761704445,0.0712867160992963,0.007633237633854151,0.0026140863521558074,0.005019151281698343,101721.359375,0.43688836771453543
0.030110375955700874,0.07169137132309732,0.005192320328205824,0.002643343139777767,0.002548977188428057,103223.9609375,2.4860940217760863
0.03036363609135151,0.07229437164607502,0.002687226515263319,0.0026872264593479247,5.591539427654557e-11,103572.28125,2.961123445152908
0.03060765750706196,0.0728753750168142,0.008922526612877846,0.0027298323076082,0.006192694305269646,101343.6328125,-0.07824447047871236
0.030694305896759033,0.07308168070656913,0.0065457867458462715,0.002745037253693467,0.0038007494921528046,102582.2890625,1.6110000067568675
0.030947567895054817,0.07368468546441623,0.004040692467242479,0.002789708077362023,0.0012509843898804562,103864.1328125,3.3591423790788455
0.031101243570446968,0.07405057992963564,0.010088033974170685,0.0028169796415146854,0.007271054332655999,101075.21875,-0.4443000025849692
0.03136154264211655,0.07467033962408702,0.00783507525920868,0.0028634582819100055,0.004971616977298674,101915.953125,0.7022698385560713
0.031531497836112976,0.07507499484788804,0.00539415841922164,0.002893998697203478,0.0025001597220181615,103222.4609375,2.4840483640596265
0.03183838352560997,0.07580567506097612,0.00299406168051064,0.00294953150614604,4.4530174364600106e-05,104632.359375,4.406828109457067
0.031855128705501556,0.07584554453690848,0.009000582620501518,0.0029525759390599993,0.006048006681441519,101378.9765625,-0.030043660534633823
0.032115425914525986,0.07646529979649044,0.0067476243712008,0.00300009034320777,0.00374753402799303,103214.203125,2.472786592151826
0.032348714768886566,0.07702074944972992,0.010166089981794357,0.0030429774878324464,0.0071231124939619105,101063.75,-0.45994076054206634
0.03242231532931328,0.07719598887931733,0.004347527865320444,0.0030565673136503393,0.0012909605516701048,104084.25,3.6593319945020135
0.032609015703201294,0.0776405135790507,0.007913132198154926,0.003091167675751018,0.004821964522403908,101828.6015625,0.5831422399741212
0.03300624340772629,0.07858629382791973,0.005700993817299604,0.00316539139449075,0.0025356024228088544,103955.0859375,3.483181687073753
0.033102601766586304,0.07881571849187216,0.009078639559447765,0.003183520660826087,0.005895118898621678,101212.9296875,-0.25649370795979853
0.03331313282251358,0.07931698291074663,0.0033008968457579613,0.0032232993805934936,7.75974651644677e-05,104528.265625,4.264867987508592
0.03348996117711067,0.07973800280264445,0.007096601650118828,0.0032568885807038083,0.0038397130694150195,102995.234375,2.174163183417822
0.033596187829971313,0.0799909234046936,0.01024414598941803,0.0032771449455733077,0.006967001043844722,100750.1171875,-0.8876643492257605
0.03389706090092659,0.08070728785934903,0.004654362797737122,0.003334836569592082,0.0013195262281450394,104695.953125,4.493555473061134
0.03398354724049568,0.08091320771546591,0.008262109011411667,0.0033515069920126775,0.004910602019398989,101849.7890625,0.6120371552191125
0.034380778670310974,0.08185899683407376,0.006049970630556345,0.0034285714730836526,0.0026213991574726924,103736.1015625,3.184536969405203
0.03447713702917099,0.08208842149802617,0.009427616372704506,0.0034473882721634745,0.005980228100541031,101046.1875,-0.4838920029722804
0.03478787839412689,0.08282828189077832,0.0036077317781746387,0.0035083957757942098,9.933600238042897e-05,105366.1640625,5.407570257029451
0.03486449643969536,0.08301070580879848,0.007445578929036856,0.003523514518149898,0.0039220644108869576,102776.25,1.8755184657492718
0.035271596163511276,0.08397999086550305,0.005003339610993862,0.003604351749657858,0.0013989878613360042,104633.25,4.408042718726215
0.03535808250308037,0.08418591072161993,0.008611085824668407,0.0036216346936884837,0.004989451130979924,101342.2421875,-0.08014096565334675
0.0356377474963665,0.08485177975325357,0.010258762165904045,0.0036777833792946924,0.006580978786609353,101168.125,-0.31759707777175483
0.03575531393289566,0.08513169984022777,0.006398947909474373,0.003701506660314605,0.002697441249159768,103900.3203125,3.4084938714884325
0.036239027976989746,0.08628339994521368,0.007794555742293596,0.0037998546582170994,0.003994701084076497,101929.3046875,0.720478323126016
0.0362626276910305,0.08633958974054882,0.003914566710591316,0.0038046833696738654,0.00010988334091745081,105012.375,4.92508270656137
0.03651869297027588,0.08694926897684734,0.009442231617867947,0.003857258344664375,0.005584973273203572,101505.140625,0.14201533146070752
0.03674634173512459,0.08749128984553474,0.005310175009071827,0.0039042779096871267,0.0014058970993847003,104279.453125,3.9255445137908613
0.03679835796356201,0.08761513800848099,0.011089907959103584,0.003915058369143952,0.007174849589959632,101080.96875,-0.43645831467187424
0.03723005950450897,0.08864299882025946,0.00670578284189105,0.004005056443230054,0.0027007263986609962,103546.53125,2.926006321020352
0.03769175708293915,0.08974227876890274,0.008190798573195934,0.004102346069009206,0.004088452504186728,101970.0234375,0.7760094065540747
0.03773737698793411,0.08985089759031932,0.004221402108669281,0.004112017246970275,0.00010938486169900612,104658.5859375,4.44259515609329
0.03797142207622528,0.09040814780053638,0.009838473983108997,0.004161797444266749,0.005676676538842248,101545.8671875,0.19755706935603937
0.0382210910320282,0.09100259769530523,0.005617009941488504,0.004215202622011464,0.00140180731947704,103925.65625,3.443046308855507
0.038251087069511414,0.09107401683217003,0.011486150324344635,0.0042216398269111525,0.0072645104974334825,101121.6875,-0.38092723124381556
0.038682788610458374,0.09210187764394852,0.007102025672793388,0.004314780014742293,0.002787245658051095,103664.7734375,3.087261683200641
0.03914448618888855,0.09320115759259179,0.008587040938436985,0.004415415779523116,0.004171625158913869,102010.7421875,0.8315404899821333
0.039212122559547424,0.09336219657035101,0.0045282370410859585,0.00443024700438289,9.799003670306859e-05,104304.796875,3.9601076056252094
0.03942415118217468,0.09386702662422544,0.010234717279672623,0.0044768867650042884,0.005757830514668334,101586.578125,0.2530774983168248
0.0396738201379776,0.0944614765189943,0.0060132527723908424,0.0045320902769315705,0.001481162495459272,104672.75,4.46191170525965
0.03998370096087456,0.09519928800208229,0.011736069805920124,0.004601033196205235,0.007135036609714889,101211.578125,-0.2583369307980668
0.040135517716407776,0.09556075646763756,0.007498268038034439,0.004634981554488228,0.0028632864835462114,103741.640625,3.192090986701921
0.04059721529483795,0.09666003641628083,0.008983283303678036,0.0047389159285032775,0.004244367375174758,102051.4609375,0.8870715734101919
0.040686871856451035,0.09687350442012152,0.004835072439163923,0.004759219360526418,7.585307863750522e-05,105252.234375,5.252196160783983
0.04114856943488121,0.09797278436876479,0.00632008770480752,0.004864392888514433,0.0014556948162930865,104321.1328125,3.982386096693527
0.04115676507353783,0.09799229779413769,0.010484636761248112,0.004866269172493165,0.005618367588754947,101409.5234375,0.011615306503683386
0.041610267013311386,0.09907206431740806,0.0078051029704511166,0.004970598568622944,0.002834504401828172,103390.015625,2.712554723668524
0.0417163148522377,0.09932455917199454,0.011985989287495613,0.004995138305821159,0.006990850981674454,101315.90625,-0.11605717483139465
0.042112112045288086,0.10026693344116211,0.009289935231208801,0.005087204255860334,0.004202730975348467,102017.7265625,0.8410655837243981
0.042161617428064346,0.10038480340015321,0.005141907371580601,0.005098772536576763,4.3134835003838e-05,104900.609375,4.772659897750586
0.04262331500649452,0.10148408334879648,0.006626922637224197,0.005207225121639881,0.0014196975155843167,103969.5,3.502839179192857
0.04267166182398796,0.10159919481901895,0.010791287757456303,0.0052186406143929645,0.005572647143063338,101621.9765625,0.30135288953181594
0.04312516003847122,0.10267895247255053,0.008111754432320595,0.005326260288932506,0.002785494143388089,103719.4765625,3.161864263047776
0.043231211602687836,0.1029314561968758,0.012292641215026379,0.005351568171371685,0.0069410730436546934,101226.21875,-0.23837045912803956
0.04362700507044792,0.10387382159630458,0.009596586227416992,0.00544648888345974,0.004150097343957253,102205.6953125,1.0974120663182376
0.04363636299967766,0.1038961023801849,0.005448742303997278,0.005448742083263892,2.2073338643013862e-10,105999.5625,6.271381191206323
0.044138211756944656,0.10509098037367776,0.006933574099093676,0.005570180297101675,0.0013633938019920007,105075.578125,5.011277346801776
0.044186558574438095,0.10520609184390023,0.011097939684987068,0.0055819417502596105,0.005515997934727458,101526.671875,0.17137904326572087
0.044640056788921356,0.1062858494974318,0.008418405428528786,0.005692797292918767,0.002725608135610019,104151.5859375,3.7511628479299564
0.0447503924369812,0.10654855342138382,0.012471930123865604,0.0057199133749908605,0.006752016748874744,101283.6015625,-0.1601133970061879
0.04511111229658127,0.10740741022995541,0.005847493186593056,0.005808958586698325,3.85345998947309e-05,105722.75,5.893872106781346
0.045141901820898056,0.10748071862118586,0.009903237223625183,0.005816587056642023,0.00408665016698316,102393.6640625,1.353758548912077
0.04561295732855797,0.10860227935370945,0.007332324981689453,0.005933842818874149,0.0013984821628153041,104798.7578125,4.633757607909527
0.04570573568344116,0.10882318019866943,0.011277228593826294,0.0059570579019391735,0.0053201706918871204,101615.359375,0.2923285557513927
0.046114806085824966,0.1097971573472023,0.00881715677678585,0.006059887172702408,0.0027572696040834427,103874.7578125,3.373632454570434
0.04626956954598427,0.11016564177615303,0.012651219964027405,0.006098990330404942,0.006552229633622463,101372.296875,-0.03915323005324283
0.04657725244760513,0.11089822011334556,0.010212109424173832,0.0061770553464419046,0.004035054077731927,103136.1015625,2.3662738828213765
0.04658586159348488,0.1109187180797259,0.006246244069188833,0.006179245851046208,6.699821814262503e-05,105445.9296875,5.516352367889097
0.04708770662546158,0.11211358720347996,0.007731075864285231,0.0063075162236416234,0.0014235596406436072,104521.9296875,4.256227214550004
0.04714108631014824,0.11224068169082914,0.011586099863052368,0.006321227036283068,0.0052648728267693,101839.921875,0.598580563053027
0.047550152987241745,0.1132146499696232,0.009126028046011925,0.006426724161151104,0.002699303884860821,104084.3203125,3.6594278847074726
0.047704920172691345,0.11358314326831273,0.012960091233253479,0.006466834399494989,0.00649325683375849,101244.1015625,-0.21398238353962315
0.04801260307431221,0.11431572160550527,0.010520980693399906,0.006546893798463846,0.00397408689493606,103017.4765625,2.204496451744699
0.04806060716509819,0.1144300170597576,0.0066449944861233234,0.006559422677096526,8.557180902679738e-05,105169.1015625,5.138821974529575
0.048523057252168655,0.11553108869563966,0.008039947599172592,0.006680646106739322,0.0013593014924332698,105276.0390625,5.2846603225655056
0.048576436936855316,0.11565818318298886,0.011894971132278442,0.006694699860586042,0.005200271271692401,101969.8671875,0.7757963172086101
0.04897213354706764,0.11660031796920868,0.013074527494609356,0.006799271715797398,0.006275255778811958,101344.75,-0.07672088165864091
0.04898550361394882,0.11663215146178292,0.009434899315237999,0.006802817138644132,0.002632082176593867,104431.46875,4.13285913799331
0.04936783015727997,0.1175424527554285,0.01425408199429512,0.006904533917033831,0.007349548077261289,101007.125,-0.537164339338415
0.04944794997572899,0.11773321422792617,0.01082985196262598,0.006925930898263198,0.0039039210643627828,103586.90625,2.9810686078883886
0.0495353564620018,0.1179413249095281,0.007043745834380388,0.006949305945486005,9.443988889438343e-05,105866.4140625,6.089797105468716
0.04984365031123161,0.1186753578838848,0.01200940739363432,0.007032019340713563,0.0049773880529207564,101836.078125,0.5933385651545994
0.04999780282378197,0.11904238767567135,0.008438698016107082,0.007073532944919053,0.0013651650711880292,105021.84375,4.937995920896522
0.05023934692144394,0.11961749267010462,0.013188962824642658,0.007138788977789665,0.006050173846852993,101446.78125,0.062426460929702506
0.05046025291085243,0.12014345931155342,0.009833650663495064,0.007198690727269332,0.0026349599362257316,104177.28125,3.7862053907916
0.050635043531656265,0.12055962745632444,0.014368517324328423,0.007246237063645783,0.0071222802606826395,100676.5234375,-0.988029430939558
0.05082818865776062,0.12101949680419195,0.011258182115852833,0.007298929266965022,0.003959252848887811,103365.625,2.67929147684151
0.05101010203361511,0.1214526238895598,0.007442496716976166,0.007348703923214845,9.379279376132109e-05,105612.21875,5.743132703799732
0.051223885267972946,0.12196163159041178,0.012437737546861172,0.007407379984510477,0.005030357562350695,101944.1171875,0.7406791930760542
0.05147255212068558,0.12255369552544186,0.008837449364364147,0.007475876029677176,0.0013615733346869713,104767.65625,4.591342173694811
0.05161958187818527,0.1229037663766316,0.01361729297786951,0.0075164997389639025,0.006100793238905608,101013.1953125,-0.5288858182671177
0.051840487867593765,0.1234297330180804,0.010261980816721916,0.007577707739279468,0.0026842730774424483,104327.046875,3.9904515284193596
0.05220842361450195,0.12430577051071894,0.01168651320040226,0.0076801127433789905,0.004006400457023269,103126.8125,2.3536057212335098
0.052484847605228424,0.12496392286959149,0.007841247133910656,0.007757423188633908,8.382394527674773e-05,105358.03125,5.396478956598021
0.05260412022471428,0.12524790529693877,0.012866068631410599,0.00779088049513804,0.005075188136272559,101349.8515625,-0.06976351452922373
0.05278968811035156,0.12568973359607516,0.014513776637613773,0.007843052756992798,0.006670723880620975,101131.3515625,-0.3677476552268339
0.05285278707742691,0.12583996923196883,0.009265779517591,0.007860825758605292,0.001404953758985708,105422.3359375,5.484175876723953
0.0532207228243351,0.1267160067246074,0.010690311901271343,0.00796479200130599,0.002725519899965353,104522.2578125,4.25667470217548
0.053588658571243286,0.12759204421724593,0.012114843353629112,0.008069319810893205,0.004045523542735907,102082.4296875,0.9293058816812634
0.05377422645688057,0.12803387251638232,0.013762552291154861,0.008122250299944542,0.005640301991210319,101537.7109375,0.18643380552279049
0.053959596902132034,0.12847523071936198,0.00823999848216772,0.008175265877409785,6.473260475793607e-05,106080.0703125,6.381175476456925
0.05432753264904022,0.12935126821200055,0.00966452993452549,0.008280911820883452,0.0013836181136420381,105179.9921875,5.153674301908453
0.05469547212123871,0.1302273145743779,0.011089062318205833,0.008387110831685012,0.002701951486520821,104279.9140625,3.9261731273599816
0.05502435937523842,0.1310103794648534,0.012594806030392647,0.008482502733624412,0.004112303296768234,102192.7734375,1.0797895774483202
0.0552099272608757,0.13145220776398978,0.014242514036595821,0.008536518281028896,0.005705995755566925,101648.0625,0.33692815575712054
0.055395495146512985,0.13189403606312616,0.015890222042798996,0.008590672266980298,0.007299549775818698,101103.3515625,-0.40593326593407913
0.055434346199035645,0.1319865385691325,0.008638748899102211,0.008602027596043314,3.67213030588974e-05,105837.7109375,6.05065259270688
0.05580228194594383,0.13286257606177104,0.01006328035145998,0.008709866542725582,0.0013534138087343984,104937.6484375,4.823172727092955
0.05613116919994354,0.13364564095224654,0.011569024063646793,0.008806717019605885,0.0027623070440409084,104455.140625,4.165142173831188
0.05646006017923355,0.13442871471246085,0.013074767775833607,0.008903996915286936,0.004170770860546671,102303.140625,1.2303052366171967
0.056645628064870834,0.13487054301159723,0.014722476713359356,0.00895907260430979,0.005763404109049566,101758.421875,0.48743316045872387
0.056909091770648956,0.1354978375491642,0.009037499316036701,0.009037499519863686,-2.038269848042562e-10,107044.9140625,7.697002184700449
0.05716775357723236,0.1361136989934104,0.016202600672841072,0.00911476093374163,0.007087839739099442,101225.484375,-0.2393719790517229
0.057237982749938965,0.1362809113093785,0.010543243028223515,0.009135783135203116,0.0014074598930203987,105868.3046875,6.092375486548837
0.057566870003938675,0.137063976199854,0.012048986740410328,0.009234485988253388,0.00281450075215694,104691.6796875,4.487727479462679
0.057895757257938385,0.1378470410903295,0.013554730452597141,0.009333606800492457,0.004221123652104685,102413.4921875,1.3807995868515268
0.058383841067552567,0.1390091453989347,0.009512496180832386,0.00948147189557729,3.102428525509661e-05,106658.7265625,7.1703305584502965
0.05841788649559021,0.13909020594188146,0.015034854412078857,0.009491819909105107,0.00554303450297375,101529.7578125,0.1755875578386455
0.05871272832155228,0.1397922102894102,0.0110182398930192,0.009581620532906973,0.0014366193601122266,105482.109375,5.565693205831411
0.058940012007951736,0.1403333619236946,0.016514977440238,0.00965106958021187,0.006863907860026129,101327.4609375,-0.10029921773429205
0.059041619300842285,0.1405752840496245,0.012523983605206013,0.009682179867408573,0.00284180373779744,104305.484375,3.961045198745253
0.059412676841020584,0.14145875438338235,0.013971674256026745,0.009796120393408197,0.004175553862618548,102443.09375,1.4211693633497835
0.05985858663916588,0.14252044437896638,0.00998749304562807,0.00993372639076947,5.3766654858601604e-05,106272.53125,6.64364827773287
0.05993480235338211,0.1427019103651955,0.015451798215508461,0.009957320197090407,0.005494478018418054,101805.125,0.5511255658180743
0.06018747761845589,0.14330351813918069,0.011493236757814884,0.01003569357398536,0.001457543183829525,105095.921875,5.0390215795812585
0.06045692786574364,0.14394506634700865,0.016931921243667603,0.010119529287682045,0.006812391955985557,101167.1640625,-0.31890757724636176
0.060558535158634186,0.14418698847293854,0.012940927408635616,0.010151212170778932,0.002789715237856684,104520.890625,4.254810170402665
0.060929592698812485,0.1450704588066964,0.014388618990778923,0.010267234532723376,0.004121384458055547,103194.28125,2.4456177006050974
0.06133333221077919,0.14603174335899807,0.010462489910423756,0.010394043995719212,6.844591470454332e-05,105886.34375,6.116976651482718
0.06145171821117401,0.14631361478850954,0.015868742018938065,0.010431339146647178,0.005437402872290886,101936.3828125,0.7301312704755596
0.06170439347624779,0.14691522256249473,0.011910180561244488,0.010511107891993299,0.0013990726692511887,105953.296875,6.208285436014273
0.06181265041232109,0.14717297717219308,0.017114074900746346,0.01054535422373001,0.0065687206770163355,101283.7578125,-0.15990030766072338
0.062075451016426086,0.14779869289625258,0.013357872143387794,0.010628663290948036,0.002729208852439758,104886.625,4.75358840133151
0.06244650483131409,0.14868215436027163,0.014805562794208527,0.010746706555493101,0.0040588562387154255,103819.9453125,3.2988807121814743
0.0628080815076828,0.14954305120876857,0.01093748677521944,0.01086220185769022,7.528491752922112e-05,106723.953125,7.259284705714467
0.06316837668418884,0.1504008968671163,0.01729622855782509,0.01097774294374202,0.006318485614083068,101380.5625,-0.027880803678168763
0.0631791353225708,0.15042651267278762,0.012385178357362747,0.010981200023186461,0.0014039783341762858,105657.2890625,5.804598325498978
0.06352930516004562,0.151260250381061,0.01854155957698822,0.011093939260403361,0.007447620316584859,100627.6171875,-1.0547263960699584
0.0635501965880394,0.1513099918762843,0.01383286900818348,0.011100678773114369,0.0027321902350691107,104590.6171875,4.349901290816216
0.06386160105466843,0.15205143108254388,0.015331391245126724,0.011201314881225662,0.004130076363901062,103502.7578125,2.8663093408884617
0.0642225369811058,0.1529108023359662,0.016576722264289856,0.011318373286325302,0.005258348977964554,101897.234375,0.6767417349694196
0.06428282707929611,0.15305435018880026,0.0114124845713377,0.011337969750564753,7.451482077294735e-05,106427.953125,6.855608249666447
0.06458346545696259,0.1537701558499109,0.017822055146098137,0.011435871889124363,0.006386183256973774,100953.328125,-0.6105310009818554
0.06465388834476471,0.15393782939229694,0.012860175222158432,0.011458849049036997,0.0014013261731214352,106205.734375,6.55255258254678
0.06496528536081314,0.1546792508590789,0.014358697459101677,0.01156064957909419,0.0027980478800074867,104716.71875,4.5218750470733715
0.06527668982744217,0.1554206900653385,0.015857219696044922,0.011662776762427966,0.004194442933616956,103227.703125,2.491197511599962
0.06563762575387955,0.15628006131876082,0.017102550715208054,0.011781550877485506,0.0053209998377225474,101279.0234375,-0.1663569148282989
0.06575757265090942,0.15656564916883198,0.011887481436133385,0.011821117282151797,6.636415398158721e-05,106131.9453125,6.451921139151152
0.06577789038419724,0.15661402472427913,0.018774855881929398,0.011827824096410689,0.0069470317855187085,101092.6796875,-0.4204872682293071
0.06606897711753845,0.15730708837509155,0.01338600367307663,0.0119240593529222,0.0014619443201544305,106054.890625,6.346836128435315
0.06638038158416748,0.15804852758135116,0.0148845249786973,0.012027317758248989,0.002857207220448311,104903.953125,4.777220009743528
0.06669177860021591,0.15878994904813312,0.01638304628431797,0.012130887775377595,0.004252158508940375,102071.8203125,0.9148371151242213
0.0668320506811142,0.15912393019312904,0.018055351451039314,0.012177643991580889,0.0058777074594584255,101512.8359375,0.152509981724836
0.06723231822252274,0.16007694814886367,0.01236247830092907,0.012311409295670274,5.1069005258795944e-05,106882.484375,7.475485155622788
0.06754372268915176,0.16081838735512324,0.013861000537872314,0.012415829581571709,0.0014451709563006055,105731.5546875,5.905879691398273
0.06785512715578079,0.16155982656138285,0.015359521843492985,0.012520555529379241,0.0028389663141137438,104580.625,4.336274227173758
0.06815431267023087,0.1622721730243592,0.01690875180065632,0.012621458013058324,0.004287293787597995,102182.6328125,1.0659600789276718
0.06829458475112915,0.16260615416935512,0.018581056967377663,0.012668861645859557,0.005912195321518106,101623.6484375,0.30363294552828646
0.06870707124471664,0.16358826486837297,0.012837475165724754,0.012808609685926533,2.8865479798221433e-05,106559.15625,7.034539373053019
0.06901847571134567,0.16432970407463257,0.014335997402668,0.012914457370768998,0.0014215400318990015,105408.21875,5.464923254361231
0.06931766122579575,0.16504205053760893,0.01588522642850876,0.0130164295247439,0.002868796903764858,104731.7578125,4.542384896574333
0.06961684674024582,0.16575439700058528,0.017434457316994667,0.013118671792327823,0.004315785524666844,102293.4453125,1.2170830427311221
0.0697571188211441,0.1660883781455812,0.01910676248371601,0.013166700150005756,0.005940062333710255,101734.4609375,0.45475590933173693
0.07018181681632996,0.16709956384840466,0.01331247203052044,0.013312471432759489,5.977609501134351e-10,107684.796875,8.5696563267141
0.0702052116394043,0.16715526580810547,0.020585056394338608,0.01332051688213786,0.0072645395122007475,101199.1484375,-0.2752881882297708
0.07048100978136063,0.16781192805085865,0.014861702919006348,0.013415484933741418,0.00144621798526493,106341.5625,6.7377911505591035
0.0707801952958107,0.168524274513835,0.016410933807492256,0.013518757992149055,0.0028921758153432012,104998.3125,4.905904665469562
0.07107938081026077,0.16923662097681136,0.017960162833333015,0.01362229110112228,0.004337871732210735,102404.25,1.3681953520672994
0.07152748107910156,0.17030352637881324,0.01943845860660076,0.0137778380341197,0.005660620572481061,101497.4296875,0.13149937226203254
0.07165656983852386,0.17061088056791396,0.013845049776136875,0.013822754385847036,2.2295390289838943e-05,107273.546875,8.008805169451435
0.07195575535297394,0.17132322703089034,0.015394280664622784,0.013927037280537659,0.0014672433840851248,105930.3046875,6.176929338829166
0.07197558134794235,0.17137043178081512,0.020916752517223358,0.013933956670627379,0.006982795846595979,101299.9296875,-0.13784556040514367
0.07225494086742401,0.1720355734938667,0.016943510621786118,0.014031572046818402,0.002911938574967715,104587.0625,4.345053508206897
0.07258697599172592,0.17282613331363314,0.01840907894074917,0.014147876725437334,0.004261202215311835,103464.4453125,2.814059833380557
0.07303506880998611,0.17389302097615741,0.019887372851371765,0.014305316533871792,0.005582056317499973,101830.3984375,0.5855927674469633
0.07313131541013718,0.17412217954794568,0.014377627521753311,0.014339205025321244,3.842249643206709e-05,106862.296875,7.44795401218877
0.07343050092458725,0.17483452601092203,0.01592685654759407,0.01444470911930753,0.0014821474282865413,105519.0625,5.616088836033775
0.0734831690788269,0.1749599263781593,0.02136566862463951,0.014463306955401451,0.00690236166923806,101148.859375,-0.3438709940675324
0.07376253604888916,0.17562508583068848,0.01739242672920227,0.01456207986463605,0.00283034686456622,104812.5859375,4.652616014983138
0.07409456372261047,0.1764156279109773,0.01885799504816532,0.01467974251499138,0.004178252533173941,103358.234375,2.669212350801037
0.07454266399145126,0.1774825333129792,0.020336288958787918,0.014839000353009332,0.0054972886057785865,101683.171875,0.3848093316830023
0.07460606098175049,0.17763347852797737,0.014910204336047173,0.014861574547154446,4.862978889272687e-05,106451.046875,6.8871028549261055
0.07489293813705444,0.17831651937393916,0.021588066592812538,0.01496385540000948,0.006624211192803058,101275.9609375,-0.17053346599940383
0.0749380961060524,0.1784240383477438,0.016375772655010223,0.014979975059790776,0.0013957975952194474,106391.34375,6.805681416024106
0.07527012377977371,0.17921458042803265,0.017841340973973274,0.01509865714381493,0.002742683830158344,105237.84375,5.2325706320666985
0.07560215145349503,0.18000512250832149,0.019306909292936325,0.01521762052466651,0.004089288768269816,103983.1484375,3.5214525335191844
0.0759524330496788,0.18083912630875906,0.020558686926960945,0.015343425847861369,0.005215261079099576,101776.375,0.5119171262525993
0.0760808140039444,0.18114479524748667,0.015442782081663609,0.015389611386067816,5.3170695595792725e-05,107262.265625,7.993420118708895
0.07630271464586258,0.1816731301091966,0.021810466423630714,0.01546953752653996,0.006340928897090755,101369.15625,-0.04343632589708005
0.07641284167766571,0.1819353373277755,0.016908351331949234,0.015509249244994498,0.001399102086954736,106108.7734375,6.420319989218761
0.07665298879146576,0.18250711617015658,0.023062244057655334,0.015595949405653852,0.007466294652001482,100967.140625,-0.5916939028427902
0.07674486935138702,0.18272587940806434,0.018373919650912285,0.015629158270515975,0.00274476138039631,105333.5703125,5.363119819565548
0.07700826227664948,0.183353005420594,0.019873227924108505,0.015724471349187048,0.004148756574921458,103701.6328125,3.1375294597957257
0.07735854387283325,0.18418700922103157,0.021125005558133125,0.015851485469300784,0.005273520088832341,101967.6328125,0.7727491395684672
0.07755555957555771,0.18465609422751836,0.015975359827280045,0.01592305320166991,5.2306625610135105e-05,106979.703125,7.608069346370824
0.07770882546901703,0.18502101302146912,0.022376785054802895,0.01597879199376512,0.006397993061037773,100941.2578125,-0.626992152918991
0.07788758724927902,0.1854466363078072,0.017440928146243095,0.016043872830536883,0.0013970553157062124,106684.0,7.2047977600791855
0.07815098017454147,0.18607376232033684,0.018940238282084465,0.016139901001317153,0.002800337280767312,105052.0625,4.979207400309363
0.07841437309980392,0.1867008883328665,0.020439546555280685,0.016236090026410625,0.00420345652887006,103420.1171875,2.7536063860722675
0.07875277101993561,0.18750659766651337,0.02327573299407959,0.01635990397019073,0.0069158290238888614,101092.8046875,-0.4203167967529355
0.0787646546959877,0.18753489213330407,0.021691324189305305,0.01636425674345197,0.005327067445853335,101344.984375,-0.0764012476404441
0.07903030514717102,0.18816739320755005,0.016507936641573906,0.016461643011621643,4.62936299522633e-05,108034.4140625,9.046454391658276
0.07929369807243347,0.1887945192200797,0.018007246777415276,0.016558358211950598,0.0014488885654646774,106402.484375,6.820874686355727
0.07955709099769592,0.18942164523260935,0.019506556913256645,0.016655227769488124,0.002851329143768521,104770.5390625,4.595273672118632
0.07979672402143478,0.1899922000510352,0.024174682796001434,0.016743491840763368,0.0074311909552380664,100958.7890625,-0.6030835283578698
0.07980860769748688,0.1900204945178259,0.02259027399122715,0.016747872229681524,0.005842401761545626,101640.875,0.3271260458657518
0.07982048392295837,0.190048771245139,0.021005865186452866,0.01675225018020552,0.004253615006247345,102322.9375,1.2573036566875537
0.08050505071878433,0.19167869218758174,0.017040515318512917,0.017005118674366337,3.5396644146579864e-05,107400.4375,8.181855026903186
0.08076844364404678,0.1923058182001114,0.018539825454354286,0.017102678724844167,0.0014371467295101192,106134.09375,6.45485111765129
0.08103183656930923,0.19293294421264104,0.020039133727550507,0.01720038468123079,0.002838749046319717,104867.734375,4.727825899464848
0.08125454932451248,0.19346321267741068,0.02465488202869892,0.01728311299578276,0.00737176903291616,101113.4140625,-0.39221031208616286
0.08126642554998398,0.19349148940472377,0.023070473223924637,0.01728752738991789,0.005782945834006747,101795.4921875,0.5379886076701855
0.08127830922603607,0.19351978387151447,0.021486064419150352,0.017291944844508106,0.004194119574642247,102477.5625,1.4681768729592608
0.08197979629039764,0.19518999116761346,0.017573092132806778,0.01755321567031304,1.9876462493736285e-05,107012.75,7.653137742936574
0.0822431892156601,0.19581711718014308,0.019072402268648148,0.01765157308667057,0.0014208291819775773,105746.40625,5.926133833684678
0.08248966187238693,0.1964039568390165,0.020519332960247993,0.017743736515827408,0.0027755964444205854,105064.6484375,4.996371747086531
0.08272425085306168,0.19696250203109925,0.023550672456622124,0.0178315668803493,0.005719105576272823,101950.109375,0.7488511694746193
0.08273613452911377,0.19699079649788995,0.02196626365184784,0.017836018991579217,0.004130244660268623,102632.1875,1.6790500892309677
0.08277467638254166,0.19708256281557537,0.024988237768411636,0.017850460230180536,0.0071377775382311,101242.546875,-0.2161026225269953
0.08345454186201096,0.19870129014764515,0.01810566894710064,0.01810566723058295,1.7165176884048616e-09,106625.0625,7.124420458969961
0.08370101451873779,0.19928812980651855,0.019552599638700485,0.01819840366003374,0.0013541959786667439,106427.28125,6.854691965480949
0.08394748717546463,0.199874969465392,0.02099953033030033,0.01829125295461004,0.00270827737569029,104940.546875,4.827125534451322
0.08419395238161087,0.20046179138478779,0.022446461021900177,0.018384211040197218,0.004062249981702959,102786.8125,1.8899233055026747
0.08424438536167145,0.20058186990874155,0.02388402819633484,0.018403246242100248,0.005480781954234591,101650.3203125,0.34000729679908315
0.08429481089115143,0.2007019306932177,0.02532159350812435,0.018422283239811106,0.006899310268313245,101351.9453125,-0.06690811729999893
0.08492928743362427,0.20221258912767684,0.018674898892641068,0.01866220446685085,1.269442579021618e-05,107514.7265625,8.337719228643222
0.0851757600903511,0.20279942878655025,0.020121829584240913,0.018755597364133385,0.001366232220107528,106398.4765625,6.815408944644561
0.08542223274707794,0.20338626844542368,0.02156876027584076,0.018849095551162577,0.002719664724678182,105809.1953125,6.011763787159603
0.08574240654706955,0.20414858701683228,0.02334296517074108,0.01897070703913275,0.004372258131608332,103566.609375,2.953388301912545
0.08579283207654953,0.2042686478013084,0.024780530482530594,0.018989875964438522,0.005790654518092072,101630.8125,0.31340309201783556
0.08584325760602951,0.20438870858578456,0.026218095794320107,0.019009049163494943,0.007209046630825163,100781.9453125,-0.8442580495546341
0.08640404045581818,0.20572390584718614,0.019244128838181496,0.01922255934235736,2.1569495824134283e-05,107317.0,8.068065316425121
0.08665051311254501,0.20631074550605957,0.02069105952978134,0.019316563254404086,0.001374496275377255,107419.625,8.20802239852623
0.08697067946195602,0.20707304633799054,0.022465262562036514,0.019438819352878677,0.003026443209157837,105177.0546875,5.1496682222137204
0.08729085326194763,0.20783536490939913,0.024239467456936836,0.019561240292306097,0.00467822716463074,102934.46875,2.0912927369666634
0.08734127879142761,0.20795542569387526,0.02567703276872635,0.019580535467131198,0.006096497301595151,101034.921875,-0.4992557447802736
0.08787878602743149,0.20923520482721783,0.019813356921076775,0.01978645346039499,2.6903460681786118e-05,108928.125,10.265272175379069
0.0881989598274231,0.20999752339862643,0.021587561815977097,0.01990931858108356,0.001678243234893538,106932.5078125,7.54370570957326
0.08823806792497635,0.21009063791661037,0.026812702417373657,0.019924336540152167,0.00688836587722149,101226.8984375,-0.23744352047526882
0.0885191336274147,0.21075984197003503,0.02336176671087742,0.020032334905404976,0.003329431805472443,104936.875,4.822117934832906
0.08883929997682571,0.211522142801966,0.02513596974313259,0.020155496743315002,0.0049804729998175895,101170.125,-0.3148695341498087
0.0893535390496254,0.21274652154672713,0.020382586866617203,0.02035361805804426,2.8968808572941984e-05,108062.2265625,9.084384295150963
0.089673712849617,0.21350884011813573,0.022156791761517525,0.020477156174802166,0.001679635586715359,106066.6015625,6.362807174877882
0.08999387919902802,0.21427114095006672,0.023930994793772697,0.02060082958825827,0.003330165205514428,104070.984375,3.641240709072074
0.09010642766952515,0.2145391134988694,0.026700781658291817,0.020644336949786186,0.00605644470850563,101560.328125,0.21727848827878238
0.09038545191287994,0.21520345693542844,0.02522915042936802,0.0207522694393305,0.00447688099003752,102552.015625,1.569713946073113
0.09082828462123871,0.21625782052675885,0.02095181681215763,0.020923771355376975,2.8045456780655814e-05,107196.328125,7.903496414922859
0.09114845842123032,0.21702013909816742,0.022726019844412804,0.021047922336381492,0.0016780975080313114,105200.703125,5.181919294649778
0.09137354791164398,0.21755606645629522,0.028265593573451042,0.021135278357018433,0.00713031521643261,101167.046875,-0.31906739425546016
0.09154003113508224,0.21795245508352917,0.024024175480008125,0.021199928790570057,0.002824246689438068,104527.4453125,4.2637492684449025
0.09165257960557938,0.21822042763233185,0.026793962344527245,0.021243653390362237,0.005550308954165008,101988.4140625,0.8010900225152507
0.09193161129951477,0.2188847888083685,0.025322331115603447,0.021352120014451127,0.00397021110115232,102980.109375,2.153536134776855
0.09230303019285202,0.21976911950679054,0.02152104489505291,0.02149663870564975,2.4406189403160944e-05,106330.421875,6.7225978802274815
0.09269461035728455,0.22070145323162987,0.02281920053064823,0.021649169315351744,0.0011700312152964874,105819.640625,6.026008809903907
0.09291969984769821,0.22123738058975764,0.02835877425968647,0.021736923178984464,0.006621851080702006,101424.8203125,0.03247675342466167
0.09308619052171707,0.22163378695646924,0.024117356166243553,0.021801866387931725,0.0023154897783118286,104836.5,4.6852293393064866
0.0931987315416336,0.2219017417657943,0.026887143030762672,0.021845781926827783,0.00504136110393489,102416.5,1.384901556751719
0.093477763235569,0.22256610294183096,0.025415509939193726,0.021954721773451816,0.003460788165741909,103408.203125,2.7373583234805965
0.09377778321504593,0.22328043622629984,0.022090274840593338,0.022071944195971048,1.8330644622290004e-05,107056.109375,7.712270036302983
0.09414667636156082,0.22415875324181148,0.029054541140794754,0.02221619844508628,0.006838342695708474,100920.65625,-0.6550879831184904
0.09416935592889786,0.22421275221166156,0.02338843047618866,0.022225071504744596,0.0011633589714440638,106486.6015625,6.935591335486561
0.09442570060491562,0.22482309667837053,0.027582911774516106,0.022325396702126247,0.005257515072389859,102135.4609375,1.0016284055319276
0.09456093609333038,0.22514508593650093,0.024686584249138832,0.02237834842570005,0.002308235823438781,106433.1171875,6.86265085253405
0.09470473974943161,0.2254874755938848,0.02611127868294716,0.022434673534350396,0.003676605148596763,103453.0234375,2.798483002227099
0.09525252878665924,0.22679173520633153,0.022659504786133766,0.02264940200183696,1.0102784296806e-05,107270.3515625,8.004447492336684
0.09564410150051117,0.22772405119169326,0.02395765855908394,0.02280305438038447,0.0011546041786994685,107690.734375,8.57775372184175
0.09565268456935883,0.22774448706990197,0.02827867865562439,0.02280642380016428,0.005472254855460108,101445.03125,0.06003986026049968
0.0956755131483078,0.2277988408293043,0.029585780575871468,0.02281538581705833,0.006770394758813136,101127.2890625,-0.3732879782089119
0.0957879051566124,0.22806644084907715,0.025382352992892265,0.022859514786798076,0.00252283820609419,105946.90625,6.199570081784773
0.09593170881271362,0.22840883050646102,0.026807047426700592,0.022915992041667967,0.0038910553850326247,103193.5703125,2.4446481440832337
0.09672727435827255,0.23030303418636322,0.023228732869029045,0.02322873396450021,-1.0954711651689486e-09,108303.375,9.413255736473658
0.09687107801437378,0.2306454238437471,0.024653427302837372,0.02328531484477849,0.0013681124580588802,107052.0625,7.706751022255451
0.097014881670475,0.23098781350113098,0.0260781217366457,0.023341910602876385,0.002736211133769314,105800.7421875,6.000235653569971
0.09715868532657623,0.23133020315851485,0.027502814307808876,0.023398520976864196,0.00410429333094468,101969.4140625,0.7751783581067629
0.09718151390552521,0.23138455691791718,0.028809918090701103,0.023407509101697196,0.0054024089890039075,101651.6796875,0.34186117410462463
0.09720434248447418,0.23143891067731948,0.03011702001094818,0.02341649758721457,0.006700522423733611,101333.9140625,-0.09149862776660662
0.09820201992988586,0.2338143331663949,0.023812245577573776,0.023809658112449825,2.5874651239515822e-06,107927.015625,8.899987430053226
0.09834582358598709,0.2341567228237788,0.025236940011382103,0.023866379129693877,0.0013705608816882257,106675.6953125,7.193472061367745
0.09848963469266891,0.23449913022064028,0.02666163444519043,0.023923115275248902,0.002738519169941528,105424.390625,5.486978001616811
0.09868236631155014,0.23495801502750036,0.028382230550050735,0.023999170125711684,0.004383060424339051,103649.5859375,3.066549398821488
0.09870519489049911,0.23501236878690265,0.029689334332942963,0.024008180022216347,0.005681154310726615,101686.9765625,0.3899980572450638
0.09872802346944809,0.23506672254630498,0.03099643439054489,0.024017190209347745,0.006979244181197147,100746.4765625,-0.8926293309750842
0.09967677295207977,0.23732564988590424,0.024395758286118507,0.024391894643569317,3.863642549190721e-06,107550.6484375,8.38670846916552
0.099820576608181,0.2376680395432881,0.025820452719926834,0.02444872819111651,0.0013717245288103232,106299.34375,6.680214409414585
0.10001330822706223,0.23812692435014818,0.02754104882478714,0.02452491370788198,0.003016135116905159,105255.7109375,5.256937398720569
0.10020604729652405,0.23858582689648583,0.029261646792292595,0.024601118589989052,0.0046605282023035426,103008.7578125,2.192606066267778
0.10022887587547302,0.23864018065588816,0.030568748712539673,0.024610145577040252,0.0059586031354994205,101025.1640625,-0.512563174404534
0.10108792036771774,0.24068552468504226,0.031690891832113266,0.024949983964287697,0.006740907867825569,101233.2578125,-0.2287707841148621
0.10115151852369308,0.24083694886593593,0.02497927099466324,0.024975154289860257,4.116704802981791e-06,108965.7421875,10.316573435299656
0.10134425759315491,0.2412958514122736,0.026699868962168694,0.02505144322009337,0.0016484257420753233,107000.125,7.6359201238230385
0.10153699666261673,0.24175475395861126,0.028420465067029,0.025127744193359978,0.0032927208736690215,105034.5078125,4.955266812346422
0.10172972828149796,0.24221363876547133,0.030141061171889305,0.025204053625140693,0.004937007546748612,101153.3203125,-0.33778729325451984
0.1026262640953064,0.24434824784596762,0.02556278556585312,0.025559156106576116,3.6294592770033662e-06,108168.15625,9.228848216908647
0.1027560606598854,0.24465728728544145,0.03166696056723595,0.02561058183699283,0.006056378730243117,101167.4296875,-0.31854532535907204
0.10281900316476822,0.2448071503923053,0.027283381670713425,0.025635521037582445,0.0016478606331309792,106202.5390625,6.54819490543203
0.10301174223423004,0.24526605293864295,0.02900397777557373,0.025711893155707186,0.003292084619866544,104236.9140625,3.8675309394881405
0.10330414772033691,0.24596225647699266,0.030345935374498367,0.025827770011183814,0.004518165363314553,102491.75,1.4875253855274408
0.10378239303827286,0.24710093580541156,0.03319285809993744,0.026017319718064372,0.0071755383818730666,101181.5390625,-0.29930335746362424
0.10410100966691971,0.2478595468259993,0.02614629827439785,0.026143615849302162,2.6824250956881956e-06,107370.5625,8.141112344050367
0.10429374873638153,0.248318449372337,0.027866894379258156,0.026220019612866644,0.0016468747663915123,105404.9296875,5.4604377236392025
0.10433048009872437,0.24840590499696277,0.03187183290719986,0.026234580588885472,0.005637252318314388,101919.2734375,0.7067979871471927
0.1045861542224884,0.2490146529106867,0.029208851978182793,0.026335936411713907,0.002872915566468886,104665.6640625,4.452248103442833
0.10487856715917587,0.24971087418851398,0.03055080957710743,0.02645185930363622,0.004098950273471208,102840.6640625,1.9633645484170277
0.10535681247711182,0.2508495535169329,0.03339773416519165,0.026641453735897117,0.006756280429294534,101346.7890625,-0.07394006570032868
0.10557575523853302,0.25137084580603103,0.026729809120297432,0.02672824905074263,1.5600695548005639e-06,107195.15625,7.901898244831876
0.10586816817522049,0.25206706708385834,0.028071768581867218,0.02684416611058691,0.0012276024712803077,106458.734375,6.897586850722961
0.10590489953756332,0.2521545227084841,0.03207670897245407,0.026858726576993695,0.005217982395460376,102268.1953125,1.1826478045040527
0.10616057366132736,0.252763270622208,0.029413726180791855,0.026960073631175013,0.0024536525496168422,105722.296875,5.8932541476794995
0.10645297914743423,0.2534594741605577,0.03075568377971649,0.027075972348192763,0.0036797114315237286,103189.5859375,2.439214365773888
0.10658938437700272,0.25378424851667314,0.034381985664367676,0.027130034699825476,0.0072519509645422,100624.9296875,-1.0583915328119484
0.10705050826072693,0.2548821625255403,0.027313323691487312,0.027312774111487883,5.495799994294226e-07,107374.296875,8.146205179406968
0.10713747143745422,0.25508921770822435,0.033060964196920395,0.027347232795819073,0.005713731401101322,101683.8359375,0.3857149614012266
0.1073429137468338,0.25557836606389,0.02865528129041195,0.027428632389681608,0.0012266489007303413,106637.8671875,7.141883130830781
0.10763532668352127,0.2562745873417173,0.029997238889336586,0.027544475849776706,0.00245276303955988,105901.4296875,6.137550427787319
0.10768555849790573,0.25639418689977556,0.031739939004182816,0.027564373933045637,0.004175565071137179,102796.0625,1.9025381947541753
0.10837004333734512,0.2580239127079646,0.03404521569609642,0.027835450959169353,0.0062097647369270675,100804.0625,-0.8140952527041287
0.10881766676902771,0.25908968278339933,0.02923879399895668,0.028012649635214774,0.0012261443637419066,106817.0078125,7.386190065405874
0.10886789858341217,0.25920928234145757,0.03098149411380291,0.028032530591506087,0.0029489635222968227,105623.9609375,5.759146368111392
0.10891813039779663,0.2593288818995158,0.03272419422864914,0.02805241068237523,0.00467178354627391,102319.9765625,1.2532656135910007
0.10928018391132355,0.2601909140745799,0.035317372530698776,0.02819567287182097,0.007121699658877805,101065.96875,-0.4569148918364699
0.10999999940395355,0.2619047604856037,0.028480347245931625,0.028480347244404867,1.5267578867828036e-12,109057.8046875,10.442125677647361
0.11005023866891861,0.2620243777831396,0.030223049223423004,0.028500207799424967,0.0017228414239980373,107028.8359375,7.675075291052147
0.11010047048330307,0.2621439773411978,0.031965747475624084,0.028520064279482796,0.0034456831961412887,104999.8515625,4.908003595522388
0.11015070229768753,0.26226357689925606,0.033708445727825165,0.0285399196188075,0.005168526109017666,100983.1953125,-0.569798972596309
0.11090979725122452,0.26407094583624885,0.03531203418970108,0.028839823598674964,0.006472210591026116,100995.1640625,-0.5534763287337253
0.11152498424053192,0.26553567676317125,0.030797915533185005,0.0290826527137051,0.0017152628194799062,106154.421875,6.4825740414962265
0.11157521605491638,0.2656552763212295,0.032540615648031235,0.02910247103825537,0.003438144609775866,104426.6328125,4.126264022751183
0.11190108209848404,0.26643114785353345,0.03405395522713661,0.02923100116017017,0.004822954066966444,102034.15625,0.8634719283999943
0.11266017705202103,0.26823851679052624,0.03565753996372223,0.02953015120251758,0.006127388761204649,101603.6328125,0.27633620037427914
0.11299972981214523,0.26904697574320297,0.031372781842947006,0.0296638406034553,0.0017089412394917063,105974.6484375,6.2374040950720016
0.11332559585571289,0.26982284727550687,0.03288612142205238,0.029792064518391472,0.0030940569036609113,104469.5703125,4.184820974884838
0.11341927200555801,0.2700458857275191,0.037261124700307846,0.029828910482259004,0.007432214218048842,101202.75,-0.2703764788168132
0.11365146189928055,0.27059871880781083,0.03439946472644806,0.029920210197289597,0.004479254529158462,102343.359375,1.285154434139769
0.11441055685281754,0.2724060877448037,0.036003049463033676,0.030218401190624574,0.005784648272409102,101912.8359375,0.6980187061140537
0.11475010961294174,0.27321454669748035,0.031718287616968155,0.030351632858847604,0.0013666547581205508,106017.5859375,6.295961047205656
0.11502306163311005,0.2738644324597858,0.03733111172914505,0.030458660236353092,0.006872451492791958,101294.5703125,-0.14515452495457734
0.1150759756565094,0.2739904182297843,0.03323163092136383,0.030479400802569695,0.0027522301187941356,104512.5078125,4.243377927018493
0.11540183424949646,0.2747662720226106,0.03474497050046921,0.030607071257669177,0.0041378992428000305,102652.5546875,1.7068262854122702
0.11601434648036957,0.2762246344770704,0.03607303276658058,0.03084678522303252,0.0052262475435480606,101729.40625,0.4478624690059591
0.11622485518455505,0.276725845677512,0.03229315206408501,0.03092908705958822,0.001364065004496786,106230.765625,6.5866894956902
0.11655072122812271,0.277501717209816,0.03380649536848068,0.031056402822561245,0.0027500925459194372,104854.1015625,4.709233854073067
0.11662685126066208,0.2776829791920526,0.03740109130740166,0.031086131310387278,0.006314959997014379,101213.5234375,-0.2556839684470333
0.11669005453586578,0.27783346318063284,0.03499787673354149,0.03111080743104289,0.003887069302498599,103976.7109375,3.5126732524860453
0.11723934859037399,0.2791413061675571,0.03872915357351303,0.03132508943770538,0.007404064135807652,101005.515625,-0.5393591595966997
0.1173025593161583,0.279291807895615,0.03632593899965286,0.03134972758694341,0.004976211412709451,102423.0625,1.39385130926123
0.11769960820674896,0.28023716239702134,0.03286801651120186,0.0315043884428312,0.001363628068370662,105827.6640625,6.03695094779351
0.11783893406391144,0.2805688906283606,0.03405940160155296,0.03155861791411095,0.0025007836874420125,105117.8203125,5.068886051348114
0.1179150640964508,0.28075015261059716,0.03765399754047394,0.0315882405553538,0.006065756985120137,101553.8515625,0.2084459349092773
0.11797827482223511,0.280900654338655,0.03525078296661377,0.031612831205411515,0.0036379517612022544,104044.78125,3.6055056258376714
0.11859077960252762,0.2823589990536372,0.036578841507434845,0.03185087173344142,0.0047279697739934234,102763.3828125,1.8579705581502672
0.11868280917406082,0.2825781170810972,0.038639843463897705,0.03188659927213336,0.006753244191764346,100780.7734375,-0.8458562196456182
0.11898782104253769,0.2833043358155659,0.03312092274427414,0.032004937008715754,0.001115985735558385,106258.9296875,6.625098850210183
0.11912715435028076,0.2836360817863828,0.034312304109334946,0.03205895720488491,0.002253346904450039,105185.8984375,5.161729079167013
0.11926648765802383,0.28396782775719964,0.03550368547439575,0.03211295324843543,0.0033907322259603204,105925.875,6.170888255885246
0.11935851722955704,0.28418694578465964,0.03756468743085861,0.032148604245986694,0.0054160831848719185,101961.0703125,0.7637993870589567
0.12003423273563385,0.28579579222769963,0.03648953139781952,0.032410034911806156,0.004079496486013363,104754.765625,4.573762302693987
0.12012626975774765,0.2860149279946373,0.03855053335428238,0.03244559740054359,0.006104935953738788,100954.90625,-0.6083787985926636
0.120462566614151,0.28681563479559763,0.03369579091668129,0.03257544390924782,0.0011203470074334712,106366.921875,6.772375551327998
0.12060189992189407,0.2871473807664145,0.034887172281742096,0.03262919658309747,0.0022579756986446237,106733.8671875,7.272805224684193
0.12080197781324387,0.2876237566981997,0.037475377321243286,0.032706336959597196,0.00476904036164609,103583.640625,2.9766150405681797
0.12092556059360504,0.28791800141334534,0.039847761392593384,0.03275395677910844,0.0070938046134849456,101045.2890625,-0.48511726670870153
0.12136964499950409,0.2889753452369145,0.03587301820516586,0.03292489704626876,0.002948121158897102,105562.7421875,5.675657962558386
0.12156972289085388,0.2894517211686997,0.038461219519376755,0.03300182030545858,0.005459399213918172,100821.2265625,-0.7906873881048492
0.12193731218576431,0.29032693377562935,0.03427065908908844,0.033142993779597875,0.001127665309490565,107541.8515625,8.374711539015866
0.1221373900771141,0.2908033097074145,0.03685886040329933,0.03321974997640344,0.0036391104268958946,103597.6640625,2.9957398093236223
0.12261340022087097,0.29193666719254996,0.03973466530442238,0.033402119235149574,0.006332546069272804,100898.390625,-0.685453214847187
0.12270505726337433,0.2921548982461294,0.03525650128722191,0.03343719502968212,0.0018193062575397878,106077.0390625,6.377041543154913
0.12281586974859238,0.29241873749664854,0.03830423578619957,0.033479583906094984,0.004824651880104586,101720.2421875,0.43536477889446396
0.12327272444963455,0.2935064867848442,0.033654142171144485,0.033654139783503664,2.3876408211664923e-09,108556.4296875,9.758364585920752
0.1233835369348526,0.29377032603536335,0.03670187667012215,0.03369642917175081,0.0030054474983713386,104199.6171875,3.8166665127257553
0.12365707010030746,0.29442159547692254,0.041008111089468,0.033800732778108585,0.007207378311359418,100975.5703125,-0.5801977326549784
0.12385953962802887,0.2949036657810211,0.039577681571245193,0.03387785977644109,0.005699821794804105,101617.1484375,0.2947684287569617
0.12395120412111282,0.29512191457407816,0.035099517554044724,0.033912755442396046,0.0011867621116486773,106679.0078125,7.197989555491593
0.12406201660633087,0.2953857538245973,0.038147248327732086,0.033954921921363485,0.004192326406368602,102322.1875,1.256280827829324
0.1246296837925911,0.2967373423633121,0.03654488921165466,0.03417060742240935,0.002374281789245314,104801.5703125,4.637593216127889
0.12490321695804596,0.29738861180487136,0.04085112735629082,0.034274339976370236,0.006576787379920582,101019.09375,-0.5208416954758314
0.12510569393634796,0.29787069984844755,0.03942069411277771,0.034351041994082586,0.005069652118695124,102164.890625,1.0417637837501734
0.12530815601348877,0.2983527524130685,0.0379902608692646,0.03442766634061475,0.0035625945286498553,102924.1484375,2.0772181856987304
0.12542596459388733,0.2986332490330651,0.03564314544200897,0.03447221906923809,0.0011709263727708794,106623.578125,7.122396110188048
0.1260487288236618,0.3001160210087186,0.04141208902001381,0.0347073206924341,0.006704768327579706,101018.7265625,-0.521342455437673
0.1261044293642044,0.30024864134334384,0.03708851709961891,0.03472831396768565,0.002360203131933261,105416.2890625,5.475929319054475
0.1262512058019638,0.3005981090522948,0.0399816557765007,0.03478360592427321,0.005198049852227493,102056.0859375,0.8933790180359422
0.12645366787910461,0.30108016161691575,0.038551222532987595,0.03485980954721386,0.0036914129857737316,103201.8828125,2.455984497261947
0.12690070271492004,0.30214453027361915,0.03618677332997322,0.035027794002415596,0.0011589793275576243,106294.7578125,6.673960237125201
0.12724994122982025,0.30297605054719107,0.037649478763341904,0.035158764069668044,0.0024907146936738594,105588.703125,5.711062757307319
0.12739671766757965,0.303325518256142,0.040542617440223694,0.0352137372632047,0.005328880177018991,101574.796875,0.2370105616687986
0.12757129967212677,0.3037411896955399,0.041846659034490585,0.035279069941341945,0.00656758909314864,101203.71875,-0.26905532487493306
0.12759917974472046,0.303807570820763,0.03911218419671059,0.03528949778434456,0.003822686412366029,103093.078125,2.307599731547716
0.1280462145805359,0.30487193947746644,0.03674773499369621,0.03545648991919488,0.001291245074501332,106646.1171875,7.153134248271308
0.1283954530954361,0.30570345975103835,0.038210440427064896,0.035586671410202914,0.002623769016861982,105565.8046875,5.679834513729491
0.1287446916103363,0.30653498002461027,0.03967314586043358,0.035716604868330386,0.003956540992103193,104485.484375,4.206524124720401
0.12891927361488342,0.3069506514640082,0.04097718745470047,0.035781463643404565,0.005195723811295905,101759.78125,0.48928703776426535
0.12909385561943054,0.30736632290340604,0.04228123277425766,0.03584625910789345,0.00643497366636421,101388.703125,-0.016778848779466324
0.1295209676027298,0.3083832561969757,0.03729136288166046,0.0360045104680761,0.0012868524135843593,106313.4375,6.699435068375487
0.12987020611763,0.3092147764705476,0.038754068315029144,0.03613362047511835,0.0026204478399107917,105233.125,5.22613533383367
0.13029111921787262,0.3102169505187443,0.04044615477323532,0.036288878091264846,0.0041572766819704746,103705.1484375,3.142323970068678
0.13046570122241974,0.31063262195814223,0.04175020009279251,0.036353160721384954,0.005397039371407557,101823.375,0.5760144013683324
0.13064028322696686,0.31104829339754014,0.0430542416870594,0.03641737614126797,0.006636865545791432,100818.4453125,-0.794480378454118
0.1309957057237625,0.3118945374375298,0.03783499076962471,0.036547899484045604,0.0012870912855791061,105980.75,6.245725234012392
0.13141663372516632,0.3128967469646817,0.03952707722783089,0.036702110977255585,0.0028249662505753018,105144.1640625,5.104812914993435
0.13149656355381012,0.3130870560805003,0.04409864917397499,0.03673134861171007,0.007367300562264922,101015.5390625,-0.5256894780851495
0.13183754682540894,0.3138989210128784,0.04121916741132736,0.03685591248915907,0.00436325492216829,103148.9453125,2.3837898270185613
0.13201212882995605,0.31431459245227633,0.042523209005594254,0.036919584571460023,0.00560362443413423,101191.3515625,-0.28592134656845125
0.13254213333129883,0.31557650793166386,0.03860799968242645,0.03711244615159513,0.00149555353083132,106748.7109375,7.293048712503324
0.13286840915679932,0.3163533551352365,0.04356761649250984,0.03723084257417893,0.006336773918330915,101366.71875,-0.04676051968632684
0.13296306133270264,0.31657871745881583,0.04030008986592293,0.03726514149981674,0.0030349483661061896,104985.375,4.888260867665098
0.13338397443294525,0.3175808915070125,0.041992176324129105,0.03741740459577567,0.004574771728353431,101414.109375,0.017869478793067578
0.13401688635349274,0.3190878246511732,0.039151631295681,0.03764554042611074,0.0015060908695702577,105855.703125,6.075189830837122
0.13415680825710297,0.31942097204072134,0.04501521959900856,0.037695841729006425,0.007319377870002135,101280.53125,-0.16430060264456608
0.13443779945373535,0.3200899986993699,0.040843717753887177,0.03779670841837739,0.00304700933550979,104092.3671875,3.6704019859988963
0.1346723735332489,0.32064850841249737,0.04343978315591812,0.03788076007089461,0.005559023085023512,101327.921875,-0.09967060416517166
0.13489651679992676,0.3211821828569685,0.042051661759614944,0.03796094327014822,0.004090718489466724,102798.7734375,1.906235294897985
0.13549162447452545,0.3225991058917273,0.03969525918364525,0.038173204603109204,0.0015220545805360447,104962.6953125,4.857330949170921
0.13595034182071686,0.32369129004932584,0.040903203189373016,0.038336188051598614,0.002567015137774402,104384.3671875,4.068623354803026
0.13596077263355255,0.3237161253179823,0.04488738626241684,0.038339887693739604,0.006547498568677236,101241.734375,-0.2172106871234109
0.1361849159002304,0.3242497997624534,0.04349926486611366,0.038419317909398135,0.005079946956715528,102156.9296875,1.0309068815987552
0.13640905916690826,0.32478347420692444,0.042111143469810486,0.038498614106928904,0.003612529362881582,103186.4140625,2.4348886520609576
0.13654544949531555,0.32510821308408466,0.03854680061340332,0.038546799577143784,1.0362595365132066e-09,105833.0234375,6.044259912342945
0.13700416684150696,0.32620039724168326,0.03975474461913109,0.03870849111510976,0.0010462535040213286,105355.390625,5.392877746659671
0.13746288418769836,0.32729258139928186,0.04096268489956856,0.038869607727314064,0.002093077172254494,104566.796875,4.3174158201001465
0.13747330009937286,0.327317381188983,0.04494687169790268,0.03887325940294631,0.006073612294956371,101515.1015625,0.1555997772340718
0.13769744336605072,0.3278510556334541,0.0435587503015995,0.03895176801445903,0.004606982287140474,102544.5859375,1.5595815476962744
0.13792158663272858,0.3283847300779252,0.04217062518000603,0.039030136621094856,0.003140488558911171,103574.0703125,2.963563318158477
0.13847891986370087,0.32971171396119253,0.040245771408081055,0.03922438793659172,0.0010213834714893344,105918.25,6.160489495826576
0.138693705201149,0.3302231076217833,0.0455658882856369,0.03929901320299276,0.00626687508264414,101011.671875,-0.5309634393853969
0.1387975513935089,0.3304703604607355,0.046813253313302994,0.03933504630186998,0.007478207011433015,100615.9375,-1.0706548246434326
0.13891784846782684,0.3307567820662544,0.044177766889333725,0.039376748882102026,0.0048010180072316985,102282.40625,1.2020282804740525
0.13893762230873108,0.3308038626398359,0.04145371541380882,0.039383599759604586,0.0020701156542042368,106063.40625,6.358449497763132
0.1391419917345047,0.3312904565107255,0.04278964549303055,0.03945433977794517,0.0033353057150853765,103621.9453125,3.028853893608811
0.13995365798473358,0.33322299520174664,0.04073680192232132,0.039734086384082705,0.0010027155382386146,107023.1171875,7.667276221008145
0.14013823866844177,0.3336624730200995,0.04479678347706795,0.03979743260398587,0.0049993508730820785,101610.2109375,0.2853072618183362
0.1401580274105072,0.3337095890726362,0.042072732001543045,0.039804217890494424,0.002268514111048621,105598.3359375,5.7241997154552084
0.1402420997619629,0.33390976133800687,0.04604414850473404,0.039833032132675354,0.006211116372058685,101214.4765625,-0.25438412343969957
0.14034594595432281,0.3341570141769591,0.04729151353240013,0.03986859437262718,0.007422919159772952,100818.7421875,-0.7940755086977354
0.14036238193511963,0.33419614746457055,0.04340866208076477,0.03987421993666059,0.0035344421441041787,103365.5625,2.679206241103324
0.1411740630865097,0.33612872163454693,0.04135581851005554,0.040151022313083574,0.0012047961969719675,106404.8515625,6.824102989939514
0.14137841761112213,0.3366152800264813,0.04269174858927727,0.0402203964489227,0.0024713521403545644,105416.5390625,5.476270262007218
0.14158277213573456,0.3371018384184156,0.04402767866849899,0.04028964235288644,0.00373803631561255,102208.7421875,1.1015673085547961
0.14168663322925568,0.33734912673632306,0.045275043696165085,0.04032478651881206,0.004950257177353028,101813.0078125,0.5618759232967603
0.1417904943227768,0.3375964150542305,0.04652240872383118,0.04035989730942953,0.006162511414401647,101417.2734375,0.02218453803872448
0.14189434051513672,0.33784366789318265,0.04776977002620697,0.040394969609764075,0.007374800416442895,101021.5390625,-0.5175068472193113
0.14264880120754242,0.339640002875101,0.04184684902429581,0.04064876383343356,0.0011980851908622442,106056.9140625,6.349595635459081
0.14285317063331604,0.3401265967459906,0.04318277910351753,0.040717203090919155,0.0024655760125983778,105068.59375,5.001752253059511
0.1431085169315338,0.3407345641226996,0.044828929007053375,0.040802526663431565,0.00402640234362181,103634.9296875,3.0465616182169146
0.14321237802505493,0.34098185244060697,0.04607629403471947,0.04083717204906009,0.00523912198565938,101797.40625,0.5405989521521262
0.14331623911857605,0.3412291407585144,0.04732365533709526,0.04087178282239757,0.006451872514697692,100799.125,-0.8208288760208081
0.14412355422973633,0.3431513195946103,0.04233787953853607,0.04113962388416987,0.0011982556543662023,106893.09375,7.48995392217983
0.14414823055267334,0.34321007274446036,0.04833359643816948,0.04114777725644389,0.007185819181725589,100983.625,-0.5692129768962815
0.1443789154291153,0.3437593224502745,0.043984029442071915,0.041223901781080693,0.002760127660991221,104955.484375,4.847496875877732
0.14463426172733307,0.3443672898269835,0.04563017934560776,0.041307959900237105,0.004322219445370652,103017.875,2.2050398295756337
0.1447381228208542,0.34461457814489094,0.04687754064798355,0.041342088456637144,0.005535452191346407,101125.046875,-0.376345810316328
0.14557012915611267,0.3465955456097921,0.04788748174905777,0.04161418400989488,0.006273297739162888,101241.3125,-0.21778602835616517
0.14564929902553558,0.3467840452988943,0.043139126151800156,0.04163995401845433,0.0014991721333458274,106373.828125,6.781794100397531
0.14590466022491455,0.3473920481545585,0.044785276055336,0.041722929877053776,0.003062346178282223,104711.25,4.5144169199821125
0.14616000652313232,0.34800001553126747,0.04643142595887184,0.04180567875176335,0.00462574720710849,101232.390625,-0.2299534299821903
0.14646989107131958,0.34873783588409424,0.049346551299095154,0.04190580147404914,0.007440749825046014,101243.96875,-0.214163509483268
0.14705976843833923,0.3501423058055696,0.047890499234199524,0.0420954722457628,0.005795026988436723,101235.0546875,-0.2263202566420199
0.1471240520477295,0.35029536201840356,0.04363015666604042,0.042116069050669024,0.001514087615371397,105501.25,5.591796650650817
0.14737939834594727,0.35090332939511254,0.04527630656957626,0.042197740535120355,0.003078566034455908,103838.671875,3.324419470235399
0.14784176647663116,0.35200420589674086,0.04667630046606064,0.04234504338313814,0.0043312570829225,102246.25,1.1527194059335584
0.14795953035354614,0.3522845960798718,0.04934956878423691,0.04238244015498628,0.006967128629250627,101237.7265625,-0.2226764288345763
0.1485987901687622,0.35380664325895766,0.044121187180280685,0.04258457868356844,0.0015366084967122426,104628.671875,4.401799200904104
0.14874152839183807,0.35414649617104305,0.04813537001609802,0.04262951328064415,0.005505856735453875,101739.9140625,0.4621927274884493
0.1490611582994461,0.354907519760586,0.04552117735147476,0.042729867083016806,0.0027913102684579555,104056.0078125,3.6208160953092983
0.14952352643013,0.3560083962622143,0.046921174973249435,0.04287437896688891,0.0040467960063605285,102457.421875,1.4407096563288817
0.14964129030704498,0.35628878644534523,0.049594439566135406,0.0429110608359183,0.006683378730217106,101233.5625,-0.22835525989120625
0.14981818199157715,0.35670995712280273,0.04296606406569481,0.04296606447149564,-4.058008304386185e-10,105418.65625,5.479157622638263
0.15028055012226105,0.35781083362443106,0.044366057962179184,0.043109290075699906,0.0012567678864792778,105107.671875,5.055045898360192
0.15042328834533691,0.3581506865365165,0.04838024452328682,0.04315334521398299,0.005226899309303833,101951.078125,0.7501723234164994
0.15074291825294495,0.35891171012605944,0.04576605185866356,0.04325172101089123,0.0025143308477723267,103966.546875,3.498811790563577
0.15095612406730652,0.3594193430173965,0.04970555752515793,0.04331712875200361,0.00638842877315432,101314.921875,-0.11739963770782125
0.15120527148246765,0.36001255114873254,0.047166045755147934,0.043393345911048244,0.0037726998440996903,102668.578125,1.7286785977896586
0.15173812210559845,0.36128124310856774,0.04849136248230934,0.043555562218865515,0.004935800263443826,101887.5625,0.6635515044851646
0.15175530314445496,0.3613221503439404,0.04478519409894943,0.043560774681122516,0.0012244194178269163,105230.2421875,5.222203835409849
0.15221765637397766,0.3624229913666135,0.04618518799543381,0.043700621130472045,0.0024845668649617625,104716.140625,4.521086616495152
0.15227095782756805,0.3625498995894478,0.04981667548418045,0.04371669026903855,0.0060999852151418996,101119.625,-0.38374001060394747
0.15265166759490967,0.3634563514164516,0.047651804983615875,0.04383114640179383,0.0038206585818220465,103412.0859375,2.7426535937153904
0.15280379354953766,0.36381855607032776,0.05114198848605156,0.043876724374965315,0.007265264111086245,100673.6953125,-0.9918863480924661
0.15318451821804047,0.36472504337628686,0.04897712171077728,0.04399039709297045,0.004986724617806831,101890.546875,0.6676215109835373
0.15323004126548767,0.3648334315844945,0.04520432651042938,0.04400395097483584,0.0012003755355935453,105758.0859375,5.942062262258152
0.15366405248641968,0.36586679163433256,0.04667094349861145,0.04413276349624941,0.002538180002362042,104454.0234375,4.1636185850111165
0.15371735394001007,0.36599369985716684,0.05030243471264839,0.04414853197974769,0.006153902732900701,101013.515625,-0.5284489851089154
0.15409806370735168,0.3669001516841707,0.04813756048679352,0.04426083268720475,0.0038767277995887667,103149.9609375,2.385174907764081
0.15463091433048248,0.3681688436440059,0.049462877213954926,0.04441704320274861,0.005045834011206313,101353.34375,-0.06500096765809131
0.1546764373779297,0.36827723185221356,0.045690085738897324,0.044430336093427274,0.00125974964547005,105630.6640625,5.768287901031821
0.15491650998592377,0.3688488332998185,0.05115223303437233,0.044500300431125094,0.006651932603247236,101148.8984375,-0.34381772173116626
0.1551104485988617,0.3693105919020517,0.04715670272707939,0.04455665044370019,0.0026000522833792006,104624.1328125,4.395608955418359
0.1555444598197937,0.3703439519518898,0.04862331971526146,0.04468220359404827,0.003941116121213187,102102.921875,0.9572525493389376
0.15583007037639618,0.3710239770866576,0.050312675535678864,0.044764408740960465,0.005548266794718398,101567.15625,0.2265904926755827
0.15611568093299866,0.3717040022214254,0.05200203135609627,0.04484628045023216,0.007155750905864108,101031.390625,-0.5040715639877722
0.1561511904001236,0.3717885485717229,0.046109218150377274,0.0448564360394548,0.0012527821109224735,105238.265625,5.233145973299453
0.1565852016210556,0.37282190862156095,0.04757583513855934,0.04498014236025756,0.002595692778301781,104231.71875,3.860445718751445
0.15701155364513397,0.3738370324884142,0.04909433424472809,0.045100907056508495,0.0039934271882195935,102163.078125,1.0392919473427848
0.15729716420173645,0.37451705762318205,0.05078369006514549,0.04518138362464507,0.005602306440500422,101627.3125,0.3086298906794299
0.15758277475833893,0.37519708275794983,0.0524730458855629,0.045261519142788434,0.007211526742774463,101091.53125,-0.42205347491847145
0.1576259434223175,0.37529986529123216,0.046528350561857224,0.04527360148050526,0.0012547490813519663,104845.859375,4.697993391099812
0.15805229544639587,0.3763149891580854,0.04804684966802597,0.04539251043542016,0.0026543392326058082,104308.140625,3.96466771761815
0.15847864747047424,0.3773301130249387,0.04956534877419472,0.04551065081576183,0.004054697958432885,102223.21875,1.1213100364120856
0.15876425802707672,0.37801013815970647,0.05125470459461212,0.04558936004109029,0.005665344553521828,101687.453125,0.3906479797487306
0.15909303724765778,0.37879294582775663,0.04699936509132385,0.04567953420902218,0.0013198308823016702,105595.4453125,5.7202575625641146
0.1593635231256485,0.37943695982297265,0.052714455872774124,0.04575337249553368,0.006961083377240447,101248.8359375,-0.20752577637204767
0.15951938927173615,0.3798080696946099,0.0485178641974926,0.045795778347573514,0.0027220858499190856,104396.671875,4.0854041407583574
0.15994574129581451,0.38082319356146316,0.050036363303661346,0.04591123750603131,0.004125125797630039,102283.359375,1.2033281254813863
0.16054502129554749,0.3822500507036845,0.05149611830711365,0.04607219065130538,0.005423927655808271,101543.125,0.19381735134313674
0.1605677753686905,0.3823042270683107,0.0474185012280941,0.046078270967004654,0.0013402302610894465,104944.328125,4.832282296611564
0.16099414229393005,0.38331938641411917,0.04893699660897255,0.04619178392867686,0.0027452126802956917,104108.2890625,3.6921157903017328
0.16114428639411926,0.38367687236695064,0.05295586958527565,0.046231566749904286,0.006724302835371364,101385.234375,-0.021509432248779072
0.16151635348796844,0.3845627463999249,0.05031212419271469,0.04632972180652389,0.0039824023861908045,103052.9296875,2.252846424230603
0.1620425283908844,0.38581554378782,0.04783763363957405,0.04646748260093081,0.0013701510386432414,104891.7890625,4.760631004199113
0.16211561858654022,0.385989568063191,0.05177187919616699,0.04648652108108562,0.005285358115081372,101761.3828125,0.49147120355527685
0.1625647395849228,0.38705890377362573,0.049212757498025894,0.046602982393095495,0.0026097751049303994,103836.421875,3.3213509836607096
0.162714883685112,0.38741638972645714,0.053231630474328995,0.04664171403063052,0.006589916443698475,101217.40625,-0.2503886982122395
0.16309091448783875,0.38831170116152086,0.046738266944885254,0.04673826972878782,-2.783902566805274e-09,105675.2890625,5.8291462180964935
0.16361312568187714,0.3895550611473265,0.048113394528627396,0.04687129810541789,0.0012420964232095072,104619.9296875,4.389876852025363
0.16368621587753296,0.3897290854226975,0.05204764008522034,0.04688981814372073,0.005157821941499607,101851.125,0.6138590691228344
0.16413533687591553,0.39079842113313223,0.04948852211236954,0.04700308319901943,0.0024854389133501104,103564.5546875,2.9505861770196864
0.1643643081188202,0.3913435907590957,0.05334674194455147,0.0470604721840052,0.006286269760546269,101327.53125,-0.10020332752883301
0.16465754806995392,0.3920417811189379,0.05086364969611168,0.04713361696660127,0.0037300327295104116,102509.1796875,1.51129550201401
0.16504241526126862,0.3929581315744491,0.0546458438038826,0.047229014136456755,0.0074168296674258435,101127.7265625,-0.3726913280416112
0.16508787870407104,0.39306637786683585,0.04844416305422783,0.04724023785671046,0.001203925197517372,104416.75,4.112786121650551
0.16533564031124115,0.39365628645533607,0.05216275155544281,0.04730123489351601,0.004861516661926801,101701.109375,0.40927198854233127
0.16561008989810944,0.3943097378526415,0.04981929063796997,0.047368468672483684,0.002450821965486287,103539.0390625,2.9157886869053273
0.16601374745368958,0.39527082727068946,0.05346185341477394,0.04746671588946317,0.005995137525310772,101447.9375,0.0640033220861401
0.16619251668453217,0.3956964682965052,0.05105380713939667,0.047509982905375815,0.0035438242340208523,103114.71875,2.3371126058945544
0.16656263172626495,0.3965776945863451,0.04877493157982826,0.04759908285115819,0.001175848728670069,103895.3046875,3.401653703499021
0.1666918396949768,0.39688533260708764,0.05476095527410507,0.0476300356529708,0.007130919621134275,101059.9921875,-0.4650655593004885
0.1668706089258194,0.39731097363290335,0.0523529052734375,0.047672731047499355,0.004680174225938145,101991.7421875,0.8056288255736455
0.1671450436115265,0.3979643895512536,0.05000944435596466,0.04773797941131183,0.002271464944652829,103711.5546875,3.1510606332327242
0.16754870116710663,0.39892547896930153,0.05365201085805893,0.047833300417234166,0.005818710440824763,101392.8359375,-0.01114263559192929
0.16772747039794922,0.3993511199951172,0.05124396085739136,0.04787526721440741,0.00336869364298395,103025.359375,2.2152468092233852
0.168097585439682,0.4002323462849572,0.04896508902311325,0.04796166695784327,0.0010034220652699807,104682.1953125,4.474792956192982
0.168290376663208,0.40069137300763813,0.05476232245564461,0.04800641172824629,0.006755910727398319,101064.8515625,-0.45843848065654136
0.16840556263923645,0.40096562533151536,0.05254306271672249,0.048033059806460214,0.004510002910262274,101967.1328125,0.7720672536629807
0.16868001222610474,0.4016190767288208,0.05019960179924965,0.04809629543510108,0.0021033063641485716,104089.3828125,3.666331979500524
0.16914723813533783,0.40273151936985196,0.053653374314308167,0.048203110439789046,0.005450263874519121,101545.0078125,0.19638507795598442
0.16926242411136627,0.40300577169372925,0.05143411457538605,0.04822928099724318,0.003204833578142864,102541.4296875,1.5552771429178907
0.16957232356071472,0.40374362752551124,0.049295857548713684,0.04829937044030763,0.0009964871084060523,104302.9296875,3.957561187946908
0.1698889136314392,0.4044974134081886,0.05476368963718414,0.048370489257141616,0.006393200380042527,101069.7265625,-0.45179009307804774
0.17000409960746765,0.40477166573206586,0.052544429898262024,0.0483962430110685,0.004148186887193525,102119.3046875,0.9795949672108945
0.17015475034713745,0.4051303579693749,0.05053037032485008,0.048429827984156876,0.0021005423406932067,103710.125,3.1491108657217235
0.17060266435146332,0.4061968198844365,0.05154327303171158,0.04852902407510056,0.0030142489566110167,103495.046875,2.8557933816897867
0.17063181102275848,0.40626621672085356,0.05602456256747246,0.04853544473768251,0.0074891178297899486,101194.4921875,-0.281638250724614
0.17074577510356903,0.40653755977040246,0.053654745221138,0.048560509432846774,0.0050942357882912265,101697.1796875,0.40391279150389814
0.17104707658290863,0.40725494424502057,0.04962662234902382,0.04862646712673341,0.0010001552222904109,104172.890625,3.780217580184046
0.1713443398475647,0.4079627139227731,0.052653584629297256,0.04869110027406749,0.0039624843552297645,102532.859375,1.5435891923191607
0.1714949756860733,0.40832137068112695,0.050639525055885315,0.04872368515703347,0.0019158398988518427,103784.875,3.2510528085919588
0.17194288969039917,0.4093878325961885,0.05165242776274681,0.04881990858908754,0.002832519173659273,103396.8515625,2.7218773825325977
0.17208601534366608,0.4097286079611097,0.05376389995217323,0.04885044458184267,0.004913455370330562,101836.0390625,0.5932852928182332
0.17215001583099365,0.4098809900737944,0.055964358150959015,0.04886406600039002,0.007100292150568996,101126.71875,-0.37406575431985745
0.17238730192184448,0.4104459569567726,0.04973577708005905,0.048914389313583155,0.0008213877664758965,104074.71875,3.6463335444286766
0.17268456518650055,0.41115372663452515,0.05276273936033249,0.04897703387608637,0.0037857054842461157,102747.21875,1.8359264653619607
0.17282763123512268,0.41149436008362544,0.054604142904281616,0.049007024908458596,0.00559711799582302,100989.8671875,-0.5607000575449732
0.17283521592617035,0.4115124188718342,0.05074867978692055,0.04900861201578815,0.001740067771132399,103686.6875,3.1171474639020427
0.17328311502933502,0.41257884530794053,0.051761578768491745,0.04910182099144741,0.0026597577770443373,103298.671875,2.5879826923099554
0.17342618107795715,0.4129194787570409,0.05360298603773117,0.04913137977803512,0.004471606259696052,102065.6953125,0.9064840127820114
0.17349018156528473,0.4130718608697256,0.05580344423651695,0.04914456932561841,0.006658874910898539,101101.2109375,-0.4088525899669433
0.1738620549440384,0.4139572736762819,0.050066545605659485,0.049220795785036686,0.0008457498206227987,104342.4609375,4.011472792349436
0.17402473092079163,0.41434459743045626,0.05260182544589043,0.049253920093478454,0.003347905352411973,104340.5390625,4.008851793400223
0.17416779696941376,0.41468523087955655,0.054443228989839554,0.04928294003486218,0.005160288954977374,101166.140625,-0.3203033124591545
0.17430995404720306,0.41502370011238826,0.05107944831252098,0.049311672228312314,0.0017677760842086665,105328.6171875,5.356364887314323
0.17476634681224823,0.416110349552972,0.05344207212328911,0.04940321846717875,0.0040388536561103555,103518.4609375,2.887724820107648
0.174830362200737,0.4162627671446119,0.05564253032207489,0.04941597380903744,0.006226556513037447,101131.515625,-0.3675239114140961
0.17505156993865967,0.416789452234904,0.051919691264629364,0.04945988853892269,0.0024598027257066724,104506.5234375,4.235216605087201
0.1753367930650711,0.417468554916836,0.05039731413125992,0.0495161405880837,0.0008811735431762183,105494.609375,5.582740353468575
0.17550796270370483,0.4178761016754877,0.05428231507539749,0.04954969773575071,0.004732617339646784,100985.71875,-0.5663575796670567
0.17557401955127716,0.41803337988399325,0.056876424700021744,0.04956260751981178,0.007313817180209965,101231.140625,-0.2316581447459066
0.17579318583011627,0.4185552043574197,0.052759937942028046,0.04960527876901432,0.0031546591730137255,102935.640625,2.0928909070576474
0.1760784089565277,0.4192343070393517,0.0512375570833683,0.049660439132626424,0.001577117950741877,104672.515625,4.461592071241453
0.1762516349554062,0.4196467498938243,0.055516213178634644,0.049693734200977654,0.005822478977656989,101085.3515625,-0.4304811585315939
0.17636363208293915,0.4199134097212837,0.049715179949998856,0.049715177822301775,2.1276970810224505e-09,105767.6328125,5.955082021266035
0.17670604586601257,0.4207286806333633,0.054063986986875534,0.04978033389507189,0.004283653091803646,101558.984375,0.21544591990778736
0.176991268992424,0.42140778331529527,0.05254160985350609,0.049834141187600864,0.0027074686659052244,102894.96875,2.037423750433228
0.17699530720710754,0.42141739811216083,0.0567501075565815,0.049834899948375186,0.006915207608206311,101184.9765625,-0.2946153918634044
0.17727649211883545,0.42208688599722727,0.051019228994846344,0.04988752364366108,0.001131705351185265,104310.9609375,3.9685139803037854
0.17744971811771393,0.42249932885169983,0.05529788136482239,0.049919736906382114,0.005378144458440273,101399.2421875,-0.002405972427883226
0.17790411412715912,0.4235812241122836,0.05384565517306328,0.050003488857257486,0.0038421663158057923,101804.25,0.5499322654834728
0.17818933725357056,0.4242603267942156,0.05232327803969383,0.05005550514662324,0.002267772893070591,102854.3046875,1.981967248276082
0.17864778637886047,0.4253518723306202,0.05507955327630043,0.05013821369192046,0.004941339584379971,101490.828125,0.12249634741615581
0.17875123023986816,0.4255981672377814,0.05124863237142563,0.05015672233220963,0.001091910039216,103987.59375,3.5275149253976505
0.17910218238830566,0.426433767591204,0.05362732335925102,0.050219093853546115,0.0034082295057049072,101736.0546875,0.4569294206554752
0.17939530313014984,0.4271316741194044,0.056434791535139084,0.05027068651561445,0.006164105019524635,101318.9140625,-0.1119552049312023
0.17966409027576447,0.42777164351372493,0.05255268141627312,0.05031759446482892,0.0022350869514441984,102967.4375,2.1362545888596807
0.17984969913959503,0.42821356937998817,0.054982565343379974,0.05034976164607762,0.004632803697302353,101564.1484375,0.22248852277539036
0.1801428198814392,0.4289114759081886,0.05779002979397774,0.0504001867137103,0.007389843080267439,101147.0078125,-0.3463961028112872
0.18022598326206207,0.42910948395729065,0.05147803574800491,0.050414409520781,0.0010636262272239114,103389.4375,2.7117662930903053
0.18040946125984192,0.42954633633295697,0.05393701419234276,0.050445657431712476,0.003491356760630282,102771.4765625,1.8690085862453303
0.1805972158908844,0.4299933711687724,0.05633780360221863,0.050477446924329136,0.005860356677889492,101392.2265625,-0.011973684039240989
0.18097135424613953,0.4308841767765227,0.052862368524074554,0.0505402294971547,0.002322139026919856,103270.859375,2.5500527888172675
0.1811569780111313,0.4313261381217412,0.05529225245118141,0.05057109884129367,0.004721153609887743,101635.65625,0.32000886172723625
0.18134473264217377,0.43177317295755663,0.05769304186105728,0.0506021337207127,0.007090908140344583,101220.3046875,-0.24643589085387232
0.18153324723243713,0.4322220172200884,0.05178772285580635,0.05063310291053643,0.0011546199452699205,103939.109375,3.4613933015000042
0.18171672523021698,0.4326588695957547,0.054246705025434494,0.05066306037500399,0.003583644650430505,102116.375,0.9755995419834343
0.18190449476242065,0.4331059399105254,0.056647494435310364,0.0506935300574358,0.005953964377874564,101113.7421875,-0.39176282446068733
0.1822786182165146,0.43399671003932044,0.05317205935716629,0.05075367035996176,0.0024183889972045278,103353.6015625,2.6628942517080136
0.18241411447525024,0.43431932017916725,0.058119941502809525,0.05077526406121079,0.007344677441598738,100934.515625,-0.6361869581757859
0.18246424198150635,0.43443867138453895,0.05560194328427315,0.050783227485945014,0.004818715798328134,101415.796875,0.02017084372408459
0.18297386169433594,0.4356520516531808,0.05707439035177231,0.05086341148785545,0.006210978863916861,101236.5625,-0.22426394445828712
0.18300800025463104,0.43573333393959773,0.052017126232385635,0.05086873232159649,0.001148393910789143,103600.625,2.9997778524201753
0.18302398920059204,0.4357714028585525,0.05455639213323593,0.050871222172190575,0.0036851699610453564,101908.296875,0.6918284606283088
0.18353360891342163,0.43698478312719435,0.05602884292602539,0.05094985054972648,0.005078992376298913,101527.6484375,0.17271085167487424
0.1837533712387085,0.43750802675882977,0.053401462733745575,0.05098331903327915,0.0024181437004664255,103491.2734375,2.850647273996818
0.18404322862625122,0.4381981633958363,0.05750128999352455,0.051027057817251614,0.006474232176272937,101146.984375,-0.34642806621310684
0.18438491225242615,0.4390116958391099,0.05483689531683922,0.0510780247484521,0.0037588705683871196,101950.5078125,0.7493945473055539
0.18448273837566376,0.43924461518015184,0.05224652960896492,0.05109249870233742,0.0011540309066275026,103262.1328125,2.538151748873073
0.18489453196525574,0.44022507610775174,0.05630934610962868,0.05115284812937353,0.005156497980255151,101569.8515625,0.230266283884846
0.1851142942905426,0.44074831973938716,0.05368196591734886,0.05118467213755212,0.0024972937797967387,103147.4140625,2.381701551433009
0.18540415167808533,0.4414384563763937,0.05778179317712784,0.05122623860136168,0.006555554575766155,101189.1953125,-0.28886197953586185
0.18574583530426025,0.44225198881966726,0.055117398500442505,0.051274639997109,0.0038427585033335016,101992.7109375,0.8069499795155256
0.18584366142749786,0.44248490816070923,0.05252703279256821,0.051288378473522786,0.0012386543190454208,103669.125,3.0931962214718287
0.18625544011592865,0.4434653336093539,0.056589849293231964,0.05134562531336538,0.005244223979866583,101612.0703125,0.2878430250293642
0.18647520244121552,0.44398857724098933,0.05396246910095215,0.051375791673679894,0.002586677427272255,102803.546875,1.9127451744019266
0.18686774373054504,0.4449231993584406,0.05790778622031212,0.05142900581404111,0.006478780406271006,101298.8671875,-0.13929456795430253
0.18710674345493317,0.44549224632126944,0.05539790168404579,0.0514609844393895,0.003936917244656293,102034.9296875,0.8645267206600438
0.18731841444969177,0.4459962248802185,0.05275643616914749,0.05148903999238734,0.0012673961767601521,103296.8515625,2.5855002014352935
0.18771904706954956,0.4469501120703561,0.056715838611125946,0.05154145494682565,0.005174383664300293,101567.640625,0.22725106964652278
0.18794995546340942,0.44749989396049866,0.05419187247753143,0.05157125628982397,0.00262061618770746,102548.0703125,1.5643334401001336
0.18833135068416595,0.44840797781944275,0.0580337755382061,0.05161982433200046,0.006413951206205644,101456.359375,0.0754888378066787
0.18857958912849426,0.4489990217345102,0.055516522377729416,0.051650996535025015,0.003865525842704401,102340.1171875,1.2807328302213796
0.18879316747188568,0.44950754159972783,0.052985843271017075,0.051677538763444865,0.0013083045075722097,102685.5703125,1.7518520641089272
0.18919189274311066,0.4504568874835968,0.05683445557951927,0.05172640189226126,0.005108053687258009,101572.40625,0.2337502946831912
0.18942280113697052,0.45100666937373934,0.05431048944592476,0.051754289042682755,0.002556200403242004,102573.484375,1.5989924221399408
0.18963636457920074,0.4515151537600018,0.051779814064502716,0.05177981317650239,8.880003260491875e-10,102823.0703125,1.9393706881177206
0.18980419635772705,0.4519147532326835,0.058152396231889725,0.05179969060912251,0.006352705622767213,101261.40625,-0.19038273852942555
0.19005243480205536,0.45250579714775085,0.05563513934612274,0.051828798697974236,0.0038063406481485054,101945.9296875,0.7431510294834429
0.19026601314544678,0.4530143170129685,0.0531044639647007,0.051853563049074125,0.0012509009156265738,103115.265625,2.3378584186036804
0.19066473841667175,0.45396366289683754,0.056953076273202896,0.0518991022983364,0.005053973974866496,101570.25,0.23080966171578055
0.19089564681053162,0.4545134447869801,0.05442911013960838,0.05192506171794098,0.002504048421667404,102583.2890625,1.6123637785678404
0.1913018822669983,0.45548067206428167,0.05827328935265541,0.051969995357367606,0.006303293995287805,101287.34375,-0.15500990718231222
0.19152528047561646,0.4560125725609916,0.05575375631451607,0.0519943046114808,0.003759451703035266,102051.296875,0.8868478295974542
0.1917407512664795,0.4565255982535226,0.05322348698973656,0.05201748146810247,0.0012060055216340862,102627.6796875,1.6729024616143158
0.192162424325943,0.4575295817284357,0.05707397311925888,0.0520620708512132,0.0050119022680456815,101415.65625,0.01997906331316651
0.19237039983272552,0.45802476150648935,0.05454813688993454,0.052083688542915486,0.0024644483470190534,102095.6875,0.9473865126439295
0.19279956817626953,0.45904659089587985,0.058394186198711395,0.052127514734417034,0.006266671464294361,101223.3828125,-0.24223803074822092
0.19300827383995056,0.45954350914273945,0.05587167292833328,0.05214844586053381,0.00372322706779947,102071.6875,0.9146559891805764
0.1932155042886734,0.4600369149730319,0.053342513740062714,0.05216898165330917,0.0011735320867535468,102140.078125,1.0079251956904047
0.1936454176902771,0.4610605183101836,0.0571918860077858,0.052210797515420876,0.004981088492364921,101491.296875,0.12313561545254943
0.19385337829589844,0.461555662609282,0.054666049778461456,0.05223064342454014,0.002435406353921317,102280.1015625,1.1988852126284506
0.19428256154060364,0.4625775274776277,0.05851210281252861,0.05227081330171531,0.0062412895108132985,101299.0390625,-0.13906016967429155
0.19449126720428467,0.4630744457244873,0.0559895895421505,0.05228996352155975,0.003699626020590749,101827.5,0.5816399600885962
0.1946984976530075,0.4635678515547798,0.05346042662858963,0.05230872963121344,0.0011516969973761892,102851.859375,1.9786324000195619
0.1951284110546112,0.4645914548919315,0.05730980262160301,0.052346869903519715,0.0049629327180832974,101566.9453125,0.22630282205920557
0.19533637166023254,0.4650865991910299,0.05478396639227867,0.052364935802355086,0.0024190305899235848,102416.390625,1.384752394209894
0.19577687978744507,0.4661354280653454,0.058636315166950226,0.05240237652502375,0.006233938641926479,101300.3984375,-0.13720629236875007
0.19597424566745758,0.46660534682728,0.056107502430677414,0.05241878671230604,0.0036887157183713715,101980.9140625,0.790861733932953
0.19617325067520142,0.4670791682742891,0.05357944965362549,0.0524351044097137,0.0011443452439117915,102490.3125,1.485564963549167
0.19662272930145264,0.46814935547964914,0.057434018701314926,0.05247111391085727,0.004962904790457655,101416.40625,0.02100189217139629
0.19681112468242645,0.4685979159105392,0.05490298941731453,0.05248585785691628,0.0024171315603982516,102054.8515625,0.8916956122067724
0.1972712129354477,0.46969336413201834,0.05876053124666214,0.05252099685522544,0.0062395343914367005,101233.953125,-0.22782253652754492
0.19745562970638275,0.47013245168186374,0.05622465908527374,0.05253473559761154,0.0036899234876622,102035.5625,0.8653897325091752
0.19764798879623413,0.4705904495148432,0.053698476403951645,0.05254885488341844,0.0011496215205332033,102128.7578125,0.9924868726114989
0.1981040984392166,0.47167642485527767,0.057551171630620956,0.05258147128616225,0.004969700344458705,101497.640625,0.13178704287840967
0.19829249382019043,0.4721249852861677,0.05502014234662056,0.05259458915455623,0.0024255531920643267,102262.90625,1.1754347301600783
0.19875258207321167,0.47322043350764686,0.05887768790125847,0.05262575343642658,0.006251934464831889,101195.7578125,-0.27991222702635127
0.19893699884414673,0.4736595210574922,0.05634181201457977,0.05263789759286523,0.003703914421714541,101792.34375,0.5336948573590751
0.1991293579339981,0.4741175188904717,0.053815633058547974,0.052650352781860664,0.0011652802766873097,102844.6171875,1.9687557088572805
0.1995854675769806,0.4752034942309062,0.057668328285217285,0.052679020049960674,0.004989308235256611,101373.2421875,-0.037864039513182374
0.1997738629579544,0.4756520546617962,0.05513729900121689,0.05269050539850399,0.002446793602712896,102374.1484375,1.3271436896635562
0.20023338496685028,0.4767461546829769,0.05901085585355759,0.05271764697810442,0.00629320887545317,101321.953125,-0.10781061716191702
0.2004183530807495,0.4771865549541655,0.0564589649438858,0.0527282224217749,0.0037307425221109053,101903.6640625,0.6855103615352853
0.20060411095619202,0.477628835609981,0.05393465980887413,0.05273864090380414,0.0011960189050699913,102318.6484375,1.2514543541545522
0.2010662853717804,0.4787292508851914,0.0578014962375164,0.05276368317185341,0.005037813065662991,101499.4296875,0.13422691588397864
0.20124861598014832,0.47916337138130555,0.055256325751543045,0.05277321720372238,0.0024831085478206616,101848.1796875,0.6098423349608278
0.20171421766281128,0.4802719468162174,0.059144027531147,0.052796676334013914,0.006347351197133089,101448.1328125,0.06426968376797076
0.2018989622592926,0.4807118149030776,0.05654849112033844,0.05280563112173541,0.003742859998603028,101917.203125,0.7039745533197875
0.20207886397838593,0.4811401523294903,0.05405368283390999,0.0528141580680714,0.0012395247658385858,101792.6796875,0.5341529994518238
0.2025468796491623,0.4822544753551483,0.05789101868867874,0.05283544793736002,0.005055570751318725,101426.53125,0.03481008175749836
0.2027292102575302,0.48268859585126245,0.05534584820270538,0.0528433927070226,0.00250245549568278,101913.953125,0.6995422949341251
0.20290909707546234,0.48311689779871986,0.05285103991627693,0.052851038917419844,9.988570873198377e-10,102550.28125,1.5673486543384567
0.20319481194019318,0.4837971712861742,0.05923354998230934,0.052862791136627875,0.0063707588456814665,101275.578125,-0.17105553489579195
0.2033795565366745,0.48423703937303453,0.05663801357150078,0.05287013379209871,0.0037678797794020655,101506.0078125,0.14319797732803569
0.20355945825576782,0.4846653767994472,0.05414320528507233,0.05287709039286769,0.0012661148922046353,102192.1875,1.0789904924028282
0.2040274739265442,0.4857796998251052,0.05798054113984108,0.0528942928894204,0.005086248250420679,101402.984375,0.002697517395992463
0.2042098045349121,0.48621382032121935,0.05543537065386772,0.0529006444992804,0.002534726154587323,101834.078125,0.5906110215326532
0.20466835796833038,0.48730561421031043,0.059346430003643036,0.05291575022587617,0.0064306797777668664,101278.84375,-0.1666019675755831
0.2048601508140564,0.48776226384299143,0.056727536022663116,0.052921699632606074,0.003805836390057042,101268.5390625,-0.18065520990896938
0.20503419637680054,0.4881766580400013,0.05414717271924019,0.0529269102667197,0.001220262452520486,101638.6328125,0.32406821375833567
0.2055010199546814,0.48928814274924143,0.058093421161174774,0.052940001385868095,0.005153419775306679,101269.09375,-0.17989874273257028
0.20568454265594482,0.4897251015617734,0.055439338088035583,0.052944794818140774,0.0024945432698948097,101751.8984375,0.4785366802855794
0.2061418890953064,0.49081402165549143,0.05945930629968643,0.05295587284956361,0.006503433450122824,101269.6484375,-0.17914227555617118
0.20636431872844696,0.49134361602011184,0.05674726516008377,0.052960813039829926,0.0037864521202538443,101347.28125,-0.07326883426211539
0.20650893449783325,0.4916879392805554,0.05415114387869835,0.0529638678077313,0.0011872760709670457,101658.8984375,0.35170590186508627
0.20700518786907196,0.49286949492636184,0.05811315029859543,0.052973408455945864,0.0051397418426495645,101347.8359375,-0.07251236708571628
0.2071887105703354,0.4933064537388938,0.05545906722545624,0.05297656720255103,0.002482500022905211,101485.7578125,0.11558159815583155
0.20764607191085815,0.49439540931156706,0.059479039162397385,0.05298357071979759,0.006495468442599794,101215.1796875,-0.2534252213851092
0.20786850154399872,0.49492500367618747,0.056766998022794724,0.05298652867605279,0.0037804693467419354,101426.015625,0.034106886917465384
0.20801310241222382,0.4952692914576758,0.054170873016119,0.05298829433681719,0.0011825786793018128,101392.7578125,-0.01124918026466156
0.20850937068462372,0.49645088258243747,0.05813288316130638,0.052993411320943505,0.005139471840362876,101290.9765625,-0.15005557990026172
0.20869289338588715,0.4968878413949694,0.05547880008816719,0.052994933766291136,0.002483866321876055,101219.6015625,-0.24739479290846275
0.2092609703540802,0.49824040560495286,0.05942168086767197,0.052998380442651045,0.006423300425020921,101323.5390625,-0.10564776030545196
0.20937266945838928,0.4985063558533078,0.05678672716021538,0.05299883301114077,0.003787894149074607,101366.765625,-0.04669659288268748
0.20948785543441772,0.49878060817718506,0.054174840450286865,0.05299922221413336,0.0011756182361535028,101421.59375,0.028076458440818956
0.21012426912784576,0.5002958788758233,0.05807552486658096,0.052999954206545144,0.005075570660035819,101399.3359375,-0.002278118820604503
0.21016764640808105,0.5003991581144788,0.05548277124762535,0.05299991665773248,0.0024828545898928703,101174.3359375,-0.30912677628953944
0.21087586879730225,0.5020854018983387,0.05936431884765625,0.05299772517008657,0.006366593677569678,101292.7734375,-0.14760505242741953
0.21088619530200958,0.5021099888143086,0.05677415058016777,0.05299767121411591,0.0037764793660518617,101493.3515625,0.1259377403454081
0.21096260845661163,0.5022919248966944,0.054178811609745026,0.05299725230278014,0.0011815593069648828,101028.3515625,-0.5082161517570575
0.21163778007030487,0.5038994763578688,0.05806294456124306,0.05299204635006699,0.005070898211176067,101359.875,-0.056093833017673615
0.21168115735054016,0.5040027555965242,0.055470190942287445,0.05299161948187209,0.0024785714604153575,101413.953125,0.017656389447603043
0.21238939464092255,0.5056890348593395,0.05935174226760864,0.05298307196446832,0.006368670303140325,101227.0625,-0.23721977666253105
0.2123997062444687,0.505713586296354,0.056761570274829865,0.052982925556626585,0.0037786447182032792,101255.1484375,-0.19891696681528032
0.21247613430023193,0.5058955578576951,0.05416623502969742,0.05298182075823554,0.0011844142714618755,101768.0703125,0.500591427541159
0.21315130591392517,0.5075031093188694,0.05805036798119545,0.05297055729371013,0.005079810687485323,101309.0859375,-0.12535852476092174
0.21319468319416046,0.5076063885575249,0.05545761436223984,0.052969741321134176,0.002487873041105662,101511.0390625,0.15005945425199382
0.213913232088089,0.5093172192573547,0.05674898996949196,0.05295460330771493,0.003794386661777026,101254.0,-0.20048317350444467
0.2139301896095276,0.509357594308399,0.059324461966753006,0.05295420912660922,0.006370252840143788,101344.65625,-0.07684873526591963
0.21395087242126465,0.5094068390982491,0.05417020246386528,0.05295372604579469,0.001216476418070593,101257.984375,-0.19504939519509895
0.21466942131519318,0.511117669798079,0.0554615817964077,0.05293537113186013,0.0025262106645475707,101508.1171875,0.14607468349180697
0.2146921157836914,0.5111717042468843,0.05802308768033981,0.05293474164128169,0.005088346039058125,101426.6796875,0.035012516635689675
0.2154073566198349,0.5128746586186546,0.056732796132564545,0.05291334168947453,0.003819454443090016,101396.1171875,-0.006667759337173989
0.21542562544345856,0.5129181558177585,0.05417417362332344,0.05291275546995275,0.0012614181533706914,100747.890625,-0.8907008723986302
0.21547101438045502,0.5130262247153691,0.05929718166589737,0.05291129046643932,0.006385891199458052,101462.25,0.08352230613069178
0.2161635458469391,0.5146751091593788,0.05544538423418999,0.05288742794987456,0.0025579562843154255,101115.9375,-0.3887689191569106
0.21618181467056274,0.5147186063584828,0.05288676172494888,0.05288676010746442,1.617484465810115e-09,101308.8203125,-0.12572077664821146
0.21618624031543732,0.5147291436081841,0.0580068901181221,0.05288659802526072,0.005120292092861384,101290.0625,-0.15130215257122925
0.2169014811515808,0.5164320979799544,0.05671659857034683,0.05285888414082497,0.0038577144295218607,101003.9296875,-0.5415220164531648
0.21691974997520447,0.5164755951790583,0.05415797606110573,0.05285813672816552,0.0012998393329402072,101165.84375,-0.3207081822155371
0.21696513891220093,0.5165836640766689,0.05928098410367966,0.05285627125759222,0.006424712846087435,101181.0,-0.3000385157054769
0.217657670378685,0.5182325485206786,0.055429186671972275,0.05282630178381237,0.0026028848881599065,101022.8515625,-0.5157168967174092
0.21768036484718323,0.5182865829694839,0.05799069255590439,0.052825271839787954,0.005165420716116434,101187.34375,-0.2913870882796166
0.21839450299739838,0.5199869118985676,0.05404673144221306,0.05279131262545397,0.0012554188167590852,100597.78125,-1.095415806586412
0.21839559078216553,0.5199895018622989,0.05670039728283882,0.05279125860840451,0.0039091386744343135,101352.1484375,-0.06663110115089503
0.21848568320274353,0.5202040076255798,0.05922158062458038,0.05278676064665158,0.006434819977928802,101308.515625,-0.1261363008718673
0.2191324234008789,0.5217438652401879,0.055317945778369904,0.05275307020919095,0.002564875569178955,100939.2734375,-0.6296983876063906
0.21920092403888702,0.5219069619973501,0.057931289076805115,0.05274935783829352,0.005181931238511593,101158.8671875,-0.3302226214905287
0.2198692411184311,0.5234981931391217,0.05393549054861069,0.05271169279753741,0.0012237977510732787,100526.3984375,-1.1927656740618862
0.21989138424396515,0.5235509148665837,0.056590594351291656,0.0527103999893078,0.003880194361983856,101090.2578125,-0.4237901530840074
0.22000624239444733,0.523824386653446,0.05916217714548111,0.05270364794147612,0.006458529204004991,101331.5546875,-0.09471627688312116
0.22062820196151733,0.5253052427655175,0.05520813912153244,0.052665742225869144,0.002542396895663296,100677.375,-0.9868680940067763
0.22069670259952545,0.5254683395226797,0.05782148241996765,0.0526614288678435,0.00516005355212415,101234.6328125,-0.22689559787477417
0.22136501967906952,0.5270595706644513,0.053825683891773224,0.05261790532034724,0.0012077785714259826,100264.5078125,-1.5499247259949986
0.22138717770576477,0.5271123278708685,0.05648079141974449,0.0526164175599301,0.0038643738598143906,100828.3515625,-0.7809705139516663
0.22150202095508575,0.5273857641787756,0.059052370488643646,0.0526086606417926,0.0064437098468510465,101407.3203125,0.008610746732633397
0.22212399542331696,0.5288666557698023,0.055098336189985275,0.052565311988291966,0.0025330242016933097,100415.4765625,-1.3440378004071618
0.22219249606132507,0.5290297525269645,0.057711679488420486,0.05256039979688289,0.0051512796915376,101310.3984375,-0.12356857425901963
0.22283977270126343,0.5305708873839605,0.053714439272880554,0.05251263314020588,0.0012018061326746765,100368.34375,-1.4083162014665398
0.2228829562664032,0.5306737053961981,0.05637098476290703,0.052509359509707615,0.0038616252531994133,100985.6015625,-0.5665173966761551
0.22304365038871765,0.5310563104493278,0.05895195156335831,0.05249708237715789,0.006454869186200418,101340.703125,-0.08223989570617245
0.22359874844551086,0.5323779724893116,0.054987091571092606,0.05245351711008952,0.0025335744610030866,100867.796875,-0.7271761086891436
0.22373412549495697,0.5327002987975166,0.05761126056313515,0.0524426208484588,0.0051686397146763485,101169.109375,-0.31625461489532825
0.22431452572345734,0.5340822041034698,0.053603194653987885,0.05239470000563099,0.0012084946483568934,100481.2109375,-1.2543911127702307
0.22439268231391907,0.5342682912236169,0.05624531954526901,0.05238809777081916,0.0038572217744498524,101062.0625,-0.46224212547308335
0.22458527982234955,0.5347268567198799,0.05885153263807297,0.052371677158985955,0.006479855479087013,101352.609375,-0.06600248758177464
0.22510845959186554,0.5359725228377751,0.05486142262816429,0.05232598779810923,0.0025354348300550625,100630.359375,-1.0509866780570558
0.22524385154247284,0.5362948846249354,0.05748559534549713,0.052313906205046404,0.005171689140450728,101245.5625,-0.21198999815952974
0.2258242517709732,0.5376767899308886,0.05347752943634987,0.052260915226173967,0.0012166142101759023,100243.7734375,-1.5782016821381428
0.22590240836143494,0.5378628770510356,0.056119654327631,0.05225363100987714,0.003866023317753854,101138.5234375,-0.35796685427001157
0.22609500586986542,0.5383214425472986,0.05872586742043495,0.05223553061061595,0.006490336809819003,101248.765625,-0.2076216665775067
0.2266182005405426,0.5395671441441491,0.054735761135816574,0.05218528249812751,0.002550478637689063,100392.9140625,-1.3748079018922412
0.2267535775899887,0.5398894704523541,0.057359930127859116,0.05217202438327493,0.005187905744584186,101250.21875,-0.2056399356646865
0.22729898989200592,0.5411880711714427,0.0533662885427475,0.05211754347240832,0.0012487450703391745,100218.09375,-1.6132229160652398
0.2274121344089508,0.5414574628784543,0.05599398910999298,0.0521060278157968,0.0038879612941961836,101251.65625,-0.20367951368641274
0.22759462893009186,0.5418919736430758,0.05859500542283058,0.05208729925668557,0.0065077061661450095,101364.3515625,-0.0499888232701146
0.22809293866157532,0.5430784253847032,0.0546245202422142,0.052035189122050685,0.0025893311201635183,100193.1875,-1.6471893577322871
0.22825318574905396,0.5434599660691761,0.057229068130254745,0.05201812979159917,0.005210938338655574,101365.796875,-0.048017746824567616
0.22877374291419983,0.544699387890952,0.053255047649145126,0.051961701678117984,0.001293345971027142,99710.609375,-2.305315801199513
0.228932723402977,0.5450779128642309,0.05584898218512535,0.051944160315562746,0.0039048218695626052,100923.1640625,-0.6516678991237845
0.2290942370891571,0.5454624692598979,0.05846414342522621,0.05192619206583406,0.006537951359392148,101479.9296875,0.10763336557000427
0.22945454716682434,0.5463203503972008,0.05188557505607605,0.05188557310680816,1.9492678929311502e-09,100071.453125,-1.8132072667837087
0.2296135276556015,0.5466988753704798,0.054479509592056274,0.05186741611902457,0.002612093473031707,100343.9609375,-1.4415687938262811
0.22977375984191895,0.5470803805759975,0.057084061205387115,0.051848970986384406,0.00523509021900271,101186.4921875,-0.2925484252123984
0.230294331908226,0.5483198378767287,0.053110040724277496,0.05178804057529498,0.0013220001489825176,100160.9296875,-1.691181653103441
0.23045329749584198,0.5486983273710524,0.05570397526025772,0.051769128583104604,0.003934846677153117,100552.953125,-1.156551139800188
0.2306148260831833,0.5490829192456745,0.05831913650035858,0.051749765290708946,0.006569371209649635,101214.2265625,-0.25472506639244286
0.2311341017484665,0.5503192898773012,0.054334502667188644,0.05168651865212849,0.0026479840150601536,100250.390625,-1.5691773483577196
0.23129434883594513,0.5507008305617741,0.05693905055522919,0.05166669383178404,0.00527235672344515,101139.7109375,-0.3563473752444811
0.23176908493041992,0.5518311545962379,0.05288795381784439,0.051607113806547734,0.0012808400112966564,99625.8828125,-2.420863498777659
0.23197387158870697,0.5523187418778738,0.05555896461009979,0.051581021664895206,0.003977942945204586,100918.3671875,-0.6582097420295459
0.2321292757987976,0.552688751901899,0.058167457580566406,0.051561064295392485,0.006606393285173921,101326.4375,-0.10169495294708478
0.2326088547706604,0.5538306065968105,0.05411241576075554,0.05149862213713322,0.0026137936236223167,100240.625,-1.5824954324492533
0.23280881345272064,0.5543066986969539,0.05678737163543701,0.051472206821786,0.005315164813651012,101048.8828125,-0.48021621176301715
0.23324382305145264,0.555342435836792,0.052665870636701584,0.051413968833734044,0.0012519018029675394,99562.8671875,-2.506802431803507
0.2334548979997635,0.5558449952375322,0.05537288635969162,0.051385330309575004,0.0039875560501166155,100676.640625,-0.9878696139304596
0.23364374041557312,0.5562946200370789,0.05801577866077423,0.0513594979714292,0.006656280689345033,101372.3828125,-0.03903603091323733
0.23408986628055573,0.5573568244775137,0.053926337510347366,0.05129768339779597,0.002628654112551393,99998.890625,-1.9121659588174402
0.23428982496261597,0.5578329165776571,0.05660129338502884,0.05126961875291296,0.005331674632115882,101135.265625,-0.3624097671229472
0.23472483456134796,0.5588686537174952,0.05247979238629341,0.05120779893439631,0.0012719934518971021,99321.1328125,-2.836472958171694
0.2349359095096588,0.5593712131182353,0.05518680810928345,0.051177425574624354,0.004009382534659094,100434.8984375,-1.3175507947659197
0.23512475192546844,0.559820837917782,0.05782970041036606,0.051150042887626375,0.0066796575227396834,101247.421875,-0.20945423494850174
0.23557087779045105,0.5608830423582168,0.053740259259939194,0.0510845723943055,0.002655686865633694,99757.1484375,-2.2418471396529007
0.2357708364725113,0.5613591344583603,0.056415215134620667,0.05105487219578123,0.005360342938839434,101187.0,-0.29185588483963865
0.23619958758354187,0.5623799704370045,0.052257709205150604,0.05099044874952236,0.0012672604556282427,99415.2734375,-2.70808662752931
0.23641692101955414,0.5628974309989384,0.055000726133584976,0.050957407605630944,0.004043318527954032,100838.671875,-0.7668959626837335
0.236710324883461,0.5635960116272881,0.05783863738179207,0.050912391446079924,0.006926245935712144,101350.8203125,-0.0684423605873436
0.23704563081264496,0.5643943590777261,0.05351817607879639,0.05086037053686651,0.002657805541929875,100125.6484375,-1.7392972273093337
0.23735640943050385,0.5651343081678664,0.05642415210604668,0.05081160754240567,0.005612544563641006,101142.234375,-0.3529059823152288
0.23767434060573578,0.5658912871565138,0.0520356260240078,0.05076117849281244,0.0012744475311953565,99378.140625,-2.7587273104789576
0.23782189190387726,0.5662425997711363,0.05471975728869438,0.05073758792881269,0.003982169359881695,100887.6171875,-0.7001457252169669
0.23829589784145355,0.5673711853367942,0.05784757807850838,0.05066100516534974,0.007186572913158634,101445.765625,0.06104138018418301
0.23845058679580688,0.5677394923709688,0.053237203508615494,0.050635749725394974,0.00260145378322052,99812.8828125,-2.1658381701256997
0.23876138031482697,0.5684794769400642,0.056143179535865784,0.05058461714148575,0.005558562394380032,101191.1640625,-0.2861770537830087
0.2390792965888977,0.5692364204497564,0.051754653453826904,0.050531774028800845,0.0012228794250260591,99065.375,-3.1852682532953236
0.23922684788703918,0.569587733064379,0.05443878471851349,0.050507063718597894,0.003931720999915594,100936.5625,-0.6333954877502004
0.23970085382461548,0.5707163186300369,0.057566605508327484,0.050426891417416186,0.007139714090911298,101315.203125,-0.11701607688598507
0.23985555768013,0.5710846611431667,0.0529562309384346,0.0504004645410308,0.0025557663974037984,99500.109375,-2.592389767409339
0.2401663362979889,0.5718246102333069,0.05586220696568489,0.05034698985748826,0.005515217108196628,101240.109375,-0.2194268163162421
0.24055403470993042,0.5727477016903105,0.0515325702726841,0.05027955734534715,0.001253012927336948,99170.8359375,-3.0414435995740337
0.2406318038702011,0.5729328663576218,0.0541578084230423,0.05026593453337307,0.0038918738896692243,100985.5,-0.566655904750707
0.24081701040267944,0.573373834292094,0.05694759637117386,0.05023336244124436,0.0067142339299295015,101444.6015625,0.0594538645604722
0.24128249287605286,0.574482125895364,0.055243201553821564,0.05015069466275541,0.005092506891066155,101369.0625,-0.04356417950435877
0.24133029580116272,0.5745959423837208,0.052734147757291794,0.0501421400547218,0.0025920077025699956,99340.4375,-2.8101457695395506
0.2419331818819046,0.5760313854331062,0.05632859095931053,0.05003321375751808,0.006295377201792449,101574.0,0.23592380600692947
0.24197985231876373,0.5761425055208661,0.05379028245806694,0.050024701642531415,0.0037655808155355255,100652.9921875,-1.0201206863665175
0.24202878773212433,0.5762590184098199,0.05131048709154129,0.0500157641078863,0.001294722983654989,98689.578125,-3.697769438072084
0.24263052642345428,0.5776917295796531,0.05487567186355591,0.04990483409967448,0.004970837763881429,101056.953125,-0.4692101470697737
0.24267834424972534,0.5778055815469652,0.05236661806702614,0.04989593745851056,0.002470680608515581,99366.328125,-2.7748368649960766
0.24272727966308594,0.5779220944359189,0.04988682270050049,0.049886820491764884,2.2087356041367023e-09,98038.703125,-4.585414415539164
0.24328123033046722,0.5792410245963505,0.055961061269044876,0.04978274327803838,0.006178317991006495,101247.4765625,-0.20937965367758912
0.24332788586616516,0.5793521092051551,0.053422752767801285,0.04977390444898142,0.0036488483188198625,100568.3359375,-1.1355724937392042
0.24337683618068695,0.5794686575730642,0.050942957401275635,0.049764618688988994,0.0011783387122866404,98809.890625,-3.5336906420643897
0.2439785748720169,0.5809013687428974,0.05450814217329025,0.04964945249255714,0.004858689680733115,101067.5,-0.4548266162509174
0.24402637779712677,0.5810151852312543,0.05199908837676048,0.0496402229800257,0.0023588653967347856,99254.8359375,-2.926886767452298
0.24453701078891754,0.5822309780688513,0.05612679570913315,0.04954089548555285,0.006585900223580299,101283.3359375,-0.16047564889347762
0.2446759194135666,0.5825617128894442,0.05305521935224533,0.0495136423324397,0.0035415770198056334,100852.125,-0.7485489700392368
0.24485157430171967,0.5829799388136183,0.05061876028776169,0.049479037474079265,0.0011397228136824228,98306.7109375,-4.219912915731116
0.24523437023162842,0.5838913576943534,0.054673876613378525,0.049403075474117854,0.005270801139260671,101103.359375,-0.4059226114668059
0.24550113081932068,0.5845265019507635,0.051674891263246536,0.049349695289063876,0.0023251959741826603,99680.3515625,-2.346580552948721
0.24579280614852905,0.5852209670203072,0.05629253387451172,0.04929091309442293,0.007001620780088785,101319.1953125,-0.11157164410936612
0.24589426815509796,0.5854625432264238,0.053455788642168045,0.04927036337000243,0.004185425272165616,101238.515625,-0.2216003276399804
0.24632632732391357,0.5864912555331275,0.05029456317424774,0.04918226899779106,0.0011122941764566824,98508.59375,-3.9445908269236587
0.2464527040719986,0.5867921525523776,0.05507444217801094,0.049156322217583114,0.005918119960427827,101239.59375,-0.2201300111562751
0.24671946465969086,0.5874272968087878,0.05207545682787895,0.04910128705285433,0.0029741697750246196,100066.75,-1.8196212560821914
0.24711260199546814,0.588363338084448,0.05385635420680046,0.049019523333138276,0.0048368308736621846,101624.921875,0.3053696236938225
0.24754466116428375,0.5893920503911518,0.05069512873888016,0.048928766415090814,0.001766362323789343,98894.984375,-3.4176421845244023
0.24767103791236877,0.5896929474104019,0.055475007742643356,0.04890204284066877,0.006572964901974586,101557.2265625,0.2130486647713113
0.24793779850006104,0.590328091666812,0.05247602239251137,0.04884537097819425,0.003630651414317121,100453.140625,-1.292672613682935
0.24833093583583832,0.5912641329424722,0.05425691604614258,0.048761202618613,0.0054957134275295805,102011.3125,0.8323182660930789
0.24836590886116028,0.5913474020503816,0.049719881266355515,0.04875367776293521,0.0009662035034203043,97720.7578125,-5.0190192701576795
0.24875904619693756,0.5922834433260419,0.051500774919986725,0.04866867103467179,0.002832103885314935,98764.2578125,-3.5959233854073083
0.24908313155174255,0.5930550751231966,0.055606659501791,0.04859801843638542,0.00700864106540558,101543.34375,0.1941156764267871
0.24915218353271484,0.593219484601702,0.053281672298908234,0.04858289749574551,0.004698774803162727,99807.7578125,-2.1728275006569366
0.2495802789926529,0.5942387595063164,0.05052553117275238,0.048488628251480086,0.0020369029212722947,97796.1015625,-4.91626758777468
0.24970029294490814,0.594524507011686,0.05437255650758743,0.04846203842095097,0.005910518086636465,101573.703125,0.23551893625054685
0.2498406618833542,0.5948587187698909,0.04939568415284157,0.048430849001069136,0.0009648351517724321,98492.96875,-3.9658997614701126
0.24997341632843018,0.5951748007819766,0.05230642855167389,0.04840126250862853,0.0039051660430453605,98839.6015625,-3.493171703024308
0.2504524886608124,0.5963154491924104,0.05572229623794556,0.048293775936631075,0.007428520301314481,101574.1015625,0.23606231408148143
0.25052154064178467,0.5964798586709159,0.05339730903506279,0.04827819072596502,0.005119118309097767,100955.46875,-0.6076116769489913
0.2507946491241455,0.5971301169622513,0.051331181079149246,0.048216321867369946,0.0031148592117793,97871.4296875,-4.813537214326225
0.2510550320148468,0.5977500762258258,0.050201334059238434,0.04815699823190397,0.002044335827334466,99201.03125,-3.0002640835630117
0.2510696351528168,0.5977848456019447,0.05448819324374199,0.048153661425203845,0.006334531818538144,101706.421875,0.41651702628812554
0.2513154149055481,0.5983700354894003,0.04907148703932762,0.048097345984182645,0.0009741410551449767,98650.6328125,-3.7508819574291206
0.2513427734375,0.5984351748511905,0.052422065287828445,0.0480910592584458,0.0043310060293826474,100330.296875,-1.460203457087155
0.2518908977508545,0.5997402327401298,0.053512945771217346,0.04796434490296318,0.005548600868254164,101053.5625,-0.47383418586635423
0.25202178955078125,0.6000518798828125,0.05120055004954338,0.047933871788210965,0.003266678261332416,99652.5625,-2.3844784930395893
0.25228217244148254,0.600671839146387,0.05007070302963257,0.04787300741716121,0.002197695612471358,99102.15625,-3.135107021372971
0.2524389922618866,0.6010452196711585,0.05460382625460625,0.04783619432817544,0.00676763192643081,101511.4765625,0.15065610441929453
0.25254252552986145,0.6012917274520511,0.048940856009721756,0.04781182576490609,0.0011290302448156639,98864.015625,-3.4598764927954737
0.25256991386413574,0.6013569377717518,0.05229143053293228,0.04780537083544152,0.00448605969749076,100518.1484375,-1.2040167915024138
0.25311800837516785,0.6026619247027806,0.05338231474161148,0.047675444448782224,0.005706870292829257,101118.0546875,-0.3858815585258661
0.253248929977417,0.6029736428033738,0.05106991529464722,0.04764419836809889,0.0034257169265483264,99553.6875,-2.519321430849549
0.2535092830657959,0.6035935311090379,0.0499400720000267,0.04758182093171539,0.0023582510683113136,99177.78125,-3.031971778168135
0.2537970244884491,0.6042786297344026,0.052160799503326416,0.04751250957605353,0.004648289927272883,100859.7578125,-0.7381395555132941
0.25401729345321655,0.6048030796505156,0.04861665889620781,0.04745918785710088,0.0011574710391069262,98377.8671875,-4.122872027806564
0.2540683150291443,0.6049245595932007,0.054467737674713135,0.047446804299205655,0.007020933375507479,101526.09375,0.17059061268750209
0.25447604060173035,0.6058953347660246,0.05093928426504135,0.047347406522463435,0.003591877742577916,100601.4453125,-1.0904188614352686
0.25474733114242554,0.6065412646248227,0.05324622243642807,0.0472808397325361,0.005965382703891971,101251.484375,-0.20391391196642372
0.254984050989151,0.6071048833075025,0.04961587116122246,0.047222475903853964,0.002393395257368494,99197.3984375,-3.005218410845062
0.2554263472557068,0.6081579696564448,0.052024707198143005,0.047112730889913745,0.00491197630822926,100993.1796875,-0.5561825634211249
0.25549203157424927,0.6083143608910697,0.04829246178269386,0.04709635585244649,0.001196105930247375,97891.7265625,-4.785856908350382
0.255697637796402,0.6088038995152428,0.05433164909482002,0.047044969935591235,0.007286679159228787,101540.7109375,0.19052512095570961
0.25600001215934753,0.609523838474637,0.04696904867887497,0.04696904635791379,2.3209611801910945e-09,98063.0390625,-4.552225749983062
0.25601786375045776,0.6095663422629947,0.05061136931180954,0.04696455086940306,0.0036468184424064826,99850.9140625,-2.113972223439631
0.2563766539096832,0.6104206045468649,0.05311013385653496,0.04687388927991252,0.006236244576622439,101384.90625,-0.0219569198742546
0.2565258741378784,0.6107758908044725,0.049287956207990646,0.04683601030177014,0.0024519459062205054,98898.21875,-3.4132312350732863
0.2569681704044342,0.6118289771534148,0.051696792244911194,0.046723140476360926,0.004973651768550268,100809.1875,-0.8071059221728919
0.2570338547229767,0.6119853683880397,0.04796454682946205,0.04670630283222237,0.0012582439972396789,98427.1640625,-4.055642339312503
0.2575596868991852,0.6132373497599647,0.05028345435857773,0.046570808090505816,0.003712646268071912,99551.7265625,-2.5219957021351287
0.25791847705841064,0.6140916120438349,0.052782218903303146,0.04647764284482168,0.006304576058481469,101198.5078125,-0.27616185454617537
0.25806766748428345,0.6144468273435321,0.048960041254758835,0.04643873373975847,0.002521307515000362,98791.28125,-3.5590695831092165
0.2585085928440094,0.6154966496285939,0.047550976276397705,0.04632315989321933,0.0012278163831783775,97872.4453125,-4.812152133580706
0.2591014802455902,0.6169082862990243,0.04995553568005562,0.046166395575607116,0.003789140104448502,100065.78125,-1.8209424100240714
0.25954240560531616,0.6179581085840862,0.04854647070169449,0.046048807450522825,0.002497663251171664,98716.2109375,-3.661448359137654
0.2597460448741913,0.6184429639861697,0.05249524861574173,0.045994212496536103,0.006501036119205626,101310.8828125,-0.12290799728807955
0.2599833309650421,0.619007930869148,0.04713740572333336,0.045930368755546,0.0012070369677873588,97590.0234375,-5.197311125507859
0.26033756136894226,0.6198513365927197,0.051081910729408264,0.04583460486869895,0.005247305860709317,100766.640625,-0.8651301509428856
0.26059383153915405,0.6204615036646526,0.04949240759015083,0.04576498524613559,0.003727422344015241,100099.25,-1.7752986722255675
0.26103475689888,0.6215113259497144,0.048083338886499405,0.04564453915535962,0.002438799731139786,98417.703125,-4.068544899180381
0.26147568225860596,0.6225611482347762,0.046674273908138275,0.04552326008443112,0.0011510138237071574,97933.2890625,-4.729175142456815
0.2615736424922943,0.6227943868864151,0.05220828577876091,0.04549620299627846,0.006712082782482448,101467.515625,0.09070341707284672
0.2618299126625061,0.6234045539583479,0.05061877891421318,0.04542522712338961,0.005193551790823571,100800.109375,-0.8194864131443815
0.2620861828327179,0.6240147210302808,0.04902927577495575,0.045353973088476024,0.0036753026864797256,100132.703125,-1.7296762433616097
0.26252710819244385,0.6250645433153426,0.04762021079659462,0.04523072906333746,0.002389481733257162,98349.6796875,-4.1613133457283675
0.26295042037963867,0.6260724294753301,0.04626070335507393,0.045111641274551084,0.0011490620805228446,97621.984375,-5.153723699893088
0.26306599378585815,0.6263476042520433,0.051745153963565826,0.045078997815443785,0.006666156148122042,101285.921875,-0.15694902022603952
0.26332226395606995,0.6269577713239761,0.050155650824308395,0.04500641688815426,0.0051492339361541364,100920.6015625,-0.655162564389403
0.26357850432395935,0.6275678674379985,0.048566143959760666,0.044933572442520886,0.00363257151723978,100555.2734375,-1.1533867630200396
0.26400184631347656,0.6285758245558966,0.04720664024353027,0.04481263114088535,0.002394009102644923,98520.75,-3.9280124758465176
0.2643072009086609,0.6293028593063354,0.0508296899497509,0.044724940500132836,0.006104749449618065,101358.234375,-0.05833127114505127
0.2644251585006714,0.6295837107158843,0.04584713280200958,0.04469096392841524,0.0011561688735943418,97506.109375,-5.311750758489589
0.2645634710788727,0.6299130263782683,0.04924018308520317,0.044651052151002436,0.004589130934200734,100992.9140625,-0.5565448153084147
0.2650184631347656,0.630996340797061,0.04812049865722656,0.0445192112843806,0.003601287372845964,99331.0234375,-2.822984402603789
0.26529213786125183,0.6316479472886949,0.05150372534990311,0.04443950738334347,0.0070642179665596355,101795.875,0.5385106765665737
0.26544177532196045,0.6320042269570487,0.04676099494099617,0.04439580034200663,0.0023651945989895395,98316.390625,-4.206712030779587
0.2655484080314636,0.6322581143606277,0.049914222210645676,0.04436459966028785,0.005549622550357826,101430.5546875,0.04029713240321022
0.2658650875091553,0.6330121131170364,0.04540148749947548,0.04427167171710308,0.0011298157823724023,97301.75,-5.590450313422658
0.26600340008735657,0.6333414287794205,0.04879453778266907,0.044230959340239934,0.004563578442429134,100435.78125,-1.3163468399640452
0.2664584219455719,0.6344248141561236,0.04767485335469246,0.044096488701633955,0.0035783646530585037,99126.6640625,-3.101683957536858
0.26653334498405457,0.6346032023429871,0.05058825761079788,0.04407426867266391,0.006513988938133972,101662.46875,0.356574993408951
0.2668817341327667,0.6354327003161113,0.04631534963846207,0.043970656844791546,0.0023446927936705206,98112.0234375,-4.48542224017993
0.2669883668422699,0.6356865877196902,0.04946857690811157,0.04393884901715613,0.0055297278909554395,101271.453125,-0.17668109361605575
0.2673398554325104,0.636523465315501,0.04498791694641113,0.04383368852433493,0.0011542284220762006,97574.0625,-5.219078202147061
0.26744335889816284,0.636769902138483,0.048348892480134964,0.043802630253741336,0.004546262226393628,100446.296875,-1.3020059270142819
0.26789480447769165,0.6378447725659325,0.0504910908639431,0.04366668095200522,0.006824409911937883,101665.4609375,0.3606556543745969
0.2678983509540558,0.6378532165572757,0.047229208052158356,0.04366560985059405,0.003563598201564308,98922.2890625,-3.380404821404474
0.268349826335907,0.6389281579426357,0.04937140643596649,0.043528862379141504,0.005842544056824987,101168.1484375,-0.3175651143699352
0.26835647225379944,0.6389439815566653,0.04590177536010742,0.04352684357871875,0.0023749317813886728,98578.078125,-3.8498299949955785
0.2688048183917999,0.6400114723614284,0.04825172200798988,0.04339026385100221,0.004861458156987672,100517.9921875,-1.2042298808478784
0.2688145935535431,0.640034746556055,0.044574346393346786,0.043387277556250596,0.0011870688370961904,97283.640625,-5.615147368561998
0.26925626397132874,0.641086342788878,0.05039392411708832,0.04325197221590174,0.007141951901186577,101668.4609375,0.36474696980751603
0.26927271485328674,0.6411255115554446,0.04324691370129585,0.043246918338603633,-4.63730778083038e-09,97329.4609375,-5.552658918004523
0.26944538950920105,0.6415366416885739,0.04688265547156334,0.04319380979754946,0.0036888456740138825,99417.875,-2.7045386899273254
0.2697112560272217,0.6421696572076707,0.04927423968911171,0.04311182110032556,0.006162418588786148,101323.046875,-0.10631899174366526
0.2699035108089447,0.6426274066879636,0.045555222779512405,0.043052369210266714,0.0025028535692456916,98429.0078125,-4.053127885036021
0.2703518271446228,0.6436948265348162,0.04790516942739487,0.042913203083145716,0.0049919663442491505,100614.3671875,-1.0727963725653513
0.27036163210868835,0.6437181716873532,0.04422779381275177,0.042910151158445244,0.0013176426543065264,97876.734375,-4.806302831047705
0.27061769366264343,0.6443278420539129,0.05029675364494324,0.04283032379707266,0.007466429847870576,101545.3828125,0.19689649238509932
0.2709923982620239,0.6452199958619618,0.04653610289096832,0.04271307781392218,0.003823025077046141,99268.8046875,-2.907836579967768
0.27125826478004456,0.6458530113810584,0.04892768710851669,0.042629578337698946,0.006298108770817747,101200.5,-0.27344496539150254
0.2714505195617676,0.6463107608613514,0.04520867019891739,0.042569038716737326,0.002639631482180063,98424.0078125,-4.059946744090887
0.27183637022972107,0.6472294529279073,0.043741099536418915,0.04244713658432987,0.0012939629520890422,97383.2734375,-5.479270947426536
0.2718988358974457,0.6473781807082041,0.04755861684679985,0.04242735167201889,0.0051312651747809634,100902.578125,-0.6797424203887374
0.2725394070148468,0.6489033500353496,0.04618954658508301,0.04222366237084737,0.003965884214235639,99747.890625,-2.2544726833716746
0.2729252576828003,0.6498220421019055,0.04472197964787483,0.04210027124415806,0.0026217084037167687,98516.0703125,-3.9343945017431805
0.2729969620704651,0.6499927668344407,0.0489041842520237,0.04207728351249186,0.006826900739531835,101289.1953125,-0.15248479843855745
0.2733111083507538,0.6507407341684615,0.04325440898537636,0.04197636032424634,0.0012780486611300157,97284.234375,-5.614337629049233
0.2736375331878662,0.6515179361615863,0.04753511771559715,0.04187113041832683,0.005663987297270322,100778.3828125,-0.8491164866312256
0.2740500271320343,0.6525000646000817,0.04578429087996483,0.041737630378964836,0.004046660500999992,99592.7265625,-2.466081057885234
0.2744358777999878,0.6534187566666376,0.044316720217466354,0.04161222786348607,0.0027044923539802854,98360.8984375,-4.146013530724013
0.27473562955856323,0.6541324513299125,0.048880685120821,0.041514459982208624,0.007366225138612376,101446.6328125,0.0622240260515112
0.2748217284679413,0.6543374487331935,0.04284914955496788,0.04148632181614584,0.0013628277388220422,97695.109375,-5.053997886215684
0.2751481235027313,0.6551145797684079,0.047129858285188675,0.04137942658075992,0.005750431704428752,100909.8515625,-0.6698231113573632
0.2755606174468994,0.6560967082069034,0.04537903517484665,0.0412438265733666,0.004135208601480048,99437.546875,-2.6777107413333403
0.2759464681148529,0.6570154002734593,0.043911464512348175,0.04111647674807659,0.0027949877642715823,98401.7109375,-4.0903545936886765
0.27624621987342834,0.6577290949367341,0.04847542569041252,0.041017207477954364,0.007458218212458158,101335.9609375,-0.08870715734102118
0.276296466588974,0.6578487299737477,0.042362459003925323,0.04100053856988389,0.0013619204340414304,97282.296875,-5.616979936932994
0.27665871381759644,0.6587112233752296,0.046724602580070496,0.04088012434130628,0.005844478238764217,101041.3125,-0.49054039055077403
0.2770712077617645,0.6596933518137251,0.04497377574443817,0.040742493612054925,0.004231282132383246,100242.6015625,-1.579799852229127
0.2774212062358856,0.6605266815140134,0.04342477023601532,0.04062528928849657,0.002799480947518751,98548.9140625,-3.8896031213265347
0.2777712047100067,0.6613600112143018,0.04187576472759247,0.04050769771637355,0.0013680670112189153,97183.109375,-5.752249053433882
0.27779752016067505,0.6614226670492264,0.04781850054860115,0.040498840757462316,0.007319659791138834,101436.671875,0.04863958027814689
0.27821001410484314,0.6624047954877218,0.046067677438259125,0.04035972551421816,0.005707951924040965,100897.0,-0.6873497100218214
0.2785506248474121,0.6632157734462193,0.044470757246017456,0.040244455106988195,0.0042263021390292616,100297.234375,-1.505293162587451
0.2789006233215332,0.6640491031465077,0.042921751737594604,0.040125635952478624,0.002796115785115981,98306.859375,-4.219710480852924
0.2792506217956543,0.6648824328467959,0.04137274622917175,0.04000644324753359,0.0013663029816381664,96941.046875,-6.082367067427545
0.27934885025024414,0.6651163101196289,0.04716157540678978,0.039972924659286445,0.007188650747503335,101551.3984375,0.20510043218548402
0.2796894311904907,0.6659272171202161,0.04556465521454811,0.039856483050683615,0.005708172163864496,100951.6328125,-0.6128430203801457
0.2800300419330597,0.6667381950787136,0.04396773502230644,0.039739684476233966,0.004228050546072476,99430.6171875,-2.6871612538046925
0.2803800404071808,0.667571524779002,0.04241873323917389,0.03961930868918673,0.0027994245499871617,98064.8046875,-4.549817840379314
0.2807253897190094,0.6683937850452605,0.040886055678129196,0.03950017935032209,0.001385876327807109,97170.203125,-5.769850233369254
0.2808282673358917,0.6686387317521232,0.046658556908369064,0.03946462416562993,0.007193932742739134,101606.015625,0.27958581289261336
0.2811688482761383,0.6694496387527102,0.045061636716127396,0.03934669849275973,0.005714938223367667,101006.25,-0.5383576396730164
0.2815094590187073,0.6702606167112078,0.04346471652388573,0.039228428959810324,0.004236287564075403,100406.46875,-1.3563224011731925
0.2818547785282135,0.6710828060195559,0.041932038962841034,0.039108187056640396,0.0028238519062006376,98439.2734375,-4.039127915039001
0.2822001278400421,0.6719050662858146,0.04039936140179634,0.03898759825593906,0.001411763145857281,96762.453125,-6.325928189293512
0.28227266669273376,0.6720777778398423,0.046066764742136,0.03896222673018457,0.007104538011951433,101442.828125,0.05703530048944969
0.28254544734954834,0.6727272555941627,0.03886668384075165,0.03886668658853607,-2.7477844236067916e-09,96584.921875,-6.56804030361032
0.28261324763298035,0.6728886848404294,0.04446984454989433,0.03884290784156974,0.0056269367083245925,100865.125,-0.7308199364965873
0.28300973773002625,0.6738327088810149,0.042938318103551865,0.03870359835645718,0.004234719747094683,100189.5625,-1.6521330305470645
0.28335508704185486,0.6746549691472735,0.04140564054250717,0.03858190750749217,0.0028237330350149997,98165.25,-4.412833354647435
0.2837004065513611,0.6754771584556216,0.03987296298146248,0.038459904714129835,0.0014130582673326439,97347.546875,-5.527993826267003
0.2837170660495758,0.6755168239275615,0.04547497257590294,0.03845401074865012,0.007020961827252821,101558.515625,0.21480665187139375
0.2841135263442993,0.6764607770102365,0.04394344612956047,0.03831352875534804,0.00562991737421243,100882.953125,-0.7065064421790834
0.2845100164413452,0.677404801050822,0.042411919683218,0.038172620590174185,0.004239299093043818,100207.3828125,-1.6278301906968338
0.28485536575317383,0.6782270613170805,0.04087924212217331,0.038049552485071275,0.002829689637102034,98110.171875,-4.487947348923685
0.2851751744747162,0.6789885106540862,0.039332274347543716,0.037935310987166126,0.00139696336037759,96915.875,-6.116695760981882
0.2852173447608948,0.6790889160973685,0.04494857415556908,0.037920227403666636,0.007028346751902441,101324.71875,-0.1040389357471947
0.2856138050556183,0.6800328691800436,0.04341704770922661,0.037778198990980935,0.005638848718245673,101063.5234375,-0.4602497400929899
0.2860102951526642,0.680976893220629,0.04188552126288414,0.03763576312361836,0.004249758139265779,100802.3125,-0.8164818533733316
0.28633010387420654,0.6817383425576347,0.04033855348825455,0.03752058873282071,0.0028179647554338397,98237.7890625,-4.313906626015523
0.2866499125957489,0.6824997918946403,0.038791585713624954,0.0374051620835691,0.0013864236300558525,96783.2890625,-6.297512725075816
0.28681764006614685,0.6828991430146354,0.04444677382707596,0.037344525256224656,0.007102248570851302,101407.5703125,0.008951689685376657
0.28721413016319275,0.6838431670552209,0.04291524738073349,0.03720091539649345,0.00571433198424004,101146.3671875,-0.34726976912769175
0.28753572702407837,0.6846088738668533,0.04134537652134895,0.03708415532103503,0.004261221200313921,100151.71875,-1.7037432700185755
0.2878555357456207,0.6853703232038589,0.03979841247200966,0.03696780150279892,0.0028306109692107367,98042.4765625,-4.580268307846196
0.2881753146648407,0.6861317015829541,0.03825144097208977,0.03685121895545054,0.0014002220166392243,96587.9765625,-6.563874406906488
0.2884179651737213,0.6867094408898127,0.04394497722387314,0.03676259707156724,0.007182380152305899,101490.4140625,0.12193166065067479
0.28873956203460693,0.6874751477014451,0.0423751063644886,0.036644933863533125,0.005730172500955477,100878.7109375,-0.7122918179084456
0.28906115889549255,0.6882408545130775,0.040805235505104065,0.03652703583654985,0.004278199668554215,99301.640625,-2.8630558540183952
0.2893809378147125,0.6890022328921727,0.03925826773047447,0.0364095741395861,0.0028486935908883723,97847.15625,-4.846640644144141
0.2896500825881958,0.6896430537814185,0.037710752338171005,0.036310535582630116,0.0014002167555408895,96866.09375,-6.184586026446884
0.2899433970451355,0.690341421536037,0.04340483248233795,0.03620242212815713,0.007202410354180823,101605.703125,0.27915963420168427
0.2902649939060211,0.6911071283476694,0.041834961622953415,0.03608366937254023,0.005751292250413188,100953.671875,-0.6100622044218335
0.29058656096458435,0.6918727642013913,0.04026509076356888,0.03596470582478581,0.0043003849387830695,99106.3125,-3.1294388447836146
0.2908557057380676,0.6925135850906372,0.03871757909655571,0.03586496737266931,0.0028526117238864,98270.6640625,-4.269072627729784
0.2911248207092285,0.6931543350219727,0.03717006370425224,0.035765088166309765,0.001404975537942478,96498.96875,-6.685260752550363
0.29149743914604187,0.6940415217762902,0.0428922101855278,0.03562654716158013,0.007265663023947669,101430.5859375,0.040339750272303125
0.2918190360069275,0.6948072285879227,0.041322339326143265,0.035506748017820056,0.005815591308323209,100850.75,-0.7504241562793248
0.2920818030834198,0.6954328644843328,0.039729099720716476,0.03540870887421665,0.004320390846499829,99531.4453125,-2.549654699176426
0.2923509180545807,0.6960736144156683,0.03818158805370331,0.035308158634066535,0.0028734294196367735,98063.3203125,-4.551842189161226
0.2926200330257416,0.6967143643470037,0.03663407266139984,0.03520746562902665,0.0014266070323731908,96595.1953125,-6.554029679146027
0.29305151104927063,0.6977416929744539,0.04237958788871765,0.03504572843684307,0.0073338594518745845,101551.28125,0.20494061517638562
0.29331424832344055,0.6983672579129537,0.04078634828329086,0.03494706794723487,0.005839280336055991,100921.3359375,-0.6541610444657197
0.29357701539993286,0.698992893809364,0.039193108677864075,0.03484826574457226,0.004344842933291813,99324.0859375,-2.8324455695424144
0.29384613037109375,0.6996336437406995,0.037645597010850906,0.03474694298824544,0.0028986540226054666,97855.9609375,-4.834633059527215
0.2940948009490967,0.7002257165454683,0.03609338402748108,0.03465319876032097,0.00144018526716011,96832.421875,-6.230506780394492
0.2945467233657837,0.701301722299485,0.04184359684586525,0.03448254437796778,0.007361052467897471,101360.3203125,-0.05548652838309968
0.2948094606399536,0.7019272872379848,0.04025035724043846,0.034383161630704685,0.005867195609733776,101144.25,-0.35015712975873625
0.2950722277164459,0.7025529231343951,0.03865711763501167,0.03428364580180512,0.004373471833206556,99116.734375,-3.11522578544113
0.29532089829444885,0.7031449959391639,0.037104908376932144,0.0341893578378385,0.0029155505390936476,97668.7734375,-5.089914095393731
0.2955695390701294,0.7037369977860224,0.03555269539356232,0.034094974778852705,0.0014577206147096122,96427.4453125,-6.782802400436755
0.29581817984580994,0.7043289996328809,0.03400048613548279,0.03400048663705268,-5.015698897881116e-10,95186.1015625,-8.475712014414325
0.2960413992404938,0.7048604743821281,0.04124380275607109,0.033915570654504124,0.007328232101566967,101455.1484375,0.07383739537932853
0.2963041663169861,0.7054861102785384,0.0396505631506443,0.03381550424950003,0.005835058901144274,101239.078125,-0.22083320599630807
0.29654258489608765,0.7060537735621135,0.03808622807264328,0.033724612329830164,0.004361615742813116,99497.9375,-2.595351709311296
0.2967912554740906,0.7066458463668823,0.03653401508927345,0.03362971415377324,0.0029043009355002106,97950.7734375,-4.705330444699333
0.2970398962497711,0.7072378482137408,0.034981805831193924,0.033534728699430146,0.0014470771317637784,97044.234375,-5.941642863682764
0.29753610491752625,0.7084192974226816,0.04064400866627693,0.033344878012660645,0.007299130653616287,101549.9765625,0.20316131914175672
0.2977745234966278,0.7089869607062567,0.03907967358827591,0.0332535236648013,0.005826149923474612,100898.75,-0.6849631093526186
0.29801294207572937,0.7095546239898318,0.03751533478498459,0.03316208340148339,0.0043532513835011985,99223.921875,-2.969046494452457
0.2982615828514099,0.7101466258366903,0.03596312552690506,0.03306663237387932,0.002896493153025738,97898.8671875,-4.776118725262653
0.29851463437080383,0.7107491294542949,0.03440836817026138,0.032969394821511594,0.001438973348749789,96654.125,-6.473663032504076
0.29900646209716797,0.7119201478503999,0.04007311537861824,0.0327801411899092,0.007292974188709042,101611.84375,0.28753404547844064
0.29924488067626953,0.7124878111339751,0.03850878030061722,0.03268827554874604,0.0058205047518711805,100924.375,-0.6500164566964344
0.2994832694530487,0.7130554034596398,0.036944445222616196,0.032596342680887375,0.004348102541728821,98753.484375,-3.610615895777088
0.2997363209724426,0.7136579070772444,0.03538968786597252,0.03249867042515753,0.0028910174408149913,97508.7421875,-5.308160203018511
0.29998937249183655,0.7142604106948489,0.03383493050932884,0.03240091220207807,0.0014340183072507756,96264.0078125,-7.005693855792662
0.3004668056964874,0.7153971564202082,0.03948017209768295,0.03221624225312859,0.007263929844554366,101440.7734375,0.054233175596591014
0.300705224275589,0.7159648197037833,0.03791583701968193,0.03212391279418889,0.005791924225493038,101180.3671875,-0.30090152755460825
0.30093875527381897,0.7165208458900452,0.03637390211224556,0.03203340672131908,0.0043404953909264785,99385.40625,-2.7488186559148566
0.3011918067932129,0.7171233495076498,0.03481914475560188,0.031935259169374744,0.002883885586227139,97837.2890625,-4.860097236310227
0.3014448583126068,0.7177258531252544,0.033264387398958206,0.03183703372436543,0.0014273536745927767,96289.171875,-6.971375816705598
0.3019271492958069,0.7188741649900164,0.038887232542037964,0.03164961518917446,0.007237617352863504,101567.9921875,0.227730520673818
0.30216068029403687,0.7194301911762783,0.03734529763460159,0.03155876798625758,0.005786529648344016,100853.40625,-0.7468016374064276
0.30239421129226685,0.7199862173625401,0.03580336272716522,0.03146785903937115,0.004335503687794069,99158.1328125,-3.0587677633603003
0.30264726281166077,0.7205887209801447,0.034248605370521545,0.03136928273019686,0.0028793226403246858,97610.0078125,-5.170056998222944
0.3029195964336395,0.7212371343658084,0.032690949738025665,0.03126311715071578,0.0014278325873098852,96603.1640625,-6.5431621225273355
0.30338260531425476,0.7223395364625114,0.03831668943166733,0.031082438876671326,0.007234250554996002,101354.546875,-0.06336017969801437
0.30361613631248474,0.7228955626487732,0.03677475452423096,0.03099122496985831,0.0057835295543726475,101073.484375,-0.4466652943196256
0.3038496673107147,0.7234515888350351,0.035232819616794586,0.03089995624612968,0.004332863370664908,98930.859375,-3.3687168708057444
0.3041220009326935,0.7241000022206988,0.033675167709589005,0.030793454906974597,0.002881712802614407,97479.5703125,-5.347943983816741
0.30439433455467224,0.7247484156063625,0.032117512077093124,0.030686882303853982,0.001430629773239142,96265.40625,-7.003786706150755
0.30479198694229126,0.7256952070054554,0.03774714842438698,0.030531144241951188,0.00721600418243579,101445.3125,0.06042342108233585
0.30502551794052124,0.7262512331917172,0.036205217242240906,0.030439616448246,0.005765600793994907,101164.2421875,-0.3228923480065486
0.30523988604545593,0.7267616334415617,0.034671809524297714,0.030355556811811485,0.004316252712486229,99324.7421875,-2.8315505942914636
0.3055122196674347,0.7274100468272254,0.033114153891801834,0.030248710227529747,0.0028654436642720875,97785.65625,-4.930512610518984
0.30578455328941345,0.7280584602128892,0.03155650198459625,0.030141801421107037,0.001414700563489215,96246.5625,-7.029485281213778
0.30620136857032776,0.7290508775483995,0.03717761114239693,0.029978057637715164,0.0071995535046817626,101536.0859375,0.18421767632995928
0.30641573667526245,0.729561277798244,0.035644203424453735,0.029893791145812774,0.005750412278640961,100822.28125,-0.7892490350229636
0.30663013458251953,0.7300717490059989,0.034110795706510544,0.02980947802832321,0.004301317678187335,99097.0390625,-3.1420856974369347
0.3069024682044983,0.7307201623916626,0.03255314379930496,0.02970233240687926,0.0028508113924257013,97557.9453125,-5.241058368131728
0.30725932121276855,0.7315698124113538,0.03098306432366371,0.029561853708617875,0.0014212106150458363,96622.1796875,-6.517229149184301
0.30759158730506897,0.7323609221549261,0.036616597324609756,0.029430975358721623,0.007185621965888133,101608.84375,0.2834427300455215
0.30780598521232605,0.7328713933626811,0.035083189606666565,0.02934648619552168,0.005736703411144885,100848.9296875,-0.7529066471539866
0.30802035331726074,0.7333817936125256,0.03354978188872337,0.029261979500091212,0.0042878023886321615,99604.3203125,-2.4502698284517654
0.308377206325531,0.7342314436322167,0.03197970613837242,0.029121240828926996,0.002858465309445425,98220.7578125,-4.337133364671158
0.30859923362731934,0.7347600800650461,0.03596462681889534,0.029033637892235578,0.006930988926659762,101442.5859375,0.056705012003979656
0.30873405933380127,0.7350810936519078,0.03040962666273117,0.02898042745343315,0.001429199209298019,96837.1875,-6.224007555357823
0.30881360173225403,0.7352704803148906,0.03443121910095215,0.028949030429770397,0.0054821886711817515,100601.109375,-1.0908770035280173
0.30909091234207153,0.7359307436715989,0.02883954532444477,0.028839543386735313,1.9377094581662924e-09,96262.4453125,-7.007824749247307
0.30958256125450134,0.7371013363202413,0.03317536041140556,0.028645334080750366,0.004530026330655197,99669.4453125,-2.3614541892621457
0.3096068501472473,0.7371591670172556,0.03531265631318092,0.02863573647892797,0.006676919834252955,101410.6640625,0.013170858725574512
0.3099394142627716,0.7379509863399324,0.03160528093576431,0.028504298056097797,0.0031009828796665154,98285.875,-4.248328379948812
0.31029626727104187,0.7388006363596236,0.030035201460123062,0.028363204909741244,0.0016719965503818185,97373.875,-5.492088271556228
0.31037580966949463,0.7389900230226063,0.03405679762363434,0.028331747922445652,0.005725049701188686,100822.515625,-0.7889294010047668
0.31114476919174194,0.740820879027957,0.032800935208797455,0.028027516967962962,0.004773418240834493,99734.5703125,-2.2726385500725264
0.3111690580844879,0.7408787097249713,0.03493823483586311,0.028017903811372705,0.006920331024490408,101468.5,0.09204587994927331
0.3115016222000122,0.7416705290476482,0.031230855733156204,0.027886260617911628,0.0033445951152445766,98485.296875,-3.9763624483324214
0.311771035194397,0.7423119885580881,0.02945154719054699,0.027779590047679725,0.0016719571428672649,96859.53125,-6.193535778956394
0.31193801760673523,0.742709565730322,0.03368237242102623,0.02771346498956685,0.005968907431459381,101343.546875,-0.07836166961871785
0.31270697712898254,0.7445404217356727,0.032426510006189346,0.02740886558808548,0.005017644418103866,100315.15625,-1.4808518146626686
0.3129763901233673,0.7451818812461126,0.03064720146358013,0.027302115492270976,0.0033450859713091557,98562.7109375,-3.870787332122016
0.31304648518562317,0.7453487742514837,0.033834680914878845,0.027274339367409486,0.006560341547469359,101274.546875,-0.1724619245758579
0.3132457733154297,0.7458232697986421,0.028867894783616066,0.027195364177489374,0.0016725306061266924,96810.2578125,-6.260733504048637
0.3139486610889435,0.7474968121165321,0.032999925315380096,0.02691677463985467,0.006083150675525426,101463.15625,0.08475822433438611
0.31439292430877686,0.748554581687564,0.03178960084915161,0.026740665215878253,0.005048935633273358,100119.9609375,-1.7470536794842428
0.3146623373031616,0.7491960411980039,0.030010290443897247,0.02663386211721346,0.0033764283266837884,98367.5078125,-4.136999851410864
0.314931720495224,0.7498374297505334,0.028230983763933182,0.02652706865886795,0.0017039151050652311,96615.046875,-6.526956677804757
0.31498992443084717,0.7499760105496361,0.026504933834075928,0.026503994349279286,9.394847966422148e-07,95684.2734375,-7.796319254269738
0.3151903450489044,0.7504532024973914,0.03357334062457085,0.026424539887250194,0.007148800737320653,101797.28125,0.5404284806757546
0.3156346082687378,0.7515109720684233,0.03236301615834236,0.026248420265468107,0.006114595892874254,101068.890625,-0.452930121076283
0.31607887148857117,0.7525687416394552,0.031152687966823578,0.02607231175629243,0.005080376210531149,99924.75,-2.0132768532403635
0.31634828448295593,0.7532102011498951,0.029373381286859512,0.02596552359233256,0.0034078576945269536,98172.296875,-4.403223025166985
0.3164064586162567,0.7533487109910875,0.02764733135700226,0.025942465989392656,0.0017048653676096023,96803.640625,-6.26975783782906
0.3164646625518799,0.7534872917901903,0.025921281427145004,0.025919396996755776,1.8844303892283365e-06,95179.65625,-8.484501949914737
0.31687629222869873,0.7544673624492827,0.03293643146753311,0.025756262120402364,0.007180169347130748,101513.34375,0.15320252209759577
0.3173205554485321,0.7555251320203146,0.03172610327601433,0.02558022592119614,0.00614587735481819,101474.0234375,0.09957858831144474
0.3177648186683655,0.7565829015913464,0.030515776947140694,0.025404230349615673,0.005111546597525021,101335.625,-0.08916529943376994
0.31782302260398865,0.7567214823904492,0.02878972701728344,0.025381176188374835,0.0034085508289086047,97922.9921875,-4.743217730322928
0.31788119673728943,0.7568599922316416,0.027063677087426186,0.0253581346792228,0.0017055424082033852,96299.015625,-6.957951187941332
0.3179394006729126,0.7569985730307444,0.02533762715756893,0.025335082231526817,2.5449260421146758e-06,95863.0546875,-7.552502425189213
0.31854426860809326,0.7584387347811744,0.03215385973453522,0.025095571710425563,0.007058288024109655,101380.40625,-0.028093893023633302
0.3192538917064667,0.7601283135868254,0.029726581647992134,0.02481472915591391,0.004911852492078223,100385.59375,-1.3847911377272548
0.31929343938827515,0.7602224747339885,0.031047511845827103,0.02479908294165983,0.006248428904167273,101585.453125,0.2515432550294801
0.31931206583976746,0.7602668234280178,0.02800053171813488,0.024791713981093637,0.0032088177370412432,97952.265625,-4.703295441450147
0.3193702697753906,0.7604054042271206,0.026274481788277626,0.024768688310552803,0.0015057934777248233,96839.6328125,-6.220672707101303
0.3194141387939453,0.7605098542712984,0.024753974750638008,0.024751334447451513,2.640303186494941e-06,95569.3828125,-7.953003849989813
0.3207429349422455,0.7636736546243941,0.028937388211488724,0.02422607600033306,0.004711312211155665,99408.0546875,-2.7179313552897715
0.32078251242637634,0.7637678867294675,0.030258316546678543,0.02421044420909033,0.006047872337588214,101021.640625,-0.5173683391447593
0.32080113887786865,0.7638122354234969,0.02721133828163147,0.024203087657049704,0.0030082506245817653,97816.2109375,-4.888842989013393
0.3208220601081848,0.7638620478766306,0.03157924488186836,0.024194824990484688,0.007384419891383675,101835.28125,0.5922518094927302
0.3208450376987457,0.7639167564255851,0.025690829381346703,0.024185750441701192,0.0015050789396455107,96545.9609375,-6.621174131901903
0.3208889067173004,0.7640212064697629,0.024170322343707085,0.02416842599344528,1.8963502618034311e-06,95275.703125,-8.353515929257686
0.3222320079803467,0.767219066619873,0.028148192912340164,0.023638539422851764,0.0045096534894884,100205.0703125,-1.630983913009709
0.32227155566215515,0.7673132277670361,0.029469123110175133,0.02362295334730194,0.0058461697628731935,101116.515625,-0.3879804885786918
0.32227587699890137,0.7673235166640509,0.026627685874700546,0.023621250332911466,0.0030064355417890806,98044.828125,-4.577061313196954
0.3223111033439636,0.7674073889141991,0.030790051445364952,0.02360736827879996,0.007182683166564993,101365.328125,-0.04865701486096123
0.32231977581977844,0.7674280376661392,0.02510717697441578,0.02360395073881438,0.0015032262356013994,96252.28125,-7.021686211169776
0.32236364483833313,0.767532487710317,0.023586668074131012,0.023586664136936875,3.93719413668836e-09,94982.0234375,-8.754028008525559
0.32357773184776306,0.7704231710661026,0.02754415199160576,0.023108776881051132,0.004435375110554626,100208.5859375,-1.626189402736757
0.32362163066864014,0.7705276920681908,0.02602364309132099,0.023091517495763218,0.002932125595557774,97731.75,-5.004028434704249
0.3236654996871948,0.7706321421123686,0.024503136053681374,0.023074271296178624,0.00142886475750275,96100.5859375,-7.228564002214022
0.323712557554245,0.7707441846529643,0.029100676998496056,0.023055773107041908,0.006044903891454147,101212.03125,-0.2577189716962196
0.32375213503837585,0.7708384167580378,0.030421607196331024,0.023040216736476108,0.007381390459854916,101460.84375,0.08160450202151094
0.32383841276168823,0.7710438399087816,0.023015735670924187,0.02300630852851817,9.427142406016886e-06,95631.8828125,-7.867768111803998
0.32492345571517944,0.773627275512332,0.026940109208226204,0.022580388744363116,0.004359720463863088,100212.1171875,-1.6213735835292584
0.3249673545360565,0.7737317965144203,0.025419602170586586,0.022563177803548242,0.002856424367038344,97418.6640625,-5.4310062106788175
0.32505831122398376,0.7739483600571042,0.02849663607776165,0.022527522800503286,0.005969113277258364,100912.34375,-0.6664243362972038
0.3251402676105499,0.7741434943108332,0.0239322017878294,0.022495402211341876,0.0014367995764875234,96498.4296875,-6.685995910792215
0.32531315088272095,0.7745551211493357,0.02244480326771736,0.02242766508994121,1.7138177776151314e-05,95341.7578125,-8.263432408462553
0.3262691795825958,0.7768313799585616,0.02633606642484665,0.022053589159522057,0.004282477265324592,100215.6171875,-1.6166003821908526
0.32640403509140015,0.7771524645033338,0.027892593294382095,0.02200089418606988,0.005891699108312214,100915.859375,-0.6616298260242517
0.32644209265708923,0.7772430777549744,0.02484866790473461,0.02198602644427617,0.0028626414604584413,97880.9765625,-4.800517455318342
0.32661500573158264,0.7776547755513873,0.023361269384622574,0.02191849393380424,0.0014427754508183344,96352.5546875,-6.8849361237179085
0.32678788900375366,0.7780664023898897,0.021873869001865387,0.02185100371156434,2.2865290301047475e-05,95922.5625,-7.4713473479690435
0.3273514211177826,0.77940814551853,0.027002226561307907,0.021631230129185348,0.005370996432122559,100596.3125,-1.0974188464337786
0.3274862468242645,0.7797291591053918,0.028558751568198204,0.021578699757908524,0.00698005181028968,101493.84375,0.1266089717836214
0.32765236496925354,0.7801246784982228,0.025732463225722313,0.021514004877517503,0.00421845834820481,99149.265625,-3.070860583715413
0.32782527804374695,0.7805363762946356,0.024245062842965126,0.02144669641843275,0.0027983664245323746,97620.828125,-5.1553005610495255
0.32799819111824036,0.7809480740910485,0.02275766432285309,0.021379421772991417,0.0013782425498616718,96749.1015625,-6.344136673863457
0.32826265692710876,0.7815777545883542,0.02130293659865856,0.021276593479224087,2.6343119434474316e-05,95680.9609375,-7.8008367483935865
0.32843366265296936,0.7819849110784985,0.027668384835124016,0.021210147300528746,0.0064582375345952694,101508.3828125,0.1464369353790967
0.3287346065044403,0.7827014440581912,0.02639862149953842,0.021093296556605415,0.005305324942933006,100570.2890625,-1.1329088769208975
0.32903555035591125,0.783417977037884,0.025128858163952827,0.020976555400914233,0.004152302763038594,98889.1171875,-3.425643689446596
0.32920846343040466,0.7838296748342969,0.02364145964384079,0.020909530016803762,0.0027319296270370275,97575.640625,-5.21692599975787
0.32947292923927307,0.7844593553316026,0.022186731919646263,0.020807089042970774,0.0013796428766754895,96507.5,-6.673626074287999
0.3297373950481415,0.7850890358289083,0.020732004195451736,0.020704737180697708,2.7267014754028818e-05,95439.359375,-8.130326148818128
0.3298168480396271,0.7852782096181598,0.02706477977335453,0.020674005440490674,0.006390774332863856,101239.2265625,-0.22063077111811674
0.330117791891098,0.7859947425978525,0.025795016437768936,0.02055767792004735,0.0052373385177215855,100768.171875,-0.8630418753573331
0.33041873574256897,0.7867112755775452,0.024525253102183342,0.02044147084426655,0.004083782257916793,98402.1640625,-4.089736634586829
0.3306832015514374,0.7873409560748509,0.023070525377988815,0.020339450771024736,0.0027310746069640797,97919.03125,-4.748619545230454
0.3309476673603058,0.7879706365721567,0.021615799516439438,0.020237527129319546,0.0013782723871198915,96265.890625,-7.003126129179814
0.3312121331691742,0.7886003170694624,0.02016107179224491,0.020135701514569403,2.537027767550784e-05,96213.3828125,-7.074734803723173
0.3312297463417053,0.7886422531945365,0.026754487305879593,0.02012892354566677,0.006625563760212824,101308.5546875,-0.12608302853550118
0.33153069019317627,0.7893587861742293,0.025484723970294,0.02001318190977274,0.0054715420605212575,100555.65625,-1.1528646941236516
0.3319367468357086,0.7903255877040681,0.024030935019254684,0.019857223191180204,0.004173711828074481,99196.140625,-3.0069337800760514
0.332201212644577,0.7909552682013739,0.022576207295060158,0.019755778303425266,0.002820428991634892,97838.1328125,-4.858946553844719
0.33246567845344543,0.7915849486986797,0.02112148143351078,0.019654438983475627,0.0014670424500351532,97070.703125,-5.905545528561071
0.33264267444610596,0.7920063677288237,0.026444194838404655,0.01958667653820386,0.006857518300200795,101435.171875,0.046593922561687325
0.3326868712902069,0.7921115983100164,0.019590139389038086,0.019569763438155134,2.03759508829518e-05,95820.03125,-7.611176576462874
0.3330487012863159,0.7929730983007522,0.02499040588736534,0.019431414144835173,0.0055589917425301685,100688.421875,-0.9718026772824334
0.33345475792884827,0.7939398998305911,0.023536616936326027,0.019276401180631043,0.0042602157556949835,99115.2421875,-3.117260788690316
0.3337192237377167,0.7945695803278969,0.0220818892121315,0.01917558379291945,0.002906305419212052,97928.015625,-4.736366907866243
0.33394044637680054,0.7950963008971441,0.020550549030303955,0.01909133919203316,0.001459209838270796,96677.34375,-6.441997955768046
0.334161639213562,0.795622950508481,0.01901920698583126,0.019007187068437414,1.2019917393846918e-05,95426.671875,-8.147629003669849
0.33456671237945557,0.7965874104272752,0.024496085941791534,0.018853291609758547,0.0056427943320329875,101035.2421875,-0.4988189116220713
0.3349727690219879,0.7975542119571141,0.02304229699075222,0.018699304339254236,0.004342992651497984,100072.515625,-1.81175825923455
0.3351939916610718,0.7980809325263614,0.021510956808924675,0.0186155317122659,0.002895425096658775,97534.65625,-5.272819335073218
0.33541518449783325,0.7986075821376982,0.01997961662709713,0.01853185670929374,0.0014477599178033887,96283.984375,-6.978450382975021
0.3356363773345947,0.7991342317490351,0.018448274582624435,0.01844826895523195,5.627392486023952e-09,95033.3125,-8.684081430876823
0.33590754866600037,0.7997798777761914,0.025552166625857353,0.01834591494799047,0.0072062516778668845,101400.90625,-0.0001365708986858945
0.3363136053085327,0.8007466793060303,0.02409837767481804,0.018192899723987424,0.005905477950830615,100824.140625,-0.7867132718119356
0.33639463782310486,0.8009396138645354,0.02244514413177967,0.018162400571861272,0.004282743559918398,100110.5703125,-1.7598603491466616
0.33661583065986633,0.8014662634758722,0.020913802087306976,0.01807921014662937,0.002834591940677606,97780.609375,-4.937395396377489
0.3368370234966278,0.8019929130872091,0.01938246190547943,0.017996111926659387,0.0013863499788200444,96959.5390625,-6.057147943391817
0.33711111545562744,0.8026455129895892,0.017912497743964195,0.017893269727874042,1.922801609015312e-05,95954.9453125,-7.4271845811215185
0.3376544415950775,0.8039391466549465,0.025154458358883858,0.017689837425091448,0.00746462093379241,101575.75,0.2383104066761323
0.33773547410964966,0.8041320812134516,0.02350122295320034,0.017659546763168794,0.0058416761900315466,100862.1796875,-0.7348366706585938
0.3378164768218994,0.8043249448140463,0.021847989410161972,0.017629280225792552,0.00421870918436942,100148.625,-1.7079624390587733
0.3380376696586609,0.8048515944253831,0.020316649228334427,0.017546698348337827,0.0027699508799966,97719.7734375,-5.020361733034107
0.3383117616176605,0.8055041943277632,0.01884668506681919,0.017444502803720733,0.001402182263098458,96715.1796875,-6.390398370763808
0.33858585357666016,0.8061567942301433,0.017376720905303955,0.017342459511955996,3.426139334795908e-05,95710.5859375,-7.76043500849351
0.33907628059387207,0.8073244776044574,0.02455730363726616,0.017160260919181377,0.007397042718084782,101370.203125,-0.04200862728246764
0.3391573131084442,0.8075174121629625,0.02290406823158264,0.01713020465477186,0.00577386357681078,100900.234375,-0.6829387605707055
0.33923831582069397,0.8077102757635571,0.021250834688544273,0.017100173206158857,0.004150661482385416,100186.671875,-1.6560751834381584
0.3395124077796936,0.8083628756659372,0.019780870527029037,0.016998657285145886,0.002782213241883151,97997.03125,-4.642245343974556
0.33978649973869324,0.8090154755683172,0.01831090822815895,0.01689730111312277,0.0014136071150361793,96638.8828125,-6.494449898154142
0.34006059169769287,0.8096680754706973,0.016840944066643715,0.01679610639422191,4.48376724218047e-05,95280.7265625,-8.346665106801
0.34021204710006714,0.8100286835715884,0.02358260564506054,0.016740258954500507,0.006842346690560032,101454.6796875,0.07319812734293492
0.3402930498123169,0.8102215471721831,0.021929370239377022,0.016710410680955034,0.005218959558421988,101105.1640625,-0.4034614295266905
0.3406130075454712,0.810983351298741,0.020726047456264496,0.016592652056356478,0.004133395399908018,99164.890625,-3.049551649168959
0.3408870995044708,0.8116359512011211,0.01925608515739441,0.016491954479095898,0.002764130678298511,97806.7421875,-4.901756203348545
0.34116119146347046,0.8122885511035012,0.017786120995879173,0.01639142517017487,0.001394695825704305,96448.5859375,-6.753971411995403
0.3413477838039398,0.8127328185808091,0.02260790765285492,0.016323085419357904,0.006284822233497016,101539.1640625,0.18841553643561068
0.341535359621048,0.8131794276691618,0.016305169090628624,0.01625446539602937,5.070369459925228e-05,96047.640625,-7.300769326924681
0.3416677415370941,0.8134946227073669,0.021404583007097244,0.016206085240022122,0.005198497767075122,100517.6875,-1.2046454050715343
0.3419876992702484,0.8142564268339249,0.02020126022398472,0.01608932090538407,0.004111939318600648,98974.6015625,-3.309062508542947
0.34226179122924805,0.8149090267363049,0.01873129792511463,0.015989484258724866,0.0027418136663897655,97616.4453125,-5.161277717189805
0.34240251779556274,0.8152440899894351,0.023286443203687668,0.01593829385174197,0.0073481493519456965,101973.1640625,0.7802925023979119
0.34263595938682556,0.8157999033019656,0.017250344157218933,0.015853480958330238,0.0013968631988886954,96821.3828125,-6.245561542651561
0.34272247552871704,0.816005894115993,0.022083120420575142,0.01582208124660067,0.006261039173974473,101431.0,0.04090443703778415
0.3430100977420807,0.816690708909716,0.015769392251968384,0.015717822031571335,5.1570220397048616e-05,95835.875,-7.58956931683277
0.34304243326187134,0.8167676982425508,0.020879795774817467,0.015706113284103092,0.005173682490714374,100532.4375,-1.1845297708596818
0.34336239099502563,0.8175295023691087,0.01967647299170494,0.015590392621200383,0.004086080370504558,98784.3046875,-3.568584022384208
0.34373655915260315,0.8184203789347695,0.01819552108645439,0.015455382663409413,0.002740138423044979,97595.125,-5.190353758378442
0.34398671984672546,0.8190159996350607,0.021947864443063736,0.015365310705936677,0.006582553737127059,101276.2109375,-0.17019252304666058
0.3441106975078583,0.8193111845425197,0.016714569181203842,0.01532072947202086,0.0013938397091829823,96609.6171875,-6.53436153255965
0.34430667757987976,0.8197778037616185,0.02074454165995121,0.01525033533175445,0.0054942063281967594,100597.4921875,-1.0958100218755213
0.3444848358631134,0.8202019901502701,0.015233615413308144,0.015186426498220868,4.7188915087275143e-05,96501.75,-6.681467762201094
0.3448392152786255,0.821045750663394,0.019306421279907227,0.015059543087590646,0.00424687819231658,99984.1015625,-1.932334865365659
0.3452133536338806,0.8219365562711444,0.017825469374656677,0.01492593411573425,0.002899535258922427,98222.9765625,-4.334107495965561
0.3452509641647339,0.8220261051541283,0.02181261032819748,0.014912522963763185,0.0069000873644342944,101390.9375,-0.013731671139323429
0.34558752179145813,0.8228274328368052,0.016344517469406128,0.014792677130076402,0.0015518403393297263,97449.7265625,-5.388644048800468
0.3457835018634796,0.8232940520559039,0.020374489948153496,0.014723026518516258,0.005651463429637238,100777.546875,-0.8502565146294608
0.3459596037864685,0.8237133423487346,0.014697839505970478,0.014660526863246972,3.7312642723505776e-05,96176.3515625,-7.125236978598268
0.34631603956222534,0.8245619989576795,0.01893637143075466,0.014534277542415215,0.004402093888339446,99481.546875,-2.6177047816505263
0.34669020771980286,0.8254528755233401,0.017455419525504112,0.014402113518360023,0.0030533060071440896,98397.703125,-4.095820335399842
0.34672778844833374,0.8255423534484136,0.021442558616399765,0.014388860097754724,0.007053698518645041,101341.5546875,-0.08107855877339071
0.34706225991249084,0.8263387140773591,0.015808740630745888,0.014271072736145533,0.001537667894600355,97124.328125,-5.8324132651976415
0.34726032614707947,0.8268103003501892,0.02000444009900093,0.01420146594454994,0.005802974154450991,101118.109375,-0.3858069772549535
0.3474343419075012,0.8272246235892886,0.014162062667310238,0.014140400343127666,2.166232418257183e-05,95850.9453125,-7.569016849462715
0.3477928638458252,0.8280782472519648,0.018566319718956947,0.014014852363260378,0.004551467355696569,100144.7578125,-1.7132364003590208
0.34816494584083557,0.8289641567638942,0.016919642686843872,0.013884935732577802,0.0030347069542660705,98848.203125,-3.4814411345564853
0.34825044870376587,0.8291677350089663,0.021278034895658493,0.013855136526161273,0.00742289836949722,101399.1171875,-0.002576443904254856
0.34853699803352356,0.8298499953179133,0.015272964723408222,0.013755420325672469,0.0015175443977357532,96798.9140625,-6.276203790529362
0.3487829864025116,0.8304356819107419,0.01983991637825966,0.013670005669761365,0.006169910708498294,100911.109375,-0.6681077421263737
0.34890908002853394,0.8307359048298427,0.013626285828649998,0.013626289406478207,-3.5778282090476177e-09,97282.9609375,-5.616074307214769
0.34954267740249634,0.8322444700059437,0.018242131918668747,0.013407319746293469,0.004834812172375278,100168.40625,-1.680985327922963
0.3499147593975067,0.8331303795178732,0.01659545488655567,0.01327927610651669,0.0033161787800389825,98871.8515625,-3.4491900621204272
0.3502868115901947,0.8340162180718922,0.014948776923120022,0.013151652303996725,0.0017971246191232967,98184.125,-4.3870921617153185
0.35038381814956665,0.8342471860703968,0.01314671989530325,0.013118444278009669,2.8275617293580316e-05,96608.8125,-6.535458942688792
0.35053277015686035,0.8346018337068104,0.01951572857797146,0.013067508772763975,0.006448219805207484,101152.0234375,-0.3395559348218755
0.3512924909591675,0.8364106927599226,0.017917944118380547,0.012808758286625107,0.005109185831755439,100192.046875,-1.6487449099541782
0.35166454315185547,0.8372965313139417,0.01627126708626747,0.012682685455432103,0.0035885816308353687,99085.2890625,-3.158110016215868
0.3517615795135498,0.8375275702703567,0.014469210058450699,0.012649874137059812,0.0018193359213908872,97509.9765625,-5.306476797189342
0.35185858607292175,0.8377585382688614,0.012667153961956501,0.012617102069042483,5.005189291401764e-05,95934.6640625,-7.454843578162816
0.3522825837135315,0.8387680564607893,0.019191540777683258,0.012474205535140372,0.0067173352425428864,101392.9453125,-0.010993473050104114
0.35304227471351624,0.840576844555991,0.017593756318092346,0.012219588073538666,0.00537416824455368,99986.4296875,-1.9291598341182372
0.35313931107521057,0.8408078835124062,0.015791701152920723,0.01218719759855567,0.0036045035543650523,98411.1328125,-4.077505306157165
0.3532363176345825,0.8410388515109108,0.01398964412510395,0.012154847219233593,0.0018347969058703575,96835.8203125,-6.2258720871306386
0.35333332419395447,0.8412698195094155,0.012187587097287178,0.012122527051145209,6.506004614196918e-05,95260.5078125,-8.374238868104111
0.3538714647293091,0.842551106498355,0.019156640395522118,0.011943783806143637,0.00721285658937848,101555.0859375,0.21012934073844713
0.35425418615341187,0.843462347984314,0.01663355343043804,0.011817236360575873,0.004816317069862169,99834.3984375,-2.1364957672552327
0.3543512225151062,0.843693386940729,0.01483149640262127,0.011785227458258756,0.003046268944362513,97863.203125,-4.824756368364934
0.35444822907447815,0.8439243549392337,0.013029440306127071,0.011753259381100733,0.0012761809250263385,95892.015625,-7.513006315007361
0.35469022393226624,0.8445005331720625,0.017993485555052757,0.01167364657948374,0.006319838975569017,101453.015625,0.07092872581373758
0.35480809211730957,0.8447811717078799,0.01170802116394043,0.011634939961883722,7.308120205670732e-05,96314.4609375,-6.936887306142163
0.3554660975933075,0.8463478514126369,0.015673348680138588,0.011419710775627093,0.0042536379045114946,98949.0078125,-3.3439665433300383
0.35556313395500183,0.846578890369052,0.01387129258364439,0.011388093967091898,0.002483198616552492,96977.8203125,-6.032216489972466
0.35590213537216187,0.8473860366003855,0.017033280804753304,0.01127788945119545,0.0057553913535578535,101011.6484375,-0.5309954027872166
0.35592299699783325,0.8474357071376982,0.012549873441457748,0.011271120393567513,0.0012787530478902357,96985.96875,-6.02110388060649
0.3562828302383423,0.848292452948434,0.011228455230593681,0.011154597822116356,7.385740847732497e-05,96472.171875,-6.721805575297531
0.35633817315101624,0.8484242217881339,0.01839321292936802,0.011136715839929806,0.007256497089438213,102010.6484375,0.8314126363748546
0.3566780090332031,0.8492333548409599,0.014713144861161709,0.011027141982742303,0.0036860028784194056,99708.0,-2.308874393268771
0.35703787207603455,0.8500901716096061,0.013391726650297642,0.010911546757403684,0.0024801798928939574,97657.46875,-5.105331109538091
0.3571140468120575,0.8502715400287083,0.016073077917099,0.0108871357307094,0.005185942186389599,100498.140625,-1.231302882189148
0.35739773511886597,0.8509469883782523,0.012070307508111,0.010796403323119277,0.0012739041849917226,97143.671875,-5.806032804229132
0.35755008459091187,0.8513097252164569,0.017433010041713715,0.010747793818730617,0.006685216222983098,101288.265625,-0.15375268004407144
0.357757568359375,0.8518037341889881,0.010748888365924358,0.010681724496084297,6.716386984006138e-05,96629.875,-6.5067344989201725
0.35820892453193665,0.8528783917427063,0.014556282199919224,0.01053852579786677,0.004017756402052455,99967.921875,-1.9544002670885117
0.35856878757476807,0.8537352085113525,0.013234863057732582,0.010424875595066505,0.0028099874626660772,98654.6328125,-3.745426870185228
0.358644962310791,0.8539165769304549,0.015916213393211365,0.010400878095694259,0.005515335297517106,100758.0546875,-0.876839410476162
0.3589286506175995,0.8545920252799988,0.01191344391554594,0.010311691288227056,0.001601752627318884,97788.9765625,-4.925984461927863
0.3590810000896454,0.8549547621182033,0.01727614551782608,0.010263915424233161,0.007012230093592919,101422.078125,0.028737035411759027
0.3592323362827301,0.8553150863874527,0.01026932243257761,0.010216540816423862,5.2781616153747823e-05,96774.7265625,-6.3091900212072725
0.35973986983299255,0.8565234996023633,0.014399418607354164,0.010058272123458537,0.004341146483895627,100227.828125,-1.599947449842799
0.360099732875824,0.8573803163710095,0.013077999465167522,0.00994662659220477,0.0031313728729627528,98820.7890625,-3.5188276602182382
0.3601759076118469,0.8575616847901117,0.01575935073196888,0.009923055215233732,0.005836295516735148,101321.34375,-0.10864166560922872
0.3604033887386322,0.8581033065205529,0.011433877982199192,0.009852792107550436,0.0015810858746487556,97552.9140625,-5.247919845055686
0.3605065941810608,0.8583490337644305,0.01713789813220501,0.009820978110330435,0.007316920021874574,101353.7109375,-0.06450020769624965
0.3607070744037628,0.8588263676280068,0.009789756499230862,0.009759291994526562,3.0464504704300066e-05,96178.1953125,-7.122722524321786
0.3612707853317261,0.8601685365041097,0.01424255408346653,0.009586651549068608,0.004655902534397922,101220.59375,-0.24604167556476292
0.3615744709968567,0.8608915976115635,0.0125984326004982,0.009494143434563977,0.0031042891659342226,98331.09375,-4.186660323371374
0.36160150170326233,0.8609559564363389,0.015621102415025234,0.009485926378755598,0.006135176036269636,101252.96875,-0.20188956318451062
0.3618781268596649,0.861614587761107,0.010954311117529869,0.00940199534696813,0.0015523157705617397,96956.3828125,-6.0614523481702
0.36218181252479553,0.8623376488685608,0.009310189634561539,0.009310191100486784,-1.465925245774935e-09,97171.34375,-5.7682946811473625
0.36281484365463257,0.8638448658443633,0.013559140264987946,0.009119968441450264,0.004439171823537681,100459.7109375,-1.283712206706151
0.36292964220046997,0.8641181957154047,0.015112629160284996,0.009085638523442626,0.00602699063684237,101033.7890625,-0.5008006425348915
0.3631185293197632,0.8645679269518172,0.011915018782019615,0.00902926462409468,0.0028857541579249343,98379.75,-4.120304301193717
0.3634221851825714,0.8652909171013605,0.010270897299051285,0.008938930250254473,0.001331967048796812,97738.734375,-4.994503340961985
0.36365655064582825,0.8658489301091149,0.008905678987503052,0.00886945671775298,3.622226975007192e-05,97023.671875,-5.969685421545897
0.36435890197753906,0.8675211951846169,0.012875725515186787,0.008662558324174768,0.004213167191012019,100450.703125,-1.2959968074721817
0.36447370052337646,0.8677945250556582,0.014429214410483837,0.008628927648470305,0.005800286762013532,101024.7890625,-0.5130745888336489
0.3645884692668915,0.8680677839687893,0.015982702374458313,0.008595358391897361,0.007387343982560952,101598.859375,0.2698263208703375
0.3646625876426697,0.8682442562920707,0.011231604032218456,0.008573707198335058,0.002657896833883398,98306.1171875,-4.220722655243881
0.3648969531059265,0.8688022692998251,0.009866386651992798,0.00850539035414034,0.0013609962978524577,97591.0546875,-5.195904735827793
0.36513131856918335,0.8693602823075794,0.008501168340444565,0.008437294712617015,6.387362782754938e-05,96875.984375,-6.171097470878979
0.36590296030044556,0.8711975245248704,0.012192310765385628,0.008214665245107403,0.003977645520278225,100441.6875,-1.3082920627054857
0.36601775884628296,0.8714708543959119,0.013745799660682678,0.008181751755110251,0.005564047905572427,101015.78125,-0.5253591895996795
0.366132527589798,0.8717441133090428,0.015299287624657154,0.008148900816447067,0.007150386808210087,101589.859375,0.2575523745715801
0.3661373257637024,0.8717555375326248,0.01082709338515997,0.008147528584072493,0.0026795648010874765,98158.4453125,-4.422113395642415
0.36637169122695923,0.8723135505403792,0.009461876004934311,0.008080617524802984,0.0013812584801313268,97443.375,-5.397306130693601
0.36660605669021606,0.8728715635481336,0.008096657693386078,0.008013932889817695,8.272480356838301e-05,97412.140625,-5.439902690851962
0.3669743239879608,0.8737483904475258,0.012901844456791878,0.007909608203425837,0.0049922362533660405,100613.5546875,-1.073904437161767
0.36708909273147583,0.8740216493606567,0.014455333352088928,0.007877211089963095,0.006578122262125834,101452.609375,0.07037469351552979
0.3672369122505188,0.8743736005964734,0.011770145036280155,0.007835565249396267,0.0039345797868838885,99852.9921875,-2.111138135144953
0.36747127771377563,0.8749316136042278,0.010404927656054497,0.00776972359602619,0.0026352040600283065,98434.53125,-4.04559517667385
0.36770564317703247,0.8754896266119822,0.009039710275828838,0.007704112188671893,0.0013355980871569452,97941.2578125,-4.718307585838124
0.3680456876754761,0.8762992563701811,0.013611379079520702,0.00760932661113214,0.006002052468388562,101364.5703125,-0.04969049818646424
0.36808082461357117,0.8763829157465981,0.007692147046327591,0.0075995602032141105,9.258684311348048e-05,97216.6953125,-5.70644549862628
0.36830827593803406,0.8769244665191287,0.01247967965900898,0.00753646592372465,0.00494321373528433,100604.0078125,-1.08692419616965
0.36857083439826965,0.8775496057101658,0.011347980238497257,0.007463906093591543,0.0038840741449057145,99277.5390625,-2.8959248855563002
0.3688051998615265,0.8781076187179202,0.009982762858271599,0.0073993856377868525,0.0025833772204847463,98470.3671875,-3.996723135291558
0.36911702156066895,0.8788500513349261,0.014320912770926952,0.007313905753552884,0.007007007017374068,102115.578125,0.9745127863215651
0.3691803812980652,0.8790009078525362,0.008635199628770351,0.007296587882912179,0.001338611745858172,97745.8125,-4.984850393612441
0.36937960982322693,0.8794752614838737,0.01318921335041523,0.007242246015357678,0.005946967335057552,101355.015625,-0.06272091166162075
0.3695555627346039,0.8798941969871521,0.007287636399269104,0.007194395080295316,9.324131897378834e-05,97021.25,-5.972988306400597
0.3696421980857849,0.8801004716328212,0.012057513929903507,0.007170883455296234,0.004886630474607273,100594.453125,-1.0999546096448067
0.3699047565460205,0.8807256108238584,0.010925814509391785,0.007099827223046243,0.0038259872863455413,98999.453125,-3.2751706481468124
0.3702799379825592,0.8816188999584743,0.009578251279890537,0.0069988115131894655,0.0025794397667010718,98274.9140625,-4.263276597533149
0.37029871344566345,0.8816636034420559,0.014219534583389759,0.006993772429036099,0.00722576215435366,101647.3046875,0.3358946724316175
0.37056130170822144,0.8822888135910034,0.013087835162878036,0.006923458685790048,0.006164376477087988,101226.484375,-0.23800820724074984
0.3706551194190979,0.8825121890930903,0.00823068805038929,0.006898410136240461,0.0013322779141488285,97550.359375,-5.251403855854032
0.3708238899707794,0.882914023739951,0.011956135742366314,0.006853447040079237,0.005102688702287077,100613.8359375,-1.0735208763399307
0.3710303008556366,0.8834054782277062,0.00688312528654933,0.006798626255076707,8.449903147262315e-05,96825.796875,-6.239541768642188
0.37130653858184814,0.8840631870996385,0.010632244870066643,0.006725554139574545,0.003906690730492097,99653.03125,-2.3838392250031957
0.37148040533065796,0.8844771555491856,0.014118156395852566,0.006679734917557636,0.0074384214782949295,101651.90625,0.3421701536555482
0.37168172001838684,0.8849564762342544,0.009284681640565395,0.006626849858287842,0.0026578317822775538,98721.8359375,-3.6537771427009305
0.37174299359321594,0.8851023656981333,0.012986456975340843,0.006610789142726962,0.006375667832613881,101322.7890625,-0.10667058916368174
0.37205690145492554,0.8858497653688704,0.007937118411064148,0.006528771627568333,0.0014083467834958147,98240.8046875,-4.309794001648058
0.37222567200660706,0.8862516000157311,0.011662566103041172,0.006484857370506665,0.005177708732534507,100731.7421875,-0.9127236562523903
0.3725050687789917,0.8869168304261708,0.006478614639490843,0.006412438647599678,6.61759918911646e-05,97438.6171875,-5.4037947012629965
0.3727083206176758,0.8874007633754185,0.0103386752307415,0.006359976876123377,0.003978698354618124,99563.21875,-2.506322980776212
0.3730835020542145,0.8882940525100345,0.008991112001240253,0.006263627428651645,0.002727484572588608,98805.09375,-3.540232484970151
0.3731447756290436,0.8884399419739133,0.012692887336015701,0.006247952386847812,0.0064449349491678895,101229.9609375,-0.23326696930416385
0.37353166937828064,0.8893611175673349,0.007532608229666948,0.00614937048401496,0.001383237745651988,98002.90625,-4.63423318458509
0.3736274540424347,0.8895891762915112,0.01136899646371603,0.006125069367449515,0.005243927096266515,100954.1640625,-0.6093909729836202
0.3739798069000244,0.8904281116667249,0.006074103992432356,0.006036035828205922,3.8068164226434144e-05,97200.71875,-5.728233884200029
0.3741101026535034,0.8907383396511986,0.010045105591416359,0.006003256195432071,0.004041849395984288,99369.375,-2.770681622759518
0.3745582699775696,0.891805404708499,0.008586601354181767,0.0058911022348542945,0.002695499119327472,98567.203125,-3.8646610134399104
0.37500640749931335,0.8928723988078889,0.007128097116947174,0.005779882031534322,0.001348215085412852,97765.015625,-4.958661713054849
0.3750440776348114,0.8929620896066939,0.011215783655643463,0.005770575298602541,0.005445208357040922,101030.7265625,-0.5049771937059965
0.37545454502105713,0.8939393929072789,0.005669592879712582,0.005669593095547813,-2.1583523163171137e-10,98196.5,-4.370215485554527
0.3755795657634735,0.8942370613416036,0.00976077001541853,0.005638991665874355,0.004121778349544174,100389.8203125,-1.379027070932439
0.3759780526161194,0.895185839562189,0.012386461719870567,0.005541941202557677,0.00684452051731289,101383.0859375,-0.024439410748916472
0.3760277032852173,0.8953040554409936,0.008302264846861362,0.005529901019269762,0.0027723638275916,99111.765625,-3.122002026626902
0.37647584080696106,0.8963710495403835,0.006843761075288057,0.005421752875414908,0.001422008199873149,98756.1484375,-3.6069827224369178
0.3765135407447815,0.8964608112970989,0.010931447148323059,0.005412697957633615,0.005518749190689444,100964.1171875,-0.5958171816775291
0.37692928314208984,0.897450674147833,0.00535603379830718,0.005313288802234375,4.2744996072805776e-05,98012.5859375,-4.621032299633562
0.3770489990711212,0.8977357120740982,0.009476433508098125,0.005284815047262685,0.00419161846083544,100565.390625,-1.1395892279012108
0.3774475157260895,0.898684561252594,0.012102125212550163,0.005190520915035141,0.006911604297515022,101316.4453125,-0.115322016589542
0.377497136592865,0.8988027061734881,0.008017929270863533,0.005178832940509405,0.002839096330354128,99315.78125,-2.8437712682538545
0.3779505789279938,0.8998823307809376,0.006530201993882656,0.0050725716571156845,0.0014576303367669716,98572.2265625,-3.8578101909832254
0.3779829740524292,0.8999594620295933,0.01064711157232523,0.005065017748475842,0.005582093823849388,101181.6640625,-0.29913288598725263
0.37840405106544495,0.9009620263462975,0.005042474716901779,0.004967289479692442,7.518523720933742e-05,97828.671875,-4.871849113712597
0.37851840257644653,0.9012342918486822,0.009192097000777721,0.0049408968657464756,0.004251200135031246,101046.8671875,-0.4829650643195097
0.3789718747138977,0.9023139874140422,0.0077043697237968445,0.004836856306430549,0.0028675134173662955,99794.3671875,-2.1910892575632475
0.3789975345134735,0.902375082174937,0.011949381791055202,0.004830998911497388,0.007118382879557814,101378.75,-0.030352640085557405
0.3794253468513489,0.9033936829794021,0.0062166424468159676,0.004733812717336582,0.0014828297294793855,98992.1015625,-3.2851965018509186
0.37953299283981323,0.9036499829519363,0.010494368150830269,0.0047094989959274814,0.005784869154902787,101243.9609375,-0.21417416395054126
0.37987878918647766,0.9044733075868516,0.004728915169835091,0.004631777513889223,9.713765594586768e-05,98892.015625,-3.4216908820882286
0.38003775477409363,0.9048517970811754,0.009041289798915386,0.004596244498752737,0.004445045300162649,100716.5078125,-0.9334998674351827
0.3804911971092224,0.9059314216886248,0.007553562987595797,0.004495569449526101,0.0030579935380696957,99668.953125,-2.3621254207003592
0.38054758310317993,0.9060656740551903,0.011796639300882816,0.004483121099490054,0.0073135182013927625,101441.0390625,0.05459542748388073
0.3809446692466736,0.9070111172539848,0.00606583571061492,0.0043959004270480205,0.0016699352835668991,99339.3046875,-2.8116906672941684
0.38105231523513794,0.9072674172265189,0.010343560948967934,0.004372390055768713,0.005971170893199221,101117.8125,-0.38621184701133615
0.38135355710983276,0.9079846597853162,0.004415356088429689,0.004306902649741004,0.00010845343868868575,98297.3515625,-4.232676967524442
0.38155707716941833,0.908469231355758,0.008890482597053051,0.004262914167770132,0.004627568429282919,100846.9765625,-0.7555702639722933
0.3820105493068695,0.9095489269211179,0.007402755785733461,0.004165643406750167,0.0032371123789832947,99786.59375,-2.201690452500108
0.38206690549850464,0.909683108329773,0.011645832099020481,0.004153626597428586,0.007492205501591895,101519.125,0.16108682787978368
0.3824194073677063,0.9105223984945389,0.005752276163548231,0.0040788234859210695,0.0016734526776271616,98744.640625,-3.622676752730381
0.38257166743278503,0.910884922459012,0.010192753747105598,0.004046705646255789,0.00614604810084981,101248.2734375,-0.20829289801571998
0.3828282952308655,0.9114959410258702,0.004101796541363001,0.00399283613791928,0.0001089604034437211,97702.6953125,-5.04365239849338
0.38307639956474304,0.9120866656303406,0.008739675395190716,0.003941071196234478,0.0047986041989562375,100929.078125,-0.6436024673979518
0.3834852874279022,0.913060208161672,0.007089196238666773,0.0038564385503815223,0.0032327576882852506,99191.9296875,-3.0126765379363207
0.3838941752910614,0.9140337506930034,0.00543871708214283,0.003772653157257552,0.001666063924885278,98149.9765625,-4.433662838166594
0.38428425788879395,0.9149625187828427,0.009903445839881897,0.0036935137364337463,0.006209932103448151,101258.171875,-0.1947936879805415
0.3843030333518982,0.9150072222664243,0.003788237227126956,0.003689724165616761,9.85130615101951e-05,97108.0234375,-5.854649138396867
0.38449257612228394,0.9154585145768666,0.008201940916478634,0.0036515683817008693,0.004550372534777764,100894.140625,-0.6912492450438225
0.3849014639854431,0.916432057108198,0.006551461759954691,0.003569883490092974,0.002981578269861717,99186.09375,-3.0206354249894214
0.3853103518486023,0.9174055996395293,0.004900982137769461,0.0034890565732269155,0.0014119255645425452,97957.8828125,-4.695634879480696
0.38570043444633484,0.9183343677293687,0.009365711361169815,0.003412749456711656,0.005952961904458159,101223.2265625,-0.24245112009368547
0.3857778012752533,0.9185185744648888,0.0034746781457215548,0.0033977084735590086,7.696967216254619e-05,98170.359375,-4.405865333050745
0.38590875267982483,0.9188303635233925,0.007664206437766552,0.0033723205776351474,0.004291885860131404,100859.203125,-0.7388960226896932
0.386317640542984,0.9198039060547238,0.006013726815581322,0.003293620102719555,0.002720106712861767,98739.6484375,-3.629484957317973
0.386785089969635,0.9209168808800834,0.004587422590702772,0.0032047119513245663,0.0013827106393782059,98582.2890625,-3.844087237135309
0.38690829277038574,0.9212102208818709,0.010529480874538422,0.0031814684868596973,0.007348012387678724,101552.3125,0.20634700485645158
0.38711661100387573,0.9217062166758946,0.008827975951135159,0.0031423473760215023,0.005685628575113656,101188.28125,-0.2901085522068294
0.387252539396286,0.9220298557054429,0.00316111883148551,0.0031169429914243807,4.4175840061129196e-05,98043.625,-4.578702101157031
0.3873249292373657,0.9222022124699184,0.0071264710277318954,0.00310345311820477,0.004023017909527126,100824.25,-0.7865641092701104
0.3877923786640167,0.923315187295278,0.005700167268514633,0.0030170051035076405,0.0026831621650069927,98994.2265625,-3.282298486752601
0.3880763053894043,0.9239912033081055,0.009666013531386852,0.0029650572834969907,0.0067009562478898615,101461.296875,0.0822224611233581
0.3882598280906677,0.9244281621206375,0.004273863509297371,0.0029317054595884417,0.0013421580497089292,98455.5546875,-4.016924005241596
0.3882846236228943,0.9244871991021293,0.00796450860798359,0.002927212951680927,0.005037295656302662,101308.0,-0.12683949571190029
0.388718843460083,0.9255210558573406,0.006796024739742279,0.0028490663659844944,0.003946958373757785,100095.390625,-1.7805619790585416
0.3887272775173187,0.925541136945997,0.0028475592844188213,0.0028475583577898347,9.26628986649275e-10,97916.8984375,-4.751528214796045
0.389186292886734,0.9266340306827,0.005369720980525017,0.0027660550159295336,0.002603665964595483,99384.7578125,-2.749702976698534
0.38924434781074524,0.9267722566922506,0.008802546188235283,0.0027558263558403345,0.006046719832394949,101547.234375,0.1994216011288541
0.389653742313385,0.9277470055080596,0.003943416755646467,0.0026842043086709707,0.0012592124469754966,99285.40625,-2.885195837012161
0.3896785378456116,0.9278060424895513,0.0076340618543326855,0.0026798950867526483,0.004954166767580037,100939.59375,-0.6292615544481883
0.3901127874851227,0.9288399702026731,0.006465577986091375,0.002604958594008445,0.0038606193920829304,100038.4609375,-1.858201082078546
0.39020201563835144,0.929052418186551,0.0026372731663286686,0.0025896856857815314,4.7587480547137215e-05,98868.984375,-3.4531002516097016
0.3905802369117737,0.9299529450280326,0.005039274226874113,0.002525420078880062,0.002513854147994051,99633.3984375,-2.4106139012608145
0.3906382620334625,0.9300911000796727,0.008472098968923092,0.002515628577176646,0.005956470391746446,101474.5390625,0.1002817831514777
0.39107248187065125,0.9311249568348839,0.007303615100681782,0.0024429299159522346,0.004860685184729548,101037.1171875,-0.4962618394764969
0.3911284804344177,0.9312582867486137,0.0037331306375563145,0.002433628267842788,0.0012995023697135264,99216.9765625,-2.9785183158583552
0.3914342522621155,0.9319863149097988,0.009558457881212234,0.0023831360737560084,0.007175321807456226,101522.046875,0.16507159863997053
0.39150670170783997,0.9321588135900952,0.006135131232440472,0.0023712463847743366,0.003763884847666135,99981.375,-1.936053274444015
0.39167678356170654,0.9325637703850156,0.002426987048238516,0.002343445627849596,8.354142038891977e-05,98800.5625,-3.5464120759886226
0.3918684720993042,0.9330201716650101,0.008389974012970924,0.0023123006101949243,0.0060776734027760005,101319.4765625,-0.11118808328752995
0.3920549750328064,0.9334642262685867,0.00482898810878396,0.0022821890402156372,0.002546799068568323,99564.96875,-2.5039363801070094
0.3923026919364929,0.9340540284202212,0.007221489679068327,0.00224248578881183,0.004979003890256497,100945.6328125,-0.621025651245984
0.3926032483577728,0.9347696389470782,0.0035228445194661617,0.002194760946068955,0.0013280835733972068,99148.546875,-3.07184079470455
0.39266443252563477,0.9349153155372256,0.009476331993937492,0.0021851057808172283,0.007291226213120264,101514.0078125,0.15410815181582005
0.39291104674339294,0.9355024922461738,0.005954490974545479,0.002146395448565258,0.003808095525980221,100630.7421875,-1.0504646091606678
0.3930986821651459,0.9359492432503473,0.008307848125696182,0.002117164870871374,0.006190683254824808,101337.6328125,-0.08642710134455062
0.39315152168273926,0.9360750516255697,0.002216700930148363,0.002108967984049142,0.00010773294609922124,99608.640625,-2.444377908049671
0.3934593200683594,0.9368079049246653,0.0046483478508889675,0.002061522979678288,0.0025868248712106797,99895.40625,-2.053295032318604
0.3937070369720459,0.9373977070762998,0.007040849421173334,0.0020237153944243657,0.005017134026748969,101022.75,-0.5158554047919611
0.39389464259147644,0.937844387122563,0.00939420610666275,0.0019953058989632243,0.007398900207699526,101411.8203125,0.014747719882012096
0.3940075933933258,0.9381133176031567,0.003342204261571169,0.0019782946064868696,0.0013639096550842993,99794.734375,-2.190588497601406
0.3943153917789459,0.9388461709022522,0.005773851182311773,0.0019322932157380878,0.0038415579665736855,100281.0,-1.5274331455812167
0.39450302720069885,0.9392929219064259,0.00812720786780119,0.0019045060396093317,0.006222701828191858,101414.75,0.018743145109472188
0.39462628960609436,0.9395864038240342,0.0020064148120582104,0.001886357405894035,0.00012005740616417545,99288.6875,-2.880720960757406
0.39486366510391235,0.9401515835807437,0.004467707592993975,0.0018516430818234565,0.002616064511170518,99980.8203125,-1.9368097416204142
0.3951113820075989,0.9407413857323783,0.006860209628939629,0.0018157478494697699,0.0050444617794698585,101099.875,-0.4106745038706651
0.3954823315143585,0.9416245988437107,0.003131918143481016,0.001762629742464054,0.0013692884010169622,99474.7734375,-2.6269422047764137
0.3957197368144989,0.9421898495583307,0.0055932109244167805,0.0017290341824233273,0.003864176741993453,100166.8984375,-1.6830416401066957
0.39590445160865784,0.9426296466872806,0.008033974096179008,0.0017031110370726208,0.006330863059106387,101308.0625,-0.12675425997371448
0.3961010277271271,0.9430976850645884,0.0017961286939680576,0.0016757312376764798,0.00012039745629157782,98968.7265625,-3.3170746679324137
0.39633843302726746,0.9436629357792082,0.004257421474903822,0.0016429508303236532,0.0026144706445801686,99660.8515625,-2.3731741032626954
0.39651280641555786,0.9440781105132331,0.00676697539165616,0.0016190734303548387,0.005147901961301321,100970.5625,-0.5870272461771169
0.3969570994377136,0.9451359510421753,0.0029216320253908634,0.0015590008967959878,0.0013626311285948756,99154.8046875,-3.063306566418695
0.3971768021583557,0.9456590527579898,0.005433100741356611,0.001529702030123258,0.0039033987112333532,100554.265625,-1.1547611892982859
0.3973058760166168,0.9459663714681353,0.007940739393234253,0.0015126149127537372,0.006428124480480516,101334.6875,-0.09044383550655717
0.3975757658481598,0.9466089663051424,0.001585842575877905,0.0014771873751132023,0.00010865520076470264,98648.7578125,-3.753439029574695
0.3977954685688019,0.9471320680209568,0.004097311291843653,0.0014486488933343781,0.0026486623985092746,99992.7421875,-1.9205510245614699
0.3979698717594147,0.9475473137128921,0.006606865208595991,0.0014261872963605834,0.005180677912235408,101054.9609375,-0.4719270362244466
0.39841416478157043,0.9486051542418344,0.0027615216095000505,0.0013697378716774238,0.0013917837378226267,99877.2734375,-2.0780240508597636
0.3986338675022125,0.9491282559576489,0.005272990092635155,0.001342233730421748,0.0039307563622134065,100391.3671875,-1.3769174864123401
0.39876291155815125,0.9494355037098839,0.007780629210174084,0.0013262056384848186,0.006454423571689265,101419.078125,0.024645719978839895
0.3990505337715149,0.9501203185036069,0.0013755564577877522,0.0012908188096914552,8.473764809629699e-05,99460.6015625,-2.6462694084100473
0.3992525339126587,0.950601271220616,0.003937200643122196,0.001266245223424072,0.0026709554196981244,100083.0625,-1.7973747284156936
0.3994269073009491,0.9510164459546407,0.006446754559874535,0.0012452177758752088,0.005201536783999326,101139.359375,-0.3568268262717763
0.39988890290260315,0.9521164354823884,0.002551235491409898,0.0011903375847865363,0.0013608979066233615,99666.390625,-2.3656200859659777
0.40009090304374695,0.9525973881993975,0.005112879443913698,0.0011667218201077611,0.003946157623805937,100288.8671875,-1.516704097037077
0.4002220630645752,0.9529096739632743,0.00767803518101573,0.0011515118083269813,0.006526523372688749,101307.6328125,-0.12734025567374194
0.4005252718925476,0.953631599744161,0.0011652703396975994,0.0011167237815199321,4.854655817766729e-05,99249.7109375,-2.9338760979835348
0.4007272720336914,0.9541125524611701,0.0037269145250320435,0.001093837545015947,0.0026330769800160967,99872.1796875,-2.0849707635219077
0.40088605880737305,0.9544906162080311,0.006344160530716181,0.0010760101591893584,0.005268150371526822,101187.703125,-0.2908969827850482
0.40136364102363586,0.9556277167229426,0.002340949373319745,0.0010232558511724774,0.0013176935221472677,99455.5078125,-2.6532161210721914
0.4015600085258484,0.9560952583948772,0.0049758655950427055,0.0010019419945193294,0.0039739236005233766,100721.9921875,-0.9260204314093774
0.40168124437332153,0.9563839151745751,0.007575441617518663,0.0009888928286621904,0.0065865487888564726,101291.625,-0.14917125911658388
0.4020000100135803,0.9571428809847151,0.0009549841633997858,0.0009549831354538859,1.027945899841759e-09,100362.6796875,-1.4160406902396294
0.40219637751579285,0.9576104226566496,0.003589900676161051,0.0009343830305232081,0.0026555176456378427,100334.9140625,-1.4539066669286778
0.4023551642894745,0.9579884864035108,0.006207146681845188,0.0009178866878768364,0.005289259993968351,101155.2578125,-0.33514498537075954
0.4028327465057373,0.9591255869184222,0.0022039355244487524,0.0008691410992682684,0.001334794425180484,100480.390625,-1.2555098318339195
0.40302911400794983,0.9595931285903567,0.004838851746171713,0.0008494778019167502,0.0039893739442549625,100688.6015625,-0.9715576245351492
0.403150349855423,0.9598817853700548,0.007438427768647671,0.0008374483370290564,0.006600979431618614,101281.5390625,-0.1629261763663198
0.40347474813461304,0.9606541622252692,0.0008562348084524274,0.0008056755928422132,5.055921561021419e-05,100176.796875,-1.6695424300715171
0.4036654829978943,0.9611082928521293,0.003452886827290058,0.0007872767801839585,0.0026656100471060995,100598.09375,-1.094989627895483
0.4038242697715759,0.9614863565989903,0.0060701328329741955,0.0007721194484972407,0.0052980133844769545,101329.609375,-0.09736923923415465
0.40430748462677,0.9626368681589763,0.0021051859948784113,0.0007268866164265966,0.0013782993784518147,100294.5078125,-1.5090115716658072
0.40449821949005127,0.9630909987858364,0.00470183789730072,0.0007094028829294077,0.003992435014371312,101238.0078125,-0.22229286801274015
0.4046391546726227,0.9634265587443398,0.007334530353546143,0.0006966189369408083,0.006637911416605334,101358.0546875,-0.05857632389233548
0.40494951605796814,0.9641655144237337,0.0007574853952974081,0.0006688711859325184,8.861420936488967e-05,99990.9140625,-1.9230441699034049
0.4051402509212494,0.9646196450505938,0.003354137297719717,0.0006520948290707361,0.0027020424686489807,100412.2109375,-1.3484913677273707
0.405313104391098,0.9650312009311858,0.005966235417872667,0.0006370730312409395,0.005329162386631728,101336.2890625,-0.08825966971554565
0.4057822525501251,0.9661482203574409,0.002006436698138714,0.0005971737606132822,0.0014092629375254315,100108.6171875,-1.7625239659649683
0.40597066283226013,0.9665968162672861,0.004615504760295153,0.0005815091729392538,0.004033995587355899,101073.484375,-0.4466652943196256
0.4061279594898224,0.9669713321186247,0.007230632472783327,0.0005685891059581872,0.00666204336682514,101434.5703125,0.04577352858164885
0.40642425417900085,0.9676767956642878,0.0006587359821423888,0.0005446420281725548,0.00011409395396983402,99805.0234375,-2.176556564202566
0.40661266446113586,0.968125391574133,0.0032678041607141495,0.0005296795761879024,0.002738124584526247,100733.5546875,-0.9102518198450016
0.4067855179309845,0.9685369474547251,0.0058799022808671,0.0005161340256065638,0.005363768255260536,101242.5234375,-0.216134585928815
0.407254695892334,0.9696540378388905,0.0019201035611331463,0.00048024330217292854,0.0014398602589602177,100875.109375,-0.7172035273214032
0.407443106174469,0.9701026337487357,0.004529171623289585,0.00046619111435984757,0.004062980508929738,101152.5234375,-0.33887404891638895
0.40760040283203125,0.9704771496000745,0.007144298870116472,0.0004546178816200386,0.006689680988496434,101240.03125,-0.21953336098897439
0.40789902210235596,0.9711881478627523,0.0005599865689873695,0.00043304356522962085,0.0001269430037577487,100515.8125,-1.2072024772171088
0.4080851078033447,0.9716312090555828,0.003181471023708582,0.0004198625175649195,0.0027616085061436626,100852.59375,-0.7479097020028432
0.40825796127319336,0.9720427649361747,0.005793568678200245,0.00040779981634158675,0.005385768861858658,101237.7109375,-0.22269773776912277
0.4087294340133667,0.9731653190794446,0.001821354147978127,0.000375784950903915,0.001445569197074212,100493.3046875,-1.2378979974312754
0.40891551971435547,0.9736083802722749,0.0044428384862840176,0.0003635066097143304,0.004079331876569687,101235.390625,-0.22586211454927116
0.40908727049827576,0.9740173107101804,0.00707462802529335,0.0003523538624927084,0.006722274162800642,101335.375,-0.0895062423865132
0.40937376022338867,0.9746994291033064,0.0004612371849361807,0.00033413462379000385,0.00012710256114617687,100134.0,-1.727907601794254
0.40955987572669983,0.9751425612540473,0.0030827217269688845,0.0003225561779148462,0.002760165549054038,100470.78125,-1.2686148265799886
0.40974485874176025,0.9755829970041912,0.005723897367715836,0.0003112492699505151,0.00541264809776532,101333.0546875,-0.09267061916666158
0.4102042019367218,0.9766766712779091,0.0017226047348231077,0.0002840398814292907,0.001438564853393817,100111.484375,-1.7586137764756942
0.41039690375328064,0.9771354851268587,0.004352007992565632,0.00027299363857452666,0.004079014353991105,101087.5234375,-0.4275192166296368
0.41057419776916504,0.9775576137361073,0.007004956249147654,0.00026302313230088355,0.00674193311684677,101430.7109375,0.04051022174867476
0.4108484983444214,0.9782107103438605,0.00036248777178116143,0.0002479609611298316,0.0001145268106513298,99752.171875,-2.248634035305946
0.4110412299633026,0.9786695951507205,0.002991891000419855,0.00023764224316945293,0.002754248757250402,100757.375,-0.8777663491289327
0.41122621297836304,0.9791100309008645,0.00563306687399745,0.00022794371275182385,0.005405123161245626,101241.09375,-0.21808435343981553
0.4116855561733246,0.9802037051745823,0.0016317741246894002,0.00020473092235522548,0.0014270432023341748,100873.7421875,-0.719068059094218
0.4118782579898834,0.980662519023532,0.004261177498847246,0.00019536244231390008,0.004065815056533346,101161.3828125,-0.32679188302854967
0.4120555520057678,0.9810846476327806,0.006914125755429268,0.00018693612065655545,0.006727189634772712,101234.328125,-0.22731112209843002
0.4123232662677765,0.981722062542325,0.00026373835862614214,0.00017456316525279265,8.917519337334949e-05,100627.4296875,-1.054982103284516
0.4125225841999054,0.9821966290473938,0.0029010602738708258,0.00016562549382292298,0.0027354347800479027,100886.1484375,-0.7021487650643337
0.4127075672149658,0.9826370647975377,0.005542236380279064,0.000157540103804832,0.005384696276474232,101227.0,-0.23730501240071686
0.4131602942943573,0.9837149864151364,0.001533024711534381,0.00013860309229878166,0.0013944216192355993,100639.84375,-1.0380521547873582
0.4133595824241638,0.9841894819622948,0.004170346539467573,0.0001306503664017299,0.0040396961730658435,101219.65625,-0.24732021163755016
0.4135535657405853,0.9846513470013937,0.0068555246107280254,0.00012313443802638993,0.0067323901727016355,101316.0859375,-0.11581212208411043
0.4137980043888092,0.9852333437828791,0.0001649889600230381,0.00011397992619993584,5.100903382310225e-05,100393.5390625,-1.373955544510383
0.4139973223209381,0.9857079102879479,0.0028023109771311283,0.00010677638570970064,0.0026955345914214278,100652.25,-1.0211328607574741
0.4142056107521057,0.9862038351240613,0.005483635235577822,9.949938713990282e-05,0.005384135848437919,101308.7421875,-0.12582732132094374
0.41463503241539,0.9872262676556905,0.0014342752983793616,8.530570884932845e-05,0.001348969589530033,100405.9375,-1.357046904947772
0.41484829783439636,0.9877340424628486,0.004132765810936689,7.86617409704863e-05,0.004054104069966203,101154.046875,-0.3367964277981097
0.4150516092777252,0.9882181173279172,0.006796923466026783,7.257827824750743e-05,0.006724345187779275,101397.8203125,-0.0043450854716105235
0.41527271270751953,0.9887445540655228,6.62395468680188e-05,6.6239953025062e-05,-4.0615704319213984e-10,101513.828125,0.15386309906853582
0.41548600792884827,0.9892523998305911,0.002764729782938957,6.03995319271631e-05,0.0027043302510117943,101071.46875,-0.44941414687611814
0.41569432616233826,0.9897483956246149,0.005446054041385651,5.495524242561059e-05,0.00539109879896004,101281.2578125,-0.16330973718815597
0.41612371802330017,0.9907707571983337,0.0013966942206025124,4.454367586641278e-05,0.0013521505447360996,101420.5546875,0.026659414293479778
0.4163370132446289,0.9912786029634022,0.004095184616744518,3.977764356326211e-05,0.004055406973181256,101303.0703125,-0.13356246456130647
0.41654032468795776,0.9917626778284709,0.006759342737495899,3.5485487005156285e-05,0.0067238572504907425,101253.9453125,-0.20055775477535726
0.41674748063087463,0.9922559062639873,5.8879599237116054e-05,3.136397728772674e-05,2.7515621949389312e-05,101258.9765625,-0.19369627785139912
0.4169747233390808,0.9927969603311448,0.0027271488215774298,2.713520436435751e-05,0.002700013617213072,101327.265625,-0.10056557941612272
0.4171830117702484,0.9932928851672581,0.005408473312854767,2.3527881499746424e-05,0.005384945431355021,101314.453125,-0.11803890574421486
0.4175984561443329,0.9942820384388878,0.0013893342111259699,1.710060059623936e-05,0.0013722336105297306,101165.6953125,-0.3209106170937284
0.41782569885253906,0.9948230925060454,0.004057603422552347,1.4017744256948498e-05,0.004043585678295399,101374.9453125,-0.03554136564761891
0.41802993416786194,0.995309367066338,0.006723522674292326,1.1508191387739755e-05,0.006712014482904587,101342.5,-0.07978936823333026
0.41822221875190735,0.9957671875045413,5.1519647968234494e-05,9.371477722431755e-06,4.214817024580274e-05,101004.125,-0.5412556547713341
0.4184494614601135,0.996308241571699,0.0027197888121008873,7.128902781156499e-06,0.0027126599093197307,101072.40625,-0.4481356108033309
0.4186726212501526,0.9968395744051253,0.005372653249651194,5.224593244661434e-06,0.005367428656406532,101403.0,0.0027188263305389167
0.4190731942653656,0.997793319679442,0.0013819743180647492,2.5471088307659056e-06,0.0013794272092339833,100910.84375,-0.6684699940136634
0.41930869221687317,0.9983540290877932,0.004036478698253632,1.417150767127611e-06,0.0040350615474865036,101322.375,-0.10723527592916277
0.4195195436477661,0.998856056304205,0.00668770307675004,6.845151173108203e-07,0.006687018561632729,101431.0546875,0.04097901830869674
0.41969695687294006,0.9992784687450954,4.4159696699352935e-05,2.723235299451745e-07,4.388737316940776e-05,100749.265625,-0.8888256861585423
0.41993245482444763,0.9998391781534468,0.0026986643206328154,1.3528999065283214e-08,0.0026986507916337502,101345.5234375,-0.07566608939859144
0.4201556146144867,1.000370510986873,0.005351528525352478,0.0,0.005351528525352478,101344.2734375,-0.07737080416230775
0.4205561876296997,1.00132425626119,0.0013608495937660336,0.0,0.0013608495937660336,101245.2421875,-0.21242683131773205
0.4207916855812073,1.0018849656695412,0.004015353973954916,0.0,0.004015353973954916,101398.34375,-0.00363123616430432
0.4210025370121002,1.002386992885953,0.0066665783524513245,0.0,0.0066665783524513245,101226.7265625,-0.2376779187552798
0.4211716949939728,1.0027897499856495,3.679974906845018e-05,0.0,3.679974906845018e-05,101499.5078125,0.13433346055671092
0.42141541838645935,1.0033700437772841,0.002677539363503456,0.0,0.002677539363503456,101140.3828125,-0.3554310910589836
0.4216386079788208,1.003901447568621,0.0053304038010537624,0.0,0.0053304038010537624,101298.1875,-0.14022150660707328
0.4220309257507324,1.004835537501744,0.0013534895842894912,0.0,0.0013534895842894912,101305.890625,-0.12971620187567154
0.422274649143219,1.0054158312933785,0.0039942292496562,0.0,0.0039942292496562,101369.640625,-0.04277574892613998
0.42250412702560425,1.0059622072038197,0.006636200938373804,0.0,0.006636200938373804,101327.9609375,-0.09961733182880553
0.4226464629173279,1.006301102184114,2.9439797799568623e-05,0.0,2.9439797799568623e-05,101119.3984375,-0.38404899015487104
0.42289018630981445,1.0068813959757488,0.0026701795868575573,0.0,0.0026701795868575573,101579.59375,0.24355240457455993
0.42314016819000244,1.0074765909285772,0.005300026386976242,0.0,0.005300026386976242,101399.421875,-0.002160919680599007
0.4235056936740875,1.0083468897002084,0.0013461296912282705,0.0,0.0013461296912282705,101460.34375,0.08092261611602442
0.4237690269947052,1.0089738737969172,0.003973842598497868,0.0,0.003973842598497868,101324.2578125,-0.10466754931631508
0.4240056872367859,1.009537350563776,0.006605823524296284,0.0,0.006605823524296284,101429.203125,0.03845390956494196
0.4241212010383606,1.0098123834246682,2.2079848349676467e-05,0.0,2.2079848349676467e-05,101865.4140625,0.6333460897655664
0.42438453435897827,1.010439367521377,0.0026497929356992245,0.0,0.0026497929356992245,101356.265625,-0.06101619689790445
0.42463454604148865,1.0110346334321159,0.005279639735817909,0.0,0.005279639735817909,101341.171875,-0.08160062766977882
0.42500007152557373,1.011904932203747,0.0013257430400699377,0.0,0.0013257430400699377,101677.2734375,0.37676520889171594
0.4252634048461914,1.0125319163004558,0.003953455947339535,0.0,0.003953455947339535,101399.203125,-0.0024592447642493606
0.4255000650882721,1.0130953930673146,0.006585436873137951,0.0,0.006585436873137951,101358.09375,-0.058523051555969346
0.4255959689617157,1.0133237356231326,1.4719898899784312e-05,0.0,1.4719898899784312e-05,101497.3984375,0.13145675439293963
0.4258789122104645,1.0139974100249154,0.0026294062845408916,0.0,0.0026294062845408916,101489.125,0.12017367355059234
0.42612892389297485,1.0145926759356545,0.005259253084659576,0.0,0.005259253084659576,101416.125,0.02061833134956012
0.42647480964660645,1.015416213444301,0.0013183830305933952,0.0,0.0013183830305933952,101309.25,-0.12513478094818398
0.4267577528953552,1.016089887846084,0.003933069296181202,0.0,0.003933069296181202,101474.15625,0.09975971425508959
0.42702093720436096,1.0167165171532404,0.0065536764450371265,0.0,0.0065536764450371265,101326.8203125,-0.10117288405069666
0.4270707070827484,1.0168350168636868,7.359949449892156e-06,0.0,7.359949449892156e-06,101129.3671875,-0.3704538899142335
0.4273536801338196,1.01750876222338,0.002622046275064349,0.0,0.002622046275064349,101121.1015625,-0.3817263162893076
0.4276497960090637,1.0182138000215804,0.005227492656558752,0.0,0.005227492656558752,101400.296875,-0.0009676193459975933
0.42794957756996155,1.0189275656427657,0.0013110231375321746,0.0,0.0013110231375321746,100941.2265625,-0.6270347707880839
0.4282635748386383,1.0196751781872342,0.003912915010005236,0.0,0.003912915010005236,101333.890625,-0.09153059116842631
0.42854180932044983,1.0203376412391663,0.006521916016936302,0.0,0.006521916016936302,101428.4140625,0.03737780837034605
0.42854544520378113,1.0203462981042408,0.0,0.0,0.0,100761.3359375,-0.8723645342214067
0.4288594722747803,1.0210939816066198,0.002601891988888383,0.0,0.002601891988888383,101377.6953125,-0.031790993167443035
0.4291555881500244,1.02179901940482,0.005207338370382786,0.0,0.005207338370382786,101347.9140625,-0.07240582241298402
0.42945536971092224,1.0225127850260054,0.0012908689677715302,0.0,0.0012908689677715302,101271.953125,-0.17599920771056923
0.429769366979599,1.023260397570474,0.003892760956659913,0.0,0.003892760956659913,101417.234375,0.022131265702358342
0.43002021312713623,1.0238576503027053,0.0,0.0,0.0,101531.2890625,0.17767583342419796
0.4300476014614105,1.023922860622406,0.006501761730760336,0.0,0.006501761730760336,101230.6953125,-0.23226544938048052
0.43036526441574097,1.0246792009898595,0.0025817379355430603,0.0,0.0025817379355430603,101169.390625,-0.3158710540734921
0.4306613802909851,1.0253842387880598,0.0051871840842068195,0.0,0.0051871840842068195,101312.4296875,-0.12079841276798063
0.43093010783195496,1.0260240662665594,0.0012908689677715302,0.0,0.0012908689677715302,101339.0234375,-0.08453060616991623
0.4312751293182373,1.0268455459958032,0.003872606670483947,0.0,0.003872606670483947,101394.1484375,-0.00935268509002717
0.43149495124816895,1.0273689315432595,0.0,0.0,0.0,101153.8671875,-0.33704148054539396
0.4315987825393677,1.0276161489032565,0.006467598490417004,0.0,0.006467598490417004,101332.53125,-0.0933844684739678
0.4318400025367737,1.0281904822304135,0.0025817379355430603,0.0,0.0025817379355430603,101146.7578125,-0.3467370457640304
0.43221256136894226,1.02907752706891,0.005153020843863487,0.0,0.005153020843863487,101414.265625,0.018082568138532117
0.43240484595298767,1.0295353475071136,0.0012908689677715302,0.0,0.0012908689677715302,100961.6171875,-0.5992266112049617
0.43280234932899475,1.0304817841166543,0.003839199198409915,0.0,0.003839199198409915,101354.4296875,-0.06351999670711277
0.43296968936920166,1.0308802127838135,0.0,0.0,0.0,100776.4609375,-0.8517374855804394
0.4331499934196472,1.0313095081420172,0.006433434784412384,0.0,0.006433434784412384,101434.3828125,0.045517821367091406
0.43336719274520874,1.0318266493933541,0.002548330230638385,0.0,0.002548330230638385,101379.2890625,-0.02961748184370475
0.4337397515773773,1.0327136942318509,0.005119613371789455,0.0,0.005119613371789455,101358.4296875,-0.05806490946322059
0.43393203616142273,1.0331715146700542,0.0012574613792821765,0.0,0.0012574613792821765,101264.15625,-0.18663236604924968
0.4343295395374298,1.0341179512795948,0.003805791726335883,0.0,0.003805791726335883,101432.0546875,0.042342790119669786
0.4344444274902344,1.0343914940243677,0.0,0.0,0.0,101526.375,0.17097417350933825
0.4346771836280823,1.0349456753049577,0.006400027312338352,0.0,0.006400027312338352,101231.0546875,-0.2317753438859121
0.4348943829536438,1.035462816556295,0.002514922758564353,0.0,0.002514922758564353,101164.90625,-0.3219867182883243
0.43526697158813477,1.036349932352702,0.005086205434054136,0.0,0.005086205434054136,101309.3125,-0.12504954520999817
0.43540677428245544,1.0366827959106082,0.0012574613792821765,0.0,0.0012574613792821765,101330.078125,-0.09672997119776104
0.43585672974586487,1.0377541184425354,0.0037723840214312077,0.0,0.0037723840214312077,101252.7734375,-0.2021559248663413
0.4359191954135895,1.0379028462228321,0.0,0.0,0.0,101137.8203125,-0.358925756324602
0.43632009625434875,1.0388573720341638,0.006366755347698927,0.0,0.006366755347698927,101330.734375,-0.09583499594680998
0.4363691508769989,1.0389741687547593,0.002514922758564353,0.0,0.002514922758564353,101536.3203125,0.1845373103481561
0.43688154220581055,1.0401941481090728,0.0012574613792821765,0.0,0.0012574613792821765,101384.4453125,-0.02258553344337499
0.43690985441207886,1.0402615581239973,0.005052933935075998,0.0,0.005052933935075998,101268.2890625,-0.18099615286171267
0.43734103441238403,1.041288177172343,0.0036981103476136923,0.0,0.0036981103476136923,101346.2890625,-0.07462195160581521
0.4373939335346222,1.0414141274633861,0.0,0.0,0.0,101854.5859375,0.6185789981248738
0.43785345554351807,1.042508227484567,0.0024406490847468376,0.0,0.0024406490847468376,101293.234375,-0.14697643885829914
0.43796297907829285,1.0427689978054593,0.006333483383059502,0.0,0.006333483383059502,101283.7890625,-0.15985768979163048
0.4383658468723297,1.0437282068388802,0.0011831877054646611,0.0,0.0011831877054646611,101622.4765625,0.30203477543730245
0.438394159078598,1.043795616853805,0.004978660028427839,0.0,0.004978660028427839,101361.796875,-0.0534728340684598
0.4388253688812256,1.044822306860061,0.003623836673796177,0.0,0.003623836673796177,101439.7890625,0.05289071272016443
0.4388687014579773,1.0449254796618508,0.0,0.0,0.0,101425.2890625,0.03311602146105529
0.43933776021003723,1.0460422862143743,0.0023663754109293222,0.0,0.0023663754109293222,101390.3671875,-0.014509447250268993
0.439447283744812,1.0463030565352667,0.00625920994207263,0.0,0.00625920994207263,101377.296875,-0.03233437099837761
0.4398405849933624,1.0472394880794345,0.0011831877054646611,0.0,0.0011831877054646611,101193.1796875,-0.28342820122651613
0.4398784935474396,1.0473297465415228,0.0049043865874409676,0.0,0.0049043865874409676,101455.3125,0.07406113919206629
0.44030967354774475,1.0483563655898684,0.0035495629999786615,0.0,0.0035495629999786615,101533.296875,0.18041403151341728
0.44034343957901,1.0484367609024048,0.0,0.0,0.0,100995.984375,-0.5523576096700366
0.44070005416870117,1.0492858432588124,0.007386972662061453,0.0,0.007386972662061453,101318.140625,-0.11300999719125175
0.44081252813339233,1.049553638412839,0.0023663754109293222,0.0,0.0023663754109293222,100961.0625,-0.5999830783813608
0.44113126397132874,1.0503125332650685,0.0060321493074297905,0.0,0.0060321493074297905,101417.828125,0.022941005215123586
0.44131535291671753,1.050750840277899,0.0011831877054646611,0.0,0.0011831877054646611,100763.875,-0.868901832357608
0.4415624439716339,1.0513391523134141,0.004677325952798128,0.0,0.004677325952798128,101517.515625,0.15889200762149894
0.4416024088859558,1.0514343068713234,0.0033257317263633013,0.0,0.0033257317263633013,101310.796875,-0.12302519642808504
0.4418181777000427,1.051948042142959,0.0,0.0,0.0,100566.671875,-1.1378418952684015
0.442105233669281,1.0526315087363833,0.002142544137313962,0.0,0.002142544137313962,100977.265625,-0.5778857132566882
0.4423840045928955,1.0532952490307037,0.0071599120274186134,0.0,0.0071599120274186134,101460.828125,0.08158319308696449
0.4426080882549286,1.0538287815593539,0.000959356315433979,0.0,0.000959356315433979,100670.6328125,-0.996062899263571
0.44281521439552307,1.0543219390369598,0.005805088672786951,0.0,0.005805088672786951,101560.515625,0.21753419549333983
0.4428551495075226,1.0544170226369585,0.004453494679182768,0.0,0.004453494679182768,101401.6640625,0.0008969124268171155
0.44289514422416687,1.0545122481527782,0.003101900452747941,0.0,0.003101900452747941,101303.03125,-0.1336157368976726
0.4432929456233978,1.0554593943414234,0.0,0.0,0.0,101212.3203125,-0.2573247564071102
0.44339796900749207,1.0557094500178383,0.001918712630867958,0.0,0.001918712630867958,100775.2109375,-0.8534422003441557
0.44406795501708984,1.0573046548025948,0.006932851392775774,0.0,0.006932851392775774,100932.84375,-0.6384670141722564
0.4440828263759613,1.0573400627999079,0.000959356315433979,0.0,0.000959356315433979,101357.484375,-0.05935410000328105
0.44410791993141174,1.0573998093605042,0.005581257399171591,0.0,0.005581257399171591,101211.671875,-0.25820907719078806
0.44414788484573364,1.0574949639184135,0.004229663405567408,0.0,0.004229663405567408,101369.53125,-0.042924911467965156
0.44418784976005554,1.0575901184763228,0.002878068946301937,0.0,0.002878068946301937,101527.375,0.1723379453203113
0.44476768374443054,1.0589706755819774,0.0,0.0,0.0,101452.8203125,0.07066236413190691
0.4448727071285248,1.0592207312583923,0.001918712630867958,0.0,0.001918712630867958,102287.1796875,1.2085381599779943
0.44554561376571655,1.0608228899183727,0.005924544762820005,0.0,0.005924544762820005,101103.296875,-0.4060078472049917
0.445557564496994,1.0608513440404619,0.000959356315433979,0.0,0.000959356315433979,102464.859375,1.4508527091729937
0.44558560848236084,1.0609181154341925,0.004572950303554535,0.0,0.004572950303554535,101346.1640625,-0.07479242308218684
0.44562557339668274,1.0610132699921018,0.0032213563099503517,0.0,0.0032213563099503517,101504.0234375,0.14049174264063607
0.44624242186546326,1.0624819568225317,0.0,0.0,0.0,102763.796875,1.8585352449157482
0.4463104009628296,1.0626438118162609,0.0022619999945163727,0.0,0.0022619999945163727,101995.390625,0.8106044617902425
0.44699525833129883,1.0642744245983307,0.0013026435626670718,0.0,0.0013026435626670718,102295.6875,1.2201408748385383
0.44702330231666565,1.064341195992061,0.0049162376672029495,0.0,0.0049162376672029495,101273.7421875,-0.17355933470500026
0.4470377564430237,1.064375610578628,0.006291151978075504,0.0,0.006291151978075504,101175.3203125,-0.30778431341311285
0.44706326723098755,1.0644363505499703,0.0035646434407681227,0.0,0.0035646434407681227,101480.6640625,0.1086348854936876
0.44771715998649597,1.0659932380630857,0.0,0.0,0.0,101886.625,0.6622729684123774
0.4477481245994568,1.06606696333204,0.0026052871253341436,0.0,0.0026052871253341436,101827.5625,0.581725195826782
0.44846999645233154,1.0677857058388847,0.0013026435626670718,0.0,0.0013026435626670718,101418.5078125,0.02386794386789433
0.44850096106529236,1.067859431107839,0.003907930571585894,0.0,0.003907930571585894,101444.1796875,0.058878523327717945
0.4485154449939728,1.0678939166523163,0.005282844882458448,0.0,0.005282844882458448,101345.7578125,-0.07534645538039464
0.4485299289226532,1.0679284021967934,0.006657759193331003,0.0,0.006657759193331003,101247.3359375,-0.20957143408850723
0.4491919279098511,1.0695045902615503,0.0,0.0,0.0,101009.4453125,-0.5339999625582665
0.4492228627204895,1.069578244572594,0.0026052871253341436,0.0,0.0026052871253341436,100950.3984375,-0.6145264262093155
0.44994476437568665,1.071297058037349,0.0013026435626670718,0.0,0.0013026435626670718,100541.3359375,-1.1723943326354764
0.44996896386146545,1.071354675860632,0.0035619197878986597,0.0,0.0035619197878986597,101300.8359375,-0.13660964220144936
0.4499991536140442,1.0714265562239147,0.004902421496808529,0.0,0.004902421496808529,101407.078125,0.008280458247163362
0.4500136077404022,1.0714609708104814,0.006277335807681084,0.0,0.006277335807681084,101462.0390625,0.08323463551431466
0.4506666660308838,1.0730158715021043,0.0,0.0,0.0,100132.2734375,-1.7302622390616373
0.4506908655166626,1.0730734893253873,0.0022592763416469097,0.0,0.0022592763416469097,100866.6328125,-0.7287636243128545
0.45141276717185974,1.0747923027901423,0.0009566327789798379,0.0,0.0009566327789798379,100403.6640625,-1.360147354924281
0.45143693685531616,1.0748498496555148,0.0032159090042114258,0.0,0.0032159090042114258,101287.5703125,-0.15470092763138865
0.4514671266078949,1.0749217300187974,0.004556410945951939,0.0,0.004556410945951939,101400.6875,-0.0004348959823362479
0.45149731636047363,1.07499361038208,0.005896912422031164,0.0,0.005896912422031164,101569.9140625,0.2303515196230318
0.45151180028915405,1.0750280959265572,0.007271827198565006,0.0,0.007271827198565006,101624.8671875,0.3052950424229099
0.4521414339542389,1.0765272237005687,0.0,0.0,0.0,101180.7421875,-0.3003901131254934
0.4521588385105133,1.0765686631202698,0.0019132655579596758,0.0,0.0019132655579596758,100542.3828125,-1.170966634020864
0.45288750529289246,1.0783035840306963,0.0009566327789798379,0.0,0.0009566327789798379,101299.125,-0.13894297053428606
0.45290490984916687,1.0783450234503973,0.002869898220524192,0.0,0.002869898220524192,101481.6328125,0.10995603943556774
0.452935129404068,1.0784169747715906,0.004210399929434061,0.0,0.004210399929434061,101334.9609375,-0.09007092915199422
0.45296531915664673,1.0784888551348732,0.005550901871174574,0.0,0.005550901871174574,101188.2734375,-0.2901192066741026
0.4529954791069031,1.0785606645402455,0.0068914033472537994,0.0,0.0068914033472537994,100928.625,-0.6442204264997989
0.4536161720752716,1.080038504941123,0.0,0.0,0.0,101442.7109375,0.05687548348035129
0.4536336064338684,1.0800800153187344,0.0019132655579596758,0.0,0.0019132655579596758,102189.90625,1.075879387959046
0.45436227321624756,1.081814936229161,0.0009566327789798379,0.0,0.0009566327789798379,102383.5234375,1.3399290503914285
0.45439252257347107,1.0818869585082644,0.0031961179338395596,0.0,0.0031961179338395596,101472.0234375,0.09685104468949865
0.4544227123260498,1.081958838871547,0.004536619875580072,0.0,0.004536619875580072,101325.3359375,-0.10319723283260977
0.45445290207862854,1.08203071923483,0.005877121351659298,0.0,0.005877121351659298,101178.6484375,-0.3032455103547182
0.45450320839881897,1.0821504961876642,0.007214863784611225,0.0,0.007214863784611225,101007.1015625,-0.5371963027402347
0.4550909101963043,1.083549786181677,0.0,0.0,0.0,102755.453125,1.847156273867942
0.4551211893558502,1.0836218794186911,0.0022394850384444,0.0,0.0022394850384444,101932.6328125,0.7250171261844107
0.45584985613822937,1.0853568003291176,0.0012828523758798838,0.0,0.0012828523758798838,102278.0703125,1.1961150511374117
0.4558801054954529,1.0854288226082212,0.0035223374143242836,0.0,0.0035223374143242836,101462.3984375,0.0837247410088831
0.4559102952480316,1.0855007029715038,0.0048628393560647964,0.0,0.0048628393560647964,101277.4453125,-0.1685091172174907
0.45596060156822205,1.0856204799243383,0.006200581789016724,0.0,0.006200581789016724,101181.5078125,-0.2993459753327171
0.4565656781196594,1.0870611383801416,0.0,0.0,0.0,101862.5390625,0.6294252458090188
0.45660877227783203,1.0871637435186476,0.0025657047517597675,0.0,0.0025657047517597675,101800.6796875,0.5450631739396082
0.4573245942592621,1.0888680815696716,0.0012828523758798838,0.0,0.0012828523758798838,101385.15625,-0.02161597692151134
0.4573676884174347,1.0889706867081779,0.0038485571276396513,0.0,0.0038485571276396513,101451.8515625,0.06934121019002677
0.4574179947376251,1.0890904636610121,0.005186299327760935,0.0,0.005186299327760935,101355.9140625,-0.061495647925199654
0.45746833086013794,1.089210311571757,0.006524041760712862,0.0,0.006524041760712862,101259.9765625,-0.1923325060404261
0.45804041624069214,1.0905724196206956,0.0,0.0,0.0,100969.625,-0.5883057822499042
0.45808351039886475,1.0906750247592019,0.0025657047517597675,0.0,0.0025657047517597675,100907.765625,-0.6726678541193147
0.4587993323802948,1.0923793628102259,0.0012828523758798838,0.0,0.0012828523758798838,100492.234375,-1.2393576594477076
0.45888039469718933,1.0925723683266413,0.004777251277118921,0.0,0.004777251277118921,101410.7109375,0.013234785529213875
0.45893070101737976,1.0926921452794756,0.0061149937100708485,0.0,0.0061149937100708485,101470.015625,0.09411284660027933
0.4589810371398926,1.0928119931902205,0.007452736143022776,0.0,0.007452736143022776,101529.3125,0.17498025320407157
0.4595116674900055,1.0940753987857275,0.0021926555782556534,0.0,0.0021926555782556534,100768.71875,-0.8622960626482072
0.45951515436172485,1.0940837008612496,0.0,0.0,0.0,100076.703125,-1.8060474647761002
0.4602240324020386,1.0957715057191395,0.0031024590134620667,0.0,0.0031024590134620667,101240.75,-0.2185531499998375
0.46022748947143555,1.0957797368367515,0.0009098033187910914,0.0,0.0009098033187910914,100265.8359375,-1.54811346655855
0.46030858159065247,1.0959728133110773,0.0044042025692760944,0.0,0.0044042025692760944,101377.265625,-0.032376988867470514
0.46039313077926636,1.0961741209030151,0.005705945659428835,0.0,0.005705945659428835,101570.8203125,0.2315874378267261
0.4604434370994568,1.0962938978558496,0.007043688092380762,0.0,0.007043688092380762,101630.140625,0.312486807832338
0.46093985438346863,1.0974758437701635,0.0018196066375821829,0.0,0.0018196066375821829,100414.9140625,-1.3448049220508342
0.46098989248275757,1.0975949821018038,0.0,0.0,0.0,101125.0859375,-0.37629253797996187
0.4616521894931793,1.099171879745665,0.0027294098399579525,0.0,0.0027294098399579525,101203.21875,-0.26973721078041957
0.46170222759246826,1.0992910180773054,0.0009098033187910914,0.0,0.0009098033187910914,101238.6015625,-0.2214831284999749
0.4617367386817932,1.099373187337603,0.00403115339577198,0.0,0.00403115339577198,101339.734375,-0.08356104964805258
0.4618212878704071,1.0995744949295407,0.005332896951586008,0.0,0.005332896951586008,101476.2421875,0.10260445701704118
0.461905837059021,1.0997758025214786,0.0066346400417387486,0.0,0.0066346400417387486,101730.9375,0.4499507445915116
0.46241459250450134,1.1009871250107175,0.0018196066375821829,0.0,0.0018196066375821829,101937.8515625,0.7321343103229262
0.46246466040611267,1.1011063343002683,0.0,0.0,0.0,101430.296875,0.03994553498319373
0.4629207253456116,1.1021922032038372,0.002933155745267868,0.0,0.002933155745267868,101460.21875,0.08075214463965279
0.4630052447319031,1.1023934398378645,0.004234899301081896,0.0,0.004234899301081896,101329.8125,-0.09709222308505075
0.46308982372283936,1.1025948183877128,0.005536642391234636,0.0,0.005536642391234636,101119.1328125,-0.38441124204216076
0.46317699551582336,1.1028023702757699,0.0009098033187910914,0.0,0.0009098033187910914,102079.1640625,0.9248523143610545
0.4635556936264038,1.1037040324438185,0.006810497958213091,0.0,0.006810497958213091,101156.6171875,-0.33329110806521806
0.4636831283569336,1.1040074484688895,0.0020233523100614548,0.0,0.0020233523100614548,101795.359375,0.5378074817265407
0.4639393985271454,1.1046176155408225,0.0,0.0,0.0,102196.5625,1.0849569940758352
0.46418923139572144,1.1052124557040988,0.00313690141774714,0.0,0.00313690141774714,101474.9453125,0.1008358154496855
0.4642738103866577,1.105413834253947,0.004438644740730524,0.0,0.004438644740730524,101208.5234375,-0.2625028275018985
0.4644455313682556,1.105822693733942,0.0011135491076856852,0.0,0.0011135491076856852,101975.7890625,0.7838724034017162
0.46473968029022217,1.1065230483100528,0.005712500307708979,0.0,0.005712500307708979,101246.0078125,-0.21138269352495578
0.46495166420936584,1.1070277719270616,0.0022270982153713703,0.0,0.0022270982153713703,101755.015625,0.4827878127275969
0.4652055501937866,1.1076322623661587,0.006986355874687433,0.0,0.006986355874687433,101283.484375,-0.16027321401528632
0.4654141664505005,1.108128967739287,0.0,0.0,0.0,101780.5859375,0.5176598841128686
0.4654577672481537,1.1082327791622708,0.003340647090226412,0.0,0.003340647090226412,101229.125,-0.23440699730239914
0.46592026948928833,1.1093339749744962,0.0011135491076856852,0.0,0.0011135491076856852,101559.8125,0.2165752934387494
0.4663895070552826,1.1104512072744823,0.005888358224183321,0.0,0.005888358224183321,101267.6171875,-0.18191243704721016
0.46642640233039856,1.1105390531676156,0.0022270982153713703,0.0,0.0022270982153713703,101339.0234375,-0.08453060616991623
0.46685537695884705,1.1115604213305883,0.007162213791161776,0.0,0.007162213791161776,101151.3125,-0.34052549134373916
0.4668889045715332,1.111640248979841,0.0,0.0,0.0,101364.6015625,-0.049647880317371336
0.4669343829154968,1.111748530751183,0.003401316236704588,0.0,0.003401316236704588,101331.703125,-0.09451384200492985
0.46739503741264343,1.1128453271729606,0.0011135491076856852,0.0,0.0011135491076856852,101143.8203125,-0.35074312545876374
0.46786612272262573,1.1139669588633947,0.005949027370661497,0.0,0.005949027370661497,101221.8046875,-0.24439023313741276
0.4679030179977417,1.114054804756528,0.0022877671290189028,0.0,0.0022877671290189028,101531.578125,0.17807004871330737
0.4683636426925659,1.1151515302203951,0.0,0.0,0.0,102034.5625,0.8640259606982021
0.46840059757232666,1.1152395180293493,0.007144967094063759,0.0,0.007144967094063759,101253.3046875,-0.20143142109176188
0.46841099858283997,1.1152642823400951,0.0034619851503521204,0.0,0.0034619851503521204,101434.2734375,0.04536865882526623
0.4688716530799866,1.1163610787618727,0.0011742180213332176,0.0,0.0011742180213332176,101793.3828125,0.5351119015064143
0.4688768684864044,1.116373496396201,0.004735840484499931,0.0,0.004735840484499931,101453.53125,0.07163192065377055
0.46937963366508484,1.1175705563454401,0.0023484360426664352,0.0,0.0023484360426664352,101552.1953125,0.20618718784735318
0.46941134333610535,1.1176460555621557,0.00593178067356348,0.0,0.00593178067356348,101323.7890625,-0.1053068173527087
0.469838410615921,1.1186628824188596,0.0,0.0,0.0,101656.2890625,0.3481473097958285
0.4698876142501831,1.1187800339290075,0.003522654063999653,0.0,0.003522654063999653,101362.7734375,-0.05214102565930643
0.4699458181858063,1.1189186147281103,0.007127720396965742,0.0,0.007127720396965742,101355.28125,-0.062358659774331034
0.4703463912010193,1.119872360002427,0.0011742180213332176,0.0,0.0011742180213332176,101415.109375,0.019233250604040623
0.47042208909988403,1.120052593094962,0.004718593787401915,0.0,0.004718593787401915,101394.2734375,-0.00918221361365554
0.47085437178611755,1.1210818375859941,0.0023484360426664352,0.0,0.0023484360426664352,101173.921875,-0.3096914630550205
0.47095656394958496,1.1213251522609167,0.005914533976465464,0.0,0.005914533976465464,101425.7734375,0.033776598431995354
0.47131314873695374,1.1221741636594138,0.0,0.0,0.0,101278.0234375,-0.16772068663927192
0.4713817536830902,1.1223375087692624,0.0035226326435804367,0.0,0.0035226326435804367,101341.5078125,-0.08114248557703008
0.4714910089969635,1.1225976404689608,0.007110473699867725,0.0,0.007110473699867725,101457.2578125,0.0767141015430998
0.471821129322052,1.123383641242981,0.0011742180213332176,0.0,0.0011742180213332176,101036.84375,-0.4966347458310598
0.47191622853279114,1.123610067935217,0.0047185723669826984,0.0,0.0047185723669826984,101362.9375,-0.051917281846568665
0.47234851121902466,1.1246393124262493,0.0023484148550778627,0.0,0.0023484148550778627,101406.2421875,0.007140430248928084
0.47245070338249207,1.1248826271011716,0.0059145125560462475,0.0,0.0059145125560462475,101384.3671875,-0.022692078116107257
0.47278788685798645,1.1256854448999678,0.0,0.0,0.0,101931.046875,0.7228542693279456
0.4728758931159973,1.1258949836095176,0.003522611455991864,0.0,0.003522611455991864,101277.7421875,-0.1681042474611081
0.47301343083381653,1.1262224543662298,0.007063739933073521,0.0,0.007063739933073521,101267.9296875,-0.1814862583562811
0.4733152687549591,1.126941116083236,0.0011741967173293233,0.0,0.0011741967173293233,101717.03125,0.4309857928451677
0.47341036796569824,1.1271675427754722,0.00471855141222477,0.0,0.00471855141222477,101444.7890625,0.05970957177502965
0.47384265065193176,1.1281967872665042,0.0023483934346586466,0.0,0.0023483934346586466,101503.015625,0.1391173163623898
0.4739730954170227,1.1285073700405304,0.005867778789252043,0.0,0.005867778789252043,101329.7734375,-0.09714549542141689
0.47426262497901917,1.1291967261405218,0.0,0.0,0.0,101588.265625,0.2553788632478418
0.47437000274658203,1.129452387491862,0.003522590035572648,0.0,0.003522590035572648,101288.984375,-0.15277246905493458
0.47453582286834717,1.1298471973055886,0.007017006166279316,0.0,0.007017006166279316,101363.6796875,-0.05090510745561211
0.4747900068759918,1.13045239732379,0.0011741967173293233,0.0,0.0011741967173293233,101374.25,-0.0364896132349361
0.4749327600002289,1.1307922857148307,0.004671817645430565,0.0,0.004671817645430565,101391.59375,-0.012836695888372369
0.4753173887729645,1.1317080685070584,0.0023483934346586466,0.0,0.0023483934346586466,101160.21875,-0.32837939865226046
0.47549548745155334,1.132132112979889,0.005821045022457838,0.0,0.005821045022457838,101425.515625,0.033425001011978865
0.47573739290237427,1.1327080783389865,0.0,0.0,0.0,101245.46875,-0.21211785176680845
0.4758616089820862,1.133003830909729,0.003509519388899207,0.0,0.003509519388899207,101461.96875,0.08313874530885562
0.4760581851005554,1.1334718692870367,0.006970272399485111,0.0,0.006970272399485111,101459.40625,0.0796440800432372
0.4762647747993469,1.1339637495222545,0.0011741967173293233,0.0,0.0011741967173293233,101031.453125,-0.5039863282495863
0.47642433643341064,1.1343436581747872,0.004658746533095837,0.0,0.004658746533095837,101367.8046875,-0.045279548735348306
0.47680896520614624,1.135259440967015,0.002335322555154562,0.0,0.002335322555154562,101383.296875,-0.024151740132539345
0.4769870638847351,1.1356834854398454,0.005807974375784397,0.0,0.005807974375784397,101238.015625,-0.22228221354546693
0.477212131023407,1.1362193595795405,0.0,0.0,0.0,101900.9609375,0.6818239158587488
0.47735321521759033,1.1365552743275962,0.0034964485093951225,0.0,0.0034964485093951225,101268.1875,-0.1811346609362646
0.47756466269493103,1.1370587207022167,0.0069357408210635185,0.0,0.0069357408210635185,101270.484375,-0.1780022475579359
0.4777563512325287,1.1375151219822113,0.0011611259542405605,0.0,0.0011611259542405605,101697.875,0.40486103909121535
0.4779159426689148,1.1378951015926544,0.004645675886422396,0.0,0.004645675886422396,101299.5703125,-0.1383356658997121
0.4783005714416504,1.1388108843848819,0.002322251908481121,0.0,0.002322251908481121,101494.78125,0.12788750785640862
0.47849351167678833,1.1392702658971152,0.005773442797362804,0.0,0.005773442797362804,101332.046875,-0.09404504544490785
0.4786868989467621,1.1397307117780051,0.0,0.0,0.0,101559.859375,0.21663922024238877
0.4788447916507721,1.1401066467875527,0.003483377629891038,0.0,0.003483377629891038,101291.6796875,-0.1490966778456713
0.47907111048698425,1.1406455011594863,0.006901209242641926,0.0,0.006901209242641926,101364.515625,-0.04976507945737683
0.4792310893535614,1.1410264032227653,0.0011611259542405605,0.0,0.0011611259542405605,101356.765625,-0.06033431099241792
0.479422390460968,1.141481882049924,0.004611144308000803,0.0,0.004611144308000803,101393.6015625,-0.010098497799153052
0.4797753393650055,1.1423222365833465,0.002322251908481121,0.0,0.002322251908481121,101153.6796875,-0.3372971877599514
0.47999995946884155,1.1428570463543848,0.005738910753279924,0.0,0.005738910753279924,101426.0859375,0.03420277712292443
0.4801616370677948,1.143241993018559,0.0,0.0,0.0,101218.7578125,-0.24854547537397126
0.4803471267223358,1.1436836350531805,0.0034596817567944527,0.0,0.0034596817567944527,101457.734375,0.07736402404676664
0.4805775284767151,1.1442322106588454,0.006866677198559046,0.0,0.006866677198559046,101458.5390625,0.078461434175909
0.4807058572769165,1.1445377554212297,0.0011611259542405605,0.0,0.0011611259542405605,101015.6640625,-0.5255190066087779
0.48092469573020935,1.1450587993576413,0.004587448202073574,0.0,0.004587448202073574,101373.7578125,-0.037160844673149396
0.4812776446342468,1.145899153891064,0.002298555802553892,0.0,0.002298555802553892,101368.3828125,-0.044491118157129514
0.4815022945404053,1.1464340346200126,0.0057152146473526955,0.0,0.0057152146473526955,101243.6015625,-0.2146642694451097
0.4816363751888275,1.146753274259113,0.0,0.0,0.0,101872.1953125,0.6425941673587273
0.48184943199157715,1.147260552360898,0.0034359856508672237,0.0,0.0034359856508672237,101269.046875,-0.17996266953620965
0.48210057616233826,1.147858514672234,0.006827692035585642,0.0,0.006827692035585642,101272.6640625,-0.1750296511887056
0.4822081923484802,1.1481147436868577,0.0011374298483133316,0.0,0.0011374298483133316,101678.2890625,0.37815028963723546
0.48242703080177307,1.1486357876232693,0.004563752096146345,0.0,0.004563752096146345,101304.6328125,-0.13143157110666107
0.48277997970581055,1.149476142156692,0.002274859696626663,0.0,0.002274859696626663,101484.375,0.1136957574484704
0.48302531242370605,1.1500602676754907,0.0056762294843792915,0.0,0.0056762294843792915,101333.703125,-0.09178629838298376
0.4831111431121826,1.1502646264575778,0.0,0.0,0.0,101548.2421875,0.20079602740710037
0.4833517372608185,1.1508374696686154,0.003412289312109351,0.0,0.003412289312109351,101290.4609375,-0.1507587747402947
0.4836236238479614,1.1514848186856226,0.006788707338273525,0.0,0.006788707338273525,101362.765625,-0.052151680126579655
0.48368293046951294,1.1516260249274117,0.0011374298483133316,0.0,0.0011374298483133316,101354.328125,-0.06365850478166472
0.48395004868507385,1.1522620206787473,0.004524766933172941,0.0,0.004524766933172941,101394.7421875,-0.008542945577261925
0.48425471782684326,1.152987423397246,0.002274859696626663,0.0,0.002274859696626663,101160.4140625,-0.3281130369704298
0.4845483601093292,1.1536865716888791,0.005637244787067175,0.0,0.005637244787067175,101423.8046875,0.031091672679142174
0.48458588123321533,1.1537759076981318,0.0,0.0,0.0,101224.2734375,-0.24102342147907305
0.48484933376312256,1.1544031756264823,0.003399512730538845,0.0,0.003399512730538845,101461.859375,0.08298958276703045
0.4851466417312622,1.1551110517411005,0.006749722175300121,0.0,0.006749722175300121,101452.8515625,0.07070498200099981
0.48515766859054565,1.155137306167966,0.0011374298483133316,0.0,0.0011374298483133316,101030.3671875,-0.5054672992005649
0.48544761538505554,1.1558276556787037,0.0045119901187717915,0.0,0.0045119901187717915,101369.453125,-0.04303145614069743
0.48575228452682495,1.1565530583972023,0.0022620828822255135,0.0,0.0022620828822255135,101383.7109375,-0.023587053367058318
0.4860459268093109,1.1572522066888355,0.005624467972666025,0.0,0.005624467972666025,101390.390625,-0.014477483848449312
0.48606061935424805,1.1572871889386858,0.0,0.0,0.0,101868.1953125,0.6371390801148351
0.48634690046310425,1.1579688106264387,0.003386736148968339,0.0,0.003386736148968339,101283.2890625,-0.160539575697117
0.48665523529052734,1.1587029411679224,0.0011246531503275037,0.0,0.0011246531503275037,101680.03125,0.38052623583916506
0.48694518208503723,1.1593932906786601,0.004499213770031929,0.0,0.004499213770031929,101452.328125,0.06999113269369361
0.48724985122680664,1.1601186933971588,0.0022493063006550074,0.0,0.0022493063006550074,101491.859375,0.12390273709622177
0.48753535747528076,1.16079847017924,0.0,0.0,0.0,101566.78125,0.2260790782464678
0.48756277561187744,1.1608637514568512,0.005586989689618349,0.0,0.005586989689618349,101333.4765625,-0.09209527793390733
0.48784446716308594,1.1615344456263952,0.003373959334567189,0.0,0.003373959334567189,101303.671875,-0.132742070581268
0.48812997341156006,1.1622142224084764,0.0011246531503275037,0.0,0.0011246531503275037,101378.609375,-0.03054442049647549
0.48818033933639526,1.1623341412771315,0.006674765609204769,0.0,0.006674765609204769,101355.796875,-0.06165546493429806
0.48846203088760376,1.1630048354466758,0.004461735486984253,0.0,0.004461735486984253,101398.8125,-0.0029919681279107057
0.48872458934783936,1.1636299746377128,0.0022493063006550074,0.0,0.0022493063006550074,101190.4375,-0.2871679192394188
0.4890100955963135,1.164309751419794,0.0,0.0,0.0,101265.3671875,-0.18498092362189952
0.4890795946121216,1.1644752252669561,0.005549511406570673,0.0,0.005549511406570673,101421.125,0.027437190404425344
0.4893382489681244,1.1650910689717249,0.003397459164261818,0.0,0.003397459164261818,101495.546875,0.12893164564918486
0.4896047115325928,1.1657255036490304,0.0011246531503275037,0.0,0.0011246531503275037,101077.1875,-0.44161507683211604
0.4896971583366394,1.1659456150872367,0.006637286860495806,0.0,0.006637286860495806,101180.296875,-0.30099741776006733
0.4899558126926422,1.1665614587920052,0.004485235083848238,0.0,0.004485235083848238,101359.4453125,-0.056679828717701095
0.4902183711528778,1.1671865979830425,0.0022728058975189924,0.0,0.0022728058975189924,101450.9609375,0.06812660092087891
0.4904848337173462,1.1678210326603482,0.0,0.0,0.0,101873.3046875,0.6441071017115255
0.49057337641716003,1.1680318486122858,0.005573011003434658,0.0,0.005573011003434658,101244.765625,-0.21307675382139887
0.49083203077316284,1.1686476923170543,0.003420958761125803,0.0,0.003420958761125803,101337.9375,-0.08601157712089477
0.4910984933376312,1.16928212699436,0.0011481528636068106,0.0,0.0011481528636068106,101714.78125,0.42791730627047836
0.4911361038684845,1.169371675877344,0.006625662092119455,0.0,0.006625662092119455,101254.625,-0.1996308161225865
0.49144959449768066,1.170118082137335,0.004508734680712223,0.0,0.004508734680712223,101309.21875,-0.12517739881727688
0.49171215295791626,1.1707432213283722,0.002296305727213621,0.0,0.002296305727213621,101556.25,0.21171685636215795
0.4919595718383789,1.1713323139009022,0.0,0.0,0.0,101636.078125,0.32058420295999046
0.4920123219490051,1.1714579094023931,0.005561386235058308,0.0,0.005561386235058308,101319.078125,-0.11173146111846452
0.4923258125782013,1.172204315662384,0.0034444585908204317,0.0,0.0034444585908204317,101397.703125,-0.0045049024807089265
0.49257323145866394,1.1727934082349143,0.0011481528636068106,0.0,0.0011481528636068106,101477.5546875,0.1043944075189433
0.4925750494003296,1.1727977366674514,0.006614037323743105,0.0,0.006614037323743105,101328.9375,-0.09828552341965217
0.49288854002952576,1.1735441429274422,0.004497109912335873,0.0,0.004497109912335873,101383.53125,-0.023832106114342538
0.49318692088127136,1.1742545735268366,0.002296305727213621,0.0,0.002296305727213621,101319.015625,-0.11181669685665034
0.493434339761734,1.1748436660993666,0.0,0.0,0.0,101398.8515625,-0.002938695791544571
0.4934512674808502,1.1748839701925005,0.00554976100102067,0.0,0.00554976100102067,101393.390625,-0.01038616841553018
0.49388566613197327,1.1759182526951746,0.0036473372019827366,0.0,0.0036473372019827366,101611.0546875,0.2864579442838447
0.4940139651298523,1.1762237264996485,0.006602412089705467,0.0,0.006602412089705467,101403.25,0.003059769283282178
0.49404799938201904,1.1763047604333787,0.0011481528636068106,0.0,0.0011481528636068106,101240.3125,-0.2191498001671382
0.49444839358329773,1.1772580799602328,0.004699988290667534,0.0,0.004699988290667534,101313.0625,-0.11993540091884924
0.49474674463272095,1.1779684396017165,0.002499184338375926,0.0,0.002499184338375926,101693.875,0.39940595184732314
0.4949090778827667,1.1783549473399209,0.0,0.0,0.0,102373.2578125,1.3259290803944084
0.4949396252632141,1.178427679198129,0.007296457886695862,0.0,0.007296457886695862,101001.4296875,-0.5449314459805974
0.4950111210346222,1.178597907225291,0.005752639379352331,0.0,0.005752639379352331,101069.1171875,-0.4526211415253594
0.49544551968574524,1.179632189727965,0.003850215580314398,0.0,0.003850215580314398,101406.875,0.008003442098059463
0.495607852935791,1.180018697466169,0.0013510313583537936,0.0,0.0013510313583537936,102028.75,0.8560990370469214
0.4959367513656616,1.180801788965861,0.006446685176342726,0.0,0.006446685176342726,101147.8515625,-0.34524542034577865
0.4960082471370697,1.1809720169930231,0.004902866668999195,0.0,0.004902866668999195,101215.5234375,-0.2529564248250872
0.4963066279888153,1.1816824475924175,0.0027020627167075872,0.0,0.0027020627167075872,101684.234375,0.38625833923216113
0.4963838458061218,1.1818662995383853,0.0,0.0,0.0,101843.84375,0.6039291056241869
0.49686238169670105,1.1830056707064311,0.007140730507671833,0.0,0.007140730507671833,101226.5703125,-0.23789100810074434
0.49693387746810913,1.1831758987335932,0.00559691246598959,0.0,0.00559691246598959,101294.2578125,-0.1455807036455064
0.4970053732395172,1.1833461267607552,0.004053093958646059,0.0,0.004053093958646059,101339.703125,-0.08360366751714549
0.49708259105682373,1.1835299787067233,0.0013510313583537936,0.0,0.0013510313583537936,101499.328125,0.13408840780942669
0.49766337871551514,1.1849128064655123,0.006356716621667147,0.0,0.006356716621667147,101466.1171875,0.0887962674309391
0.4977348744869232,1.1850830344926744,0.004812898579984903,0.0,0.004812898579984903,101413.53125,0.01708104821484879
0.497781366109848,1.1851937288329715,0.0027020627167075872,0.0,0.0027020627167075872,101154.8125,-0.33575229000533346
0.49785858392715454,1.1853775807789395,0.0,0.0,0.0,101314.4296875,-0.11807086914603454
0.49839287996292114,1.1866497141974313,0.007116520777344704,0.0,0.007116520777344704,101629.3359375,0.3113893977031957
0.4984643757343292,1.1868199422245935,0.00557270273566246,0.0,0.00557270273566246,101576.765625,0.2396954874216518
0.4985516369342804,1.187027706986382,0.00404635164886713,0.0,0.00404635164886713,101516.421875,0.15740038220324717
0.49855735898017883,1.1870413309051877,0.0013510313583537936,0.0,0.0013510313583537936,100969.921875,-0.5879009124935215
0.49919384717941284,1.188556778998602,0.006332506891340017,0.0,0.006332506891340017,101739.96875,0.4622673087593619
0.4992811381816864,1.188764614718301,0.004806155804544687,0.0,0.004806155804544687,101370.6015625,-0.04146524945153307
0.49933332204818726,1.1888888620194935,0.0,0.0,0.0,101970.5546875,0.7767339103286541
0.49990758299827576,1.1902561499958948,0.007074844092130661,0.0,0.007074844092130661,100991.3984375,-0.5586117819594207
0.50001060962677,1.1905014514923096,0.005565960425883532,0.0,0.005565960425883532,101118.8359375,-0.3848161117985434
0.5001035928726196,1.190722840172904,0.001344288932159543,0.0,0.001344288932159543,101786.6796875,0.5259703685859856
0.5007243156433105,1.192200751531692,0.006308297626674175,0.0,0.006308297626674175,101149.2109375,-0.34339154304023717
0.5008081197738647,1.1924002851758684,0.0,0.0,0.0,101564.2421875,0.22261637638266907
0.5008273720741272,1.1924461239860171,0.0047994134947657585,0.0,0.0047994134947657585,101276.6484375,-0.16959587287935987
0.500873863697052,1.1925568183263144,0.002688577864319086,0.0,0.002688577864319086,101602.7890625,0.2751855179087706
0.5014380216598511,1.193900051571074,0.007050634827464819,0.0,0.007050634827464819,101286.2734375,-0.1564695691987443
0.5015410780906677,1.1941454240253995,0.005541750695556402,0.0,0.005541750695556402,101247.4375,-0.20943292601395527
0.5015783905982971,1.1942342633292788,0.001344288932159543,0.0,0.001344288932159543,101380.359375,-0.02815781982727266
0.5016441345214844,1.1943907964797247,0.0040328665636479855,0.0,0.0040328665636479855,101165.1484375,-0.3216564298028543
0.5022828578948975,1.1959115664164226,0.0,0.0,0.0,101157.9296875,-0.33150115756331594
0.5023486614227295,1.1960682414826893,0.002688577864319086,0.0,0.002688577864319086,101196.4765625,-0.2789320160372144
0.5028907656669617,1.1973589658737183,0.006972861010581255,0.0,0.006972861010581255,101356.671875,-0.060462164599696645
0.5029938220977783,1.1976043383280437,0.0054639773443341255,0.0,0.0054639773443341255,101213.1015625,-0.25625930967978755
0.5030531287193298,1.197745544569833,0.001344288932159543,0.0,0.001344288932159543,100974.0390625,-0.5822860082405309
0.5031733512878418,1.1980317887805758,0.003995541017502546,0.0,0.003995541017502546,101267.8828125,-0.18155018515992044
0.5037575960159302,1.1994228476569766,0.0,0.0,0.0,101982.1015625,0.7924812129584835
0.5038778781890869,1.1997092337835402,0.0026512520853430033,0.0,0.0026512520853430033,101370.5703125,-0.041507867320625974
0.5043434500694275,1.2008177382605416,0.006895087659358978,0.0,0.006895087659358978,101261.0546875,-0.19086218955672077
0.5045230388641357,1.2012453306288946,0.005426651332527399,0.0,0.005426651332527399,101315.828125,-0.11616371950412692
0.5045823454856873,1.201386536870684,0.0013069631531834602,0.0,0.0013069631531834602,101749.546875,0.4753296856363381
0.5047025680541992,1.2016727810814267,0.003958215471357107,0.0,0.003958215471357107,101370.6171875,-0.04144394051698662
0.5052323341369629,1.2029341288975308,0.0,0.0,0.0,101580.21875,0.24440476195641808
0.5054070949554443,1.2033502260843914,0.0026139263063669205,0.0,0.0026139263063669205,101516.984375,0.1581675038469195
0.5058726668357849,1.2044587305613927,0.006857762113213539,0.0,0.006857762113213539,101363.7890625,-0.05075594491378693
0.5060522556304932,1.2048863229297457,0.00538932578638196,0.0,0.00538932578638196,101418.5625,0.023942525138806917
0.50605708360672,1.204897818111238,0.0013069631531834602,0.0,0.0013069631531834602,101347.6640625,-0.07274676536572727
0.5062317848205566,1.2053137733822779,0.003920889459550381,0.0,0.003920889459550381,101473.3359375,0.09864099519140077
0.5067070722579956,1.2064454101380848,0.0,0.0,0.0,101178.3359375,-0.3036716890456473
0.506881833076477,1.2068615073249453,0.0026139263063669205,0.0,0.0026139263063669205,101115.09375,-0.38991960162241907
0.507301390171051,1.2078604527882169,0.006762282457202673,0.0,0.006762282457202673,101342.09375,-0.08034340053153806
0.5074809789657593,1.2082880451565698,0.005293846130371094,0.0,0.005293846130371094,101278.328125,-0.16730516241561608
0.5075318217277527,1.2084090993517922,0.0013069631531834602,0.0,0.0013069631531834602,100945.765625,-0.6208445253023391
0.5077666640281677,1.2089682476861137,0.003877042792737484,0.0,0.003877042792737484,101349.90625,-0.06968893325831114
0.5081818103790283,1.2099566913786388,0.0,0.0,0.0,102027.4765625,0.8543623588813853
0.5084166526794434,1.2105158397129605,0.0025700796395540237,0.0,0.0025700796395540237,101336.71875,-0.08767367401551816
0.5087301135063171,1.2112621750150407,0.006666802801191807,0.0,0.006666802801191807,101287.0390625,-0.15542543140596807
0.5090158581733704,1.2119425194604057,0.005249999463558197,0.0,0.005249999463558197,101358.6171875,-0.05780920224866315
0.5090667009353638,1.212063573655628,0.0012631164863705635,0.0,0.0012631164863705635,101731.28125,0.4504195411515336
0.5093015432357788,1.2126227219899497,0.0038331961259245872,0.0,0.0038331961259245872,101430.203125,0.03981768137591501
0.5096566081047058,1.213468114535014,0.0,0.0,0.0,101503.75,0.1401188362860731
0.5099515914916992,1.2141704559326172,0.002526232972741127,0.0,0.002526232972741127,101435.078125,0.0464660689544086
0.5102649927139282,1.2149166493188768,0.00662295613437891,0.0,0.00662295613437891,101367.328125,-0.04592947123901515
0.5105414390563965,1.2155748548961822,0.0012631164863705635,0.0,0.0012631164863705635,101207.5546875,-0.2638239814437786
0.5105507373809814,1.2155969937642417,0.0052061527967453,0.0,0.0052061527967453,101438.90625,0.051686757918289784
0.5108364224433899,1.2162771962937855,0.003789349226281047,0.0,0.003789349226281047,101510.484375,0.14930298707559472
0.5111313462257385,1.216979395775568,0.0,0.0,0.0,100980.0234375,-0.5741246863092391
0.5114263296127319,1.2176817371731714,0.002526232972741127,0.0,0.002526232972741127,100911.3515625,-0.6677774536409036
0.5119226574897766,1.218863470213754,0.006325969006866217,0.0,0.006325969006866217,101426.3359375,0.03454372007566769
0.5120161771774292,1.2190861361367362,0.0012631164863705635,0.0,0.0012631164863705635,100683.8203125,-0.978078158506364
0.5121740698814392,1.2194620711462838,0.0035091054160147905,0.0,0.0035091054160147905,101323.765625,-0.10533878075452838
0.5122083425521851,1.2195436727432978,0.004909165669232607,0.0,0.004909165669232607,101529.7890625,0.1756301757077384
0.5126060843467712,1.2204906770161221,0.0,0.0,0.0,100456.2890625,-1.2883788633718245
0.5127639770507812,1.2208666120256697,0.002245988929644227,0.0,0.002245988929644227,100905.4296875,-0.6758535398340096
0.5132945775985718,1.2221299466632662,0.007445785216987133,0.0,0.007445785216987133,101468.5625,0.09213111568745913
0.5133538246154785,1.2222710109892345,0.0009828725596889853,0.0,0.0009828725596889853,100556.3515625,-1.1519164465363343
0.5135117173194885,1.2226469459987823,0.003228861605748534,0.0,0.003228861605748534,101292.609375,-0.1478287962401573
0.5135459899902344,1.222728547595796,0.0046289218589663506,0.0,0.0046289218589663506,101399.1875,-0.002480553698795814
0.5135802626609802,1.22281014919281,0.006028981879353523,0.0,0.006028981879353523,101572.03125,0.2332388802540763
0.514080822467804,1.2240019582566761,0.0,0.0,0.0,101220.1796875,-0.24660636233024394
0.5141015648841858,1.2240513449623471,0.0019657451193779707,0.0,0.0019657451193779707,100662.7109375,-1.0068665290786232
0.5148285627365112,1.2257822922297887,0.0009828725596889853,0.0,0.0009828725596889853,101326.546875,-0.1015457904052596
0.5148493051528931,1.2258316789354597,0.002948617562651634,0.0,0.002948617562651634,101261.421875,-0.19036142959487912
0.5148836374282837,1.2259134224482946,0.004348677583038807,0.0,0.004348677583038807,101368.0234375,-0.044981223651697946
0.5149179100990295,1.2259950240453086,0.005748738069087267,0.0,0.005748738069087267,101474.609375,0.10037767335693676
0.5149521827697754,1.2260766256423223,0.00714879808947444,0.0,0.00714879808947444,101004.5859375,-0.5406270412022137
0.5155555605888367,1.2275132394972301,0.0,0.0,0.0,101458.328125,0.07817376355953187
0.5155763030052185,1.2275626262029014,0.0019657451193779707,0.0,0.0019657451193779707,102118.8828125,0.9790196259781402
0.5161734223365784,1.2289843388966153,0.0032340011093765497,0.0,0.0032340011093765497,101445.546875,0.060743055100532656
0.5162076950073242,1.229065940493629,0.004634061362594366,0.0,0.004634061362594366,101303.9453125,-0.13236916422670505
0.5162419676780701,1.229147542090643,0.006034121382981539,0.0,0.006034121382981539,101070.0078125,-0.4514065322562116
0.516303300857544,1.2292935734703427,0.0009828725596889853,0.0,0.0009828725596889853,102283.59375,1.2036477594995831
0.5166166424751282,1.2300396249407815,0.007420342415571213,0.0,0.007420342415571213,101142.4765625,-0.3525756938297588
0.5169004201889038,1.2307152861640567,0.0022511284332722425,0.0,0.0022511284332722425,101906.2734375,0.6890689536045431
0.5170302987098694,1.2310245207377843,0.0,0.0,0.0,102432.859375,1.4072120112218565
0.5174974799156189,1.2321368569419497,0.0035193844232708216,0.0,0.0035193844232708216,101416.0078125,0.02045851434046172
0.5175317525863647,1.2322184585389637,0.004919444676488638,0.0,0.004919444676488638,101135.4296875,-0.36218602331020944
0.5176273584365845,1.2324460915156774,0.001268255989998579,0.0,0.001268255989998579,102129.953125,0.9941170061043026
0.5179064273834229,1.2331105413891021,0.006305665709078312,0.0,0.006305665709078312,101207.890625,-0.26336583935102986
0.5182244777679443,1.2338678042093914,0.002536511979997158,0.0,0.002536511979997158,101827.03125,0.5810006920522026
0.5185050368309021,1.2345358019783383,0.0,0.0,0.0,101899.96875,0.680470798515049
0.5188215374946594,1.2352893749872844,0.003804767969995737,0.0,0.003804767969995737,101192.1015625,-0.28489851771022145
0.519102156162262,1.2359575146720523,0.001268255989998579,0.0,0.001268255989998579,101597.0546875,0.26736513893022207
0.5191962122917175,1.2361814578374228,0.005190989002585411,0.0,0.005190989002585411,101221.375,-0.24497622883744025
0.5195708274841309,1.2370733987717402,0.006577209569513798,0.0,0.006577209569513798,101250.6484375,-0.205053939964659
0.519699215888977,1.2373790854499453,0.002536511979997158,0.0,0.002536511979997158,101294.140625,-0.14574052065460483
0.5199798345565796,1.2380472251347134,0.0,0.0,0.0,101367.0703125,-0.04628106865903163
0.5202547907829285,1.2387018828164964,0.003832935355603695,0.0,0.003832935355603695,101312.7421875,-0.12037223407705155
0.5205768942832947,1.2394687959126065,0.001268255989998579,0.0,0.001268255989998579,101064.171875,-0.4593654193093121
0.5206294059753418,1.239593823750814,0.005219156388193369,0.0,0.005219156388193369,101342.0078125,-0.08046059967154355
0.5210040807723999,1.2404859066009521,0.006605376955121756,0.0,0.006605376955121756,101230.21875,-0.23291537188414738
0.5211324691772461,1.2407915932791573,0.002564679365605116,0.0,0.002564679365605116,101493.1171875,0.1256181063272113
0.5214545726776123,1.2415585063752674,0.0,0.0,0.0,100834.171875,-0.7730329358331123
0.5216879844665527,1.2421142487298875,0.0038611027412116528,0.0,0.0038611027412116528,101433.3515625,0.04411143168702546
0.5220101475715637,1.2428813037418185,0.0012964233756065369,0.0,0.0012964233756065369,101383.296875,-0.024151740132539345
0.5220626592636108,1.243006331580026,0.0052473233081400394,0.0,0.0052473233081400394,101305.40625,-0.1303767788466116
0.5225656628608704,1.2442039591925484,0.0025928467512130737,0.0,0.0025928467512130737,101211.109375,-0.2589761988344604
0.5227185487747192,1.2445679732731412,0.006546984892338514,0.0,0.006546984892338514,101331.5859375,-0.09467365901402824
0.522929310798645,1.2450697876158214,0.0,0.0,0.0,101607.1328125,0.2811094017126848
0.523121178150177,1.2455266146432786,0.003889269893988967,0.0,0.003889269893988967,101380.59375,-0.027838185809075856
0.5234848856925964,1.2463925849823725,0.0012964233756065369,0.0,0.0012964233756065369,101375.734375,-0.03446526445302299
0.5237771272659302,1.2470883982522147,0.005188931245356798,0.0,0.005188931245356798,101406.765625,0.007854279556234287
0.5240404009819031,1.2477152404331027,0.0025928467512130737,0.0,0.0025928467512130737,101611.4765625,0.28703328551659896
0.5244040489196777,1.2485810688563757,0.0,0.0,0.0,101216.53125,-0.25158199854684093
0.5244330763816833,1.2486501818611508,0.006488592829555273,0.0,0.006488592829555273,101432.9609375,0.04357870832336411
0.5246661901473999,1.2492052146366666,0.0038787261582911015,0.0,0.0038787261582911015,101336.125,-0.08848341352828341
0.5249596238136292,1.2499038662229265,0.0012964233756065369,0.0,0.0012964233756065369,101531.8125,0.17838968273150418
0.5253220796585083,1.2507668563297818,0.005178387276828289,0.0,0.005178387276828289,101357.71875,-0.05903446598508424
0.5255853533744812,1.2513936985106695,0.0025823027826845646,0.0,0.0025823027826845646,101397.0859375,-0.005346605395293852
0.5258787870407104,1.2520923500969297,0.0,0.0,0.0,102009.4453125,0.8297718484147776
0.5259780287742615,1.252328639938718,0.006478048861026764,0.0,0.006478048861026764,101226.6640625,-0.2377631544934656
0.526211142539978,1.2528836727142334,0.0038681821897625923,0.0,0.0038681821897625923,101416.6640625,0.02135348959141278
0.5265045762062073,1.2535823243004935,0.0012858794070780277,0.0,0.0012858794070780277,101768.671875,0.5014118215211976
0.5268670916557312,1.2544454563231695,0.00516784330829978,0.0,0.00516784330829978,101288.546875,-0.15336911922223528
0.5271303653717041,1.2550722985040574,0.0025717588141560555,0.0,0.0025717588141560555,101527.8984375,0.1730517946276175
0.5273535251617432,1.2556036313374839,0.0,0.0,0.0,101619.546875,0.29803935020984235
0.5275669097900391,1.2561116899762834,0.006444189697504044,0.0,0.006444189697504044,101324.6796875,-0.10409220808356083
0.5277560949325562,1.2565621307918005,0.0038576379884034395,0.0,0.0038576379884034395,101246.8515625,-0.21023201105944728
0.52797931432724,1.2570936055410475,0.0012858794070780277,0.0,0.0012858794070780277,101378.7734375,-0.030320676683737724
0.528455913066864,1.2582283644449144,0.0051339841447770596,0.0,0.0051339841447770596,101269.359375,-0.17953649084528056
0.5286051034927368,1.2585835797446114,0.0025717588141560555,0.0,0.0025717588141560555,101137.9921875,-0.358691358044591
0.5288282632827759,1.2591149125780379,0.0,0.0,0.0,101229.65625,-0.23368249352781972
0.5291557908058167,1.2598947400138492,0.006410330533981323,0.0,0.006410330533981323,101291.859375,-0.14885162509838706
0.5292779803276062,1.2601856674466814,0.003839808516204357,0.0,0.003839808516204357,101330.5,-0.09615462996500679
0.5294540524482727,1.2606048867816018,0.0012858794070780277,0.0,0.0012858794070780277,100988.8671875,-0.5620638293559462
0.5299777984619141,1.2618519010997955,0.0051161544397473335,0.0,0.0051161544397473335,101353.0,-0.06546976421811329
0.5301269292831421,1.2622069744836717,0.0025539291091263294,0.0,0.0025539291091263294,101383.6953125,-0.023608362301604773
0.5303030014038086,1.2626261938185919,0.0,0.0,0.0,101972.1484375,0.7789074216523924
0.5306776762008667,1.2635182766687303,0.006392500828951597,0.0,0.006392500828951597,101226.8203125,-0.2375500651480011
0.5307998657226562,1.2638092041015625,0.0038219790440052748,0.0,0.0038219790440052748,101414.125,0.017890787727614033
0.5309759378433228,1.264228423436483,0.0012680498184636235,0.0,0.0012680498184636235,101745.34375,0.469597582243342
0.5314996838569641,1.2654754377546764,0.005098325200378895,0.0,0.005098325200378895,101293.671875,-0.14637978869099844
0.5316488146781921,1.2658305111385528,0.002536099636927247,0.0,0.002536099636927247,101518.5390625,0.16028774283429165
0.5317777991294861,1.266137616974967,0.0,0.0,0.0,101593.09375,0.261963324022696
0.5322232842445374,1.2671982958203272,0.006355969235301018,0.0,0.006355969235301018,101327.3984375,-0.10038445347247787
0.5323216915130615,1.2674325988406228,0.0038041493389755487,0.0,0.0038041493389755487,101360.515625,-0.05522016670126901
0.5324506759643555,1.267739704677037,0.0012680498184636235,0.0,0.0012680498184636235,101366.2890625,-0.04734651538635432
0.5330452919006348,1.2691554569062733,0.005061793606728315,0.0,0.005061793606728315,101394.25,-0.00921417701547522
0.5331235527992249,1.2693417923791068,0.002536099636927247,0.0,0.002536099636927247,101139.4765625,-0.3566670092626779
0.5332525372505188,1.269648898215521,0.0,0.0,0.0,101214.046875,-0.25497011913972706
0.5337688326835632,1.270878173056103,0.006319438107311726,0.0,0.006319438107311726,101427.984375,0.036791812670318565
0.5338226556777954,1.27100632304237,0.0037786655593663454,0.0,0.0037786655593663454,101339.671875,-0.0836462853862384
0.5339254140853882,1.271250985917591,0.0012680498184636235,0.0,0.0012680498184636235,100987.2265625,-0.5643012674833239
0.5345462560653687,1.2727291811080206,0.005036309827119112,0.0,0.005036309827119112,101358.578125,-0.05786247458502928
0.5346245169639587,1.2729155165808541,0.0025106156244874,0.0,0.0025106156244874,101374.109375,-0.03668139364585419
0.5347272753715515,1.2731601794560752,0.0,0.0,0.0,101932.0625,0.7242393500734651
0.5352697968482971,1.2744518972578502,0.006293954327702522,0.0,0.006293954327702522,101231.4140625,-0.23128523839134366
0.5353236198425293,1.2745800472441173,0.0037531815469264984,0.0,0.0037531815469264984,101421.9140625,0.02851329159902126
0.5354263782501221,1.2748247101193384,0.0012425659224390984,0.0,0.0012425659224390984,101720.1484375,0.4352369252871852
0.5360472202301025,1.276302905309768,0.005010826047509909,0.0,0.005010826047509909,101303.125,-0.13348788329039388
0.5361254811286926,1.2764892407826016,0.0024851318448781967,0.0,0.0024851318448781967,101508.234375,0.14623450050090536
0.5362020134925842,1.2766714606966292,0.0,0.0,0.0,101563.4921875,0.22159354752443927
0.5367944836616516,1.2780821039563135,0.006244407966732979,0.0,0.006244407966732979,101333.1171875,-0.09258538342847578
0.5368245840072632,1.2781537714458648,0.0037276975344866514,0.0,0.0037276975344866514,101374.8359375,-0.035690528189444085
0.5369011163711548,1.2783359913598924,0.0012425659224390984,0.0,0.0012425659224390984,101351.578125,-0.0674088772618406
0.5375417470932007,1.279861302602859,0.007477989885956049,0.0,0.007477989885956049,101363.109375,-0.051682883566557675
0.5375718474388123,1.2799329700924102,0.004961279686540365,0.0,0.004961279686540365,101404.8203125,0.0052013172052007865
0.5376002192497253,1.2800005220231556,0.0024851318448781967,0.0,0.0024851318448781967,101139.65625,-0.3564219565153937
0.5376767516136169,1.2801827419371832,0.0,0.0,0.0,101194.9140625,-0.28106290949185975
0.5383196473121643,1.2817134459813437,0.003694907296448946,0.0,0.003694907296448946,101464.8359375,0.08704893479812989
0.5383758544921875,1.2818472726004464,0.0012425659224390984,0.0,0.0012425659224390984,100982.984375,-0.5700866432126861
0.5390669107437134,1.2834926446278891,0.004928489215672016,0.0,0.004928489215672016,101362.5234375,-0.05248196861204969
0.5390952825546265,1.2835601965586345,0.0024523413740098476,0.0,0.0024523413740098476,101360.3359375,-0.055465219448553225
0.5391514897346497,1.2836940231777374,0.0,0.0,0.0,101904.453125,0.6865864627298812
0.5398146510124207,1.2852729786010015,0.003662116825580597,0.0,0.003662116825580597,101253.265625,-0.201484693428128
0.5398709177970886,1.2854069471359253,0.0012097754515707493,0.0,0.0012097754515707493,101696.8515625,0.4034653038784226
0.5405619144439697,1.287052177247547,0.004895698744803667,0.0,0.004895698744803667,101310.265625,-0.12374970020266447
0.5405697822570801,1.287070910135905,0.007344995159655809,0.0,0.007344995159655809,101266.2734375,-0.1837450054182052
0.5405902862548828,1.2871197291782925,0.0024195509031414986,0.0,0.0024195509031414986,101489.234375,0.12032283609241752
0.5406262874603271,1.2872054463341123,0.0,0.0,0.0,101539.7890625,0.18926789381746884
0.541309654712677,1.2888325112206596,0.003629326354712248,0.0,0.003629326354712248,101383.6640625,-0.02365098017069768
0.5413175225257874,1.2888512441090176,0.00607862276956439,0.0,0.00607862276956439,101339.6875,-0.08362497645169194
0.5413456559181213,1.2889182283764795,0.0012097754515707493,0.0,0.0012097754515707493,101332.1796875,-0.09386391950126301
0.5420650243759155,1.2906310104188465,0.0024195509031414986,0.0,0.0024195509031414986,101124.5546875,-0.3770170417545413
0.5421010255813599,1.2907167275746665,0.0,0.0,0.0,101175.109375,-0.30807198402949
0.5427675247192383,1.2923036302839008,0.003576106857508421,0.0,0.003576106857508421,101437.703125,0.05004596995821284
0.542820394039154,1.2924295096170335,0.0012097754515707493,0.0,0.0012097754515707493,100967.5078125,-0.5911931428809486
0.5435228943824768,1.2941021294820876,0.0023663314059376717,0.0,0.0023663314059376717,101318.8125,-0.11209371300575424
0.5435757637023926,1.2942280088152205,0.0,0.0,0.0,101880.328125,0.6536854677901566
0.5442253351211548,1.295774607431321,0.003522887360304594,0.0,0.003522887360304594,101231.0625,-0.23176468941863887
0.5442782044410706,1.2959004867644537,0.0011565559543669224,0.0,0.0011565559543669224,101658.9296875,0.3517485197341792
0.5449807047843933,1.297573106629508,0.0023131119087338448,0.0,0.0023131119087338448,101437.5234375,0.04980091721092862
0.5450505018234253,1.2977392900557745,0.0,0.0,0.0,101538.8359375,0.18796804881013515
0.5450681447982788,1.2977812971387592,0.007055004592984915,0.0,0.007055004592984915,101298.3828125,-0.1399551449252426
0.5456831455230713,1.2992455845787412,0.0034696676302701235,0.0,0.0034696676302701235,101216.109375,-0.25215733977959515
0.5457529425621033,1.299411768005008,0.0011565559543669224,0.0,0.0011565559543669224,101317.4375,-0.11396889924584218
0.5457703471183777,1.299453207424709,0.005818861071020365,0.0,0.005818861071020365,101363.7109375,-0.050862489586519205
0.546455442905426,1.301084387870062,0.0023131119087338448,0.0,0.0023131119087338448,101096.015625,-0.4159378107036392
0.5464726090431213,1.3011252596264795,0.004582717549055815,0.0,0.004582717549055815,101429.0546875,0.03825147468675066
0.546525239944458,1.3012505712963287,0.0,0.0,0.0,101197.3359375,-0.27776002463715943
0.5465598106384277,1.301332882472447,0.006931910756975412,0.0,0.006931910756975412,101406.6171875,0.007651844678042975
0.5469920039176941,1.302361914089748,0.003387562930583954,0.0,0.003387562930583954,101312.75,-0.12036157960977832
0.547227680683136,1.302923049245562,0.0011565559543669224,0.0,0.0011565559543669224,100975.921875,-0.5797182816276832
0.5472620129585266,1.3030047927583968,0.005695767235010862,0.0,0.005695767235010862,101471.9453125,0.09674450001676638
0.5477643013000488,1.3042007173810688,0.0022310069762170315,0.0,0.0022310069762170315,101142.6796875,-0.35229867768065487
0.5477814078330994,1.3042414472216652,0.0045006126165390015,0.0,0.0045006126165390015,101329.4296875,-0.09761429198143888
0.5479999780654907,1.3047618525368827,0.0,0.0,0.0,101065.0703125,-0.458140155572891
0.5480514168739319,1.304884325890314,0.006808816455304623,0.0,0.006808816455304623,101134.75,-0.3631129619629802
0.5483008623123169,1.3054782436007546,0.0033054579980671406,0.0,0.0033054579980671406,101012.1015625,-0.5303774436853694
0.5485365390777588,1.3060393787565685,0.001074451021850109,0.0,0.001074451021850109,101219.0859375,-0.24809798774849573
0.5485708713531494,1.3061211222694034,0.005613662302494049,0.0,0.005613662302494049,101133.7734375,-0.3644447703721336
0.5490731596946716,1.3073170468920754,0.002148902043700218,0.0,0.002148902043700218,101373.09375,-0.038066474391373686
0.5490903258323669,1.3073579186484927,0.004418507684022188,0.0,0.004418507684022188,101239.8515625,-0.2197784137362586
0.5495694279670715,1.308498638016837,0.006485304795205593,0.0,0.006485304795205593,101219.8671875,-0.24703254102117303
0.5496097207069397,1.3085945731117612,0.0032233528327196836,0.0,0.0032233528327196836,101527.09375,0.1719543844984751
0.5499028563499451,1.309292515118917,0.0,0.0,0.0,101035.3984375,-0.49860582227660677
0.5500888824462891,1.3097354343959264,0.005290150176733732,0.0,0.005290150176733732,101309.609375,-0.12464467545361554
0.5504394173622131,1.3105700413386028,0.001074451021850109,0.0,0.001074451021850109,101189.40625,-0.28857430891948477
0.5506082773208618,1.310972088859195,0.004094995558261871,0.0,0.004094995558261871,102572.421875,1.5975434145907819
0.550976037979126,1.3118477094741094,0.002148902043700218,0.0,0.002148902043700218,101343.421875,-0.07853214109508948
0.5510874390602112,1.31211295014336,0.006161792669445276,0.0,0.006161792669445276,101304.9765625,-0.1309627745466391
0.5516068339347839,1.3133496046066284,0.004966638050973415,0.0,0.004966638050973415,102595.484375,1.6289954019813477
0.5518057346343994,1.313823177700951,0.0,0.0,0.0,101005.71875,-0.5390821434475958
0.5519745945930481,1.3142252252215432,0.0030205445364117622,0.0,0.0030205445364117622,102346.6328125,1.289618655927251
0.5519965291023254,1.314277450243632,0.007337138522416353,0.0,0.007337138522416353,101185.703125,-0.2936245264069943
0.5523422956466675,1.3151007039206368,0.001074451021850109,0.0,0.001074451021850109,101159.734375,-0.32903997562320053
0.552605390548706,1.3157271203540621,0.005838280543684959,0.0,0.005838280543684959,101105.8984375,-0.40245990960300715
0.5529731512069702,1.3166027409689767,0.0038921870291233063,0.0,0.0038921870291233063,101616.421875,0.2937775633005516
0.5533408522605896,1.3174782196680705,0.0019460935145616531,0.0,0.0019460935145616531,102126.9375,0.9900043817368371
0.5536361336708069,1.3181812706447784,0.0071399640291929245,0.0,0.0071399640291929245,101053.1015625,-0.4744627994354746
0.5537086129188538,1.3183538402829853,0.0,0.0,0.0,103096.34375,2.3120532988679248
0.5543365478515625,1.3198489234561013,0.005543868988752365,0.0,0.005543868988752365,101009.9140625,-0.533360694521873
0.5547042489051819,1.320724402155195,0.0035977757070213556,0.0,0.0035977757070213556,101201.5234375,-0.2720492301787098
0.555072009563446,1.3216000227701097,0.0016516821924597025,0.0,0.0016516821924597025,102407.484375,1.3726063015184153
0.5553672909736633,1.3223030737468175,0.00684555247426033,0.0,0.00684555247426033,101091.375,-0.422266564263936
0.5560676455497742,1.3239705846423195,0.005249457899481058,0.0,0.005249457899481058,100276.0859375,-1.5341348054960764
0.5562300086021423,1.3243571633384341,0.0,0.0,0.0,102384.078125,1.3406855175678276
0.5564354062080383,1.324846205257234,0.003303364384919405,0.0,0.003303364384919405,101718.625,0.43315930416890597
0.557098388671875,1.3264247349330358,0.006551140919327736,0.0,0.006551140919327736,101137.0390625,-0.3599912030519247
0.5575934052467346,1.3276033458255587,0.0016516821924597025,0.0,0.0016516821924597025,101695.21875,0.4012385202183182
0.5577988028526306,1.3280923877443587,0.004955046344548464,0.0,0.004955046344548464,101029.7421875,-0.5063196565824231
0.5587514042854309,1.3303604863938832,0.0,0.0,0.0,101671.8046875,0.3693070818004571
0.558799684047699,1.330475438208807,0.00641259178519249,0.0,0.00641259178519249,101299.046875,-0.13904951520701833
0.5589568018913269,1.330849528312683,0.003303364384919405,0.0,0.003303364384919405,101006.3515625,-0.5382191315984645
0.5597425103187561,1.3327202626637051,0.004975821357220411,0.0,0.004975821357220411,101620.828125,0.2997866828426516
0.5601148009300232,1.3336066688810078,0.0016516821924597025,0.0,0.0016516821924597025,100982.9453125,-0.5701399155490522
0.5607433915138245,1.3351033131281536,0.006433366797864437,0.0,0.006433366797864437,101333.4453125,-0.09213789580300025
0.5609005093574524,1.3354774032320296,0.0033241393975913525,0.0,0.0033241393975913525,101467.109375,0.09014938477463892
0.5612727403640747,1.3363636675335113,0.0,0.0,0.0,100959.5234375,-0.6020820084341865
0.5616862177848816,1.3373481375830514,0.004996596369892359,0.0,0.004996596369892359,101179.109375,-0.30261689678559783
0.5620585083961487,1.338234543800354,0.00167245720513165,0.0,0.00167245720513165,101313.390625,-0.11948791329337372
0.56268709897995,1.3397311880475,0.006454141810536385,0.0,0.006454141810536385,101367.84375,-0.04522627639898217
0.5628442168235779,1.340105278151376,0.0033449144102633,0.0,0.0033449144102633,101025.390625,-0.5122541948536105
0.5634848475456238,1.3416305893943423,0.0,0.0,0.0,101334.390625,-0.09084870526293978
0.5636299252510071,1.3419760125023978,0.005017371382564306,0.0,0.005017371382564306,102385.7734375,1.3429975369661178
0.5641797780990601,1.3432851859501431,0.006436903961002827,0.0,0.006436903961002827,101346.25,-0.07467522394218135
0.5642706155776978,1.3435014656611852,0.00167245720513165,0.0,0.00167245720513165,101079.515625,-0.4384400455846944
0.565056324005127,1.345372200012207,0.0033449144102633,0.0,0.0033449144102633,101866.265625,0.6345074266983481
0.565324604511261,1.34601096312205,0.005527470260858536,0.0,0.005527470260858536,102311.484375,1.2416842076650032
0.5656969547271729,1.3468975112551735,0.0,0.0,0.0,100589.7109375,-1.1064218712796554
0.565874457359314,1.347320136569795,0.006947002373635769,0.0,0.006947002373635769,101499.890625,0.13485552945309903
0.5664827227592468,1.3487683875220162,0.00167245720513165,0.0,0.00167245720513165,101346.7421875,-0.07400399250396805
0.5667510032653809,1.3494071506318592,0.003855013055726886,0.0,0.003855013055726886,101791.96875,0.5331834429299602
0.5670193433761597,1.3500460556575231,0.006037568673491478,0.0,0.006037568673491478,102237.1875,1.1403602238966153
0.5675691962242126,1.3513552291052682,0.007457101251929998,0.0,0.007457101251929998,101444.4375,0.059230120747734434
0.5679090619087219,1.3521644331160045,0.0,0.0,0.0,100827.21875,-0.7825154117062841
0.5681774020195007,1.3528033381416684,0.002182555850595236,0.0,0.002182555850595236,101272.4375,-0.17533863073962916
0.5684457421302795,1.3534422431673323,0.004365111701190472,0.0,0.004365111701190472,101717.671875,0.4318594591615723
0.5687140226364136,1.3540810062771753,0.00654766708612442,0.0,0.00654766708612442,101211.140625,-0.2589335809653675
0.5694335699081421,1.355794214067005,0.0013416105648502707,0.0,0.0013416105648502707,101147.5703125,-0.3456289811676148
0.5697019100189209,1.3564331190926688,0.0035241665318608284,0.0,0.0035241665318608284,100712.2578125,-0.9392958976318181
0.5699701905250549,1.3570718822025118,0.005706722382456064,0.0,0.005706722382456064,100276.9375,-1.5329734685632947
0.5701212286949158,1.3574314968926566,0.0,0.0,0.0,102132.7734375,0.9979632687899376
0.5703809261322021,1.3580498241242909,0.00726817874237895,0.0,0.00726817874237895,101204.5703125,-0.2678939879421513
0.5709580183029175,1.3594238531021845,0.0026832211297005415,0.0,0.0026832211297005415,100486.8046875,-1.2467625142026002
0.5712263584136963,1.3600627581278484,0.004865777213126421,0.0,0.004865777213126421,100051.4765625,-1.84045073960135
0.5716370940208435,1.3610407000496274,0.006427233573049307,0.0,0.006427233573049307,101246.6484375,-0.2105090272085512
0.5716456770896912,1.3610611359278362,0.0013416105648502707,0.0,0.0013416105648502707,101627.2109375,0.30849138260487796
0.5723333358764648,1.3626984187534879,0.0,0.0,0.0,101784.265625,0.5226781381985585
0.5724824666976929,1.363053492137364,0.00402483157813549,0.0,0.00402483157813549,99826.0234375,-2.1479173561721323
0.5728932023048401,1.364031434059143,0.005586288403719664,0.0,0.005586288403719664,101256.296875,-0.19735076012611596
0.5731701254844666,1.3646907749630157,0.0026832211297005415,0.0,0.0026832211297005415,101121.65625,-0.3809698491129085
0.5733039379119873,1.3650093759809223,0.007147745229303837,0.0,0.007147745229303837,101191.75,-0.2853779687375167
0.5738577842712402,1.3663280577886672,0.0013416105648502707,0.0,0.0013416105648502707,101278.71875,-0.16677243905195474
0.5741647481918335,1.3670589242662703,0.004305650945752859,0.0,0.004305650945752859,101740.78125,0.4633753733557775
0.5745454430580139,1.3679653406143188,0.0,0.0,0.0,102245.8515625,1.1521760281026239
0.5745754837989807,1.3680368661880493,0.005867107771337032,0.0,0.005867107771337032,101242.3515625,-0.216368984208826
0.5748524069786072,1.368696207091922,0.0029640402644872665,0.0,0.0029640402644872665,101755.4453125,0.4833738084276244
0.5749862194061279,1.3690148081098286,0.007428564131259918,0.0,0.007428564131259918,101071.96875,-0.4487322609706316
0.5755400657653809,1.3703334899175734,0.001622429583221674,0.0,0.001622429583221674,101977.546875,0.7862696585381922
0.5758470296859741,1.3710643563951765,0.0045864698477089405,0.0,0.0045864698477089405,101337.234375,-0.0869704791754852
0.5762577652931213,1.3720422983169556,0.006147926673293114,0.0,0.006147926673293114,101106.9140625,-0.4010748288574877
0.5765346884727478,1.3727016392208282,0.003244859166443348,0.0,0.003244859166443348,101709.2265625,0.420341980039214
0.576757550239563,1.37323226247515,0.0,0.0,0.0,101715.75,0.4292384602123585
0.57752925157547,1.375069646608262,0.004867288749665022,0.0,0.004867288749665022,101229.140625,-0.2343856883678527
0.5777521729469299,1.3756004117784046,0.001622429583221674,0.0,0.001622429583221674,101447.4375,0.06332143618065357
0.578182578086853,1.3766251859210787,0.006961377337574959,0.0,0.006961377337574959,101257.40625,-0.19583782577331774
0.5787467956542969,1.3779685610816592,0.003244859166443348,0.0,0.003244859166443348,101179.1171875,-0.30260624231832456
0.5789697170257568,1.378499326251802,0.0,0.0,0.0,101185.6328125,-0.29372041661245335
0.5796065330505371,1.3800155548822313,0.005018384661525488,0.0,0.005018384661525488,101270.234375,-0.17834319051067915
0.5799643397331238,1.3808674755550567,0.001622429583221674,0.0,0.001622429583221674,100917.3203125,-0.6596374406441583
0.5802598595619202,1.381571094195048,0.007112473249435425,0.0,0.007112473249435425,101298.5,-0.1397953279161442
0.5808240175247192,1.3829143274398077,0.003395955078303814,0.0,0.003395955078303814,101563.9609375,0.2222328155608329
0.5811818242073059,1.3837662481126332,0.0,0.0,0.0,100655.5078125,-1.0166899479045384
0.5816837549209595,1.3849613212403797,0.005169480573385954,0.0,0.005169480573385954,101311.328125,-0.12230069265350561
0.5820415616035461,1.3858132419132052,0.00177352549508214,0.0,0.00177352549508214,101505.3515625,0.14230300207708463
0.5823370814323425,1.3865168605531966,0.007263569161295891,0.0,0.007263569161295891,101339.578125,-0.08377413899351711
0.5829012989997864,1.387860235713777,0.00354705099016428,0.0,0.00354705099016428,101176.2421875,-0.3065270862748721
0.5833939909934998,1.3890333118892852,0.0,0.0,0.0,101788.640625,0.5286446398715655
0.5837609767913818,1.3899070875985282,0.00532057648524642,0.0,0.00532057648524642,101178.046875,-0.30406590433475666
0.58425372838974,1.391080305689857,0.00177352549508214,0.0,0.00177352549508214,101422.3359375,0.029088632831775513
0.5844866037368774,1.3916347708020893,0.007211976684629917,0.0,0.007211976684629917,101235.015625,-0.22637352897838606
0.5851134061813354,1.3931271575746083,0.00354705099016428,0.0,0.00354705099016428,101940.0625,0.7351495245612495
0.5856060981750488,1.3943002337501162,0.0,0.0,0.0,101175.484375,-0.3075605696003751
0.5862374901771545,1.3958035480408442,0.0056332810781896114,0.0,0.0056332810781896114,101207.8125,-0.26347238402376216
0.5864658355712891,1.3963472275506883,0.00177352549508214,0.0,0.00177352549508214,101970.375,0.7764888575813699
0.5875899195671082,1.3990236180169242,0.0038597555831074715,0.0,0.0038597555831074715,101574.2421875,0.2362540944923995
0.5878182053565979,1.3995671556109475,0.0,0.0,0.0,102000.6796875,0.817817536134217
0.5887140035629272,1.4017000084831601,0.005945985671132803,0.0,0.005945985671132803,101237.6015625,-0.22284690031094795
0.588942289352417,1.4022435460771834,0.0020862300880253315,0.0,0.0020862300880253315,101604.546875,0.2775827730452467
0.590030312538147,1.4048340774717785,0.0,0.0,0.0,101973.796875,0.7811555142470432
0.5900663733482361,1.4049199365434193,0.004172460176050663,0.0,0.004172460176050663,101208.40625,-0.2626626445109969
0.5911543965339661,1.4075104679380146,0.0020862300880253315,0.0,0.0020862300880253315,101422.515625,0.029333685579059732
0.5911904573440552,1.4075963270096552,0.0062586902640759945,0.0,0.0062586902640759945,101267.375,-0.1822427255326802
0.592242419719696,1.4101009993326097,0.0,0.0,0.0,101117.8125,-0.38621184701133615
0.5922784805297852,1.4101868584042505,0.004172460176050663,0.0,0.004172460176050663,101528.390625,0.1737230260658308
0.5933665037155151,1.4127773897988456,0.0020862300880253315,0.0,0.0020862300880253315,101238.328125,-0.22185603485453784
0.5936435461044312,1.41343701453436,0.005848176311701536,0.0,0.005848176311701536,101426.5546875,0.03484204515931805
0.5944545269012451,1.415367921193441,0.0,0.0,0.0,100948.2578125,-0.6174457502421797
0.5947315692901611,1.416027545928955,0.0037619462236762047,0.0,0.0037619462236762047,101175.46875,-0.3075818785349215
0.5954037308692932,1.4176279306411743,0.007292520254850388,0.0,0.007292520254850388,101397.15625,-0.005250715189834811
0.5958195924758911,1.4186180773235504,0.0016757161356508732,0.0,0.0016757161356508732,100885.40625,-0.7031609394552901
0.5960966348648071,1.4192777020590646,0.005437662359327078,0.0,0.005437662359327078,101454.3359375,0.07272933078291292
0.596666693687439,1.4206349849700928,0.0,0.0,0.0,101745.9375,0.4704073217561073
0.5971846580505371,1.4218682334536599,0.0033514322713017464,0.0,0.0033514322713017464,100822.5546875,-0.7888761286684006
0.5978568196296692,1.423468618165879,0.006882006302475929,0.0,0.006882006302475929,101424.9296875,0.03262591596648685
0.598031759262085,1.4238851411002023,0.0016757161356508732,0.0,0.0016757161356508732,101375.5,-0.0347848984712198
0.5985497236251831,1.4251183895837694,0.0050271484069526196,0.0,0.0050271484069526196,101482.1015625,0.11059530747196136
0.598878800868988,1.425901906830924,0.0,0.0,0.0,101232.140625,-0.23029437293493354
0.599396824836731,1.427135297230312,0.0033514322713017464,0.0,0.0033514322713017464,101005.0625,-0.5399771186985468
0.5998721718788147,1.4282670759019398,0.006706673186272383,0.0,0.006706673186272383,101289.8046875,-0.15165374999124576
0.600243866443634,1.4291520629610335,0.0016757161356508732,0.0,0.0016757161356508732,100861.71875,-0.7354652842277142
0.6006894707679749,1.4302130256380354,0.004996647126972675,0.0,0.004996647126972675,101312.015625,-0.12136309953346165
0.6010909080505371,1.431168828691755,0.0,0.0,0.0,100718.359375,-0.9309747586914279
0.6015365123748779,1.432229791368757,0.003320930991321802,0.0,0.003320930991321802,101383.4921875,-0.02388537845070867
0.6020119190216064,1.4333617119562059,0.0066761719062924385,0.0,0.0066761719062924385,101319.859375,-0.11066601439114183
0.602383553981781,1.4342465570994787,0.001645214855670929,0.0,0.001645214855670929,101270.4453125,-0.17805551989430202
0.6028291583061218,1.4353075197764806,0.004966145846992731,0.0,0.004966145846992731,101342.078125,-0.08036470946608451
0.6033030152320862,1.4364357505525862,0.0,0.0,0.0,101724.25,0.4408305206056294
0.6036761999130249,1.4373242855072021,0.003290429711341858,0.0,0.003290429711341858,101049.6640625,-0.4791507650356944
0.6041516065597534,1.438456206094651,0.006645670626312494,0.0,0.006645670626312494,101349.9140625,-0.06967827879103793
0.6045957207679749,1.4395136208761306,0.001645214855670929,0.0,0.001645214855670929,101380.5625,-0.027880803678168763
0.6049688458442688,1.4404020139149258,0.004935644567012787,0.0,0.004935644567012787,101372.125,-0.03938762833325382
0.60551518201828,1.4417028143292383,0.0,0.0,0.0,101177.3984375,-0.3049502251184345
0.6058883666992188,1.4425913492838542,0.003290429711341858,0.0,0.003290429711341858,101036.8671875,-0.4966027824292401
0.6061800122261047,1.4432857433954875,0.006535606924444437,0.0,0.006535606924444437,101400.2578125,-0.001020891682363728
0.6068078279495239,1.4447805427369618,0.001645214855670929,0.0,0.001645214855670929,100833.7109375,-0.7736615494022326
0.6070877909660339,1.4454471213476998,0.004885584581643343,0.0,0.004885584581643343,101341.5625,-0.08106790430611749
0.6077272891998291,1.4469697361900693,0.0,0.0,0.0,100630.5390625,-1.0507416253097717
0.6080073118209839,1.4476364567166284,0.003240369725972414,0.0,0.003240369725972414,101392.78125,-0.011217216862841878
0.6082989573478699,1.4483308508282617,0.006485546939074993,0.0,0.006485546939074993,101337.4921875,-0.08661888175546871
0.6089267730712891,1.449825650169736,0.001595154870301485,0.0,0.001595154870301485,101248.984375,-0.20732334149385634
0.6092067956924438,1.4504923706962949,0.004835524596273899,0.0,0.004835524596273899,101368.15625,-0.04480009770805309
0.6099393963813782,1.4522366580509005,0.0,0.0,0.0,101682.65625,0.3841061368429693
0.610126256942749,1.4526815641494024,0.00319030974060297,0.0,0.00319030974060297,101056.296875,-0.4701051223207248
0.6104179620742798,1.4533761001768566,0.006435486953705549,0.0,0.006435486953705549,101364.078125,-0.05036172962467754
0.6111388802528381,1.455092572030567,0.001595154870301485,0.0,0.001595154870301485,101388.796875,-0.016650995172187603
0.611325740814209,1.455537478129069,0.004785464610904455,0.0,0.004785464610904455,101394.75,-0.008532291109988698
0.6121515035629272,1.4575035799117315,0.0,0.0,0.0,101188.1328125,-0.29031098708502073
0.6122568249702454,1.457754345167251,0.00630086287856102,0.0,0.00630086287856102,101243.40625,-0.21493063112694036
0.6123383641242981,1.4579484860102336,0.00319030974060297,0.0,0.00319030974060297,101939.4375,0.7342971671793913
0.6133509874343872,1.4603594938913982,0.001595154870301485,0.0,0.001595154870301485,101951.96875,0.7513869326856473
0.6136186122894287,1.4609966959272114,0.005023619160056114,0.0,0.005023619160056114,101241.921875,-0.21695497990885346
0.6143636107444763,1.4627705017725627,0.0,0.0,0.0,102715.0625,1.7920726780653586
0.6145496964454651,1.463213562965393,0.006539017427712679,0.0,0.006539017427712679,101270.828125,-0.1775334509979139
0.6146312355995178,1.463407703808376,0.003428464522585273,0.0,0.003428464522585273,101565.125,0.2238203311845437
0.6156438589096069,1.4658187116895405,0.0018333096522837877,0.0,0.0018333096522837877,102172.140625,1.051651129379728
0.6159114837646484,1.4664559137253534,0.0052617741748690605,0.0,0.0052617741748690605,101178.2890625,-0.30373561584928666
0.6165757775306702,1.4680375655492148,0.0,0.0,0.0,101993.171875,0.807578593084646
0.6168425679206848,1.4686727807635354,0.006777172442525625,0.0,0.006777172442525625,101254.7265625,-0.19949230804803456
0.6169241070747375,1.468866921606518,0.0036666193045675755,0.0,0.0036666193045675755,101629.21875,0.3112295806940973
0.6178560256958008,1.4710857754661923,0.0018333096522837877,0.0,0.0018333096522837877,101450.25,0.06715704439901525
0.6182043552398682,1.4719151315234957,0.0054999287240207195,0.0,0.0054999287240207195,101328.6484375,-0.09867973870876157
0.6187878847122192,1.4733044874100458,0.0,0.0,0.0,101271.2734375,-0.17692614636333998
0.6191362738609314,1.47413398538317,0.0036666193045675755,0.0,0.0036666193045675755,100907.3203125,-0.6732751587538887
0.6197521686553955,1.4756004015604656,0.006482385098934174,0.0,0.006482385098934174,101440.0234375,0.05321034673836123
0.6199581623077393,1.4760908626374745,0.00505369808524847,0.0,0.00505369808524847,101353.0625,-0.06538452847992748
0.6200681328773499,1.4763526973270236,0.0018333096522837877,0.0,0.0018333096522837877,100728.3359375,-0.9173690039835172
0.6208900809288025,1.4783097164971488,0.0032203886657953262,0.0,0.0032203886657953262,100954.1015625,-0.609476208721806
0.6209999918937683,1.478571409270877,0.0,0.0,0.0,100549.3515625,-1.1614628492131456
0.6212999820709229,1.4792856715974354,0.00746484100818634,0.0,0.00746484100818634,101551.3828125,0.20507912325093758
0.6215059757232666,1.4797761326744443,0.006036153994500637,0.0,0.006036153994500637,101443.65625,0.05816467402041175
0.6217119693756104,1.4802665937514532,0.004607467446476221,0.0,0.004607467446476221,100888.75,-0.6986008274623491
0.621821939945221,1.4805284284410023,0.0013870790135115385,0.0,0.0013870790135115385,100555.1640625,-1.153535925561865
0.6226438283920288,1.4824853056953067,0.002774158027023077,0.0,0.002774158027023077,100489.8046875,-1.242671198769681
0.623053789138794,1.4834614027114141,0.007018610369414091,0.0,0.007018610369414091,101469.8984375,0.09395302959118093
0.6232121586799622,1.483838473047529,0.0,0.0,0.0,101020.9609375,-0.5182952777975302
0.6232597827911377,1.483951863788423,0.005589923821389675,0.0,0.005589923821389675,101429.96875,0.039498047357718204
0.6234657168388367,1.4844421829496113,0.004161236807703972,0.0,0.004161236807703972,102504.8359375,1.5053716182100958
0.62403404712677,1.4857953503018335,0.0013870790135115385,0.0,0.0013870790135115385,100987.9296875,-0.5633423654287335
0.6246458888053894,1.487252116203308,0.006493001710623503,0.0,0.006493001710623503,101363.5390625,-0.051096887866530195
0.6248518228530884,1.4877424353644961,0.005064315162599087,0.0,0.005064315162599087,102484.5859375,1.4777552390378916
0.6248559355735779,1.487752227556138,0.002774158027023077,0.0,0.002774158027023077,102130.1875,0.9944366401224994
0.6254242658615112,1.4891053949083601,0.0,0.0,0.0,100657.078125,-1.0145483999826197
0.6260319352149963,1.4905522267023723,0.007396080065518618,0.0,0.007396080065518618,101338.390625,-0.08539361801904762
0.6262420415878296,1.491052479971023,0.0036772361490875483,0.0,0.0036772361490875483,102109.921875,0.966798952015749
0.6262461543083191,1.4910622721626645,0.0013870790135115385,0.0,0.0013870790135115385,101755.53125,0.4834910075676299
0.6276240348815918,1.4943429401942663,0.006870471406728029,0.0,0.006870471406728029,101013.328125,-0.5287046923234728
0.6276322603225708,1.4943625245775496,0.0022901571355760098,0.0,0.0022901571355760098,101792.2265625,0.5335350403499767
0.6276363730430603,1.4943723167691914,0.0,0.0,0.0,102293.234375,1.216795372114745
0.6292042136192322,1.4981052705219815,0.003869089297950268,0.0,0.003869089297950268,100987.8359375,-0.5634702190360122
0.6292083263397217,1.498115062713623,0.0015789320459589362,0.0,0.0015789320459589362,101488.859375,0.11981142166330264
0.6298484802246094,1.4996392386300224,0.0,0.0,0.0,102430.921875,1.4045697033380962
0.6307803392410278,1.5018579505738758,0.0031578640919178724,0.0,0.0031578640919178724,100684.453125,-0.9772151466572327
0.6314204931259155,1.5033821264902751,0.0015789320459589362,0.0,0.0015789320459589362,101755.3984375,0.483309881623985
0.6320606470108032,1.5049063024066744,0.0,0.0,0.0,101829.1015625,0.5838241258796077
0.6323522925376892,1.5056006965183077,0.004736796021461487,0.0,0.004736796021461487,101216.3515625,-0.25182705129412514
0.6325003504753113,1.5059532154174078,0.006913577672094107,0.0,0.006913577672094107,101213.9765625,-0.25506600934518614
0.6329924464225769,1.507124872434707,0.0031578640919178724,0.0,0.0031578640919178724,101079.859375,-0.43797124902467244
0.6336326003074646,1.5086490483511061,0.0015789320459589362,0.0,0.0015789320459589362,101153.578125,-0.33743569583450334
0.6340985298156738,1.509758404323033,0.005073617212474346,0.0,0.005073617212474346,101217.7109375,-0.24997317398858365
0.6342465281486511,1.5101107813063122,0.007250398863106966,0.0,0.007250398863106966,101215.328125,-0.2532227865069179
0.6342727541923523,1.5101732242675054,0.0,0.0,0.0,102371.2265625,1.3231589189033692
0.6347386837005615,1.5112825802394323,0.0034946852829307318,0.0,0.0034946852829307318,101722.1484375,0.4379644689091313
0.6353788375854492,1.5128067561558316,0.0019157532369717956,0.0,0.0019157532369717956,102034.0859375,0.8633760381945353
0.6358447074890137,1.5139159702119374,0.0054104384034872055,0.0,0.0054104384034872055,101219.0625,-0.2481299511503154
0.6364848613739014,1.5154401461283367,0.0,0.0,0.0,101758.1171875,0.487017636235068
0.6375909447669983,1.5180736780166626,0.0019157532369717956,0.0,0.0019157532369717956,101420.96875,0.027224101058960806
0.6386969685554504,1.5207070679891677,0.0,0.0,0.0,101144.9921875,-0.34914495536777973
0.6397250890731812,1.5231549739837646,0.005812854506075382,0.0,0.005812854506075382,101282.78125,-0.16123211606987675
0.6398030519485474,1.5233405998774938,0.0019157532369717956,0.0,0.0019157532369717956,100807.8359375,-0.8089491450111601
0.6408311128616333,1.5257883639562697,0.003897101152688265,0.0,0.003897101152688265,101472.1484375,0.09702151616587028
0.6409090757369995,1.5259739898499989,0.0,0.0,0.0,100531.8515625,-1.1853288559051738
0.6418592929840088,1.5282364118666876,0.0058784494176507,0.0,0.0058784494176507,101314.078125,-0.11855032017332975
0.6419371962547302,1.5284218958445959,0.001981348032131791,0.0,0.001981348032131791,101356.75,-0.06035561992696438
0.6429653167724609,1.5308698018391929,0.003962696064263582,0.0,0.003962696064263582,101046.34375,-0.48367891362681587
0.6431212425231934,1.531241053626651,0.0,0.0,0.0,101832.6953125,0.5887251808252921
0.6439934372901917,1.5333177078337896,0.00594404386356473,0.0,0.00594404386356473,101345.390625,-0.0758472153422363
0.6441493630409241,1.5336889596212477,0.001981348032131791,0.0,0.001981348032131791,101412.765625,0.016036910422072552
0.6451774835586548,1.5361368656158447,0.003962696064263582,0.0,0.003962696064263582,101799.03125,0.5428150813449574
0.6453333497047424,1.536507975487482,0.0,0.0,0.0,101194.984375,-0.2809670192864007
0.6462521553039551,1.5386956078665597,0.005945137236267328,0.0,0.005945137236267328,101303.921875,-0.13240112762852474
0.6463614702224731,1.538955881482079,0.001981348032131791,0.0,0.001981348032131791,101681.609375,0.3826784382283569
0.6474361419677734,1.541514623732794,0.003963789436966181,0.0,0.003963789436966181,101406.265625,0.007172393650747764
0.6475454568862915,1.5417748973483132,0.0,0.0,0.0,102487.9296875,1.482315351030833
0.6485108137130737,1.5440733659835089,0.005946230608969927,0.0,0.005946230608969927,101325.5703125,-0.10287759881441297
0.6486201286315918,1.5443336395990281,0.0019824414048343897,0.0,0.0019824414048343897,102055.2421875,0.8922283355704338
0.6496948003768921,1.546892381849743,0.003964882809668779,0.0,0.003964882809668779,101622.546875,0.3021306656427615
0.6497576236724854,1.5470419611249653,0.0,0.0,0.0,101851.7421875,0.6147007720374192
0.6507694721221924,1.549451124100458,0.005947323981672525,0.0,0.005947323981672525,101291.4296875,-0.14943762079841455
0.6508322954177856,1.5496007033756802,0.0019824414048343897,0.0,0.0019824414048343897,101419.0546875,0.024613756577020213
0.6519069671630859,1.5521594456263952,0.003964882809668779,0.0,0.003964882809668779,101800.859375,0.5453082266868924
0.6519697308540344,1.5523088829857963,0.0,0.0,0.0,101215.5625,-0.25290315248872103
0.6530200839042664,1.5548097235815865,0.005959185305982828,0.0,0.005959185305982828,101520.4375,0.1628767783816858
0.6530444025993347,1.5548676252365112,0.0019824414048343897,0.0,0.0019824414048343897,101691.5078125,0.3961776482635354
0.6541575193405151,1.5575179031917028,0.003976744133979082,0.0,0.003976744133979082,101411.078125,0.01373554549105554
0.6541818380355835,1.5575758048466275,0.0,0.0,0.0,102490.453125,1.4857567439600852
0.6552706956863403,1.560168323062715,0.005971046630293131,0.0,0.005971046630293131,101130.6484375,-0.3687065572814243
0.6552949547767639,1.5602260828018188,0.0019943027291446924,0.0,0.0019943027291446924,102059.015625,0.8973744432634023
0.6563939452171326,1.5628427267074585,0.0,0.0,0.0,101845.46875,0.6061452348170181
0.6564081311225891,1.5628765026728313,0.003988605458289385,0.0,0.003988605458289385,101627.5703125,0.30898148809944637
0.657507061958313,1.56549300466265,0.0019943027291446924,0.0,0.0019943027291446924,101414.0234375,0.017752279653062083
0.6575212478637695,1.5655267806280226,0.005982907954603434,0.0,0.005982907954603434,101297.6328125,-0.14097797378347238
0.6586060523986816,1.5681096485682897,0.0,0.0,0.0,101200.484375,-0.273466274326049
0.6586202383041382,1.5681434245336623,0.003988605458289385,0.0,0.003988605458289385,100982.59375,-0.5706193665763475
0.6597191691398621,1.570759926523481,0.0019943027291446924,0.0,0.0019943027291446924,100769.046875,-0.8618485750227317
0.6597931981086731,1.5709361859730313,0.005977301392704248,0.0,0.005977301392704248,101520.5625,0.16304724985805744
0.6608181595802307,1.5733765704291207,0.0,0.0,0.0,100555.5,-1.153077783469116
0.660892128944397,1.57355268796285,0.0039829988963902,0.0,0.0039829988963902,101403.0234375,0.0027507897323585974
0.6619911193847656,1.5761693318684897,0.0019886961672455072,0.0,0.0019886961672455072,101285.484375,-0.15754567039334022
0.6620650887489319,1.5763454494022189,0.005971694830805063,0.0,0.005971694830805063,101130.765625,-0.3685467402723259
0.6630302667617798,1.578643492289952,0.0,0.0,0.0,101847.0,0.6082335104025706
0.6631640791893005,1.5789620933078585,0.0039773923344910145,0.0,0.0039773923344910145,101013.234375,-0.5288325459307515
0.6642032861709595,1.5814363956451416,0.0019886961672455072,0.0,0.0019886961672455072,101413.0625,0.016441780178455174
0.6643370389938354,1.5817548547472273,0.005966088268905878,0.0,0.005966088268905878,101286.78125,-0.15577702882598457
0.6652424335479736,1.583910556066604,0.0,0.0,0.0,101201.7109375,-0.2717935229641524
0.6653761863708496,1.5842290151686895,0.0039773923344910145,0.0,0.0039773923344910145,101784.1015625,0.5224543943858208
0.6664153933525085,1.5867033175059728,0.0019886961672455072,0.0,0.0019886961672455072,101659.2265625,0.3521533894905618
0.6665952801704407,1.5871316194534302,0.005945297423750162,0.0,0.005945297423750162,101305.9375,-0.1296522750720322
0.6674545407295227,1.589177477927435,0.0,0.0,0.0,101534.34375,0.18184173012802968
0.6676344871520996,1.5896059217907135,0.0039566014893352985,0.0,0.0039566014893352985,101392.578125,-0.011494233011945779
0.6686736345291138,1.5920800822121757,0.0019679053220897913,0.0,0.0019679053220897913,101267.6875,-0.18181654684175114
0.6688535809516907,1.5925085260754541,0.005924506578594446,0.0,0.005924506578594446,101325.09375,-0.10352752131807981
0.6696667075157166,1.5944445417040871,0.0,0.0,0.0,101848.75,0.6106201110717734
0.6698927283287048,1.5949826864969163,0.003935810644179583,0.0,0.003935810644179583,101001.03125,-0.5454748238115319
0.6708858013153076,1.5973471459888278,0.0019679053220897913,0.0,0.0019679053220897913,101415.21875,0.0193824131458658
0.6711118221282959,1.597885290781657,0.00590371573343873,0.0,0.00590371573343873,101344.234375,-0.07742407649867389
0.6718788146972656,1.5997114635649181,0.0,0.0,0.0,101222.1796875,-0.24387881870829786
0.6721048951148987,1.6002497502735684,0.003935810644179583,0.0,0.003935810644179583,100981.6796875,-0.571865939247315
0.6730979084968567,1.6026140678496588,0.0019679053220897913,0.0,0.0019679053220897913,100788.6484375,-0.8351165166342054
0.6732886433601379,1.603068198476519,0.00585342338308692,0.0,0.00585342338308692,101316.71875,-0.11494911023497906
0.6740909218788147,1.6049783854257493,0.0,0.0,0.0,100595.6015625,-1.0983884029556423
0.6742817163467407,1.6054326579684304,0.0038855180609971285,0.0,0.0038855180609971285,101381.0546875,-0.027209572239955467
0.6752747297286987,1.607796975544521,0.0019176126224920154,0.0,0.0019176126224920154,101242.5625,-0.21608131359244886
0.67546546459198,1.608251106171381,0.005803130567073822,0.0,0.005803130567073822,101335.484375,-0.08935707984468802
0.6763030290603638,1.6102453072865806,0.0,0.0,0.0,101781.0234375,0.5182565342801693
0.676458477973938,1.6106154237474715,0.0038352252449840307,0.0,0.0038352252449840307,100997.140625,-0.5507807485135989
0.6774868369102478,1.613063897405352,0.0019176126224920154,0.0,0.0019176126224920154,101402.4453125,0.0019623591541398063
0.6776422262191772,1.613433871950422,0.005752837751060724,0.0,0.005752837751060724,101354.265625,-0.06374374051985053
0.6785151362419128,1.6155122291474115,0.0,0.0,0.0,101198.109375,-0.27670523237711
0.6786231398582458,1.6157693806148712,0.007406971417367458,0.0,0.007406971417367458,101386.3125,-0.020039115765073758
0.6786705851554871,1.6158823456083027,0.0038352252449840307,0.0,0.0038352252449840307,101023.859375,-0.5143424704391629
0.6796989440917969,1.6183308192661832,0.0019176126224920154,0.0,0.0019176126224920154,100819.53125,-0.7929994075031395
0.6799418330192566,1.6189091262363253,0.005940814036875963,0.0,0.005940814036875963,101234.703125,-0.22679970766931512
0.6807272434234619,1.6207791510082428,0.0,0.0,0.0,102729.453125,1.8116982067826426
0.6809701919555664,1.6213575998942058,0.004023201763629913,0.0,0.004023201763629913,101496.5234375,0.13026345405833822
0.6819984912872314,1.6238059316362654,0.002105589024722576,0.0,0.002105589024722576,102169.1875,1.0476237407504483
0.6822414398193359,1.6243843805222284,0.006128790322691202,0.0,0.006128790322691202,101261.9296875,-0.18966888922211936
0.6829394102096558,1.6260462147848946,0.0,0.0,0.0,101970.28125,0.7763610039740911
0.683269739151001,1.626832712264288,0.004211178049445152,0.0,0.004211178049445152,101608.90625,0.2835279657837073
0.6842106580734253,1.6290729954129175,0.002105589024722576,0.0,0.002105589024722576,101410.0078125,0.012275883474623453
0.6845409870147705,1.6298594928923107,0.006316766608506441,0.0,0.006316766608506441,101392.2265625,-0.011973684039240989
0.6851515173912048,1.6313131366457259,0.0,0.0,0.0,101211.09375,-0.2589975077690068
0.6854819059371948,1.6320997760409401,0.004211178049445152,0.0,0.004211178049445152,100849.7265625,-0.7518198914921175
0.6862066984176636,1.6338254724230086,0.007370463106781244,0.0,0.007370463106781244,101490.03125,0.12140959175428667
0.6864227652549744,1.6343399172737485,0.002105589024722576,0.0,0.002105589024722576,100650.8203125,-1.0230826282684746
0.68644118309021,1.6343837692624048,0.005739732179790735,0.0,0.005739732179790735,101372.8984375,-0.03833283607320436
0.6873636245727539,1.636580058506557,0.0,0.0,0.0,100451.9140625,-1.2943453650448316
0.6873821020126343,1.636624052411034,0.003634143155068159,0.0,0.003634143155068159,100950.2109375,-0.614782133423873
0.688106894493103,1.6383497487931025,0.006793428212404251,0.0,0.006793428212404251,101482.890625,0.11167140866655728
0.6883229613304138,1.6388641936438424,0.0015285540139302611,0.0,0.0015285540139302611,101454.984375,0.07361365156659076
0.6883413791656494,1.6389080456324987,0.005162697285413742,0.0,0.005162697285413742,100933.8671875,-0.6370712789594637
0.6892822980880737,1.641148328781128,0.0030571080278605223,0.0,0.0030571080278605223,101344.203125,-0.07746669436776679
0.689575731754303,1.641846980367388,0.0,0.0,0.0,101503.75,0.1401188362860731
0.6900070905685425,1.6428740251631964,0.006216392852365971,0.0,0.006216392852365971,101198.8125,-0.27574633032251955
0.6902415752410889,1.6434323220025926,0.004585661925375462,0.0,0.004585661925375462,102158.0234375,1.032398507017007
0.6905350685119629,1.6441311155046736,0.0015285540139302611,0.0,0.0015285540139302611,101392.96875,-0.010961509648284433
0.6914944052696228,1.6464152506419591,0.0030571080278605223,0.0,0.0030571080278605223,102423.203125,1.3940430896721479
0.6917878985404968,1.6471140441440402,0.0,0.0,0.0,101441.71875,0.05552236613665147
0.6918482780456543,1.6472578048706055,0.007065735757350922,0.0,0.007065735757350922,101076.484375,-0.44257397888670647
0.6920828223228455,1.6478162436258226,0.005435004364699125,0.0,0.005435004364699125,101100.671875,-0.40958774820879595
0.6927472352981567,1.6493981792813257,0.0015285540139302611,0.0,0.0015285540139302611,102688.3984375,1.7557089812618354
0.6933356523513794,1.6507991722651891,0.00390645070001483,0.0,0.00390645070001483,101984.6328125,0.795933260355009
0.693924069404602,1.6522001652490526,0.006284346804022789,0.0,0.006284346804022789,100978.328125,-0.5764367057075294
0.6940000057220459,1.6523809660048712,0.0,0.0,0.0,102827.5546875,1.945486352332553
0.6945884227752686,1.6537819589887348,0.0023778965696692467,0.0,0.0023778965696692467,102353.203125,1.2985790629040348
0.6951768398284912,1.6551829519725982,0.004755793139338493,0.0,0.004755793139338493,101878.84375,0.6516611190082434
0.6957652568817139,1.6565839449564617,0.007133689243346453,0.0,0.007133689243346453,101972.21875,0.7790033118578514
0.6962121725082397,1.6576480297815233,0.0,0.0,0.0,101957.046875,0.7583123364132448
0.6968005895614624,1.6590490227653867,0.0023778965696692467,0.0,0.0023778965696692467,101482.6953125,0.1114050469847266
0.6973890066146851,1.66045001574925,0.004755793139338493,0.0,0.004755793139338493,101754.40625,0.4819567642802852
0.6983450055122375,1.6627262036005657,0.0069411988370120525,0.0,0.0069411988370120525,101536.0,0.1841004771899538
0.6984242796897888,1.6629149516423545,0.0,0.0,0.0,101086.546875,-0.4288510250387902
0.6990126967430115,1.664315944626218,0.0023778965696692467,0.0,0.0023778965696692467,101536.6015625,0.18492087116999226
0.699968695640564,1.6665921324775332,0.004563302267342806,0.0,0.004563302267342806,101318.1875,-0.1129460703876124
0.7006363868713379,1.6681818735031855,0.0,0.0,0.0,101318.7890625,-0.11212567640757393
0.7009246945381165,1.6688683203288488,0.006748707965016365,0.0,0.006748707965016365,101099.765625,-0.4108236664124903
0.7015924453735352,1.670458203270322,0.002185405697673559,0.0,0.002185405697673559,101100.3828125,-0.40998196349790533
0.7025484442710876,1.6727343911216372,0.004370811395347118,0.0,0.004370811395347118,100881.9609375,-0.7078595595227832
0.702848494052887,1.6734487953640167,0.0,0.0,0.0,101945.5859375,0.7426822329234208
0.7035044431686401,1.6750105789729528,0.00655621662735939,0.0,0.00655621662735939,100663.546875,-1.005726501080388
0.7038045525550842,1.675725125131153,0.002185405697673559,0.0,0.002185405697673559,101424.1953125,0.03162439604280352
0.7047605514526367,1.6780013129824685,0.004370811395347118,0.0,0.004370811395347118,100902.8046875,-0.6794334408378139
0.705060601234436,1.6787157172248477,0.0,0.0,0.0,101241.4453125,-0.2176049024125203
0.7058582901954651,1.6806149766558693,0.006412466987967491,0.0,0.006412466987967491,101355.2734375,-0.06236931424160426
0.7060166597366333,1.6809920469919841,0.002185405697673559,0.0,0.002185405697673559,100720.0546875,-0.9286627392931377
0.7071143984794617,1.683605710665385,0.004227061290293932,0.0,0.004227061290293932,101316.1328125,-0.11574819528047108
0.7072727084159851,1.683982639085679,0.0,0.0,0.0,100537.3046875,-1.1778920377484614
0.70821213722229,1.6862193743387859,0.006268716882914305,0.0,0.006268716882914305,101372.1484375,-0.039355664931434144
0.7083705067634583,1.6865964446749007,0.0020416555926203728,0.0,0.0020416555926203728,102045.9921875,0.8796134463189331
0.7094682455062866,1.6892101083483015,0.0040833111852407455,0.0,0.0040833111852407455,101600.390625,0.27191459645588995
0.709484875202179,1.689249702862331,0.0,0.0,0.0,101857.4296875,0.6224572242123284
0.710565984249115,1.6918237720217024,0.006124966312199831,0.0,0.006124966312199831,101313.734375,-0.11901911673335173
0.7105826139450073,1.6918633665357319,0.0020416555926203728,0.0,0.0020416555926203728,101411.828125,0.014758374349285322
0.7116803526878357,1.6944770302091328,0.0040833111852407455,0.0,0.0040833111852407455,100966.21875,-0.592951129981031
0.711696982383728,1.694516624723162,0.0,0.0,0.0,101223.265625,-0.24239784775731932
0.7127947211265564,1.6971302883965629,0.0020416555926203728,0.0,0.0020416555926203728,100777.65625,-0.8501073520876357
0.712851881980896,1.6972663856688,0.006142829079180956,0.0,0.006142829079180956,101289.203125,-0.15247414397128423
0.7139090895652771,1.6997835465839932,0.0,0.0,0.0,100589.09375,-1.1072635741942403
0.7139662504196167,1.6999196438562303,0.004101173486560583,0.0,0.004101173486560583,101408.7578125,0.010571168710907148
0.7150805592536926,1.7025727601278398,0.0020595178939402103,0.0,0.0020595178939402103,102079.3984375,0.9251719483792513
0.7151377201080322,1.7027088574000768,0.0061606913805007935,0.0,0.0061606913805007935,101308.75,-0.1258166668536705
0.7161211967468262,1.7050504684448242,0.0,0.0,0.0,101862.5859375,0.6294891726126582
0.7162520885467529,1.705362115587507,0.004119035787880421,0.0,0.004119035787880421,101634.9765625,0.3190819230744655
0.7172927260398865,1.7078398239044916,0.0020595178939402103,0.0,0.0020595178939402103,101418.171875,0.02340980177514557
0.7174235582351685,1.7081513291313535,0.006178553216159344,0.0,0.006178553216159344,101300.6875,-0.13681207707964066
0.71833336353302,1.7103175322214763,0.0,0.0,0.0,101201.3515625,-0.2722836284587208
0.718464195728302,1.7106290374483382,0.004119035787880421,0.0,0.004119035787880421,101798.7578125,0.5424421749903944
0.7195048332214355,1.7131067457653228,0.0020595178939402103,0.0,0.0020595178939402103,101680.0859375,0.38060081711007765
0.7197157740592957,1.713608985855466,0.006172790192067623,0.0,0.006172790192067623,101300.9140625,-0.1365030975287171
0.7205454707145691,1.7155844540823075,0.0,0.0,0.0,102512.8203125,1.5162604837633338
0.7207564115524292,1.7160866941724506,0.004113272298127413,0.0,0.004113272298127413,101404.2734375,0.004455504496074902
0.7217970490455627,1.718564402489435,0.0020537544041872025,0.0,0.0020537544041872025,102072.859375,0.9162541592715604
0.7220079898834229,1.7190666425795782,0.006167026702314615,0.0,0.006167026702314615,101320.7265625,-0.10948336852381364
0.7227575778961182,1.7208513759431385,0.0,0.0,0.0,101849.1875,0.6112167612390741
0.7230486273765564,1.7215443508965629,0.004107508808374405,0.0,0.004107508808374405,101632.8828125,0.3162265258452407
0.7240091562271118,1.7238313243502663,0.0020537544041872025,0.0,0.0020537544041872025,101409.21875,0.011199782280027536
0.7243001461029053,1.7245241573878698,0.00616126274690032,0.0,0.00616126274690032,101340.5390625,-0.08246363951891021
0.7249696850776672,1.7261182978039697,0.0,0.0,0.0,101185.5390625,-0.2938482702197321
0.7252607345581055,1.726811272757394,0.004107508808374405,0.0,0.004107508808374405,100969.2421875,-0.5888278511462922
0.7262212634086609,1.7290982462110973,0.0020537544041872025,0.0,0.0020537544041872025,100745.5703125,-0.8938652491787786
0.726615309715271,1.7300364517030262,0.006140207871794701,0.0,0.006140207871794701,101303.09375,-0.13353050115948678
0.7271817922592163,1.7313852196648007,0.0,0.0,0.0,100521.8828125,-1.1989239561458114
0.7275758385658264,1.7323234251567297,0.004086453467607498,0.0,0.004086453467607498,101394.109375,-0.009405957426393304
0.7285364270210266,1.734610540526254,0.0020326990634202957,0.0,0.0020326990634202957,101268.953125,-0.18009052314348836
0.7289304733276367,1.7355487460181827,0.006119152531027794,0.0,0.006119152531027794,101320.375,-0.10996281955110886
0.7293939590454102,1.7366522834414528,0.0,0.0,0.0,101874.6171875,0.6458970522134276
0.7298910021781921,1.737835719471886,0.004065398126840591,0.0,0.004065398126840591,100999.234375,-0.5479253512843741
0.7307485342025757,1.739877462387085,0.0020326990634202957,0.0,0.0020326990634202957,101423.5,0.030676148455486323
0.7312455773353577,1.7410608984175182,0.006098097190260887,0.0,0.006098097190260887,101314.96875,-0.11733571090418188
0.7316060662269592,1.7419192053022838,0.0,0.0,0.0,101232.7109375,-0.22951659682398798
0.7321031093597412,1.7431026413327173,0.004065398126840591,0.0,0.004065398126840591,100972.3828125,-0.584544755302455
0.7329606413841248,1.7451443842479162,0.0020326990634202957,0.0,0.0020326990634202957,100781.5859375,-0.8447481550492025
0.7333772778511047,1.7461363758359638,0.0059904009103775024,0.0,0.0059904009103775024,101332.7421875,-0.09309679785759066
0.7338181734085083,1.747186127163115,0.0,0.0,0.0,102437.7890625,1.4139349800712626
0.7342348098754883,1.7481781187511627,0.003957702312618494,0.0,0.003957702312618494,101335.375,-0.0895062423865132
0.7350923418998718,1.7502198616663616,0.0019250030163675547,0.0,0.0019250030163675547,101995.9765625,0.8114035468357345
0.735508918762207,1.7512117113385883,0.005882705096155405,0.0,0.005882705096155405,101372.8046875,-0.03846068968048308
0.7360303401947021,1.7524531909397671,0.0,0.0,0.0,101780.2265625,0.5171697786183002
0.7363664507865906,1.7532534542537872,0.0038500060327351093,0.0,0.0038500060327351093,101554.15625,0.20886145913293314
0.7373044490814209,1.7554867835271928,0.0019250030163675547,0.0,0.0019250030163675547,101338.4140625,-0.08536165461722793
0.7376405596733093,1.7562870468412128,0.00577500881627202,0.0,0.00577500881627202,101412.8515625,0.016154109562078047
0.7382424473762512,1.7577201128005981,0.0,0.0,0.0,101122.671875,-0.37958476836738897
0.7385785579681396,1.7585203761146182,0.0038500060327351093,0.0,0.0038500060327351093,100896.59375,-0.6879037423200293
0.73951655626297,1.7607537053880238,0.0019250030163675547,0.0,0.0019250030163675547,100680.84375,-0.9821375105374636
0.7397031784057617,1.7611980438232422,0.0053522041998803616,0.0,0.0053522041998803616,101403.3828125,0.0032408952269270355
0.7404545545578003,1.7629870346614294,0.0,0.0,0.0,100465.09375,-1.2763712787548978
0.740641176700592,1.7634313730966478,0.003427201183512807,0.0,0.003427201183512807,101082.3046875,-0.4346364007681524
0.7415791749954224,1.7656647023700534,0.0015021980507299304,0.0,0.0015021980507299304,100735.046875,-0.9082168165958152
0.7417657971382141,1.7661090408052718,0.0049293991178274155,0.0,0.0049293991178274155,101336.8515625,-0.08749254807187332
0.7418122291564941,1.766219593229748,0.007084779441356659,0.0,0.007084779441356659,101411.53125,0.0143535045929027
0.7426666617393494,1.7682539565222604,0.0,0.0,0.0,101575.3046875,0.23770310204155837
0.7427037954330444,1.7683423700786773,0.003004396101459861,0.0,0.003004396101459861,100682.421875,-0.9799853081482717
0.7437913417816162,1.7709317661467052,0.0015021980507299304,0.0,0.0015021980507299304,101377.53125,-0.0320147369801808
0.7438284158706665,1.7710200377873013,0.004506594035774469,0.0,0.004506594035774469,101270.3203125,-0.17822599137067366
0.7438748478889465,1.7711305902117775,0.006661974824965,0.0,0.006661974824965,101345.0078125,-0.07636928423862442
0.7448788285255432,1.7735210202989125,0.0,0.0,0.0,101334.78125,-0.09031598189927845
0.7449159622192383,1.7736094338553292,0.003004396101459861,0.0,0.003004396101459861,102134.5390625,1.0003711783936868
0.7458335161209106,1.7757940860021684,0.004907925613224506,0.0,0.004907925613224506,101309.296875,-0.1250708541445446
0.7458798885345459,1.7759044965108237,0.007063306402415037,0.0,0.007063306402415037,101238.03125,-0.22226090461092046
0.7460034489631653,1.7761986880075364,0.0015021980507299304,0.0,0.0015021980507299304,102223.75,1.122034540186665
0.7469210624694824,1.7783834820701963,0.003405727678909898,0.0,0.003405727678909898,101739.4609375,0.46157476838660216
0.7470909357070923,1.7787879421597437,0.0,0.0,0.0,102600.6015625,1.6359740780453114
0.7478386163711548,1.7805681342170352,0.005309257190674543,0.0,0.005309257190674543,101252.3359375,-0.202752575033642
0.74788498878479,1.7806785447256905,0.007464637514203787,0.0,0.007464637514203787,101130.484375,-0.3689303010941621
0.7480085492134094,1.7809727362224035,0.0019035295117646456,0.0,0.0019035295117646456,102174.9140625,1.0554334652617234
0.7489261031150818,1.7831573883692424,0.003807059023529291,0.0,0.003807059023529291,101749.2265625,0.4748928524781358
0.7493030428886414,1.7840548640205747,0.0,0.0,0.0,101907.6171875,0.6909015219755381
0.7498436570167542,1.7853420405160814,0.005710588302463293,0.0,0.005710588302463293,101159.5859375,-0.32924241050139186
0.7502206563949585,1.7862396580832345,0.0019035295117646456,0.0,0.0019035295117646456,101481.9296875,0.11036090919195037
0.7511382102966309,1.7884243102300736,0.003807059023529291,0.0,0.003807059023529291,101056.2265625,-0.47020101252618385
0.7515151500701904,1.789321785881406,0.0,0.0,0.0,101214.6328125,-0.2541710340942351
0.7520743012428284,1.7906530981972104,0.0058157905004918575,0.0,0.0058157905004918575,101253.796875,-0.20076018965354855
0.7524327635765076,1.7915065799440657,0.0019035295117646456,0.0,0.0019035295117646456,100788.9296875,-0.8347329558123693
0.7533687949180603,1.7937352259953818,0.003912260755896568,0.0,0.003912260755896568,101477.2890625,0.10403215563165358
0.7537272572517395,1.7945887077422369,0.0,0.0,0.0,100521.6328125,-1.1992648990985546
0.7543048858642578,1.7959640139625186,0.005920992232859135,0.0,0.005920992232859135,101295.96875,-0.14324737531266973
0.754663348197937,1.7968174957093739,0.0020087314769625664,0.0,0.0020087314769625664,102083.1171875,0.9302434748013074
0.7555994391441345,1.7990462836765109,0.004017462953925133,0.0,0.004017462953925133,101654.2109375,0.3453132215011501
0.7559394240379333,1.799855771518889,0.0,0.0,0.0,101854.6484375,0.6186642338630597
0.7565354704856873,1.8012749297278268,0.006026193965226412,0.0,0.006026193965226412,101265.546875,-0.1847358708746153
0.7568754553794861,1.802084417570205,0.0020087314769625664,0.0,0.0020087314769625664,101425.75,0.03374463503017567
0.7578115463256836,1.8043132055373419,0.004017462953925133,0.0,0.004017462953925133,100996.859375,-0.5511643093354351
0.7581515312194824,1.8051226933797202,0.0,0.0,0.0,101197.28125,-0.277834605908072
0.7589133381843567,1.8069365194865636,0.006147625856101513,0.0,0.006147625856101513,101533.484375,0.18066973872797473
0.7590876221656799,1.807351481346857,0.0020087314769625664,0.0,0.0020087314769625664,100768.390625,-0.8627435502736828
0.760189414024353,1.8099747952960787,0.0041388943791389465,0.0,0.0041388943791389465,101472.5859375,0.09761816633317098
0.7603636384010315,1.8103896152405512,0.0,0.0,0.0,100539.921875,-1.1743227912119305
0.7612912058830261,1.8125981092453003,0.006269057281315327,0.0,0.006269057281315327,101156.546875,-0.33338699827067714
0.7614654898643494,1.8130130711055938,0.00213016290217638,0.0,0.00213016290217638,102150.765625,1.0225005069201791
0.7625672817230225,1.8156363850548154,0.00426032580435276,0.0,0.00426032580435276,101703.421875,0.4124257108552064
0.7625758051872253,1.8156566790172033,0.0,0.0,0.0,101861.59375,0.6281360552689584
0.7636690139770508,1.8182595570882163,0.006390488240867853,0.0,0.006390488240867853,101256.0625,-0.19767039414431276
0.7636775970458984,1.8182799929664248,0.00213016290217638,0.0,0.00213016290217638,101414.25,0.018061259203985665
0.7647793889045715,1.8209033069156466,0.00426032580435276,0.0,0.00426032580435276,100966.890625,-0.5920348457955336
0.7647879123687744,1.8209236008780343,0.0,0.0,0.0,101125.0625,-0.37632450138178153
0.7658897042274475,1.823546914827256,0.00213016290217638,0.0,0.00213016290217638,100677.71875,-0.9863992974467543
0.7663217186927795,1.8245755206970942,0.006607871036976576,0.0,0.006607871036976576,101516.859375,0.15799703237054788
0.7670000195503235,1.8261905227388655,0.0,0.0,0.0,100388.53125,-1.3807850580325216
0.7674320340156555,1.8272191286087036,0.004477708134800196,0.0,0.004477708134800196,101478.453125,0.1056196712553644
0.7685423493385315,1.829862736520313,0.0023475452326238155,0.0,0.0023475452326238155,102276.15625,1.1935047066554711
0.7689743638038635,1.8308913423901514,0.006825253367424011,0.0,0.006825253367424011,101101.8203125,-0.4080215415196316
0.7692121267318726,1.8314574445996967,0.0,0.0,0.0,102068.828125,0.9107564541585753
0.7700846791267395,1.8335349503017608,0.004695090465247631,0.0,0.004695090465247631,101622.390625,0.30191757629729693
0.7707544565200806,1.8351296583811443,0.0023475452326238155,0.0,0.0023475452326238155,101415.0703125,0.01917997826767449
0.7714242339134216,1.8367243664605277,0.0,0.0,0.0,101207.75,-0.26355761976194797
0.7716270089149475,1.8372071640832084,0.007042635697871447,0.0,0.007042635697871447,101401.625,0.000843640090450981
0.7722967863082886,1.8388018721625918,0.004695090465247631,0.0,0.004695090465247631,100761.296875,-0.8724178065577728
0.7729665637016296,1.8403965802419755,0.0023475452326238155,0.0,0.0023475452326238155,100553.984375,-1.155144750120122
0.7735521197319031,1.841790761266436,0.006156489253044128,0.0,0.006156489253044128,101572.203125,0.23347327853408728
0.7736363410949707,1.841991288321359,0.0,0.0,0.0,100346.65625,-1.4378930026170178
0.7742218971252441,1.8433854693458194,0.003808944020420313,0.0,0.003808944020420313,100784.6015625,-0.840635530681737
0.7748916745185852,1.844980177425203,0.0014613987877964973,0.0,0.0014613987877964973,101407.8125,0.009281978170846692
0.7754772901535034,1.8463745003654843,0.00527034280821681,0.0,0.00527034280821681,101477.96875,0.10495909428442432
0.7758219242095947,1.8471950576418923,0.0071602449752390385,0.0,0.0071602449752390385,101523.3828125,0.16689351254369234
0.7758484482765198,1.84725821018219,0.0,0.0,0.0,101440.203125,0.053455399485645455
0.7761470675468445,1.8479692084448678,0.0029227975755929947,0.0,0.0029227975755929947,101247.546875,-0.2092837634721301
0.7771037817001343,1.850247099286034,0.0014613987877964973,0.0,0.0014613987877964973,101279.9375,-0.16511034215733134
0.777402400970459,1.8509580975487119,0.004384196363389492,0.0,0.004384196363389492,101383.734375,-0.023555089965238637
0.7777470946311951,1.8517787967409407,0.00627409853041172,0.0,0.00627409853041172,101429.15625,0.03838998276130261
0.7780606150627136,1.852525273958842,0.0,0.0,0.0,101312.328125,-0.12093692084253257
0.7783591747283936,1.853236130305699,0.0029227975755929947,0.0,0.0029227975755929947,101119.671875,-0.3836760838003081
0.7792923450469971,1.8554579643976121,0.004563919734209776,0.0,0.004563919734209776,101422.9296875,0.02989837234454076
0.7793159484863281,1.8555141630626861,0.0014613987877964973,0.0,0.0014613987877964973,101152.0625,-0.33950266248550937
0.7796370387077332,1.856278663589841,0.006453821901232004,0.0,0.006453821901232004,101308.28125,-0.12645593489006413
0.7802491188049316,1.8577359971545993,0.0031025211792439222,0.0,0.0031025211792439222,101601.4765625,0.2733955674068685
0.7802727222442627,1.8577921958196733,0.0,0.0,0.0,101184.453125,-0.2953292411707106
0.7811822891235352,1.8599578312465124,0.004743643570691347,0.0,0.004743643570691347,101376.4921875,-0.03343178112751998
0.7812058925628662,1.8600140299115864,0.0016411223914474249,0.0,0.0016411223914474249,102003.6328125,0.8218449247634968
0.7815269231796265,1.8607783885229203,0.006633545272052288,0.0,0.006633545272052288,101190.875,-0.2865712690721181
0.7821390628814697,1.8622358640034995,0.0032822447828948498,0.0,0.0032822447828948498,101670.2421875,0.3671761883458117
0.7824848890304565,1.8630592595963251,0.0,0.0,0.0,101738.2578125,0.4599339804265252
0.7830721735954285,1.8644575561795917,0.004923366941511631,0.0,0.004923366941511631,101266.5625,-0.1833507901290958
0.7834179997444153,1.8652809517724174,0.0016411223914474249,0.0,0.0016411223914474249,101404.875,0.005275898476113375
0.784073531627655,1.8668417419706074,0.006632681470364332,0.0,0.006632681470364332,101343.359375,-0.0786173768332753
0.7843511700630188,1.8675027858643305,0.0032822447828948498,0.0,0.0032822447828948498,101071.484375,-0.4493928379415717
0.7846969962120056,1.8683261814571563,0.0,0.0,0.0,101139.5,-0.3566350458608582
0.7853083610534668,1.869781812032064,0.0049125878140330315,0.0,0.0049125878140330315,101534.03125,0.18141555143710061
0.7856301665306091,1.8705480155490695,0.0016411223914474249,0.0,0.0016411223914474249,100806.109375,-0.8113037822785433
0.7863096594810486,1.8721658559072587,0.006621901877224445,0.0,0.006621901877224445,101335.921875,-0.08876042967738731
0.7865872979164124,1.8728268998009818,0.003271465189754963,0.0,0.003271465189754963,101402.2734375,0.0017279608741288144
0.7869091033935547,1.8735931033179873,0.0,0.0,0.0,100540.734375,-1.1732147266155148
0.7875444889068604,1.8751059259687153,0.004901808220893145,0.0,0.004901808220893145,101167.8125,-0.3180232564626839
0.7878662943840027,1.8758721294857208,0.0016303429147228599,0.0,0.0016303429147228599,101975.2890625,0.7831905174962296
0.7885458469390869,1.877490111759731,0.0066111222840845585,0.0,0.0066111222840845585,101258.8828125,-0.19382413145867786
0.7888234853744507,1.878151155653454,0.0032606858294457197,0.0,0.0032606858294457197,101560.4453125,0.2174383052878808
0.7891212701797485,1.8788601670946394,0.0,0.0,0.0,101832.4453125,0.5883842378725488
0.7897806167602539,1.8804300399053666,0.004891028627753258,0.0,0.004891028627753258,101145.609375,-0.34830325245319477
0.7900784015655518,1.8811390513465518,0.0016303429147228599,0.0,0.0016303429147228599,101417.6015625,0.022632025664200008
0.7910009026527405,1.883335482506525,0.00654761353507638,0.0,0.00654761353507638,101412.6953125,0.01594102021661351
0.7910355925559998,1.8834180775142852,0.0032606858294457197,0.0,0.0032606858294457197,101002.765625,-0.5431095320768756
0.7913333773612976,1.8841270889554707,0.0,0.0,0.0,101274.75,-0.172184908426754
0.7917355895042419,1.8850847369148618,0.00477215088903904,0.0,0.00477215088903904,101454.484375,0.07293176566110424
0.7922905087471008,1.886405973207383,0.0016303429147228599,0.0,0.0016303429147228599,100859.90625,-0.7379371206351028
0.7929558157920837,1.8879900376001995,0.006428735796362162,0.0,0.006428735796362162,101343.34375,-0.07863868576782175
0.792990505695343,1.8880726326079595,0.003141807857900858,0.0,0.003141807857900858,101277.5390625,-0.168381263610212
0.7935454249382019,1.8893938689004808,0.0,0.0,0.0,100717.046875,-0.93276470919333
0.7936905026435852,1.8897392920085363,0.004653272684663534,0.0,0.004653272684663534,101094.3359375,-0.41822852116738296
0.7942454814910889,1.8910606702168784,0.0015114648267626762,0.0,0.0015114648267626762,101667.1796875,0.3629996371747068
0.7949107885360718,1.8926447346096948,0.006309857591986656,0.0,0.006309857591986656,101162.15625,-0.3257370907685002
0.794945478439331,1.892727329617455,0.0030229296535253525,0.0,0.0030229296535253525,101496.28125,0.1299331655728682
0.7956454157829285,1.8943938471022108,0.004534394480288029,0.0,0.004534394480288029,101134.3203125,-0.3636989576630077
0.7957575917243958,1.8946609326771329,0.0,0.0,0.0,101668.3203125,0.3645551893965979
0.7964575886726379,1.8963275920777094,0.0015114648267626762,0.0,0.0015114648267626762,101497.421875,0.13148871779475932
0.7967318296432495,1.8969805467696417,0.0071818591095507145,0.0,0.0071818591095507145,101104.21875,-0.40475062006675094
0.7971575856208801,1.8979942514782862,0.0030229296535253525,0.0,0.0030229296535253525,102390.875,1.349954904095535
0.797466516494751,1.8987298011779785,0.005406395997852087,0.0,0.005406395997852087,101076.390625,-0.4427018324939852
0.7979696989059448,1.8999278545379639,0.0,0.0,0.0,101498.546875,0.13302296108210399
0.798669695854187,1.9015945139385406,0.0015114648267626762,0.0,0.0015114648267626762,102671.0234375,1.7320134460461787
0.7989786267280579,1.902330063638233,0.0038949311710894108,0.0,0.0038949311710894108,101981.71875,0.7919591440620953
0.7992875576019287,1.9030656133379256,0.006278397515416145,0.0,0.006278397515416145,101018.453125,-0.521715361792236
0.8001818060874939,1.905194776398795,0.0,0.0,0.0,102804.1875,1.9136188407183312
0.8004907369613647,1.9059303260984877,0.0023834663443267345,0.0,0.0023834663443267345,102348.1875,1.2917388949146231
0.8007996678352356,1.90666587579818,0.004766932688653469,0.0,0.004766932688653469,101892.171875,0.6698376401763685
0.8011085391044617,1.9074012835820517,0.007150399032980204,0.0,0.007150399032980204,101918.6953125,0.7060095565689739
0.802393913269043,1.910461698259626,0.0,0.0,0.0,101913.1875,0.6984981571413489
0.8027028441429138,1.9111972479593187,0.0023834663443267345,0.0,0.0023834663443267345,101457.1796875,0.07660755687036752
0.8030117750167847,1.9119327976590113,0.004766932688653469,0.0,0.004766932688653469,101715.5078125,0.42890817172688844
0.8039848208427429,1.9142495734351022,0.006944393273442984,0.0,0.006944393273442984,101510.7265625,0.14963327556106476
0.8046060800552368,1.9157287620362782,0.0,0.0,0.0,101022.1875,-0.5166225264356334
0.8049150109291077,1.9164643117359708,0.0023834663443267345,0.0,0.0023834663443267345,101512.3125,0.15179613241752982
0.8058880567550659,1.918781087512062,0.004560926929116249,0.0,0.004560926929116249,101307.5390625,-0.12746810928102068
0.8068181872367859,1.9209956838971094,0.0,0.0,0.0,101309.1171875,-0.12531590689182884
0.8068611025810242,1.9210978632881528,0.006738387048244476,0.0,0.006738387048244476,101102.7421875,-0.4067643143813908
0.8077912330627441,1.9233124596732003,0.002177460351958871,0.0,0.002177460351958871,101104.34375,-0.40458014859037933
0.8087642788887024,1.9256292354492914,0.004354920703917742,0.0,0.004354920703917742,100899.5625,-0.6838550447562031
0.8090303540229797,1.9262627476737613,0.0,0.0,0.0,102031.203125,0.8594445397707146
0.8097373247146606,1.9279460112253826,0.006532380823045969,0.0,0.006532380823045969,100694.7734375,-0.9631405953893
0.8100033402442932,1.9285793815340315,0.002177460351958871,0.0,0.002177460351958871,101450.109375,0.06696526398809717
0.8109764456748962,1.9308962992259435,0.004354920703917742,0.0,0.004354920703917742,100869.0078125,-0.7255246662617935
0.8112424612045288,1.9315296695345925,0.0,0.0,0.0,101264.3984375,-0.18630207756377964
0.8120824694633484,1.9335296891984486,0.006270674057304859,0.0,0.006270674057304859,101387.6796875,-0.01817458399225905
0.8122155070304871,1.9338464453106836,0.002177460351958871,0.0,0.002177460351958871,100683.3046875,-0.978781353346397
0.8133215308189392,1.9364798352831887,0.004093213472515345,0.0,0.004093213472515345,101236.109375,-0.2248819035601343
0.8134545683860779,1.9367965913954237,0.0,0.0,0.0,100497.5859375,-1.2320593493655472
0.8144276142120361,1.9391133671715146,0.006008966825902462,0.0,0.006008966825902462,101410.0390625,0.01231850134371636
0.8145606517791748,1.9394301232837496,0.0019157532369717956,0.0,0.0019157532369717956,102004.4921875,0.8230169161635518
0.8156667351722717,1.9420636551720756,0.0,0.0,0.0,101843.2109375,0.6030660937750555
0.8167727589607239,1.9446970451445806,0.0019157532369717956,0.0,0.0019157532369717956,101369.2890625,-0.04325519995343519
0.8178788423538208,1.9473305770329068,0.0,0.0,0.0,101208.015625,-0.26319536787465825
0.8188489079475403,1.9496402570179532,0.005399540066719055,0.0,0.005399540066719055,101445.4453125,0.060604547025980705
0.818984866142273,1.9499639670054119,0.0019157532369717956,0.0,0.0019157532369717956,100734.1015625,-0.9095060071358757
0.8199549913406372,1.9522737889062791,0.003483786713331938,0.0,0.003483786713331938,101169.4921875,-0.31573254599894013
0.8200908899307251,1.952597356977917,0.0,0.0,0.0,100572.8203125,-1.1294568295243719
0.8203814029693604,1.9532890546889532,0.007492447271943092,0.0,0.007492447271943092,101428.7265625,0.03780398706127512
0.8209251165390015,1.9545836108071464,0.005051820073276758,0.0,0.005051820073276758,101083.8359375,-0.43254812518259994
0.8210610747337341,1.954907320794605,0.0015680333599448204,0.0,0.0015680333599448204,101773.140625,0.5075061768014834
0.8220311999320984,1.9572171426954725,0.003136066719889641,0.0,0.003136066719889641,101565.734375,0.2246513796318554
0.822303056716919,1.957864420754569,0.0,0.0,0.0,101516.984375,0.1581675038469195
0.8224576115608215,1.9582324084781466,0.007144727278500795,0.0,0.007144727278500795,101318.671875,-0.11228549341667232
0.8230013251304626,1.9595269645963398,0.004704100079834461,0.0,0.004704100079834461,101311.9765625,-0.12141637186982779
0.8232731819152832,1.9601742426554363,0.0015680333599448204,0.0,0.0015680333599448204,101309.5859375,-0.12467663885543522
0.8242433071136475,1.9624840645563035,0.003136066719889641,0.0,0.003136066719889641,101102.1875,-0.4075207815577899
0.824515163898468,1.9631313426154,0.0,0.0,0.0,101053.4375,-0.47400465734272584
0.8254852890968323,1.9654411645162675,0.0015680333599448204,0.0,0.0015680333599448204,100846.03125,-0.7568594545123538
0.825518786907196,1.9655209212076097,0.005260202568024397,0.0,0.005260202568024397,101156.75,-0.3331099821215732
0.8267272710800171,1.9683982644762312,0.0,0.0,0.0,100589.875,-1.1061981274669177
0.8267607688903809,1.9684780211675736,0.00369216944091022,0.0,0.00369216944091022,101484.0078125,0.11319499748662873
0.8280027508735657,1.9714351211275374,0.0021241360809653997,0.0,0.0021241360809653997,102133.6796875,0.999199186993632
0.8280362486839294,1.9715148778188798,0.00581630552187562,0.0,0.00581630552187562,101001.515625,-0.5448142468405919
0.8289393782615662,1.9736651863370624,0.0,0.0,0.0,102795.1171875,1.9012490042141148
0.8292782306671143,1.9744719777788435,0.0042482721619307995,0.0,0.0042482721619307995,101229.390625,-0.23404474541510942
0.8302148580551147,1.9767020429883686,0.0021241360809653997,0.0,0.0021241360809653997,101890.8359375,0.6680157262726467
0.8305537104606628,1.9775088344301497,0.006372408010065556,0.0,0.006372408010065556,101098.703125,-0.4122726739616491
0.83115154504776,1.9789322501137143,0.0,0.0,0.0,102552.28125,1.5700761979604028
0.8314903974533081,1.9797390415554956,0.0042482721619307995,0.0,0.0042482721619307995,100986.5625,-0.5652068972015482
0.8324270248413086,1.9819691067650205,0.0021241360809653997,0.0,0.0021241360809653997,101648.0,0.33684292001893473
0.8333636522293091,1.9841991719745455,0.0,0.0,0.0,102309.4375,1.2388927372394176
0.8337025046348572,1.9850059634163266,0.0042482721619307995,0.0,0.0042482721619307995,101139.03125,-0.35727431389725184
0.8346391320228577,1.9872360286258517,0.0021241360809653997,0.0,0.0021241360809653997,100621.0859375,-1.0636335307103761
0.8355757594108582,1.9894660938353765,0.0,0.0,0.0,100103.1328125,-1.7700034019907738
0.8368512392044067,1.9925029504866827,0.0021241360809653997,0.0,0.0021241360809653997,99881.515625,-2.0722386751304014
0.8377878665924072,1.9947330156962078,0.0,0.0,0.0,99363.5625,-2.778608546410799
0.8399999737739563,1.999999937557039,0.0,0.0,0.0,98623.984375,-3.7872243452980974
