i,j,x_m,y_m
0,1,-1.35,0.005555555555555555
0,2,-1.35,0.01111111111111111
0,3,-1.35,0.016666666666666663
0,4,-1.35,0.02222222222222222
0,5,-1.35,0.027777777777777776
0,6,-1.35,0.033333333333333326
0,7,-1.35,0.03888888888888888
0,8,-1.35,0.04444444444444444
0,9,-1.35,0.049999999999999996
0,10,-1.35,0.05555555555555555
0,11,-1.35,0.0611111111111111
0,12,-1.35,0.06666666666666665
0,13,-1.35,0.07222222222222222
0,14,-1.35,0.07777777777777777
0,15,-1.35,0.08333333333333333
0,16,-1.35,0.08888888888888888
0,17,-1.35,0.09444444444444443
0,18,-1.35,0.09999999999999999
0,19,-1.35,0.10555555555555554
0,20,-1.35,0.1111111111111111
0,21,-1.35,0.11666666666666665
0,22,-1.35,0.1222222222222222
0,23,-1.35,0.12777777777777777
0,24,-1.35,0.1333333333333333
0,25,-1.35,0.13888888888888887
0,26,-1.35,0.14444444444444443
0,27,-1.35,0.15
0,28,-1.35,0.15555555555555553
0,29,-1.35,0.1611111111111111
0,30,-1.35,0.16666666666666666
0,31,-1.35,0.1722222222222222
0,32,-1.35,0.17777777777777776
0,33,-1.35,0.18333333333333332
0,34,-1.35,0.18888888888888886
0,35,-1.35,0.19444444444444442
0,36,-1.35,0.19999999999999998
0,37,-1.35,0.20555555555555552
0,38,-1.35,0.21111111111111108
0,39,-1.35,0.21666666666666665
0,40,-1.35,0.2222222222222222
0,41,-1.35,0.22777777777777775
0,42,-1.35,0.2333333333333333
0,43,-1.35,0.23888888888888887
0,44,-1.35,0.2444444444444444
0,45,-1.35,0.24999999999999997
0,46,-1.35,0.25555555555555554
0,47,-1.35,0.26111111111111107
0,48,-1.35,0.2666666666666666
0,49,-1.35,0.2722222222222222
0,50,-1.35,0.27777777777777773
0,51,-1.35,0.2833333333333333
0,52,-1.35,0.28888888888888886
0,53,-1.35,0.2944444444444444
0,54,-1.35,0.3
0,55,-1.35,0.3055555555555555
0,56,-1.35,0.31111111111111106
0,57,-1.35,0.31666666666666665
0,58,-1.35,0.3222222222222222
0,59,-1.35,0.3277777777777777
0,60,-1.35,0.3333333333333333
0,61,-1.35,0.33888888888888885
0,62,-1.35,0.3444444444444444
1,1,-1.3342446043165468,0.005555555555555555
1,2,-1.3342446043165468,0.01111111111111111
1,3,-1.3342446043165468,0.016666666666666663
1,4,-1.3342446043165468,0.02222222222222222
1,5,-1.3342446043165468,0.027777777777777776
1,6,-1.3342446043165468,0.033333333333333326
1,7,-1.3342446043165468,0.03888888888888888
1,8,-1.3342446043165468,0.04444444444444444
1,9,-1.3342446043165468,0.049999999999999996
1,10,-1.3342446043165468,0.05555555555555555
1,11,-1.3342446043165468,0.0611111111111111
1,12,-1.3342446043165468,0.06666666666666665
1,13,-1.3342446043165468,0.07222222222222222
1,14,-1.3342446043165468,0.07777777777777777
1,15,-1.3342446043165468,0.08333333333333333
1,16,-1.3342446043165468,0.08888888888888888
1,17,-1.3342446043165468,0.09444444444444443
1,18,-1.3342446043165468,0.09999999999999999
1,19,-1.3342446043165468,0.10555555555555554
1,20,-1.3342446043165468,0.1111111111111111
1,21,-1.3342446043165468,0.11666666666666665
1,22,-1.3342446043165468,0.1222222222222222
1,23,-1.3342446043165468,0.12777777777777777
1,24,-1.3342446043165468,0.1333333333333333
1,25,-1.3342446043165468,0.13888888888888887
1,26,-1.3342446043165468,0.14444444444444443
1,27,-1.3342446043165468,0.15
1,28,-1.3342446043165468,0.15555555555555553
1,29,-1.3342446043165468,0.1611111111111111
1,30,-1.3342446043165468,0.16666666666666666
1,31,-1.3342446043165468,0.1722222222222222
1,32,-1.3342446043165468,0.17777777777777776
1,33,-1.3342446043165468,0.18333333333333332
1,34,-1.3342446043165468,0.18888888888888886
1,35,-1.3342446043165468,0.19444444444444442
1,36,-1.3342446043165468,0.19999999999999998
1,37,-1.3342446043165468,0.20555555555555552
1,38,-1.3342446043165468,0.21111111111111108
1,39,-1.3342446043165468,0.21666666666666665
1,40,-1.3342446043165468,0.2222222222222222
1,41,-1.3342446043165468,0.22777777777777775
1,42,-1.3342446043165468,0.2333333333333333
1,43,-1.3342446043165468,0.23888888888888887
1,44,-1.3342446043165468,0.2444444444444444
1,45,-1.3342446043165468,0.24999999999999997
1,46,-1.3342446043165468,0.25555555555555554
1,47,-1.3342446043165468,0.26111111111111107
1,48,-1.3342446043165468,0.2666666666666666
1,49,-1.3342446043165468,0.2722222222222222
1,50,-1.3342446043165468,0.27777777777777773
1,51,-1.3342446043165468,0.2833333333333333
1,52,-1.3342446043165468,0.28888888888888886
1,53,-1.3342446043165468,0.2944444444444444
1,54,-1.3342446043165468,0.3
1,55,-1.3342446043165468,0.3055555555555555
1,56,-1.3342446043165468,0.31111111111111106
1,57,-1.3342446043165468,0.31666666666666665
1,58,-1.3342446043165468,0.3222222222222222
1,59,-1.3342446043165468,0.3277777777777777
1,60,-1.3342446043165468,0.3333333333333333
1,61,-1.3342446043165468,0.33888888888888885
1,62,-1.3342446043165468,0.3444444444444444
2,1,-1.3184892086330937,0.005555555555555555
2,2,-1.3184892086330937,0.01111111111111111
2,3,-1.3184892086330937,0.016666666666666663
2,4,-1.3184892086330937,0.02222222222222222
2,5,-1.3184892086330937,0.027777777777777776
2,6,-1.3184892086330937,0.033333333333333326
2,7,-1.3184892086330937,0.03888888888888888
2,8,-1.3184892086330937,0.04444444444444444
2,9,-1.3184892086330937,0.049999999999999996
2,10,-1.3184892086330937,0.05555555555555555
2,11,-1.3184892086330937,0.0611111111111111
2,12,-1.3184892086330937,0.06666666666666665
2,13,-1.3184892086330937,0.07222222222222222
2,14,-1.3184892086330937,0.07777777777777777
2,15,-1.3184892086330937,0.08333333333333333
2,16,-1.3184892086330937,0.08888888888888888
2,17,-1.3184892086330937,0.09444444444444443
2,18,-1.3184892086330937,0.09999999999999999
2,19,-1.3184892086330937,0.10555555555555554
2,20,-1.3184892086330937,0.1111111111111111
2,21,-1.3184892086330937,0.11666666666666665
2,22,-1.3184892086330937,0.1222222222222222
2,23,-1.3184892086330937,0.12777777777777777
2,24,-1.3184892086330937,0.1333333333333333
2,25,-1.3184892086330937,0.13888888888888887
2,26,-1.3184892086330937,0.14444444444444443
2,27,-1.3184892086330937,0.15
2,28,-1.3184892086330937,0.15555555555555553
2,29,-1.3184892086330937,0.1611111111111111
2,30,-1.3184892086330937,0.16666666666666666
2,31,-1.3184892086330937,0.1722222222222222
2,32,-1.3184892086330937,0.17777777777777776
2,33,-1.3184892086330937,0.18333333333333332
2,34,-1.3184892086330937,0.18888888888888886
2,35,-1.3184892086330937,0.19444444444444442
2,36,-1.3184892086330937,0.19999999999999998
2,37,-1.3184892086330937,0.20555555555555552
2,38,-1.3184892086330937,0.21111111111111108
2,39,-1.3184892086330937,0.21666666666666665
2,40,-1.3184892086330937,0.2222222222222222
2,41,-1.3184892086330937,0.22777777777777775
2,42,-1.3184892086330937,0.2333333333333333
2,43,-1.3184892086330937,0.23888888888888887
2,44,-1.3184892086330937,0.2444444444444444
2,45,-1.3184892086330937,0.24999999999999997
2,46,-1.3184892086330937,0.25555555555555554
2,47,-1.3184892086330937,0.26111111111111107
2,48,-1.3184892086330937,0.2666666666666666
2,49,-1.3184892086330937,0.2722222222222222
2,50,-1.3184892086330937,0.27777777777777773
2,51,-1.3184892086330937,0.2833333333333333
2,52,-1.3184892086330937,0.28888888888888886
2,53,-1.3184892086330937,0.2944444444444444
2,54,-1.3184892086330937,0.3
2,55,-1.3184892086330937,0.3055555555555555
2,56,-1.3184892086330937,0.31111111111111106
2,57,-1.3184892086330937,0.31666666666666665
2,58,-1.3184892086330937,0.3222222222222222
2,59,-1.3184892086330937,0.3277777777777777
2,60,-1.3184892086330937,0.3333333333333333
2,61,-1.3184892086330937,0.33888888888888885
2,62,-1.3184892086330937,0.3444444444444444
3,1,-1.3027338129496404,0.005555555555555555
3,2,-1.3027338129496404,0.01111111111111111
3,3,-1.3027338129496404,0.016666666666666663
3,4,-1.3027338129496404,0.02222222222222222
3,5,-1.3027338129496404,0.027777777777777776
3,6,-1.3027338129496404,0.033333333333333326
3,7,-1.3027338129496404,0.03888888888888888
3,8,-1.3027338129496404,0.04444444444444444
3,9,-1.3027338129496404,0.049999999999999996
3,10,-1.3027338129496404,0.05555555555555555
3,11,-1.3027338129496404,0.0611111111111111
3,12,-1.3027338129496404,0.06666666666666665
3,13,-1.3027338129496404,0.07222222222222222
3,14,-1.3027338129496404,0.07777777777777777
3,15,-1.3027338129496404,0.08333333333333333
3,16,-1.3027338129496404,0.08888888888888888
3,17,-1.3027338129496404,0.09444444444444443
3,18,-1.3027338129496404,0.09999999999999999
3,19,-1.3027338129496404,0.10555555555555554
3,20,-1.3027338129496404,0.1111111111111111
3,21,-1.3027338129496404,0.11666666666666665
3,22,-1.3027338129496404,0.1222222222222222
3,23,-1.3027338129496404,0.12777777777777777
3,24,-1.3027338129496404,0.1333333333333333
3,25,-1.3027338129496404,0.13888888888888887
3,26,-1.3027338129496404,0.14444444444444443
3,27,-1.3027338129496404,0.15
3,28,-1.3027338129496404,0.15555555555555553
3,29,-1.3027338129496404,0.1611111111111111
3,30,-1.3027338129496404,0.16666666666666666
3,31,-1.3027338129496404,0.1722222222222222
3,32,-1.3027338129496404,0.17777777777777776
3,33,-1.3027338129496404,0.18333333333333332
3,34,-1.3027338129496404,0.18888888888888886
3,35,-1.3027338129496404,0.19444444444444442
3,36,-1.3027338129496404,0.19999999999999998
3,37,-1.3027338129496404,0.20555555555555552
3,38,-1.3027338129496404,0.21111111111111108
3,39,-1.3027338129496404,0.21666666666666665
3,40,-1.3027338129496404,0.2222222222222222
3,41,-1.3027338129496404,0.22777777777777775
3,42,-1.3027338129496404,0.2333333333333333
3,43,-1.3027338129496404,0.23888888888888887
3,44,-1.3027338129496404,0.2444444444444444
3,45,-1.3027338129496404,0.24999999999999997
3,46,-1.3027338129496404,0.25555555555555554
3,47,-1.3027338129496404,0.26111111111111107
3,48,-1.3027338129496404,0.2666666666666666
3,49,-1.3027338129496404,0.2722222222222222
3,50,-1.3027338129496404,0.27777777777777773
3,51,-1.3027338129496404,0.2833333333333333
3,52,-1.3027338129496404,0.28888888888888886
3,53,-1.3027338129496404,0.2944444444444444
3,54,-1.3027338129496404,0.3
3,55,-1.3027338129496404,0.3055555555555555
3,56,-1.3027338129496404,0.31111111111111106
3,57,-1.3027338129496404,0.31666666666666665
3,58,-1.3027338129496404,0.3222222222222222
3,59,-1.3027338129496404,0.3277777777777777
3,60,-1.3027338129496404,0.3333333333333333
3,61,-1.3027338129496404,0.33888888888888885
3,62,-1.3027338129496404,0.3444444444444444
4,1,-1.2869784172661871,0.005555555555555555
4,2,-1.2869784172661871,0.01111111111111111
4,3,-1.2869784172661871,0.016666666666666663
4,4,-1.2869784172661871,0.02222222222222222
4,5,-1.2869784172661871,0.027777777777777776
4,6,-1.2869784172661871,0.033333333333333326
4,7,-1.2869784172661871,0.03888888888888888
4,8,-1.2869784172661871,0.04444444444444444
4,9,-1.2869784172661871,0.049999999999999996
4,10,-1.2869784172661871,0.05555555555555555
4,11,-1.2869784172661871,0.0611111111111111
4,12,-1.2869784172661871,0.06666666666666665
4,13,-1.2869784172661871,0.07222222222222222
4,14,-1.2869784172661871,0.07777777777777777
4,15,-1.2869784172661871,0.08333333333333333
4,16,-1.2869784172661871,0.08888888888888888
4,17,-1.2869784172661871,0.09444444444444443
4,18,-1.2869784172661871,0.09999999999999999
4,19,-1.2869784172661871,0.10555555555555554
4,20,-1.2869784172661871,0.1111111111111111
4,21,-1.2869784172661871,0.11666666666666665
4,22,-1.2869784172661871,0.1222222222222222
4,23,-1.2869784172661871,0.12777777777777777
4,24,-1.2869784172661871,0.1333333333333333
4,25,-1.2869784172661871,0.13888888888888887
4,26,-1.2869784172661871,0.14444444444444443
4,27,-1.2869784172661871,0.15
4,28,-1.2869784172661871,0.15555555555555553
4,29,-1.2869784172661871,0.1611111111111111
4,30,-1.2869784172661871,0.16666666666666666
4,31,-1.2869784172661871,0.1722222222222222
4,32,-1.2869784172661871,0.17777777777777776
4,33,-1.2869784172661871,0.18333333333333332
4,34,-1.2869784172661871,0.18888888888888886
4,35,-1.2869784172661871,0.19444444444444442
4,36,-1.2869784172661871,0.19999999999999998
4,37,-1.2869784172661871,0.20555555555555552
4,38,-1.2869784172661871,0.21111111111111108
4,39,-1.2869784172661871,0.21666666666666665
4,40,-1.2869784172661871,0.2222222222222222
4,41,-1.2869784172661871,0.22777777777777775
4,42,-1.2869784172661871,0.2333333333333333
4,43,-1.2869784172661871,0.23888888888888887
4,44,-1.2869784172661871,0.2444444444444444
4,45,-1.2869784172661871,0.24999999999999997
4,46,-1.2869784172661871,0.25555555555555554
4,47,-1.2869784172661871,0.26111111111111107
4,48,-1.2869784172661871,0.2666666666666666
4,49,-1.2869784172661871,0.2722222222222222
4,50,-1.2869784172661871,0.27777777777777773
4,51,-1.2869784172661871,0.2833333333333333
4,52,-1.2869784172661871,0.28888888888888886
4,53,-1.2869784172661871,0.2944444444444444
4,54,-1.2869784172661871,0.3
4,55,-1.2869784172661871,0.3055555555555555
4,56,-1.2869784172661871,0.31111111111111106
4,57,-1.2869784172661871,0.31666666666666665
4,58,-1.2869784172661871,0.3222222222222222
4,59,-1.2869784172661871,0.3277777777777777
4,60,-1.2869784172661871,0.3333333333333333
4,61,-1.2869784172661871,0.33888888888888885
4,62,-1.2869784172661871,0.3444444444444444
5,1,-1.2712230215827338,0.005555555555555555
5,2,-1.2712230215827338,0.01111111111111111
5,3,-1.2712230215827338,0.016666666666666663
5,4,-1.2712230215827338,0.02222222222222222
5,5,-1.2712230215827338,0.027777777777777776
5,6,-1.2712230215827338,0.033333333333333326
5,7,-1.2712230215827338,0.03888888888888888
5,8,-1.2712230215827338,0.04444444444444444
5,9,-1.2712230215827338,0.049999999999999996
5,10,-1.2712230215827338,0.05555555555555555
5,11,-1.2712230215827338,0.0611111111111111
5,12,-1.2712230215827338,0.06666666666666665
5,13,-1.2712230215827338,0.07222222222222222
5,14,-1.2712230215827338,0.07777777777777777
5,15,-1.2712230215827338,0.08333333333333333
5,16,-1.2712230215827338,0.08888888888888888
5,17,-1.2712230215827338,0.09444444444444443
5,18,-1.2712230215827338,0.09999999999999999
5,19,-1.2712230215827338,0.10555555555555554
5,20,-1.2712230215827338,0.1111111111111111
5,21,-1.2712230215827338,0.11666666666666665
5,22,-1.2712230215827338,0.1222222222222222
5,23,-1.2712230215827338,0.12777777777777777
5,24,-1.2712230215827338,0.1333333333333333
5,25,-1.2712230215827338,0.13888888888888887
5,26,-1.2712230215827338,0.14444444444444443
5,27,-1.2712230215827338,0.15
5,28,-1.2712230215827338,0.15555555555555553
5,29,-1.2712230215827338,0.1611111111111111
5,30,-1.2712230215827338,0.16666666666666666
5,31,-1.2712230215827338,0.1722222222222222
5,32,-1.2712230215827338,0.17777777777777776
5,33,-1.2712230215827338,0.18333333333333332
5,34,-1.2712230215827338,0.18888888888888886
5,35,-1.2712230215827338,0.19444444444444442
5,36,-1.2712230215827338,0.19999999999999998
5,37,-1.2712230215827338,0.20555555555555552
5,38,-1.2712230215827338,0.21111111111111108
5,39,-1.2712230215827338,0.21666666666666665
5,40,-1.2712230215827338,0.2222222222222222
5,41,-1.2712230215827338,0.22777777777777775
5,42,-1.2712230215827338,0.2333333333333333
5,43,-1.2712230215827338,0.23888888888888887
5,44,-1.2712230215827338,0.2444444444444444
5,45,-1.2712230215827338,0.24999999999999997
5,46,-1.2712230215827338,0.25555555555555554
5,47,-1.2712230215827338,0.26111111111111107
5,48,-1.2712230215827338,0.2666666666666666
5,49,-1.2712230215827338,0.2722222222222222
5,50,-1.2712230215827338,0.27777777777777773
5,51,-1.2712230215827338,0.2833333333333333
5,52,-1.2712230215827338,0.28888888888888886
5,53,-1.2712230215827338,0.2944444444444444
5,54,-1.2712230215827338,0.3
5,55,-1.2712230215827338,0.3055555555555555
5,56,-1.2712230215827338,0.31111111111111106
5,57,-1.2712230215827338,0.31666666666666665
5,58,-1.2712230215827338,0.3222222222222222
5,59,-1.2712230215827338,0.3277777777777777
5,60,-1.2712230215827338,0.3333333333333333
5,61,-1.2712230215827338,0.33888888888888885
5,62,-1.2712230215827338,0.3444444444444444
6,1,-1.2554676258992807,0.005555555555555555
6,2,-1.2554676258992807,0.01111111111111111
6,3,-1.2554676258992807,0.016666666666666663
6,4,-1.2554676258992807,0.02222222222222222
6,5,-1.2554676258992807,0.027777777777777776
6,6,-1.2554676258992807,0.033333333333333326
6,7,-1.2554676258992807,0.03888888888888888
6,8,-1.2554676258992807,0.04444444444444444
6,9,-1.2554676258992807,0.049999999999999996
6,10,-1.2554676258992807,0.05555555555555555
6,11,-1.2554676258992807,0.0611111111111111
6,12,-1.2554676258992807,0.06666666666666665
6,13,-1.2554676258992807,0.07222222222222222
6,14,-1.2554676258992807,0.07777777777777777
6,15,-1.2554676258992807,0.08333333333333333
6,16,-1.2554676258992807,0.08888888888888888
6,17,-1.2554676258992807,0.09444444444444443
6,18,-1.2554676258992807,0.09999999999999999
6,19,-1.2554676258992807,0.10555555555555554
6,20,-1.2554676258992807,0.1111111111111111
6,21,-1.2554676258992807,0.11666666666666665
6,22,-1.2554676258992807,0.1222222222222222
6,23,-1.2554676258992807,0.12777777777777777
6,24,-1.2554676258992807,0.1333333333333333
6,25,-1.2554676258992807,0.13888888888888887
6,26,-1.2554676258992807,0.14444444444444443
6,27,-1.2554676258992807,0.15
6,28,-1.2554676258992807,0.15555555555555553
6,29,-1.2554676258992807,0.1611111111111111
6,30,-1.2554676258992807,0.16666666666666666
6,31,-1.2554676258992807,0.1722222222222222
6,32,-1.2554676258992807,0.17777777777777776
6,33,-1.2554676258992807,0.18333333333333332
6,34,-1.2554676258992807,0.18888888888888886
6,35,-1.2554676258992807,0.19444444444444442
6,36,-1.2554676258992807,0.19999999999999998
6,37,-1.2554676258992807,0.20555555555555552
6,38,-1.2554676258992807,0.21111111111111108
6,39,-1.2554676258992807,0.21666666666666665
6,40,-1.2554676258992807,0.2222222222222222
6,41,-1.2554676258992807,0.22777777777777775
6,42,-1.2554676258992807,0.2333333333333333
6,43,-1.2554676258992807,0.23888888888888887
6,44,-1.2554676258992807,0.2444444444444444
6,45,-1.2554676258992807,0.24999999999999997
6,46,-1.2554676258992807,0.25555555555555554
6,47,-1.2554676258992807,0.26111111111111107
6,48,-1.2554676258992807,0.2666666666666666
6,49,-1.2554676258992807,0.2722222222222222
6,50,-1.2554676258992807,0.27777777777777773
6,51,-1.2554676258992807,0.2833333333333333
6,52,-1.2554676258992807,0.28888888888888886
6,53,-1.2554676258992807,0.2944444444444444
6,54,-1.2554676258992807,0.3
6,55,-1.2554676258992807,0.3055555555555555
6,56,-1.2554676258992807,0.31111111111111106
6,57,-1.2554676258992807,0.31666666666666665
6,58,-1.2554676258992807,0.3222222222222222
6,59,-1.2554676258992807,0.3277777777777777
6,60,-1.2554676258992807,0.3333333333333333
6,61,-1.2554676258992807,0.33888888888888885
6,62,-1.2554676258992807,0.3444444444444444
7,1,-1.2397122302158274,0.005555555555555555
7,2,-1.2397122302158274,0.01111111111111111
7,3,-1.2397122302158274,0.016666666666666663
7,4,-1.2397122302158274,0.02222222222222222
7,5,-1.2397122302158274,0.027777777777777776
7,6,-1.2397122302158274,0.033333333333333326
7,7,-1.2397122302158274,0.03888888888888888
7,8,-1.2397122302158274,0.04444444444444444
7,9,-1.2397122302158274,0.049999999999999996
7,10,-1.2397122302158274,0.05555555555555555
7,11,-1.2397122302158274,0.0611111111111111
7,12,-1.2397122302158274,0.06666666666666665
7,13,-1.2397122302158274,0.07222222222222222
7,14,-1.2397122302158274,0.07777777777777777
7,15,-1.2397122302158274,0.08333333333333333
7,16,-1.2397122302158274,0.08888888888888888
7,17,-1.2397122302158274,0.09444444444444443
7,18,-1.2397122302158274,0.09999999999999999
7,19,-1.2397122302158274,0.10555555555555554
7,20,-1.2397122302158274,0.1111111111111111
7,21,-1.2397122302158274,0.11666666666666665
7,22,-1.2397122302158274,0.1222222222222222
7,23,-1.2397122302158274,0.12777777777777777
7,24,-1.2397122302158274,0.1333333333333333
7,25,-1.2397122302158274,0.13888888888888887
7,26,-1.2397122302158274,0.14444444444444443
7,27,-1.2397122302158274,0.15
7,28,-1.2397122302158274,0.15555555555555553
7,29,-1.2397122302158274,0.1611111111111111
7,30,-1.2397122302158274,0.16666666666666666
7,31,-1.2397122302158274,0.1722222222222222
7,32,-1.2397122302158274,0.17777777777777776
7,33,-1.2397122302158274,0.18333333333333332
7,34,-1.2397122302158274,0.18888888888888886
7,35,-1.2397122302158274,0.19444444444444442
7,36,-1.2397122302158274,0.19999999999999998
7,37,-1.2397122302158274,0.20555555555555552
7,38,-1.2397122302158274,0.21111111111111108
7,39,-1.2397122302158274,0.21666666666666665
7,40,-1.2397122302158274,0.2222222222222222
7,41,-1.2397122302158274,0.22777777777777775
7,42,-1.2397122302158274,0.2333333333333333
7,43,-1.2397122302158274,0.23888888888888887
7,44,-1.2397122302158274,0.2444444444444444
7,45,-1.2397122302158274,0.24999999999999997
7,46,-1.2397122302158274,0.25555555555555554
7,47,-1.2397122302158274,0.26111111111111107
7,48,-1.2397122302158274,0.2666666666666666
7,49,-1.2397122302158274,0.2722222222222222
7,50,-1.2397122302158274,0.27777777777777773
7,51,-1.2397122302158274,0.2833333333333333
7,52,-1.2397122302158274,0.28888888888888886
7,53,-1.2397122302158274,0.2944444444444444
7,54,-1.2397122302158274,0.3
7,55,-1.2397122302158274,0.3055555555555555
7,56,-1.2397122302158274,0.31111111111111106
7,57,-1.2397122302158274,0.31666666666666665
7,58,-1.2397122302158274,0.3222222222222222
7,59,-1.2397122302158274,0.3277777777777777
7,60,-1.2397122302158274,0.3333333333333333
7,61,-1.2397122302158274,0.33888888888888885
7,62,-1.2397122302158274,0.3444444444444444
8,1,-1.2239568345323741,0.005555555555555555
8,2,-1.2239568345323741,0.01111111111111111
8,3,-1.2239568345323741,0.016666666666666663
8,4,-1.2239568345323741,0.02222222222222222
8,5,-1.2239568345323741,0.027777777777777776
8,6,-1.2239568345323741,0.033333333333333326
8,7,-1.2239568345323741,0.03888888888888888
8,8,-1.2239568345323741,0.04444444444444444
8,9,-1.2239568345323741,0.049999999999999996
8,10,-1.2239568345323741,0.05555555555555555
8,11,-1.2239568345323741,0.0611111111111111
8,12,-1.2239568345323741,0.06666666666666665
8,13,-1.2239568345323741,0.07222222222222222
8,14,-1.2239568345323741,0.07777777777777777
8,15,-1.2239568345323741,0.08333333333333333
8,16,-1.2239568345323741,0.08888888888888888
8,17,-1.2239568345323741,0.09444444444444443
8,18,-1.2239568345323741,0.09999999999999999
8,19,-1.2239568345323741,0.10555555555555554
8,20,-1.2239568345323741,0.1111111111111111
8,21,-1.2239568345323741,0.11666666666666665
8,22,-1.2239568345323741,0.1222222222222222
8,23,-1.2239568345323741,0.12777777777777777
8,24,-1.2239568345323741,0.1333333333333333
8,25,-1.2239568345323741,0.13888888888888887
8,26,-1.2239568345323741,0.14444444444444443
8,27,-1.2239568345323741,0.15
8,28,-1.2239568345323741,0.15555555555555553
8,29,-1.2239568345323741,0.1611111111111111
8,30,-1.2239568345323741,0.16666666666666666
8,31,-1.2239568345323741,0.1722222222222222
8,32,-1.2239568345323741,0.17777777777777776
8,33,-1.2239568345323741,0.18333333333333332
8,34,-1.2239568345323741,0.18888888888888886
8,35,-1.2239568345323741,0.19444444444444442
8,36,-1.2239568345323741,0.19999999999999998
8,37,-1.2239568345323741,0.20555555555555552
8,38,-1.2239568345323741,0.21111111111111108
8,39,-1.2239568345323741,0.21666666666666665
8,40,-1.2239568345323741,0.2222222222222222
8,41,-1.2239568345323741,0.22777777777777775
8,42,-1.2239568345323741,0.2333333333333333
8,43,-1.2239568345323741,0.23888888888888887
8,44,-1.2239568345323741,0.2444444444444444
8,45,-1.2239568345323741,0.24999999999999997
8,46,-1.2239568345323741,0.25555555555555554
8,47,-1.2239568345323741,0.26111111111111107
8,48,-1.2239568345323741,0.2666666666666666
8,49,-1.2239568345323741,0.2722222222222222
8,50,-1.2239568345323741,0.27777777777777773
8,51,-1.2239568345323741,0.2833333333333333
8,52,-1.2239568345323741,0.28888888888888886
8,53,-1.2239568345323741,0.2944444444444444
8,54,-1.2239568345323741,0.3
8,55,-1.2239568345323741,0.3055555555555555
8,56,-1.2239568345323741,0.31111111111111106
8,57,-1.2239568345323741,0.31666666666666665
8,58,-1.2239568345323741,0.3222222222222222
8,59,-1.2239568345323741,0.3277777777777777
8,60,-1.2239568345323741,0.3333333333333333
8,61,-1.2239568345323741,0.33888888888888885
8,62,-1.2239568345323741,0.3444444444444444
9,1,-1.208201438848921,0.005555555555555555
9,2,-1.208201438848921,0.01111111111111111
9,3,-1.208201438848921,0.016666666666666663
9,4,-1.208201438848921,0.02222222222222222
9,5,-1.208201438848921,0.027777777777777776
9,6,-1.208201438848921,0.033333333333333326
9,7,-1.208201438848921,0.03888888888888888
9,8,-1.208201438848921,0.04444444444444444
9,9,-1.208201438848921,0.049999999999999996
9,10,-1.208201438848921,0.05555555555555555
9,11,-1.208201438848921,0.0611111111111111
9,12,-1.208201438848921,0.06666666666666665
9,13,-1.208201438848921,0.07222222222222222
9,14,-1.208201438848921,0.07777777777777777
9,15,-1.208201438848921,0.08333333333333333
9,16,-1.208201438848921,0.08888888888888888
9,17,-1.208201438848921,0.09444444444444443
9,18,-1.208201438848921,0.09999999999999999
9,19,-1.208201438848921,0.10555555555555554
9,20,-1.208201438848921,0.1111111111111111
9,21,-1.208201438848921,0.11666666666666665
9,22,-1.208201438848921,0.1222222222222222
9,23,-1.208201438848921,0.12777777777777777
9,24,-1.208201438848921,0.1333333333333333
9,25,-1.208201438848921,0.13888888888888887
9,26,-1.208201438848921,0.14444444444444443
9,27,-1.208201438848921,0.15
9,28,-1.208201438848921,0.15555555555555553
9,29,-1.208201438848921,0.1611111111111111
9,30,-1.208201438848921,0.16666666666666666
9,31,-1.208201438848921,0.1722222222222222
9,32,-1.208201438848921,0.17777777777777776
9,33,-1.208201438848921,0.18333333333333332
9,34,-1.208201438848921,0.18888888888888886
9,35,-1.208201438848921,0.19444444444444442
9,36,-1.208201438848921,0.19999999999999998
9,37,-1.208201438848921,0.20555555555555552
9,38,-1.208201438848921,0.21111111111111108
9,39,-1.208201438848921,0.21666666666666665
9,40,-1.208201438848921,0.2222222222222222
9,41,-1.208201438848921,0.22777777777777775
9,42,-1.208201438848921,0.2333333333333333
9,43,-1.208201438848921,0.23888888888888887
9,44,-1.208201438848921,0.2444444444444444
9,45,-1.208201438848921,0.24999999999999997
9,46,-1.208201438848921,0.25555555555555554
9,47,-1.208201438848921,0.26111111111111107
9,48,-1.208201438848921,0.2666666666666666
9,49,-1.208201438848921,0.2722222222222222
9,50,-1.208201438848921,0.27777777777777773
9,51,-1.208201438848921,0.2833333333333333
9,52,-1.208201438848921,0.28888888888888886
9,53,-1.208201438848921,0.2944444444444444
9,54,-1.208201438848921,0.3
9,55,-1.208201438848921,0.3055555555555555
9,56,-1.208201438848921,0.31111111111111106
9,57,-1.208201438848921,0.31666666666666665
9,58,-1.208201438848921,0.3222222222222222
9,59,-1.208201438848921,0.3277777777777777
9,60,-1.208201438848921,0.3333333333333333
9,61,-1.208201438848921,0.33888888888888885
9,62,-1.208201438848921,0.3444444444444444
10,1,-1.1924460431654678,0.005555555555555555
10,2,-1.1924460431654678,0.01111111111111111
10,3,-1.1924460431654678,0.016666666666666663
10,4,-1.1924460431654678,0.02222222222222222
10,5,-1.1924460431654678,0.027777777777777776
10,6,-1.1924460431654678,0.033333333333333326
10,7,-1.1924460431654678,0.03888888888888888
10,8,-1.1924460431654678,0.04444444444444444
10,9,-1.1924460431654678,0.049999999999999996
10,10,-1.1924460431654678,0.05555555555555555
10,11,-1.1924460431654678,0.0611111111111111
10,12,-1.1924460431654678,0.06666666666666665
10,13,-1.1924460431654678,0.07222222222222222
10,14,-1.1924460431654678,0.07777777777777777
10,15,-1.1924460431654678,0.08333333333333333
10,16,-1.1924460431654678,0.08888888888888888
10,17,-1.1924460431654678,0.09444444444444443
10,18,-1.1924460431654678,0.09999999999999999
10,19,-1.1924460431654678,0.10555555555555554
10,20,-1.1924460431654678,0.1111111111111111
10,21,-1.1924460431654678,0.11666666666666665
10,22,-1.1924460431654678,0.1222222222222222
10,23,-1.1924460431654678,0.12777777777777777
10,24,-1.1924460431654678,0.1333333333333333
10,25,-1.1924460431654678,0.13888888888888887
10,26,-1.1924460431654678,0.14444444444444443
10,27,-1.1924460431654678,0.15
10,28,-1.1924460431654678,0.15555555555555553
10,29,-1.1924460431654678,0.1611111111111111
10,30,-1.1924460431654678,0.16666666666666666
10,31,-1.1924460431654678,0.1722222222222222
10,32,-1.1924460431654678,0.17777777777777776
10,33,-1.1924460431654678,0.18333333333333332
10,34,-1.1924460431654678,0.18888888888888886
10,35,-1.1924460431654678,0.19444444444444442
10,36,-1.1924460431654678,0.19999999999999998
10,37,-1.1924460431654678,0.20555555555555552
10,38,-1.1924460431654678,0.21111111111111108
10,39,-1.1924460431654678,0.21666666666666665
10,40,-1.1924460431654678,0.2222222222222222
10,41,-1.1924460431654678,0.22777777777777775
10,42,-1.1924460431654678,0.2333333333333333
10,43,-1.1924460431654678,0.23888888888888887
10,44,-1.1924460431654678,0.2444444444444444
10,45,-1.1924460431654678,0.24999999999999997
10,46,-1.1924460431654678,0.25555555555555554
10,47,-1.1924460431654678,0.26111111111111107
10,48,-1.1924460431654678,0.2666666666666666
10,49,-1.1924460431654678,0.2722222222222222
10,50,-1.1924460431654678,0.27777777777777773
10,51,-1.1924460431654678,0.2833333333333333
10,52,-1.1924460431654678,0.28888888888888886
10,53,-1.1924460431654678,0.2944444444444444
10,54,-1.1924460431654678,0.3
10,55,-1.1924460431654678,0.3055555555555555
10,56,-1.1924460431654678,0.31111111111111106
10,57,-1.1924460431654678,0.31666666666666665
10,58,-1.1924460431654678,0.3222222222222222
10,59,-1.1924460431654678,0.3277777777777777
10,60,-1.1924460431654678,0.3333333333333333
10,61,-1.1924460431654678,0.33888888888888885
10,62,-1.1924460431654678,0.3444444444444444
11,1,-1.1766906474820145,0.005555555555555555
11,2,-1.1766906474820145,0.01111111111111111
11,3,-1.1766906474820145,0.016666666666666663
11,4,-1.1766906474820145,0.02222222222222222
11,5,-1.1766906474820145,0.027777777777777776
11,6,-1.1766906474820145,0.033333333333333326
11,7,-1.1766906474820145,0.03888888888888888
11,8,-1.1766906474820145,0.04444444444444444
11,9,-1.1766906474820145,0.049999999999999996
11,10,-1.1766906474820145,0.05555555555555555
11,11,-1.1766906474820145,0.0611111111111111
11,12,-1.1766906474820145,0.06666666666666665
11,13,-1.1766906474820145,0.07222222222222222
11,14,-1.1766906474820145,0.07777777777777777
11,15,-1.1766906474820145,0.08333333333333333
11,16,-1.1766906474820145,0.08888888888888888
11,17,-1.1766906474820145,0.09444444444444443
11,18,-1.1766906474820145,0.09999999999999999
11,19,-1.1766906474820145,0.10555555555555554
11,20,-1.1766906474820145,0.1111111111111111
11,21,-1.1766906474820145,0.11666666666666665
11,22,-1.1766906474820145,0.1222222222222222
11,23,-1.1766906474820145,0.12777777777777777
11,24,-1.1766906474820145,0.1333333333333333
11,25,-1.1766906474820145,0.13888888888888887
11,26,-1.1766906474820145,0.14444444444444443
11,27,-1.1766906474820145,0.15
11,28,-1.1766906474820145,0.15555555555555553
11,29,-1.1766906474820145,0.1611111111111111
11,30,-1.1766906474820145,0.16666666666666666
11,31,-1.1766906474820145,0.1722222222222222
11,32,-1.1766906474820145,0.17777777777777776
11,33,-1.1766906474820145,0.18333333333333332
11,34,-1.1766906474820145,0.18888888888888886
11,35,-1.1766906474820145,0.19444444444444442
11,36,-1.1766906474820145,0.19999999999999998
11,37,-1.1766906474820145,0.20555555555555552
11,38,-1.1766906474820145,0.21111111111111108
11,39,-1.1766906474820145,0.21666666666666665
11,40,-1.1766906474820145,0.2222222222222222
11,41,-1.1766906474820145,0.22777777777777775
11,42,-1.1766906474820145,0.2333333333333333
11,43,-1.1766906474820145,0.23888888888888887
11,44,-1.1766906474820145,0.2444444444444444
11,45,-1.1766906474820145,0.24999999999999997
11,46,-1.1766906474820145,0.25555555555555554
11,47,-1.1766906474820145,0.26111111111111107
11,48,-1.1766906474820145,0.2666666666666666
11,49,-1.1766906474820145,0.2722222222222222
11,50,-1.1766906474820145,0.27777777777777773
11,51,-1.1766906474820145,0.2833333333333333
11,52,-1.1766906474820145,0.28888888888888886
11,53,-1.1766906474820145,0.2944444444444444
11,54,-1.1766906474820145,0.3
11,55,-1.1766906474820145,0.3055555555555555
11,56,-1.1766906474820145,0.31111111111111106
11,57,-1.1766906474820145,0.31666666666666665
11,58,-1.1766906474820145,0.3222222222222222
11,59,-1.1766906474820145,0.3277777777777777
11,60,-1.1766906474820145,0.3333333333333333
11,61,-1.1766906474820145,0.33888888888888885
11,62,-1.1766906474820145,0.3444444444444444
12,1,-1.1609352517985612,0.005555555555555555
12,2,-1.1609352517985612,0.01111111111111111
12,3,-1.1609352517985612,0.016666666666666663
12,4,-1.1609352517985612,0.02222222222222222
12,5,-1.1609352517985612,0.027777777777777776
12,6,-1.1609352517985612,0.033333333333333326
12,7,-1.1609352517985612,0.03888888888888888
12,8,-1.1609352517985612,0.04444444444444444
12,9,-1.1609352517985612,0.049999999999999996
12,10,-1.1609352517985612,0.05555555555555555
12,11,-1.1609352517985612,0.0611111111111111
12,12,-1.1609352517985612,0.06666666666666665
12,13,-1.1609352517985612,0.07222222222222222
12,14,-1.1609352517985612,0.07777777777777777
12,15,-1.1609352517985612,0.08333333333333333
12,16,-1.1609352517985612,0.08888888888888888
12,17,-1.1609352517985612,0.09444444444444443
12,18,-1.1609352517985612,0.09999999999999999
12,19,-1.1609352517985612,0.10555555555555554
12,20,-1.1609352517985612,0.1111111111111111
12,21,-1.1609352517985612,0.11666666666666665
12,22,-1.1609352517985612,0.1222222222222222
12,23,-1.1609352517985612,0.12777777777777777
12,24,-1.1609352517985612,0.1333333333333333
12,25,-1.1609352517985612,0.13888888888888887
12,26,-1.1609352517985612,0.14444444444444443
12,27,-1.1609352517985612,0.15
12,28,-1.1609352517985612,0.15555555555555553
12,29,-1.1609352517985612,0.1611111111111111
12,30,-1.1609352517985612,0.16666666666666666
12,31,-1.1609352517985612,0.1722222222222222
12,32,-1.1609352517985612,0.17777777777777776
12,33,-1.1609352517985612,0.18333333333333332
12,34,-1.1609352517985612,0.18888888888888886
12,35,-1.1609352517985612,0.19444444444444442
12,36,-1.1609352517985612,0.19999999999999998
12,37,-1.1609352517985612,0.20555555555555552
12,38,-1.1609352517985612,0.21111111111111108
12,39,-1.1609352517985612,0.21666666666666665
12,40,-1.1609352517985612,0.2222222222222222
12,41,-1.1609352517985612,0.22777777777777775
12,42,-1.1609352517985612,0.2333333333333333
12,43,-1.1609352517985612,0.23888888888888887
12,44,-1.1609352517985612,0.2444444444444444
12,45,-1.1609352517985612,0.24999999999999997
12,46,-1.1609352517985612,0.25555555555555554
12,47,-1.1609352517985612,0.26111111111111107
12,48,-1.1609352517985612,0.2666666666666666
12,49,-1.1609352517985612,0.2722222222222222
12,50,-1.1609352517985612,0.27777777777777773
12,51,-1.1609352517985612,0.2833333333333333
12,52,-1.1609352517985612,0.28888888888888886
12,53,-1.1609352517985612,0.2944444444444444
12,54,-1.1609352517985612,0.3
12,55,-1.1609352517985612,0.3055555555555555
12,56,-1.1609352517985612,0.31111111111111106
12,57,-1.1609352517985612,0.31666666666666665
12,58,-1.1609352517985612,0.3222222222222222
12,59,-1.1609352517985612,0.3277777777777777
12,60,-1.1609352517985612,0.3333333333333333
12,61,-1.1609352517985612,0.33888888888888885
12,62,-1.1609352517985612,0.3444444444444444
13,1,-1.145179856115108,0.005555555555555555
13,2,-1.145179856115108,0.01111111111111111
13,3,-1.145179856115108,0.016666666666666663
13,4,-1.145179856115108,0.02222222222222222
13,5,-1.145179856115108,0.027777777777777776
13,6,-1.145179856115108,0.033333333333333326
13,7,-1.145179856115108,0.03888888888888888
13,8,-1.145179856115108,0.04444444444444444
13,9,-1.145179856115108,0.049999999999999996
13,10,-1.145179856115108,0.05555555555555555
13,11,-1.145179856115108,0.0611111111111111
13,12,-1.145179856115108,0.06666666666666665
13,13,-1.145179856115108,0.07222222222222222
13,14,-1.145179856115108,0.07777777777777777
13,15,-1.145179856115108,0.08333333333333333
13,16,-1.145179856115108,0.08888888888888888
13,17,-1.145179856115108,0.09444444444444443
13,18,-1.145179856115108,0.09999999999999999
13,19,-1.145179856115108,0.10555555555555554
13,20,-1.145179856115108,0.1111111111111111
13,21,-1.145179856115108,0.11666666666666665
13,22,-1.145179856115108,0.1222222222222222
13,23,-1.145179856115108,0.12777777777777777
13,24,-1.145179856115108,0.1333333333333333
13,25,-1.145179856115108,0.13888888888888887
13,26,-1.145179856115108,0.14444444444444443
13,27,-1.145179856115108,0.15
13,28,-1.145179856115108,0.15555555555555553
13,29,-1.145179856115108,0.1611111111111111
13,30,-1.145179856115108,0.16666666666666666
13,31,-1.145179856115108,0.1722222222222222
13,32,-1.145179856115108,0.17777777777777776
13,33,-1.145179856115108,0.18333333333333332
13,34,-1.145179856115108,0.18888888888888886
13,35,-1.145179856115108,0.19444444444444442
13,36,-1.145179856115108,0.19999999999999998
13,37,-1.145179856115108,0.20555555555555552
13,38,-1.145179856115108,0.21111111111111108
13,39,-1.145179856115108,0.21666666666666665
13,40,-1.145179856115108,0.2222222222222222
13,41,-1.145179856115108,0.22777777777777775
13,42,-1.145179856115108,0.2333333333333333
13,43,-1.145179856115108,0.23888888888888887
13,44,-1.145179856115108,0.2444444444444444
13,45,-1.145179856115108,0.24999999999999997
13,46,-1.145179856115108,0.25555555555555554
13,47,-1.145179856115108,0.26111111111111107
13,48,-1.145179856115108,0.2666666666666666
13,49,-1.145179856115108,0.2722222222222222
13,50,-1.145179856115108,0.27777777777777773
13,51,-1.145179856115108,0.2833333333333333
13,52,-1.145179856115108,0.28888888888888886
13,53,-1.145179856115108,0.2944444444444444
13,54,-1.145179856115108,0.3
13,55,-1.145179856115108,0.3055555555555555
13,56,-1.145179856115108,0.31111111111111106
13,57,-1.145179856115108,0.31666666666666665
13,58,-1.145179856115108,0.3222222222222222
13,59,-1.145179856115108,0.3277777777777777
13,60,-1.145179856115108,0.3333333333333333
13,61,-1.145179856115108,0.33888888888888885
13,62,-1.145179856115108,0.3444444444444444
14,1,-1.1294244604316548,0.005555555555555555
14,2,-1.1294244604316548,0.01111111111111111
14,3,-1.1294244604316548,0.016666666666666663
14,4,-1.1294244604316548,0.02222222222222222
14,5,-1.1294244604316548,0.027777777777777776
14,6,-1.1294244604316548,0.033333333333333326
14,7,-1.1294244604316548,0.03888888888888888
14,8,-1.1294244604316548,0.04444444444444444
14,9,-1.1294244604316548,0.049999999999999996
14,10,-1.1294244604316548,0.05555555555555555
14,11,-1.1294244604316548,0.0611111111111111
14,12,-1.1294244604316548,0.06666666666666665
14,13,-1.1294244604316548,0.07222222222222222
14,14,-1.1294244604316548,0.07777777777777777
14,15,-1.1294244604316548,0.08333333333333333
14,16,-1.1294244604316548,0.08888888888888888
14,17,-1.1294244604316548,0.09444444444444443
14,18,-1.1294244604316548,0.09999999999999999
14,19,-1.1294244604316548,0.10555555555555554
14,20,-1.1294244604316548,0.1111111111111111
14,21,-1.1294244604316548,0.11666666666666665
14,22,-1.1294244604316548,0.1222222222222222
14,23,-1.1294244604316548,0.12777777777777777
14,24,-1.1294244604316548,0.1333333333333333
14,25,-1.1294244604316548,0.13888888888888887
14,26,-1.1294244604316548,0.14444444444444443
14,27,-1.1294244604316548,0.15
14,28,-1.1294244604316548,0.15555555555555553
14,29,-1.1294244604316548,0.1611111111111111
14,30,-1.1294244604316548,0.16666666666666666
14,31,-1.1294244604316548,0.1722222222222222
14,32,-1.1294244604316548,0.17777777777777776
14,33,-1.1294244604316548,0.18333333333333332
14,34,-1.1294244604316548,0.18888888888888886
14,35,-1.1294244604316548,0.19444444444444442
14,36,-1.1294244604316548,0.19999999999999998
14,37,-1.1294244604316548,0.20555555555555552
14,38,-1.1294244604316548,0.21111111111111108
14,39,-1.1294244604316548,0.21666666666666665
14,40,-1.1294244604316548,0.2222222222222222
14,41,-1.1294244604316548,0.22777777777777775
14,42,-1.1294244604316548,0.2333333333333333
14,43,-1.1294244604316548,0.23888888888888887
14,44,-1.1294244604316548,0.2444444444444444
14,45,-1.1294244604316548,0.24999999999999997
14,46,-1.1294244604316548,0.25555555555555554
14,47,-1.1294244604316548,0.26111111111111107
14,48,-1.1294244604316548,0.2666666666666666
14,49,-1.1294244604316548,0.2722222222222222
14,50,-1.1294244604316548,0.27777777777777773
14,51,-1.1294244604316548,0.2833333333333333
14,52,-1.1294244604316548,0.28888888888888886
14,53,-1.1294244604316548,0.2944444444444444
14,54,-1.1294244604316548,0.3
14,55,-1.1294244604316548,0.3055555555555555
14,56,-1.1294244604316548,0.31111111111111106
14,57,-1.1294244604316548,0.31666666666666665
14,58,-1.1294244604316548,0.3222222222222222
14,59,-1.1294244604316548,0.3277777777777777
14,60,-1.1294244604316548,0.3333333333333333
14,61,-1.1294244604316548,0.33888888888888885
14,62,-1.1294244604316548,0.3444444444444444
15,1,-1.1136690647482015,0.005555555555555555
15,2,-1.1136690647482015,0.01111111111111111
15,3,-1.1136690647482015,0.016666666666666663
15,4,-1.1136690647482015,0.02222222222222222
15,5,-1.1136690647482015,0.027777777777777776
15,6,-1.1136690647482015,0.033333333333333326
15,7,-1.1136690647482015,0.03888888888888888
15,8,-1.1136690647482015,0.04444444444444444
15,9,-1.1136690647482015,0.049999999999999996
15,10,-1.1136690647482015,0.05555555555555555
15,11,-1.1136690647482015,0.0611111111111111
15,12,-1.1136690647482015,0.06666666666666665
15,13,-1.1136690647482015,0.07222222222222222
15,14,-1.1136690647482015,0.07777777777777777
15,15,-1.1136690647482015,0.08333333333333333
15,16,-1.1136690647482015,0.08888888888888888
15,17,-1.1136690647482015,0.09444444444444443
15,18,-1.1136690647482015,0.09999999999999999
15,19,-1.1136690647482015,0.10555555555555554
15,20,-1.1136690647482015,0.1111111111111111
15,21,-1.1136690647482015,0.11666666666666665
15,22,-1.1136690647482015,0.1222222222222222
15,23,-1.1136690647482015,0.12777777777777777
15,24,-1.1136690647482015,0.1333333333333333
15,25,-1.1136690647482015,0.13888888888888887
15,26,-1.1136690647482015,0.14444444444444443
15,27,-1.1136690647482015,0.15
15,28,-1.1136690647482015,0.15555555555555553
15,29,-1.1136690647482015,0.1611111111111111
15,30,-1.1136690647482015,0.16666666666666666
15,31,-1.1136690647482015,0.1722222222222222
15,32,-1.1136690647482015,0.17777777777777776
15,33,-1.1136690647482015,0.18333333333333332
15,34,-1.1136690647482015,0.18888888888888886
15,35,-1.1136690647482015,0.19444444444444442
15,36,-1.1136690647482015,0.19999999999999998
15,37,-1.1136690647482015,0.20555555555555552
15,38,-1.1136690647482015,0.21111111111111108
15,39,-1.1136690647482015,0.21666666666666665
15,40,-1.1136690647482015,0.2222222222222222
15,41,-1.1136690647482015,0.22777777777777775
15,42,-1.1136690647482015,0.2333333333333333
15,43,-1.1136690647482015,0.23888888888888887
15,44,-1.1136690647482015,0.2444444444444444
15,45,-1.1136690647482015,0.24999999999999997
15,46,-1.1136690647482015,0.25555555555555554
15,47,-1.1136690647482015,0.26111111111111107
15,48,-1.1136690647482015,0.2666666666666666
15,49,-1.1136690647482015,0.2722222222222222
15,50,-1.1136690647482015,0.27777777777777773
15,51,-1.1136690647482015,0.2833333333333333
15,52,-1.1136690647482015,0.28888888888888886
15,53,-1.1136690647482015,0.2944444444444444
15,54,-1.1136690647482015,0.3
15,55,-1.1136690647482015,0.3055555555555555
15,56,-1.1136690647482015,0.31111111111111106
15,57,-1.1136690647482015,0.31666666666666665
15,58,-1.1136690647482015,0.3222222222222222
15,59,-1.1136690647482015,0.3277777777777777
15,60,-1.1136690647482015,0.3333333333333333
15,61,-1.1136690647482015,0.33888888888888885
15,62,-1.1136690647482015,0.3444444444444444
16,1,-1.0979136690647482,0.005555555555555555
16,2,-1.0979136690647482,0.01111111111111111
16,3,-1.0979136690647482,0.016666666666666663
16,4,-1.0979136690647482,0.02222222222222222
16,5,-1.0979136690647482,0.027777777777777776
16,6,-1.0979136690647482,0.033333333333333326
16,7,-1.0979136690647482,0.03888888888888888
16,8,-1.0979136690647482,0.04444444444444444
16,9,-1.0979136690647482,0.049999999999999996
16,10,-1.0979136690647482,0.05555555555555555
16,11,-1.0979136690647482,0.0611111111111111
16,12,-1.0979136690647482,0.06666666666666665
16,13,-1.0979136690647482,0.07222222222222222
16,14,-1.0979136690647482,0.07777777777777777
16,15,-1.0979136690647482,0.08333333333333333
16,16,-1.0979136690647482,0.08888888888888888
16,17,-1.0979136690647482,0.09444444444444443
16,18,-1.0979136690647482,0.09999999999999999
16,19,-1.0979136690647482,0.10555555555555554
16,20,-1.0979136690647482,0.1111111111111111
16,21,-1.0979136690647482,0.11666666666666665
16,22,-1.0979136690647482,0.1222222222222222
16,23,-1.0979136690647482,0.12777777777777777
16,24,-1.0979136690647482,0.1333333333333333
16,25,-1.0979136690647482,0.13888888888888887
16,26,-1.0979136690647482,0.14444444444444443
16,27,-1.0979136690647482,0.15
16,28,-1.0979136690647482,0.15555555555555553
16,29,-1.0979136690647482,0.1611111111111111
16,30,-1.0979136690647482,0.16666666666666666
16,31,-1.0979136690647482,0.1722222222222222
16,32,-1.0979136690647482,0.17777777777777776
16,33,-1.0979136690647482,0.18333333333333332
16,34,-1.0979136690647482,0.18888888888888886
16,35,-1.0979136690647482,0.19444444444444442
16,36,-1.0979136690647482,0.19999999999999998
16,37,-1.0979136690647482,0.20555555555555552
16,38,-1.0979136690647482,0.21111111111111108
16,39,-1.0979136690647482,0.21666666666666665
16,40,-1.0979136690647482,0.2222222222222222
16,41,-1.0979136690647482,0.22777777777777775
16,42,-1.0979136690647482,0.2333333333333333
16,43,-1.0979136690647482,0.23888888888888887
16,44,-1.0979136690647482,0.2444444444444444
16,45,-1.0979136690647482,0.24999999999999997
16,46,-1.0979136690647482,0.25555555555555554
16,47,-1.0979136690647482,0.26111111111111107
16,48,-1.0979136690647482,0.2666666666666666
16,49,-1.0979136690647482,0.2722222222222222
16,50,-1.0979136690647482,0.27777777777777773
16,51,-1.0979136690647482,0.2833333333333333
16,52,-1.0979136690647482,0.28888888888888886
16,53,-1.0979136690647482,0.2944444444444444
16,54,-1.0979136690647482,0.3
16,55,-1.0979136690647482,0.3055555555555555
16,56,-1.0979136690647482,0.31111111111111106
16,57,-1.0979136690647482,0.31666666666666665
16,58,-1.0979136690647482,0.3222222222222222
16,59,-1.0979136690647482,0.3277777777777777
16,60,-1.0979136690647482,0.3333333333333333
16,61,-1.0979136690647482,0.33888888888888885
16,62,-1.0979136690647482,0.3444444444444444
17,1,-1.082158273381295,0.005555555555555555
17,2,-1.082158273381295,0.01111111111111111
17,3,-1.082158273381295,0.016666666666666663
17,4,-1.082158273381295,0.02222222222222222
17,5,-1.082158273381295,0.027777777777777776
17,6,-1.082158273381295,0.033333333333333326
17,7,-1.082158273381295,0.03888888888888888
17,8,-1.082158273381295,0.04444444444444444
17,9,-1.082158273381295,0.049999999999999996
17,10,-1.082158273381295,0.05555555555555555
17,11,-1.082158273381295,0.0611111111111111
17,12,-1.082158273381295,0.06666666666666665
17,13,-1.082158273381295,0.07222222222222222
17,14,-1.082158273381295,0.07777777777777777
17,15,-1.082158273381295,0.08333333333333333
17,16,-1.082158273381295,0.08888888888888888
17,17,-1.082158273381295,0.09444444444444443
17,18,-1.082158273381295,0.09999999999999999
17,19,-1.082158273381295,0.10555555555555554
17,20,-1.082158273381295,0.1111111111111111
17,21,-1.082158273381295,0.11666666666666665
17,22,-1.082158273381295,0.1222222222222222
17,23,-1.082158273381295,0.12777777777777777
17,24,-1.082158273381295,0.1333333333333333
17,25,-1.082158273381295,0.13888888888888887
17,26,-1.082158273381295,0.14444444444444443
17,27,-1.082158273381295,0.15
17,28,-1.082158273381295,0.15555555555555553
17,29,-1.082158273381295,0.1611111111111111
17,30,-1.082158273381295,0.16666666666666666
17,31,-1.082158273381295,0.1722222222222222
17,32,-1.082158273381295,0.17777777777777776
17,33,-1.082158273381295,0.18333333333333332
17,34,-1.082158273381295,0.18888888888888886
17,35,-1.082158273381295,0.19444444444444442
17,36,-1.082158273381295,0.19999999999999998
17,37,-1.082158273381295,0.20555555555555552
17,38,-1.082158273381295,0.21111111111111108
17,39,-1.082158273381295,0.21666666666666665
17,40,-1.082158273381295,0.2222222222222222
17,41,-1.082158273381295,0.22777777777777775
17,42,-1.082158273381295,0.2333333333333333
17,43,-1.082158273381295,0.23888888888888887
17,44,-1.082158273381295,0.2444444444444444
17,45,-1.082158273381295,0.24999999999999997
17,46,-1.082158273381295,0.25555555555555554
17,47,-1.082158273381295,0.26111111111111107
17,48,-1.082158273381295,0.2666666666666666
17,49,-1.082158273381295,0.2722222222222222
17,50,-1.082158273381295,0.27777777777777773
17,51,-1.082158273381295,0.2833333333333333
17,52,-1.082158273381295,0.28888888888888886
17,53,-1.082158273381295,0.2944444444444444
17,54,-1.082158273381295,0.3
17,55,-1.082158273381295,0.3055555555555555
17,56,-1.082158273381295,0.31111111111111106
17,57,-1.082158273381295,0.31666666666666665
17,58,-1.082158273381295,0.3222222222222222
17,59,-1.082158273381295,0.3277777777777777
17,60,-1.082158273381295,0.3333333333333333
17,61,-1.082158273381295,0.33888888888888885
17,62,-1.082158273381295,0.3444444444444444
18,1,-1.0664028776978418,0.005555555555555555
18,2,-1.0664028776978418,0.01111111111111111
18,3,-1.0664028776978418,0.016666666666666663
18,4,-1.0664028776978418,0.02222222222222222
18,5,-1.0664028776978418,0.027777777777777776
18,6,-1.0664028776978418,0.033333333333333326
18,7,-1.0664028776978418,0.03888888888888888
18,8,-1.0664028776978418,0.04444444444444444
18,9,-1.0664028776978418,0.049999999999999996
18,10,-1.0664028776978418,0.05555555555555555
18,11,-1.0664028776978418,0.0611111111111111
18,12,-1.0664028776978418,0.06666666666666665
18,13,-1.0664028776978418,0.07222222222222222
18,14,-1.0664028776978418,0.07777777777777777
18,15,-1.0664028776978418,0.08333333333333333
18,16,-1.0664028776978418,0.08888888888888888
18,17,-1.0664028776978418,0.09444444444444443
18,18,-1.0664028776978418,0.09999999999999999
18,19,-1.0664028776978418,0.10555555555555554
18,20,-1.0664028776978418,0.1111111111111111
18,21,-1.0664028776978418,0.11666666666666665
18,22,-1.0664028776978418,0.1222222222222222
18,23,-1.0664028776978418,0.12777777777777777
18,24,-1.0664028776978418,0.1333333333333333
18,25,-1.0664028776978418,0.13888888888888887
18,26,-1.0664028776978418,0.14444444444444443
18,27,-1.0664028776978418,0.15
18,28,-1.0664028776978418,0.15555555555555553
18,29,-1.0664028776978418,0.1611111111111111
18,30,-1.0664028776978418,0.16666666666666666
18,31,-1.0664028776978418,0.1722222222222222
18,32,-1.0664028776978418,0.17777777777777776
18,33,-1.0664028776978418,0.18333333333333332
18,34,-1.0664028776978418,0.18888888888888886
18,35,-1.0664028776978418,0.19444444444444442
18,36,-1.0664028776978418,0.19999999999999998
18,37,-1.0664028776978418,0.20555555555555552
18,38,-1.0664028776978418,0.21111111111111108
18,39,-1.0664028776978418,0.21666666666666665
18,40,-1.0664028776978418,0.2222222222222222
18,41,-1.0664028776978418,0.22777777777777775
18,42,-1.0664028776978418,0.2333333333333333
18,43,-1.0664028776978418,0.23888888888888887
18,44,-1.0664028776978418,0.2444444444444444
18,45,-1.0664028776978418,0.24999999999999997
18,46,-1.0664028776978418,0.25555555555555554
18,47,-1.0664028776978418,0.26111111111111107
18,48,-1.0664028776978418,0.2666666666666666
18,49,-1.0664028776978418,0.2722222222222222
18,50,-1.0664028776978418,0.27777777777777773
18,51,-1.0664028776978418,0.2833333333333333
18,52,-1.0664028776978418,0.28888888888888886
18,53,-1.0664028776978418,0.2944444444444444
18,54,-1.0664028776978418,0.3
18,55,-1.0664028776978418,0.3055555555555555
18,56,-1.0664028776978418,0.31111111111111106
18,57,-1.0664028776978418,0.31666666666666665
18,58,-1.0664028776978418,0.3222222222222222
18,59,-1.0664028776978418,0.3277777777777777
18,60,-1.0664028776978418,0.3333333333333333
18,61,-1.0664028776978418,0.33888888888888885
18,62,-1.0664028776978418,0.3444444444444444
19,1,-1.0506474820143885,0.005555555555555555
19,2,-1.0506474820143885,0.01111111111111111
19,3,-1.0506474820143885,0.016666666666666663
19,4,-1.0506474820143885,0.02222222222222222
19,5,-1.0506474820143885,0.027777777777777776
19,6,-1.0506474820143885,0.033333333333333326
19,7,-1.0506474820143885,0.03888888888888888
19,8,-1.0506474820143885,0.04444444444444444
19,9,-1.0506474820143885,0.049999999999999996
19,10,-1.0506474820143885,0.05555555555555555
19,11,-1.0506474820143885,0.0611111111111111
19,12,-1.0506474820143885,0.06666666666666665
19,13,-1.0506474820143885,0.07222222222222222
19,14,-1.0506474820143885,0.07777777777777777
19,15,-1.0506474820143885,0.08333333333333333
19,16,-1.0506474820143885,0.08888888888888888
19,17,-1.0506474820143885,0.09444444444444443
19,18,-1.0506474820143885,0.09999999999999999
19,19,-1.0506474820143885,0.10555555555555554
19,20,-1.0506474820143885,0.1111111111111111
19,21,-1.0506474820143885,0.11666666666666665
19,22,-1.0506474820143885,0.1222222222222222
19,23,-1.0506474820143885,0.12777777777777777
19,24,-1.0506474820143885,0.1333333333333333
19,25,-1.0506474820143885,0.13888888888888887
19,26,-1.0506474820143885,0.14444444444444443
19,27,-1.0506474820143885,0.15
19,28,-1.0506474820143885,0.15555555555555553
19,29,-1.0506474820143885,0.1611111111111111
19,30,-1.0506474820143885,0.16666666666666666
19,31,-1.0506474820143885,0.1722222222222222
19,32,-1.0506474820143885,0.17777777777777776
19,33,-1.0506474820143885,0.18333333333333332
19,34,-1.0506474820143885,0.18888888888888886
19,35,-1.0506474820143885,0.19444444444444442
19,36,-1.0506474820143885,0.19999999999999998
19,37,-1.0506474820143885,0.20555555555555552
19,38,-1.0506474820143885,0.21111111111111108
19,39,-1.0506474820143885,0.21666666666666665
19,40,-1.0506474820143885,0.2222222222222222
19,41,-1.0506474820143885,0.22777777777777775
19,42,-1.0506474820143885,0.2333333333333333
19,43,-1.0506474820143885,0.23888888888888887
19,44,-1.0506474820143885,0.2444444444444444
19,45,-1.0506474820143885,0.24999999999999997
19,46,-1.0506474820143885,0.25555555555555554
19,47,-1.0506474820143885,0.26111111111111107
19,48,-1.0506474820143885,0.2666666666666666
19,49,-1.0506474820143885,0.2722222222222222
19,50,-1.0506474820143885,0.27777777777777773
19,51,-1.0506474820143885,0.2833333333333333
19,52,-1.0506474820143885,0.28888888888888886
19,53,-1.0506474820143885,0.2944444444444444
19,54,-1.0506474820143885,0.3
19,55,-1.0506474820143885,0.3055555555555555
19,56,-1.0506474820143885,0.31111111111111106
19,57,-1.0506474820143885,0.31666666666666665
19,58,-1.0506474820143885,0.3222222222222222
19,59,-1.0506474820143885,0.3277777777777777
19,60,-1.0506474820143885,0.3333333333333333
19,61,-1.0506474820143885,0.33888888888888885
19,62,-1.0506474820143885,0.3444444444444444
20,1,-1.0348920863309354,0.005555555555555555
20,2,-1.0348920863309354,0.01111111111111111
20,3,-1.0348920863309354,0.016666666666666663
20,4,-1.0348920863309354,0.02222222222222222
20,5,-1.0348920863309354,0.027777777777777776
20,6,-1.0348920863309354,0.033333333333333326
20,7,-1.0348920863309354,0.03888888888888888
20,8,-1.0348920863309354,0.04444444444444444
20,9,-1.0348920863309354,0.049999999999999996
20,10,-1.0348920863309354,0.05555555555555555
20,11,-1.0348920863309354,0.0611111111111111
20,12,-1.0348920863309354,0.06666666666666665
20,13,-1.0348920863309354,0.07222222222222222
20,14,-1.0348920863309354,0.07777777777777777
20,15,-1.0348920863309354,0.08333333333333333
20,16,-1.0348920863309354,0.08888888888888888
20,17,-1.0348920863309354,0.09444444444444443
20,18,-1.0348920863309354,0.09999999999999999
20,19,-1.0348920863309354,0.10555555555555554
20,20,-1.0348920863309354,0.1111111111111111
20,21,-1.0348920863309354,0.11666666666666665
20,22,-1.0348920863309354,0.1222222222222222
20,23,-1.0348920863309354,0.12777777777777777
20,24,-1.0348920863309354,0.1333333333333333
20,25,-1.0348920863309354,0.13888888888888887
20,26,-1.0348920863309354,0.14444444444444443
20,27,-1.0348920863309354,0.15
20,28,-1.0348920863309354,0.15555555555555553
20,29,-1.0348920863309354,0.1611111111111111
20,30,-1.0348920863309354,0.16666666666666666
20,31,-1.0348920863309354,0.1722222222222222
20,32,-1.0348920863309354,0.17777777777777776
20,33,-1.0348920863309354,0.18333333333333332
20,34,-1.0348920863309354,0.18888888888888886
20,35,-1.0348920863309354,0.19444444444444442
20,36,-1.0348920863309354,0.19999999999999998
20,37,-1.0348920863309354,0.20555555555555552
20,38,-1.0348920863309354,0.21111111111111108
20,39,-1.0348920863309354,0.21666666666666665
20,40,-1.0348920863309354,0.2222222222222222
20,41,-1.0348920863309354,0.22777777777777775
20,42,-1.0348920863309354,0.2333333333333333
20,43,-1.0348920863309354,0.23888888888888887
20,44,-1.0348920863309354,0.2444444444444444
20,45,-1.0348920863309354,0.24999999999999997
20,46,-1.0348920863309354,0.25555555555555554
20,47,-1.0348920863309354,0.26111111111111107
20,48,-1.0348920863309354,0.2666666666666666
20,49,-1.0348920863309354,0.2722222222222222
20,50,-1.0348920863309354,0.27777777777777773
20,51,-1.0348920863309354,0.2833333333333333
20,52,-1.0348920863309354,0.28888888888888886
20,53,-1.0348920863309354,0.2944444444444444
20,54,-1.0348920863309354,0.3
20,55,-1.0348920863309354,0.3055555555555555
20,56,-1.0348920863309354,0.31111111111111106
20,57,-1.0348920863309354,0.31666666666666665
20,58,-1.0348920863309354,0.3222222222222222
20,59,-1.0348920863309354,0.3277777777777777
20,60,-1.0348920863309354,0.3333333333333333
20,61,-1.0348920863309354,0.33888888888888885
20,62,-1.0348920863309354,0.3444444444444444
21,1,-1.0191366906474821,0.005555555555555555
21,2,-1.0191366906474821,0.01111111111111111
21,3,-1.0191366906474821,0.016666666666666663
21,4,-1.0191366906474821,0.02222222222222222
21,5,-1.0191366906474821,0.027777777777777776
21,6,-1.0191366906474821,0.033333333333333326
21,7,-1.0191366906474821,0.03888888888888888
21,8,-1.0191366906474821,0.04444444444444444
21,9,-1.0191366906474821,0.049999999999999996
21,10,-1.0191366906474821,0.05555555555555555
21,11,-1.0191366906474821,0.0611111111111111
21,12,-1.0191366906474821,0.06666666666666665
21,13,-1.0191366906474821,0.07222222222222222
21,14,-1.0191366906474821,0.07777777777777777
21,15,-1.0191366906474821,0.08333333333333333
21,16,-1.0191366906474821,0.08888888888888888
21,17,-1.0191366906474821,0.09444444444444443
21,18,-1.0191366906474821,0.09999999999999999
21,19,-1.0191366906474821,0.10555555555555554
21,20,-1.0191366906474821,0.1111111111111111
21,21,-1.0191366906474821,0.11666666666666665
21,22,-1.0191366906474821,0.1222222222222222
21,23,-1.0191366906474821,0.12777777777777777
21,24,-1.0191366906474821,0.1333333333333333
21,25,-1.0191366906474821,0.13888888888888887
21,26,-1.0191366906474821,0.14444444444444443
21,27,-1.0191366906474821,0.15
21,28,-1.0191366906474821,0.15555555555555553
21,29,-1.0191366906474821,0.1611111111111111
21,30,-1.0191366906474821,0.16666666666666666
21,31,-1.0191366906474821,0.1722222222222222
21,32,-1.0191366906474821,0.17777777777777776
21,33,-1.0191366906474821,0.18333333333333332
21,34,-1.0191366906474821,0.18888888888888886
21,35,-1.0191366906474821,0.19444444444444442
21,36,-1.0191366906474821,0.19999999999999998
21,37,-1.0191366906474821,0.20555555555555552
21,38,-1.0191366906474821,0.21111111111111108
21,39,-1.0191366906474821,0.21666666666666665
21,40,-1.0191366906474821,0.2222222222222222
21,41,-1.0191366906474821,0.22777777777777775
21,42,-1.0191366906474821,0.2333333333333333
21,43,-1.0191366906474821,0.23888888888888887
21,44,-1.0191366906474821,0.2444444444444444
21,45,-1.0191366906474821,0.24999999999999997
21,46,-1.0191366906474821,0.25555555555555554
21,47,-1.0191366906474821,0.26111111111111107
21,48,-1.0191366906474821,0.2666666666666666
21,49,-1.0191366906474821,0.2722222222222222
21,50,-1.0191366906474821,0.27777777777777773
21,51,-1.0191366906474821,0.2833333333333333
21,52,-1.0191366906474821,0.28888888888888886
21,53,-1.0191366906474821,0.2944444444444444
21,54,-1.0191366906474821,0.3
21,55,-1.0191366906474821,0.3055555555555555
21,56,-1.0191366906474821,0.31111111111111106
21,57,-1.0191366906474821,0.31666666666666665
21,58,-1.0191366906474821,0.3222222222222222
21,59,-1.0191366906474821,0.3277777777777777
21,60,-1.0191366906474821,0.3333333333333333
21,61,-1.0191366906474821,0.33888888888888885
21,62,-1.0191366906474821,0.3444444444444444
22,1,-1.0033812949640288,0.005555555555555555
22,2,-1.0033812949640288,0.01111111111111111
22,3,-1.0033812949640288,0.016666666666666663
22,4,-1.0033812949640288,0.02222222222222222
22,5,-1.0033812949640288,0.027777777777777776
22,6,-1.0033812949640288,0.033333333333333326
22,7,-1.0033812949640288,0.03888888888888888
22,8,-1.0033812949640288,0.04444444444444444
22,9,-1.0033812949640288,0.049999999999999996
22,10,-1.0033812949640288,0.05555555555555555
22,11,-1.0033812949640288,0.0611111111111111
22,12,-1.0033812949640288,0.06666666666666665
22,13,-1.0033812949640288,0.07222222222222222
22,14,-1.0033812949640288,0.07777777777777777
22,15,-1.0033812949640288,0.08333333333333333
22,16,-1.0033812949640288,0.08888888888888888
22,17,-1.0033812949640288,0.09444444444444443
22,18,-1.0033812949640288,0.09999999999999999
22,19,-1.0033812949640288,0.10555555555555554
22,20,-1.0033812949640288,0.1111111111111111
22,21,-1.0033812949640288,0.11666666666666665
22,22,-1.0033812949640288,0.1222222222222222
22,23,-1.0033812949640288,0.12777777777777777
22,24,-1.0033812949640288,0.1333333333333333
22,25,-1.0033812949640288,0.13888888888888887
22,26,-1.0033812949640288,0.14444444444444443
22,27,-1.0033812949640288,0.15
22,28,-1.0033812949640288,0.15555555555555553
22,29,-1.0033812949640288,0.1611111111111111
22,30,-1.0033812949640288,0.16666666666666666
22,31,-1.0033812949640288,0.1722222222222222
22,32,-1.0033812949640288,0.17777777777777776
22,33,-1.0033812949640288,0.18333333333333332
22,34,-1.0033812949640288,0.18888888888888886
22,35,-1.0033812949640288,0.19444444444444442
22,36,-1.0033812949640288,0.19999999999999998
22,37,-1.0033812949640288,0.20555555555555552
22,38,-1.0033812949640288,0.21111111111111108
22,39,-1.0033812949640288,0.21666666666666665
22,40,-1.0033812949640288,0.2222222222222222
22,41,-1.0033812949640288,0.22777777777777775
22,42,-1.0033812949640288,0.2333333333333333
22,43,-1.0033812949640288,0.23888888888888887
22,44,-1.0033812949640288,0.2444444444444444
22,45,-1.0033812949640288,0.24999999999999997
22,46,-1.0033812949640288,0.25555555555555554
22,47,-1.0033812949640288,0.26111111111111107
22,48,-1.0033812949640288,0.2666666666666666
22,49,-1.0033812949640288,0.2722222222222222
22,50,-1.0033812949640288,0.27777777777777773
22,51,-1.0033812949640288,0.2833333333333333
22,52,-1.0033812949640288,0.28888888888888886
22,53,-1.0033812949640288,0.2944444444444444
22,54,-1.0033812949640288,0.3
22,55,-1.0033812949640288,0.3055555555555555
22,56,-1.0033812949640288,0.31111111111111106
22,57,-1.0033812949640288,0.31666666666666665
22,58,-1.0033812949640288,0.3222222222222222
22,59,-1.0033812949640288,0.3277777777777777
22,60,-1.0033812949640288,0.3333333333333333
22,61,-1.0033812949640288,0.33888888888888885
22,62,-1.0033812949640288,0.3444444444444444
23,1,-0.9876258992805756,0.005555555555555555
23,2,-0.9876258992805756,0.01111111111111111
23,3,-0.9876258992805756,0.016666666666666663
23,4,-0.9876258992805756,0.02222222222222222
23,5,-0.9876258992805756,0.027777777777777776
23,6,-0.9876258992805756,0.033333333333333326
23,7,-0.9876258992805756,0.03888888888888888
23,8,-0.9876258992805756,0.04444444444444444
23,9,-0.9876258992805756,0.049999999999999996
23,10,-0.9876258992805756,0.05555555555555555
23,11,-0.9876258992805756,0.0611111111111111
23,12,-0.9876258992805756,0.06666666666666665
23,13,-0.9876258992805756,0.07222222222222222
23,14,-0.9876258992805756,0.07777777777777777
23,15,-0.9876258992805756,0.08333333333333333
23,16,-0.9876258992805756,0.08888888888888888
23,17,-0.9876258992805756,0.09444444444444443
23,18,-0.9876258992805756,0.09999999999999999
23,19,-0.9876258992805756,0.10555555555555554
23,20,-0.9876258992805756,0.1111111111111111
23,21,-0.9876258992805756,0.11666666666666665
23,22,-0.9876258992805756,0.1222222222222222
23,23,-0.9876258992805756,0.12777777777777777
23,24,-0.9876258992805756,0.1333333333333333
23,25,-0.9876258992805756,0.13888888888888887
23,26,-0.9876258992805756,0.14444444444444443
23,27,-0.9876258992805756,0.15
23,28,-0.9876258992805756,0.15555555555555553
23,29,-0.9876258992805756,0.1611111111111111
23,30,-0.9876258992805756,0.16666666666666666
23,31,-0.9876258992805756,0.1722222222222222
23,32,-0.9876258992805756,0.17777777777777776
23,33,-0.9876258992805756,0.18333333333333332
23,34,-0.9876258992805756,0.18888888888888886
23,35,-0.9876258992805756,0.19444444444444442
23,36,-0.9876258992805756,0.19999999999999998
23,37,-0.9876258992805756,0.20555555555555552
23,38,-0.9876258992805756,0.21111111111111108
23,39,-0.9876258992805756,0.21666666666666665
23,40,-0.9876258992805756,0.2222222222222222
23,41,-0.9876258992805756,0.22777777777777775
23,42,-0.9876258992805756,0.2333333333333333
23,43,-0.9876258992805756,0.23888888888888887
23,44,-0.9876258992805756,0.2444444444444444
23,45,-0.9876258992805756,0.24999999999999997
23,46,-0.9876258992805756,0.25555555555555554
23,47,-0.9876258992805756,0.26111111111111107
23,48,-0.9876258992805756,0.2666666666666666
23,49,-0.9876258992805756,0.2722222222222222
23,50,-0.9876258992805756,0.27777777777777773
23,51,-0.9876258992805756,0.2833333333333333
23,52,-0.9876258992805756,0.28888888888888886
23,53,-0.9876258992805756,0.2944444444444444
23,54,-0.9876258992805756,0.3
23,55,-0.9876258992805756,0.3055555555555555
23,56,-0.9876258992805756,0.31111111111111106
23,57,-0.9876258992805756,0.31666666666666665
23,58,-0.9876258992805756,0.3222222222222222
23,59,-0.9876258992805756,0.3277777777777777
23,60,-0.9876258992805756,0.3333333333333333
23,61,-0.9876258992805756,0.33888888888888885
23,62,-0.9876258992805756,0.3444444444444444
24,1,-0.9718705035971225,0.005555555555555555
24,2,-0.9718705035971225,0.01111111111111111
24,3,-0.9718705035971225,0.016666666666666663
24,4,-0.9718705035971225,0.02222222222222222
24,5,-0.9718705035971225,0.027777777777777776
24,6,-0.9718705035971225,0.033333333333333326
24,7,-0.9718705035971225,0.03888888888888888
24,8,-0.9718705035971225,0.04444444444444444
24,9,-0.9718705035971225,0.049999999999999996
24,10,-0.9718705035971225,0.05555555555555555
24,11,-0.9718705035971225,0.0611111111111111
24,12,-0.9718705035971225,0.06666666666666665
24,13,-0.9718705035971225,0.07222222222222222
24,14,-0.9718705035971225,0.07777777777777777
24,15,-0.9718705035971225,0.08333333333333333
24,16,-0.9718705035971225,0.08888888888888888
24,17,-0.9718705035971225,0.09444444444444443
24,18,-0.9718705035971225,0.09999999999999999
24,19,-0.9718705035971225,0.10555555555555554
24,20,-0.9718705035971225,0.1111111111111111
24,21,-0.9718705035971225,0.11666666666666665
24,22,-0.9718705035971225,0.1222222222222222
24,23,-0.9718705035971225,0.12777777777777777
24,24,-0.9718705035971225,0.1333333333333333
24,25,-0.9718705035971225,0.13888888888888887
24,26,-0.9718705035971225,0.14444444444444443
24,27,-0.9718705035971225,0.15
24,28,-0.9718705035971225,0.15555555555555553
24,29,-0.9718705035971225,0.1611111111111111
24,30,-0.9718705035971225,0.16666666666666666
24,31,-0.9718705035971225,0.1722222222222222
24,32,-0.9718705035971225,0.17777777777777776
24,33,-0.9718705035971225,0.18333333333333332
24,34,-0.9718705035971225,0.18888888888888886
24,35,-0.9718705035971225,0.19444444444444442
24,36,-0.9718705035971225,0.19999999999999998
24,37,-0.9718705035971225,0.20555555555555552
24,38,-0.9718705035971225,0.21111111111111108
24,39,-0.9718705035971225,0.21666666666666665
24,40,-0.9718705035971225,0.2222222222222222
24,41,-0.9718705035971225,0.22777777777777775
24,42,-0.9718705035971225,0.2333333333333333
24,43,-0.9718705035971225,0.23888888888888887
24,44,-0.9718705035971225,0.2444444444444444
24,45,-0.9718705035971225,0.24999999999999997
24,46,-0.9718705035971225,0.25555555555555554
24,47,-0.9718705035971225,0.26111111111111107
24,48,-0.9718705035971225,0.2666666666666666
24,49,-0.9718705035971225,0.2722222222222222
24,50,-0.9718705035971225,0.27777777777777773
24,51,-0.9718705035971225,0.2833333333333333
24,52,-0.9718705035971225,0.28888888888888886
24,53,-0.9718705035971225,0.2944444444444444
24,54,-0.9718705035971225,0.3
24,55,-0.9718705035971225,0.3055555555555555
24,56,-0.9718705035971225,0.31111111111111106
24,57,-0.9718705035971225,0.31666666666666665
24,58,-0.9718705035971225,0.3222222222222222
24,59,-0.9718705035971225,0.3277777777777777
24,60,-0.9718705035971225,0.3333333333333333
24,61,-0.9718705035971225,0.33888888888888885
24,62,-0.9718705035971225,0.3444444444444444
25,1,-0.9561151079136692,0.005555555555555555
25,2,-0.9561151079136692,0.01111111111111111
25,3,-0.9561151079136692,0.016666666666666663
25,4,-0.9561151079136692,0.02222222222222222
25,5,-0.9561151079136692,0.027777777777777776
25,6,-0.9561151079136692,0.033333333333333326
25,7,-0.9561151079136692,0.03888888888888888
25,8,-0.9561151079136692,0.04444444444444444
25,9,-0.9561151079136692,0.049999999999999996
25,10,-0.9561151079136692,0.05555555555555555
25,11,-0.9561151079136692,0.0611111111111111
25,12,-0.9561151079136692,0.06666666666666665
25,13,-0.9561151079136692,0.07222222222222222
25,14,-0.9561151079136692,0.07777777777777777
25,15,-0.9561151079136692,0.08333333333333333
25,16,-0.9561151079136692,0.08888888888888888
25,17,-0.9561151079136692,0.09444444444444443
25,18,-0.9561151079136692,0.09999999999999999
25,19,-0.9561151079136692,0.10555555555555554
25,20,-0.9561151079136692,0.1111111111111111
25,21,-0.9561151079136692,0.11666666666666665
25,22,-0.9561151079136692,0.1222222222222222
25,23,-0.9561151079136692,0.12777777777777777
25,24,-0.9561151079136692,0.1333333333333333
25,25,-0.9561151079136692,0.13888888888888887
25,26,-0.9561151079136692,0.14444444444444443
25,27,-0.9561151079136692,0.15
25,28,-0.9561151079136692,0.15555555555555553
25,29,-0.9561151079136692,0.1611111111111111
25,30,-0.9561151079136692,0.16666666666666666
25,31,-0.9561151079136692,0.1722222222222222
25,32,-0.9561151079136692,0.17777777777777776
25,33,-0.9561151079136692,0.18333333333333332
25,34,-0.9561151079136692,0.18888888888888886
25,35,-0.9561151079136692,0.19444444444444442
25,36,-0.9561151079136692,0.19999999999999998
25,37,-0.9561151079136692,0.20555555555555552
25,38,-0.9561151079136692,0.21111111111111108
25,39,-0.9561151079136692,0.21666666666666665
25,40,-0.9561151079136692,0.2222222222222222
25,41,-0.9561151079136692,0.22777777777777775
25,42,-0.9561151079136692,0.2333333333333333
25,43,-0.9561151079136692,0.23888888888888887
25,44,-0.9561151079136692,0.2444444444444444
25,45,-0.9561151079136692,0.24999999999999997
25,46,-0.9561151079136692,0.25555555555555554
25,47,-0.9561151079136692,0.26111111111111107
25,48,-0.9561151079136692,0.2666666666666666
25,49,-0.9561151079136692,0.2722222222222222
25,50,-0.9561151079136692,0.27777777777777773
25,51,-0.9561151079136692,0.2833333333333333
25,52,-0.9561151079136692,0.28888888888888886
25,53,-0.9561151079136692,0.2944444444444444
25,54,-0.9561151079136692,0.3
25,55,-0.9561151079136692,0.3055555555555555
25,56,-0.9561151079136692,0.31111111111111106
25,57,-0.9561151079136692,0.31666666666666665
25,58,-0.9561151079136692,0.3222222222222222
25,59,-0.9561151079136692,0.3277777777777777
25,60,-0.9561151079136692,0.3333333333333333
25,61,-0.9561151079136692,0.33888888888888885
25,62,-0.9561151079136692,0.3444444444444444
26,1,-0.9403597122302159,0.005555555555555555
26,2,-0.9403597122302159,0.01111111111111111
26,3,-0.9403597122302159,0.016666666666666663
26,4,-0.9403597122302159,0.02222222222222222
26,5,-0.9403597122302159,0.027777777777777776
26,6,-0.9403597122302159,0.033333333333333326
26,7,-0.9403597122302159,0.03888888888888888
26,8,-0.9403597122302159,0.04444444444444444
26,9,-0.9403597122302159,0.049999999999999996
26,10,-0.9403597122302159,0.05555555555555555
26,11,-0.9403597122302159,0.0611111111111111
26,12,-0.9403597122302159,0.06666666666666665
26,13,-0.9403597122302159,0.07222222222222222
26,14,-0.9403597122302159,0.07777777777777777
26,15,-0.9403597122302159,0.08333333333333333
26,16,-0.9403597122302159,0.08888888888888888
26,17,-0.9403597122302159,0.09444444444444443
26,18,-0.9403597122302159,0.09999999999999999
26,19,-0.9403597122302159,0.10555555555555554
26,20,-0.9403597122302159,0.1111111111111111
26,21,-0.9403597122302159,0.11666666666666665
26,22,-0.9403597122302159,0.1222222222222222
26,23,-0.9403597122302159,0.12777777777777777
26,24,-0.9403597122302159,0.1333333333333333
26,25,-0.9403597122302159,0.13888888888888887
26,26,-0.9403597122302159,0.14444444444444443
26,27,-0.9403597122302159,0.15
26,28,-0.9403597122302159,0.15555555555555553
26,29,-0.9403597122302159,0.1611111111111111
26,30,-0.9403597122302159,0.16666666666666666
26,31,-0.9403597122302159,0.1722222222222222
26,32,-0.9403597122302159,0.17777777777777776
26,33,-0.9403597122302159,0.18333333333333332
26,34,-0.9403597122302159,0.18888888888888886
26,35,-0.9403597122302159,0.19444444444444442
26,36,-0.9403597122302159,0.19999999999999998
26,37,-0.9403597122302159,0.20555555555555552
26,38,-0.9403597122302159,0.21111111111111108
26,39,-0.9403597122302159,0.21666666666666665
26,40,-0.9403597122302159,0.2222222222222222
26,41,-0.9403597122302159,0.22777777777777775
26,42,-0.9403597122302159,0.2333333333333333
26,43,-0.9403597122302159,0.23888888888888887
26,44,-0.9403597122302159,0.2444444444444444
26,45,-0.9403597122302159,0.24999999999999997
26,46,-0.9403597122302159,0.25555555555555554
26,47,-0.9403597122302159,0.26111111111111107
26,48,-0.9403597122302159,0.2666666666666666
26,49,-0.9403597122302159,0.2722222222222222
26,50,-0.9403597122302159,0.27777777777777773
26,51,-0.9403597122302159,0.2833333333333333
26,52,-0.9403597122302159,0.28888888888888886
26,53,-0.9403597122302159,0.2944444444444444
26,54,-0.9403597122302159,0.3
26,55,-0.9403597122302159,0.3055555555555555
26,56,-0.9403597122302159,0.31111111111111106
26,57,-0.9403597122302159,0.31666666666666665
26,58,-0.9403597122302159,0.3222222222222222
26,59,-0.9403597122302159,0.3277777777777777
26,60,-0.9403597122302159,0.3333333333333333
26,61,-0.9403597122302159,0.33888888888888885
26,62,-0.9403597122302159,0.3444444444444444
27,1,-0.9246043165467627,0.005555555555555555
27,2,-0.9246043165467627,0.01111111111111111
27,3,-0.9246043165467627,0.016666666666666663
27,4,-0.9246043165467627,0.02222222222222222
27,5,-0.9246043165467627,0.027777777777777776
27,6,-0.9246043165467627,0.033333333333333326
27,7,-0.9246043165467627,0.03888888888888888
27,8,-0.9246043165467627,0.04444444444444444
27,9,-0.9246043165467627,0.049999999999999996
27,10,-0.9246043165467627,0.05555555555555555
27,11,-0.9246043165467627,0.0611111111111111
27,12,-0.9246043165467627,0.06666666666666665
27,13,-0.9246043165467627,0.07222222222222222
27,14,-0.9246043165467627,0.07777777777777777
27,15,-0.9246043165467627,0.08333333333333333
27,16,-0.9246043165467627,0.08888888888888888
27,17,-0.9246043165467627,0.09444444444444443
27,18,-0.9246043165467627,0.09999999999999999
27,19,-0.9246043165467627,0.10555555555555554
27,20,-0.9246043165467627,0.1111111111111111
27,21,-0.9246043165467627,0.11666666666666665
27,22,-0.9246043165467627,0.1222222222222222
27,23,-0.9246043165467627,0.12777777777777777
27,24,-0.9246043165467627,0.1333333333333333
27,25,-0.9246043165467627,0.13888888888888887
27,26,-0.9246043165467627,0.14444444444444443
27,27,-0.9246043165467627,0.15
27,28,-0.9246043165467627,0.15555555555555553
27,29,-0.9246043165467627,0.1611111111111111
27,30,-0.9246043165467627,0.16666666666666666
27,31,-0.9246043165467627,0.1722222222222222
27,32,-0.9246043165467627,0.17777777777777776
27,33,-0.9246043165467627,0.18333333333333332
27,34,-0.9246043165467627,0.18888888888888886
27,35,-0.9246043165467627,0.19444444444444442
27,36,-0.9246043165467627,0.19999999999999998
27,37,-0.9246043165467627,0.20555555555555552
27,38,-0.9246043165467627,0.21111111111111108
27,39,-0.9246043165467627,0.21666666666666665
27,40,-0.9246043165467627,0.2222222222222222
27,41,-0.9246043165467627,0.22777777777777775
27,42,-0.9246043165467627,0.2333333333333333
27,43,-0.9246043165467627,0.23888888888888887
27,44,-0.9246043165467627,0.2444444444444444
27,45,-0.9246043165467627,0.24999999999999997
27,46,-0.9246043165467627,0.25555555555555554
27,47,-0.9246043165467627,0.26111111111111107
27,48,-0.9246043165467627,0.2666666666666666
27,49,-0.9246043165467627,0.2722222222222222
27,50,-0.9246043165467627,0.27777777777777773
27,51,-0.9246043165467627,0.2833333333333333
27,52,-0.9246043165467627,0.28888888888888886
27,53,-0.9246043165467627,0.2944444444444444
27,54,-0.9246043165467627,0.3
27,55,-0.9246043165467627,0.3055555555555555
27,56,-0.9246043165467627,0.31111111111111106
27,57,-0.9246043165467627,0.31666666666666665
27,58,-0.9246043165467627,0.3222222222222222
27,59,-0.9246043165467627,0.3277777777777777
27,60,-0.9246043165467627,0.3333333333333333
27,61,-0.9246043165467627,0.33888888888888885
27,62,-0.9246043165467627,0.3444444444444444
28,1,-0.9088489208633095,0.005555555555555555
28,2,-0.9088489208633095,0.01111111111111111
28,3,-0.9088489208633095,0.016666666666666663
28,4,-0.9088489208633095,0.02222222222222222
28,5,-0.9088489208633095,0.027777777777777776
28,6,-0.9088489208633095,0.033333333333333326
28,7,-0.9088489208633095,0.03888888888888888
28,8,-0.9088489208633095,0.04444444444444444
28,9,-0.9088489208633095,0.049999999999999996
28,10,-0.9088489208633095,0.05555555555555555
28,11,-0.9088489208633095,0.0611111111111111
28,12,-0.9088489208633095,0.06666666666666665
28,13,-0.9088489208633095,0.07222222222222222
28,14,-0.9088489208633095,0.07777777777777777
28,15,-0.9088489208633095,0.08333333333333333
28,16,-0.9088489208633095,0.08888888888888888
28,17,-0.9088489208633095,0.09444444444444443
28,18,-0.9088489208633095,0.09999999999999999
28,19,-0.9088489208633095,0.10555555555555554
28,20,-0.9088489208633095,0.1111111111111111
28,21,-0.9088489208633095,0.11666666666666665
28,22,-0.9088489208633095,0.1222222222222222
28,23,-0.9088489208633095,0.12777777777777777
28,24,-0.9088489208633095,0.1333333333333333
28,25,-0.9088489208633095,0.13888888888888887
28,26,-0.9088489208633095,0.14444444444444443
28,27,-0.9088489208633095,0.15
28,28,-0.9088489208633095,0.15555555555555553
28,29,-0.9088489208633095,0.1611111111111111
28,30,-0.9088489208633095,0.16666666666666666
28,31,-0.9088489208633095,0.1722222222222222
28,32,-0.9088489208633095,0.17777777777777776
28,33,-0.9088489208633095,0.18333333333333332
28,34,-0.9088489208633095,0.18888888888888886
28,35,-0.9088489208633095,0.19444444444444442
28,36,-0.9088489208633095,0.19999999999999998
28,37,-0.9088489208633095,0.20555555555555552
28,38,-0.9088489208633095,0.21111111111111108
28,39,-0.9088489208633095,0.21666666666666665
28,40,-0.9088489208633095,0.2222222222222222
28,41,-0.9088489208633095,0.22777777777777775
28,42,-0.9088489208633095,0.2333333333333333
28,43,-0.9088489208633095,0.23888888888888887
28,44,-0.9088489208633095,0.2444444444444444
28,45,-0.9088489208633095,0.24999999999999997
28,46,-0.9088489208633095,0.25555555555555554
28,47,-0.9088489208633095,0.26111111111111107
28,48,-0.9088489208633095,0.2666666666666666
28,49,-0.9088489208633095,0.2722222222222222
28,50,-0.9088489208633095,0.27777777777777773
28,51,-0.9088489208633095,0.2833333333333333
28,52,-0.9088489208633095,0.28888888888888886
28,53,-0.9088489208633095,0.2944444444444444
28,54,-0.9088489208633095,0.3
28,55,-0.9088489208633095,0.3055555555555555
28,56,-0.9088489208633095,0.31111111111111106
28,57,-0.9088489208633095,0.31666666666666665
28,58,-0.9088489208633095,0.3222222222222222
28,59,-0.9088489208633095,0.3277777777777777
28,60,-0.9088489208633095,0.3333333333333333
28,61,-0.9088489208633095,0.33888888888888885
28,62,-0.9088489208633095,0.3444444444444444
29,1,-0.8930935251798562,0.005555555555555555
29,2,-0.8930935251798562,0.01111111111111111
29,3,-0.8930935251798562,0.016666666666666663
29,4,-0.8930935251798562,0.02222222222222222
29,5,-0.8930935251798562,0.027777777777777776
29,6,-0.8930935251798562,0.033333333333333326
29,7,-0.8930935251798562,0.03888888888888888
29,8,-0.8930935251798562,0.04444444444444444
29,9,-0.8930935251798562,0.049999999999999996
29,10,-0.8930935251798562,0.05555555555555555
29,11,-0.8930935251798562,0.0611111111111111
29,12,-0.8930935251798562,0.06666666666666665
29,13,-0.8930935251798562,0.07222222222222222
29,14,-0.8930935251798562,0.07777777777777777
29,15,-0.8930935251798562,0.08333333333333333
29,16,-0.8930935251798562,0.08888888888888888
29,17,-0.8930935251798562,0.09444444444444443
29,18,-0.8930935251798562,0.09999999999999999
29,19,-0.8930935251798562,0.10555555555555554
29,20,-0.8930935251798562,0.1111111111111111
29,21,-0.8930935251798562,0.11666666666666665
29,22,-0.8930935251798562,0.1222222222222222
29,23,-0.8930935251798562,0.12777777777777777
29,24,-0.8930935251798562,0.1333333333333333
29,25,-0.8930935251798562,0.13888888888888887
29,26,-0.8930935251798562,0.14444444444444443
29,27,-0.8930935251798562,0.15
29,28,-0.8930935251798562,0.15555555555555553
29,29,-0.8930935251798562,0.1611111111111111
29,30,-0.8930935251798562,0.16666666666666666
29,31,-0.8930935251798562,0.1722222222222222
29,32,-0.8930935251798562,0.17777777777777776
29,33,-0.8930935251798562,0.18333333333333332
29,34,-0.8930935251798562,0.18888888888888886
29,35,-0.8930935251798562,0.19444444444444442
29,36,-0.8930935251798562,0.19999999999999998
29,37,-0.8930935251798562,0.20555555555555552
29,38,-0.8930935251798562,0.21111111111111108
29,39,-0.8930935251798562,0.21666666666666665
29,40,-0.8930935251798562,0.2222222222222222
29,41,-0.8930935251798562,0.22777777777777775
29,42,-0.8930935251798562,0.2333333333333333
29,43,-0.8930935251798562,0.23888888888888887
29,44,-0.8930935251798562,0.2444444444444444
29,45,-0.8930935251798562,0.24999999999999997
29,46,-0.8930935251798562,0.25555555555555554
29,47,-0.8930935251798562,0.26111111111111107
29,48,-0.8930935251798562,0.2666666666666666
29,49,-0.8930935251798562,0.2722222222222222
29,50,-0.8930935251798562,0.27777777777777773
29,51,-0.8930935251798562,0.2833333333333333
29,52,-0.8930935251798562,0.28888888888888886
29,53,-0.8930935251798562,0.2944444444444444
29,54,-0.8930935251798562,0.3
29,55,-0.8930935251798562,0.3055555555555555
29,56,-0.8930935251798562,0.31111111111111106
29,57,-0.8930935251798562,0.31666666666666665
29,58,-0.8930935251798562,0.3222222222222222
29,59,-0.8930935251798562,0.3277777777777777
29,60,-0.8930935251798562,0.3333333333333333
29,61,-0.8930935251798562,0.33888888888888885
29,62,-0.8930935251798562,0.3444444444444444
30,1,-0.877338129496403,0.005555555555555555
30,2,-0.877338129496403,0.01111111111111111
30,3,-0.877338129496403,0.016666666666666663
30,4,-0.877338129496403,0.02222222222222222
30,5,-0.877338129496403,0.027777777777777776
30,6,-0.877338129496403,0.033333333333333326
30,7,-0.877338129496403,0.03888888888888888
30,8,-0.877338129496403,0.04444444444444444
30,9,-0.877338129496403,0.049999999999999996
30,10,-0.877338129496403,0.05555555555555555
30,11,-0.877338129496403,0.0611111111111111
30,12,-0.877338129496403,0.06666666666666665
30,13,-0.877338129496403,0.07222222222222222
30,14,-0.877338129496403,0.07777777777777777
30,15,-0.877338129496403,0.08333333333333333
30,16,-0.877338129496403,0.08888888888888888
30,17,-0.877338129496403,0.09444444444444443
30,18,-0.877338129496403,0.09999999999999999
30,19,-0.877338129496403,0.10555555555555554
30,20,-0.877338129496403,0.1111111111111111
30,21,-0.877338129496403,0.11666666666666665
30,22,-0.877338129496403,0.1222222222222222
30,23,-0.877338129496403,0.12777777777777777
30,24,-0.877338129496403,0.1333333333333333
30,25,-0.877338129496403,0.13888888888888887
30,26,-0.877338129496403,0.14444444444444443
30,27,-0.877338129496403,0.15
30,28,-0.877338129496403,0.15555555555555553
30,29,-0.877338129496403,0.1611111111111111
30,30,-0.877338129496403,0.16666666666666666
30,31,-0.877338129496403,0.1722222222222222
30,32,-0.877338129496403,0.17777777777777776
30,33,-0.877338129496403,0.18333333333333332
30,34,-0.877338129496403,0.18888888888888886
30,35,-0.877338129496403,0.19444444444444442
30,36,-0.877338129496403,0.19999999999999998
30,37,-0.877338129496403,0.20555555555555552
30,38,-0.877338129496403,0.21111111111111108
30,39,-0.877338129496403,0.21666666666666665
30,40,-0.877338129496403,0.2222222222222222
30,41,-0.877338129496403,0.22777777777777775
30,42,-0.877338129496403,0.2333333333333333
30,43,-0.877338129496403,0.23888888888888887
30,44,-0.877338129496403,0.2444444444444444
30,45,-0.877338129496403,0.24999999999999997
30,46,-0.877338129496403,0.25555555555555554
30,47,-0.877338129496403,0.26111111111111107
30,48,-0.877338129496403,0.2666666666666666
30,49,-0.877338129496403,0.2722222222222222
30,50,-0.877338129496403,0.27777777777777773
30,51,-0.877338129496403,0.2833333333333333
30,52,-0.877338129496403,0.28888888888888886
30,53,-0.877338129496403,0.2944444444444444
30,54,-0.877338129496403,0.3
30,55,-0.877338129496403,0.3055555555555555
30,56,-0.877338129496403,0.31111111111111106
30,57,-0.877338129496403,0.31666666666666665
30,58,-0.877338129496403,0.3222222222222222
30,59,-0.877338129496403,0.3277777777777777
30,60,-0.877338129496403,0.3333333333333333
30,61,-0.877338129496403,0.33888888888888885
30,62,-0.877338129496403,0.3444444444444444
31,1,-0.8615827338129498,0.005555555555555555
31,2,-0.8615827338129498,0.01111111111111111
31,3,-0.8615827338129498,0.016666666666666663
31,4,-0.8615827338129498,0.02222222222222222
31,5,-0.8615827338129498,0.027777777777777776
31,6,-0.8615827338129498,0.033333333333333326
31,7,-0.8615827338129498,0.03888888888888888
31,8,-0.8615827338129498,0.04444444444444444
31,9,-0.8615827338129498,0.049999999999999996
31,10,-0.8615827338129498,0.05555555555555555
31,11,-0.8615827338129498,0.0611111111111111
31,12,-0.8615827338129498,0.06666666666666665
31,13,-0.8615827338129498,0.07222222222222222
31,14,-0.8615827338129498,0.07777777777777777
31,15,-0.8615827338129498,0.08333333333333333
31,16,-0.8615827338129498,0.08888888888888888
31,17,-0.8615827338129498,0.09444444444444443
31,18,-0.8615827338129498,0.09999999999999999
31,19,-0.8615827338129498,0.10555555555555554
31,20,-0.8615827338129498,0.1111111111111111
31,21,-0.8615827338129498,0.11666666666666665
31,22,-0.8615827338129498,0.1222222222222222
31,23,-0.8615827338129498,0.12777777777777777
31,24,-0.8615827338129498,0.1333333333333333
31,25,-0.8615827338129498,0.13888888888888887
31,26,-0.8615827338129498,0.14444444444444443
31,27,-0.8615827338129498,0.15
31,28,-0.8615827338129498,0.15555555555555553
31,29,-0.8615827338129498,0.1611111111111111
31,30,-0.8615827338129498,0.16666666666666666
31,31,-0.8615827338129498,0.1722222222222222
31,32,-0.8615827338129498,0.17777777777777776
31,33,-0.8615827338129498,0.18333333333333332
31,34,-0.8615827338129498,0.18888888888888886
31,35,-0.8615827338129498,0.19444444444444442
31,36,-0.8615827338129498,0.19999999999999998
31,37,-0.8615827338129498,0.20555555555555552
31,38,-0.8615827338129498,0.21111111111111108
31,39,-0.8615827338129498,0.21666666666666665
31,40,-0.8615827338129498,0.2222222222222222
31,41,-0.8615827338129498,0.22777777777777775
31,42,-0.8615827338129498,0.2333333333333333
31,43,-0.8615827338129498,0.23888888888888887
31,44,-0.8615827338129498,0.2444444444444444
31,45,-0.8615827338129498,0.24999999999999997
31,46,-0.8615827338129498,0.25555555555555554
31,47,-0.8615827338129498,0.26111111111111107
31,48,-0.8615827338129498,0.2666666666666666
31,49,-0.8615827338129498,0.2722222222222222
31,50,-0.8615827338129498,0.27777777777777773
31,51,-0.8615827338129498,0.2833333333333333
31,52,-0.8615827338129498,0.28888888888888886
31,53,-0.8615827338129498,0.2944444444444444
31,54,-0.8615827338129498,0.3
31,55,-0.8615827338129498,0.3055555555555555
31,56,-0.8615827338129498,0.31111111111111106
31,57,-0.8615827338129498,0.31666666666666665
31,58,-0.8615827338129498,0.3222222222222222
31,59,-0.8615827338129498,0.3277777777777777
31,60,-0.8615827338129498,0.3333333333333333
31,61,-0.8615827338129498,0.33888888888888885
31,62,-0.8615827338129498,0.3444444444444444
32,1,-0.8458273381294965,0.005555555555555555
32,2,-0.8458273381294965,0.01111111111111111
32,3,-0.8458273381294965,0.016666666666666663
32,4,-0.8458273381294965,0.02222222222222222
32,5,-0.8458273381294965,0.027777777777777776
32,6,-0.8458273381294965,0.033333333333333326
32,7,-0.8458273381294965,0.03888888888888888
32,8,-0.8458273381294965,0.04444444444444444
32,9,-0.8458273381294965,0.049999999999999996
32,10,-0.8458273381294965,0.05555555555555555
32,11,-0.8458273381294965,0.0611111111111111
32,12,-0.8458273381294965,0.06666666666666665
32,13,-0.8458273381294965,0.07222222222222222
32,14,-0.8458273381294965,0.07777777777777777
32,15,-0.8458273381294965,0.08333333333333333
32,16,-0.8458273381294965,0.08888888888888888
32,17,-0.8458273381294965,0.09444444444444443
32,18,-0.8458273381294965,0.09999999999999999
32,19,-0.8458273381294965,0.10555555555555554
32,20,-0.8458273381294965,0.1111111111111111
32,21,-0.8458273381294965,0.11666666666666665
32,22,-0.8458273381294965,0.1222222222222222
32,23,-0.8458273381294965,0.12777777777777777
32,24,-0.8458273381294965,0.1333333333333333
32,25,-0.8458273381294965,0.13888888888888887
32,26,-0.8458273381294965,0.14444444444444443
32,27,-0.8458273381294965,0.15
32,28,-0.8458273381294965,0.15555555555555553
32,29,-0.8458273381294965,0.1611111111111111
32,30,-0.8458273381294965,0.16666666666666666
32,31,-0.8458273381294965,0.1722222222222222
32,32,-0.8458273381294965,0.17777777777777776
32,33,-0.8458273381294965,0.18333333333333332
32,34,-0.8458273381294965,0.18888888888888886
32,35,-0.8458273381294965,0.19444444444444442
32,36,-0.8458273381294965,0.19999999999999998
32,37,-0.8458273381294965,0.20555555555555552
32,38,-0.8458273381294965,0.21111111111111108
32,39,-0.8458273381294965,0.21666666666666665
32,40,-0.8458273381294965,0.2222222222222222
32,41,-0.8458273381294965,0.22777777777777775
32,42,-0.8458273381294965,0.2333333333333333
32,43,-0.8458273381294965,0.23888888888888887
32,44,-0.8458273381294965,0.2444444444444444
32,45,-0.8458273381294965,0.24999999999999997
32,46,-0.8458273381294965,0.25555555555555554
32,47,-0.8458273381294965,0.26111111111111107
32,48,-0.8458273381294965,0.2666666666666666
32,49,-0.8458273381294965,0.2722222222222222
32,50,-0.8458273381294965,0.27777777777777773
32,51,-0.8458273381294965,0.2833333333333333
32,52,-0.8458273381294965,0.28888888888888886
32,53,-0.8458273381294965,0.2944444444444444
32,54,-0.8458273381294965,0.3
32,55,-0.8458273381294965,0.3055555555555555
32,56,-0.8458273381294965,0.31111111111111106
32,57,-0.8458273381294965,0.31666666666666665
32,58,-0.8458273381294965,0.3222222222222222
32,59,-0.8458273381294965,0.3277777777777777
32,60,-0.8458273381294965,0.3333333333333333
32,61,-0.8458273381294965,0.33888888888888885
32,62,-0.8458273381294965,0.3444444444444444
33,1,-0.8300719424460433,0.005555555555555555
33,2,-0.8300719424460433,0.01111111111111111
33,3,-0.8300719424460433,0.016666666666666663
33,4,-0.8300719424460433,0.02222222222222222
33,5,-0.8300719424460433,0.027777777777777776
33,6,-0.8300719424460433,0.033333333333333326
33,7,-0.8300719424460433,0.03888888888888888
33,8,-0.8300719424460433,0.04444444444444444
33,9,-0.8300719424460433,0.049999999999999996
33,10,-0.8300719424460433,0.05555555555555555
33,11,-0.8300719424460433,0.0611111111111111
33,12,-0.8300719424460433,0.06666666666666665
33,13,-0.8300719424460433,0.07222222222222222
33,14,-0.8300719424460433,0.07777777777777777
33,15,-0.8300719424460433,0.08333333333333333
33,16,-0.8300719424460433,0.08888888888888888
33,17,-0.8300719424460433,0.09444444444444443
33,18,-0.8300719424460433,0.09999999999999999
33,19,-0.8300719424460433,0.10555555555555554
33,20,-0.8300719424460433,0.1111111111111111
33,21,-0.8300719424460433,0.11666666666666665
33,22,-0.8300719424460433,0.1222222222222222
33,23,-0.8300719424460433,0.12777777777777777
33,24,-0.8300719424460433,0.1333333333333333
33,25,-0.8300719424460433,0.13888888888888887
33,26,-0.8300719424460433,0.14444444444444443
33,27,-0.8300719424460433,0.15
33,28,-0.8300719424460433,0.15555555555555553
33,29,-0.8300719424460433,0.1611111111111111
33,30,-0.8300719424460433,0.16666666666666666
33,31,-0.8300719424460433,0.1722222222222222
33,32,-0.8300719424460433,0.17777777777777776
33,33,-0.8300719424460433,0.18333333333333332
33,34,-0.8300719424460433,0.18888888888888886
33,35,-0.8300719424460433,0.19444444444444442
33,36,-0.8300719424460433,0.19999999999999998
33,37,-0.8300719424460433,0.20555555555555552
33,38,-0.8300719424460433,0.21111111111111108
33,39,-0.8300719424460433,0.21666666666666665
33,40,-0.8300719424460433,0.2222222222222222
33,41,-0.8300719424460433,0.22777777777777775
33,42,-0.8300719424460433,0.2333333333333333
33,43,-0.8300719424460433,0.23888888888888887
33,44,-0.8300719424460433,0.2444444444444444
33,45,-0.8300719424460433,0.24999999999999997
33,46,-0.8300719424460433,0.25555555555555554
33,47,-0.8300719424460433,0.26111111111111107
33,48,-0.8300719424460433,0.2666666666666666
33,49,-0.8300719424460433,0.2722222222222222
33,50,-0.8300719424460433,0.27777777777777773
33,51,-0.8300719424460433,0.2833333333333333
33,52,-0.8300719424460433,0.28888888888888886
33,53,-0.8300719424460433,0.2944444444444444
33,54,-0.8300719424460433,0.3
33,55,-0.8300719424460433,0.3055555555555555
33,56,-0.8300719424460433,0.31111111111111106
33,57,-0.8300719424460433,0.31666666666666665
33,58,-0.8300719424460433,0.3222222222222222
33,59,-0.8300719424460433,0.3277777777777777
33,60,-0.8300719424460433,0.3333333333333333
33,61,-0.8300719424460433,0.33888888888888885
33,62,-0.8300719424460433,0.3444444444444444
34,1,-0.81431654676259,0.005555555555555555
34,2,-0.81431654676259,0.01111111111111111
34,3,-0.81431654676259,0.016666666666666663
34,4,-0.81431654676259,0.02222222222222222
34,5,-0.81431654676259,0.027777777777777776
34,6,-0.81431654676259,0.033333333333333326
34,7,-0.81431654676259,0.03888888888888888
34,8,-0.81431654676259,0.04444444444444444
34,9,-0.81431654676259,0.049999999999999996
34,10,-0.81431654676259,0.05555555555555555
34,11,-0.81431654676259,0.0611111111111111
34,12,-0.81431654676259,0.06666666666666665
34,13,-0.81431654676259,0.07222222222222222
34,14,-0.81431654676259,0.07777777777777777
34,15,-0.81431654676259,0.08333333333333333
34,16,-0.81431654676259,0.08888888888888888
34,17,-0.81431654676259,0.09444444444444443
34,18,-0.81431654676259,0.09999999999999999
34,19,-0.81431654676259,0.10555555555555554
34,20,-0.81431654676259,0.1111111111111111
34,21,-0.81431654676259,0.11666666666666665
34,22,-0.81431654676259,0.1222222222222222
34,23,-0.81431654676259,0.12777777777777777
34,24,-0.81431654676259,0.1333333333333333
34,25,-0.81431654676259,0.13888888888888887
34,26,-0.81431654676259,0.14444444444444443
34,27,-0.81431654676259,0.15
34,28,-0.81431654676259,0.15555555555555553
34,29,-0.81431654676259,0.1611111111111111
34,30,-0.81431654676259,0.16666666666666666
34,31,-0.81431654676259,0.1722222222222222
34,32,-0.81431654676259,0.17777777777777776
34,33,-0.81431654676259,0.18333333333333332
34,34,-0.81431654676259,0.18888888888888886
34,35,-0.81431654676259,0.19444444444444442
34,36,-0.81431654676259,0.19999999999999998
34,37,-0.81431654676259,0.20555555555555552
34,38,-0.81431654676259,0.21111111111111108
34,39,-0.81431654676259,0.21666666666666665
34,40,-0.81431654676259,0.2222222222222222
34,41,-0.81431654676259,0.22777777777777775
34,42,-0.81431654676259,0.2333333333333333
34,43,-0.81431654676259,0.23888888888888887
34,44,-0.81431654676259,0.2444444444444444
34,45,-0.81431654676259,0.24999999999999997
34,46,-0.81431654676259,0.25555555555555554
34,47,-0.81431654676259,0.26111111111111107
34,48,-0.81431654676259,0.2666666666666666
34,49,-0.81431654676259,0.2722222222222222
34,50,-0.81431654676259,0.27777777777777773
34,51,-0.81431654676259,0.2833333333333333
34,52,-0.81431654676259,0.28888888888888886
34,53,-0.81431654676259,0.2944444444444444
34,54,-0.81431654676259,0.3
34,55,-0.81431654676259,0.3055555555555555
34,56,-0.81431654676259,0.31111111111111106
34,57,-0.81431654676259,0.31666666666666665
34,58,-0.81431654676259,0.3222222222222222
34,59,-0.81431654676259,0.3277777777777777
34,60,-0.81431654676259,0.3333333333333333
34,61,-0.81431654676259,0.33888888888888885
34,62,-0.81431654676259,0.3444444444444444
35,1,-0.7985611510791368,0.005555555555555555
35,2,-0.7985611510791368,0.01111111111111111
35,3,-0.7985611510791368,0.016666666666666663
35,4,-0.7985611510791368,0.02222222222222222
35,5,-0.7985611510791368,0.027777777777777776
35,6,-0.7985611510791368,0.033333333333333326
35,7,-0.7985611510791368,0.03888888888888888
35,8,-0.7985611510791368,0.04444444444444444
35,9,-0.7985611510791368,0.049999999999999996
35,10,-0.7985611510791368,0.05555555555555555
35,11,-0.7985611510791368,0.0611111111111111
35,12,-0.7985611510791368,0.06666666666666665
35,13,-0.7985611510791368,0.07222222222222222
35,14,-0.7985611510791368,0.07777777777777777
35,15,-0.7985611510791368,0.08333333333333333
35,16,-0.7985611510791368,0.08888888888888888
35,17,-0.7985611510791368,0.09444444444444443
35,18,-0.7985611510791368,0.09999999999999999
35,19,-0.7985611510791368,0.10555555555555554
35,20,-0.7985611510791368,0.1111111111111111
35,21,-0.7985611510791368,0.11666666666666665
35,22,-0.7985611510791368,0.1222222222222222
35,23,-0.7985611510791368,0.12777777777777777
35,24,-0.7985611510791368,0.1333333333333333
35,25,-0.7985611510791368,0.13888888888888887
35,26,-0.7985611510791368,0.14444444444444443
35,27,-0.7985611510791368,0.15
35,28,-0.7985611510791368,0.15555555555555553
35,29,-0.7985611510791368,0.1611111111111111
35,30,-0.7985611510791368,0.16666666666666666
35,31,-0.7985611510791368,0.1722222222222222
35,32,-0.7985611510791368,0.17777777777777776
35,33,-0.7985611510791368,0.18333333333333332
35,34,-0.7985611510791368,0.18888888888888886
35,35,-0.7985611510791368,0.19444444444444442
35,36,-0.7985611510791368,0.19999999999999998
35,37,-0.7985611510791368,0.20555555555555552
35,38,-0.7985611510791368,0.21111111111111108
35,39,-0.7985611510791368,0.21666666666666665
35,40,-0.7985611510791368,0.2222222222222222
35,41,-0.7985611510791368,0.22777777777777775
35,42,-0.7985611510791368,0.2333333333333333
35,43,-0.7985611510791368,0.23888888888888887
35,44,-0.7985611510791368,0.2444444444444444
35,45,-0.7985611510791368,0.24999999999999997
35,46,-0.7985611510791368,0.25555555555555554
35,47,-0.7985611510791368,0.26111111111111107
35,48,-0.7985611510791368,0.2666666666666666
35,49,-0.7985611510791368,0.2722222222222222
35,50,-0.7985611510791368,0.27777777777777773
35,51,-0.7985611510791368,0.2833333333333333
35,52,-0.7985611510791368,0.28888888888888886
35,53,-0.7985611510791368,0.2944444444444444
35,54,-0.7985611510791368,0.3
35,55,-0.7985611510791368,0.3055555555555555
35,56,-0.7985611510791368,0.31111111111111106
35,57,-0.7985611510791368,0.31666666666666665
35,58,-0.7985611510791368,0.3222222222222222
35,59,-0.7985611510791368,0.3277777777777777
35,60,-0.7985611510791368,0.3333333333333333
35,61,-0.7985611510791368,0.33888888888888885
35,62,-0.7985611510791368,0.3444444444444444
36,1,-0.7828057553956835,0.005555555555555555
36,2,-0.7828057553956835,0.01111111111111111
36,3,-0.7828057553956835,0.016666666666666663
36,4,-0.7828057553956835,0.02222222222222222
36,5,-0.7828057553956835,0.027777777777777776
36,6,-0.7828057553956835,0.033333333333333326
36,7,-0.7828057553956835,0.03888888888888888
36,8,-0.7828057553956835,0.04444444444444444
36,9,-0.7828057553956835,0.049999999999999996
36,10,-0.7828057553956835,0.05555555555555555
36,11,-0.7828057553956835,0.0611111111111111
36,12,-0.7828057553956835,0.06666666666666665
36,13,-0.7828057553956835,0.07222222222222222
36,14,-0.7828057553956835,0.07777777777777777
36,15,-0.7828057553956835,0.08333333333333333
36,16,-0.7828057553956835,0.08888888888888888
36,17,-0.7828057553956835,0.09444444444444443
36,18,-0.7828057553956835,0.09999999999999999
36,19,-0.7828057553956835,0.10555555555555554
36,20,-0.7828057553956835,0.1111111111111111
36,21,-0.7828057553956835,0.11666666666666665
36,22,-0.7828057553956835,0.1222222222222222
36,23,-0.7828057553956835,0.12777777777777777
36,24,-0.7828057553956835,0.1333333333333333
36,25,-0.7828057553956835,0.13888888888888887
36,26,-0.7828057553956835,0.14444444444444443
36,27,-0.7828057553956835,0.15
36,28,-0.7828057553956835,0.15555555555555553
36,29,-0.7828057553956835,0.1611111111111111
36,30,-0.7828057553956835,0.16666666666666666
36,31,-0.7828057553956835,0.1722222222222222
36,32,-0.7828057553956835,0.17777777777777776
36,33,-0.7828057553956835,0.18333333333333332
36,34,-0.7828057553956835,0.18888888888888886
36,35,-0.7828057553956835,0.19444444444444442
36,36,-0.7828057553956835,0.19999999999999998
36,37,-0.7828057553956835,0.20555555555555552
36,38,-0.7828057553956835,0.21111111111111108
36,39,-0.7828057553956835,0.21666666666666665
36,40,-0.7828057553956835,0.2222222222222222
36,41,-0.7828057553956835,0.22777777777777775
36,42,-0.7828057553956835,0.2333333333333333
36,43,-0.7828057553956835,0.23888888888888887
36,44,-0.7828057553956835,0.2444444444444444
36,45,-0.7828057553956835,0.24999999999999997
36,46,-0.7828057553956835,0.25555555555555554
36,47,-0.7828057553956835,0.26111111111111107
36,48,-0.7828057553956835,0.2666666666666666
36,49,-0.7828057553956835,0.2722222222222222
36,50,-0.7828057553956835,0.27777777777777773
36,51,-0.7828057553956835,0.2833333333333333
36,52,-0.7828057553956835,0.28888888888888886
36,53,-0.7828057553956835,0.2944444444444444
36,54,-0.7828057553956835,0.3
36,55,-0.7828057553956835,0.3055555555555555
36,56,-0.7828057553956835,0.31111111111111106
36,57,-0.7828057553956835,0.31666666666666665
36,58,-0.7828057553956835,0.3222222222222222
36,59,-0.7828057553956835,0.3277777777777777
36,60,-0.7828057553956835,0.3333333333333333
36,61,-0.7828057553956835,0.33888888888888885
36,62,-0.7828057553956835,0.3444444444444444
37,1,-0.7670503597122303,0.005555555555555555
37,2,-0.7670503597122303,0.01111111111111111
37,3,-0.7670503597122303,0.016666666666666663
37,4,-0.7670503597122303,0.02222222222222222
37,5,-0.7670503597122303,0.027777777777777776
37,6,-0.7670503597122303,0.033333333333333326
37,7,-0.7670503597122303,0.03888888888888888
37,8,-0.7670503597122303,0.04444444444444444
37,9,-0.7670503597122303,0.049999999999999996
37,10,-0.7670503597122303,0.05555555555555555
37,11,-0.7670503597122303,0.0611111111111111
37,12,-0.7670503597122303,0.06666666666666665
37,13,-0.7670503597122303,0.07222222222222222
37,14,-0.7670503597122303,0.07777777777777777
37,15,-0.7670503597122303,0.08333333333333333
37,16,-0.7670503597122303,0.08888888888888888
37,17,-0.7670503597122303,0.09444444444444443
37,18,-0.7670503597122303,0.09999999999999999
37,19,-0.7670503597122303,0.10555555555555554
37,20,-0.7670503597122303,0.1111111111111111
37,21,-0.7670503597122303,0.11666666666666665
37,22,-0.7670503597122303,0.1222222222222222
37,23,-0.7670503597122303,0.12777777777777777
37,24,-0.7670503597122303,0.1333333333333333
37,25,-0.7670503597122303,0.13888888888888887
37,26,-0.7670503597122303,0.14444444444444443
37,27,-0.7670503597122303,0.15
37,28,-0.7670503597122303,0.15555555555555553
37,29,-0.7670503597122303,0.1611111111111111
37,30,-0.7670503597122303,0.16666666666666666
37,31,-0.7670503597122303,0.1722222222222222
37,32,-0.7670503597122303,0.17777777777777776
37,33,-0.7670503597122303,0.18333333333333332
37,34,-0.7670503597122303,0.18888888888888886
37,35,-0.7670503597122303,0.19444444444444442
37,36,-0.7670503597122303,0.19999999999999998
37,37,-0.7670503597122303,0.20555555555555552
37,38,-0.7670503597122303,0.21111111111111108
37,39,-0.7670503597122303,0.21666666666666665
37,40,-0.7670503597122303,0.2222222222222222
37,41,-0.7670503597122303,0.22777777777777775
37,42,-0.7670503597122303,0.2333333333333333
37,43,-0.7670503597122303,0.23888888888888887
37,44,-0.7670503597122303,0.2444444444444444
37,45,-0.7670503597122303,0.24999999999999997
37,46,-0.7670503597122303,0.25555555555555554
37,47,-0.7670503597122303,0.26111111111111107
37,48,-0.7670503597122303,0.2666666666666666
37,49,-0.7670503597122303,0.2722222222222222
37,50,-0.7670503597122303,0.27777777777777773
37,51,-0.7670503597122303,0.2833333333333333
37,52,-0.7670503597122303,0.28888888888888886
37,53,-0.7670503597122303,0.2944444444444444
37,54,-0.7670503597122303,0.3
37,55,-0.7670503597122303,0.3055555555555555
37,56,-0.7670503597122303,0.31111111111111106
37,57,-0.7670503597122303,0.31666666666666665
37,58,-0.7670503597122303,0.3222222222222222
37,59,-0.7670503597122303,0.3277777777777777
37,60,-0.7670503597122303,0.3333333333333333
37,61,-0.7670503597122303,0.33888888888888885
37,62,-0.7670503597122303,0.3444444444444444
38,1,-0.751294964028777,0.005555555555555555
38,2,-0.751294964028777,0.01111111111111111
38,3,-0.751294964028777,0.016666666666666663
38,4,-0.751294964028777,0.02222222222222222
38,5,-0.751294964028777,0.027777777777777776
38,6,-0.751294964028777,0.033333333333333326
38,7,-0.751294964028777,0.03888888888888888
38,8,-0.751294964028777,0.04444444444444444
38,9,-0.751294964028777,0.049999999999999996
38,10,-0.751294964028777,0.05555555555555555
38,11,-0.751294964028777,0.0611111111111111
38,12,-0.751294964028777,0.06666666666666665
38,13,-0.751294964028777,0.07222222222222222
38,14,-0.751294964028777,0.07777777777777777
38,15,-0.751294964028777,0.08333333333333333
38,16,-0.751294964028777,0.08888888888888888
38,17,-0.751294964028777,0.09444444444444443
38,18,-0.751294964028777,0.09999999999999999
38,19,-0.751294964028777,0.10555555555555554
38,20,-0.751294964028777,0.1111111111111111
38,21,-0.751294964028777,0.11666666666666665
38,22,-0.751294964028777,0.1222222222222222
38,23,-0.751294964028777,0.12777777777777777
38,24,-0.751294964028777,0.1333333333333333
38,25,-0.751294964028777,0.13888888888888887
38,26,-0.751294964028777,0.14444444444444443
38,27,-0.751294964028777,0.15
38,28,-0.751294964028777,0.15555555555555553
38,29,-0.751294964028777,0.1611111111111111
38,30,-0.751294964028777,0.16666666666666666
38,31,-0.751294964028777,0.1722222222222222
38,32,-0.751294964028777,0.17777777777777776
38,33,-0.751294964028777,0.18333333333333332
38,34,-0.751294964028777,0.18888888888888886
38,35,-0.751294964028777,0.19444444444444442
38,36,-0.751294964028777,0.19999999999999998
38,37,-0.751294964028777,0.20555555555555552
38,38,-0.751294964028777,0.21111111111111108
38,39,-0.751294964028777,0.21666666666666665
38,40,-0.751294964028777,0.2222222222222222
38,41,-0.751294964028777,0.22777777777777775
38,42,-0.751294964028777,0.2333333333333333
38,43,-0.751294964028777,0.23888888888888887
38,44,-0.751294964028777,0.2444444444444444
38,45,-0.751294964028777,0.24999999999999997
38,46,-0.751294964028777,0.25555555555555554
38,47,-0.751294964028777,0.26111111111111107
38,48,-0.751294964028777,0.2666666666666666
38,49,-0.751294964028777,0.2722222222222222
38,50,-0.751294964028777,0.27777777777777773
38,51,-0.751294964028777,0.2833333333333333
38,52,-0.751294964028777,0.28888888888888886
38,53,-0.751294964028777,0.2944444444444444
38,54,-0.751294964028777,0.3
38,55,-0.751294964028777,0.3055555555555555
38,56,-0.751294964028777,0.31111111111111106
38,57,-0.751294964028777,0.31666666666666665
38,58,-0.751294964028777,0.3222222222222222
38,59,-0.751294964028777,0.3277777777777777
38,60,-0.751294964028777,0.3333333333333333
38,61,-0.751294964028777,0.33888888888888885
38,62,-0.751294964028777,0.3444444444444444
39,1,-0.7355395683453239,0.005555555555555555
39,2,-0.7355395683453239,0.01111111111111111
39,3,-0.7355395683453239,0.016666666666666663
39,4,-0.7355395683453239,0.02222222222222222
39,5,-0.7355395683453239,0.027777777777777776
39,6,-0.7355395683453239,0.033333333333333326
39,7,-0.7355395683453239,0.03888888888888888
39,8,-0.7355395683453239,0.04444444444444444
39,9,-0.7355395683453239,0.049999999999999996
39,10,-0.7355395683453239,0.05555555555555555
39,11,-0.7355395683453239,0.0611111111111111
39,12,-0.7355395683453239,0.06666666666666665
39,13,-0.7355395683453239,0.07222222222222222
39,14,-0.7355395683453239,0.07777777777777777
39,15,-0.7355395683453239,0.08333333333333333
39,16,-0.7355395683453239,0.08888888888888888
39,17,-0.7355395683453239,0.09444444444444443
39,18,-0.7355395683453239,0.09999999999999999
39,19,-0.7355395683453239,0.10555555555555554
39,20,-0.7355395683453239,0.1111111111111111
39,21,-0.7355395683453239,0.11666666666666665
39,22,-0.7355395683453239,0.1222222222222222
39,23,-0.7355395683453239,0.12777777777777777
39,24,-0.7355395683453239,0.1333333333333333
39,25,-0.7355395683453239,0.13888888888888887
39,26,-0.7355395683453239,0.14444444444444443
39,27,-0.7355395683453239,0.15
39,28,-0.7355395683453239,0.15555555555555553
39,29,-0.7355395683453239,0.1611111111111111
39,30,-0.7355395683453239,0.16666666666666666
39,31,-0.7355395683453239,0.1722222222222222
39,32,-0.7355395683453239,0.17777777777777776
39,33,-0.7355395683453239,0.18333333333333332
39,34,-0.7355395683453239,0.18888888888888886
39,35,-0.7355395683453239,0.19444444444444442
39,36,-0.7355395683453239,0.19999999999999998
39,37,-0.7355395683453239,0.20555555555555552
39,38,-0.7355395683453239,0.21111111111111108
39,39,-0.7355395683453239,0.21666666666666665
39,40,-0.7355395683453239,0.2222222222222222
39,41,-0.7355395683453239,0.22777777777777775
39,42,-0.7355395683453239,0.2333333333333333
39,43,-0.7355395683453239,0.23888888888888887
39,44,-0.7355395683453239,0.2444444444444444
39,45,-0.7355395683453239,0.24999999999999997
39,46,-0.7355395683453239,0.25555555555555554
39,47,-0.7355395683453239,0.26111111111111107
39,48,-0.7355395683453239,0.2666666666666666
39,49,-0.7355395683453239,0.2722222222222222
39,50,-0.7355395683453239,0.27777777777777773
39,51,-0.7355395683453239,0.2833333333333333
39,52,-0.7355395683453239,0.28888888888888886
39,53,-0.7355395683453239,0.2944444444444444
39,54,-0.7355395683453239,0.3
39,55,-0.7355395683453239,0.3055555555555555
39,56,-0.7355395683453239,0.31111111111111106
39,57,-0.7355395683453239,0.31666666666666665
39,58,-0.7355395683453239,0.3222222222222222
39,59,-0.7355395683453239,0.3277777777777777
39,60,-0.7355395683453239,0.3333333333333333
39,61,-0.7355395683453239,0.33888888888888885
39,62,-0.7355395683453239,0.3444444444444444
40,1,-0.7197841726618706,0.005555555555555555
40,2,-0.7197841726618706,0.01111111111111111
40,3,-0.7197841726618706,0.016666666666666663
40,4,-0.7197841726618706,0.02222222222222222
40,5,-0.7197841726618706,0.027777777777777776
40,6,-0.7197841726618706,0.033333333333333326
40,7,-0.7197841726618706,0.03888888888888888
40,8,-0.7197841726618706,0.04444444444444444
40,9,-0.7197841726618706,0.049999999999999996
40,10,-0.7197841726618706,0.05555555555555555
40,11,-0.7197841726618706,0.0611111111111111
40,12,-0.7197841726618706,0.06666666666666665
40,13,-0.7197841726618706,0.07222222222222222
40,14,-0.7197841726618706,0.07777777777777777
40,15,-0.7197841726618706,0.08333333333333333
40,16,-0.7197841726618706,0.08888888888888888
40,17,-0.7197841726618706,0.09444444444444443
40,18,-0.7197841726618706,0.09999999999999999
40,19,-0.7197841726618706,0.10555555555555554
40,20,-0.7197841726618706,0.1111111111111111
40,21,-0.7197841726618706,0.11666666666666665
40,22,-0.7197841726618706,0.1222222222222222
40,23,-0.7197841726618706,0.12777777777777777
40,24,-0.7197841726618706,0.1333333333333333
40,25,-0.7197841726618706,0.13888888888888887
40,26,-0.7197841726618706,0.14444444444444443
40,27,-0.7197841726618706,0.15
40,28,-0.7197841726618706,0.15555555555555553
40,29,-0.7197841726618706,0.1611111111111111
40,30,-0.7197841726618706,0.16666666666666666
40,31,-0.7197841726618706,0.1722222222222222
40,32,-0.7197841726618706,0.17777777777777776
40,33,-0.7197841726618706,0.18333333333333332
40,34,-0.7197841726618706,0.18888888888888886
40,35,-0.7197841726618706,0.19444444444444442
40,36,-0.7197841726618706,0.19999999999999998
40,37,-0.7197841726618706,0.20555555555555552
40,38,-0.7197841726618706,0.21111111111111108
40,39,-0.7197841726618706,0.21666666666666665
40,40,-0.7197841726618706,0.2222222222222222
40,41,-0.7197841726618706,0.22777777777777775
40,42,-0.7197841726618706,0.2333333333333333
40,43,-0.7197841726618706,0.23888888888888887
40,44,-0.7197841726618706,0.2444444444444444
40,45,-0.7197841726618706,0.24999999999999997
40,46,-0.7197841726618706,0.25555555555555554
40,47,-0.7197841726618706,0.26111111111111107
40,48,-0.7197841726618706,0.2666666666666666
40,49,-0.7197841726618706,0.2722222222222222
40,50,-0.7197841726618706,0.27777777777777773
40,51,-0.7197841726618706,0.2833333333333333
40,52,-0.7197841726618706,0.28888888888888886
40,53,-0.7197841726618706,0.2944444444444444
40,54,-0.7197841726618706,0.3
40,55,-0.7197841726618706,0.3055555555555555
40,56,-0.7197841726618706,0.31111111111111106
40,57,-0.7197841726618706,0.31666666666666665
40,58,-0.7197841726618706,0.3222222222222222
40,59,-0.7197841726618706,0.3277777777777777
40,60,-0.7197841726618706,0.3333333333333333
40,61,-0.7197841726618706,0.33888888888888885
40,62,-0.7197841726618706,0.3444444444444444
41,1,-0.7040287769784174,0.005555555555555555
41,2,-0.7040287769784174,0.01111111111111111
41,3,-0.7040287769784174,0.016666666666666663
41,4,-0.7040287769784174,0.02222222222222222
41,5,-0.7040287769784174,0.027777777777777776
41,6,-0.7040287769784174,0.033333333333333326
41,7,-0.7040287769784174,0.03888888888888888
41,8,-0.7040287769784174,0.04444444444444444
41,9,-0.7040287769784174,0.049999999999999996
41,10,-0.7040287769784174,0.05555555555555555
41,11,-0.7040287769784174,0.0611111111111111
41,12,-0.7040287769784174,0.06666666666666665
41,13,-0.7040287769784174,0.07222222222222222
41,14,-0.7040287769784174,0.07777777777777777
41,15,-0.7040287769784174,0.08333333333333333
41,16,-0.7040287769784174,0.08888888888888888
41,17,-0.7040287769784174,0.09444444444444443
41,18,-0.7040287769784174,0.09999999999999999
41,19,-0.7040287769784174,0.10555555555555554
41,20,-0.7040287769784174,0.1111111111111111
41,21,-0.7040287769784174,0.11666666666666665
41,22,-0.7040287769784174,0.1222222222222222
41,23,-0.7040287769784174,0.12777777777777777
41,24,-0.7040287769784174,0.1333333333333333
41,25,-0.7040287769784174,0.13888888888888887
41,26,-0.7040287769784174,0.14444444444444443
41,27,-0.7040287769784174,0.15
41,28,-0.7040287769784174,0.15555555555555553
41,29,-0.7040287769784174,0.1611111111111111
41,30,-0.7040287769784174,0.16666666666666666
41,31,-0.7040287769784174,0.1722222222222222
41,32,-0.7040287769784174,0.17777777777777776
41,33,-0.7040287769784174,0.18333333333333332
41,34,-0.7040287769784174,0.18888888888888886
41,35,-0.7040287769784174,0.19444444444444442
41,36,-0.7040287769784174,0.19999999999999998
41,37,-0.7040287769784174,0.20555555555555552
41,38,-0.7040287769784174,0.21111111111111108
41,39,-0.7040287769784174,0.21666666666666665
41,40,-0.7040287769784174,0.2222222222222222
41,41,-0.7040287769784174,0.22777777777777775
41,42,-0.7040287769784174,0.2333333333333333
41,43,-0.7040287769784174,0.23888888888888887
41,44,-0.7040287769784174,0.2444444444444444
41,45,-0.7040287769784174,0.24999999999999997
41,46,-0.7040287769784174,0.25555555555555554
41,47,-0.7040287769784174,0.26111111111111107
41,48,-0.7040287769784174,0.2666666666666666
41,49,-0.7040287769784174,0.2722222222222222
41,50,-0.7040287769784174,0.27777777777777773
41,51,-0.7040287769784174,0.2833333333333333
41,52,-0.7040287769784174,0.28888888888888886
41,53,-0.7040287769784174,0.2944444444444444
41,54,-0.7040287769784174,0.3
41,55,-0.7040287769784174,0.3055555555555555
41,56,-0.7040287769784174,0.31111111111111106
41,57,-0.7040287769784174,0.31666666666666665
41,58,-0.7040287769784174,0.3222222222222222
41,59,-0.7040287769784174,0.3277777777777777
41,60,-0.7040287769784174,0.3333333333333333
41,61,-0.7040287769784174,0.33888888888888885
41,62,-0.7040287769784174,0.3444444444444444
42,1,-0.6882733812949642,0.005555555555555555
42,2,-0.6882733812949642,0.01111111111111111
42,3,-0.6882733812949642,0.016666666666666663
42,4,-0.6882733812949642,0.02222222222222222
42,5,-0.6882733812949642,0.027777777777777776
42,6,-0.6882733812949642,0.033333333333333326
42,7,-0.6882733812949642,0.03888888888888888
42,8,-0.6882733812949642,0.04444444444444444
42,9,-0.6882733812949642,0.049999999999999996
42,10,-0.6882733812949642,0.05555555555555555
42,11,-0.6882733812949642,0.0611111111111111
42,12,-0.6882733812949642,0.06666666666666665
42,13,-0.6882733812949642,0.07222222222222222
42,14,-0.6882733812949642,0.07777777777777777
42,15,-0.6882733812949642,0.08333333333333333
42,16,-0.6882733812949642,0.08888888888888888
42,17,-0.6882733812949642,0.09444444444444443
42,18,-0.6882733812949642,0.09999999999999999
42,19,-0.6882733812949642,0.10555555555555554
42,20,-0.6882733812949642,0.1111111111111111
42,21,-0.6882733812949642,0.11666666666666665
42,22,-0.6882733812949642,0.1222222222222222
42,23,-0.6882733812949642,0.12777777777777777
42,24,-0.6882733812949642,0.1333333333333333
42,25,-0.6882733812949642,0.13888888888888887
42,26,-0.6882733812949642,0.14444444444444443
42,27,-0.6882733812949642,0.15
42,28,-0.6882733812949642,0.15555555555555553
42,29,-0.6882733812949642,0.1611111111111111
42,30,-0.6882733812949642,0.16666666666666666
42,31,-0.6882733812949642,0.1722222222222222
42,32,-0.6882733812949642,0.17777777777777776
42,33,-0.6882733812949642,0.18333333333333332
42,34,-0.6882733812949642,0.18888888888888886
42,35,-0.6882733812949642,0.19444444444444442
42,36,-0.6882733812949642,0.19999999999999998
42,37,-0.6882733812949642,0.20555555555555552
42,38,-0.6882733812949642,0.21111111111111108
42,39,-0.6882733812949642,0.21666666666666665
42,40,-0.6882733812949642,0.2222222222222222
42,41,-0.6882733812949642,0.22777777777777775
42,42,-0.6882733812949642,0.2333333333333333
42,43,-0.6882733812949642,0.23888888888888887
42,44,-0.6882733812949642,0.2444444444444444
42,45,-0.6882733812949642,0.24999999999999997
42,46,-0.6882733812949642,0.25555555555555554
42,47,-0.6882733812949642,0.26111111111111107
42,48,-0.6882733812949642,0.2666666666666666
42,49,-0.6882733812949642,0.2722222222222222
42,50,-0.6882733812949642,0.27777777777777773
42,51,-0.6882733812949642,0.2833333333333333
42,52,-0.6882733812949642,0.28888888888888886
42,53,-0.6882733812949642,0.2944444444444444
42,54,-0.6882733812949642,0.3
42,55,-0.6882733812949642,0.3055555555555555
42,56,-0.6882733812949642,0.31111111111111106
42,57,-0.6882733812949642,0.31666666666666665
42,58,-0.6882733812949642,0.3222222222222222
42,59,-0.6882733812949642,0.3277777777777777
42,60,-0.6882733812949642,0.3333333333333333
42,61,-0.6882733812949642,0.33888888888888885
42,62,-0.6882733812949642,0.3444444444444444
43,1,-0.6725179856115109,0.005555555555555555
43,2,-0.6725179856115109,0.01111111111111111
43,3,-0.6725179856115109,0.016666666666666663
43,4,-0.6725179856115109,0.02222222222222222
43,5,-0.6725179856115109,0.027777777777777776
43,6,-0.6725179856115109,0.033333333333333326
43,7,-0.6725179856115109,0.03888888888888888
43,8,-0.6725179856115109,0.04444444444444444
43,9,-0.6725179856115109,0.049999999999999996
43,10,-0.6725179856115109,0.05555555555555555
43,11,-0.6725179856115109,0.0611111111111111
43,12,-0.6725179856115109,0.06666666666666665
43,13,-0.6725179856115109,0.07222222222222222
43,14,-0.6725179856115109,0.07777777777777777
43,15,-0.6725179856115109,0.08333333333333333
43,16,-0.6725179856115109,0.08888888888888888
43,17,-0.6725179856115109,0.09444444444444443
43,18,-0.6725179856115109,0.09999999999999999
43,19,-0.6725179856115109,0.10555555555555554
43,20,-0.6725179856115109,0.1111111111111111
43,21,-0.6725179856115109,0.11666666666666665
43,22,-0.6725179856115109,0.1222222222222222
43,23,-0.6725179856115109,0.12777777777777777
43,24,-0.6725179856115109,0.1333333333333333
43,25,-0.6725179856115109,0.13888888888888887
43,26,-0.6725179856115109,0.14444444444444443
43,27,-0.6725179856115109,0.15
43,28,-0.6725179856115109,0.15555555555555553
43,29,-0.6725179856115109,0.1611111111111111
43,30,-0.6725179856115109,0.16666666666666666
43,31,-0.6725179856115109,0.1722222222222222
43,32,-0.6725179856115109,0.17777777777777776
43,33,-0.6725179856115109,0.18333333333333332
43,34,-0.6725179856115109,0.18888888888888886
43,35,-0.6725179856115109,0.19444444444444442
43,36,-0.6725179856115109,0.19999999999999998
43,37,-0.6725179856115109,0.20555555555555552
43,38,-0.6725179856115109,0.21111111111111108
43,39,-0.6725179856115109,0.21666666666666665
43,40,-0.6725179856115109,0.2222222222222222
43,41,-0.6725179856115109,0.22777777777777775
43,42,-0.6725179856115109,0.2333333333333333
43,43,-0.6725179856115109,0.23888888888888887
43,44,-0.6725179856115109,0.2444444444444444
43,45,-0.6725179856115109,0.24999999999999997
43,46,-0.6725179856115109,0.25555555555555554
43,47,-0.6725179856115109,0.26111111111111107
43,48,-0.6725179856115109,0.2666666666666666
43,49,-0.6725179856115109,0.2722222222222222
43,50,-0.6725179856115109,0.27777777777777773
43,51,-0.6725179856115109,0.2833333333333333
43,52,-0.6725179856115109,0.28888888888888886
43,53,-0.6725179856115109,0.2944444444444444
43,54,-0.6725179856115109,0.3
43,55,-0.6725179856115109,0.3055555555555555
43,56,-0.6725179856115109,0.31111111111111106
43,57,-0.6725179856115109,0.31666666666666665
43,58,-0.6725179856115109,0.3222222222222222
43,59,-0.6725179856115109,0.3277777777777777
43,60,-0.6725179856115109,0.3333333333333333
43,61,-0.6725179856115109,0.33888888888888885
43,62,-0.6725179856115109,0.3444444444444444
44,1,-0.6567625899280577,0.005555555555555555
44,2,-0.6567625899280577,0.01111111111111111
44,3,-0.6567625899280577,0.016666666666666663
44,4,-0.6567625899280577,0.02222222222222222
44,5,-0.6567625899280577,0.027777777777777776
44,6,-0.6567625899280577,0.033333333333333326
44,7,-0.6567625899280577,0.03888888888888888
44,8,-0.6567625899280577,0.04444444444444444
44,9,-0.6567625899280577,0.049999999999999996
44,10,-0.6567625899280577,0.05555555555555555
44,11,-0.6567625899280577,0.0611111111111111
44,12,-0.6567625899280577,0.06666666666666665
44,13,-0.6567625899280577,0.07222222222222222
44,14,-0.6567625899280577,0.07777777777777777
44,15,-0.6567625899280577,0.08333333333333333
44,16,-0.6567625899280577,0.08888888888888888
44,17,-0.6567625899280577,0.09444444444444443
44,18,-0.6567625899280577,0.09999999999999999
44,19,-0.6567625899280577,0.10555555555555554
44,20,-0.6567625899280577,0.1111111111111111
44,21,-0.6567625899280577,0.11666666666666665
44,22,-0.6567625899280577,0.1222222222222222
44,23,-0.6567625899280577,0.12777777777777777
44,24,-0.6567625899280577,0.1333333333333333
44,25,-0.6567625899280577,0.13888888888888887
44,26,-0.6567625899280577,0.14444444444444443
44,27,-0.6567625899280577,0.15
44,28,-0.6567625899280577,0.15555555555555553
44,29,-0.6567625899280577,0.1611111111111111
44,30,-0.6567625899280577,0.16666666666666666
44,31,-0.6567625899280577,0.1722222222222222
44,32,-0.6567625899280577,0.17777777777777776
44,33,-0.6567625899280577,0.18333333333333332
44,34,-0.6567625899280577,0.18888888888888886
44,35,-0.6567625899280577,0.19444444444444442
44,36,-0.6567625899280577,0.19999999999999998
44,37,-0.6567625899280577,0.20555555555555552
44,38,-0.6567625899280577,0.21111111111111108
44,39,-0.6567625899280577,0.21666666666666665
44,40,-0.6567625899280577,0.2222222222222222
44,41,-0.6567625899280577,0.22777777777777775
44,42,-0.6567625899280577,0.2333333333333333
44,43,-0.6567625899280577,0.23888888888888887
44,44,-0.6567625899280577,0.2444444444444444
44,45,-0.6567625899280577,0.24999999999999997
44,46,-0.6567625899280577,0.25555555555555554
44,47,-0.6567625899280577,0.26111111111111107
44,48,-0.6567625899280577,0.2666666666666666
44,49,-0.6567625899280577,0.2722222222222222
44,50,-0.6567625899280577,0.27777777777777773
44,51,-0.6567625899280577,0.2833333333333333
44,52,-0.6567625899280577,0.28888888888888886
44,53,-0.6567625899280577,0.2944444444444444
44,54,-0.6567625899280577,0.3
44,55,-0.6567625899280577,0.3055555555555555
44,56,-0.6567625899280577,0.31111111111111106
44,57,-0.6567625899280577,0.31666666666666665
44,58,-0.6567625899280577,0.3222222222222222
44,59,-0.6567625899280577,0.3277777777777777
44,60,-0.6567625899280577,0.3333333333333333
44,61,-0.6567625899280577,0.33888888888888885
44,62,-0.6567625899280577,0.3444444444444444
45,1,-0.6410071942446044,0.005555555555555555
45,2,-0.6410071942446044,0.01111111111111111
45,3,-0.6410071942446044,0.016666666666666663
45,4,-0.6410071942446044,0.02222222222222222
45,5,-0.6410071942446044,0.027777777777777776
45,6,-0.6410071942446044,0.033333333333333326
45,7,-0.6410071942446044,0.03888888888888888
45,8,-0.6410071942446044,0.04444444444444444
45,9,-0.6410071942446044,0.049999999999999996
45,10,-0.6410071942446044,0.05555555555555555
45,11,-0.6410071942446044,0.0611111111111111
45,12,-0.6410071942446044,0.06666666666666665
45,13,-0.6410071942446044,0.07222222222222222
45,14,-0.6410071942446044,0.07777777777777777
45,15,-0.6410071942446044,0.08333333333333333
45,16,-0.6410071942446044,0.08888888888888888
45,17,-0.6410071942446044,0.09444444444444443
45,18,-0.6410071942446044,0.09999999999999999
45,19,-0.6410071942446044,0.10555555555555554
45,20,-0.6410071942446044,0.1111111111111111
45,21,-0.6410071942446044,0.11666666666666665
45,22,-0.6410071942446044,0.1222222222222222
45,23,-0.6410071942446044,0.12777777777777777
45,24,-0.6410071942446044,0.1333333333333333
45,25,-0.6410071942446044,0.13888888888888887
45,26,-0.6410071942446044,0.14444444444444443
45,27,-0.6410071942446044,0.15
45,28,-0.6410071942446044,0.15555555555555553
45,29,-0.6410071942446044,0.1611111111111111
45,30,-0.6410071942446044,0.16666666666666666
45,31,-0.6410071942446044,0.1722222222222222
45,32,-0.6410071942446044,0.17777777777777776
45,33,-0.6410071942446044,0.18333333333333332
45,34,-0.6410071942446044,0.18888888888888886
45,35,-0.6410071942446044,0.19444444444444442
45,36,-0.6410071942446044,0.19999999999999998
45,37,-0.6410071942446044,0.20555555555555552
45,38,-0.6410071942446044,0.21111111111111108
45,39,-0.6410071942446044,0.21666666666666665
45,40,-0.6410071942446044,0.2222222222222222
45,41,-0.6410071942446044,0.22777777777777775
45,42,-0.6410071942446044,0.2333333333333333
45,43,-0.6410071942446044,0.23888888888888887
45,44,-0.6410071942446044,0.2444444444444444
45,45,-0.6410071942446044,0.24999999999999997
45,46,-0.6410071942446044,0.25555555555555554
45,47,-0.6410071942446044,0.26111111111111107
45,48,-0.6410071942446044,0.2666666666666666
45,49,-0.6410071942446044,0.2722222222222222
45,50,-0.6410071942446044,0.27777777777777773
45,51,-0.6410071942446044,0.2833333333333333
45,52,-0.6410071942446044,0.28888888888888886
45,53,-0.6410071942446044,0.2944444444444444
45,54,-0.6410071942446044,0.3
45,55,-0.6410071942446044,0.3055555555555555
45,56,-0.6410071942446044,0.31111111111111106
45,57,-0.6410071942446044,0.31666666666666665
45,58,-0.6410071942446044,0.3222222222222222
45,59,-0.6410071942446044,0.3277777777777777
45,60,-0.6410071942446044,0.3333333333333333
45,61,-0.6410071942446044,0.33888888888888885
45,62,-0.6410071942446044,0.3444444444444444
46,1,-0.6252517985611512,0.005555555555555555
46,2,-0.6252517985611512,0.01111111111111111
46,3,-0.6252517985611512,0.016666666666666663
46,4,-0.6252517985611512,0.02222222222222222
46,5,-0.6252517985611512,0.027777777777777776
46,6,-0.6252517985611512,0.033333333333333326
46,7,-0.6252517985611512,0.03888888888888888
46,8,-0.6252517985611512,0.04444444444444444
46,9,-0.6252517985611512,0.049999999999999996
46,10,-0.6252517985611512,0.05555555555555555
46,11,-0.6252517985611512,0.0611111111111111
46,12,-0.6252517985611512,0.06666666666666665
46,13,-0.6252517985611512,0.07222222222222222
46,14,-0.6252517985611512,0.07777777777777777
46,15,-0.6252517985611512,0.08333333333333333
46,16,-0.6252517985611512,0.08888888888888888
46,17,-0.6252517985611512,0.09444444444444443
46,18,-0.6252517985611512,0.09999999999999999
46,19,-0.6252517985611512,0.10555555555555554
46,20,-0.6252517985611512,0.1111111111111111
46,21,-0.6252517985611512,0.11666666666666665
46,22,-0.6252517985611512,0.1222222222222222
46,23,-0.6252517985611512,0.12777777777777777
46,24,-0.6252517985611512,0.1333333333333333
46,25,-0.6252517985611512,0.13888888888888887
46,26,-0.6252517985611512,0.14444444444444443
46,27,-0.6252517985611512,0.15
46,28,-0.6252517985611512,0.15555555555555553
46,29,-0.6252517985611512,0.1611111111111111
46,30,-0.6252517985611512,0.16666666666666666
46,31,-0.6252517985611512,0.1722222222222222
46,32,-0.6252517985611512,0.17777777777777776
46,33,-0.6252517985611512,0.18333333333333332
46,34,-0.6252517985611512,0.18888888888888886
46,35,-0.6252517985611512,0.19444444444444442
46,36,-0.6252517985611512,0.19999999999999998
46,37,-0.6252517985611512,0.20555555555555552
46,38,-0.6252517985611512,0.21111111111111108
46,39,-0.6252517985611512,0.21666666666666665
46,40,-0.6252517985611512,0.2222222222222222
46,41,-0.6252517985611512,0.22777777777777775
46,42,-0.6252517985611512,0.2333333333333333
46,43,-0.6252517985611512,0.23888888888888887
46,44,-0.6252517985611512,0.2444444444444444
46,45,-0.6252517985611512,0.24999999999999997
46,46,-0.6252517985611512,0.25555555555555554
46,47,-0.6252517985611512,0.26111111111111107
46,48,-0.6252517985611512,0.2666666666666666
46,49,-0.6252517985611512,0.2722222222222222
46,50,-0.6252517985611512,0.27777777777777773
46,51,-0.6252517985611512,0.2833333333333333
46,52,-0.6252517985611512,0.28888888888888886
46,53,-0.6252517985611512,0.2944444444444444
46,54,-0.6252517985611512,0.3
46,55,-0.6252517985611512,0.3055555555555555
46,56,-0.6252517985611512,0.31111111111111106
46,57,-0.6252517985611512,0.31666666666666665
46,58,-0.6252517985611512,0.3222222222222222
46,59,-0.6252517985611512,0.3277777777777777
46,60,-0.6252517985611512,0.3333333333333333
46,61,-0.6252517985611512,0.33888888888888885
46,62,-0.6252517985611512,0.3444444444444444
47,1,-0.6094964028776979,0.005555555555555555
47,2,-0.6094964028776979,0.01111111111111111
47,3,-0.6094964028776979,0.016666666666666663
47,4,-0.6094964028776979,0.02222222222222222
47,5,-0.6094964028776979,0.027777777777777776
47,6,-0.6094964028776979,0.033333333333333326
47,7,-0.6094964028776979,0.03888888888888888
47,8,-0.6094964028776979,0.04444444444444444
47,9,-0.6094964028776979,0.049999999999999996
47,10,-0.6094964028776979,0.05555555555555555
47,11,-0.6094964028776979,0.0611111111111111
47,12,-0.6094964028776979,0.06666666666666665
47,13,-0.6094964028776979,0.07222222222222222
47,14,-0.6094964028776979,0.07777777777777777
47,15,-0.6094964028776979,0.08333333333333333
47,16,-0.6094964028776979,0.08888888888888888
47,17,-0.6094964028776979,0.09444444444444443
47,18,-0.6094964028776979,0.09999999999999999
47,19,-0.6094964028776979,0.10555555555555554
47,20,-0.6094964028776979,0.1111111111111111
47,21,-0.6094964028776979,0.11666666666666665
47,22,-0.6094964028776979,0.1222222222222222
47,23,-0.6094964028776979,0.12777777777777777
47,24,-0.6094964028776979,0.1333333333333333
47,25,-0.6094964028776979,0.13888888888888887
47,26,-0.6094964028776979,0.14444444444444443
47,27,-0.6094964028776979,0.15
47,28,-0.6094964028776979,0.15555555555555553
47,29,-0.6094964028776979,0.1611111111111111
47,30,-0.6094964028776979,0.16666666666666666
47,31,-0.6094964028776979,0.1722222222222222
47,32,-0.6094964028776979,0.17777777777777776
47,33,-0.6094964028776979,0.18333333333333332
47,34,-0.6094964028776979,0.18888888888888886
47,35,-0.6094964028776979,0.19444444444444442
47,36,-0.6094964028776979,0.19999999999999998
47,37,-0.6094964028776979,0.20555555555555552
47,38,-0.6094964028776979,0.21111111111111108
47,39,-0.6094964028776979,0.21666666666666665
47,40,-0.6094964028776979,0.2222222222222222
47,41,-0.6094964028776979,0.22777777777777775
47,42,-0.6094964028776979,0.2333333333333333
47,43,-0.6094964028776979,0.23888888888888887
47,44,-0.6094964028776979,0.2444444444444444
47,45,-0.6094964028776979,0.24999999999999997
47,46,-0.6094964028776979,0.25555555555555554
47,47,-0.6094964028776979,0.26111111111111107
47,48,-0.6094964028776979,0.2666666666666666
47,49,-0.6094964028776979,0.2722222222222222
47,50,-0.6094964028776979,0.27777777777777773
47,51,-0.6094964028776979,0.2833333333333333
47,52,-0.6094964028776979,0.28888888888888886
47,53,-0.6094964028776979,0.2944444444444444
47,54,-0.6094964028776979,0.3
47,55,-0.6094964028776979,0.3055555555555555
47,56,-0.6094964028776979,0.31111111111111106
47,57,-0.6094964028776979,0.31666666666666665
47,58,-0.6094964028776979,0.3222222222222222
47,59,-0.6094964028776979,0.3277777777777777
47,60,-0.6094964028776979,0.3333333333333333
47,61,-0.6094964028776979,0.33888888888888885
47,62,-0.6094964028776979,0.3444444444444444
48,1,-0.5937410071942447,0.005555555555555555
48,2,-0.5937410071942447,0.01111111111111111
48,3,-0.5937410071942447,0.016666666666666663
48,4,-0.5937410071942447,0.02222222222222222
48,5,-0.5937410071942447,0.027777777777777776
48,6,-0.5937410071942447,0.033333333333333326
48,7,-0.5937410071942447,0.03888888888888888
48,8,-0.5937410071942447,0.04444444444444444
48,9,-0.5937410071942447,0.049999999999999996
48,10,-0.5937410071942447,0.05555555555555555
48,11,-0.5937410071942447,0.0611111111111111
48,12,-0.5937410071942447,0.06666666666666665
48,13,-0.5937410071942447,0.07222222222222222
48,14,-0.5937410071942447,0.07777777777777777
48,15,-0.5937410071942447,0.08333333333333333
48,16,-0.5937410071942447,0.08888888888888888
48,17,-0.5937410071942447,0.09444444444444443
48,18,-0.5937410071942447,0.09999999999999999
48,19,-0.5937410071942447,0.10555555555555554
48,20,-0.5937410071942447,0.1111111111111111
48,21,-0.5937410071942447,0.11666666666666665
48,22,-0.5937410071942447,0.1222222222222222
48,23,-0.5937410071942447,0.12777777777777777
48,24,-0.5937410071942447,0.1333333333333333
48,25,-0.5937410071942447,0.13888888888888887
48,26,-0.5937410071942447,0.14444444444444443
48,27,-0.5937410071942447,0.15
48,28,-0.5937410071942447,0.15555555555555553
48,29,-0.5937410071942447,0.1611111111111111
48,30,-0.5937410071942447,0.16666666666666666
48,31,-0.5937410071942447,0.1722222222222222
48,32,-0.5937410071942447,0.17777777777777776
48,33,-0.5937410071942447,0.18333333333333332
48,34,-0.5937410071942447,0.18888888888888886
48,35,-0.5937410071942447,0.19444444444444442
48,36,-0.5937410071942447,0.19999999999999998
48,37,-0.5937410071942447,0.20555555555555552
48,38,-0.5937410071942447,0.21111111111111108
48,39,-0.5937410071942447,0.21666666666666665
48,40,-0.5937410071942447,0.2222222222222222
48,41,-0.5937410071942447,0.22777777777777775
48,42,-0.5937410071942447,0.2333333333333333
48,43,-0.5937410071942447,0.23888888888888887
48,44,-0.5937410071942447,0.2444444444444444
48,45,-0.5937410071942447,0.24999999999999997
48,46,-0.5937410071942447,0.25555555555555554
48,47,-0.5937410071942447,0.26111111111111107
48,48,-0.5937410071942447,0.2666666666666666
48,49,-0.5937410071942447,0.2722222222222222
48,50,-0.5937410071942447,0.27777777777777773
48,51,-0.5937410071942447,0.2833333333333333
48,52,-0.5937410071942447,0.28888888888888886
48,53,-0.5937410071942447,0.2944444444444444
48,54,-0.5937410071942447,0.3
48,55,-0.5937410071942447,0.3055555555555555
48,56,-0.5937410071942447,0.31111111111111106
48,57,-0.5937410071942447,0.31666666666666665
48,58,-0.5937410071942447,0.3222222222222222
48,59,-0.5937410071942447,0.3277777777777777
48,60,-0.5937410071942447,0.3333333333333333
48,61,-0.5937410071942447,0.33888888888888885
48,62,-0.5937410071942447,0.3444444444444444
49,1,-0.5779856115107915,0.005555555555555555
49,2,-0.5779856115107915,0.01111111111111111
49,3,-0.5779856115107915,0.016666666666666663
49,4,-0.5779856115107915,0.02222222222222222
49,5,-0.5779856115107915,0.027777777777777776
49,6,-0.5779856115107915,0.033333333333333326
49,7,-0.5779856115107915,0.03888888888888888
49,8,-0.5779856115107915,0.04444444444444444
49,9,-0.5779856115107915,0.049999999999999996
49,10,-0.5779856115107915,0.05555555555555555
49,11,-0.5779856115107915,0.0611111111111111
49,12,-0.5779856115107915,0.06666666666666665
49,13,-0.5779856115107915,0.07222222222222222
49,14,-0.5779856115107915,0.07777777777777777
49,15,-0.5779856115107915,0.08333333333333333
49,16,-0.5779856115107915,0.08888888888888888
49,17,-0.5779856115107915,0.09444444444444443
49,18,-0.5779856115107915,0.09999999999999999
49,19,-0.5779856115107915,0.10555555555555554
49,20,-0.5779856115107915,0.1111111111111111
49,21,-0.5779856115107915,0.11666666666666665
49,22,-0.5779856115107915,0.1222222222222222
49,23,-0.5779856115107915,0.12777777777777777
49,24,-0.5779856115107915,0.1333333333333333
49,25,-0.5779856115107915,0.13888888888888887
49,26,-0.5779856115107915,0.14444444444444443
49,27,-0.5779856115107915,0.15
49,28,-0.5779856115107915,0.15555555555555553
49,29,-0.5779856115107915,0.1611111111111111
49,30,-0.5779856115107915,0.16666666666666666
49,31,-0.5779856115107915,0.1722222222222222
49,32,-0.5779856115107915,0.17777777777777776
49,33,-0.5779856115107915,0.18333333333333332
49,34,-0.5779856115107915,0.18888888888888886
49,35,-0.5779856115107915,0.19444444444444442
49,36,-0.5779856115107915,0.19999999999999998
49,37,-0.5779856115107915,0.20555555555555552
49,38,-0.5779856115107915,0.21111111111111108
49,39,-0.5779856115107915,0.21666666666666665
49,40,-0.5779856115107915,0.2222222222222222
49,41,-0.5779856115107915,0.22777777777777775
49,42,-0.5779856115107915,0.2333333333333333
49,43,-0.5779856115107915,0.23888888888888887
49,44,-0.5779856115107915,0.2444444444444444
49,45,-0.5779856115107915,0.24999999999999997
49,46,-0.5779856115107915,0.25555555555555554
49,47,-0.5779856115107915,0.26111111111111107
49,48,-0.5779856115107915,0.2666666666666666
49,49,-0.5779856115107915,0.2722222222222222
49,50,-0.5779856115107915,0.27777777777777773
49,51,-0.5779856115107915,0.2833333333333333
49,52,-0.5779856115107915,0.28888888888888886
49,53,-0.5779856115107915,0.2944444444444444
49,54,-0.5779856115107915,0.3
49,55,-0.5779856115107915,0.3055555555555555
49,56,-0.5779856115107915,0.31111111111111106
49,57,-0.5779856115107915,0.31666666666666665
49,58,-0.5779856115107915,0.3222222222222222
49,59,-0.5779856115107915,0.3277777777777777
49,60,-0.5779856115107915,0.3333333333333333
49,61,-0.5779856115107915,0.33888888888888885
49,62,-0.5779856115107915,0.3444444444444444
50,1,-0.5622302158273382,0.005555555555555555
50,2,-0.5622302158273382,0.01111111111111111
50,3,-0.5622302158273382,0.016666666666666663
50,4,-0.5622302158273382,0.02222222222222222
50,5,-0.5622302158273382,0.027777777777777776
50,6,-0.5622302158273382,0.033333333333333326
50,7,-0.5622302158273382,0.03888888888888888
50,8,-0.5622302158273382,0.04444444444444444
50,9,-0.5622302158273382,0.049999999999999996
50,10,-0.5622302158273382,0.05555555555555555
50,11,-0.5622302158273382,0.0611111111111111
50,12,-0.5622302158273382,0.06666666666666665
50,13,-0.5622302158273382,0.07222222222222222
50,14,-0.5622302158273382,0.07777777777777777
50,15,-0.5622302158273382,0.08333333333333333
50,16,-0.5622302158273382,0.08888888888888888
50,17,-0.5622302158273382,0.09444444444444443
50,18,-0.5622302158273382,0.09999999999999999
50,19,-0.5622302158273382,0.10555555555555554
50,20,-0.5622302158273382,0.1111111111111111
50,21,-0.5622302158273382,0.11666666666666665
50,22,-0.5622302158273382,0.1222222222222222
50,23,-0.5622302158273382,0.12777777777777777
50,24,-0.5622302158273382,0.1333333333333333
50,25,-0.5622302158273382,0.13888888888888887
50,26,-0.5622302158273382,0.14444444444444443
50,27,-0.5622302158273382,0.15
50,28,-0.5622302158273382,0.15555555555555553
50,29,-0.5622302158273382,0.1611111111111111
50,30,-0.5622302158273382,0.16666666666666666
50,31,-0.5622302158273382,0.1722222222222222
50,32,-0.5622302158273382,0.17777777777777776
50,33,-0.5622302158273382,0.18333333333333332
50,34,-0.5622302158273382,0.18888888888888886
50,35,-0.5622302158273382,0.19444444444444442
50,36,-0.5622302158273382,0.19999999999999998
50,37,-0.5622302158273382,0.20555555555555552
50,38,-0.5622302158273382,0.21111111111111108
50,39,-0.5622302158273382,0.21666666666666665
50,40,-0.5622302158273382,0.2222222222222222
50,41,-0.5622302158273382,0.22777777777777775
50,42,-0.5622302158273382,0.2333333333333333
50,43,-0.5622302158273382,0.23888888888888887
50,44,-0.5622302158273382,0.2444444444444444
50,45,-0.5622302158273382,0.24999999999999997
50,46,-0.5622302158273382,0.25555555555555554
50,47,-0.5622302158273382,0.26111111111111107
50,48,-0.5622302158273382,0.2666666666666666
50,49,-0.5622302158273382,0.2722222222222222
50,50,-0.5622302158273382,0.27777777777777773
50,51,-0.5622302158273382,0.2833333333333333
50,52,-0.5622302158273382,0.28888888888888886
50,53,-0.5622302158273382,0.2944444444444444
50,54,-0.5622302158273382,0.3
50,55,-0.5622302158273382,0.3055555555555555
50,56,-0.5622302158273382,0.31111111111111106
50,57,-0.5622302158273382,0.31666666666666665
50,58,-0.5622302158273382,0.3222222222222222
50,59,-0.5622302158273382,0.3277777777777777
50,60,-0.5622302158273382,0.3333333333333333
50,61,-0.5622302158273382,0.33888888888888885
50,62,-0.5622302158273382,0.3444444444444444
51,1,-0.546474820143885,0.005555555555555555
51,2,-0.546474820143885,0.01111111111111111
51,3,-0.546474820143885,0.016666666666666663
51,4,-0.546474820143885,0.02222222222222222
51,5,-0.546474820143885,0.027777777777777776
51,6,-0.546474820143885,0.033333333333333326
51,7,-0.546474820143885,0.03888888888888888
51,8,-0.546474820143885,0.04444444444444444
51,9,-0.546474820143885,0.049999999999999996
51,10,-0.546474820143885,0.05555555555555555
51,11,-0.546474820143885,0.0611111111111111
51,12,-0.546474820143885,0.06666666666666665
51,13,-0.546474820143885,0.07222222222222222
51,14,-0.546474820143885,0.07777777777777777
51,15,-0.546474820143885,0.08333333333333333
51,16,-0.546474820143885,0.08888888888888888
51,17,-0.546474820143885,0.09444444444444443
51,18,-0.546474820143885,0.09999999999999999
51,19,-0.546474820143885,0.10555555555555554
51,20,-0.546474820143885,0.1111111111111111
51,21,-0.546474820143885,0.11666666666666665
51,22,-0.546474820143885,0.1222222222222222
51,23,-0.546474820143885,0.12777777777777777
51,24,-0.546474820143885,0.1333333333333333
51,25,-0.546474820143885,0.13888888888888887
51,26,-0.546474820143885,0.14444444444444443
51,27,-0.546474820143885,0.15
51,28,-0.546474820143885,0.15555555555555553
51,29,-0.546474820143885,0.1611111111111111
51,30,-0.546474820143885,0.16666666666666666
51,31,-0.546474820143885,0.1722222222222222
51,32,-0.546474820143885,0.17777777777777776
51,33,-0.546474820143885,0.18333333333333332
51,34,-0.546474820143885,0.18888888888888886
51,35,-0.546474820143885,0.19444444444444442
51,36,-0.546474820143885,0.19999999999999998
51,37,-0.546474820143885,0.20555555555555552
51,38,-0.546474820143885,0.21111111111111108
51,39,-0.546474820143885,0.21666666666666665
51,40,-0.546474820143885,0.2222222222222222
51,41,-0.546474820143885,0.22777777777777775
51,42,-0.546474820143885,0.2333333333333333
51,43,-0.546474820143885,0.23888888888888887
51,44,-0.546474820143885,0.2444444444444444
51,45,-0.546474820143885,0.24999999999999997
51,46,-0.546474820143885,0.25555555555555554
51,47,-0.546474820143885,0.26111111111111107
51,48,-0.546474820143885,0.2666666666666666
51,49,-0.546474820143885,0.2722222222222222
51,50,-0.546474820143885,0.27777777777777773
51,51,-0.546474820143885,0.2833333333333333
51,52,-0.546474820143885,0.28888888888888886
51,53,-0.546474820143885,0.2944444444444444
51,54,-0.546474820143885,0.3
51,55,-0.546474820143885,0.3055555555555555
51,56,-0.546474820143885,0.31111111111111106
51,57,-0.546474820143885,0.31666666666666665
51,58,-0.546474820143885,0.3222222222222222
51,59,-0.546474820143885,0.3277777777777777
51,60,-0.546474820143885,0.3333333333333333
51,61,-0.546474820143885,0.33888888888888885
51,62,-0.546474820143885,0.3444444444444444
52,1,-0.5307194244604317,0.005555555555555555
52,2,-0.5307194244604317,0.01111111111111111
52,3,-0.5307194244604317,0.016666666666666663
52,4,-0.5307194244604317,0.02222222222222222
52,5,-0.5307194244604317,0.027777777777777776
52,6,-0.5307194244604317,0.033333333333333326
52,7,-0.5307194244604317,0.03888888888888888
52,8,-0.5307194244604317,0.04444444444444444
52,9,-0.5307194244604317,0.049999999999999996
52,10,-0.5307194244604317,0.05555555555555555
52,11,-0.5307194244604317,0.0611111111111111
52,12,-0.5307194244604317,0.06666666666666665
52,13,-0.5307194244604317,0.07222222222222222
52,14,-0.5307194244604317,0.07777777777777777
52,15,-0.5307194244604317,0.08333333333333333
52,16,-0.5307194244604317,0.08888888888888888
52,17,-0.5307194244604317,0.09444444444444443
52,18,-0.5307194244604317,0.09999999999999999
52,19,-0.5307194244604317,0.10555555555555554
52,20,-0.5307194244604317,0.1111111111111111
52,21,-0.5307194244604317,0.11666666666666665
52,22,-0.5307194244604317,0.1222222222222222
52,23,-0.5307194244604317,0.12777777777777777
52,24,-0.5307194244604317,0.1333333333333333
52,25,-0.5307194244604317,0.13888888888888887
52,26,-0.5307194244604317,0.14444444444444443
52,27,-0.5307194244604317,0.15
52,28,-0.5307194244604317,0.15555555555555553
52,29,-0.5307194244604317,0.1611111111111111
52,30,-0.5307194244604317,0.16666666666666666
52,31,-0.5307194244604317,0.1722222222222222
52,32,-0.5307194244604317,0.17777777777777776
52,33,-0.5307194244604317,0.18333333333333332
52,34,-0.5307194244604317,0.18888888888888886
52,35,-0.5307194244604317,0.19444444444444442
52,36,-0.5307194244604317,0.19999999999999998
52,37,-0.5307194244604317,0.20555555555555552
52,38,-0.5307194244604317,0.21111111111111108
52,39,-0.5307194244604317,0.21666666666666665
52,40,-0.5307194244604317,0.2222222222222222
52,41,-0.5307194244604317,0.22777777777777775
52,42,-0.5307194244604317,0.2333333333333333
52,43,-0.5307194244604317,0.23888888888888887
52,44,-0.5307194244604317,0.2444444444444444
52,45,-0.5307194244604317,0.24999999999999997
52,46,-0.5307194244604317,0.25555555555555554
52,47,-0.5307194244604317,0.26111111111111107
52,48,-0.5307194244604317,0.2666666666666666
52,49,-0.5307194244604317,0.2722222222222222
52,50,-0.5307194244604317,0.27777777777777773
52,51,-0.5307194244604317,0.2833333333333333
52,52,-0.5307194244604317,0.28888888888888886
52,53,-0.5307194244604317,0.2944444444444444
52,54,-0.5307194244604317,0.3
52,55,-0.5307194244604317,0.3055555555555555
52,56,-0.5307194244604317,0.31111111111111106
52,57,-0.5307194244604317,0.31666666666666665
52,58,-0.5307194244604317,0.3222222222222222
52,59,-0.5307194244604317,0.3277777777777777
52,60,-0.5307194244604317,0.3333333333333333
52,61,-0.5307194244604317,0.33888888888888885
52,62,-0.5307194244604317,0.3444444444444444
53,1,-0.5149640287769786,0.005555555555555555
53,2,-0.5149640287769786,0.01111111111111111
53,3,-0.5149640287769786,0.016666666666666663
53,4,-0.5149640287769786,0.02222222222222222
53,5,-0.5149640287769786,0.027777777777777776
53,6,-0.5149640287769786,0.033333333333333326
53,7,-0.5149640287769786,0.03888888888888888
53,8,-0.5149640287769786,0.04444444444444444
53,9,-0.5149640287769786,0.049999999999999996
53,10,-0.5149640287769786,0.05555555555555555
53,11,-0.5149640287769786,0.0611111111111111
53,12,-0.5149640287769786,0.06666666666666665
53,13,-0.5149640287769786,0.07222222222222222
53,14,-0.5149640287769786,0.07777777777777777
53,15,-0.5149640287769786,0.08333333333333333
53,16,-0.5149640287769786,0.08888888888888888
53,17,-0.5149640287769786,0.09444444444444443
53,18,-0.5149640287769786,0.09999999999999999
53,19,-0.5149640287769786,0.10555555555555554
53,20,-0.5149640287769786,0.1111111111111111
53,21,-0.5149640287769786,0.11666666666666665
53,22,-0.5149640287769786,0.1222222222222222
53,23,-0.5149640287769786,0.12777777777777777
53,24,-0.5149640287769786,0.1333333333333333
53,25,-0.5149640287769786,0.13888888888888887
53,26,-0.5149640287769786,0.14444444444444443
53,27,-0.5149640287769786,0.15
53,28,-0.5149640287769786,0.15555555555555553
53,29,-0.5149640287769786,0.1611111111111111
53,30,-0.5149640287769786,0.16666666666666666
53,31,-0.5149640287769786,0.1722222222222222
53,32,-0.5149640287769786,0.17777777777777776
53,33,-0.5149640287769786,0.18333333333333332
53,34,-0.5149640287769786,0.18888888888888886
53,35,-0.5149640287769786,0.19444444444444442
53,36,-0.5149640287769786,0.19999999999999998
53,37,-0.5149640287769786,0.20555555555555552
53,38,-0.5149640287769786,0.21111111111111108
53,39,-0.5149640287769786,0.21666666666666665
53,40,-0.5149640287769786,0.2222222222222222
53,41,-0.5149640287769786,0.22777777777777775
53,42,-0.5149640287769786,0.2333333333333333
53,43,-0.5149640287769786,0.23888888888888887
53,44,-0.5149640287769786,0.2444444444444444
53,45,-0.5149640287769786,0.24999999999999997
53,46,-0.5149640287769786,0.25555555555555554
53,47,-0.5149640287769786,0.26111111111111107
53,48,-0.5149640287769786,0.2666666666666666
53,49,-0.5149640287769786,0.2722222222222222
53,50,-0.5149640287769786,0.27777777777777773
53,51,-0.5149640287769786,0.2833333333333333
53,52,-0.5149640287769786,0.28888888888888886
53,53,-0.5149640287769786,0.2944444444444444
53,54,-0.5149640287769786,0.3
53,55,-0.5149640287769786,0.3055555555555555
53,56,-0.5149640287769786,0.31111111111111106
53,57,-0.5149640287769786,0.31666666666666665
53,58,-0.5149640287769786,0.3222222222222222
53,59,-0.5149640287769786,0.3277777777777777
53,60,-0.5149640287769786,0.3333333333333333
53,61,-0.5149640287769786,0.33888888888888885
53,62,-0.5149640287769786,0.3444444444444444
54,1,-0.49920863309352526,0.005555555555555555
54,2,-0.49920863309352526,0.01111111111111111
54,3,-0.49920863309352526,0.016666666666666663
54,4,-0.49920863309352526,0.02222222222222222
54,5,-0.49920863309352526,0.027777777777777776
54,6,-0.49920863309352526,0.033333333333333326
54,7,-0.49920863309352526,0.03888888888888888
54,8,-0.49920863309352526,0.04444444444444444
54,9,-0.49920863309352526,0.049999999999999996
54,10,-0.49920863309352526,0.05555555555555555
54,11,-0.49920863309352526,0.0611111111111111
54,12,-0.49920863309352526,0.06666666666666665
54,13,-0.49920863309352526,0.07222222222222222
54,14,-0.49920863309352526,0.07777777777777777
54,15,-0.49920863309352526,0.08333333333333333
54,16,-0.49920863309352526,0.08888888888888888
54,17,-0.49920863309352526,0.09444444444444443
54,18,-0.49920863309352526,0.09999999999999999
54,19,-0.49920863309352526,0.10555555555555554
54,20,-0.49920863309352526,0.1111111111111111
54,21,-0.49920863309352526,0.11666666666666665
54,22,-0.49920863309352526,0.1222222222222222
54,23,-0.49920863309352526,0.12777777777777777
54,24,-0.49920863309352526,0.1333333333333333
54,25,-0.49920863309352526,0.13888888888888887
54,26,-0.49920863309352526,0.14444444444444443
54,27,-0.49920863309352526,0.15
54,28,-0.49920863309352526,0.15555555555555553
54,29,-0.49920863309352526,0.1611111111111111
54,30,-0.49920863309352526,0.16666666666666666
54,31,-0.49920863309352526,0.1722222222222222
54,32,-0.49920863309352526,0.17777777777777776
54,33,-0.49920863309352526,0.18333333333333332
54,34,-0.49920863309352526,0.18888888888888886
54,35,-0.49920863309352526,0.19444444444444442
54,36,-0.49920863309352526,0.19999999999999998
54,37,-0.49920863309352526,0.20555555555555552
54,38,-0.49920863309352526,0.21111111111111108
54,39,-0.49920863309352526,0.21666666666666665
54,40,-0.49920863309352526,0.2222222222222222
54,41,-0.49920863309352526,0.22777777777777775
54,42,-0.49920863309352526,0.2333333333333333
54,43,-0.49920863309352526,0.23888888888888887
54,44,-0.49920863309352526,0.2444444444444444
54,45,-0.49920863309352526,0.24999999999999997
54,46,-0.49920863309352526,0.25555555555555554
54,47,-0.49920863309352526,0.26111111111111107
54,48,-0.49920863309352526,0.2666666666666666
54,49,-0.49920863309352526,0.2722222222222222
54,50,-0.49920863309352526,0.27777777777777773
54,51,-0.49920863309352526,0.2833333333333333
54,52,-0.49920863309352526,0.28888888888888886
54,53,-0.49920863309352526,0.2944444444444444
54,54,-0.49920863309352526,0.3
54,55,-0.49920863309352526,0.3055555555555555
54,56,-0.49920863309352526,0.31111111111111106
54,57,-0.49920863309352526,0.31666666666666665
54,58,-0.49920863309352526,0.3222222222222222
54,59,-0.49920863309352526,0.3277777777777777
54,60,-0.49920863309352526,0.3333333333333333
54,61,-0.49920863309352526,0.33888888888888885
54,62,-0.49920863309352526,0.3444444444444444
55,1,-0.48345323741007207,0.005555555555555555
55,2,-0.48345323741007207,0.01111111111111111
55,3,-0.48345323741007207,0.016666666666666663
55,4,-0.48345323741007207,0.02222222222222222
55,5,-0.48345323741007207,0.027777777777777776
55,6,-0.48345323741007207,0.033333333333333326
55,7,-0.48345323741007207,0.03888888888888888
55,8,-0.48345323741007207,0.04444444444444444
55,9,-0.48345323741007207,0.049999999999999996
55,10,-0.48345323741007207,0.05555555555555555
55,11,-0.48345323741007207,0.0611111111111111
55,12,-0.48345323741007207,0.06666666666666665
55,13,-0.48345323741007207,0.07222222222222222
55,14,-0.48345323741007207,0.07777777777777777
55,15,-0.48345323741007207,0.08333333333333333
55,16,-0.48345323741007207,0.08888888888888888
55,17,-0.48345323741007207,0.09444444444444443
55,18,-0.48345323741007207,0.09999999999999999
55,19,-0.48345323741007207,0.10555555555555554
55,20,-0.48345323741007207,0.1111111111111111
55,21,-0.48345323741007207,0.11666666666666665
55,22,-0.48345323741007207,0.1222222222222222
55,23,-0.48345323741007207,0.12777777777777777
55,24,-0.48345323741007207,0.1333333333333333
55,25,-0.48345323741007207,0.13888888888888887
55,26,-0.48345323741007207,0.14444444444444443
55,27,-0.48345323741007207,0.15
55,28,-0.48345323741007207,0.15555555555555553
55,29,-0.48345323741007207,0.1611111111111111
55,30,-0.48345323741007207,0.16666666666666666
55,31,-0.48345323741007207,0.1722222222222222
55,32,-0.48345323741007207,0.17777777777777776
55,33,-0.48345323741007207,0.18333333333333332
55,34,-0.48345323741007207,0.18888888888888886
55,35,-0.48345323741007207,0.19444444444444442
55,36,-0.48345323741007207,0.19999999999999998
55,37,-0.48345323741007207,0.20555555555555552
55,38,-0.48345323741007207,0.21111111111111108
55,39,-0.48345323741007207,0.21666666666666665
55,40,-0.48345323741007207,0.2222222222222222
55,41,-0.48345323741007207,0.22777777777777775
55,42,-0.48345323741007207,0.2333333333333333
55,43,-0.48345323741007207,0.23888888888888887
55,44,-0.48345323741007207,0.2444444444444444
55,45,-0.48345323741007207,0.24999999999999997
55,46,-0.48345323741007207,0.25555555555555554
55,47,-0.48345323741007207,0.26111111111111107
55,48,-0.48345323741007207,0.2666666666666666
55,49,-0.48345323741007207,0.2722222222222222
55,50,-0.48345323741007207,0.27777777777777773
55,51,-0.48345323741007207,0.2833333333333333
55,52,-0.48345323741007207,0.28888888888888886
55,53,-0.48345323741007207,0.2944444444444444
55,54,-0.48345323741007207,0.3
55,55,-0.48345323741007207,0.3055555555555555
55,56,-0.48345323741007207,0.31111111111111106
55,57,-0.48345323741007207,0.31666666666666665
55,58,-0.48345323741007207,0.3222222222222222
55,59,-0.48345323741007207,0.3277777777777777
55,60,-0.48345323741007207,0.3333333333333333
55,61,-0.48345323741007207,0.33888888888888885
55,62,-0.48345323741007207,0.3444444444444444
56,1,-0.4676978417266189,0.005555555555555555
56,2,-0.4676978417266189,0.01111111111111111
56,3,-0.4676978417266189,0.016666666666666663
56,4,-0.4676978417266189,0.02222222222222222
56,5,-0.4676978417266189,0.027777777777777776
56,6,-0.4676978417266189,0.033333333333333326
56,7,-0.4676978417266189,0.03888888888888888
56,8,-0.4676978417266189,0.04444444444444444
56,9,-0.4676978417266189,0.049999999999999996
56,10,-0.4676978417266189,0.05555555555555555
56,11,-0.4676978417266189,0.0611111111111111
56,12,-0.4676978417266189,0.06666666666666665
56,13,-0.4676978417266189,0.07222222222222222
56,14,-0.4676978417266189,0.07777777777777777
56,15,-0.4676978417266189,0.08333333333333333
56,16,-0.4676978417266189,0.08888888888888888
56,17,-0.4676978417266189,0.09444444444444443
56,18,-0.4676978417266189,0.09999999999999999
56,19,-0.4676978417266189,0.10555555555555554
56,20,-0.4676978417266189,0.1111111111111111
56,21,-0.4676978417266189,0.11666666666666665
56,22,-0.4676978417266189,0.1222222222222222
56,23,-0.4676978417266189,0.12777777777777777
56,24,-0.4676978417266189,0.1333333333333333
56,25,-0.4676978417266189,0.13888888888888887
56,26,-0.4676978417266189,0.14444444444444443
56,27,-0.4676978417266189,0.15
56,28,-0.4676978417266189,0.15555555555555553
56,29,-0.4676978417266189,0.1611111111111111
56,30,-0.4676978417266189,0.16666666666666666
56,31,-0.4676978417266189,0.1722222222222222
56,32,-0.4676978417266189,0.17777777777777776
56,33,-0.4676978417266189,0.18333333333333332
56,34,-0.4676978417266189,0.18888888888888886
56,35,-0.4676978417266189,0.19444444444444442
56,36,-0.4676978417266189,0.19999999999999998
56,37,-0.4676978417266189,0.20555555555555552
56,38,-0.4676978417266189,0.21111111111111108
56,39,-0.4676978417266189,0.21666666666666665
56,40,-0.4676978417266189,0.2222222222222222
56,41,-0.4676978417266189,0.22777777777777775
56,42,-0.4676978417266189,0.2333333333333333
56,43,-0.4676978417266189,0.23888888888888887
56,44,-0.4676978417266189,0.2444444444444444
56,45,-0.4676978417266189,0.24999999999999997
56,46,-0.4676978417266189,0.25555555555555554
56,47,-0.4676978417266189,0.26111111111111107
56,48,-0.4676978417266189,0.2666666666666666
56,49,-0.4676978417266189,0.2722222222222222
56,50,-0.4676978417266189,0.27777777777777773
56,51,-0.4676978417266189,0.2833333333333333
56,52,-0.4676978417266189,0.28888888888888886
56,53,-0.4676978417266189,0.2944444444444444
56,54,-0.4676978417266189,0.3
56,55,-0.4676978417266189,0.3055555555555555
56,56,-0.4676978417266189,0.31111111111111106
56,57,-0.4676978417266189,0.31666666666666665
56,58,-0.4676978417266189,0.3222222222222222
56,59,-0.4676978417266189,0.3277777777777777
56,60,-0.4676978417266189,0.3333333333333333
56,61,-0.4676978417266189,0.33888888888888885
56,62,-0.4676978417266189,0.3444444444444444
57,1,-0.4519424460431656,0.005555555555555555
57,2,-0.4519424460431656,0.01111111111111111
57,3,-0.4519424460431656,0.016666666666666663
57,4,-0.4519424460431656,0.02222222222222222
57,5,-0.4519424460431656,0.027777777777777776
57,6,-0.4519424460431656,0.033333333333333326
57,7,-0.4519424460431656,0.03888888888888888
57,8,-0.4519424460431656,0.04444444444444444
57,9,-0.4519424460431656,0.049999999999999996
57,10,-0.4519424460431656,0.05555555555555555
57,11,-0.4519424460431656,0.0611111111111111
57,12,-0.4519424460431656,0.06666666666666665
57,13,-0.4519424460431656,0.07222222222222222
57,14,-0.4519424460431656,0.07777777777777777
57,15,-0.4519424460431656,0.08333333333333333
57,16,-0.4519424460431656,0.08888888888888888
57,17,-0.4519424460431656,0.09444444444444443
57,18,-0.4519424460431656,0.09999999999999999
57,19,-0.4519424460431656,0.10555555555555554
57,20,-0.4519424460431656,0.1111111111111111
57,21,-0.4519424460431656,0.11666666666666665
57,22,-0.4519424460431656,0.1222222222222222
57,23,-0.4519424460431656,0.12777777777777777
57,24,-0.4519424460431656,0.1333333333333333
57,25,-0.4519424460431656,0.13888888888888887
57,26,-0.4519424460431656,0.14444444444444443
57,27,-0.4519424460431656,0.15
57,28,-0.4519424460431656,0.15555555555555553
57,29,-0.4519424460431656,0.1611111111111111
57,30,-0.4519424460431656,0.16666666666666666
57,31,-0.4519424460431656,0.1722222222222222
57,32,-0.4519424460431656,0.17777777777777776
57,33,-0.4519424460431656,0.18333333333333332
57,34,-0.4519424460431656,0.18888888888888886
57,35,-0.4519424460431656,0.19444444444444442
57,36,-0.4519424460431656,0.19999999999999998
57,37,-0.4519424460431656,0.20555555555555552
57,38,-0.4519424460431656,0.21111111111111108
57,39,-0.4519424460431656,0.21666666666666665
57,40,-0.4519424460431656,0.2222222222222222
57,41,-0.4519424460431656,0.22777777777777775
57,42,-0.4519424460431656,0.2333333333333333
57,43,-0.4519424460431656,0.23888888888888887
57,44,-0.4519424460431656,0.2444444444444444
57,45,-0.4519424460431656,0.24999999999999997
57,46,-0.4519424460431656,0.25555555555555554
57,47,-0.4519424460431656,0.26111111111111107
57,48,-0.4519424460431656,0.2666666666666666
57,49,-0.4519424460431656,0.2722222222222222
57,50,-0.4519424460431656,0.27777777777777773
57,51,-0.4519424460431656,0.2833333333333333
57,52,-0.4519424460431656,0.28888888888888886
57,53,-0.4519424460431656,0.2944444444444444
57,54,-0.4519424460431656,0.3
57,55,-0.4519424460431656,0.3055555555555555
57,56,-0.4519424460431656,0.31111111111111106
57,57,-0.4519424460431656,0.31666666666666665
57,58,-0.4519424460431656,0.3222222222222222
57,59,-0.4519424460431656,0.3277777777777777
57,60,-0.4519424460431656,0.3333333333333333
57,61,-0.4519424460431656,0.33888888888888885
57,62,-0.4519424460431656,0.3444444444444444
58,1,-0.4361870503597124,0.005555555555555555
58,2,-0.4361870503597124,0.01111111111111111
58,3,-0.4361870503597124,0.016666666666666663
58,4,-0.4361870503597124,0.02222222222222222
58,5,-0.4361870503597124,0.027777777777777776
58,6,-0.4361870503597124,0.033333333333333326
58,7,-0.4361870503597124,0.03888888888888888
58,8,-0.4361870503597124,0.04444444444444444
58,9,-0.4361870503597124,0.049999999999999996
58,10,-0.4361870503597124,0.05555555555555555
58,11,-0.4361870503597124,0.0611111111111111
58,12,-0.4361870503597124,0.06666666666666665
58,13,-0.4361870503597124,0.07222222222222222
58,14,-0.4361870503597124,0.07777777777777777
58,15,-0.4361870503597124,0.08333333333333333
58,16,-0.4361870503597124,0.08888888888888888
58,17,-0.4361870503597124,0.09444444444444443
58,18,-0.4361870503597124,0.09999999999999999
58,19,-0.4361870503597124,0.10555555555555554
58,20,-0.4361870503597124,0.1111111111111111
58,21,-0.4361870503597124,0.11666666666666665
58,22,-0.4361870503597124,0.1222222222222222
58,23,-0.4361870503597124,0.12777777777777777
58,24,-0.4361870503597124,0.1333333333333333
58,25,-0.4361870503597124,0.13888888888888887
58,26,-0.4361870503597124,0.14444444444444443
58,27,-0.4361870503597124,0.15
58,28,-0.4361870503597124,0.15555555555555553
58,29,-0.4361870503597124,0.1611111111111111
58,30,-0.4361870503597124,0.16666666666666666
58,31,-0.4361870503597124,0.1722222222222222
58,32,-0.4361870503597124,0.17777777777777776
58,33,-0.4361870503597124,0.18333333333333332
58,34,-0.4361870503597124,0.18888888888888886
58,35,-0.4361870503597124,0.19444444444444442
58,36,-0.4361870503597124,0.19999999999999998
58,37,-0.4361870503597124,0.20555555555555552
58,38,-0.4361870503597124,0.21111111111111108
58,39,-0.4361870503597124,0.21666666666666665
58,40,-0.4361870503597124,0.2222222222222222
58,41,-0.4361870503597124,0.22777777777777775
58,42,-0.4361870503597124,0.2333333333333333
58,43,-0.4361870503597124,0.23888888888888887
58,44,-0.4361870503597124,0.2444444444444444
58,45,-0.4361870503597124,0.24999999999999997
58,46,-0.4361870503597124,0.25555555555555554
58,47,-0.4361870503597124,0.26111111111111107
58,48,-0.4361870503597124,0.2666666666666666
58,49,-0.4361870503597124,0.2722222222222222
58,50,-0.4361870503597124,0.27777777777777773
58,51,-0.4361870503597124,0.2833333333333333
58,52,-0.4361870503597124,0.28888888888888886
58,53,-0.4361870503597124,0.2944444444444444
58,54,-0.4361870503597124,0.3
58,55,-0.4361870503597124,0.3055555555555555
58,56,-0.4361870503597124,0.31111111111111106
58,57,-0.4361870503597124,0.31666666666666665
58,58,-0.4361870503597124,0.3222222222222222
58,59,-0.4361870503597124,0.3277777777777777
58,60,-0.4361870503597124,0.3333333333333333
58,61,-0.4361870503597124,0.33888888888888885
58,62,-0.4361870503597124,0.3444444444444444
59,1,-0.4204316546762591,0.005555555555555555
59,2,-0.4204316546762591,0.01111111111111111
59,3,-0.4204316546762591,0.016666666666666663
59,4,-0.4204316546762591,0.02222222222222222
59,5,-0.4204316546762591,0.027777777777777776
59,6,-0.4204316546762591,0.033333333333333326
59,7,-0.4204316546762591,0.03888888888888888
59,8,-0.4204316546762591,0.04444444444444444
59,9,-0.4204316546762591,0.049999999999999996
59,10,-0.4204316546762591,0.05555555555555555
59,11,-0.4204316546762591,0.0611111111111111
59,12,-0.4204316546762591,0.06666666666666665
59,13,-0.4204316546762591,0.07222222222222222
59,14,-0.4204316546762591,0.07777777777777777
59,15,-0.4204316546762591,0.08333333333333333
59,16,-0.4204316546762591,0.08888888888888888
59,17,-0.4204316546762591,0.09444444444444443
59,18,-0.4204316546762591,0.09999999999999999
59,19,-0.4204316546762591,0.10555555555555554
59,20,-0.4204316546762591,0.1111111111111111
59,21,-0.4204316546762591,0.11666666666666665
59,22,-0.4204316546762591,0.1222222222222222
59,23,-0.4204316546762591,0.12777777777777777
59,24,-0.4204316546762591,0.1333333333333333
59,25,-0.4204316546762591,0.13888888888888887
59,26,-0.4204316546762591,0.14444444444444443
59,27,-0.4204316546762591,0.15
59,28,-0.4204316546762591,0.15555555555555553
59,29,-0.4204316546762591,0.1611111111111111
59,30,-0.4204316546762591,0.16666666666666666
59,31,-0.4204316546762591,0.1722222222222222
59,32,-0.4204316546762591,0.17777777777777776
59,33,-0.4204316546762591,0.18333333333333332
59,34,-0.4204316546762591,0.18888888888888886
59,35,-0.4204316546762591,0.19444444444444442
59,36,-0.4204316546762591,0.19999999999999998
59,37,-0.4204316546762591,0.20555555555555552
59,38,-0.4204316546762591,0.21111111111111108
59,39,-0.4204316546762591,0.21666666666666665
59,40,-0.4204316546762591,0.2222222222222222
59,41,-0.4204316546762591,0.22777777777777775
59,42,-0.4204316546762591,0.2333333333333333
59,43,-0.4204316546762591,0.23888888888888887
59,44,-0.4204316546762591,0.2444444444444444
59,45,-0.4204316546762591,0.24999999999999997
59,46,-0.4204316546762591,0.25555555555555554
59,47,-0.4204316546762591,0.26111111111111107
59,48,-0.4204316546762591,0.2666666666666666
59,49,-0.4204316546762591,0.2722222222222222
59,50,-0.4204316546762591,0.27777777777777773
59,51,-0.4204316546762591,0.2833333333333333
59,52,-0.4204316546762591,0.28888888888888886
59,53,-0.4204316546762591,0.2944444444444444
59,54,-0.4204316546762591,0.3
59,55,-0.4204316546762591,0.3055555555555555
59,56,-0.4204316546762591,0.31111111111111106
59,57,-0.4204316546762591,0.31666666666666665
59,58,-0.4204316546762591,0.3222222222222222
59,59,-0.4204316546762591,0.3277777777777777
59,60,-0.4204316546762591,0.3333333333333333
59,61,-0.4204316546762591,0.33888888888888885
59,62,-0.4204316546762591,0.3444444444444444
60,1,-0.4046762589928059,0.005555555555555555
60,2,-0.4046762589928059,0.01111111111111111
60,3,-0.4046762589928059,0.016666666666666663
60,4,-0.4046762589928059,0.02222222222222222
60,5,-0.4046762589928059,0.027777777777777776
60,6,-0.4046762589928059,0.033333333333333326
60,7,-0.4046762589928059,0.03888888888888888
60,8,-0.4046762589928059,0.04444444444444444
60,9,-0.4046762589928059,0.049999999999999996
60,10,-0.4046762589928059,0.05555555555555555
60,11,-0.4046762589928059,0.0611111111111111
60,12,-0.4046762589928059,0.06666666666666665
60,13,-0.4046762589928059,0.07222222222222222
60,14,-0.4046762589928059,0.07777777777777777
60,15,-0.4046762589928059,0.08333333333333333
60,16,-0.4046762589928059,0.08888888888888888
60,17,-0.4046762589928059,0.09444444444444443
60,18,-0.4046762589928059,0.09999999999999999
60,19,-0.4046762589928059,0.10555555555555554
60,20,-0.4046762589928059,0.1111111111111111
60,21,-0.4046762589928059,0.11666666666666665
60,22,-0.4046762589928059,0.1222222222222222
60,23,-0.4046762589928059,0.12777777777777777
60,24,-0.4046762589928059,0.1333333333333333
60,25,-0.4046762589928059,0.13888888888888887
60,26,-0.4046762589928059,0.14444444444444443
60,27,-0.4046762589928059,0.15
60,28,-0.4046762589928059,0.15555555555555553
60,29,-0.4046762589928059,0.1611111111111111
60,30,-0.4046762589928059,0.16666666666666666
60,31,-0.4046762589928059,0.1722222222222222
60,32,-0.4046762589928059,0.17777777777777776
60,33,-0.4046762589928059,0.18333333333333332
60,34,-0.4046762589928059,0.18888888888888886
60,35,-0.4046762589928059,0.19444444444444442
60,36,-0.4046762589928059,0.19999999999999998
60,37,-0.4046762589928059,0.20555555555555552
60,38,-0.4046762589928059,0.21111111111111108
60,39,-0.4046762589928059,0.21666666666666665
60,40,-0.4046762589928059,0.2222222222222222
60,41,-0.4046762589928059,0.22777777777777775
60,42,-0.4046762589928059,0.2333333333333333
60,43,-0.4046762589928059,0.23888888888888887
60,44,-0.4046762589928059,0.2444444444444444
60,45,-0.4046762589928059,0.24999999999999997
60,46,-0.4046762589928059,0.25555555555555554
60,47,-0.4046762589928059,0.26111111111111107
60,48,-0.4046762589928059,0.2666666666666666
60,49,-0.4046762589928059,0.2722222222222222
60,50,-0.4046762589928059,0.27777777777777773
60,51,-0.4046762589928059,0.2833333333333333
60,52,-0.4046762589928059,0.28888888888888886
60,53,-0.4046762589928059,0.2944444444444444
60,54,-0.4046762589928059,0.3
60,55,-0.4046762589928059,0.3055555555555555
60,56,-0.4046762589928059,0.31111111111111106
60,57,-0.4046762589928059,0.31666666666666665
60,58,-0.4046762589928059,0.3222222222222222
60,59,-0.4046762589928059,0.3277777777777777
60,60,-0.4046762589928059,0.3333333333333333
60,61,-0.4046762589928059,0.33888888888888885
60,62,-0.4046762589928059,0.3444444444444444
61,1,-0.3889208633093526,0.005555555555555555
61,2,-0.3889208633093526,0.01111111111111111
61,3,-0.3889208633093526,0.016666666666666663
61,4,-0.3889208633093526,0.02222222222222222
61,5,-0.3889208633093526,0.027777777777777776
61,6,-0.3889208633093526,0.033333333333333326
61,7,-0.3889208633093526,0.03888888888888888
61,8,-0.3889208633093526,0.04444444444444444
61,9,-0.3889208633093526,0.049999999999999996
61,10,-0.3889208633093526,0.05555555555555555
61,11,-0.3889208633093526,0.0611111111111111
61,12,-0.3889208633093526,0.06666666666666665
61,13,-0.3889208633093526,0.07222222222222222
61,14,-0.3889208633093526,0.07777777777777777
61,15,-0.3889208633093526,0.08333333333333333
61,16,-0.3889208633093526,0.08888888888888888
61,17,-0.3889208633093526,0.09444444444444443
61,18,-0.3889208633093526,0.09999999999999999
61,19,-0.3889208633093526,0.10555555555555554
61,20,-0.3889208633093526,0.1111111111111111
61,21,-0.3889208633093526,0.11666666666666665
61,22,-0.3889208633093526,0.1222222222222222
61,23,-0.3889208633093526,0.12777777777777777
61,24,-0.3889208633093526,0.1333333333333333
61,25,-0.3889208633093526,0.13888888888888887
61,26,-0.3889208633093526,0.14444444444444443
61,27,-0.3889208633093526,0.15
61,28,-0.3889208633093526,0.15555555555555553
61,29,-0.3889208633093526,0.1611111111111111
61,30,-0.3889208633093526,0.16666666666666666
61,31,-0.3889208633093526,0.1722222222222222
61,32,-0.3889208633093526,0.17777777777777776
61,33,-0.3889208633093526,0.18333333333333332
61,34,-0.3889208633093526,0.18888888888888886
61,35,-0.3889208633093526,0.19444444444444442
61,36,-0.3889208633093526,0.19999999999999998
61,37,-0.3889208633093526,0.20555555555555552
61,38,-0.3889208633093526,0.21111111111111108
61,39,-0.3889208633093526,0.21666666666666665
61,40,-0.3889208633093526,0.2222222222222222
61,41,-0.3889208633093526,0.22777777777777775
61,42,-0.3889208633093526,0.2333333333333333
61,43,-0.3889208633093526,0.23888888888888887
61,44,-0.3889208633093526,0.2444444444444444
61,45,-0.3889208633093526,0.24999999999999997
61,46,-0.3889208633093526,0.25555555555555554
61,47,-0.3889208633093526,0.26111111111111107
61,48,-0.3889208633093526,0.2666666666666666
61,49,-0.3889208633093526,0.2722222222222222
61,50,-0.3889208633093526,0.27777777777777773
61,51,-0.3889208633093526,0.2833333333333333
61,52,-0.3889208633093526,0.28888888888888886
61,53,-0.3889208633093526,0.2944444444444444
61,54,-0.3889208633093526,0.3
61,55,-0.3889208633093526,0.3055555555555555
61,56,-0.3889208633093526,0.31111111111111106
61,57,-0.3889208633093526,0.31666666666666665
61,58,-0.3889208633093526,0.3222222222222222
61,59,-0.3889208633093526,0.3277777777777777
61,60,-0.3889208633093526,0.3333333333333333
61,61,-0.3889208633093526,0.33888888888888885
61,62,-0.3889208633093526,0.3444444444444444
62,1,-0.3731654676258994,0.005555555555555555
62,2,-0.3731654676258994,0.01111111111111111
62,3,-0.3731654676258994,0.016666666666666663
62,4,-0.3731654676258994,0.02222222222222222
62,5,-0.3731654676258994,0.027777777777777776
62,6,-0.3731654676258994,0.033333333333333326
62,7,-0.3731654676258994,0.03888888888888888
62,8,-0.3731654676258994,0.04444444444444444
62,9,-0.3731654676258994,0.049999999999999996
62,10,-0.3731654676258994,0.05555555555555555
62,11,-0.3731654676258994,0.0611111111111111
62,12,-0.3731654676258994,0.06666666666666665
62,13,-0.3731654676258994,0.07222222222222222
62,14,-0.3731654676258994,0.07777777777777777
62,15,-0.3731654676258994,0.08333333333333333
62,16,-0.3731654676258994,0.08888888888888888
62,17,-0.3731654676258994,0.09444444444444443
62,18,-0.3731654676258994,0.09999999999999999
62,19,-0.3731654676258994,0.10555555555555554
62,20,-0.3731654676258994,0.1111111111111111
62,21,-0.3731654676258994,0.11666666666666665
62,22,-0.3731654676258994,0.1222222222222222
62,23,-0.3731654676258994,0.12777777777777777
62,24,-0.3731654676258994,0.1333333333333333
62,25,-0.3731654676258994,0.13888888888888887
62,26,-0.3731654676258994,0.14444444444444443
62,27,-0.3731654676258994,0.15
62,28,-0.3731654676258994,0.15555555555555553
62,29,-0.3731654676258994,0.1611111111111111
62,30,-0.3731654676258994,0.16666666666666666
62,31,-0.3731654676258994,0.1722222222222222
62,32,-0.3731654676258994,0.17777777777777776
62,33,-0.3731654676258994,0.18333333333333332
62,34,-0.3731654676258994,0.18888888888888886
62,35,-0.3731654676258994,0.19444444444444442
62,36,-0.3731654676258994,0.19999999999999998
62,37,-0.3731654676258994,0.20555555555555552
62,38,-0.3731654676258994,0.21111111111111108
62,39,-0.3731654676258994,0.21666666666666665
62,40,-0.3731654676258994,0.2222222222222222
62,41,-0.3731654676258994,0.22777777777777775
62,42,-0.3731654676258994,0.2333333333333333
62,43,-0.3731654676258994,0.23888888888888887
62,44,-0.3731654676258994,0.2444444444444444
62,45,-0.3731654676258994,0.24999999999999997
62,46,-0.3731654676258994,0.25555555555555554
62,47,-0.3731654676258994,0.26111111111111107
62,48,-0.3731654676258994,0.2666666666666666
62,49,-0.3731654676258994,0.2722222222222222
62,50,-0.3731654676258994,0.27777777777777773
62,51,-0.3731654676258994,0.2833333333333333
62,52,-0.3731654676258994,0.28888888888888886
62,53,-0.3731654676258994,0.2944444444444444
62,54,-0.3731654676258994,0.3
62,55,-0.3731654676258994,0.3055555555555555
62,56,-0.3731654676258994,0.31111111111111106
62,57,-0.3731654676258994,0.31666666666666665
62,58,-0.3731654676258994,0.3222222222222222
62,59,-0.3731654676258994,0.3277777777777777
62,60,-0.3731654676258994,0.3333333333333333
62,61,-0.3731654676258994,0.33888888888888885
62,62,-0.3731654676258994,0.3444444444444444
63,1,-0.3574100719424461,0.005555555555555555
63,2,-0.3574100719424461,0.01111111111111111
63,3,-0.3574100719424461,0.016666666666666663
63,4,-0.3574100719424461,0.02222222222222222
63,5,-0.3574100719424461,0.027777777777777776
63,6,-0.3574100719424461,0.033333333333333326
63,7,-0.3574100719424461,0.03888888888888888
63,8,-0.3574100719424461,0.04444444444444444
63,9,-0.3574100719424461,0.049999999999999996
63,10,-0.3574100719424461,0.05555555555555555
63,11,-0.3574100719424461,0.0611111111111111
63,12,-0.3574100719424461,0.06666666666666665
63,13,-0.3574100719424461,0.07222222222222222
63,14,-0.3574100719424461,0.07777777777777777
63,15,-0.3574100719424461,0.08333333333333333
63,16,-0.3574100719424461,0.08888888888888888
63,17,-0.3574100719424461,0.09444444444444443
63,18,-0.3574100719424461,0.09999999999999999
63,19,-0.3574100719424461,0.10555555555555554
63,20,-0.3574100719424461,0.1111111111111111
63,21,-0.3574100719424461,0.11666666666666665
63,22,-0.3574100719424461,0.1222222222222222
63,23,-0.3574100719424461,0.12777777777777777
63,24,-0.3574100719424461,0.1333333333333333
63,25,-0.3574100719424461,0.13888888888888887
63,26,-0.3574100719424461,0.14444444444444443
63,27,-0.3574100719424461,0.15
63,28,-0.3574100719424461,0.15555555555555553
63,29,-0.3574100719424461,0.1611111111111111
63,30,-0.3574100719424461,0.16666666666666666
63,31,-0.3574100719424461,0.1722222222222222
63,32,-0.3574100719424461,0.17777777777777776
63,33,-0.3574100719424461,0.18333333333333332
63,34,-0.3574100719424461,0.18888888888888886
63,35,-0.3574100719424461,0.19444444444444442
63,36,-0.3574100719424461,0.19999999999999998
63,37,-0.3574100719424461,0.20555555555555552
63,38,-0.3574100719424461,0.21111111111111108
63,39,-0.3574100719424461,0.21666666666666665
63,40,-0.3574100719424461,0.2222222222222222
63,41,-0.3574100719424461,0.22777777777777775
63,42,-0.3574100719424461,0.2333333333333333
63,43,-0.3574100719424461,0.23888888888888887
63,44,-0.3574100719424461,0.2444444444444444
63,45,-0.3574100719424461,0.24999999999999997
63,46,-0.3574100719424461,0.25555555555555554
63,47,-0.3574100719424461,0.26111111111111107
63,48,-0.3574100719424461,0.2666666666666666
63,49,-0.3574100719424461,0.2722222222222222
63,50,-0.3574100719424461,0.27777777777777773
63,51,-0.3574100719424461,0.2833333333333333
63,52,-0.3574100719424461,0.28888888888888886
63,53,-0.3574100719424461,0.2944444444444444
63,54,-0.3574100719424461,0.3
63,55,-0.3574100719424461,0.3055555555555555
63,56,-0.3574100719424461,0.31111111111111106
63,57,-0.3574100719424461,0.31666666666666665
63,58,-0.3574100719424461,0.3222222222222222
63,59,-0.3574100719424461,0.3277777777777777
63,60,-0.3574100719424461,0.3333333333333333
63,61,-0.3574100719424461,0.33888888888888885
63,62,-0.3574100719424461,0.3444444444444444
64,1,-0.34165467625899293,0.005555555555555555
64,2,-0.34165467625899293,0.01111111111111111
64,3,-0.34165467625899293,0.016666666666666663
64,4,-0.34165467625899293,0.02222222222222222
64,5,-0.34165467625899293,0.027777777777777776
64,6,-0.34165467625899293,0.033333333333333326
64,7,-0.34165467625899293,0.03888888888888888
64,8,-0.34165467625899293,0.04444444444444444
64,9,-0.34165467625899293,0.049999999999999996
64,10,-0.34165467625899293,0.05555555555555555
64,11,-0.34165467625899293,0.0611111111111111
64,12,-0.34165467625899293,0.06666666666666665
64,13,-0.34165467625899293,0.07222222222222222
64,14,-0.34165467625899293,0.07777777777777777
64,15,-0.34165467625899293,0.08333333333333333
64,16,-0.34165467625899293,0.08888888888888888
64,17,-0.34165467625899293,0.09444444444444443
64,18,-0.34165467625899293,0.09999999999999999
64,19,-0.34165467625899293,0.10555555555555554
64,20,-0.34165467625899293,0.1111111111111111
64,21,-0.34165467625899293,0.11666666666666665
64,22,-0.34165467625899293,0.1222222222222222
64,23,-0.34165467625899293,0.12777777777777777
64,24,-0.34165467625899293,0.1333333333333333
64,25,-0.34165467625899293,0.13888888888888887
64,26,-0.34165467625899293,0.14444444444444443
64,27,-0.34165467625899293,0.15
64,28,-0.34165467625899293,0.15555555555555553
64,29,-0.34165467625899293,0.1611111111111111
64,30,-0.34165467625899293,0.16666666666666666
64,31,-0.34165467625899293,0.1722222222222222
64,32,-0.34165467625899293,0.17777777777777776
64,33,-0.34165467625899293,0.18333333333333332
64,34,-0.34165467625899293,0.18888888888888886
64,35,-0.34165467625899293,0.19444444444444442
64,36,-0.34165467625899293,0.19999999999999998
64,37,-0.34165467625899293,0.20555555555555552
64,38,-0.34165467625899293,0.21111111111111108
64,39,-0.34165467625899293,0.21666666666666665
64,40,-0.34165467625899293,0.2222222222222222
64,41,-0.34165467625899293,0.22777777777777775
64,42,-0.34165467625899293,0.2333333333333333
64,43,-0.34165467625899293,0.23888888888888887
64,44,-0.34165467625899293,0.2444444444444444
64,45,-0.34165467625899293,0.24999999999999997
64,46,-0.34165467625899293,0.25555555555555554
64,47,-0.34165467625899293,0.26111111111111107
64,48,-0.34165467625899293,0.2666666666666666
64,49,-0.34165467625899293,0.2722222222222222
64,50,-0.34165467625899293,0.27777777777777773
64,51,-0.34165467625899293,0.2833333333333333
64,52,-0.34165467625899293,0.28888888888888886
64,53,-0.34165467625899293,0.2944444444444444
64,54,-0.34165467625899293,0.3
64,55,-0.34165467625899293,0.3055555555555555
64,56,-0.34165467625899293,0.31111111111111106
64,57,-0.34165467625899293,0.31666666666666665
64,58,-0.34165467625899293,0.3222222222222222
64,59,-0.34165467625899293,0.3277777777777777
64,60,-0.34165467625899293,0.3333333333333333
64,61,-0.34165467625899293,0.33888888888888885
64,62,-0.34165467625899293,0.3444444444444444
65,1,-0.32589928057553963,0.005555555555555555
65,2,-0.32589928057553963,0.01111111111111111
65,3,-0.32589928057553963,0.016666666666666663
65,4,-0.32589928057553963,0.02222222222222222
65,5,-0.32589928057553963,0.027777777777777776
65,6,-0.32589928057553963,0.033333333333333326
65,7,-0.32589928057553963,0.03888888888888888
65,8,-0.32589928057553963,0.04444444444444444
65,9,-0.32589928057553963,0.049999999999999996
65,10,-0.32589928057553963,0.05555555555555555
65,11,-0.32589928057553963,0.0611111111111111
65,12,-0.32589928057553963,0.06666666666666665
65,13,-0.32589928057553963,0.07222222222222222
65,14,-0.32589928057553963,0.07777777777777777
65,15,-0.32589928057553963,0.08333333333333333
65,16,-0.32589928057553963,0.08888888888888888
65,17,-0.32589928057553963,0.09444444444444443
65,18,-0.32589928057553963,0.09999999999999999
65,19,-0.32589928057553963,0.10555555555555554
65,20,-0.32589928057553963,0.1111111111111111
65,21,-0.32589928057553963,0.11666666666666665
65,22,-0.32589928057553963,0.1222222222222222
65,23,-0.32589928057553963,0.12777777777777777
65,24,-0.32589928057553963,0.1333333333333333
65,25,-0.32589928057553963,0.13888888888888887
65,26,-0.32589928057553963,0.14444444444444443
65,27,-0.32589928057553963,0.15
65,28,-0.32589928057553963,0.15555555555555553
65,29,-0.32589928057553963,0.1611111111111111
65,30,-0.32589928057553963,0.16666666666666666
65,31,-0.32589928057553963,0.1722222222222222
65,32,-0.32589928057553963,0.17777777777777776
65,33,-0.32589928057553963,0.18333333333333332
65,34,-0.32589928057553963,0.18888888888888886
65,35,-0.32589928057553963,0.19444444444444442
65,36,-0.32589928057553963,0.19999999999999998
65,37,-0.32589928057553963,0.20555555555555552
65,38,-0.32589928057553963,0.21111111111111108
65,39,-0.32589928057553963,0.21666666666666665
65,40,-0.32589928057553963,0.2222222222222222
65,41,-0.32589928057553963,0.22777777777777775
65,42,-0.32589928057553963,0.2333333333333333
65,43,-0.32589928057553963,0.23888888888888887
65,44,-0.32589928057553963,0.2444444444444444
65,45,-0.32589928057553963,0.24999999999999997
65,46,-0.32589928057553963,0.25555555555555554
65,47,-0.32589928057553963,0.26111111111111107
65,48,-0.32589928057553963,0.2666666666666666
65,49,-0.32589928057553963,0.2722222222222222
65,50,-0.32589928057553963,0.27777777777777773
65,51,-0.32589928057553963,0.2833333333333333
65,52,-0.32589928057553963,0.28888888888888886
65,53,-0.32589928057553963,0.2944444444444444
65,54,-0.32589928057553963,0.3
65,55,-0.32589928057553963,0.3055555555555555
65,56,-0.32589928057553963,0.31111111111111106
65,57,-0.32589928057553963,0.31666666666666665
65,58,-0.32589928057553963,0.3222222222222222
65,59,-0.32589928057553963,0.3277777777777777
65,60,-0.32589928057553963,0.3333333333333333
65,61,-0.32589928057553963,0.33888888888888885
65,62,-0.32589928057553963,0.3444444444444444
66,1,-0.31014388489208655,0.005555555555555555
66,2,-0.31014388489208655,0.01111111111111111
66,3,-0.31014388489208655,0.016666666666666663
66,4,-0.31014388489208655,0.02222222222222222
66,5,-0.31014388489208655,0.027777777777777776
66,6,-0.31014388489208655,0.033333333333333326
66,7,-0.31014388489208655,0.03888888888888888
66,8,-0.31014388489208655,0.04444444444444444
66,9,-0.31014388489208655,0.049999999999999996
66,10,-0.31014388489208655,0.05555555555555555
66,11,-0.31014388489208655,0.0611111111111111
66,12,-0.31014388489208655,0.06666666666666665
66,13,-0.31014388489208655,0.07222222222222222
66,14,-0.31014388489208655,0.07777777777777777
66,15,-0.31014388489208655,0.08333333333333333
66,16,-0.31014388489208655,0.08888888888888888
66,17,-0.31014388489208655,0.09444444444444443
66,18,-0.31014388489208655,0.09999999999999999
66,19,-0.31014388489208655,0.10555555555555554
66,20,-0.31014388489208655,0.1111111111111111
66,21,-0.31014388489208655,0.11666666666666665
66,22,-0.31014388489208655,0.1222222222222222
66,23,-0.31014388489208655,0.12777777777777777
66,24,-0.31014388489208655,0.1333333333333333
66,25,-0.31014388489208655,0.13888888888888887
66,26,-0.31014388489208655,0.14444444444444443
66,27,-0.31014388489208655,0.15
66,28,-0.31014388489208655,0.15555555555555553
66,29,-0.31014388489208655,0.1611111111111111
66,30,-0.31014388489208655,0.16666666666666666
66,31,-0.31014388489208655,0.1722222222222222
66,32,-0.31014388489208655,0.17777777777777776
66,33,-0.31014388489208655,0.18333333333333332
66,34,-0.31014388489208655,0.18888888888888886
66,35,-0.31014388489208655,0.19444444444444442
66,36,-0.31014388489208655,0.19999999999999998
66,37,-0.31014388489208655,0.20555555555555552
66,38,-0.31014388489208655,0.21111111111111108
66,39,-0.31014388489208655,0.21666666666666665
66,40,-0.31014388489208655,0.2222222222222222
66,41,-0.31014388489208655,0.22777777777777775
66,42,-0.31014388489208655,0.2333333333333333
66,43,-0.31014388489208655,0.23888888888888887
66,44,-0.31014388489208655,0.2444444444444444
66,45,-0.31014388489208655,0.24999999999999997
66,46,-0.31014388489208655,0.25555555555555554
66,47,-0.31014388489208655,0.26111111111111107
66,48,-0.31014388489208655,0.2666666666666666
66,49,-0.31014388489208655,0.2722222222222222
66,50,-0.31014388489208655,0.27777777777777773
66,51,-0.31014388489208655,0.2833333333333333
66,52,-0.31014388489208655,0.28888888888888886
66,53,-0.31014388489208655,0.2944444444444444
66,54,-0.31014388489208655,0.3
66,55,-0.31014388489208655,0.3055555555555555
66,56,-0.31014388489208655,0.31111111111111106
66,57,-0.31014388489208655,0.31666666666666665
66,58,-0.31014388489208655,0.3222222222222222
66,59,-0.31014388489208655,0.3277777777777777
66,60,-0.31014388489208655,0.3333333333333333
66,61,-0.31014388489208655,0.33888888888888885
66,62,-0.31014388489208655,0.3444444444444444
67,1,-0.29438848920863325,0.005555555555555555
67,2,-0.29438848920863325,0.01111111111111111
67,3,-0.29438848920863325,0.016666666666666663
67,4,-0.29438848920863325,0.02222222222222222
67,5,-0.29438848920863325,0.027777777777777776
67,6,-0.29438848920863325,0.033333333333333326
67,7,-0.29438848920863325,0.03888888888888888
67,8,-0.29438848920863325,0.04444444444444444
67,9,-0.29438848920863325,0.049999999999999996
67,10,-0.29438848920863325,0.05555555555555555
67,11,-0.29438848920863325,0.0611111111111111
67,12,-0.29438848920863325,0.06666666666666665
67,13,-0.29438848920863325,0.07222222222222222
67,14,-0.29438848920863325,0.07777777777777777
67,15,-0.29438848920863325,0.08333333333333333
67,16,-0.29438848920863325,0.08888888888888888
67,17,-0.29438848920863325,0.09444444444444443
67,18,-0.29438848920863325,0.09999999999999999
67,19,-0.29438848920863325,0.10555555555555554
67,20,-0.29438848920863325,0.1111111111111111
67,21,-0.29438848920863325,0.11666666666666665
67,22,-0.29438848920863325,0.1222222222222222
67,23,-0.29438848920863325,0.12777777777777777
67,24,-0.29438848920863325,0.1333333333333333
67,25,-0.29438848920863325,0.13888888888888887
67,26,-0.29438848920863325,0.14444444444444443
67,27,-0.29438848920863325,0.15
67,28,-0.29438848920863325,0.15555555555555553
67,29,-0.29438848920863325,0.1611111111111111
67,30,-0.29438848920863325,0.16666666666666666
67,31,-0.29438848920863325,0.1722222222222222
67,32,-0.29438848920863325,0.17777777777777776
67,33,-0.29438848920863325,0.18333333333333332
67,34,-0.29438848920863325,0.18888888888888886
67,35,-0.29438848920863325,0.19444444444444442
67,36,-0.29438848920863325,0.19999999999999998
67,37,-0.29438848920863325,0.20555555555555552
67,38,-0.29438848920863325,0.21111111111111108
67,39,-0.29438848920863325,0.21666666666666665
67,40,-0.29438848920863325,0.2222222222222222
67,41,-0.29438848920863325,0.22777777777777775
67,42,-0.29438848920863325,0.2333333333333333
67,43,-0.29438848920863325,0.23888888888888887
67,44,-0.29438848920863325,0.2444444444444444
67,45,-0.29438848920863325,0.24999999999999997
67,46,-0.29438848920863325,0.25555555555555554
67,47,-0.29438848920863325,0.26111111111111107
67,48,-0.29438848920863325,0.2666666666666666
67,49,-0.29438848920863325,0.2722222222222222
67,50,-0.29438848920863325,0.27777777777777773
67,51,-0.29438848920863325,0.2833333333333333
67,52,-0.29438848920863325,0.28888888888888886
67,53,-0.29438848920863325,0.2944444444444444
67,54,-0.29438848920863325,0.3
67,55,-0.29438848920863325,0.3055555555555555
67,56,-0.29438848920863325,0.31111111111111106
67,57,-0.29438848920863325,0.31666666666666665
67,58,-0.29438848920863325,0.3222222222222222
67,59,-0.29438848920863325,0.3277777777777777
67,60,-0.29438848920863325,0.3333333333333333
67,61,-0.29438848920863325,0.33888888888888885
67,62,-0.29438848920863325,0.3444444444444444
68,1,-0.27863309352517995,0.005555555555555555
68,2,-0.27863309352517995,0.01111111111111111
68,3,-0.27863309352517995,0.016666666666666663
68,4,-0.27863309352517995,0.02222222222222222
68,5,-0.27863309352517995,0.027777777777777776
68,6,-0.27863309352517995,0.033333333333333326
68,7,-0.27863309352517995,0.03888888888888888
68,8,-0.27863309352517995,0.04444444444444444
68,9,-0.27863309352517995,0.049999999999999996
68,10,-0.27863309352517995,0.05555555555555555
68,11,-0.27863309352517995,0.0611111111111111
68,12,-0.27863309352517995,0.06666666666666665
68,13,-0.27863309352517995,0.07222222222222222
68,14,-0.27863309352517995,0.07777777777777777
68,15,-0.27863309352517995,0.08333333333333333
68,16,-0.27863309352517995,0.08888888888888888
68,17,-0.27863309352517995,0.09444444444444443
68,18,-0.27863309352517995,0.09999999999999999
68,19,-0.27863309352517995,0.10555555555555554
68,20,-0.27863309352517995,0.1111111111111111
68,21,-0.27863309352517995,0.11666666666666665
68,22,-0.27863309352517995,0.1222222222222222
68,23,-0.27863309352517995,0.12777777777777777
68,24,-0.27863309352517995,0.1333333333333333
68,25,-0.27863309352517995,0.13888888888888887
68,26,-0.27863309352517995,0.14444444444444443
68,27,-0.27863309352517995,0.15
68,28,-0.27863309352517995,0.15555555555555553
68,29,-0.27863309352517995,0.1611111111111111
68,30,-0.27863309352517995,0.16666666666666666
68,31,-0.27863309352517995,0.1722222222222222
68,32,-0.27863309352517995,0.17777777777777776
68,33,-0.27863309352517995,0.18333333333333332
68,34,-0.27863309352517995,0.18888888888888886
68,35,-0.27863309352517995,0.19444444444444442
68,36,-0.27863309352517995,0.19999999999999998
68,37,-0.27863309352517995,0.20555555555555552
68,38,-0.27863309352517995,0.21111111111111108
68,39,-0.27863309352517995,0.21666666666666665
68,40,-0.27863309352517995,0.2222222222222222
68,41,-0.27863309352517995,0.22777777777777775
68,42,-0.27863309352517995,0.2333333333333333
68,43,-0.27863309352517995,0.23888888888888887
68,44,-0.27863309352517995,0.2444444444444444
68,45,-0.27863309352517995,0.24999999999999997
68,46,-0.27863309352517995,0.25555555555555554
68,47,-0.27863309352517995,0.26111111111111107
68,48,-0.27863309352517995,0.2666666666666666
68,49,-0.27863309352517995,0.2722222222222222
68,50,-0.27863309352517995,0.27777777777777773
68,51,-0.27863309352517995,0.2833333333333333
68,52,-0.27863309352517995,0.28888888888888886
68,53,-0.27863309352517995,0.2944444444444444
68,54,-0.27863309352517995,0.3
68,55,-0.27863309352517995,0.3055555555555555
68,56,-0.27863309352517995,0.31111111111111106
68,57,-0.27863309352517995,0.31666666666666665
68,58,-0.27863309352517995,0.3222222222222222
68,59,-0.27863309352517995,0.3277777777777777
68,60,-0.27863309352517995,0.3333333333333333
68,61,-0.27863309352517995,0.33888888888888885
68,62,-0.27863309352517995,0.3444444444444444
69,1,-0.26287769784172665,0.005555555555555555
69,2,-0.26287769784172665,0.01111111111111111
69,3,-0.26287769784172665,0.016666666666666663
69,4,-0.26287769784172665,0.02222222222222222
69,5,-0.26287769784172665,0.027777777777777776
69,6,-0.26287769784172665,0.033333333333333326
69,7,-0.26287769784172665,0.03888888888888888
69,8,-0.26287769784172665,0.04444444444444444
69,9,-0.26287769784172665,0.049999999999999996
69,10,-0.26287769784172665,0.05555555555555555
69,11,-0.26287769784172665,0.0611111111111111
69,12,-0.26287769784172665,0.06666666666666665
69,13,-0.26287769784172665,0.07222222222222222
69,14,-0.26287769784172665,0.07777777777777777
69,15,-0.26287769784172665,0.08333333333333333
69,16,-0.26287769784172665,0.08888888888888888
69,17,-0.26287769784172665,0.09444444444444443
69,18,-0.26287769784172665,0.09999999999999999
69,19,-0.26287769784172665,0.10555555555555554
69,20,-0.26287769784172665,0.1111111111111111
69,21,-0.26287769784172665,0.11666666666666665
69,22,-0.26287769784172665,0.1222222222222222
69,23,-0.26287769784172665,0.12777777777777777
69,24,-0.26287769784172665,0.1333333333333333
69,25,-0.26287769784172665,0.13888888888888887
69,26,-0.26287769784172665,0.14444444444444443
69,27,-0.26287769784172665,0.15
69,28,-0.26287769784172665,0.15555555555555553
69,29,-0.26287769784172665,0.1611111111111111
69,30,-0.26287769784172665,0.16666666666666666
69,31,-0.26287769784172665,0.1722222222222222
69,32,-0.26287769784172665,0.17777777777777776
69,33,-0.26287769784172665,0.18333333333333332
69,34,-0.26287769784172665,0.18888888888888886
69,35,-0.26287769784172665,0.19444444444444442
69,36,-0.26287769784172665,0.19999999999999998
69,37,-0.26287769784172665,0.20555555555555552
69,38,-0.26287769784172665,0.21111111111111108
69,39,-0.26287769784172665,0.21666666666666665
69,40,-0.26287769784172665,0.2222222222222222
69,41,-0.26287769784172665,0.22777777777777775
69,42,-0.26287769784172665,0.2333333333333333
69,43,-0.26287769784172665,0.23888888888888887
69,44,-0.26287769784172665,0.2444444444444444
69,45,-0.26287769784172665,0.24999999999999997
69,46,-0.26287769784172665,0.25555555555555554
69,47,-0.26287769784172665,0.26111111111111107
69,48,-0.26287769784172665,0.2666666666666666
69,49,-0.26287769784172665,0.2722222222222222
69,50,-0.26287769784172665,0.27777777777777773
69,51,-0.26287769784172665,0.2833333333333333
69,52,-0.26287769784172665,0.28888888888888886
69,53,-0.26287769784172665,0.2944444444444444
69,54,-0.26287769784172665,0.3
69,55,-0.26287769784172665,0.3055555555555555
69,56,-0.26287769784172665,0.31111111111111106
69,57,-0.26287769784172665,0.31666666666666665
69,58,-0.26287769784172665,0.3222222222222222
69,59,-0.26287769784172665,0.3277777777777777
69,60,-0.26287769784172665,0.3333333333333333
69,61,-0.26287769784172665,0.33888888888888885
69,62,-0.26287769784172665,0.3444444444444444
70,1,-0.24712230215827358,0.005555555555555555
70,2,-0.24712230215827358,0.01111111111111111
70,3,-0.24712230215827358,0.016666666666666663
70,4,-0.24712230215827358,0.02222222222222222
70,5,-0.24712230215827358,0.027777777777777776
70,6,-0.24712230215827358,0.033333333333333326
70,7,-0.24712230215827358,0.03888888888888888
70,8,-0.24712230215827358,0.04444444444444444
70,9,-0.24712230215827358,0.049999999999999996
70,10,-0.24712230215827358,0.05555555555555555
70,11,-0.24712230215827358,0.0611111111111111
70,12,-0.24712230215827358,0.06666666666666665
70,13,-0.24712230215827358,0.07222222222222222
70,14,-0.24712230215827358,0.07777777777777777
70,15,-0.24712230215827358,0.08333333333333333
70,16,-0.24712230215827358,0.08888888888888888
70,17,-0.24712230215827358,0.09444444444444443
70,18,-0.24712230215827358,0.09999999999999999
70,19,-0.24712230215827358,0.10555555555555554
70,20,-0.24712230215827358,0.1111111111111111
70,21,-0.24712230215827358,0.11666666666666665
70,22,-0.24712230215827358,0.1222222222222222
70,23,-0.24712230215827358,0.12777777777777777
70,24,-0.24712230215827358,0.1333333333333333
70,25,-0.24712230215827358,0.13888888888888887
70,26,-0.24712230215827358,0.14444444444444443
70,27,-0.24712230215827358,0.15
70,28,-0.24712230215827358,0.15555555555555553
70,29,-0.24712230215827358,0.1611111111111111
70,30,-0.24712230215827358,0.16666666666666666
70,31,-0.24712230215827358,0.1722222222222222
70,32,-0.24712230215827358,0.17777777777777776
70,33,-0.24712230215827358,0.18333333333333332
70,34,-0.24712230215827358,0.18888888888888886
70,35,-0.24712230215827358,0.19444444444444442
70,36,-0.24712230215827358,0.19999999999999998
70,37,-0.24712230215827358,0.20555555555555552
70,38,-0.24712230215827358,0.21111111111111108
70,39,-0.24712230215827358,0.21666666666666665
70,40,-0.24712230215827358,0.2222222222222222
70,41,-0.24712230215827358,0.22777777777777775
70,42,-0.24712230215827358,0.2333333333333333
70,43,-0.24712230215827358,0.23888888888888887
70,44,-0.24712230215827358,0.2444444444444444
70,45,-0.24712230215827358,0.24999999999999997
70,46,-0.24712230215827358,0.25555555555555554
70,47,-0.24712230215827358,0.26111111111111107
70,48,-0.24712230215827358,0.2666666666666666
70,49,-0.24712230215827358,0.2722222222222222
70,50,-0.24712230215827358,0.27777777777777773
70,51,-0.24712230215827358,0.2833333333333333
70,52,-0.24712230215827358,0.28888888888888886
70,53,-0.24712230215827358,0.2944444444444444
70,54,-0.24712230215827358,0.3
70,55,-0.24712230215827358,0.3055555555555555
70,56,-0.24712230215827358,0.31111111111111106
70,57,-0.24712230215827358,0.31666666666666665
70,58,-0.24712230215827358,0.3222222222222222
70,59,-0.24712230215827358,0.3277777777777777
70,60,-0.24712230215827358,0.3333333333333333
70,61,-0.24712230215827358,0.33888888888888885
70,62,-0.24712230215827358,0.3444444444444444
71,1,-0.23136690647482028,0.005555555555555555
71,2,-0.23136690647482028,0.01111111111111111
71,3,-0.23136690647482028,0.016666666666666663
71,4,-0.23136690647482028,0.02222222222222222
71,5,-0.23136690647482028,0.027777777777777776
71,6,-0.23136690647482028,0.033333333333333326
71,7,-0.23136690647482028,0.03888888888888888
71,8,-0.23136690647482028,0.04444444444444444
71,9,-0.23136690647482028,0.049999999999999996
71,10,-0.23136690647482028,0.05555555555555555
71,11,-0.23136690647482028,0.0611111111111111
71,12,-0.23136690647482028,0.06666666666666665
71,13,-0.23136690647482028,0.07222222222222222
71,14,-0.23136690647482028,0.07777777777777777
71,15,-0.23136690647482028,0.08333333333333333
71,16,-0.23136690647482028,0.08888888888888888
71,17,-0.23136690647482028,0.09444444444444443
71,18,-0.23136690647482028,0.09999999999999999
71,19,-0.23136690647482028,0.10555555555555554
71,20,-0.23136690647482028,0.1111111111111111
71,21,-0.23136690647482028,0.11666666666666665
71,22,-0.23136690647482028,0.1222222222222222
71,23,-0.23136690647482028,0.12777777777777777
71,24,-0.23136690647482028,0.1333333333333333
71,25,-0.23136690647482028,0.13888888888888887
71,26,-0.23136690647482028,0.14444444444444443
71,27,-0.23136690647482028,0.15
71,28,-0.23136690647482028,0.15555555555555553
71,29,-0.23136690647482028,0.1611111111111111
71,30,-0.23136690647482028,0.16666666666666666
71,31,-0.23136690647482028,0.1722222222222222
71,32,-0.23136690647482028,0.17777777777777776
71,33,-0.23136690647482028,0.18333333333333332
71,34,-0.23136690647482028,0.18888888888888886
71,35,-0.23136690647482028,0.19444444444444442
71,36,-0.23136690647482028,0.19999999999999998
71,37,-0.23136690647482028,0.20555555555555552
71,38,-0.23136690647482028,0.21111111111111108
71,39,-0.23136690647482028,0.21666666666666665
71,40,-0.23136690647482028,0.2222222222222222
71,41,-0.23136690647482028,0.22777777777777775
71,42,-0.23136690647482028,0.2333333333333333
71,43,-0.23136690647482028,0.23888888888888887
71,44,-0.23136690647482028,0.2444444444444444
71,45,-0.23136690647482028,0.24999999999999997
71,46,-0.23136690647482028,0.25555555555555554
71,47,-0.23136690647482028,0.26111111111111107
71,48,-0.23136690647482028,0.2666666666666666
71,49,-0.23136690647482028,0.2722222222222222
71,50,-0.23136690647482028,0.27777777777777773
71,51,-0.23136690647482028,0.2833333333333333
71,52,-0.23136690647482028,0.28888888888888886
71,53,-0.23136690647482028,0.2944444444444444
71,54,-0.23136690647482028,0.3
71,55,-0.23136690647482028,0.3055555555555555
71,56,-0.23136690647482028,0.31111111111111106
71,57,-0.23136690647482028,0.31666666666666665
71,58,-0.23136690647482028,0.3222222222222222
71,59,-0.23136690647482028,0.3277777777777777
71,60,-0.23136690647482028,0.3333333333333333
71,61,-0.23136690647482028,0.33888888888888885
71,62,-0.23136690647482028,0.3444444444444444
72,1,-0.21561151079136698,0.005555555555555555
72,2,-0.21561151079136698,0.01111111111111111
72,3,-0.21561151079136698,0.016666666666666663
72,4,-0.21561151079136698,0.02222222222222222
72,5,-0.21561151079136698,0.027777777777777776
72,6,-0.21561151079136698,0.033333333333333326
72,7,-0.21561151079136698,0.03888888888888888
72,8,-0.21561151079136698,0.04444444444444444
72,9,-0.21561151079136698,0.049999999999999996
72,10,-0.21561151079136698,0.05555555555555555
72,11,-0.21561151079136698,0.0611111111111111
72,12,-0.21561151079136698,0.06666666666666665
72,13,-0.21561151079136698,0.07222222222222222
72,14,-0.21561151079136698,0.07777777777777777
72,15,-0.21561151079136698,0.08333333333333333
72,16,-0.21561151079136698,0.08888888888888888
72,17,-0.21561151079136698,0.09444444444444443
72,18,-0.21561151079136698,0.09999999999999999
72,19,-0.21561151079136698,0.10555555555555554
72,20,-0.21561151079136698,0.1111111111111111
72,21,-0.21561151079136698,0.11666666666666665
72,22,-0.21561151079136698,0.1222222222222222
72,23,-0.21561151079136698,0.12777777777777777
72,24,-0.21561151079136698,0.1333333333333333
72,25,-0.21561151079136698,0.13888888888888887
72,26,-0.21561151079136698,0.14444444444444443
72,27,-0.21561151079136698,0.15
72,28,-0.21561151079136698,0.15555555555555553
72,29,-0.21561151079136698,0.1611111111111111
72,30,-0.21561151079136698,0.16666666666666666
72,31,-0.21561151079136698,0.1722222222222222
72,32,-0.21561151079136698,0.17777777777777776
72,33,-0.21561151079136698,0.18333333333333332
72,34,-0.21561151079136698,0.18888888888888886
72,35,-0.21561151079136698,0.19444444444444442
72,36,-0.21561151079136698,0.19999999999999998
72,37,-0.21561151079136698,0.20555555555555552
72,38,-0.21561151079136698,0.21111111111111108
72,39,-0.21561151079136698,0.21666666666666665
72,40,-0.21561151079136698,0.2222222222222222
72,41,-0.21561151079136698,0.22777777777777775
72,42,-0.21561151079136698,0.2333333333333333
72,43,-0.21561151079136698,0.23888888888888887
72,44,-0.21561151079136698,0.2444444444444444
72,45,-0.21561151079136698,0.24999999999999997
72,46,-0.21561151079136698,0.25555555555555554
72,47,-0.21561151079136698,0.26111111111111107
72,48,-0.21561151079136698,0.2666666666666666
72,49,-0.21561151079136698,0.2722222222222222
72,50,-0.21561151079136698,0.27777777777777773
72,51,-0.21561151079136698,0.2833333333333333
72,52,-0.21561151079136698,0.28888888888888886
72,53,-0.21561151079136698,0.2944444444444444
72,54,-0.21561151079136698,0.3
72,55,-0.21561151079136698,0.3055555555555555
72,56,-0.21561151079136698,0.31111111111111106
72,57,-0.21561151079136698,0.31666666666666665
72,58,-0.21561151079136698,0.3222222222222222
72,59,-0.21561151079136698,0.3277777777777777
72,60,-0.21561151079136698,0.3333333333333333
72,61,-0.21561151079136698,0.33888888888888885
72,62,-0.21561151079136698,0.3444444444444444
73,1,-0.1998561151079139,0.005555555555555555
73,2,-0.1998561151079139,0.01111111111111111
73,3,-0.1998561151079139,0.016666666666666663
73,4,-0.1998561151079139,0.02222222222222222
73,5,-0.1998561151079139,0.027777777777777776
73,6,-0.1998561151079139,0.033333333333333326
73,7,-0.1998561151079139,0.03888888888888888
73,8,-0.1998561151079139,0.04444444444444444
73,9,-0.1998561151079139,0.049999999999999996
73,10,-0.1998561151079139,0.05555555555555555
73,11,-0.1998561151079139,0.0611111111111111
73,12,-0.1998561151079139,0.06666666666666665
73,13,-0.1998561151079139,0.07222222222222222
73,14,-0.1998561151079139,0.07777777777777777
73,15,-0.1998561151079139,0.08333333333333333
73,16,-0.1998561151079139,0.08888888888888888
73,17,-0.1998561151079139,0.09444444444444443
73,18,-0.1998561151079139,0.09999999999999999
73,19,-0.1998561151079139,0.10555555555555554
73,20,-0.1998561151079139,0.1111111111111111
73,21,-0.1998561151079139,0.11666666666666665
73,22,-0.1998561151079139,0.1222222222222222
73,23,-0.1998561151079139,0.12777777777777777
73,24,-0.1998561151079139,0.1333333333333333
73,25,-0.1998561151079139,0.13888888888888887
73,26,-0.1998561151079139,0.14444444444444443
73,27,-0.1998561151079139,0.15
73,28,-0.1998561151079139,0.15555555555555553
73,29,-0.1998561151079139,0.1611111111111111
73,30,-0.1998561151079139,0.16666666666666666
73,31,-0.1998561151079139,0.1722222222222222
73,32,-0.1998561151079139,0.17777777777777776
73,33,-0.1998561151079139,0.18333333333333332
73,34,-0.1998561151079139,0.18888888888888886
73,35,-0.1998561151079139,0.19444444444444442
73,36,-0.1998561151079139,0.19999999999999998
73,37,-0.1998561151079139,0.20555555555555552
73,38,-0.1998561151079139,0.21111111111111108
73,39,-0.1998561151079139,0.21666666666666665
73,40,-0.1998561151079139,0.2222222222222222
73,41,-0.1998561151079139,0.22777777777777775
73,42,-0.1998561151079139,0.2333333333333333
73,43,-0.1998561151079139,0.23888888888888887
73,44,-0.1998561151079139,0.2444444444444444
73,45,-0.1998561151079139,0.24999999999999997
73,46,-0.1998561151079139,0.25555555555555554
73,47,-0.1998561151079139,0.26111111111111107
73,48,-0.1998561151079139,0.2666666666666666
73,49,-0.1998561151079139,0.2722222222222222
73,50,-0.1998561151079139,0.27777777777777773
73,51,-0.1998561151079139,0.2833333333333333
73,52,-0.1998561151079139,0.28888888888888886
73,53,-0.1998561151079139,0.2944444444444444
73,54,-0.1998561151079139,0.3
73,55,-0.1998561151079139,0.3055555555555555
73,56,-0.1998561151079139,0.31111111111111106
73,57,-0.1998561151079139,0.31666666666666665
73,58,-0.1998561151079139,0.3222222222222222
73,59,-0.1998561151079139,0.3277777777777777
73,60,-0.1998561151079139,0.3333333333333333
73,61,-0.1998561151079139,0.33888888888888885
73,62,-0.1998561151079139,0.3444444444444444
74,1,-0.1841007194244606,0.005555555555555555
74,2,-0.1841007194244606,0.01111111111111111
74,3,-0.1841007194244606,0.016666666666666663
74,4,-0.1841007194244606,0.02222222222222222
74,5,-0.1841007194244606,0.027777777777777776
74,6,-0.1841007194244606,0.033333333333333326
74,7,-0.1841007194244606,0.03888888888888888
74,8,-0.1841007194244606,0.04444444444444444
74,9,-0.1841007194244606,0.049999999999999996
74,10,-0.1841007194244606,0.05555555555555555
74,11,-0.1841007194244606,0.0611111111111111
74,12,-0.1841007194244606,0.06666666666666665
74,13,-0.1841007194244606,0.07222222222222222
74,14,-0.1841007194244606,0.07777777777777777
74,15,-0.1841007194244606,0.08333333333333333
74,16,-0.1841007194244606,0.08888888888888888
74,17,-0.1841007194244606,0.09444444444444443
74,18,-0.1841007194244606,0.09999999999999999
74,19,-0.1841007194244606,0.10555555555555554
74,20,-0.1841007194244606,0.1111111111111111
74,21,-0.1841007194244606,0.11666666666666665
74,22,-0.1841007194244606,0.1222222222222222
74,23,-0.1841007194244606,0.12777777777777777
74,24,-0.1841007194244606,0.1333333333333333
74,25,-0.1841007194244606,0.13888888888888887
74,26,-0.1841007194244606,0.14444444444444443
74,27,-0.1841007194244606,0.15
74,28,-0.1841007194244606,0.15555555555555553
74,29,-0.1841007194244606,0.1611111111111111
74,30,-0.1841007194244606,0.16666666666666666
74,31,-0.1841007194244606,0.1722222222222222
74,32,-0.1841007194244606,0.17777777777777776
74,33,-0.1841007194244606,0.18333333333333332
74,34,-0.1841007194244606,0.18888888888888886
74,35,-0.1841007194244606,0.19444444444444442
74,36,-0.1841007194244606,0.19999999999999998
74,37,-0.1841007194244606,0.20555555555555552
74,38,-0.1841007194244606,0.21111111111111108
74,39,-0.1841007194244606,0.21666666666666665
74,40,-0.1841007194244606,0.2222222222222222
74,41,-0.1841007194244606,0.22777777777777775
74,42,-0.1841007194244606,0.2333333333333333
74,43,-0.1841007194244606,0.23888888888888887
74,44,-0.1841007194244606,0.2444444444444444
74,45,-0.1841007194244606,0.24999999999999997
74,46,-0.1841007194244606,0.25555555555555554
74,47,-0.1841007194244606,0.26111111111111107
74,48,-0.1841007194244606,0.2666666666666666
74,49,-0.1841007194244606,0.2722222222222222
74,50,-0.1841007194244606,0.27777777777777773
74,51,-0.1841007194244606,0.2833333333333333
74,52,-0.1841007194244606,0.28888888888888886
74,53,-0.1841007194244606,0.2944444444444444
74,54,-0.1841007194244606,0.3
74,55,-0.1841007194244606,0.3055555555555555
74,56,-0.1841007194244606,0.31111111111111106
74,57,-0.1841007194244606,0.31666666666666665
74,58,-0.1841007194244606,0.3222222222222222
74,59,-0.1841007194244606,0.3277777777777777
74,60,-0.1841007194244606,0.3333333333333333
74,61,-0.1841007194244606,0.33888888888888885
74,62,-0.1841007194244606,0.3444444444444444
75,1,-0.1683453237410073,0.005555555555555555
75,2,-0.1683453237410073,0.01111111111111111
75,3,-0.1683453237410073,0.016666666666666663
75,4,-0.1683453237410073,0.02222222222222222
75,5,-0.1683453237410073,0.027777777777777776
75,6,-0.1683453237410073,0.033333333333333326
75,7,-0.1683453237410073,0.03888888888888888
75,8,-0.1683453237410073,0.04444444444444444
75,9,-0.1683453237410073,0.049999999999999996
75,10,-0.1683453237410073,0.05555555555555555
75,11,-0.1683453237410073,0.0611111111111111
75,12,-0.1683453237410073,0.06666666666666665
75,13,-0.1683453237410073,0.07222222222222222
75,14,-0.1683453237410073,0.07777777777777777
75,15,-0.1683453237410073,0.08333333333333333
75,16,-0.1683453237410073,0.08888888888888888
75,17,-0.1683453237410073,0.09444444444444443
75,18,-0.1683453237410073,0.09999999999999999
75,19,-0.1683453237410073,0.10555555555555554
75,20,-0.1683453237410073,0.1111111111111111
75,21,-0.1683453237410073,0.11666666666666665
75,22,-0.1683453237410073,0.1222222222222222
75,23,-0.1683453237410073,0.12777777777777777
75,24,-0.1683453237410073,0.1333333333333333
75,25,-0.1683453237410073,0.13888888888888887
75,26,-0.1683453237410073,0.14444444444444443
75,27,-0.1683453237410073,0.15
75,28,-0.1683453237410073,0.15555555555555553
75,29,-0.1683453237410073,0.1611111111111111
75,30,-0.1683453237410073,0.16666666666666666
75,31,-0.1683453237410073,0.1722222222222222
75,32,-0.1683453237410073,0.17777777777777776
75,33,-0.1683453237410073,0.18333333333333332
75,34,-0.1683453237410073,0.18888888888888886
75,35,-0.1683453237410073,0.19444444444444442
75,36,-0.1683453237410073,0.19999999999999998
75,37,-0.1683453237410073,0.20555555555555552
75,38,-0.1683453237410073,0.21111111111111108
75,39,-0.1683453237410073,0.21666666666666665
75,40,-0.1683453237410073,0.2222222222222222
75,41,-0.1683453237410073,0.22777777777777775
75,42,-0.1683453237410073,0.2333333333333333
75,43,-0.1683453237410073,0.23888888888888887
75,44,-0.1683453237410073,0.2444444444444444
75,45,-0.1683453237410073,0.24999999999999997
75,46,-0.1683453237410073,0.25555555555555554
75,47,-0.1683453237410073,0.26111111111111107
75,48,-0.1683453237410073,0.2666666666666666
75,49,-0.1683453237410073,0.2722222222222222
75,50,-0.1683453237410073,0.27777777777777773
75,51,-0.1683453237410073,0.2833333333333333
75,52,-0.1683453237410073,0.28888888888888886
75,53,-0.1683453237410073,0.2944444444444444
75,54,-0.1683453237410073,0.3
75,55,-0.1683453237410073,0.3055555555555555
75,56,-0.1683453237410073,0.31111111111111106
75,57,-0.1683453237410073,0.31666666666666665
75,58,-0.1683453237410073,0.3222222222222222
75,59,-0.1683453237410073,0.3277777777777777
75,60,-0.1683453237410073,0.3333333333333333
75,61,-0.1683453237410073,0.33888888888888885
75,62,-0.1683453237410073,0.3444444444444444
76,1,-0.152589928057554,0.005555555555555555
76,2,-0.152589928057554,0.01111111111111111
76,3,-0.152589928057554,0.016666666666666663
76,4,-0.152589928057554,0.02222222222222222
76,5,-0.152589928057554,0.027777777777777776
76,6,-0.152589928057554,0.033333333333333326
76,7,-0.152589928057554,0.03888888888888888
76,8,-0.152589928057554,0.04444444444444444
76,9,-0.152589928057554,0.049999999999999996
76,10,-0.152589928057554,0.05555555555555555
76,11,-0.152589928057554,0.0611111111111111
76,12,-0.152589928057554,0.06666666666666665
76,13,-0.152589928057554,0.07222222222222222
76,14,-0.152589928057554,0.07777777777777777
76,15,-0.152589928057554,0.08333333333333333
76,16,-0.152589928057554,0.08888888888888888
76,17,-0.152589928057554,0.09444444444444443
76,18,-0.152589928057554,0.09999999999999999
76,19,-0.152589928057554,0.10555555555555554
76,20,-0.152589928057554,0.1111111111111111
76,21,-0.152589928057554,0.11666666666666665
76,22,-0.152589928057554,0.1222222222222222
76,23,-0.152589928057554,0.12777777777777777
76,24,-0.152589928057554,0.1333333333333333
76,25,-0.152589928057554,0.13888888888888887
76,26,-0.152589928057554,0.14444444444444443
76,27,-0.152589928057554,0.15
76,28,-0.152589928057554,0.15555555555555553
76,29,-0.152589928057554,0.1611111111111111
76,30,-0.152589928057554,0.16666666666666666
76,31,-0.152589928057554,0.1722222222222222
76,32,-0.152589928057554,0.17777777777777776
76,33,-0.152589928057554,0.18333333333333332
76,34,-0.152589928057554,0.18888888888888886
76,35,-0.152589928057554,0.19444444444444442
76,36,-0.152589928057554,0.19999999999999998
76,37,-0.152589928057554,0.20555555555555552
76,38,-0.152589928057554,0.21111111111111108
76,39,-0.152589928057554,0.21666666666666665
76,40,-0.152589928057554,0.2222222222222222
76,41,-0.152589928057554,0.22777777777777775
76,42,-0.152589928057554,0.2333333333333333
76,43,-0.152589928057554,0.23888888888888887
76,44,-0.152589928057554,0.2444444444444444
76,45,-0.152589928057554,0.24999999999999997
76,46,-0.152589928057554,0.25555555555555554
76,47,-0.152589928057554,0.26111111111111107
76,48,-0.152589928057554,0.2666666666666666
76,49,-0.152589928057554,0.2722222222222222
76,50,-0.152589928057554,0.27777777777777773
76,51,-0.152589928057554,0.2833333333333333
76,52,-0.152589928057554,0.28888888888888886
76,53,-0.152589928057554,0.2944444444444444
76,54,-0.152589928057554,0.3
76,55,-0.152589928057554,0.3055555555555555
76,56,-0.152589928057554,0.31111111111111106
76,57,-0.152589928057554,0.31666666666666665
76,58,-0.152589928057554,0.3222222222222222
76,59,-0.152589928057554,0.3277777777777777
76,60,-0.152589928057554,0.3333333333333333
76,61,-0.152589928057554,0.33888888888888885
76,62,-0.152589928057554,0.3444444444444444
77,1,-0.13683453237410093,0.005555555555555555
77,2,-0.13683453237410093,0.01111111111111111
77,3,-0.13683453237410093,0.016666666666666663
77,4,-0.13683453237410093,0.02222222222222222
77,5,-0.13683453237410093,0.027777777777777776
77,6,-0.13683453237410093,0.033333333333333326
77,7,-0.13683453237410093,0.03888888888888888
77,8,-0.13683453237410093,0.04444444444444444
77,9,-0.13683453237410093,0.049999999999999996
77,10,-0.13683453237410093,0.05555555555555555
77,11,-0.13683453237410093,0.0611111111111111
77,12,-0.13683453237410093,0.06666666666666665
77,13,-0.13683453237410093,0.07222222222222222
77,14,-0.13683453237410093,0.07777777777777777
77,15,-0.13683453237410093,0.08333333333333333
77,16,-0.13683453237410093,0.08888888888888888
77,17,-0.13683453237410093,0.09444444444444443
77,18,-0.13683453237410093,0.09999999999999999
77,19,-0.13683453237410093,0.10555555555555554
77,20,-0.13683453237410093,0.1111111111111111
77,21,-0.13683453237410093,0.11666666666666665
77,22,-0.13683453237410093,0.1222222222222222
77,23,-0.13683453237410093,0.12777777777777777
77,24,-0.13683453237410093,0.1333333333333333
77,25,-0.13683453237410093,0.13888888888888887
77,26,-0.13683453237410093,0.14444444444444443
77,27,-0.13683453237410093,0.15
77,28,-0.13683453237410093,0.15555555555555553
77,29,-0.13683453237410093,0.1611111111111111
77,30,-0.13683453237410093,0.16666666666666666
77,31,-0.13683453237410093,0.1722222222222222
77,32,-0.13683453237410093,0.17777777777777776
77,33,-0.13683453237410093,0.18333333333333332
77,34,-0.13683453237410093,0.18888888888888886
77,35,-0.13683453237410093,0.19444444444444442
77,36,-0.13683453237410093,0.19999999999999998
77,37,-0.13683453237410093,0.20555555555555552
77,38,-0.13683453237410093,0.21111111111111108
77,39,-0.13683453237410093,0.21666666666666665
77,40,-0.13683453237410093,0.2222222222222222
77,41,-0.13683453237410093,0.22777777777777775
77,42,-0.13683453237410093,0.2333333333333333
77,43,-0.13683453237410093,0.23888888888888887
77,44,-0.13683453237410093,0.2444444444444444
77,45,-0.13683453237410093,0.24999999999999997
77,46,-0.13683453237410093,0.25555555555555554
77,47,-0.13683453237410093,0.26111111111111107
77,48,-0.13683453237410093,0.2666666666666666
77,49,-0.13683453237410093,0.2722222222222222
77,50,-0.13683453237410093,0.27777777777777773
77,51,-0.13683453237410093,0.2833333333333333
77,52,-0.13683453237410093,0.28888888888888886
77,53,-0.13683453237410093,0.2944444444444444
77,54,-0.13683453237410093,0.3
77,55,-0.13683453237410093,0.3055555555555555
77,56,-0.13683453237410093,0.31111111111111106
77,57,-0.13683453237410093,0.31666666666666665
77,58,-0.13683453237410093,0.3222222222222222
77,59,-0.13683453237410093,0.3277777777777777
77,60,-0.13683453237410093,0.3333333333333333
77,61,-0.13683453237410093,0.33888888888888885
77,62,-0.13683453237410093,0.3444444444444444
78,1,-0.12107913669064763,0.005555555555555555
78,2,-0.12107913669064763,0.01111111111111111
78,3,-0.12107913669064763,0.016666666666666663
78,4,-0.12107913669064763,0.02222222222222222
78,5,-0.12107913669064763,0.027777777777777776
78,6,-0.12107913669064763,0.033333333333333326
78,7,-0.12107913669064763,0.03888888888888888
78,8,-0.12107913669064763,0.04444444444444444
78,9,-0.12107913669064763,0.049999999999999996
78,10,-0.12107913669064763,0.05555555555555555
78,11,-0.12107913669064763,0.0611111111111111
78,12,-0.12107913669064763,0.06666666666666665
78,13,-0.12107913669064763,0.07222222222222222
78,14,-0.12107913669064763,0.07777777777777777
78,15,-0.12107913669064763,0.08333333333333333
78,16,-0.12107913669064763,0.08888888888888888
78,17,-0.12107913669064763,0.09444444444444443
78,18,-0.12107913669064763,0.09999999999999999
78,19,-0.12107913669064763,0.10555555555555554
78,20,-0.12107913669064763,0.1111111111111111
78,21,-0.12107913669064763,0.11666666666666665
78,22,-0.12107913669064763,0.1222222222222222
78,23,-0.12107913669064763,0.12777777777777777
78,24,-0.12107913669064763,0.1333333333333333
78,25,-0.12107913669064763,0.13888888888888887
78,26,-0.12107913669064763,0.14444444444444443
78,27,-0.12107913669064763,0.15
78,28,-0.12107913669064763,0.15555555555555553
78,29,-0.12107913669064763,0.1611111111111111
78,30,-0.12107913669064763,0.16666666666666666
78,31,-0.12107913669064763,0.1722222222222222
78,32,-0.12107913669064763,0.17777777777777776
78,33,-0.12107913669064763,0.18333333333333332
78,34,-0.12107913669064763,0.18888888888888886
78,35,-0.12107913669064763,0.19444444444444442
78,36,-0.12107913669064763,0.19999999999999998
78,37,-0.12107913669064763,0.20555555555555552
78,38,-0.12107913669064763,0.21111111111111108
78,39,-0.12107913669064763,0.21666666666666665
78,40,-0.12107913669064763,0.2222222222222222
78,41,-0.12107913669064763,0.22777777777777775
78,42,-0.12107913669064763,0.2333333333333333
78,43,-0.12107913669064763,0.23888888888888887
78,44,-0.12107913669064763,0.2444444444444444
78,45,-0.12107913669064763,0.24999999999999997
78,46,-0.12107913669064763,0.25555555555555554
78,47,-0.12107913669064763,0.26111111111111107
78,48,-0.12107913669064763,0.2666666666666666
78,49,-0.12107913669064763,0.2722222222222222
78,50,-0.12107913669064763,0.27777777777777773
78,51,-0.12107913669064763,0.2833333333333333
78,52,-0.12107913669064763,0.28888888888888886
78,53,-0.12107913669064763,0.2944444444444444
78,54,-0.12107913669064763,0.3
78,55,-0.12107913669064763,0.3055555555555555
78,56,-0.12107913669064763,0.31111111111111106
78,57,-0.12107913669064763,0.31666666666666665
78,58,-0.12107913669064763,0.3222222222222222
78,59,-0.12107913669064763,0.3277777777777777
78,60,-0.12107913669064763,0.3333333333333333
78,61,-0.12107913669064763,0.33888888888888885
78,62,-0.12107913669064763,0.3444444444444444
79,1,-0.10532374100719433,0.005555555555555555
79,2,-0.10532374100719433,0.01111111111111111
79,3,-0.10532374100719433,0.016666666666666663
79,4,-0.10532374100719433,0.02222222222222222
79,5,-0.10532374100719433,0.027777777777777776
79,6,-0.10532374100719433,0.033333333333333326
79,7,-0.10532374100719433,0.03888888888888888
79,8,-0.10532374100719433,0.04444444444444444
79,9,-0.10532374100719433,0.049999999999999996
79,10,-0.10532374100719433,0.05555555555555555
79,11,-0.10532374100719433,0.0611111111111111
79,12,-0.10532374100719433,0.06666666666666665
79,13,-0.10532374100719433,0.07222222222222222
79,14,-0.10532374100719433,0.07777777777777777
79,15,-0.10532374100719433,0.08333333333333333
79,16,-0.10532374100719433,0.08888888888888888
79,17,-0.10532374100719433,0.09444444444444443
79,18,-0.10532374100719433,0.09999999999999999
79,19,-0.10532374100719433,0.10555555555555554
79,20,-0.10532374100719433,0.1111111111111111
79,21,-0.10532374100719433,0.11666666666666665
79,22,-0.10532374100719433,0.1222222222222222
79,23,-0.10532374100719433,0.12777777777777777
79,24,-0.10532374100719433,0.1333333333333333
79,25,-0.10532374100719433,0.13888888888888887
79,26,-0.10532374100719433,0.14444444444444443
79,27,-0.10532374100719433,0.15
79,28,-0.10532374100719433,0.15555555555555553
79,29,-0.10532374100719433,0.1611111111111111
79,30,-0.10532374100719433,0.16666666666666666
79,31,-0.10532374100719433,0.1722222222222222
79,32,-0.10532374100719433,0.17777777777777776
79,33,-0.10532374100719433,0.18333333333333332
79,34,-0.10532374100719433,0.18888888888888886
79,35,-0.10532374100719433,0.19444444444444442
79,36,-0.10532374100719433,0.19999999999999998
79,37,-0.10532374100719433,0.20555555555555552
79,38,-0.10532374100719433,0.21111111111111108
79,39,-0.10532374100719433,0.21666666666666665
79,40,-0.10532374100719433,0.2222222222222222
79,41,-0.10532374100719433,0.22777777777777775
79,42,-0.10532374100719433,0.2333333333333333
79,43,-0.10532374100719433,0.23888888888888887
79,44,-0.10532374100719433,0.2444444444444444
79,45,-0.10532374100719433,0.24999999999999997
79,46,-0.10532374100719433,0.25555555555555554
79,47,-0.10532374100719433,0.26111111111111107
79,48,-0.10532374100719433,0.2666666666666666
79,49,-0.10532374100719433,0.2722222222222222
79,50,-0.10532374100719433,0.27777777777777773
79,51,-0.10532374100719433,0.2833333333333333
79,52,-0.10532374100719433,0.28888888888888886
79,53,-0.10532374100719433,0.2944444444444444
79,54,-0.10532374100719433,0.3
79,55,-0.10532374100719433,0.3055555555555555
79,56,-0.10532374100719433,0.31111111111111106
79,57,-0.10532374100719433,0.31666666666666665
79,58,-0.10532374100719433,0.3222222222222222
79,59,-0.10532374100719433,0.3277777777777777
79,60,-0.10532374100719433,0.3333333333333333
79,61,-0.10532374100719433,0.33888888888888885
79,62,-0.10532374100719433,0.3444444444444444
80,1,-0.08956834532374103,0.005555555555555555
80,2,-0.08956834532374103,0.01111111111111111
80,3,-0.08956834532374103,0.016666666666666663
80,4,-0.08956834532374103,0.02222222222222222
80,5,-0.08956834532374103,0.027777777777777776
80,6,-0.08956834532374103,0.033333333333333326
80,7,-0.08956834532374103,0.03888888888888888
80,8,-0.08956834532374103,0.04444444444444444
80,9,-0.08956834532374103,0.049999999999999996
80,10,-0.08956834532374103,0.05555555555555555
80,11,-0.08956834532374103,0.0611111111111111
80,12,-0.08956834532374103,0.06666666666666665
80,13,-0.08956834532374103,0.07222222222222222
80,14,-0.08956834532374103,0.07777777777777777
80,15,-0.08956834532374103,0.08333333333333333
80,16,-0.08956834532374103,0.08888888888888888
80,17,-0.08956834532374103,0.09444444444444443
80,18,-0.08956834532374103,0.09999999999999999
80,19,-0.08956834532374103,0.10555555555555554
80,20,-0.08956834532374103,0.1111111111111111
80,21,-0.08956834532374103,0.11666666666666665
80,22,-0.08956834532374103,0.1222222222222222
80,23,-0.08956834532374103,0.12777777777777777
80,24,-0.08956834532374103,0.1333333333333333
80,25,-0.08956834532374103,0.13888888888888887
80,26,-0.08956834532374103,0.14444444444444443
80,27,-0.08956834532374103,0.15
80,28,-0.08956834532374103,0.15555555555555553
80,29,-0.08956834532374103,0.1611111111111111
80,30,-0.08956834532374103,0.16666666666666666
80,31,-0.08956834532374103,0.1722222222222222
80,32,-0.08956834532374103,0.17777777777777776
80,33,-0.08956834532374103,0.18333333333333332
80,34,-0.08956834532374103,0.18888888888888886
80,35,-0.08956834532374103,0.19444444444444442
80,36,-0.08956834532374103,0.19999999999999998
80,37,-0.08956834532374103,0.20555555555555552
80,38,-0.08956834532374103,0.21111111111111108
80,39,-0.08956834532374103,0.21666666666666665
80,40,-0.08956834532374103,0.2222222222222222
80,41,-0.08956834532374103,0.22777777777777775
80,42,-0.08956834532374103,0.2333333333333333
80,43,-0.08956834532374103,0.23888888888888887
80,44,-0.08956834532374103,0.2444444444444444
80,45,-0.08956834532374103,0.24999999999999997
80,46,-0.08956834532374103,0.25555555555555554
80,47,-0.08956834532374103,0.26111111111111107
80,48,-0.08956834532374103,0.2666666666666666
80,49,-0.08956834532374103,0.2722222222222222
80,50,-0.08956834532374103,0.27777777777777773
80,51,-0.08956834532374103,0.2833333333333333
80,52,-0.08956834532374103,0.28888888888888886
80,53,-0.08956834532374103,0.2944444444444444
80,54,-0.08956834532374103,0.3
80,55,-0.08956834532374103,0.3055555555555555
80,56,-0.08956834532374103,0.31111111111111106
80,57,-0.08956834532374103,0.31666666666666665
80,58,-0.08956834532374103,0.3222222222222222
80,59,-0.08956834532374103,0.3277777777777777
80,60,-0.08956834532374103,0.3333333333333333
80,61,-0.08956834532374103,0.33888888888888885
81,1,-0.07381294964028795,0.005555555555555555
81,2,-0.07381294964028795,0.01111111111111111
81,3,-0.07381294964028795,0.016666666666666663
81,4,-0.07381294964028795,0.02222222222222222
81,5,-0.07381294964028795,0.027777777777777776
81,6,-0.07381294964028795,0.033333333333333326
81,7,-0.07381294964028795,0.03888888888888888
81,8,-0.07381294964028795,0.04444444444444444
81,9,-0.07381294964028795,0.049999999999999996
81,10,-0.07381294964028795,0.05555555555555555
81,11,-0.07381294964028795,0.0611111111111111
81,12,-0.07381294964028795,0.06666666666666665
81,13,-0.07381294964028795,0.07222222222222222
81,14,-0.07381294964028795,0.07777777777777777
81,15,-0.07381294964028795,0.08333333333333333
81,16,-0.07381294964028795,0.08888888888888888
81,17,-0.07381294964028795,0.09444444444444443
81,18,-0.07381294964028795,0.09999999999999999
81,19,-0.07381294964028795,0.10555555555555554
81,20,-0.07381294964028795,0.1111111111111111
81,21,-0.07381294964028795,0.11666666666666665
81,22,-0.07381294964028795,0.1222222222222222
81,23,-0.07381294964028795,0.12777777777777777
81,24,-0.07381294964028795,0.1333333333333333
81,25,-0.07381294964028795,0.13888888888888887
81,26,-0.07381294964028795,0.14444444444444443
81,27,-0.07381294964028795,0.15
81,28,-0.07381294964028795,0.15555555555555553
81,29,-0.07381294964028795,0.1611111111111111
81,30,-0.07381294964028795,0.16666666666666666
81,31,-0.07381294964028795,0.1722222222222222
81,32,-0.07381294964028795,0.17777777777777776
81,33,-0.07381294964028795,0.18333333333333332
81,34,-0.07381294964028795,0.18888888888888886
81,35,-0.07381294964028795,0.19444444444444442
81,36,-0.07381294964028795,0.19999999999999998
81,37,-0.07381294964028795,0.20555555555555552
81,38,-0.07381294964028795,0.21111111111111108
81,39,-0.07381294964028795,0.21666666666666665
81,40,-0.07381294964028795,0.2222222222222222
81,41,-0.07381294964028795,0.22777777777777775
81,42,-0.07381294964028795,0.2333333333333333
81,43,-0.07381294964028795,0.23888888888888887
81,44,-0.07381294964028795,0.2444444444444444
81,45,-0.07381294964028795,0.24999999999999997
81,46,-0.07381294964028795,0.25555555555555554
81,47,-0.07381294964028795,0.26111111111111107
81,48,-0.07381294964028795,0.2666666666666666
81,49,-0.07381294964028795,0.2722222222222222
81,50,-0.07381294964028795,0.27777777777777773
81,51,-0.07381294964028795,0.2833333333333333
81,52,-0.07381294964028795,0.28888888888888886
81,53,-0.07381294964028795,0.2944444444444444
81,54,-0.07381294964028795,0.3
81,55,-0.07381294964028795,0.3055555555555555
81,56,-0.07381294964028795,0.31111111111111106
81,57,-0.07381294964028795,0.31666666666666665
81,58,-0.07381294964028795,0.3222222222222222
81,59,-0.07381294964028795,0.3277777777777777
81,60,-0.07381294964028795,0.3333333333333333
81,61,-0.07381294964028795,0.33888888888888885
82,1,-0.05805755395683465,0.005555555555555555
82,2,-0.05805755395683465,0.01111111111111111
82,3,-0.05805755395683465,0.016666666666666663
82,4,-0.05805755395683465,0.02222222222222222
82,5,-0.05805755395683465,0.027777777777777776
82,6,-0.05805755395683465,0.033333333333333326
82,7,-0.05805755395683465,0.03888888888888888
82,8,-0.05805755395683465,0.04444444444444444
82,9,-0.05805755395683465,0.049999999999999996
82,10,-0.05805755395683465,0.05555555555555555
82,11,-0.05805755395683465,0.0611111111111111
82,12,-0.05805755395683465,0.06666666666666665
82,13,-0.05805755395683465,0.07222222222222222
82,14,-0.05805755395683465,0.07777777777777777
82,15,-0.05805755395683465,0.08333333333333333
82,16,-0.05805755395683465,0.08888888888888888
82,17,-0.05805755395683465,0.09444444444444443
82,18,-0.05805755395683465,0.09999999999999999
82,19,-0.05805755395683465,0.10555555555555554
82,20,-0.05805755395683465,0.1111111111111111
82,21,-0.05805755395683465,0.11666666666666665
82,22,-0.05805755395683465,0.1222222222222222
82,23,-0.05805755395683465,0.12777777777777777
82,24,-0.05805755395683465,0.1333333333333333
82,25,-0.05805755395683465,0.13888888888888887
82,26,-0.05805755395683465,0.14444444444444443
82,27,-0.05805755395683465,0.15
82,28,-0.05805755395683465,0.15555555555555553
82,29,-0.05805755395683465,0.1611111111111111
82,30,-0.05805755395683465,0.16666666666666666
82,31,-0.05805755395683465,0.1722222222222222
82,32,-0.05805755395683465,0.17777777777777776
82,33,-0.05805755395683465,0.18333333333333332
82,34,-0.05805755395683465,0.18888888888888886
82,35,-0.05805755395683465,0.19444444444444442
82,36,-0.05805755395683465,0.19999999999999998
82,37,-0.05805755395683465,0.20555555555555552
82,38,-0.05805755395683465,0.21111111111111108
82,39,-0.05805755395683465,0.21666666666666665
82,40,-0.05805755395683465,0.2222222222222222
82,41,-0.05805755395683465,0.22777777777777775
82,42,-0.05805755395683465,0.2333333333333333
82,43,-0.05805755395683465,0.23888888888888887
82,44,-0.05805755395683465,0.2444444444444444
82,45,-0.05805755395683465,0.24999999999999997
82,46,-0.05805755395683465,0.25555555555555554
82,47,-0.05805755395683465,0.26111111111111107
82,48,-0.05805755395683465,0.2666666666666666
82,49,-0.05805755395683465,0.2722222222222222
82,50,-0.05805755395683465,0.27777777777777773
82,51,-0.05805755395683465,0.2833333333333333
82,52,-0.05805755395683465,0.28888888888888886
82,53,-0.05805755395683465,0.2944444444444444
82,54,-0.05805755395683465,0.3
82,55,-0.05805755395683465,0.3055555555555555
82,56,-0.05805755395683465,0.31111111111111106
82,57,-0.05805755395683465,0.31666666666666665
82,58,-0.05805755395683465,0.3222222222222222
82,59,-0.05805755395683465,0.3277777777777777
82,60,-0.05805755395683465,0.3333333333333333
82,61,-0.05805755395683465,0.33888888888888885
83,1,-0.04230215827338135,0.005555555555555555
83,2,-0.04230215827338135,0.01111111111111111
83,3,-0.04230215827338135,0.016666666666666663
83,4,-0.04230215827338135,0.02222222222222222
83,5,-0.04230215827338135,0.027777777777777776
83,6,-0.04230215827338135,0.033333333333333326
83,7,-0.04230215827338135,0.03888888888888888
83,8,-0.04230215827338135,0.04444444444444444
83,9,-0.04230215827338135,0.049999999999999996
83,10,-0.04230215827338135,0.05555555555555555
83,11,-0.04230215827338135,0.0611111111111111
83,12,-0.04230215827338135,0.06666666666666665
83,13,-0.04230215827338135,0.07222222222222222
83,14,-0.04230215827338135,0.07777777777777777
83,15,-0.04230215827338135,0.08333333333333333
83,16,-0.04230215827338135,0.08888888888888888
83,17,-0.04230215827338135,0.09444444444444443
83,18,-0.04230215827338135,0.09999999999999999
83,19,-0.04230215827338135,0.10555555555555554
83,20,-0.04230215827338135,0.1111111111111111
83,21,-0.04230215827338135,0.11666666666666665
83,22,-0.04230215827338135,0.1222222222222222
83,23,-0.04230215827338135,0.12777777777777777
83,24,-0.04230215827338135,0.1333333333333333
83,25,-0.04230215827338135,0.13888888888888887
83,26,-0.04230215827338135,0.14444444444444443
83,27,-0.04230215827338135,0.15
83,28,-0.04230215827338135,0.15555555555555553
83,29,-0.04230215827338135,0.1611111111111111
83,30,-0.04230215827338135,0.16666666666666666
83,31,-0.04230215827338135,0.1722222222222222
83,32,-0.04230215827338135,0.17777777777777776
83,33,-0.04230215827338135,0.18333333333333332
83,34,-0.04230215827338135,0.18888888888888886
83,35,-0.04230215827338135,0.19444444444444442
83,36,-0.04230215827338135,0.19999999999999998
83,37,-0.04230215827338135,0.20555555555555552
83,38,-0.04230215827338135,0.21111111111111108
83,39,-0.04230215827338135,0.21666666666666665
83,40,-0.04230215827338135,0.2222222222222222
83,41,-0.04230215827338135,0.22777777777777775
83,42,-0.04230215827338135,0.2333333333333333
83,43,-0.04230215827338135,0.23888888888888887
83,44,-0.04230215827338135,0.2444444444444444
83,45,-0.04230215827338135,0.24999999999999997
83,46,-0.04230215827338135,0.25555555555555554
83,47,-0.04230215827338135,0.26111111111111107
83,48,-0.04230215827338135,0.2666666666666666
83,49,-0.04230215827338135,0.2722222222222222
83,50,-0.04230215827338135,0.27777777777777773
83,51,-0.04230215827338135,0.2833333333333333
83,52,-0.04230215827338135,0.28888888888888886
83,53,-0.04230215827338135,0.2944444444444444
83,54,-0.04230215827338135,0.3
83,55,-0.04230215827338135,0.3055555555555555
83,56,-0.04230215827338135,0.31111111111111106
83,57,-0.04230215827338135,0.31666666666666665
83,58,-0.04230215827338135,0.3222222222222222
83,59,-0.04230215827338135,0.3277777777777777
83,60,-0.04230215827338135,0.3333333333333333
83,61,-0.04230215827338135,0.33888888888888885
84,1,-0.026546762589928274,0.005555555555555555
84,2,-0.026546762589928274,0.01111111111111111
84,3,-0.026546762589928274,0.016666666666666663
84,4,-0.026546762589928274,0.02222222222222222
84,5,-0.026546762589928274,0.027777777777777776
84,6,-0.026546762589928274,0.033333333333333326
84,7,-0.026546762589928274,0.03888888888888888
84,8,-0.026546762589928274,0.04444444444444444
84,9,-0.026546762589928274,0.049999999999999996
84,10,-0.026546762589928274,0.05555555555555555
84,11,-0.026546762589928274,0.0611111111111111
84,12,-0.026546762589928274,0.06666666666666665
84,13,-0.026546762589928274,0.07222222222222222
84,14,-0.026546762589928274,0.07777777777777777
84,15,-0.026546762589928274,0.08333333333333333
84,16,-0.026546762589928274,0.08888888888888888
84,17,-0.026546762589928274,0.09444444444444443
84,18,-0.026546762589928274,0.09999999999999999
84,19,-0.026546762589928274,0.10555555555555554
84,20,-0.026546762589928274,0.1111111111111111
84,21,-0.026546762589928274,0.11666666666666665
84,22,-0.026546762589928274,0.1222222222222222
84,23,-0.026546762589928274,0.12777777777777777
84,24,-0.026546762589928274,0.1333333333333333
84,25,-0.026546762589928274,0.13888888888888887
84,26,-0.026546762589928274,0.14444444444444443
84,27,-0.026546762589928274,0.15
84,28,-0.026546762589928274,0.15555555555555553
84,29,-0.026546762589928274,0.1611111111111111
84,30,-0.026546762589928274,0.16666666666666666
84,31,-0.026546762589928274,0.1722222222222222
84,32,-0.026546762589928274,0.17777777777777776
84,33,-0.026546762589928274,0.18333333333333332
84,34,-0.026546762589928274,0.18888888888888886
84,35,-0.026546762589928274,0.19444444444444442
84,36,-0.026546762589928274,0.19999999999999998
84,37,-0.026546762589928274,0.20555555555555552
84,38,-0.026546762589928274,0.21111111111111108
84,39,-0.026546762589928274,0.21666666666666665
84,40,-0.026546762589928274,0.2222222222222222
84,41,-0.026546762589928274,0.22777777777777775
84,42,-0.026546762589928274,0.2333333333333333
84,43,-0.026546762589928274,0.23888888888888887
84,44,-0.026546762589928274,0.2444444444444444
84,45,-0.026546762589928274,0.24999999999999997
84,46,-0.026546762589928274,0.25555555555555554
84,47,-0.026546762589928274,0.26111111111111107
84,48,-0.026546762589928274,0.2666666666666666
84,49,-0.026546762589928274,0.2722222222222222
84,50,-0.026546762589928274,0.27777777777777773
84,51,-0.026546762589928274,0.2833333333333333
84,52,-0.026546762589928274,0.28888888888888886
84,53,-0.026546762589928274,0.2944444444444444
84,54,-0.026546762589928274,0.3
84,55,-0.026546762589928274,0.3055555555555555
84,56,-0.026546762589928274,0.31111111111111106
84,57,-0.026546762589928274,0.31666666666666665
84,58,-0.026546762589928274,0.3222222222222222
84,59,-0.026546762589928274,0.3277777777777777
84,60,-0.026546762589928274,0.3333333333333333
84,61,-0.026546762589928274,0.33888888888888885
85,1,-0.010791366906474975,0.005555555555555555
85,2,-0.010791366906474975,0.01111111111111111
85,3,-0.010791366906474975,0.016666666666666663
85,4,-0.010791366906474975,0.02222222222222222
85,5,-0.010791366906474975,0.027777777777777776
85,6,-0.010791366906474975,0.033333333333333326
85,7,-0.010791366906474975,0.03888888888888888
85,8,-0.010791366906474975,0.04444444444444444
85,9,-0.010791366906474975,0.049999999999999996
85,10,-0.010791366906474975,0.05555555555555555
85,11,-0.010791366906474975,0.0611111111111111
85,12,-0.010791366906474975,0.06666666666666665
85,13,-0.010791366906474975,0.07222222222222222
85,14,-0.010791366906474975,0.07777777777777777
85,15,-0.010791366906474975,0.08333333333333333
85,16,-0.010791366906474975,0.08888888888888888
85,17,-0.010791366906474975,0.09444444444444443
85,18,-0.010791366906474975,0.09999999999999999
85,19,-0.010791366906474975,0.10555555555555554
85,20,-0.010791366906474975,0.1111111111111111
85,21,-0.010791366906474975,0.11666666666666665
85,22,-0.010791366906474975,0.1222222222222222
85,23,-0.010791366906474975,0.12777777777777777
85,24,-0.010791366906474975,0.1333333333333333
85,25,-0.010791366906474975,0.13888888888888887
85,26,-0.010791366906474975,0.14444444444444443
85,27,-0.010791366906474975,0.15
85,28,-0.010791366906474975,0.15555555555555553
85,29,-0.010791366906474975,0.1611111111111111
85,30,-0.010791366906474975,0.16666666666666666
85,31,-0.010791366906474975,0.1722222222222222
85,32,-0.010791366906474975,0.17777777777777776
85,33,-0.010791366906474975,0.18333333333333332
85,34,-0.010791366906474975,0.18888888888888886
85,35,-0.010791366906474975,0.19444444444444442
85,36,-0.010791366906474975,0.19999999999999998
85,37,-0.010791366906474975,0.20555555555555552
85,38,-0.010791366906474975,0.21111111111111108
85,39,-0.010791366906474975,0.21666666666666665
85,40,-0.010791366906474975,0.2222222222222222
85,41,-0.010791366906474975,0.22777777777777775
85,42,-0.010791366906474975,0.2333333333333333
85,43,-0.010791366906474975,0.23888888888888887
85,44,-0.010791366906474975,0.2444444444444444
85,45,-0.010791366906474975,0.24999999999999997
85,46,-0.010791366906474975,0.25555555555555554
85,47,-0.010791366906474975,0.26111111111111107
85,48,-0.010791366906474975,0.2666666666666666
85,49,-0.010791366906474975,0.2722222222222222
85,50,-0.010791366906474975,0.27777777777777773
85,51,-0.010791366906474975,0.2833333333333333
85,52,-0.010791366906474975,0.28888888888888886
85,53,-0.010791366906474975,0.2944444444444444
85,54,-0.010791366906474975,0.3
85,55,-0.010791366906474975,0.3055555555555555
85,56,-0.010791366906474975,0.31111111111111106
85,57,-0.010791366906474975,0.31666666666666665
85,58,-0.010791366906474975,0.3222222222222222
85,59,-0.010791366906474975,0.3277777777777777
85,60,-0.010791366906474975,0.3333333333333333
86,1,0.004964028776978324,0.005555555555555555
86,2,0.004964028776978324,0.01111111111111111
86,3,0.004964028776978324,0.016666666666666663
86,4,0.004964028776978324,0.02222222222222222
86,5,0.004964028776978324,0.027777777777777776
86,6,0.004964028776978324,0.033333333333333326
86,7,0.004964028776978324,0.03888888888888888
86,8,0.004964028776978324,0.04444444444444444
86,9,0.004964028776978324,0.049999999999999996
86,10,0.004964028776978324,0.05555555555555555
86,11,0.004964028776978324,0.0611111111111111
86,12,0.004964028776978324,0.06666666666666665
86,13,0.004964028776978324,0.07222222222222222
86,14,0.004964028776978324,0.07777777777777777
86,15,0.004964028776978324,0.08333333333333333
86,16,0.004964028776978324,0.08888888888888888
86,17,0.004964028776978324,0.09444444444444443
86,18,0.004964028776978324,0.09999999999999999
86,19,0.004964028776978324,0.10555555555555554
86,20,0.004964028776978324,0.1111111111111111
86,21,0.004964028776978324,0.11666666666666665
86,22,0.004964028776978324,0.1222222222222222
86,23,0.004964028776978324,0.12777777777777777
86,24,0.004964028776978324,0.1333333333333333
86,25,0.004964028776978324,0.13888888888888887
86,26,0.004964028776978324,0.14444444444444443
86,27,0.004964028776978324,0.15
86,28,0.004964028776978324,0.15555555555555553
86,29,0.004964028776978324,0.1611111111111111
86,30,0.004964028776978324,0.16666666666666666
86,31,0.004964028776978324,0.1722222222222222
86,32,0.004964028776978324,0.17777777777777776
86,33,0.004964028776978324,0.18333333333333332
86,34,0.004964028776978324,0.18888888888888886
86,35,0.004964028776978324,0.19444444444444442
86,36,0.004964028776978324,0.19999999999999998
86,37,0.004964028776978324,0.20555555555555552
86,38,0.004964028776978324,0.21111111111111108
86,39,0.004964028776978324,0.21666666666666665
86,40,0.004964028776978324,0.2222222222222222
86,41,0.004964028776978324,0.22777777777777775
86,42,0.004964028776978324,0.2333333333333333
86,43,0.004964028776978324,0.23888888888888887
86,44,0.004964028776978324,0.2444444444444444
86,45,0.004964028776978324,0.24999999999999997
86,46,0.004964028776978324,0.25555555555555554
86,47,0.004964028776978324,0.26111111111111107
86,48,0.004964028776978324,0.2666666666666666
86,49,0.004964028776978324,0.2722222222222222
86,50,0.004964028776978324,0.27777777777777773
86,51,0.004964028776978324,0.2833333333333333
86,52,0.004964028776978324,0.28888888888888886
86,53,0.004964028776978324,0.2944444444444444
86,54,0.004964028776978324,0.3
86,55,0.004964028776978324,0.3055555555555555
86,56,0.004964028776978324,0.31111111111111106
86,57,0.004964028776978324,0.31666666666666665
86,58,0.004964028776978324,0.3222222222222222
86,59,0.004964028776978324,0.3277777777777777
86,60,0.004964028776978324,0.3333333333333333
87,1,0.020719424460431624,0.005555555555555555
87,2,0.020719424460431624,0.01111111111111111
87,3,0.020719424460431624,0.016666666666666663
87,4,0.020719424460431624,0.02222222222222222
87,5,0.020719424460431624,0.027777777777777776
87,6,0.020719424460431624,0.033333333333333326
87,7,0.020719424460431624,0.03888888888888888
87,8,0.020719424460431624,0.04444444444444444
87,9,0.020719424460431624,0.049999999999999996
87,10,0.020719424460431624,0.05555555555555555
87,11,0.020719424460431624,0.0611111111111111
87,12,0.020719424460431624,0.06666666666666665
87,13,0.020719424460431624,0.07222222222222222
87,14,0.020719424460431624,0.07777777777777777
87,15,0.020719424460431624,0.08333333333333333
87,16,0.020719424460431624,0.08888888888888888
87,17,0.020719424460431624,0.09444444444444443
87,18,0.020719424460431624,0.09999999999999999
87,19,0.020719424460431624,0.10555555555555554
87,20,0.020719424460431624,0.1111111111111111
87,21,0.020719424460431624,0.11666666666666665
87,22,0.020719424460431624,0.1222222222222222
87,23,0.020719424460431624,0.12777777777777777
87,24,0.020719424460431624,0.1333333333333333
87,25,0.020719424460431624,0.13888888888888887
87,26,0.020719424460431624,0.14444444444444443
87,27,0.020719424460431624,0.15
87,28,0.020719424460431624,0.15555555555555553
87,29,0.020719424460431624,0.1611111111111111
87,30,0.020719424460431624,0.16666666666666666
87,31,0.020719424460431624,0.1722222222222222
87,32,0.020719424460431624,0.17777777777777776
87,33,0.020719424460431624,0.18333333333333332
87,34,0.020719424460431624,0.18888888888888886
87,35,0.020719424460431624,0.19444444444444442
87,36,0.020719424460431624,0.19999999999999998
87,37,0.020719424460431624,0.20555555555555552
87,38,0.020719424460431624,0.21111111111111108
87,39,0.020719424460431624,0.21666666666666665
87,40,0.020719424460431624,0.2222222222222222
87,41,0.020719424460431624,0.22777777777777775
87,42,0.020719424460431624,0.2333333333333333
87,43,0.020719424460431624,0.23888888888888887
87,44,0.020719424460431624,0.2444444444444444
87,45,0.020719424460431624,0.24999999999999997
87,46,0.020719424460431624,0.25555555555555554
87,47,0.020719424460431624,0.26111111111111107
87,48,0.020719424460431624,0.2666666666666666
87,49,0.020719424460431624,0.2722222222222222
87,50,0.020719424460431624,0.27777777777777773
87,51,0.020719424460431624,0.2833333333333333
87,52,0.020719424460431624,0.28888888888888886
87,53,0.020719424460431624,0.2944444444444444
87,54,0.020719424460431624,0.3
87,55,0.020719424460431624,0.3055555555555555
87,56,0.020719424460431624,0.31111111111111106
87,57,0.020719424460431624,0.31666666666666665
87,58,0.020719424460431624,0.3222222222222222
87,59,0.020719424460431624,0.3277777777777777
87,60,0.020719424460431624,0.3333333333333333
88,1,0.0364748201438847,0.005555555555555555
88,2,0.0364748201438847,0.01111111111111111
88,3,0.0364748201438847,0.016666666666666663
88,4,0.0364748201438847,0.02222222222222222
88,5,0.0364748201438847,0.027777777777777776
88,6,0.0364748201438847,0.033333333333333326
88,7,0.0364748201438847,0.03888888888888888
88,8,0.0364748201438847,0.04444444444444444
88,9,0.0364748201438847,0.049999999999999996
88,10,0.0364748201438847,0.05555555555555555
88,11,0.0364748201438847,0.0611111111111111
88,12,0.0364748201438847,0.06666666666666665
88,13,0.0364748201438847,0.07222222222222222
88,14,0.0364748201438847,0.07777777777777777
88,15,0.0364748201438847,0.08333333333333333
88,16,0.0364748201438847,0.08888888888888888
88,17,0.0364748201438847,0.09444444444444443
88,18,0.0364748201438847,0.09999999999999999
88,19,0.0364748201438847,0.10555555555555554
88,20,0.0364748201438847,0.1111111111111111
88,21,0.0364748201438847,0.11666666666666665
88,22,0.0364748201438847,0.1222222222222222
88,23,0.0364748201438847,0.12777777777777777
88,24,0.0364748201438847,0.1333333333333333
88,25,0.0364748201438847,0.13888888888888887
88,26,0.0364748201438847,0.14444444444444443
88,27,0.0364748201438847,0.15
88,28,0.0364748201438847,0.15555555555555553
88,29,0.0364748201438847,0.1611111111111111
88,30,0.0364748201438847,0.16666666666666666
88,31,0.0364748201438847,0.1722222222222222
88,32,0.0364748201438847,0.17777777777777776
88,33,0.0364748201438847,0.18333333333333332
88,34,0.0364748201438847,0.18888888888888886
88,35,0.0364748201438847,0.19444444444444442
88,36,0.0364748201438847,0.19999999999999998
88,37,0.0364748201438847,0.20555555555555552
88,38,0.0364748201438847,0.21111111111111108
88,39,0.0364748201438847,0.21666666666666665
88,40,0.0364748201438847,0.2222222222222222
88,41,0.0364748201438847,0.22777777777777775
88,42,0.0364748201438847,0.2333333333333333
88,43,0.0364748201438847,0.23888888888888887
88,44,0.0364748201438847,0.2444444444444444
88,45,0.0364748201438847,0.24999999999999997
88,46,0.0364748201438847,0.25555555555555554
88,47,0.0364748201438847,0.26111111111111107
88,48,0.0364748201438847,0.2666666666666666
88,49,0.0364748201438847,0.2722222222222222
88,50,0.0364748201438847,0.27777777777777773
88,51,0.0364748201438847,0.2833333333333333
88,52,0.0364748201438847,0.28888888888888886
88,53,0.0364748201438847,0.2944444444444444
88,54,0.0364748201438847,0.3
88,55,0.0364748201438847,0.3055555555555555
88,56,0.0364748201438847,0.31111111111111106
88,57,0.0364748201438847,0.31666666666666665
88,58,0.0364748201438847,0.3222222222222222
88,59,0.0364748201438847,0.3277777777777777
88,60,0.0364748201438847,0.3333333333333333
89,2,0.052230215827338,0.01111111111111111
89,3,0.052230215827338,0.016666666666666663
89,4,0.052230215827338,0.02222222222222222
89,5,0.052230215827338,0.027777777777777776
89,6,0.052230215827338,0.033333333333333326
89,7,0.052230215827338,0.03888888888888888
89,8,0.052230215827338,0.04444444444444444
89,9,0.052230215827338,0.049999999999999996
89,10,0.052230215827338,0.05555555555555555
89,11,0.052230215827338,0.0611111111111111
89,12,0.052230215827338,0.06666666666666665
89,13,0.052230215827338,0.07222222222222222
89,14,0.052230215827338,0.07777777777777777
89,15,0.052230215827338,0.08333333333333333
89,16,0.052230215827338,0.08888888888888888
89,17,0.052230215827338,0.09444444444444443
89,18,0.052230215827338,0.09999999999999999
89,19,0.052230215827338,0.10555555555555554
89,20,0.052230215827338,0.1111111111111111
89,21,0.052230215827338,0.11666666666666665
89,22,0.052230215827338,0.1222222222222222
89,23,0.052230215827338,0.12777777777777777
89,24,0.052230215827338,0.1333333333333333
89,25,0.052230215827338,0.13888888888888887
89,26,0.052230215827338,0.14444444444444443
89,27,0.052230215827338,0.15
89,28,0.052230215827338,0.15555555555555553
89,29,0.052230215827338,0.1611111111111111
89,30,0.052230215827338,0.16666666666666666
89,31,0.052230215827338,0.1722222222222222
89,32,0.052230215827338,0.17777777777777776
89,33,0.052230215827338,0.18333333333333332
89,34,0.052230215827338,0.18888888888888886
89,35,0.052230215827338,0.19444444444444442
89,36,0.052230215827338,0.19999999999999998
89,37,0.052230215827338,0.20555555555555552
89,38,0.052230215827338,0.21111111111111108
89,39,0.052230215827338,0.21666666666666665
89,40,0.052230215827338,0.2222222222222222
89,41,0.052230215827338,0.22777777777777775
89,42,0.052230215827338,0.2333333333333333
89,43,0.052230215827338,0.23888888888888887
89,44,0.052230215827338,0.2444444444444444
89,45,0.052230215827338,0.24999999999999997
89,46,0.052230215827338,0.25555555555555554
89,47,0.052230215827338,0.26111111111111107
89,48,0.052230215827338,0.2666666666666666
89,49,0.052230215827338,0.2722222222222222
89,50,0.052230215827338,0.27777777777777773
89,51,0.052230215827338,0.2833333333333333
89,52,0.052230215827338,0.28888888888888886
89,53,0.052230215827338,0.2944444444444444
89,54,0.052230215827338,0.3
89,55,0.052230215827338,0.3055555555555555
89,56,0.052230215827338,0.31111111111111106
89,57,0.052230215827338,0.31666666666666665
89,58,0.052230215827338,0.3222222222222222
89,59,0.052230215827338,0.3277777777777777
89,60,0.052230215827338,0.3333333333333333
90,3,0.0679856115107913,0.016666666666666663
90,4,0.0679856115107913,0.02222222222222222
90,5,0.0679856115107913,0.027777777777777776
90,6,0.0679856115107913,0.033333333333333326
90,7,0.0679856115107913,0.03888888888888888
90,8,0.0679856115107913,0.04444444444444444
90,9,0.0679856115107913,0.049999999999999996
90,10,0.0679856115107913,0.05555555555555555
90,11,0.0679856115107913,0.0611111111111111
90,12,0.0679856115107913,0.06666666666666665
90,13,0.0679856115107913,0.07222222222222222
90,14,0.0679856115107913,0.07777777777777777
90,15,0.0679856115107913,0.08333333333333333
90,16,0.0679856115107913,0.08888888888888888
90,17,0.0679856115107913,0.09444444444444443
90,18,0.0679856115107913,0.09999999999999999
90,19,0.0679856115107913,0.10555555555555554
90,20,0.0679856115107913,0.1111111111111111
90,21,0.0679856115107913,0.11666666666666665
90,22,0.0679856115107913,0.1222222222222222
90,23,0.0679856115107913,0.12777777777777777
90,24,0.0679856115107913,0.1333333333333333
90,25,0.0679856115107913,0.13888888888888887
90,26,0.0679856115107913,0.14444444444444443
90,27,0.0679856115107913,0.15
90,28,0.0679856115107913,0.15555555555555553
90,29,0.0679856115107913,0.1611111111111111
90,30,0.0679856115107913,0.16666666666666666
90,31,0.0679856115107913,0.1722222222222222
90,32,0.0679856115107913,0.17777777777777776
90,33,0.0679856115107913,0.18333333333333332
90,34,0.0679856115107913,0.18888888888888886
90,35,0.0679856115107913,0.19444444444444442
90,36,0.0679856115107913,0.19999999999999998
90,37,0.0679856115107913,0.20555555555555552
90,38,0.0679856115107913,0.21111111111111108
90,39,0.0679856115107913,0.21666666666666665
90,40,0.0679856115107913,0.2222222222222222
90,41,0.0679856115107913,0.22777777777777775
90,42,0.0679856115107913,0.2333333333333333
90,43,0.0679856115107913,0.23888888888888887
90,44,0.0679856115107913,0.2444444444444444
90,45,0.0679856115107913,0.24999999999999997
90,46,0.0679856115107913,0.25555555555555554
90,47,0.0679856115107913,0.26111111111111107
90,48,0.0679856115107913,0.2666666666666666
90,49,0.0679856115107913,0.2722222222222222
90,50,0.0679856115107913,0.27777777777777773
90,51,0.0679856115107913,0.2833333333333333
90,52,0.0679856115107913,0.28888888888888886
90,53,0.0679856115107913,0.2944444444444444
90,54,0.0679856115107913,0.3
90,55,0.0679856115107913,0.3055555555555555
90,56,0.0679856115107913,0.31111111111111106
90,57,0.0679856115107913,0.31666666666666665
90,58,0.0679856115107913,0.3222222222222222
90,59,0.0679856115107913,0.3277777777777777
90,60,0.0679856115107913,0.3333333333333333
91,4,0.08374100719424438,0.02222222222222222
91,5,0.08374100719424438,0.027777777777777776
91,6,0.08374100719424438,0.033333333333333326
91,7,0.08374100719424438,0.03888888888888888
91,8,0.08374100719424438,0.04444444444444444
91,9,0.08374100719424438,0.049999999999999996
91,10,0.08374100719424438,0.05555555555555555
91,11,0.08374100719424438,0.0611111111111111
91,12,0.08374100719424438,0.06666666666666665
91,13,0.08374100719424438,0.07222222222222222
91,14,0.08374100719424438,0.07777777777777777
91,15,0.08374100719424438,0.08333333333333333
91,16,0.08374100719424438,0.08888888888888888
91,17,0.08374100719424438,0.09444444444444443
91,18,0.08374100719424438,0.09999999999999999
91,19,0.08374100719424438,0.10555555555555554
91,20,0.08374100719424438,0.1111111111111111
91,21,0.08374100719424438,0.11666666666666665
91,22,0.08374100719424438,0.1222222222222222
91,23,0.08374100719424438,0.12777777777777777
91,24,0.08374100719424438,0.1333333333333333
91,25,0.08374100719424438,0.13888888888888887
91,26,0.08374100719424438,0.14444444444444443
91,27,0.08374100719424438,0.15
91,28,0.08374100719424438,0.15555555555555553
91,29,0.08374100719424438,0.1611111111111111
91,30,0.08374100719424438,0.16666666666666666
91,31,0.08374100719424438,0.1722222222222222
91,32,0.08374100719424438,0.17777777777777776
91,33,0.08374100719424438,0.18333333333333332
91,34,0.08374100719424438,0.18888888888888886
91,35,0.08374100719424438,0.19444444444444442
91,36,0.08374100719424438,0.19999999999999998
91,37,0.08374100719424438,0.20555555555555552
91,38,0.08374100719424438,0.21111111111111108
91,39,0.08374100719424438,0.21666666666666665
91,40,0.08374100719424438,0.2222222222222222
91,41,0.08374100719424438,0.22777777777777775
91,42,0.08374100719424438,0.2333333333333333
91,43,0.08374100719424438,0.23888888888888887
91,44,0.08374100719424438,0.2444444444444444
91,45,0.08374100719424438,0.24999999999999997
91,46,0.08374100719424438,0.25555555555555554
91,47,0.08374100719424438,0.26111111111111107
91,48,0.08374100719424438,0.2666666666666666
91,49,0.08374100719424438,0.2722222222222222
91,50,0.08374100719424438,0.27777777777777773
91,51,0.08374100719424438,0.2833333333333333
91,52,0.08374100719424438,0.28888888888888886
91,53,0.08374100719424438,0.2944444444444444
91,54,0.08374100719424438,0.3
91,55,0.08374100719424438,0.3055555555555555
91,56,0.08374100719424438,0.31111111111111106
91,57,0.08374100719424438,0.31666666666666665
91,58,0.08374100719424438,0.3222222222222222
91,59,0.08374100719424438,0.3277777777777777
92,5,0.09949640287769768,0.027777777777777776
92,6,0.09949640287769768,0.033333333333333326
92,7,0.09949640287769768,0.03888888888888888
92,8,0.09949640287769768,0.04444444444444444
92,9,0.09949640287769768,0.049999999999999996
92,10,0.09949640287769768,0.05555555555555555
92,11,0.09949640287769768,0.0611111111111111
92,12,0.09949640287769768,0.06666666666666665
92,13,0.09949640287769768,0.07222222222222222
92,14,0.09949640287769768,0.07777777777777777
92,15,0.09949640287769768,0.08333333333333333
92,16,0.09949640287769768,0.08888888888888888
92,17,0.09949640287769768,0.09444444444444443
92,18,0.09949640287769768,0.09999999999999999
92,19,0.09949640287769768,0.10555555555555554
92,20,0.09949640287769768,0.1111111111111111
92,21,0.09949640287769768,0.11666666666666665
92,22,0.09949640287769768,0.1222222222222222
92,23,0.09949640287769768,0.12777777777777777
92,24,0.09949640287769768,0.1333333333333333
92,25,0.09949640287769768,0.13888888888888887
92,26,0.09949640287769768,0.14444444444444443
92,27,0.09949640287769768,0.15
92,28,0.09949640287769768,0.15555555555555553
92,29,0.09949640287769768,0.1611111111111111
92,30,0.09949640287769768,0.16666666666666666
92,31,0.09949640287769768,0.1722222222222222
92,32,0.09949640287769768,0.17777777777777776
92,33,0.09949640287769768,0.18333333333333332
92,34,0.09949640287769768,0.18888888888888886
92,35,0.09949640287769768,0.19444444444444442
92,36,0.09949640287769768,0.19999999999999998
92,37,0.09949640287769768,0.20555555555555552
92,38,0.09949640287769768,0.21111111111111108
92,39,0.09949640287769768,0.21666666666666665
92,40,0.09949640287769768,0.2222222222222222
92,41,0.09949640287769768,0.22777777777777775
92,42,0.09949640287769768,0.2333333333333333
92,43,0.09949640287769768,0.23888888888888887
92,44,0.09949640287769768,0.2444444444444444
92,45,0.09949640287769768,0.24999999999999997
92,46,0.09949640287769768,0.25555555555555554
92,47,0.09949640287769768,0.26111111111111107
92,48,0.09949640287769768,0.2666666666666666
92,49,0.09949640287769768,0.2722222222222222
92,50,0.09949640287769768,0.27777777777777773
92,51,0.09949640287769768,0.2833333333333333
92,52,0.09949640287769768,0.28888888888888886
92,53,0.09949640287769768,0.2944444444444444
92,54,0.09949640287769768,0.3
92,55,0.09949640287769768,0.3055555555555555
92,56,0.09949640287769768,0.31111111111111106
92,57,0.09949640287769768,0.31666666666666665
92,58,0.09949640287769768,0.3222222222222222
92,59,0.09949640287769768,0.3277777777777777
93,6,0.11525179856115098,0.033333333333333326
93,7,0.11525179856115098,0.03888888888888888
93,8,0.11525179856115098,0.04444444444444444
93,9,0.11525179856115098,0.049999999999999996
93,10,0.11525179856115098,0.05555555555555555
93,11,0.11525179856115098,0.0611111111111111
93,12,0.11525179856115098,0.06666666666666665
93,13,0.11525179856115098,0.07222222222222222
93,14,0.11525179856115098,0.07777777777777777
93,15,0.11525179856115098,0.08333333333333333
93,16,0.11525179856115098,0.08888888888888888
93,17,0.11525179856115098,0.09444444444444443
93,18,0.11525179856115098,0.09999999999999999
93,19,0.11525179856115098,0.10555555555555554
93,20,0.11525179856115098,0.1111111111111111
93,21,0.11525179856115098,0.11666666666666665
93,22,0.11525179856115098,0.1222222222222222
93,23,0.11525179856115098,0.12777777777777777
93,24,0.11525179856115098,0.1333333333333333
93,25,0.11525179856115098,0.13888888888888887
93,26,0.11525179856115098,0.14444444444444443
93,27,0.11525179856115098,0.15
93,28,0.11525179856115098,0.15555555555555553
93,29,0.11525179856115098,0.1611111111111111
93,30,0.11525179856115098,0.16666666666666666
93,31,0.11525179856115098,0.1722222222222222
93,32,0.11525179856115098,0.17777777777777776
93,33,0.11525179856115098,0.18333333333333332
93,34,0.11525179856115098,0.18888888888888886
93,35,0.11525179856115098,0.19444444444444442
93,36,0.11525179856115098,0.19999999999999998
93,37,0.11525179856115098,0.20555555555555552
93,38,0.11525179856115098,0.21111111111111108
93,39,0.11525179856115098,0.21666666666666665
93,40,0.11525179856115098,0.2222222222222222
93,41,0.11525179856115098,0.22777777777777775
93,42,0.11525179856115098,0.2333333333333333
93,43,0.11525179856115098,0.23888888888888887
93,44,0.11525179856115098,0.2444444444444444
93,45,0.11525179856115098,0.24999999999999997
93,46,0.11525179856115098,0.25555555555555554
93,47,0.11525179856115098,0.26111111111111107
93,48,0.11525179856115098,0.2666666666666666
93,49,0.11525179856115098,0.2722222222222222
93,50,0.11525179856115098,0.27777777777777773
93,51,0.11525179856115098,0.2833333333333333
93,52,0.11525179856115098,0.28888888888888886
93,53,0.11525179856115098,0.2944444444444444
93,54,0.11525179856115098,0.3
93,55,0.11525179856115098,0.3055555555555555
93,56,0.11525179856115098,0.31111111111111106
93,57,0.11525179856115098,0.31666666666666665
93,58,0.11525179856115098,0.3222222222222222
93,59,0.11525179856115098,0.3277777777777777
94,7,0.13100719424460427,0.03888888888888888
94,8,0.13100719424460427,0.04444444444444444
94,9,0.13100719424460427,0.049999999999999996
94,10,0.13100719424460427,0.05555555555555555
94,11,0.13100719424460427,0.0611111111111111
94,12,0.13100719424460427,0.06666666666666665
94,13,0.13100719424460427,0.07222222222222222
94,14,0.13100719424460427,0.07777777777777777
94,15,0.13100719424460427,0.08333333333333333
94,16,0.13100719424460427,0.08888888888888888
94,17,0.13100719424460427,0.09444444444444443
94,18,0.13100719424460427,0.09999999999999999
94,19,0.13100719424460427,0.10555555555555554
94,20,0.13100719424460427,0.1111111111111111
94,21,0.13100719424460427,0.11666666666666665
94,22,0.13100719424460427,0.1222222222222222
94,23,0.13100719424460427,0.12777777777777777
94,24,0.13100719424460427,0.1333333333333333
94,25,0.13100719424460427,0.13888888888888887
94,26,0.13100719424460427,0.14444444444444443
94,27,0.13100719424460427,0.15
94,28,0.13100719424460427,0.15555555555555553
94,29,0.13100719424460427,0.1611111111111111
94,30,0.13100719424460427,0.16666666666666666
94,31,0.13100719424460427,0.1722222222222222
94,32,0.13100719424460427,0.17777777777777776
94,33,0.13100719424460427,0.18333333333333332
94,34,0.13100719424460427,0.18888888888888886
94,35,0.13100719424460427,0.19444444444444442
94,36,0.13100719424460427,0.19999999999999998
94,37,0.13100719424460427,0.20555555555555552
94,38,0.13100719424460427,0.21111111111111108
94,39,0.13100719424460427,0.21666666666666665
94,40,0.13100719424460427,0.2222222222222222
94,41,0.13100719424460427,0.22777777777777775
94,42,0.13100719424460427,0.2333333333333333
94,43,0.13100719424460427,0.23888888888888887
94,44,0.13100719424460427,0.2444444444444444
94,45,0.13100719424460427,0.24999999999999997
94,46,0.13100719424460427,0.25555555555555554
94,47,0.13100719424460427,0.26111111111111107
94,48,0.13100719424460427,0.2666666666666666
94,49,0.13100719424460427,0.2722222222222222
94,50,0.13100719424460427,0.27777777777777773
94,51,0.13100719424460427,0.2833333333333333
94,52,0.13100719424460427,0.28888888888888886
94,53,0.13100719424460427,0.2944444444444444
94,54,0.13100719424460427,0.3
94,55,0.13100719424460427,0.3055555555555555
94,56,0.13100719424460427,0.31111111111111106
94,57,0.13100719424460427,0.31666666666666665
94,58,0.13100719424460427,0.3222222222222222
94,59,0.13100719424460427,0.3277777777777777
95,8,0.14676258992805735,0.04444444444444444
95,9,0.14676258992805735,0.049999999999999996
95,10,0.14676258992805735,0.05555555555555555
95,11,0.14676258992805735,0.0611111111111111
95,12,0.14676258992805735,0.06666666666666665
95,13,0.14676258992805735,0.07222222222222222
95,14,0.14676258992805735,0.07777777777777777
95,15,0.14676258992805735,0.08333333333333333
95,16,0.14676258992805735,0.08888888888888888
95,17,0.14676258992805735,0.09444444444444443
95,18,0.14676258992805735,0.09999999999999999
95,19,0.14676258992805735,0.10555555555555554
95,20,0.14676258992805735,0.1111111111111111
95,21,0.14676258992805735,0.11666666666666665
95,22,0.14676258992805735,0.1222222222222222
95,23,0.14676258992805735,0.12777777777777777
95,24,0.14676258992805735,0.1333333333333333
95,25,0.14676258992805735,0.13888888888888887
95,26,0.14676258992805735,0.14444444444444443
95,27,0.14676258992805735,0.15
95,28,0.14676258992805735,0.15555555555555553
95,29,0.14676258992805735,0.1611111111111111
95,30,0.14676258992805735,0.16666666666666666
95,31,0.14676258992805735,0.1722222222222222
95,32,0.14676258992805735,0.17777777777777776
95,33,0.14676258992805735,0.18333333333333332
95,34,0.14676258992805735,0.18888888888888886
95,35,0.14676258992805735,0.19444444444444442
95,36,0.14676258992805735,0.19999999999999998
95,37,0.14676258992805735,0.20555555555555552
95,38,0.14676258992805735,0.21111111111111108
95,39,0.14676258992805735,0.21666666666666665
95,40,0.14676258992805735,0.2222222222222222
95,41,0.14676258992805735,0.22777777777777775
95,42,0.14676258992805735,0.2333333333333333
95,43,0.14676258992805735,0.23888888888888887
95,44,0.14676258992805735,0.2444444444444444
95,45,0.14676258992805735,0.24999999999999997
95,46,0.14676258992805735,0.25555555555555554
95,47,0.14676258992805735,0.26111111111111107
95,48,0.14676258992805735,0.2666666666666666
95,49,0.14676258992805735,0.2722222222222222
95,50,0.14676258992805735,0.27777777777777773
95,51,0.14676258992805735,0.2833333333333333
95,52,0.14676258992805735,0.28888888888888886
95,53,0.14676258992805735,0.2944444444444444
95,54,0.14676258992805735,0.3
95,55,0.14676258992805735,0.3055555555555555
95,56,0.14676258992805735,0.31111111111111106
95,57,0.14676258992805735,0.31666666666666665
95,58,0.14676258992805735,0.3222222222222222
95,59,0.14676258992805735,0.3277777777777777
96,9,0.16251798561151065,0.049999999999999996
96,10,0.16251798561151065,0.05555555555555555
96,11,0.16251798561151065,0.0611111111111111
96,12,0.16251798561151065,0.06666666666666665
96,13,0.16251798561151065,0.07222222222222222
96,14,0.16251798561151065,0.07777777777777777
96,15,0.16251798561151065,0.08333333333333333
96,16,0.16251798561151065,0.08888888888888888
96,17,0.16251798561151065,0.09444444444444443
96,18,0.16251798561151065,0.09999999999999999
96,19,0.16251798561151065,0.10555555555555554
96,20,0.16251798561151065,0.1111111111111111
96,21,0.16251798561151065,0.11666666666666665
96,22,0.16251798561151065,0.1222222222222222
96,23,0.16251798561151065,0.12777777777777777
96,24,0.16251798561151065,0.1333333333333333
96,25,0.16251798561151065,0.13888888888888887
96,26,0.16251798561151065,0.14444444444444443
96,27,0.16251798561151065,0.15
96,28,0.16251798561151065,0.15555555555555553
96,29,0.16251798561151065,0.1611111111111111
96,30,0.16251798561151065,0.16666666666666666
96,31,0.16251798561151065,0.1722222222222222
96,32,0.16251798561151065,0.17777777777777776
96,33,0.16251798561151065,0.18333333333333332
96,34,0.16251798561151065,0.18888888888888886
96,35,0.16251798561151065,0.19444444444444442
96,36,0.16251798561151065,0.19999999999999998
96,37,0.16251798561151065,0.20555555555555552
96,38,0.16251798561151065,0.21111111111111108
96,39,0.16251798561151065,0.21666666666666665
96,40,0.16251798561151065,0.2222222222222222
96,41,0.16251798561151065,0.22777777777777775
96,42,0.16251798561151065,0.2333333333333333
96,43,0.16251798561151065,0.23888888888888887
96,44,0.16251798561151065,0.2444444444444444
96,45,0.16251798561151065,0.24999999999999997
96,46,0.16251798561151065,0.25555555555555554
96,47,0.16251798561151065,0.26111111111111107
96,48,0.16251798561151065,0.2666666666666666
96,49,0.16251798561151065,0.2722222222222222
96,50,0.16251798561151065,0.27777777777777773
96,51,0.16251798561151065,0.2833333333333333
96,52,0.16251798561151065,0.28888888888888886
96,53,0.16251798561151065,0.2944444444444444
96,54,0.16251798561151065,0.3
96,55,0.16251798561151065,0.3055555555555555
96,56,0.16251798561151065,0.31111111111111106
96,57,0.16251798561151065,0.31666666666666665
96,58,0.16251798561151065,0.3222222222222222
96,59,0.16251798561151065,0.3277777777777777
97,10,0.17827338129496395,0.05555555555555555
97,11,0.17827338129496395,0.0611111111111111
97,12,0.17827338129496395,0.06666666666666665
97,13,0.17827338129496395,0.07222222222222222
97,14,0.17827338129496395,0.07777777777777777
97,15,0.17827338129496395,0.08333333333333333
97,16,0.17827338129496395,0.08888888888888888
97,17,0.17827338129496395,0.09444444444444443
97,18,0.17827338129496395,0.09999999999999999
97,19,0.17827338129496395,0.10555555555555554
97,20,0.17827338129496395,0.1111111111111111
97,21,0.17827338129496395,0.11666666666666665
97,22,0.17827338129496395,0.1222222222222222
97,23,0.17827338129496395,0.12777777777777777
97,24,0.17827338129496395,0.1333333333333333
97,25,0.17827338129496395,0.13888888888888887
97,26,0.17827338129496395,0.14444444444444443
97,27,0.17827338129496395,0.15
97,28,0.17827338129496395,0.15555555555555553
97,29,0.17827338129496395,0.1611111111111111
97,30,0.17827338129496395,0.16666666666666666
97,31,0.17827338129496395,0.1722222222222222
97,32,0.17827338129496395,0.17777777777777776
97,33,0.17827338129496395,0.18333333333333332
97,34,0.17827338129496395,0.18888888888888886
97,35,0.17827338129496395,0.19444444444444442
97,36,0.17827338129496395,0.19999999999999998
97,37,0.17827338129496395,0.20555555555555552
97,38,0.17827338129496395,0.21111111111111108
97,39,0.17827338129496395,0.21666666666666665
97,40,0.17827338129496395,0.2222222222222222
97,41,0.17827338129496395,0.22777777777777775
97,42,0.17827338129496395,0.2333333333333333
97,43,0.17827338129496395,0.23888888888888887
97,44,0.17827338129496395,0.2444444444444444
97,45,0.17827338129496395,0.24999999999999997
97,46,0.17827338129496395,0.25555555555555554
97,47,0.17827338129496395,0.26111111111111107
97,48,0.17827338129496395,0.2666666666666666
97,49,0.17827338129496395,0.2722222222222222
97,50,0.17827338129496395,0.27777777777777773
97,51,0.17827338129496395,0.2833333333333333
97,52,0.17827338129496395,0.28888888888888886
97,53,0.17827338129496395,0.2944444444444444
97,54,0.17827338129496395,0.3
97,55,0.17827338129496395,0.3055555555555555
97,56,0.17827338129496395,0.31111111111111106
97,57,0.17827338129496395,0.31666666666666665
97,58,0.17827338129496395,0.3222222222222222
97,59,0.17827338129496395,0.3277777777777777
98,10,0.19402877697841703,0.05555555555555555
98,11,0.19402877697841703,0.0611111111111111
98,12,0.19402877697841703,0.06666666666666665
98,13,0.19402877697841703,0.07222222222222222
98,14,0.19402877697841703,0.07777777777777777
98,15,0.19402877697841703,0.08333333333333333
98,16,0.19402877697841703,0.08888888888888888
98,17,0.19402877697841703,0.09444444444444443
98,18,0.19402877697841703,0.09999999999999999
98,19,0.19402877697841703,0.10555555555555554
98,20,0.19402877697841703,0.1111111111111111
98,21,0.19402877697841703,0.11666666666666665
98,22,0.19402877697841703,0.1222222222222222
98,23,0.19402877697841703,0.12777777777777777
98,24,0.19402877697841703,0.1333333333333333
98,25,0.19402877697841703,0.13888888888888887
98,26,0.19402877697841703,0.14444444444444443
98,27,0.19402877697841703,0.15
98,28,0.19402877697841703,0.15555555555555553
98,29,0.19402877697841703,0.1611111111111111
98,30,0.19402877697841703,0.16666666666666666
98,31,0.19402877697841703,0.1722222222222222
98,32,0.19402877697841703,0.17777777777777776
98,33,0.19402877697841703,0.18333333333333332
98,34,0.19402877697841703,0.18888888888888886
98,35,0.19402877697841703,0.19444444444444442
98,36,0.19402877697841703,0.19999999999999998
98,37,0.19402877697841703,0.20555555555555552
98,38,0.19402877697841703,0.21111111111111108
98,39,0.19402877697841703,0.21666666666666665
98,40,0.19402877697841703,0.2222222222222222
98,41,0.19402877697841703,0.22777777777777775
98,42,0.19402877697841703,0.2333333333333333
98,43,0.19402877697841703,0.23888888888888887
98,44,0.19402877697841703,0.2444444444444444
98,45,0.19402877697841703,0.24999999999999997
98,46,0.19402877697841703,0.25555555555555554
98,47,0.19402877697841703,0.26111111111111107
98,48,0.19402877697841703,0.2666666666666666
98,49,0.19402877697841703,0.2722222222222222
98,50,0.19402877697841703,0.27777777777777773
98,51,0.19402877697841703,0.2833333333333333
98,52,0.19402877697841703,0.28888888888888886
98,53,0.19402877697841703,0.2944444444444444
98,54,0.19402877697841703,0.3
98,55,0.19402877697841703,0.3055555555555555
98,56,0.19402877697841703,0.31111111111111106
98,57,0.19402877697841703,0.31666666666666665
98,58,0.19402877697841703,0.3222222222222222
98,59,0.19402877697841703,0.3277777777777777
99,10,0.20978417266187033,0.05555555555555555
99,11,0.20978417266187033,0.0611111111111111
99,12,0.20978417266187033,0.06666666666666665
99,13,0.20978417266187033,0.07222222222222222
99,14,0.20978417266187033,0.07777777777777777
99,15,0.20978417266187033,0.08333333333333333
99,16,0.20978417266187033,0.08888888888888888
99,17,0.20978417266187033,0.09444444444444443
99,18,0.20978417266187033,0.09999999999999999
99,19,0.20978417266187033,0.10555555555555554
99,20,0.20978417266187033,0.1111111111111111
99,21,0.20978417266187033,0.11666666666666665
99,22,0.20978417266187033,0.1222222222222222
99,23,0.20978417266187033,0.12777777777777777
99,24,0.20978417266187033,0.1333333333333333
99,25,0.20978417266187033,0.13888888888888887
99,26,0.20978417266187033,0.14444444444444443
99,27,0.20978417266187033,0.15
99,28,0.20978417266187033,0.15555555555555553
99,29,0.20978417266187033,0.1611111111111111
99,30,0.20978417266187033,0.16666666666666666
99,31,0.20978417266187033,0.1722222222222222
99,32,0.20978417266187033,0.17777777777777776
99,33,0.20978417266187033,0.18333333333333332
99,34,0.20978417266187033,0.18888888888888886
99,35,0.20978417266187033,0.19444444444444442
99,36,0.20978417266187033,0.19999999999999998
99,37,0.20978417266187033,0.20555555555555552
99,38,0.20978417266187033,0.21111111111111108
99,39,0.20978417266187033,0.21666666666666665
99,40,0.20978417266187033,0.2222222222222222
99,41,0.20978417266187033,0.22777777777777775
99,42,0.20978417266187033,0.2333333333333333
99,43,0.20978417266187033,0.23888888888888887
99,44,0.20978417266187033,0.2444444444444444
99,45,0.20978417266187033,0.24999999999999997
99,46,0.20978417266187033,0.25555555555555554
99,47,0.20978417266187033,0.26111111111111107
99,48,0.20978417266187033,0.2666666666666666
99,49,0.20978417266187033,0.2722222222222222
99,50,0.20978417266187033,0.27777777777777773
99,51,0.20978417266187033,0.2833333333333333
99,52,0.20978417266187033,0.28888888888888886
99,53,0.20978417266187033,0.2944444444444444
99,54,0.20978417266187033,0.3
99,55,0.20978417266187033,0.3055555555555555
99,56,0.20978417266187033,0.31111111111111106
99,57,0.20978417266187033,0.31666666666666665
99,58,0.20978417266187033,0.3222222222222222
99,59,0.20978417266187033,0.3277777777777777
100,10,0.22553956834532363,0.05555555555555555
100,11,0.22553956834532363,0.0611111111111111
100,12,0.22553956834532363,0.06666666666666665
100,13,0.22553956834532363,0.07222222222222222
100,14,0.22553956834532363,0.07777777777777777
100,15,0.22553956834532363,0.08333333333333333
100,16,0.22553956834532363,0.08888888888888888
100,17,0.22553956834532363,0.09444444444444443
100,18,0.22553956834532363,0.09999999999999999
100,19,0.22553956834532363,0.10555555555555554
100,20,0.22553956834532363,0.1111111111111111
100,21,0.22553956834532363,0.11666666666666665
100,22,0.22553956834532363,0.1222222222222222
100,23,0.22553956834532363,0.12777777777777777
100,24,0.22553956834532363,0.1333333333333333
100,25,0.22553956834532363,0.13888888888888887
100,26,0.22553956834532363,0.14444444444444443
100,27,0.22553956834532363,0.15
100,28,0.22553956834532363,0.15555555555555553
100,29,0.22553956834532363,0.1611111111111111
100,30,0.22553956834532363,0.16666666666666666
100,31,0.22553956834532363,0.1722222222222222
100,32,0.22553956834532363,0.17777777777777776
100,33,0.22553956834532363,0.18333333333333332
100,34,0.22553956834532363,0.18888888888888886
100,35,0.22553956834532363,0.19444444444444442
100,36,0.22553956834532363,0.19999999999999998
100,37,0.22553956834532363,0.20555555555555552
100,38,0.22553956834532363,0.21111111111111108
100,39,0.22553956834532363,0.21666666666666665
100,40,0.22553956834532363,0.2222222222222222
100,41,0.22553956834532363,0.22777777777777775
100,42,0.22553956834532363,0.2333333333333333
100,43,0.22553956834532363,0.23888888888888887
100,44,0.22553956834532363,0.2444444444444444
100,45,0.22553956834532363,0.24999999999999997
100,46,0.22553956834532363,0.25555555555555554
100,47,0.22553956834532363,0.26111111111111107
100,48,0.22553956834532363,0.2666666666666666
100,49,0.22553956834532363,0.2722222222222222
100,50,0.22553956834532363,0.27777777777777773
100,51,0.22553956834532363,0.2833333333333333
100,52,0.22553956834532363,0.28888888888888886
100,53,0.22553956834532363,0.2944444444444444
100,54,0.22553956834532363,0.3
100,55,0.22553956834532363,0.3055555555555555
100,56,0.22553956834532363,0.31111111111111106
100,57,0.22553956834532363,0.31666666666666665
100,58,0.22553956834532363,0.3222222222222222
100,59,0.22553956834532363,0.3277777777777777
101,10,0.24129496402877693,0.05555555555555555
101,11,0.24129496402877693,0.0611111111111111
101,12,0.24129496402877693,0.06666666666666665
101,13,0.24129496402877693,0.07222222222222222
101,14,0.24129496402877693,0.07777777777777777
101,15,0.24129496402877693,0.08333333333333333
101,16,0.24129496402877693,0.08888888888888888
101,17,0.24129496402877693,0.09444444444444443
101,18,0.24129496402877693,0.09999999999999999
101,19,0.24129496402877693,0.10555555555555554
101,20,0.24129496402877693,0.1111111111111111
101,21,0.24129496402877693,0.11666666666666665
101,22,0.24129496402877693,0.1222222222222222
101,23,0.24129496402877693,0.12777777777777777
101,24,0.24129496402877693,0.1333333333333333
101,25,0.24129496402877693,0.13888888888888887
101,26,0.24129496402877693,0.14444444444444443
101,27,0.24129496402877693,0.15
101,28,0.24129496402877693,0.15555555555555553
101,29,0.24129496402877693,0.1611111111111111
101,30,0.24129496402877693,0.16666666666666666
101,31,0.24129496402877693,0.1722222222222222
101,32,0.24129496402877693,0.17777777777777776
101,33,0.24129496402877693,0.18333333333333332
101,34,0.24129496402877693,0.18888888888888886
101,35,0.24129496402877693,0.19444444444444442
101,36,0.24129496402877693,0.19999999999999998
101,37,0.24129496402877693,0.20555555555555552
101,38,0.24129496402877693,0.21111111111111108
101,39,0.24129496402877693,0.21666666666666665
101,40,0.24129496402877693,0.2222222222222222
101,41,0.24129496402877693,0.22777777777777775
101,42,0.24129496402877693,0.2333333333333333
101,43,0.24129496402877693,0.23888888888888887
101,44,0.24129496402877693,0.2444444444444444
101,45,0.24129496402877693,0.24999999999999997
101,46,0.24129496402877693,0.25555555555555554
101,47,0.24129496402877693,0.26111111111111107
101,48,0.24129496402877693,0.2666666666666666
101,49,0.24129496402877693,0.2722222222222222
101,50,0.24129496402877693,0.27777777777777773
101,51,0.24129496402877693,0.2833333333333333
101,52,0.24129496402877693,0.28888888888888886
101,53,0.24129496402877693,0.2944444444444444
101,54,0.24129496402877693,0.3
101,55,0.24129496402877693,0.3055555555555555
101,56,0.24129496402877693,0.31111111111111106
101,57,0.24129496402877693,0.31666666666666665
101,58,0.24129496402877693,0.3222222222222222
101,59,0.24129496402877693,0.3277777777777777
102,9,0.25705035971223,0.049999999999999996
102,10,0.25705035971223,0.05555555555555555
102,11,0.25705035971223,0.0611111111111111
102,12,0.25705035971223,0.06666666666666665
102,13,0.25705035971223,0.07222222222222222
102,14,0.25705035971223,0.07777777777777777
102,15,0.25705035971223,0.08333333333333333
102,16,0.25705035971223,0.08888888888888888
102,17,0.25705035971223,0.09444444444444443
102,18,0.25705035971223,0.09999999999999999
102,19,0.25705035971223,0.10555555555555554
102,20,0.25705035971223,0.1111111111111111
102,21,0.25705035971223,0.11666666666666665
102,22,0.25705035971223,0.1222222222222222
102,23,0.25705035971223,0.12777777777777777
102,24,0.25705035971223,0.1333333333333333
102,25,0.25705035971223,0.13888888888888887
102,26,0.25705035971223,0.14444444444444443
102,27,0.25705035971223,0.15
102,28,0.25705035971223,0.15555555555555553
102,29,0.25705035971223,0.1611111111111111
102,30,0.25705035971223,0.16666666666666666
102,31,0.25705035971223,0.1722222222222222
102,32,0.25705035971223,0.17777777777777776
102,33,0.25705035971223,0.18333333333333332
102,34,0.25705035971223,0.18888888888888886
102,35,0.25705035971223,0.19444444444444442
102,36,0.25705035971223,0.19999999999999998
102,37,0.25705035971223,0.20555555555555552
102,38,0.25705035971223,0.21111111111111108
102,39,0.25705035971223,0.21666666666666665
102,40,0.25705035971223,0.2222222222222222
102,41,0.25705035971223,0.22777777777777775
102,42,0.25705035971223,0.2333333333333333
102,43,0.25705035971223,0.23888888888888887
102,44,0.25705035971223,0.2444444444444444
102,45,0.25705035971223,0.24999999999999997
102,46,0.25705035971223,0.25555555555555554
102,47,0.25705035971223,0.26111111111111107
102,48,0.25705035971223,0.2666666666666666
102,49,0.25705035971223,0.2722222222222222
102,50,0.25705035971223,0.27777777777777773
102,51,0.25705035971223,0.2833333333333333
102,52,0.25705035971223,0.28888888888888886
102,53,0.25705035971223,0.2944444444444444
102,54,0.25705035971223,0.3
102,55,0.25705035971223,0.3055555555555555
102,56,0.25705035971223,0.31111111111111106
102,57,0.25705035971223,0.31666666666666665
102,58,0.25705035971223,0.3222222222222222
102,59,0.25705035971223,0.3277777777777777
103,8,0.2728057553956833,0.04444444444444444
103,9,0.2728057553956833,0.049999999999999996
103,10,0.2728057553956833,0.05555555555555555
103,11,0.2728057553956833,0.0611111111111111
103,12,0.2728057553956833,0.06666666666666665
103,13,0.2728057553956833,0.07222222222222222
103,14,0.2728057553956833,0.07777777777777777
103,15,0.2728057553956833,0.08333333333333333
103,16,0.2728057553956833,0.08888888888888888
103,17,0.2728057553956833,0.09444444444444443
103,18,0.2728057553956833,0.09999999999999999
103,19,0.2728057553956833,0.10555555555555554
103,20,0.2728057553956833,0.1111111111111111
103,21,0.2728057553956833,0.11666666666666665
103,22,0.2728057553956833,0.1222222222222222
103,23,0.2728057553956833,0.12777777777777777
103,24,0.2728057553956833,0.1333333333333333
103,25,0.2728057553956833,0.13888888888888887
103,26,0.2728057553956833,0.14444444444444443
103,27,0.2728057553956833,0.15
103,28,0.2728057553956833,0.15555555555555553
103,29,0.2728057553956833,0.1611111111111111
103,30,0.2728057553956833,0.16666666666666666
103,31,0.2728057553956833,0.1722222222222222
103,32,0.2728057553956833,0.17777777777777776
103,33,0.2728057553956833,0.18333333333333332
103,34,0.2728057553956833,0.18888888888888886
103,35,0.2728057553956833,0.19444444444444442
103,36,0.2728057553956833,0.19999999999999998
103,37,0.2728057553956833,0.20555555555555552
103,38,0.2728057553956833,0.21111111111111108
103,39,0.2728057553956833,0.21666666666666665
103,40,0.2728057553956833,0.2222222222222222
103,41,0.2728057553956833,0.22777777777777775
103,42,0.2728057553956833,0.2333333333333333
103,43,0.2728057553956833,0.23888888888888887
103,44,0.2728057553956833,0.2444444444444444
103,45,0.2728057553956833,0.24999999999999997
103,46,0.2728057553956833,0.25555555555555554
103,47,0.2728057553956833,0.26111111111111107
103,48,0.2728057553956833,0.2666666666666666
103,49,0.2728057553956833,0.2722222222222222
103,50,0.2728057553956833,0.27777777777777773
103,51,0.2728057553956833,0.2833333333333333
103,52,0.2728057553956833,0.28888888888888886
103,53,0.2728057553956833,0.2944444444444444
103,54,0.2728057553956833,0.3
103,55,0.2728057553956833,0.3055555555555555
103,56,0.2728057553956833,0.31111111111111106
103,57,0.2728057553956833,0.31666666666666665
103,58,0.2728057553956833,0.3222222222222222
103,59,0.2728057553956833,0.3277777777777777
104,7,0.2885611510791366,0.03888888888888888
104,8,0.2885611510791366,0.04444444444444444
104,9,0.2885611510791366,0.049999999999999996
104,10,0.2885611510791366,0.05555555555555555
104,11,0.2885611510791366,0.0611111111111111
104,12,0.2885611510791366,0.06666666666666665
104,13,0.2885611510791366,0.07222222222222222
104,14,0.2885611510791366,0.07777777777777777
104,15,0.2885611510791366,0.08333333333333333
104,16,0.2885611510791366,0.08888888888888888
104,17,0.2885611510791366,0.09444444444444443
104,18,0.2885611510791366,0.09999999999999999
104,19,0.2885611510791366,0.10555555555555554
104,20,0.2885611510791366,0.1111111111111111
104,21,0.2885611510791366,0.11666666666666665
104,22,0.2885611510791366,0.1222222222222222
104,23,0.2885611510791366,0.12777777777777777
104,24,0.2885611510791366,0.1333333333333333
104,25,0.2885611510791366,0.13888888888888887
104,26,0.2885611510791366,0.14444444444444443
104,27,0.2885611510791366,0.15
104,28,0.2885611510791366,0.15555555555555553
104,29,0.2885611510791366,0.1611111111111111
104,30,0.2885611510791366,0.16666666666666666
104,31,0.2885611510791366,0.1722222222222222
104,32,0.2885611510791366,0.17777777777777776
104,33,0.2885611510791366,0.18333333333333332
104,34,0.2885611510791366,0.18888888888888886
104,35,0.2885611510791366,0.19444444444444442
104,36,0.2885611510791366,0.19999999999999998
104,37,0.2885611510791366,0.20555555555555552
104,38,0.2885611510791366,0.21111111111111108
104,39,0.2885611510791366,0.21666666666666665
104,40,0.2885611510791366,0.2222222222222222
104,41,0.2885611510791366,0.22777777777777775
104,42,0.2885611510791366,0.2333333333333333
104,43,0.2885611510791366,0.23888888888888887
104,44,0.2885611510791366,0.2444444444444444
104,45,0.2885611510791366,0.24999999999999997
104,46,0.2885611510791366,0.25555555555555554
104,47,0.2885611510791366,0.26111111111111107
104,48,0.2885611510791366,0.2666666666666666
104,49,0.2885611510791366,0.2722222222222222
104,50,0.2885611510791366,0.27777777777777773
104,51,0.2885611510791366,0.2833333333333333
104,52,0.2885611510791366,0.28888888888888886
104,53,0.2885611510791366,0.2944444444444444
104,54,0.2885611510791366,0.3
104,55,0.2885611510791366,0.3055555555555555
104,56,0.2885611510791366,0.31111111111111106
104,57,0.2885611510791366,0.31666666666666665
104,58,0.2885611510791366,0.3222222222222222
104,59,0.2885611510791366,0.3277777777777777
105,6,0.3043165467625897,0.033333333333333326
105,7,0.3043165467625897,0.03888888888888888
105,8,0.3043165467625897,0.04444444444444444
105,9,0.3043165467625897,0.049999999999999996
105,10,0.3043165467625897,0.05555555555555555
105,11,0.3043165467625897,0.0611111111111111
105,12,0.3043165467625897,0.06666666666666665
105,13,0.3043165467625897,0.07222222222222222
105,14,0.3043165467625897,0.07777777777777777
105,15,0.3043165467625897,0.08333333333333333
105,16,0.3043165467625897,0.08888888888888888
105,17,0.3043165467625897,0.09444444444444443
105,18,0.3043165467625897,0.09999999999999999
105,19,0.3043165467625897,0.10555555555555554
105,20,0.3043165467625897,0.1111111111111111
105,21,0.3043165467625897,0.11666666666666665
105,22,0.3043165467625897,0.1222222222222222
105,23,0.3043165467625897,0.12777777777777777
105,24,0.3043165467625897,0.1333333333333333
105,25,0.3043165467625897,0.13888888888888887
105,26,0.3043165467625897,0.14444444444444443
105,27,0.3043165467625897,0.15
105,28,0.3043165467625897,0.15555555555555553
105,29,0.3043165467625897,0.1611111111111111
105,30,0.3043165467625897,0.16666666666666666
105,31,0.3043165467625897,0.1722222222222222
105,32,0.3043165467625897,0.17777777777777776
105,33,0.3043165467625897,0.18333333333333332
105,34,0.3043165467625897,0.18888888888888886
105,35,0.3043165467625897,0.19444444444444442
105,36,0.3043165467625897,0.19999999999999998
105,37,0.3043165467625897,0.20555555555555552
105,38,0.3043165467625897,0.21111111111111108
105,39,0.3043165467625897,0.21666666666666665
105,40,0.3043165467625897,0.2222222222222222
105,41,0.3043165467625897,0.22777777777777775
105,42,0.3043165467625897,0.2333333333333333
105,43,0.3043165467625897,0.23888888888888887
105,44,0.3043165467625897,0.2444444444444444
105,45,0.3043165467625897,0.24999999999999997
105,46,0.3043165467625897,0.25555555555555554
105,47,0.3043165467625897,0.26111111111111107
105,48,0.3043165467625897,0.2666666666666666
105,49,0.3043165467625897,0.2722222222222222
105,50,0.3043165467625897,0.27777777777777773
105,51,0.3043165467625897,0.2833333333333333
105,52,0.3043165467625897,0.28888888888888886
105,53,0.3043165467625897,0.2944444444444444
105,54,0.3043165467625897,0.3
105,55,0.3043165467625897,0.3055555555555555
105,56,0.3043165467625897,0.31111111111111106
105,57,0.3043165467625897,0.31666666666666665
105,58,0.3043165467625897,0.3222222222222222
105,59,0.3043165467625897,0.3277777777777777
106,5,0.320071942446043,0.027777777777777776
106,6,0.320071942446043,0.033333333333333326
106,7,0.320071942446043,0.03888888888888888
106,8,0.320071942446043,0.04444444444444444
106,9,0.320071942446043,0.049999999999999996
106,10,0.320071942446043,0.05555555555555555
106,11,0.320071942446043,0.0611111111111111
106,12,0.320071942446043,0.06666666666666665
106,13,0.320071942446043,0.07222222222222222
106,14,0.320071942446043,0.07777777777777777
106,15,0.320071942446043,0.08333333333333333
106,16,0.320071942446043,0.08888888888888888
106,17,0.320071942446043,0.09444444444444443
106,18,0.320071942446043,0.09999999999999999
106,19,0.320071942446043,0.10555555555555554
106,20,0.320071942446043,0.1111111111111111
106,21,0.320071942446043,0.11666666666666665
106,22,0.320071942446043,0.1222222222222222
106,23,0.320071942446043,0.12777777777777777
106,24,0.320071942446043,0.1333333333333333
106,25,0.320071942446043,0.13888888888888887
106,26,0.320071942446043,0.14444444444444443
106,27,0.320071942446043,0.15
106,28,0.320071942446043,0.15555555555555553
106,29,0.320071942446043,0.1611111111111111
106,30,0.320071942446043,0.16666666666666666
106,31,0.320071942446043,0.1722222222222222
106,32,0.320071942446043,0.17777777777777776
106,33,0.320071942446043,0.18333333333333332
106,34,0.320071942446043,0.18888888888888886
106,35,0.320071942446043,0.19444444444444442
106,36,0.320071942446043,0.19999999999999998
106,37,0.320071942446043,0.20555555555555552
106,38,0.320071942446043,0.21111111111111108
106,39,0.320071942446043,0.21666666666666665
106,40,0.320071942446043,0.2222222222222222
106,41,0.320071942446043,0.22777777777777775
106,42,0.320071942446043,0.2333333333333333
106,43,0.320071942446043,0.23888888888888887
106,44,0.320071942446043,0.2444444444444444
106,45,0.320071942446043,0.24999999999999997
106,46,0.320071942446043,0.25555555555555554
106,47,0.320071942446043,0.26111111111111107
106,48,0.320071942446043,0.2666666666666666
106,49,0.320071942446043,0.2722222222222222
106,50,0.320071942446043,0.27777777777777773
106,51,0.320071942446043,0.2833333333333333
106,52,0.320071942446043,0.28888888888888886
106,53,0.320071942446043,0.2944444444444444
106,54,0.320071942446043,0.3
106,55,0.320071942446043,0.3055555555555555
106,56,0.320071942446043,0.31111111111111106
106,57,0.320071942446043,0.31666666666666665
106,58,0.320071942446043,0.3222222222222222
106,59,0.320071942446043,0.3277777777777777
107,4,0.3358273381294963,0.02222222222222222
107,5,0.3358273381294963,0.027777777777777776
107,6,0.3358273381294963,0.033333333333333326
107,7,0.3358273381294963,0.03888888888888888
107,8,0.3358273381294963,0.04444444444444444
107,9,0.3358273381294963,0.049999999999999996
107,10,0.3358273381294963,0.05555555555555555
107,11,0.3358273381294963,0.0611111111111111
107,12,0.3358273381294963,0.06666666666666665
107,13,0.3358273381294963,0.07222222222222222
107,14,0.3358273381294963,0.07777777777777777
107,15,0.3358273381294963,0.08333333333333333
107,16,0.3358273381294963,0.08888888888888888
107,17,0.3358273381294963,0.09444444444444443
107,18,0.3358273381294963,0.09999999999999999
107,19,0.3358273381294963,0.10555555555555554
107,20,0.3358273381294963,0.1111111111111111
107,21,0.3358273381294963,0.11666666666666665
107,22,0.3358273381294963,0.1222222222222222
107,23,0.3358273381294963,0.12777777777777777
107,24,0.3358273381294963,0.1333333333333333
107,25,0.3358273381294963,0.13888888888888887
107,26,0.3358273381294963,0.14444444444444443
107,27,0.3358273381294963,0.15
107,28,0.3358273381294963,0.15555555555555553
107,29,0.3358273381294963,0.1611111111111111
107,30,0.3358273381294963,0.16666666666666666
107,31,0.3358273381294963,0.1722222222222222
107,32,0.3358273381294963,0.17777777777777776
107,33,0.3358273381294963,0.18333333333333332
107,34,0.3358273381294963,0.18888888888888886
107,35,0.3358273381294963,0.19444444444444442
107,36,0.3358273381294963,0.19999999999999998
107,37,0.3358273381294963,0.20555555555555552
107,38,0.3358273381294963,0.21111111111111108
107,39,0.3358273381294963,0.21666666666666665
107,40,0.3358273381294963,0.2222222222222222
107,41,0.3358273381294963,0.22777777777777775
107,42,0.3358273381294963,0.2333333333333333
107,43,0.3358273381294963,0.23888888888888887
107,44,0.3358273381294963,0.2444444444444444
107,45,0.3358273381294963,0.24999999999999997
107,46,0.3358273381294963,0.25555555555555554
107,47,0.3358273381294963,0.26111111111111107
107,48,0.3358273381294963,0.2666666666666666
107,49,0.3358273381294963,0.2722222222222222
107,50,0.3358273381294963,0.27777777777777773
107,51,0.3358273381294963,0.2833333333333333
107,52,0.3358273381294963,0.28888888888888886
107,53,0.3358273381294963,0.2944444444444444
107,54,0.3358273381294963,0.3
107,55,0.3358273381294963,0.3055555555555555
107,56,0.3358273381294963,0.31111111111111106
107,57,0.3358273381294963,0.31666666666666665
107,58,0.3358273381294963,0.3222222222222222
107,59,0.3358273381294963,0.3277777777777777
107,60,0.3358273381294963,0.3333333333333333
108,3,0.3515827338129496,0.016666666666666663
108,4,0.3515827338129496,0.02222222222222222
108,5,0.3515827338129496,0.027777777777777776
108,6,0.3515827338129496,0.033333333333333326
108,7,0.3515827338129496,0.03888888888888888
108,8,0.3515827338129496,0.04444444444444444
108,9,0.3515827338129496,0.049999999999999996
108,10,0.3515827338129496,0.05555555555555555
108,11,0.3515827338129496,0.0611111111111111
108,12,0.3515827338129496,0.06666666666666665
108,13,0.3515827338129496,0.07222222222222222
108,14,0.3515827338129496,0.07777777777777777
108,15,0.3515827338129496,0.08333333333333333
108,16,0.3515827338129496,0.08888888888888888
108,17,0.3515827338129496,0.09444444444444443
108,18,0.3515827338129496,0.09999999999999999
108,19,0.3515827338129496,0.10555555555555554
108,20,0.3515827338129496,0.1111111111111111
108,21,0.3515827338129496,0.11666666666666665
108,22,0.3515827338129496,0.1222222222222222
108,23,0.3515827338129496,0.12777777777777777
108,24,0.3515827338129496,0.1333333333333333
108,25,0.3515827338129496,0.13888888888888887
108,26,0.3515827338129496,0.14444444444444443
108,27,0.3515827338129496,0.15
108,28,0.3515827338129496,0.15555555555555553
108,29,0.3515827338129496,0.1611111111111111
108,30,0.3515827338129496,0.16666666666666666
108,31,0.3515827338129496,0.1722222222222222
108,32,0.3515827338129496,0.17777777777777776
108,33,0.3515827338129496,0.18333333333333332
108,34,0.3515827338129496,0.18888888888888886
108,35,0.3515827338129496,0.19444444444444442
108,36,0.3515827338129496,0.19999999999999998
108,37,0.3515827338129496,0.20555555555555552
108,38,0.3515827338129496,0.21111111111111108
108,39,0.3515827338129496,0.21666666666666665
108,40,0.3515827338129496,0.2222222222222222
108,41,0.3515827338129496,0.22777777777777775
108,42,0.3515827338129496,0.2333333333333333
108,43,0.3515827338129496,0.23888888888888887
108,44,0.3515827338129496,0.2444444444444444
108,45,0.3515827338129496,0.24999999999999997
108,46,0.3515827338129496,0.25555555555555554
108,47,0.3515827338129496,0.26111111111111107
108,48,0.3515827338129496,0.2666666666666666
108,49,0.3515827338129496,0.2722222222222222
108,50,0.3515827338129496,0.27777777777777773
108,51,0.3515827338129496,0.2833333333333333
108,52,0.3515827338129496,0.28888888888888886
108,53,0.3515827338129496,0.2944444444444444
108,54,0.3515827338129496,0.3
108,55,0.3515827338129496,0.3055555555555555
108,56,0.3515827338129496,0.31111111111111106
108,57,0.3515827338129496,0.31666666666666665
108,58,0.3515827338129496,0.3222222222222222
108,59,0.3515827338129496,0.3277777777777777
108,60,0.3515827338129496,0.3333333333333333
109,2,0.36733812949640265,0.01111111111111111
109,3,0.36733812949640265,0.016666666666666663
109,4,0.36733812949640265,0.02222222222222222
109,5,0.36733812949640265,0.027777777777777776
109,6,0.36733812949640265,0.033333333333333326
109,7,0.36733812949640265,0.03888888888888888
109,8,0.36733812949640265,0.04444444444444444
109,9,0.36733812949640265,0.049999999999999996
109,10,0.36733812949640265,0.05555555555555555
109,11,0.36733812949640265,0.0611111111111111
109,12,0.36733812949640265,0.06666666666666665
109,13,0.36733812949640265,0.07222222222222222
109,14,0.36733812949640265,0.07777777777777777
109,15,0.36733812949640265,0.08333333333333333
109,16,0.36733812949640265,0.08888888888888888
109,17,0.36733812949640265,0.09444444444444443
109,18,0.36733812949640265,0.09999999999999999
109,19,0.36733812949640265,0.10555555555555554
109,20,0.36733812949640265,0.1111111111111111
109,21,0.36733812949640265,0.11666666666666665
109,22,0.36733812949640265,0.1222222222222222
109,23,0.36733812949640265,0.12777777777777777
109,24,0.36733812949640265,0.1333333333333333
109,25,0.36733812949640265,0.13888888888888887
109,26,0.36733812949640265,0.14444444444444443
109,27,0.36733812949640265,0.15
109,28,0.36733812949640265,0.15555555555555553
109,29,0.36733812949640265,0.1611111111111111
109,30,0.36733812949640265,0.16666666666666666
109,31,0.36733812949640265,0.1722222222222222
109,32,0.36733812949640265,0.17777777777777776
109,33,0.36733812949640265,0.18333333333333332
109,34,0.36733812949640265,0.18888888888888886
109,35,0.36733812949640265,0.19444444444444442
109,36,0.36733812949640265,0.19999999999999998
109,37,0.36733812949640265,0.20555555555555552
109,38,0.36733812949640265,0.21111111111111108
109,39,0.36733812949640265,0.21666666666666665
109,40,0.36733812949640265,0.2222222222222222
109,41,0.36733812949640265,0.22777777777777775
109,42,0.36733812949640265,0.2333333333333333
109,43,0.36733812949640265,0.23888888888888887
109,44,0.36733812949640265,0.2444444444444444
109,45,0.36733812949640265,0.24999999999999997
109,46,0.36733812949640265,0.25555555555555554
109,47,0.36733812949640265,0.26111111111111107
109,48,0.36733812949640265,0.2666666666666666
109,49,0.36733812949640265,0.2722222222222222
109,50,0.36733812949640265,0.27777777777777773
109,51,0.36733812949640265,0.2833333333333333
109,52,0.36733812949640265,0.28888888888888886
109,53,0.36733812949640265,0.2944444444444444
109,54,0.36733812949640265,0.3
109,55,0.36733812949640265,0.3055555555555555
109,56,0.36733812949640265,0.31111111111111106
109,57,0.36733812949640265,0.31666666666666665
109,58,0.36733812949640265,0.3222222222222222
109,59,0.36733812949640265,0.3277777777777777
109,60,0.36733812949640265,0.3333333333333333
110,1,0.38309352517985595,0.005555555555555555
110,2,0.38309352517985595,0.01111111111111111
110,3,0.38309352517985595,0.016666666666666663
110,4,0.38309352517985595,0.02222222222222222
110,5,0.38309352517985595,0.027777777777777776
110,6,0.38309352517985595,0.033333333333333326
110,7,0.38309352517985595,0.03888888888888888
110,8,0.38309352517985595,0.04444444444444444
110,9,0.38309352517985595,0.049999999999999996
110,10,0.38309352517985595,0.05555555555555555
110,11,0.38309352517985595,0.0611111111111111
110,12,0.38309352517985595,0.06666666666666665
110,13,0.38309352517985595,0.07222222222222222
110,14,0.38309352517985595,0.07777777777777777
110,15,0.38309352517985595,0.08333333333333333
110,16,0.38309352517985595,0.08888888888888888
110,17,0.38309352517985595,0.09444444444444443
110,18,0.38309352517985595,0.09999999999999999
110,19,0.38309352517985595,0.10555555555555554
110,20,0.38309352517985595,0.1111111111111111
110,21,0.38309352517985595,0.11666666666666665
110,22,0.38309352517985595,0.1222222222222222
110,23,0.38309352517985595,0.12777777777777777
110,24,0.38309352517985595,0.1333333333333333
110,25,0.38309352517985595,0.13888888888888887
110,26,0.38309352517985595,0.14444444444444443
110,27,0.38309352517985595,0.15
110,28,0.38309352517985595,0.15555555555555553
110,29,0.38309352517985595,0.1611111111111111
110,30,0.38309352517985595,0.16666666666666666
110,31,0.38309352517985595,0.1722222222222222
110,32,0.38309352517985595,0.17777777777777776
110,33,0.38309352517985595,0.18333333333333332
110,34,0.38309352517985595,0.18888888888888886
110,35,0.38309352517985595,0.19444444444444442
110,36,0.38309352517985595,0.19999999999999998
110,37,0.38309352517985595,0.20555555555555552
110,38,0.38309352517985595,0.21111111111111108
110,39,0.38309352517985595,0.21666666666666665
110,40,0.38309352517985595,0.2222222222222222
110,41,0.38309352517985595,0.22777777777777775
110,42,0.38309352517985595,0.2333333333333333
110,43,0.38309352517985595,0.23888888888888887
110,44,0.38309352517985595,0.2444444444444444
110,45,0.38309352517985595,0.24999999999999997
110,46,0.38309352517985595,0.25555555555555554
110,47,0.38309352517985595,0.26111111111111107
110,48,0.38309352517985595,0.2666666666666666
110,49,0.38309352517985595,0.2722222222222222
110,50,0.38309352517985595,0.27777777777777773
110,51,0.38309352517985595,0.2833333333333333
110,52,0.38309352517985595,0.28888888888888886
110,53,0.38309352517985595,0.2944444444444444
110,54,0.38309352517985595,0.3
110,55,0.38309352517985595,0.3055555555555555
110,56,0.38309352517985595,0.31111111111111106
110,57,0.38309352517985595,0.31666666666666665
110,58,0.38309352517985595,0.3222222222222222
110,59,0.38309352517985595,0.3277777777777777
110,60,0.38309352517985595,0.3333333333333333
111,1,0.39884892086330925,0.005555555555555555
111,2,0.39884892086330925,0.01111111111111111
111,3,0.39884892086330925,0.016666666666666663
111,4,0.39884892086330925,0.02222222222222222
111,5,0.39884892086330925,0.027777777777777776
111,6,0.39884892086330925,0.033333333333333326
111,7,0.39884892086330925,0.03888888888888888
111,8,0.39884892086330925,0.04444444444444444
111,9,0.39884892086330925,0.049999999999999996
111,10,0.39884892086330925,0.05555555555555555
111,11,0.39884892086330925,0.0611111111111111
111,12,0.39884892086330925,0.06666666666666665
111,13,0.39884892086330925,0.07222222222222222
111,14,0.39884892086330925,0.07777777777777777
111,15,0.39884892086330925,0.08333333333333333
111,16,0.39884892086330925,0.08888888888888888
111,17,0.39884892086330925,0.09444444444444443
111,18,0.39884892086330925,0.09999999999999999
111,19,0.39884892086330925,0.10555555555555554
111,20,0.39884892086330925,0.1111111111111111
111,21,0.39884892086330925,0.11666666666666665
111,22,0.39884892086330925,0.1222222222222222
111,23,0.39884892086330925,0.12777777777777777
111,24,0.39884892086330925,0.1333333333333333
111,25,0.39884892086330925,0.13888888888888887
111,26,0.39884892086330925,0.14444444444444443
111,27,0.39884892086330925,0.15
111,28,0.39884892086330925,0.15555555555555553
111,29,0.39884892086330925,0.1611111111111111
111,30,0.39884892086330925,0.16666666666666666
111,31,0.39884892086330925,0.1722222222222222
111,32,0.39884892086330925,0.17777777777777776
111,33,0.39884892086330925,0.18333333333333332
111,34,0.39884892086330925,0.18888888888888886
111,35,0.39884892086330925,0.19444444444444442
111,36,0.39884892086330925,0.19999999999999998
111,37,0.39884892086330925,0.20555555555555552
111,38,0.39884892086330925,0.21111111111111108
111,39,0.39884892086330925,0.21666666666666665
111,40,0.39884892086330925,0.2222222222222222
111,41,0.39884892086330925,0.22777777777777775
111,42,0.39884892086330925,0.2333333333333333
111,43,0.39884892086330925,0.23888888888888887
111,44,0.39884892086330925,0.2444444444444444
111,45,0.39884892086330925,0.24999999999999997
111,46,0.39884892086330925,0.25555555555555554
111,47,0.39884892086330925,0.26111111111111107
111,48,0.39884892086330925,0.2666666666666666
111,49,0.39884892086330925,0.2722222222222222
111,50,0.39884892086330925,0.27777777777777773
111,51,0.39884892086330925,0.2833333333333333
111,52,0.39884892086330925,0.28888888888888886
111,53,0.39884892086330925,0.2944444444444444
111,54,0.39884892086330925,0.3
111,55,0.39884892086330925,0.3055555555555555
111,56,0.39884892086330925,0.31111111111111106
111,57,0.39884892086330925,0.31666666666666665
111,58,0.39884892086330925,0.3222222222222222
111,59,0.39884892086330925,0.3277777777777777
111,60,0.39884892086330925,0.3333333333333333
112,1,0.41460431654676233,0.005555555555555555
112,2,0.41460431654676233,0.01111111111111111
112,3,0.41460431654676233,0.016666666666666663
112,4,0.41460431654676233,0.02222222222222222
112,5,0.41460431654676233,0.027777777777777776
112,6,0.41460431654676233,0.033333333333333326
112,7,0.41460431654676233,0.03888888888888888
112,8,0.41460431654676233,0.04444444444444444
112,9,0.41460431654676233,0.049999999999999996
112,10,0.41460431654676233,0.05555555555555555
112,11,0.41460431654676233,0.0611111111111111
112,12,0.41460431654676233,0.06666666666666665
112,13,0.41460431654676233,0.07222222222222222
112,14,0.41460431654676233,0.07777777777777777
112,15,0.41460431654676233,0.08333333333333333
112,16,0.41460431654676233,0.08888888888888888
112,17,0.41460431654676233,0.09444444444444443
112,18,0.41460431654676233,0.09999999999999999
112,19,0.41460431654676233,0.10555555555555554
112,20,0.41460431654676233,0.1111111111111111
112,21,0.41460431654676233,0.11666666666666665
112,22,0.41460431654676233,0.1222222222222222
112,23,0.41460431654676233,0.12777777777777777
112,24,0.41460431654676233,0.1333333333333333
112,25,0.41460431654676233,0.13888888888888887
112,26,0.41460431654676233,0.14444444444444443
112,27,0.41460431654676233,0.15
112,28,0.41460431654676233,0.15555555555555553
112,29,0.41460431654676233,0.1611111111111111
112,30,0.41460431654676233,0.16666666666666666
112,31,0.41460431654676233,0.1722222222222222
112,32,0.41460431654676233,0.17777777777777776
112,33,0.41460431654676233,0.18333333333333332
112,34,0.41460431654676233,0.18888888888888886
112,35,0.41460431654676233,0.19444444444444442
112,36,0.41460431654676233,0.19999999999999998
112,37,0.41460431654676233,0.20555555555555552
112,38,0.41460431654676233,0.21111111111111108
112,39,0.41460431654676233,0.21666666666666665
112,40,0.41460431654676233,0.2222222222222222
112,41,0.41460431654676233,0.22777777777777775
112,42,0.41460431654676233,0.2333333333333333
112,43,0.41460431654676233,0.23888888888888887
112,44,0.41460431654676233,0.2444444444444444
112,45,0.41460431654676233,0.24999999999999997
112,46,0.41460431654676233,0.25555555555555554
112,47,0.41460431654676233,0.26111111111111107
112,48,0.41460431654676233,0.2666666666666666
112,49,0.41460431654676233,0.2722222222222222
112,50,0.41460431654676233,0.27777777777777773
112,51,0.41460431654676233,0.2833333333333333
112,52,0.41460431654676233,0.28888888888888886
112,53,0.41460431654676233,0.2944444444444444
112,54,0.41460431654676233,0.3
112,55,0.41460431654676233,0.3055555555555555
112,56,0.41460431654676233,0.31111111111111106
112,57,0.41460431654676233,0.31666666666666665
112,58,0.41460431654676233,0.3222222222222222
112,59,0.41460431654676233,0.3277777777777777
112,60,0.41460431654676233,0.3333333333333333
112,61,0.41460431654676233,0.33888888888888885
113,1,0.43035971223021563,0.005555555555555555
113,2,0.43035971223021563,0.01111111111111111
113,3,0.43035971223021563,0.016666666666666663
113,4,0.43035971223021563,0.02222222222222222
113,5,0.43035971223021563,0.027777777777777776
113,6,0.43035971223021563,0.033333333333333326
113,7,0.43035971223021563,0.03888888888888888
113,8,0.43035971223021563,0.04444444444444444
113,9,0.43035971223021563,0.049999999999999996
113,10,0.43035971223021563,0.05555555555555555
113,11,0.43035971223021563,0.0611111111111111
113,12,0.43035971223021563,0.06666666666666665
113,13,0.43035971223021563,0.07222222222222222
113,14,0.43035971223021563,0.07777777777777777
113,15,0.43035971223021563,0.08333333333333333
113,16,0.43035971223021563,0.08888888888888888
113,17,0.43035971223021563,0.09444444444444443
113,18,0.43035971223021563,0.09999999999999999
113,19,0.43035971223021563,0.10555555555555554
113,20,0.43035971223021563,0.1111111111111111
113,21,0.43035971223021563,0.11666666666666665
113,22,0.43035971223021563,0.1222222222222222
113,23,0.43035971223021563,0.12777777777777777
113,24,0.43035971223021563,0.1333333333333333
113,25,0.43035971223021563,0.13888888888888887
113,26,0.43035971223021563,0.14444444444444443
113,27,0.43035971223021563,0.15
113,28,0.43035971223021563,0.15555555555555553
113,29,0.43035971223021563,0.1611111111111111
113,30,0.43035971223021563,0.16666666666666666
113,31,0.43035971223021563,0.1722222222222222
113,32,0.43035971223021563,0.17777777777777776
113,33,0.43035971223021563,0.18333333333333332
113,34,0.43035971223021563,0.18888888888888886
113,35,0.43035971223021563,0.19444444444444442
113,36,0.43035971223021563,0.19999999999999998
113,37,0.43035971223021563,0.20555555555555552
113,38,0.43035971223021563,0.21111111111111108
113,39,0.43035971223021563,0.21666666666666665
113,40,0.43035971223021563,0.2222222222222222
113,41,0.43035971223021563,0.22777777777777775
113,42,0.43035971223021563,0.2333333333333333
113,43,0.43035971223021563,0.23888888888888887
113,44,0.43035971223021563,0.2444444444444444
113,45,0.43035971223021563,0.24999999999999997
113,46,0.43035971223021563,0.25555555555555554
113,47,0.43035971223021563,0.26111111111111107
113,48,0.43035971223021563,0.2666666666666666
113,49,0.43035971223021563,0.2722222222222222
113,50,0.43035971223021563,0.27777777777777773
113,51,0.43035971223021563,0.2833333333333333
113,52,0.43035971223021563,0.28888888888888886
113,53,0.43035971223021563,0.2944444444444444
113,54,0.43035971223021563,0.3
113,55,0.43035971223021563,0.3055555555555555
113,56,0.43035971223021563,0.31111111111111106
113,57,0.43035971223021563,0.31666666666666665
113,58,0.43035971223021563,0.3222222222222222
113,59,0.43035971223021563,0.3277777777777777
113,60,0.43035971223021563,0.3333333333333333
113,61,0.43035971223021563,0.33888888888888885
114,1,0.44611510791366893,0.005555555555555555
114,2,0.44611510791366893,0.01111111111111111
114,3,0.44611510791366893,0.016666666666666663
114,4,0.44611510791366893,0.02222222222222222
114,5,0.44611510791366893,0.027777777777777776
114,6,0.44611510791366893,0.033333333333333326
114,7,0.44611510791366893,0.03888888888888888
114,8,0.44611510791366893,0.04444444444444444
114,9,0.44611510791366893,0.049999999999999996
114,10,0.44611510791366893,0.05555555555555555
114,11,0.44611510791366893,0.0611111111111111
114,12,0.44611510791366893,0.06666666666666665
114,13,0.44611510791366893,0.07222222222222222
114,14,0.44611510791366893,0.07777777777777777
114,15,0.44611510791366893,0.08333333333333333
114,16,0.44611510791366893,0.08888888888888888
114,17,0.44611510791366893,0.09444444444444443
114,18,0.44611510791366893,0.09999999999999999
114,19,0.44611510791366893,0.10555555555555554
114,20,0.44611510791366893,0.1111111111111111
114,21,0.44611510791366893,0.11666666666666665
114,22,0.44611510791366893,0.1222222222222222
114,23,0.44611510791366893,0.12777777777777777
114,24,0.44611510791366893,0.1333333333333333
114,25,0.44611510791366893,0.13888888888888887
114,26,0.44611510791366893,0.14444444444444443
114,27,0.44611510791366893,0.15
114,28,0.44611510791366893,0.15555555555555553
114,29,0.44611510791366893,0.1611111111111111
114,30,0.44611510791366893,0.16666666666666666
114,31,0.44611510791366893,0.1722222222222222
114,32,0.44611510791366893,0.17777777777777776
114,33,0.44611510791366893,0.18333333333333332
114,34,0.44611510791366893,0.18888888888888886
114,35,0.44611510791366893,0.19444444444444442
114,36,0.44611510791366893,0.19999999999999998
114,37,0.44611510791366893,0.20555555555555552
114,38,0.44611510791366893,0.21111111111111108
114,39,0.44611510791366893,0.21666666666666665
114,40,0.44611510791366893,0.2222222222222222
114,41,0.44611510791366893,0.22777777777777775
114,42,0.44611510791366893,0.2333333333333333
114,43,0.44611510791366893,0.23888888888888887
114,44,0.44611510791366893,0.2444444444444444
114,45,0.44611510791366893,0.24999999999999997
114,46,0.44611510791366893,0.25555555555555554
114,47,0.44611510791366893,0.26111111111111107
114,48,0.44611510791366893,0.2666666666666666
114,49,0.44611510791366893,0.2722222222222222
114,50,0.44611510791366893,0.27777777777777773
114,51,0.44611510791366893,0.2833333333333333
114,52,0.44611510791366893,0.28888888888888886
114,53,0.44611510791366893,0.2944444444444444
114,54,0.44611510791366893,0.3
114,55,0.44611510791366893,0.3055555555555555
114,56,0.44611510791366893,0.31111111111111106
114,57,0.44611510791366893,0.31666666666666665
114,58,0.44611510791366893,0.3222222222222222
114,59,0.44611510791366893,0.3277777777777777
114,60,0.44611510791366893,0.3333333333333333
114,61,0.44611510791366893,0.33888888888888885
115,1,0.46187050359712223,0.005555555555555555
115,2,0.46187050359712223,0.01111111111111111
115,3,0.46187050359712223,0.016666666666666663
115,4,0.46187050359712223,0.02222222222222222
115,5,0.46187050359712223,0.027777777777777776
115,6,0.46187050359712223,0.033333333333333326
115,7,0.46187050359712223,0.03888888888888888
115,8,0.46187050359712223,0.04444444444444444
115,9,0.46187050359712223,0.049999999999999996
115,10,0.46187050359712223,0.05555555555555555
115,11,0.46187050359712223,0.0611111111111111
115,12,0.46187050359712223,0.06666666666666665
115,13,0.46187050359712223,0.07222222222222222
115,14,0.46187050359712223,0.07777777777777777
115,15,0.46187050359712223,0.08333333333333333
115,16,0.46187050359712223,0.08888888888888888
115,17,0.46187050359712223,0.09444444444444443
115,18,0.46187050359712223,0.09999999999999999
115,19,0.46187050359712223,0.10555555555555554
115,20,0.46187050359712223,0.1111111111111111
115,21,0.46187050359712223,0.11666666666666665
115,22,0.46187050359712223,0.1222222222222222
115,23,0.46187050359712223,0.12777777777777777
115,24,0.46187050359712223,0.1333333333333333
115,25,0.46187050359712223,0.13888888888888887
115,26,0.46187050359712223,0.14444444444444443
115,27,0.46187050359712223,0.15
115,28,0.46187050359712223,0.15555555555555553
115,29,0.46187050359712223,0.1611111111111111
115,30,0.46187050359712223,0.16666666666666666
115,31,0.46187050359712223,0.1722222222222222
115,32,0.46187050359712223,0.17777777777777776
115,33,0.46187050359712223,0.18333333333333332
115,34,0.46187050359712223,0.18888888888888886
115,35,0.46187050359712223,0.19444444444444442
115,36,0.46187050359712223,0.19999999999999998
115,37,0.46187050359712223,0.20555555555555552
115,38,0.46187050359712223,0.21111111111111108
115,39,0.46187050359712223,0.21666666666666665
115,40,0.46187050359712223,0.2222222222222222
115,41,0.46187050359712223,0.22777777777777775
115,42,0.46187050359712223,0.2333333333333333
115,43,0.46187050359712223,0.23888888888888887
115,44,0.46187050359712223,0.2444444444444444
115,45,0.46187050359712223,0.24999999999999997
115,46,0.46187050359712223,0.25555555555555554
115,47,0.46187050359712223,0.26111111111111107
115,48,0.46187050359712223,0.2666666666666666
115,49,0.46187050359712223,0.2722222222222222
115,50,0.46187050359712223,0.27777777777777773
115,51,0.46187050359712223,0.2833333333333333
115,52,0.46187050359712223,0.28888888888888886
115,53,0.46187050359712223,0.2944444444444444
115,54,0.46187050359712223,0.3
115,55,0.46187050359712223,0.3055555555555555
115,56,0.46187050359712223,0.31111111111111106
115,57,0.46187050359712223,0.31666666666666665
115,58,0.46187050359712223,0.3222222222222222
115,59,0.46187050359712223,0.3277777777777777
115,60,0.46187050359712223,0.3333333333333333
115,61,0.46187050359712223,0.33888888888888885
116,1,0.4776258992805753,0.005555555555555555
116,2,0.4776258992805753,0.01111111111111111
116,3,0.4776258992805753,0.016666666666666663
116,4,0.4776258992805753,0.02222222222222222
116,5,0.4776258992805753,0.027777777777777776
116,6,0.4776258992805753,0.033333333333333326
116,7,0.4776258992805753,0.03888888888888888
116,8,0.4776258992805753,0.04444444444444444
116,9,0.4776258992805753,0.049999999999999996
116,10,0.4776258992805753,0.05555555555555555
116,11,0.4776258992805753,0.0611111111111111
116,12,0.4776258992805753,0.06666666666666665
116,13,0.4776258992805753,0.07222222222222222
116,14,0.4776258992805753,0.07777777777777777
116,15,0.4776258992805753,0.08333333333333333
116,16,0.4776258992805753,0.08888888888888888
116,17,0.4776258992805753,0.09444444444444443
116,18,0.4776258992805753,0.09999999999999999
116,19,0.4776258992805753,0.10555555555555554
116,20,0.4776258992805753,0.1111111111111111
116,21,0.4776258992805753,0.11666666666666665
116,22,0.4776258992805753,0.1222222222222222
116,23,0.4776258992805753,0.12777777777777777
116,24,0.4776258992805753,0.1333333333333333
116,25,0.4776258992805753,0.13888888888888887
116,26,0.4776258992805753,0.14444444444444443
116,27,0.4776258992805753,0.15
116,28,0.4776258992805753,0.15555555555555553
116,29,0.4776258992805753,0.1611111111111111
116,30,0.4776258992805753,0.16666666666666666
116,31,0.4776258992805753,0.1722222222222222
116,32,0.4776258992805753,0.17777777777777776
116,33,0.4776258992805753,0.18333333333333332
116,34,0.4776258992805753,0.18888888888888886
116,35,0.4776258992805753,0.19444444444444442
116,36,0.4776258992805753,0.19999999999999998
116,37,0.4776258992805753,0.20555555555555552
116,38,0.4776258992805753,0.21111111111111108
116,39,0.4776258992805753,0.21666666666666665
116,40,0.4776258992805753,0.2222222222222222
116,41,0.4776258992805753,0.22777777777777775
116,42,0.4776258992805753,0.2333333333333333
116,43,0.4776258992805753,0.23888888888888887
116,44,0.4776258992805753,0.2444444444444444
116,45,0.4776258992805753,0.24999999999999997
116,46,0.4776258992805753,0.25555555555555554
116,47,0.4776258992805753,0.26111111111111107
116,48,0.4776258992805753,0.2666666666666666
116,49,0.4776258992805753,0.2722222222222222
116,50,0.4776258992805753,0.27777777777777773
116,51,0.4776258992805753,0.2833333333333333
116,52,0.4776258992805753,0.28888888888888886
116,53,0.4776258992805753,0.2944444444444444
116,54,0.4776258992805753,0.3
116,55,0.4776258992805753,0.3055555555555555
116,56,0.4776258992805753,0.31111111111111106
116,57,0.4776258992805753,0.31666666666666665
116,58,0.4776258992805753,0.3222222222222222
116,59,0.4776258992805753,0.3277777777777777
116,60,0.4776258992805753,0.3333333333333333
116,61,0.4776258992805753,0.33888888888888885
117,1,0.4933812949640286,0.005555555555555555
117,2,0.4933812949640286,0.01111111111111111
117,3,0.4933812949640286,0.016666666666666663
117,4,0.4933812949640286,0.02222222222222222
117,5,0.4933812949640286,0.027777777777777776
117,6,0.4933812949640286,0.033333333333333326
117,7,0.4933812949640286,0.03888888888888888
117,8,0.4933812949640286,0.04444444444444444
117,9,0.4933812949640286,0.049999999999999996
117,10,0.4933812949640286,0.05555555555555555
117,11,0.4933812949640286,0.0611111111111111
117,12,0.4933812949640286,0.06666666666666665
117,13,0.4933812949640286,0.07222222222222222
117,14,0.4933812949640286,0.07777777777777777
117,15,0.4933812949640286,0.08333333333333333
117,16,0.4933812949640286,0.08888888888888888
117,17,0.4933812949640286,0.09444444444444443
117,18,0.4933812949640286,0.09999999999999999
117,19,0.4933812949640286,0.10555555555555554
117,20,0.4933812949640286,0.1111111111111111
117,21,0.4933812949640286,0.11666666666666665
117,22,0.4933812949640286,0.1222222222222222
117,23,0.4933812949640286,0.12777777777777777
117,24,0.4933812949640286,0.1333333333333333
117,25,0.4933812949640286,0.13888888888888887
117,26,0.4933812949640286,0.14444444444444443
117,27,0.4933812949640286,0.15
117,28,0.4933812949640286,0.15555555555555553
117,29,0.4933812949640286,0.1611111111111111
117,30,0.4933812949640286,0.16666666666666666
117,31,0.4933812949640286,0.1722222222222222
117,32,0.4933812949640286,0.17777777777777776
117,33,0.4933812949640286,0.18333333333333332
117,34,0.4933812949640286,0.18888888888888886
117,35,0.4933812949640286,0.19444444444444442
117,36,0.4933812949640286,0.19999999999999998
117,37,0.4933812949640286,0.20555555555555552
117,38,0.4933812949640286,0.21111111111111108
117,39,0.4933812949640286,0.21666666666666665
117,40,0.4933812949640286,0.2222222222222222
117,41,0.4933812949640286,0.22777777777777775
117,42,0.4933812949640286,0.2333333333333333
117,43,0.4933812949640286,0.23888888888888887
117,44,0.4933812949640286,0.2444444444444444
117,45,0.4933812949640286,0.24999999999999997
117,46,0.4933812949640286,0.25555555555555554
117,47,0.4933812949640286,0.26111111111111107
117,48,0.4933812949640286,0.2666666666666666
117,49,0.4933812949640286,0.2722222222222222
117,50,0.4933812949640286,0.27777777777777773
117,51,0.4933812949640286,0.2833333333333333
117,52,0.4933812949640286,0.28888888888888886
117,53,0.4933812949640286,0.2944444444444444
117,54,0.4933812949640286,0.3
117,55,0.4933812949640286,0.3055555555555555
117,56,0.4933812949640286,0.31111111111111106
117,57,0.4933812949640286,0.31666666666666665
117,58,0.4933812949640286,0.3222222222222222
117,59,0.4933812949640286,0.3277777777777777
117,60,0.4933812949640286,0.3333333333333333
117,61,0.4933812949640286,0.33888888888888885
118,1,0.5091366906474819,0.005555555555555555
118,2,0.5091366906474819,0.01111111111111111
118,3,0.5091366906474819,0.016666666666666663
118,4,0.5091366906474819,0.02222222222222222
118,5,0.5091366906474819,0.027777777777777776
118,6,0.5091366906474819,0.033333333333333326
118,7,0.5091366906474819,0.03888888888888888
118,8,0.5091366906474819,0.04444444444444444
118,9,0.5091366906474819,0.049999999999999996
118,10,0.5091366906474819,0.05555555555555555
118,11,0.5091366906474819,0.0611111111111111
118,12,0.5091366906474819,0.06666666666666665
118,13,0.5091366906474819,0.07222222222222222
118,14,0.5091366906474819,0.07777777777777777
118,15,0.5091366906474819,0.08333333333333333
118,16,0.5091366906474819,0.08888888888888888
118,17,0.5091366906474819,0.09444444444444443
118,18,0.5091366906474819,0.09999999999999999
118,19,0.5091366906474819,0.10555555555555554
118,20,0.5091366906474819,0.1111111111111111
118,21,0.5091366906474819,0.11666666666666665
118,22,0.5091366906474819,0.1222222222222222
118,23,0.5091366906474819,0.12777777777777777
118,24,0.5091366906474819,0.1333333333333333
118,25,0.5091366906474819,0.13888888888888887
118,26,0.5091366906474819,0.14444444444444443
118,27,0.5091366906474819,0.15
118,28,0.5091366906474819,0.15555555555555553
118,29,0.5091366906474819,0.1611111111111111
118,30,0.5091366906474819,0.16666666666666666
118,31,0.5091366906474819,0.1722222222222222
118,32,0.5091366906474819,0.17777777777777776
118,33,0.5091366906474819,0.18333333333333332
118,34,0.5091366906474819,0.18888888888888886
118,35,0.5091366906474819,0.19444444444444442
118,36,0.5091366906474819,0.19999999999999998
118,37,0.5091366906474819,0.20555555555555552
118,38,0.5091366906474819,0.21111111111111108
118,39,0.5091366906474819,0.21666666666666665
118,40,0.5091366906474819,0.2222222222222222
118,41,0.5091366906474819,0.22777777777777775
118,42,0.5091366906474819,0.2333333333333333
118,43,0.5091366906474819,0.23888888888888887
118,44,0.5091366906474819,0.2444444444444444
118,45,0.5091366906474819,0.24999999999999997
118,46,0.5091366906474819,0.25555555555555554
118,47,0.5091366906474819,0.26111111111111107
118,48,0.5091366906474819,0.2666666666666666
118,49,0.5091366906474819,0.2722222222222222
118,50,0.5091366906474819,0.27777777777777773
118,51,0.5091366906474819,0.2833333333333333
118,52,0.5091366906474819,0.28888888888888886
118,53,0.5091366906474819,0.2944444444444444
118,54,0.5091366906474819,0.3
118,55,0.5091366906474819,0.3055555555555555
118,56,0.5091366906474819,0.31111111111111106
118,57,0.5091366906474819,0.31666666666666665
118,58,0.5091366906474819,0.3222222222222222
118,59,0.5091366906474819,0.3277777777777777
118,60,0.5091366906474819,0.3333333333333333
118,61,0.5091366906474819,0.33888888888888885
118,62,0.5091366906474819,0.3444444444444444
119,1,0.5248920863309352,0.005555555555555555
119,2,0.5248920863309352,0.01111111111111111
119,3,0.5248920863309352,0.016666666666666663
119,4,0.5248920863309352,0.02222222222222222
119,5,0.5248920863309352,0.027777777777777776
119,6,0.5248920863309352,0.033333333333333326
119,7,0.5248920863309352,0.03888888888888888
119,8,0.5248920863309352,0.04444444444444444
119,9,0.5248920863309352,0.049999999999999996
119,10,0.5248920863309352,0.05555555555555555
119,11,0.5248920863309352,0.0611111111111111
119,12,0.5248920863309352,0.06666666666666665
119,13,0.5248920863309352,0.07222222222222222
119,14,0.5248920863309352,0.07777777777777777
119,15,0.5248920863309352,0.08333333333333333
119,16,0.5248920863309352,0.08888888888888888
119,17,0.5248920863309352,0.09444444444444443
119,18,0.5248920863309352,0.09999999999999999
119,19,0.5248920863309352,0.10555555555555554
119,20,0.5248920863309352,0.1111111111111111
119,21,0.5248920863309352,0.11666666666666665
119,22,0.5248920863309352,0.1222222222222222
119,23,0.5248920863309352,0.12777777777777777
119,24,0.5248920863309352,0.1333333333333333
119,25,0.5248920863309352,0.13888888888888887
119,26,0.5248920863309352,0.14444444444444443
119,27,0.5248920863309352,0.15
119,28,0.5248920863309352,0.15555555555555553
119,29,0.5248920863309352,0.1611111111111111
119,30,0.5248920863309352,0.16666666666666666
119,31,0.5248920863309352,0.1722222222222222
119,32,0.5248920863309352,0.17777777777777776
119,33,0.5248920863309352,0.18333333333333332
119,34,0.5248920863309352,0.18888888888888886
119,35,0.5248920863309352,0.19444444444444442
119,36,0.5248920863309352,0.19999999999999998
119,37,0.5248920863309352,0.20555555555555552
119,38,0.5248920863309352,0.21111111111111108
119,39,0.5248920863309352,0.21666666666666665
119,40,0.5248920863309352,0.2222222222222222
119,41,0.5248920863309352,0.22777777777777775
119,42,0.5248920863309352,0.2333333333333333
119,43,0.5248920863309352,0.23888888888888887
119,44,0.5248920863309352,0.2444444444444444
119,45,0.5248920863309352,0.24999999999999997
119,46,0.5248920863309352,0.25555555555555554
119,47,0.5248920863309352,0.26111111111111107
119,48,0.5248920863309352,0.2666666666666666
119,49,0.5248920863309352,0.2722222222222222
119,50,0.5248920863309352,0.27777777777777773
119,51,0.5248920863309352,0.2833333333333333
119,52,0.5248920863309352,0.28888888888888886
119,53,0.5248920863309352,0.2944444444444444
119,54,0.5248920863309352,0.3
119,55,0.5248920863309352,0.3055555555555555
119,56,0.5248920863309352,0.31111111111111106
119,57,0.5248920863309352,0.31666666666666665
119,58,0.5248920863309352,0.3222222222222222
119,59,0.5248920863309352,0.3277777777777777
119,60,0.5248920863309352,0.3333333333333333
119,61,0.5248920863309352,0.33888888888888885
119,62,0.5248920863309352,0.3444444444444444
120,1,0.5406474820143883,0.005555555555555555
120,2,0.5406474820143883,0.01111111111111111
120,3,0.5406474820143883,0.016666666666666663
120,4,0.5406474820143883,0.02222222222222222
120,5,0.5406474820143883,0.027777777777777776
120,6,0.5406474820143883,0.033333333333333326
120,7,0.5406474820143883,0.03888888888888888
120,8,0.5406474820143883,0.04444444444444444
120,9,0.5406474820143883,0.049999999999999996
120,10,0.5406474820143883,0.05555555555555555
120,11,0.5406474820143883,0.0611111111111111
120,12,0.5406474820143883,0.06666666666666665
120,13,0.5406474820143883,0.07222222222222222
120,14,0.5406474820143883,0.07777777777777777
120,15,0.5406474820143883,0.08333333333333333
120,16,0.5406474820143883,0.08888888888888888
120,17,0.5406474820143883,0.09444444444444443
120,18,0.5406474820143883,0.09999999999999999
120,19,0.5406474820143883,0.10555555555555554
120,20,0.5406474820143883,0.1111111111111111
120,21,0.5406474820143883,0.11666666666666665
120,22,0.5406474820143883,0.1222222222222222
120,23,0.5406474820143883,0.12777777777777777
120,24,0.5406474820143883,0.1333333333333333
120,25,0.5406474820143883,0.13888888888888887
120,26,0.5406474820143883,0.14444444444444443
120,27,0.5406474820143883,0.15
120,28,0.5406474820143883,0.15555555555555553
120,29,0.5406474820143883,0.1611111111111111
120,30,0.5406474820143883,0.16666666666666666
120,31,0.5406474820143883,0.1722222222222222
120,32,0.5406474820143883,0.17777777777777776
120,33,0.5406474820143883,0.18333333333333332
120,34,0.5406474820143883,0.18888888888888886
120,35,0.5406474820143883,0.19444444444444442
120,36,0.5406474820143883,0.19999999999999998
120,37,0.5406474820143883,0.20555555555555552
120,38,0.5406474820143883,0.21111111111111108
120,39,0.5406474820143883,0.21666666666666665
120,40,0.5406474820143883,0.2222222222222222
120,41,0.5406474820143883,0.22777777777777775
120,42,0.5406474820143883,0.2333333333333333
120,43,0.5406474820143883,0.23888888888888887
120,44,0.5406474820143883,0.2444444444444444
120,45,0.5406474820143883,0.24999999999999997
120,46,0.5406474820143883,0.25555555555555554
120,47,0.5406474820143883,0.26111111111111107
120,48,0.5406474820143883,0.2666666666666666
120,49,0.5406474820143883,0.2722222222222222
120,50,0.5406474820143883,0.27777777777777773
120,51,0.5406474820143883,0.2833333333333333
120,52,0.5406474820143883,0.28888888888888886
120,53,0.5406474820143883,0.2944444444444444
120,54,0.5406474820143883,0.3
120,55,0.5406474820143883,0.3055555555555555
120,56,0.5406474820143883,0.31111111111111106
120,57,0.5406474820143883,0.31666666666666665
120,58,0.5406474820143883,0.3222222222222222
120,59,0.5406474820143883,0.3277777777777777
120,60,0.5406474820143883,0.3333333333333333
120,61,0.5406474820143883,0.33888888888888885
120,62,0.5406474820143883,0.3444444444444444
121,1,0.5564028776978416,0.005555555555555555
121,2,0.5564028776978416,0.01111111111111111
121,3,0.5564028776978416,0.016666666666666663
121,4,0.5564028776978416,0.02222222222222222
121,5,0.5564028776978416,0.027777777777777776
121,6,0.5564028776978416,0.033333333333333326
121,7,0.5564028776978416,0.03888888888888888
121,8,0.5564028776978416,0.04444444444444444
121,9,0.5564028776978416,0.049999999999999996
121,10,0.5564028776978416,0.05555555555555555
121,11,0.5564028776978416,0.0611111111111111
121,12,0.5564028776978416,0.06666666666666665
121,13,0.5564028776978416,0.07222222222222222
121,14,0.5564028776978416,0.07777777777777777
121,15,0.5564028776978416,0.08333333333333333
121,16,0.5564028776978416,0.08888888888888888
121,17,0.5564028776978416,0.09444444444444443
121,18,0.5564028776978416,0.09999999999999999
121,19,0.5564028776978416,0.10555555555555554
121,20,0.5564028776978416,0.1111111111111111
121,21,0.5564028776978416,0.11666666666666665
121,22,0.5564028776978416,0.1222222222222222
121,23,0.5564028776978416,0.12777777777777777
121,24,0.5564028776978416,0.1333333333333333
121,25,0.5564028776978416,0.13888888888888887
121,26,0.5564028776978416,0.14444444444444443
121,27,0.5564028776978416,0.15
121,28,0.5564028776978416,0.15555555555555553
121,29,0.5564028776978416,0.1611111111111111
121,30,0.5564028776978416,0.16666666666666666
121,31,0.5564028776978416,0.1722222222222222
121,32,0.5564028776978416,0.17777777777777776
121,33,0.5564028776978416,0.18333333333333332
121,34,0.5564028776978416,0.18888888888888886
121,35,0.5564028776978416,0.19444444444444442
121,36,0.5564028776978416,0.19999999999999998
121,37,0.5564028776978416,0.20555555555555552
121,38,0.5564028776978416,0.21111111111111108
121,39,0.5564028776978416,0.21666666666666665
121,40,0.5564028776978416,0.2222222222222222
121,41,0.5564028776978416,0.22777777777777775
121,42,0.5564028776978416,0.2333333333333333
121,43,0.5564028776978416,0.23888888888888887
121,44,0.5564028776978416,0.2444444444444444
121,45,0.5564028776978416,0.24999999999999997
121,46,0.5564028776978416,0.25555555555555554
121,47,0.5564028776978416,0.26111111111111107
121,48,0.5564028776978416,0.2666666666666666
121,49,0.5564028776978416,0.2722222222222222
121,50,0.5564028776978416,0.27777777777777773
121,51,0.5564028776978416,0.2833333333333333
121,52,0.5564028776978416,0.28888888888888886
121,53,0.5564028776978416,0.2944444444444444
121,54,0.5564028776978416,0.3
121,55,0.5564028776978416,0.3055555555555555
121,56,0.5564028776978416,0.31111111111111106
121,57,0.5564028776978416,0.31666666666666665
121,58,0.5564028776978416,0.3222222222222222
121,59,0.5564028776978416,0.3277777777777777
121,60,0.5564028776978416,0.3333333333333333
121,61,0.5564028776978416,0.33888888888888885
121,62,0.5564028776978416,0.3444444444444444
122,1,0.5721582733812949,0.005555555555555555
122,2,0.5721582733812949,0.01111111111111111
122,3,0.5721582733812949,0.016666666666666663
122,4,0.5721582733812949,0.02222222222222222
122,5,0.5721582733812949,0.027777777777777776
122,6,0.5721582733812949,0.033333333333333326
122,7,0.5721582733812949,0.03888888888888888
122,8,0.5721582733812949,0.04444444444444444
122,9,0.5721582733812949,0.049999999999999996
122,10,0.5721582733812949,0.05555555555555555
122,11,0.5721582733812949,0.0611111111111111
122,12,0.5721582733812949,0.06666666666666665
122,13,0.5721582733812949,0.07222222222222222
122,14,0.5721582733812949,0.07777777777777777
122,15,0.5721582733812949,0.08333333333333333
122,16,0.5721582733812949,0.08888888888888888
122,17,0.5721582733812949,0.09444444444444443
122,18,0.5721582733812949,0.09999999999999999
122,19,0.5721582733812949,0.10555555555555554
122,20,0.5721582733812949,0.1111111111111111
122,21,0.5721582733812949,0.11666666666666665
122,22,0.5721582733812949,0.1222222222222222
122,23,0.5721582733812949,0.12777777777777777
122,24,0.5721582733812949,0.1333333333333333
122,25,0.5721582733812949,0.13888888888888887
122,26,0.5721582733812949,0.14444444444444443
122,27,0.5721582733812949,0.15
122,28,0.5721582733812949,0.15555555555555553
122,29,0.5721582733812949,0.1611111111111111
122,30,0.5721582733812949,0.16666666666666666
122,31,0.5721582733812949,0.1722222222222222
122,32,0.5721582733812949,0.17777777777777776
122,33,0.5721582733812949,0.18333333333333332
122,34,0.5721582733812949,0.18888888888888886
122,35,0.5721582733812949,0.19444444444444442
122,36,0.5721582733812949,0.19999999999999998
122,37,0.5721582733812949,0.20555555555555552
122,38,0.5721582733812949,0.21111111111111108
122,39,0.5721582733812949,0.21666666666666665
122,40,0.5721582733812949,0.2222222222222222
122,41,0.5721582733812949,0.22777777777777775
122,42,0.5721582733812949,0.2333333333333333
122,43,0.5721582733812949,0.23888888888888887
122,44,0.5721582733812949,0.2444444444444444
122,45,0.5721582733812949,0.24999999999999997
122,46,0.5721582733812949,0.25555555555555554
122,47,0.5721582733812949,0.26111111111111107
122,48,0.5721582733812949,0.2666666666666666
122,49,0.5721582733812949,0.2722222222222222
122,50,0.5721582733812949,0.27777777777777773
122,51,0.5721582733812949,0.2833333333333333
122,52,0.5721582733812949,0.28888888888888886
122,53,0.5721582733812949,0.2944444444444444
122,54,0.5721582733812949,0.3
122,55,0.5721582733812949,0.3055555555555555
122,56,0.5721582733812949,0.31111111111111106
122,57,0.5721582733812949,0.31666666666666665
122,58,0.5721582733812949,0.3222222222222222
122,59,0.5721582733812949,0.3277777777777777
122,60,0.5721582733812949,0.3333333333333333
122,61,0.5721582733812949,0.33888888888888885
122,62,0.5721582733812949,0.3444444444444444
123,1,0.587913669064748,0.005555555555555555
123,2,0.587913669064748,0.01111111111111111
123,3,0.587913669064748,0.016666666666666663
123,4,0.587913669064748,0.02222222222222222
123,5,0.587913669064748,0.027777777777777776
123,6,0.587913669064748,0.033333333333333326
123,7,0.587913669064748,0.03888888888888888
123,8,0.587913669064748,0.04444444444444444
123,9,0.587913669064748,0.049999999999999996
123,10,0.587913669064748,0.05555555555555555
123,11,0.587913669064748,0.0611111111111111
123,12,0.587913669064748,0.06666666666666665
123,13,0.587913669064748,0.07222222222222222
123,14,0.587913669064748,0.07777777777777777
123,15,0.587913669064748,0.08333333333333333
123,16,0.587913669064748,0.08888888888888888
123,17,0.587913669064748,0.09444444444444443
123,18,0.587913669064748,0.09999999999999999
123,19,0.587913669064748,0.10555555555555554
123,20,0.587913669064748,0.1111111111111111
123,21,0.587913669064748,0.11666666666666665
123,22,0.587913669064748,0.1222222222222222
123,23,0.587913669064748,0.12777777777777777
123,24,0.587913669064748,0.1333333333333333
123,25,0.587913669064748,0.13888888888888887
123,26,0.587913669064748,0.14444444444444443
123,27,0.587913669064748,0.15
123,28,0.587913669064748,0.15555555555555553
123,29,0.587913669064748,0.1611111111111111
123,30,0.587913669064748,0.16666666666666666
123,31,0.587913669064748,0.1722222222222222
123,32,0.587913669064748,0.17777777777777776
123,33,0.587913669064748,0.18333333333333332
123,34,0.587913669064748,0.18888888888888886
123,35,0.587913669064748,0.19444444444444442
123,36,0.587913669064748,0.19999999999999998
123,37,0.587913669064748,0.20555555555555552
123,38,0.587913669064748,0.21111111111111108
123,39,0.587913669064748,0.21666666666666665
123,40,0.587913669064748,0.2222222222222222
123,41,0.587913669064748,0.22777777777777775
123,42,0.587913669064748,0.2333333333333333
123,43,0.587913669064748,0.23888888888888887
123,44,0.587913669064748,0.2444444444444444
123,45,0.587913669064748,0.24999999999999997
123,46,0.587913669064748,0.25555555555555554
123,47,0.587913669064748,0.26111111111111107
123,48,0.587913669064748,0.2666666666666666
123,49,0.587913669064748,0.2722222222222222
123,50,0.587913669064748,0.27777777777777773
123,51,0.587913669064748,0.2833333333333333
123,52,0.587913669064748,0.28888888888888886
123,53,0.587913669064748,0.2944444444444444
123,54,0.587913669064748,0.3
123,55,0.587913669064748,0.3055555555555555
123,56,0.587913669064748,0.31111111111111106
123,57,0.587913669064748,0.31666666666666665
123,58,0.587913669064748,0.3222222222222222
123,59,0.587913669064748,0.3277777777777777
123,60,0.587913669064748,0.3333333333333333
123,61,0.587913669064748,0.33888888888888885
123,62,0.587913669064748,0.3444444444444444
124,1,0.6036690647482013,0.005555555555555555
124,2,0.6036690647482013,0.01111111111111111
124,3,0.6036690647482013,0.016666666666666663
124,4,0.6036690647482013,0.02222222222222222
124,5,0.6036690647482013,0.027777777777777776
124,6,0.6036690647482013,0.033333333333333326
124,7,0.6036690647482013,0.03888888888888888
124,8,0.6036690647482013,0.04444444444444444
124,9,0.6036690647482013,0.049999999999999996
124,10,0.6036690647482013,0.05555555555555555
124,11,0.6036690647482013,0.0611111111111111
124,12,0.6036690647482013,0.06666666666666665
124,13,0.6036690647482013,0.07222222222222222
124,14,0.6036690647482013,0.07777777777777777
124,15,0.6036690647482013,0.08333333333333333
124,16,0.6036690647482013,0.08888888888888888
124,17,0.6036690647482013,0.09444444444444443
124,18,0.6036690647482013,0.09999999999999999
124,19,0.6036690647482013,0.10555555555555554
124,20,0.6036690647482013,0.1111111111111111
124,21,0.6036690647482013,0.11666666666666665
124,22,0.6036690647482013,0.1222222222222222
124,23,0.6036690647482013,0.12777777777777777
124,24,0.6036690647482013,0.1333333333333333
124,25,0.6036690647482013,0.13888888888888887
124,26,0.6036690647482013,0.14444444444444443
124,27,0.6036690647482013,0.15
124,28,0.6036690647482013,0.15555555555555553
124,29,0.6036690647482013,0.1611111111111111
124,30,0.6036690647482013,0.16666666666666666
124,31,0.6036690647482013,0.1722222222222222
124,32,0.6036690647482013,0.17777777777777776
124,33,0.6036690647482013,0.18333333333333332
124,34,0.6036690647482013,0.18888888888888886
124,35,0.6036690647482013,0.19444444444444442
124,36,0.6036690647482013,0.19999999999999998
124,37,0.6036690647482013,0.20555555555555552
124,38,0.6036690647482013,0.21111111111111108
124,39,0.6036690647482013,0.21666666666666665
124,40,0.6036690647482013,0.2222222222222222
124,41,0.6036690647482013,0.22777777777777775
124,42,0.6036690647482013,0.2333333333333333
124,43,0.6036690647482013,0.23888888888888887
124,44,0.6036690647482013,0.2444444444444444
124,45,0.6036690647482013,0.24999999999999997
124,46,0.6036690647482013,0.25555555555555554
124,47,0.6036690647482013,0.26111111111111107
124,48,0.6036690647482013,0.2666666666666666
124,49,0.6036690647482013,0.2722222222222222
124,50,0.6036690647482013,0.27777777777777773
124,51,0.6036690647482013,0.2833333333333333
124,52,0.6036690647482013,0.28888888888888886
124,53,0.6036690647482013,0.2944444444444444
124,54,0.6036690647482013,0.3
124,55,0.6036690647482013,0.3055555555555555
124,56,0.6036690647482013,0.31111111111111106
124,57,0.6036690647482013,0.31666666666666665
124,58,0.6036690647482013,0.3222222222222222
124,59,0.6036690647482013,0.3277777777777777
124,60,0.6036690647482013,0.3333333333333333
124,61,0.6036690647482013,0.33888888888888885
124,62,0.6036690647482013,0.3444444444444444
125,1,0.6194244604316546,0.005555555555555555
125,2,0.6194244604316546,0.01111111111111111
125,3,0.6194244604316546,0.016666666666666663
125,4,0.6194244604316546,0.02222222222222222
125,5,0.6194244604316546,0.027777777777777776
125,6,0.6194244604316546,0.033333333333333326
125,7,0.6194244604316546,0.03888888888888888
125,8,0.6194244604316546,0.04444444444444444
125,9,0.6194244604316546,0.049999999999999996
125,10,0.6194244604316546,0.05555555555555555
125,11,0.6194244604316546,0.0611111111111111
125,12,0.6194244604316546,0.06666666666666665
125,13,0.6194244604316546,0.07222222222222222
125,14,0.6194244604316546,0.07777777777777777
125,15,0.6194244604316546,0.08333333333333333
125,16,0.6194244604316546,0.08888888888888888
125,17,0.6194244604316546,0.09444444444444443
125,18,0.6194244604316546,0.09999999999999999
125,19,0.6194244604316546,0.10555555555555554
125,20,0.6194244604316546,0.1111111111111111
125,21,0.6194244604316546,0.11666666666666665
125,22,0.6194244604316546,0.1222222222222222
125,23,0.6194244604316546,0.12777777777777777
125,24,0.6194244604316546,0.1333333333333333
125,25,0.6194244604316546,0.13888888888888887
125,26,0.6194244604316546,0.14444444444444443
125,27,0.6194244604316546,0.15
125,28,0.6194244604316546,0.15555555555555553
125,29,0.6194244604316546,0.1611111111111111
125,30,0.6194244604316546,0.16666666666666666
125,31,0.6194244604316546,0.1722222222222222
125,32,0.6194244604316546,0.17777777777777776
125,33,0.6194244604316546,0.18333333333333332
125,34,0.6194244604316546,0.18888888888888886
125,35,0.6194244604316546,0.19444444444444442
125,36,0.6194244604316546,0.19999999999999998
125,37,0.6194244604316546,0.20555555555555552
125,38,0.6194244604316546,0.21111111111111108
125,39,0.6194244604316546,0.21666666666666665
125,40,0.6194244604316546,0.2222222222222222
125,41,0.6194244604316546,0.22777777777777775
125,42,0.6194244604316546,0.2333333333333333
125,43,0.6194244604316546,0.23888888888888887
125,44,0.6194244604316546,0.2444444444444444
125,45,0.6194244604316546,0.24999999999999997
125,46,0.6194244604316546,0.25555555555555554
125,47,0.6194244604316546,0.26111111111111107
125,48,0.6194244604316546,0.2666666666666666
125,49,0.6194244604316546,0.2722222222222222
125,50,0.6194244604316546,0.27777777777777773
125,51,0.6194244604316546,0.2833333333333333
125,52,0.6194244604316546,0.28888888888888886
125,53,0.6194244604316546,0.2944444444444444
125,54,0.6194244604316546,0.3
125,55,0.6194244604316546,0.3055555555555555
125,56,0.6194244604316546,0.31111111111111106
125,57,0.6194244604316546,0.31666666666666665
125,58,0.6194244604316546,0.3222222222222222
125,59,0.6194244604316546,0.3277777777777777
125,60,0.6194244604316546,0.3333333333333333
125,61,0.6194244604316546,0.33888888888888885
125,62,0.6194244604316546,0.3444444444444444
126,1,0.6351798561151079,0.005555555555555555
126,2,0.6351798561151079,0.01111111111111111
126,3,0.6351798561151079,0.016666666666666663
126,4,0.6351798561151079,0.02222222222222222
126,5,0.6351798561151079,0.027777777777777776
126,6,0.6351798561151079,0.033333333333333326
126,7,0.6351798561151079,0.03888888888888888
126,8,0.6351798561151079,0.04444444444444444
126,9,0.6351798561151079,0.049999999999999996
126,10,0.6351798561151079,0.05555555555555555
126,11,0.6351798561151079,0.0611111111111111
126,12,0.6351798561151079,0.06666666666666665
126,13,0.6351798561151079,0.07222222222222222
126,14,0.6351798561151079,0.07777777777777777
126,15,0.6351798561151079,0.08333333333333333
126,16,0.6351798561151079,0.08888888888888888
126,17,0.6351798561151079,0.09444444444444443
126,18,0.6351798561151079,0.09999999999999999
126,19,0.6351798561151079,0.10555555555555554
126,20,0.6351798561151079,0.1111111111111111
126,21,0.6351798561151079,0.11666666666666665
126,22,0.6351798561151079,0.1222222222222222
126,23,0.6351798561151079,0.12777777777777777
126,24,0.6351798561151079,0.1333333333333333
126,25,0.6351798561151079,0.13888888888888887
126,26,0.6351798561151079,0.14444444444444443
126,27,0.6351798561151079,0.15
126,28,0.6351798561151079,0.15555555555555553
126,29,0.6351798561151079,0.1611111111111111
126,30,0.6351798561151079,0.16666666666666666
126,31,0.6351798561151079,0.1722222222222222
126,32,0.6351798561151079,0.17777777777777776
126,33,0.6351798561151079,0.18333333333333332
126,34,0.6351798561151079,0.18888888888888886
126,35,0.6351798561151079,0.19444444444444442
126,36,0.6351798561151079,0.19999999999999998
126,37,0.6351798561151079,0.20555555555555552
126,38,0.6351798561151079,0.21111111111111108
126,39,0.6351798561151079,0.21666666666666665
126,40,0.6351798561151079,0.2222222222222222
126,41,0.6351798561151079,0.22777777777777775
126,42,0.6351798561151079,0.2333333333333333
126,43,0.6351798561151079,0.23888888888888887
126,44,0.6351798561151079,0.2444444444444444
126,45,0.6351798561151079,0.24999999999999997
126,46,0.6351798561151079,0.25555555555555554
126,47,0.6351798561151079,0.26111111111111107
126,48,0.6351798561151079,0.2666666666666666
126,49,0.6351798561151079,0.2722222222222222
126,50,0.6351798561151079,0.27777777777777773
126,51,0.6351798561151079,0.2833333333333333
126,52,0.6351798561151079,0.28888888888888886
126,53,0.6351798561151079,0.2944444444444444
126,54,0.6351798561151079,0.3
126,55,0.6351798561151079,0.3055555555555555
126,56,0.6351798561151079,0.31111111111111106
126,57,0.6351798561151079,0.31666666666666665
126,58,0.6351798561151079,0.3222222222222222
126,59,0.6351798561151079,0.3277777777777777
126,60,0.6351798561151079,0.3333333333333333
126,61,0.6351798561151079,0.33888888888888885
126,62,0.6351798561151079,0.3444444444444444
127,1,0.6509352517985612,0.005555555555555555
127,2,0.6509352517985612,0.01111111111111111
127,3,0.6509352517985612,0.016666666666666663
127,4,0.6509352517985612,0.02222222222222222
127,5,0.6509352517985612,0.027777777777777776
127,6,0.6509352517985612,0.033333333333333326
127,7,0.6509352517985612,0.03888888888888888
127,8,0.6509352517985612,0.04444444444444444
127,9,0.6509352517985612,0.049999999999999996
127,10,0.6509352517985612,0.05555555555555555
127,11,0.6509352517985612,0.0611111111111111
127,12,0.6509352517985612,0.06666666666666665
127,13,0.6509352517985612,0.07222222222222222
127,14,0.6509352517985612,0.07777777777777777
127,15,0.6509352517985612,0.08333333333333333
127,16,0.6509352517985612,0.08888888888888888
127,17,0.6509352517985612,0.09444444444444443
127,18,0.6509352517985612,0.09999999999999999
127,19,0.6509352517985612,0.10555555555555554
127,20,0.6509352517985612,0.1111111111111111
127,21,0.6509352517985612,0.11666666666666665
127,22,0.6509352517985612,0.1222222222222222
127,23,0.6509352517985612,0.12777777777777777
127,24,0.6509352517985612,0.1333333333333333
127,25,0.6509352517985612,0.13888888888888887
127,26,0.6509352517985612,0.14444444444444443
127,27,0.6509352517985612,0.15
127,28,0.6509352517985612,0.15555555555555553
127,29,0.6509352517985612,0.1611111111111111
127,30,0.6509352517985612,0.16666666666666666
127,31,0.6509352517985612,0.1722222222222222
127,32,0.6509352517985612,0.17777777777777776
127,33,0.6509352517985612,0.18333333333333332
127,34,0.6509352517985612,0.18888888888888886
127,35,0.6509352517985612,0.19444444444444442
127,36,0.6509352517985612,0.19999999999999998
127,37,0.6509352517985612,0.20555555555555552
127,38,0.6509352517985612,0.21111111111111108
127,39,0.6509352517985612,0.21666666666666665
127,40,0.6509352517985612,0.2222222222222222
127,41,0.6509352517985612,0.22777777777777775
127,42,0.6509352517985612,0.2333333333333333
127,43,0.6509352517985612,0.23888888888888887
127,44,0.6509352517985612,0.2444444444444444
127,45,0.6509352517985612,0.24999999999999997
127,46,0.6509352517985612,0.25555555555555554
127,47,0.6509352517985612,0.26111111111111107
127,48,0.6509352517985612,0.2666666666666666
127,49,0.6509352517985612,0.2722222222222222
127,50,0.6509352517985612,0.27777777777777773
127,51,0.6509352517985612,0.2833333333333333
127,52,0.6509352517985612,0.28888888888888886
127,53,0.6509352517985612,0.2944444444444444
127,54,0.6509352517985612,0.3
127,55,0.6509352517985612,0.3055555555555555
127,56,0.6509352517985612,0.31111111111111106
127,57,0.6509352517985612,0.31666666666666665
127,58,0.6509352517985612,0.3222222222222222
127,59,0.6509352517985612,0.3277777777777777
127,60,0.6509352517985612,0.3333333333333333
127,61,0.6509352517985612,0.33888888888888885
127,62,0.6509352517985612,0.3444444444444444
128,1,0.6666906474820142,0.005555555555555555
128,2,0.6666906474820142,0.01111111111111111
128,3,0.6666906474820142,0.016666666666666663
128,4,0.6666906474820142,0.02222222222222222
128,5,0.6666906474820142,0.027777777777777776
128,6,0.6666906474820142,0.033333333333333326
128,7,0.6666906474820142,0.03888888888888888
128,8,0.6666906474820142,0.04444444444444444
128,9,0.6666906474820142,0.049999999999999996
128,10,0.6666906474820142,0.05555555555555555
128,11,0.6666906474820142,0.0611111111111111
128,12,0.6666906474820142,0.06666666666666665
128,13,0.6666906474820142,0.07222222222222222
128,14,0.6666906474820142,0.07777777777777777
128,15,0.6666906474820142,0.08333333333333333
128,16,0.6666906474820142,0.08888888888888888
128,17,0.6666906474820142,0.09444444444444443
128,18,0.6666906474820142,0.09999999999999999
128,19,0.6666906474820142,0.10555555555555554
128,20,0.6666906474820142,0.1111111111111111
128,21,0.6666906474820142,0.11666666666666665
128,22,0.6666906474820142,0.1222222222222222
128,23,0.6666906474820142,0.12777777777777777
128,24,0.6666906474820142,0.1333333333333333
128,25,0.6666906474820142,0.13888888888888887
128,26,0.6666906474820142,0.14444444444444443
128,27,0.6666906474820142,0.15
128,28,0.6666906474820142,0.15555555555555553
128,29,0.6666906474820142,0.1611111111111111
128,30,0.6666906474820142,0.16666666666666666
128,31,0.6666906474820142,0.1722222222222222
128,32,0.6666906474820142,0.17777777777777776
128,33,0.6666906474820142,0.18333333333333332
128,34,0.6666906474820142,0.18888888888888886
128,35,0.6666906474820142,0.19444444444444442
128,36,0.6666906474820142,0.19999999999999998
128,37,0.6666906474820142,0.20555555555555552
128,38,0.6666906474820142,0.21111111111111108
128,39,0.6666906474820142,0.21666666666666665
128,40,0.6666906474820142,0.2222222222222222
128,41,0.6666906474820142,0.22777777777777775
128,42,0.6666906474820142,0.2333333333333333
128,43,0.6666906474820142,0.23888888888888887
128,44,0.6666906474820142,0.2444444444444444
128,45,0.6666906474820142,0.24999999999999997
128,46,0.6666906474820142,0.25555555555555554
128,47,0.6666906474820142,0.26111111111111107
128,48,0.6666906474820142,0.2666666666666666
128,49,0.6666906474820142,0.2722222222222222
128,50,0.6666906474820142,0.27777777777777773
128,51,0.6666906474820142,0.2833333333333333
128,52,0.6666906474820142,0.28888888888888886
128,53,0.6666906474820142,0.2944444444444444
128,54,0.6666906474820142,0.3
128,55,0.6666906474820142,0.3055555555555555
128,56,0.6666906474820142,0.31111111111111106
128,57,0.6666906474820142,0.31666666666666665
128,58,0.6666906474820142,0.3222222222222222
128,59,0.6666906474820142,0.3277777777777777
128,60,0.6666906474820142,0.3333333333333333
128,61,0.6666906474820142,0.33888888888888885
128,62,0.6666906474820142,0.3444444444444444
129,1,0.6824460431654673,0.005555555555555555
129,2,0.6824460431654673,0.01111111111111111
129,3,0.6824460431654673,0.016666666666666663
129,4,0.6824460431654673,0.02222222222222222
129,5,0.6824460431654673,0.027777777777777776
129,6,0.6824460431654673,0.033333333333333326
129,7,0.6824460431654673,0.03888888888888888
129,8,0.6824460431654673,0.04444444444444444
129,9,0.6824460431654673,0.049999999999999996
129,10,0.6824460431654673,0.05555555555555555
129,11,0.6824460431654673,0.0611111111111111
129,12,0.6824460431654673,0.06666666666666665
129,13,0.6824460431654673,0.07222222222222222
129,14,0.6824460431654673,0.07777777777777777
129,15,0.6824460431654673,0.08333333333333333
129,16,0.6824460431654673,0.08888888888888888
129,17,0.6824460431654673,0.09444444444444443
129,18,0.6824460431654673,0.09999999999999999
129,19,0.6824460431654673,0.10555555555555554
129,20,0.6824460431654673,0.1111111111111111
129,21,0.6824460431654673,0.11666666666666665
129,22,0.6824460431654673,0.1222222222222222
129,23,0.6824460431654673,0.12777777777777777
129,24,0.6824460431654673,0.1333333333333333
129,25,0.6824460431654673,0.13888888888888887
129,26,0.6824460431654673,0.14444444444444443
129,27,0.6824460431654673,0.15
129,28,0.6824460431654673,0.15555555555555553
129,29,0.6824460431654673,0.1611111111111111
129,30,0.6824460431654673,0.16666666666666666
129,31,0.6824460431654673,0.1722222222222222
129,32,0.6824460431654673,0.17777777777777776
129,33,0.6824460431654673,0.18333333333333332
129,34,0.6824460431654673,0.18888888888888886
129,35,0.6824460431654673,0.19444444444444442
129,36,0.6824460431654673,0.19999999999999998
129,37,0.6824460431654673,0.20555555555555552
129,38,0.6824460431654673,0.21111111111111108
129,39,0.6824460431654673,0.21666666666666665
129,40,0.6824460431654673,0.2222222222222222
129,41,0.6824460431654673,0.22777777777777775
129,42,0.6824460431654673,0.2333333333333333
129,43,0.6824460431654673,0.23888888888888887
129,44,0.6824460431654673,0.2444444444444444
129,45,0.6824460431654673,0.24999999999999997
129,46,0.6824460431654673,0.25555555555555554
129,47,0.6824460431654673,0.26111111111111107
129,48,0.6824460431654673,0.2666666666666666
129,49,0.6824460431654673,0.2722222222222222
129,50,0.6824460431654673,0.27777777777777773
129,51,0.6824460431654673,0.2833333333333333
129,52,0.6824460431654673,0.28888888888888886
129,53,0.6824460431654673,0.2944444444444444
129,54,0.6824460431654673,0.3
129,55,0.6824460431654673,0.3055555555555555
129,56,0.6824460431654673,0.31111111111111106
129,57,0.6824460431654673,0.31666666666666665
129,58,0.6824460431654673,0.3222222222222222
129,59,0.6824460431654673,0.3277777777777777
129,60,0.6824460431654673,0.3333333333333333
129,61,0.6824460431654673,0.33888888888888885
129,62,0.6824460431654673,0.3444444444444444
130,1,0.6982014388489208,0.005555555555555555
130,2,0.6982014388489208,0.01111111111111111
130,3,0.6982014388489208,0.016666666666666663
130,4,0.6982014388489208,0.02222222222222222
130,5,0.6982014388489208,0.027777777777777776
130,6,0.6982014388489208,0.033333333333333326
130,7,0.6982014388489208,0.03888888888888888
130,8,0.6982014388489208,0.04444444444444444
130,9,0.6982014388489208,0.049999999999999996
130,10,0.6982014388489208,0.05555555555555555
130,11,0.6982014388489208,0.0611111111111111
130,12,0.6982014388489208,0.06666666666666665
130,13,0.6982014388489208,0.07222222222222222
130,14,0.6982014388489208,0.07777777777777777
130,15,0.6982014388489208,0.08333333333333333
130,16,0.6982014388489208,0.08888888888888888
130,17,0.6982014388489208,0.09444444444444443
130,18,0.6982014388489208,0.09999999999999999
130,19,0.6982014388489208,0.10555555555555554
130,20,0.6982014388489208,0.1111111111111111
130,21,0.6982014388489208,0.11666666666666665
130,22,0.6982014388489208,0.1222222222222222
130,23,0.6982014388489208,0.12777777777777777
130,24,0.6982014388489208,0.1333333333333333
130,25,0.6982014388489208,0.13888888888888887
130,26,0.6982014388489208,0.14444444444444443
130,27,0.6982014388489208,0.15
130,28,0.6982014388489208,0.15555555555555553
130,29,0.6982014388489208,0.1611111111111111
130,30,0.6982014388489208,0.16666666666666666
130,31,0.6982014388489208,0.1722222222222222
130,32,0.6982014388489208,0.17777777777777776
130,33,0.6982014388489208,0.18333333333333332
130,34,0.6982014388489208,0.18888888888888886
130,35,0.6982014388489208,0.19444444444444442
130,36,0.6982014388489208,0.19999999999999998
130,37,0.6982014388489208,0.20555555555555552
130,38,0.6982014388489208,0.21111111111111108
130,39,0.6982014388489208,0.21666666666666665
130,40,0.6982014388489208,0.2222222222222222
130,41,0.6982014388489208,0.22777777777777775
130,42,0.6982014388489208,0.2333333333333333
130,43,0.6982014388489208,0.23888888888888887
130,44,0.6982014388489208,0.2444444444444444
130,45,0.6982014388489208,0.24999999999999997
130,46,0.6982014388489208,0.25555555555555554
130,47,0.6982014388489208,0.26111111111111107
130,48,0.6982014388489208,0.2666666666666666
130,49,0.6982014388489208,0.2722222222222222
130,50,0.6982014388489208,0.27777777777777773
130,51,0.6982014388489208,0.2833333333333333
130,52,0.6982014388489208,0.28888888888888886
130,53,0.6982014388489208,0.2944444444444444
130,54,0.6982014388489208,0.3
130,55,0.6982014388489208,0.3055555555555555
130,56,0.6982014388489208,0.31111111111111106
130,57,0.6982014388489208,0.31666666666666665
130,58,0.6982014388489208,0.3222222222222222
130,59,0.6982014388489208,0.3277777777777777
130,60,0.6982014388489208,0.3333333333333333
130,61,0.6982014388489208,0.33888888888888885
130,62,0.6982014388489208,0.3444444444444444
131,1,0.7139568345323739,0.005555555555555555
131,2,0.7139568345323739,0.01111111111111111
131,3,0.7139568345323739,0.016666666666666663
131,4,0.7139568345323739,0.02222222222222222
131,5,0.7139568345323739,0.027777777777777776
131,6,0.7139568345323739,0.033333333333333326
131,7,0.7139568345323739,0.03888888888888888
131,8,0.7139568345323739,0.04444444444444444
131,9,0.7139568345323739,0.049999999999999996
131,10,0.7139568345323739,0.05555555555555555
131,11,0.7139568345323739,0.0611111111111111
131,12,0.7139568345323739,0.06666666666666665
131,13,0.7139568345323739,0.07222222222222222
131,14,0.7139568345323739,0.07777777777777777
131,15,0.7139568345323739,0.08333333333333333
131,16,0.7139568345323739,0.08888888888888888
131,17,0.7139568345323739,0.09444444444444443
131,18,0.7139568345323739,0.09999999999999999
131,19,0.7139568345323739,0.10555555555555554
131,20,0.7139568345323739,0.1111111111111111
131,21,0.7139568345323739,0.11666666666666665
131,22,0.7139568345323739,0.1222222222222222
131,23,0.7139568345323739,0.12777777777777777
131,24,0.7139568345323739,0.1333333333333333
131,25,0.7139568345323739,0.13888888888888887
131,26,0.7139568345323739,0.14444444444444443
131,27,0.7139568345323739,0.15
131,28,0.7139568345323739,0.15555555555555553
131,29,0.7139568345323739,0.1611111111111111
131,30,0.7139568345323739,0.16666666666666666
131,31,0.7139568345323739,0.1722222222222222
131,32,0.7139568345323739,0.17777777777777776
131,33,0.7139568345323739,0.18333333333333332
131,34,0.7139568345323739,0.18888888888888886
131,35,0.7139568345323739,0.19444444444444442
131,36,0.7139568345323739,0.19999999999999998
131,37,0.7139568345323739,0.20555555555555552
131,38,0.7139568345323739,0.21111111111111108
131,39,0.7139568345323739,0.21666666666666665
131,40,0.7139568345323739,0.2222222222222222
131,41,0.7139568345323739,0.22777777777777775
131,42,0.7139568345323739,0.2333333333333333
131,43,0.7139568345323739,0.23888888888888887
131,44,0.7139568345323739,0.2444444444444444
131,45,0.7139568345323739,0.24999999999999997
131,46,0.7139568345323739,0.25555555555555554
131,47,0.7139568345323739,0.26111111111111107
131,48,0.7139568345323739,0.2666666666666666
131,49,0.7139568345323739,0.2722222222222222
131,50,0.7139568345323739,0.27777777777777773
131,51,0.7139568345323739,0.2833333333333333
131,52,0.7139568345323739,0.28888888888888886
131,53,0.7139568345323739,0.2944444444444444
131,54,0.7139568345323739,0.3
131,55,0.7139568345323739,0.3055555555555555
131,56,0.7139568345323739,0.31111111111111106
131,57,0.7139568345323739,0.31666666666666665
131,58,0.7139568345323739,0.3222222222222222
131,59,0.7139568345323739,0.3277777777777777
131,60,0.7139568345323739,0.3333333333333333
131,61,0.7139568345323739,0.33888888888888885
131,62,0.7139568345323739,0.3444444444444444
132,1,0.729712230215827,0.005555555555555555
132,2,0.729712230215827,0.01111111111111111
132,3,0.729712230215827,0.016666666666666663
132,4,0.729712230215827,0.02222222222222222
132,5,0.729712230215827,0.027777777777777776
132,6,0.729712230215827,0.033333333333333326
132,7,0.729712230215827,0.03888888888888888
132,8,0.729712230215827,0.04444444444444444
132,9,0.729712230215827,0.049999999999999996
132,10,0.729712230215827,0.05555555555555555
132,11,0.729712230215827,0.0611111111111111
132,12,0.729712230215827,0.06666666666666665
132,13,0.729712230215827,0.07222222222222222
132,14,0.729712230215827,0.07777777777777777
132,15,0.729712230215827,0.08333333333333333
132,16,0.729712230215827,0.08888888888888888
132,17,0.729712230215827,0.09444444444444443
132,18,0.729712230215827,0.09999999999999999
132,19,0.729712230215827,0.10555555555555554
132,20,0.729712230215827,0.1111111111111111
132,21,0.729712230215827,0.11666666666666665
132,22,0.729712230215827,0.1222222222222222
132,23,0.729712230215827,0.12777777777777777
132,24,0.729712230215827,0.1333333333333333
132,25,0.729712230215827,0.13888888888888887
132,26,0.729712230215827,0.14444444444444443
132,27,0.729712230215827,0.15
132,28,0.729712230215827,0.15555555555555553
132,29,0.729712230215827,0.1611111111111111
132,30,0.729712230215827,0.16666666666666666
132,31,0.729712230215827,0.1722222222222222
132,32,0.729712230215827,0.17777777777777776
132,33,0.729712230215827,0.18333333333333332
132,34,0.729712230215827,0.18888888888888886
132,35,0.729712230215827,0.19444444444444442
132,36,0.729712230215827,0.19999999999999998
132,37,0.729712230215827,0.20555555555555552
132,38,0.729712230215827,0.21111111111111108
132,39,0.729712230215827,0.21666666666666665
132,40,0.729712230215827,0.2222222222222222
132,41,0.729712230215827,0.22777777777777775
132,42,0.729712230215827,0.2333333333333333
132,43,0.729712230215827,0.23888888888888887
132,44,0.729712230215827,0.2444444444444444
132,45,0.729712230215827,0.24999999999999997
132,46,0.729712230215827,0.25555555555555554
132,47,0.729712230215827,0.26111111111111107
132,48,0.729712230215827,0.2666666666666666
132,49,0.729712230215827,0.2722222222222222
132,50,0.729712230215827,0.27777777777777773
132,51,0.729712230215827,0.2833333333333333
132,52,0.729712230215827,0.28888888888888886
132,53,0.729712230215827,0.2944444444444444
132,54,0.729712230215827,0.3
132,55,0.729712230215827,0.3055555555555555
132,56,0.729712230215827,0.31111111111111106
132,57,0.729712230215827,0.31666666666666665
132,58,0.729712230215827,0.3222222222222222
132,59,0.729712230215827,0.3277777777777777
132,60,0.729712230215827,0.3333333333333333
132,61,0.729712230215827,0.33888888888888885
132,62,0.729712230215827,0.3444444444444444
133,1,0.7454676258992805,0.005555555555555555
133,2,0.7454676258992805,0.01111111111111111
133,3,0.7454676258992805,0.016666666666666663
133,4,0.7454676258992805,0.02222222222222222
133,5,0.7454676258992805,0.027777777777777776
133,6,0.7454676258992805,0.033333333333333326
133,7,0.7454676258992805,0.03888888888888888
133,8,0.7454676258992805,0.04444444444444444
133,9,0.7454676258992805,0.049999999999999996
133,10,0.7454676258992805,0.05555555555555555
133,11,0.7454676258992805,0.0611111111111111
133,12,0.7454676258992805,0.06666666666666665
133,13,0.7454676258992805,0.07222222222222222
133,14,0.7454676258992805,0.07777777777777777
133,15,0.7454676258992805,0.08333333333333333
133,16,0.7454676258992805,0.08888888888888888
133,17,0.7454676258992805,0.09444444444444443
133,18,0.7454676258992805,0.09999999999999999
133,19,0.7454676258992805,0.10555555555555554
133,20,0.7454676258992805,0.1111111111111111
133,21,0.7454676258992805,0.11666666666666665
133,22,0.7454676258992805,0.1222222222222222
133,23,0.7454676258992805,0.12777777777777777
133,24,0.7454676258992805,0.1333333333333333
133,25,0.7454676258992805,0.13888888888888887
133,26,0.7454676258992805,0.14444444444444443
133,27,0.7454676258992805,0.15
133,28,0.7454676258992805,0.15555555555555553
133,29,0.7454676258992805,0.1611111111111111
133,30,0.7454676258992805,0.16666666666666666
133,31,0.7454676258992805,0.1722222222222222
133,32,0.7454676258992805,0.17777777777777776
133,33,0.7454676258992805,0.18333333333333332
133,34,0.7454676258992805,0.18888888888888886
133,35,0.7454676258992805,0.19444444444444442
133,36,0.7454676258992805,0.19999999999999998
133,37,0.7454676258992805,0.20555555555555552
133,38,0.7454676258992805,0.21111111111111108
133,39,0.7454676258992805,0.21666666666666665
133,40,0.7454676258992805,0.2222222222222222
133,41,0.7454676258992805,0.22777777777777775
133,42,0.7454676258992805,0.2333333333333333
133,43,0.7454676258992805,0.23888888888888887
133,44,0.7454676258992805,0.2444444444444444
133,45,0.7454676258992805,0.24999999999999997
133,46,0.7454676258992805,0.25555555555555554
133,47,0.7454676258992805,0.26111111111111107
133,48,0.7454676258992805,0.2666666666666666
133,49,0.7454676258992805,0.2722222222222222
133,50,0.7454676258992805,0.27777777777777773
133,51,0.7454676258992805,0.2833333333333333
133,52,0.7454676258992805,0.28888888888888886
133,53,0.7454676258992805,0.2944444444444444
133,54,0.7454676258992805,0.3
133,55,0.7454676258992805,0.3055555555555555
133,56,0.7454676258992805,0.31111111111111106
133,57,0.7454676258992805,0.31666666666666665
133,58,0.7454676258992805,0.3222222222222222
133,59,0.7454676258992805,0.3277777777777777
133,60,0.7454676258992805,0.3333333333333333
133,61,0.7454676258992805,0.33888888888888885
133,62,0.7454676258992805,0.3444444444444444
134,1,0.7612230215827336,0.005555555555555555
134,2,0.7612230215827336,0.01111111111111111
134,3,0.7612230215827336,0.016666666666666663
134,4,0.7612230215827336,0.02222222222222222
134,5,0.7612230215827336,0.027777777777777776
134,6,0.7612230215827336,0.033333333333333326
134,7,0.7612230215827336,0.03888888888888888
134,8,0.7612230215827336,0.04444444444444444
134,9,0.7612230215827336,0.049999999999999996
134,10,0.7612230215827336,0.05555555555555555
134,11,0.7612230215827336,0.0611111111111111
134,12,0.7612230215827336,0.06666666666666665
134,13,0.7612230215827336,0.07222222222222222
134,14,0.7612230215827336,0.07777777777777777
134,15,0.7612230215827336,0.08333333333333333
134,16,0.7612230215827336,0.08888888888888888
134,17,0.7612230215827336,0.09444444444444443
134,18,0.7612230215827336,0.09999999999999999
134,19,0.7612230215827336,0.10555555555555554
134,20,0.7612230215827336,0.1111111111111111
134,21,0.7612230215827336,0.11666666666666665
134,22,0.7612230215827336,0.1222222222222222
134,23,0.7612230215827336,0.12777777777777777
134,24,0.7612230215827336,0.1333333333333333
134,25,0.7612230215827336,0.13888888888888887
134,26,0.7612230215827336,0.14444444444444443
134,27,0.7612230215827336,0.15
134,28,0.7612230215827336,0.15555555555555553
134,29,0.7612230215827336,0.1611111111111111
134,30,0.7612230215827336,0.16666666666666666
134,31,0.7612230215827336,0.1722222222222222
134,32,0.7612230215827336,0.17777777777777776
134,33,0.7612230215827336,0.18333333333333332
134,34,0.7612230215827336,0.18888888888888886
134,35,0.7612230215827336,0.19444444444444442
134,36,0.7612230215827336,0.19999999999999998
134,37,0.7612230215827336,0.20555555555555552
134,38,0.7612230215827336,0.21111111111111108
134,39,0.7612230215827336,0.21666666666666665
134,40,0.7612230215827336,0.2222222222222222
134,41,0.7612230215827336,0.22777777777777775
134,42,0.7612230215827336,0.2333333333333333
134,43,0.7612230215827336,0.23888888888888887
134,44,0.7612230215827336,0.2444444444444444
134,45,0.7612230215827336,0.24999999999999997
134,46,0.7612230215827336,0.25555555555555554
134,47,0.7612230215827336,0.26111111111111107
134,48,0.7612230215827336,0.2666666666666666
134,49,0.7612230215827336,0.2722222222222222
134,50,0.7612230215827336,0.27777777777777773
134,51,0.7612230215827336,0.2833333333333333
134,52,0.7612230215827336,0.28888888888888886
134,53,0.7612230215827336,0.2944444444444444
134,54,0.7612230215827336,0.3
134,55,0.7612230215827336,0.3055555555555555
134,56,0.7612230215827336,0.31111111111111106
134,57,0.7612230215827336,0.31666666666666665
134,58,0.7612230215827336,0.3222222222222222
134,59,0.7612230215827336,0.3277777777777777
134,60,0.7612230215827336,0.3333333333333333
134,61,0.7612230215827336,0.33888888888888885
134,62,0.7612230215827336,0.3444444444444444
135,1,0.7769784172661871,0.005555555555555555
135,2,0.7769784172661871,0.01111111111111111
135,3,0.7769784172661871,0.016666666666666663
135,4,0.7769784172661871,0.02222222222222222
135,5,0.7769784172661871,0.027777777777777776
135,6,0.7769784172661871,0.033333333333333326
135,7,0.7769784172661871,0.03888888888888888
135,8,0.7769784172661871,0.04444444444444444
135,9,0.7769784172661871,0.049999999999999996
135,10,0.7769784172661871,0.05555555555555555
135,11,0.7769784172661871,0.0611111111111111
135,12,0.7769784172661871,0.06666666666666665
135,13,0.7769784172661871,0.07222222222222222
135,14,0.7769784172661871,0.07777777777777777
135,15,0.7769784172661871,0.08333333333333333
135,16,0.7769784172661871,0.08888888888888888
135,17,0.7769784172661871,0.09444444444444443
135,18,0.7769784172661871,0.09999999999999999
135,19,0.7769784172661871,0.10555555555555554
135,20,0.7769784172661871,0.1111111111111111
135,21,0.7769784172661871,0.11666666666666665
135,22,0.7769784172661871,0.1222222222222222
135,23,0.7769784172661871,0.12777777777777777
135,24,0.7769784172661871,0.1333333333333333
135,25,0.7769784172661871,0.13888888888888887
135,26,0.7769784172661871,0.14444444444444443
135,27,0.7769784172661871,0.15
135,28,0.7769784172661871,0.15555555555555553
135,29,0.7769784172661871,0.1611111111111111
135,30,0.7769784172661871,0.16666666666666666
135,31,0.7769784172661871,0.1722222222222222
135,32,0.7769784172661871,0.17777777777777776
135,33,0.7769784172661871,0.18333333333333332
135,34,0.7769784172661871,0.18888888888888886
135,35,0.7769784172661871,0.19444444444444442
135,36,0.7769784172661871,0.19999999999999998
135,37,0.7769784172661871,0.20555555555555552
135,38,0.7769784172661871,0.21111111111111108
135,39,0.7769784172661871,0.21666666666666665
135,40,0.7769784172661871,0.2222222222222222
135,41,0.7769784172661871,0.22777777777777775
135,42,0.7769784172661871,0.2333333333333333
135,43,0.7769784172661871,0.23888888888888887
135,44,0.7769784172661871,0.2444444444444444
135,45,0.7769784172661871,0.24999999999999997
135,46,0.7769784172661871,0.25555555555555554
135,47,0.7769784172661871,0.26111111111111107
135,48,0.7769784172661871,0.2666666666666666
135,49,0.7769784172661871,0.2722222222222222
135,50,0.7769784172661871,0.27777777777777773
135,51,0.7769784172661871,0.2833333333333333
135,52,0.7769784172661871,0.28888888888888886
135,53,0.7769784172661871,0.2944444444444444
135,54,0.7769784172661871,0.3
135,55,0.7769784172661871,0.3055555555555555
135,56,0.7769784172661871,0.31111111111111106
135,57,0.7769784172661871,0.31666666666666665
135,58,0.7769784172661871,0.3222222222222222
135,59,0.7769784172661871,0.3277777777777777
135,60,0.7769784172661871,0.3333333333333333
135,61,0.7769784172661871,0.33888888888888885
135,62,0.7769784172661871,0.3444444444444444
136,1,0.7927338129496402,0.005555555555555555
136,2,0.7927338129496402,0.01111111111111111
136,3,0.7927338129496402,0.016666666666666663
136,4,0.7927338129496402,0.02222222222222222
136,5,0.7927338129496402,0.027777777777777776
136,6,0.7927338129496402,0.033333333333333326
136,7,0.7927338129496402,0.03888888888888888
136,8,0.7927338129496402,0.04444444444444444
136,9,0.7927338129496402,0.049999999999999996
136,10,0.7927338129496402,0.05555555555555555
136,11,0.7927338129496402,0.0611111111111111
136,12,0.7927338129496402,0.06666666666666665
136,13,0.7927338129496402,0.07222222222222222
136,14,0.7927338129496402,0.07777777777777777
136,15,0.7927338129496402,0.08333333333333333
136,16,0.7927338129496402,0.08888888888888888
136,17,0.7927338129496402,0.09444444444444443
136,18,0.7927338129496402,0.09999999999999999
136,19,0.7927338129496402,0.10555555555555554
136,20,0.7927338129496402,0.1111111111111111
136,21,0.7927338129496402,0.11666666666666665
136,22,0.7927338129496402,0.1222222222222222
136,23,0.7927338129496402,0.12777777777777777
136,24,0.7927338129496402,0.1333333333333333
136,25,0.7927338129496402,0.13888888888888887
136,26,0.7927338129496402,0.14444444444444443
136,27,0.7927338129496402,0.15
136,28,0.7927338129496402,0.15555555555555553
136,29,0.7927338129496402,0.1611111111111111
136,30,0.7927338129496402,0.16666666666666666
136,31,0.7927338129496402,0.1722222222222222
136,32,0.7927338129496402,0.17777777777777776
136,33,0.7927338129496402,0.18333333333333332
136,34,0.7927338129496402,0.18888888888888886
136,35,0.7927338129496402,0.19444444444444442
136,36,0.7927338129496402,0.19999999999999998
136,37,0.7927338129496402,0.20555555555555552
136,38,0.7927338129496402,0.21111111111111108
136,39,0.7927338129496402,0.21666666666666665
136,40,0.7927338129496402,0.2222222222222222
136,41,0.7927338129496402,0.22777777777777775
136,42,0.7927338129496402,0.2333333333333333
136,43,0.7927338129496402,0.23888888888888887
136,44,0.7927338129496402,0.2444444444444444
136,45,0.7927338129496402,0.24999999999999997
136,46,0.7927338129496402,0.25555555555555554
136,47,0.7927338129496402,0.26111111111111107
136,48,0.7927338129496402,0.2666666666666666
136,49,0.7927338129496402,0.2722222222222222
136,50,0.7927338129496402,0.27777777777777773
136,51,0.7927338129496402,0.2833333333333333
136,52,0.7927338129496402,0.28888888888888886
136,53,0.7927338129496402,0.2944444444444444
136,54,0.7927338129496402,0.3
136,55,0.7927338129496402,0.3055555555555555
136,56,0.7927338129496402,0.31111111111111106
136,57,0.7927338129496402,0.31666666666666665
136,58,0.7927338129496402,0.3222222222222222
136,59,0.7927338129496402,0.3277777777777777
136,60,0.7927338129496402,0.3333333333333333
136,61,0.7927338129496402,0.33888888888888885
136,62,0.7927338129496402,0.3444444444444444
137,1,0.8084892086330933,0.005555555555555555
137,2,0.8084892086330933,0.01111111111111111
137,3,0.8084892086330933,0.016666666666666663
137,4,0.8084892086330933,0.02222222222222222
137,5,0.8084892086330933,0.027777777777777776
137,6,0.8084892086330933,0.033333333333333326
137,7,0.8084892086330933,0.03888888888888888
137,8,0.8084892086330933,0.04444444444444444
137,9,0.8084892086330933,0.049999999999999996
137,10,0.8084892086330933,0.05555555555555555
137,11,0.8084892086330933,0.0611111111111111
137,12,0.8084892086330933,0.06666666666666665
137,13,0.8084892086330933,0.07222222222222222
137,14,0.8084892086330933,0.07777777777777777
137,15,0.8084892086330933,0.08333333333333333
137,16,0.8084892086330933,0.08888888888888888
137,17,0.8084892086330933,0.09444444444444443
137,18,0.8084892086330933,0.09999999999999999
137,19,0.8084892086330933,0.10555555555555554
137,20,0.8084892086330933,0.1111111111111111
137,21,0.8084892086330933,0.11666666666666665
137,22,0.8084892086330933,0.1222222222222222
137,23,0.8084892086330933,0.12777777777777777
137,24,0.8084892086330933,0.1333333333333333
137,25,0.8084892086330933,0.13888888888888887
137,26,0.8084892086330933,0.14444444444444443
137,27,0.8084892086330933,0.15
137,28,0.8084892086330933,0.15555555555555553
137,29,0.8084892086330933,0.1611111111111111
137,30,0.8084892086330933,0.16666666666666666
137,31,0.8084892086330933,0.1722222222222222
137,32,0.8084892086330933,0.17777777777777776
137,33,0.8084892086330933,0.18333333333333332
137,34,0.8084892086330933,0.18888888888888886
137,35,0.8084892086330933,0.19444444444444442
137,36,0.8084892086330933,0.19999999999999998
137,37,0.8084892086330933,0.20555555555555552
137,38,0.8084892086330933,0.21111111111111108
137,39,0.8084892086330933,0.21666666666666665
137,40,0.8084892086330933,0.2222222222222222
137,41,0.8084892086330933,0.22777777777777775
137,42,0.8084892086330933,0.2333333333333333
137,43,0.8084892086330933,0.23888888888888887
137,44,0.8084892086330933,0.2444444444444444
137,45,0.8084892086330933,0.24999999999999997
137,46,0.8084892086330933,0.25555555555555554
137,47,0.8084892086330933,0.26111111111111107
137,48,0.8084892086330933,0.2666666666666666
137,49,0.8084892086330933,0.2722222222222222
137,50,0.8084892086330933,0.27777777777777773
137,51,0.8084892086330933,0.2833333333333333
137,52,0.8084892086330933,0.28888888888888886
137,53,0.8084892086330933,0.2944444444444444
137,54,0.8084892086330933,0.3
137,55,0.8084892086330933,0.3055555555555555
137,56,0.8084892086330933,0.31111111111111106
137,57,0.8084892086330933,0.31666666666666665
137,58,0.8084892086330933,0.3222222222222222
137,59,0.8084892086330933,0.3277777777777777
137,60,0.8084892086330933,0.3333333333333333
137,61,0.8084892086330933,0.33888888888888885
137,62,0.8084892086330933,0.3444444444444444
138,1,0.8242446043165468,0.005555555555555555
138,2,0.8242446043165468,0.01111111111111111
138,3,0.8242446043165468,0.016666666666666663
138,4,0.8242446043165468,0.02222222222222222
138,5,0.8242446043165468,0.027777777777777776
138,6,0.8242446043165468,0.033333333333333326
138,7,0.8242446043165468,0.03888888888888888
138,8,0.8242446043165468,0.04444444444444444
138,9,0.8242446043165468,0.049999999999999996
138,10,0.8242446043165468,0.05555555555555555
138,11,0.8242446043165468,0.0611111111111111
138,12,0.8242446043165468,0.06666666666666665
138,13,0.8242446043165468,0.07222222222222222
138,14,0.8242446043165468,0.07777777777777777
138,15,0.8242446043165468,0.08333333333333333
138,16,0.8242446043165468,0.08888888888888888
138,17,0.8242446043165468,0.09444444444444443
138,18,0.8242446043165468,0.09999999999999999
138,19,0.8242446043165468,0.10555555555555554
138,20,0.8242446043165468,0.1111111111111111
138,21,0.8242446043165468,0.11666666666666665
138,22,0.8242446043165468,0.1222222222222222
138,23,0.8242446043165468,0.12777777777777777
138,24,0.8242446043165468,0.1333333333333333
138,25,0.8242446043165468,0.13888888888888887
138,26,0.8242446043165468,0.14444444444444443
138,27,0.8242446043165468,0.15
138,28,0.8242446043165468,0.15555555555555553
138,29,0.8242446043165468,0.1611111111111111
138,30,0.8242446043165468,0.16666666666666666
138,31,0.8242446043165468,0.1722222222222222
138,32,0.8242446043165468,0.17777777777777776
138,33,0.8242446043165468,0.18333333333333332
138,34,0.8242446043165468,0.18888888888888886
138,35,0.8242446043165468,0.19444444444444442
138,36,0.8242446043165468,0.19999999999999998
138,37,0.8242446043165468,0.20555555555555552
138,38,0.8242446043165468,0.21111111111111108
138,39,0.8242446043165468,0.21666666666666665
138,40,0.8242446043165468,0.2222222222222222
138,41,0.8242446043165468,0.22777777777777775
138,42,0.8242446043165468,0.2333333333333333
138,43,0.8242446043165468,0.23888888888888887
138,44,0.8242446043165468,0.2444444444444444
138,45,0.8242446043165468,0.24999999999999997
138,46,0.8242446043165468,0.25555555555555554
138,47,0.8242446043165468,0.26111111111111107
138,48,0.8242446043165468,0.2666666666666666
138,49,0.8242446043165468,0.2722222222222222
138,50,0.8242446043165468,0.27777777777777773
138,51,0.8242446043165468,0.2833333333333333
138,52,0.8242446043165468,0.28888888888888886
138,53,0.8242446043165468,0.2944444444444444
138,54,0.8242446043165468,0.3
138,55,0.8242446043165468,0.3055555555555555
138,56,0.8242446043165468,0.31111111111111106
138,57,0.8242446043165468,0.31666666666666665
138,58,0.8242446043165468,0.3222222222222222
138,59,0.8242446043165468,0.3277777777777777
138,60,0.8242446043165468,0.3333333333333333
138,61,0.8242446043165468,0.33888888888888885
138,62,0.8242446043165468,0.3444444444444444
139,1,0.84,0.005555555555555555
139,2,0.84,0.01111111111111111
139,3,0.84,0.016666666666666663
139,4,0.84,0.02222222222222222
139,5,0.84,0.027777777777777776
139,6,0.84,0.033333333333333326
139,7,0.84,0.03888888888888888
139,8,0.84,0.04444444444444444
139,9,0.84,0.049999999999999996
139,10,0.84,0.05555555555555555
139,11,0.84,0.0611111111111111
139,12,0.84,0.06666666666666665
139,13,0.84,0.07222222222222222
139,14,0.84,0.07777777777777777
139,15,0.84,0.08333333333333333
139,16,0.84,0.08888888888888888
139,17,0.84,0.09444444444444443
139,18,0.84,0.09999999999999999
139,19,0.84,0.10555555555555554
139,20,0.84,0.1111111111111111
139,21,0.84,0.11666666666666665
139,22,0.84,0.1222222222222222
139,23,0.84,0.12777777777777777
139,24,0.84,0.1333333333333333
139,25,0.84,0.13888888888888887
139,26,0.84,0.14444444444444443
139,27,0.84,0.15
139,28,0.84,0.15555555555555553
139,29,0.84,0.1611111111111111
139,30,0.84,0.16666666666666666
139,31,0.84,0.1722222222222222
139,32,0.84,0.17777777777777776
139,33,0.84,0.18333333333333332
139,34,0.84,0.18888888888888886
139,35,0.84,0.19444444444444442
139,36,0.84,0.19999999999999998
139,37,0.84,0.20555555555555552
139,38,0.84,0.21111111111111108
139,39,0.84,0.21666666666666665
139,40,0.84,0.2222222222222222
139,41,0.84,0.22777777777777775
139,42,0.84,0.2333333333333333
139,43,0.84,0.23888888888888887
139,44,0.84,0.2444444444444444
139,45,0.84,0.24999999999999997
139,46,0.84,0.25555555555555554
139,47,0.84,0.26111111111111107
139,48,0.84,0.2666666666666666
139,49,0.84,0.2722222222222222
139,50,0.84,0.27777777777777773
139,51,0.84,0.2833333333333333
139,52,0.84,0.28888888888888886
139,53,0.84,0.2944444444444444
139,54,0.84,0.3
139,55,0.84,0.3055555555555555
139,56,0.84,0.31111111111111106
139,57,0.84,0.31666666666666665
139,58,0.84,0.3222222222222222
139,59,0.84,0.3277777777777777
139,60,0.84,0.3333333333333333
139,61,0.84,0.33888888888888885
139,62,0.84,0.3444444444444444
