/*--------------------------------*- C++ -*----------------------------------*\
| =========                 |                                                 |
| \\      /  F ield         | OpenFOAM: The Open Source CFD Toolbox           |
|  \\    /   O peration     | Version:  2512                                  |
|   \\  /    A nd           | Website:  www.openfoam.com                      |
|    \\/     M anipulation  |                                                 |
\*---------------------------------------------------------------------------*/
FoamFile
{
    version     2.0;
    format      ascii;
    arch        "LSB;label=32;scalar=64";
    class       volVectorField;
    location    "200";
    object      wallShearStress;
}
// * * * * * * * * * * * * * * * * * * * * * * * * * * * * * * * * * * * * * //

dimensions      [0 2 -2 0 0 0 0];

internalField   uniform (0 0 0);

boundaryField
{
    inlet
    {
        type            calculated;
        value           uniform (0 0 0);
    }
    outlet
    {
        type            calculated;
        value           uniform (0 0 0);
    }
    bottomWall
    {
        type            calculated;
        value           nonuniform List<vector> 
1020
(
(-3.01987651443 -0.00445717784327 2.75246620049e-27)
(-2.90495085631 -0.00893220036833 3.21751985796e-24)
(-2.80432902661 -0.00842348771171 -1.98090852028e-25)
(-2.71910627511 -0.00569283541078 -1.07193907708e-24)
(-2.65026711544 -0.00414210591369 6.98904812919e-25)
(-2.59493401244 -0.00315519213827 -3.83864671684e-25)
(-2.54974989405 -0.00245652739316 2.49320828531e-26)
(-2.51257968464 -0.00194748002618 1.2474164462e-24)
(-2.4816702387 -0.00157930909162 -7.6914356957e-25)
(-2.45543974527 -0.00131641924029 -1.19297342278e-24)
(-2.43264449912 -0.00113028765464 1.41745601297e-24)
(-2.4123915893 -0.000998382401573 -1.76187362126e-24)
(-2.39405128644 -0.000903482816504 1.43548462736e-24)
(-2.37718423144 -0.000833116619518 -1.81529536778e-25)
(-2.36149070017 -0.000778507175609 -1.78207769657e-25)
(-2.34676922141 -0.000733889157676 1.17736483439e-24)
(-2.33287751001 -0.000696054367726 -3.00432534413e-24)
(-2.31970634908 -0.000663165955579 -1.56163494603e-25)
(-2.30716996891 -0.00063397303857 5.10180838904e-24)
(-2.29520231366 -0.000607525573718 -3.17426984941e-24)
(-2.28375378048 -0.000583073687438 -1.09682748585e-24)
(-2.27278633229 -0.000560108184698 2.27192543902e-24)
(-2.26227078869 -0.000538179409888 1.83586322777e-24)
(-2.25218497061 -0.000517040698125 -2.19498163393e-24)
(-2.24250929502 -0.000496707739351 1.11504856939e-24)
(-2.23322404155 -0.000477221588369 -2.87177538079e-24)
(-2.22431023476 -0.000458557630974 1.81864057478e-24)
(-2.21574999848 -0.00044068574669 -8.70126960278e-25)
(-2.20752722945 -0.000423660325268 -1.65589423325e-25)
(-2.19962330784 -0.00040755309949 -8.57229518194e-25)
(-2.19201902365 -0.000392433960843 1.98789335827e-24)
(-2.1846956932 -0.000378212720959 2.65755474888e-24)
(-2.17763731918 -0.000364757171 -1.06505521769e-24)
(-2.17083070651 -0.000351949222757 -6.65017980942e-25)
(-2.16426446349 -0.000339668249695 -2.97055440122e-24)
(-2.15792979636 -0.00032773817204 -2.94548343196e-24)
(-2.15182020022 -0.000316029849986 -8.1817397953e-25)
(-2.14593090461 -0.000304539526405 1.09197216301e-24)
(-2.14025683829 -0.00029334099418 6.24692556021e-24)
(-2.13478976252 -0.000282611115982 1.04989252819e-24)
(-2.12951928731 -0.000272501590517 -4.80783987489e-24)
(-2.12443335271 -0.000263082439868 1.06077963213e-24)
(-2.1195189982 -0.000254326643325 -8.22186894053e-25)
(-2.11476656306 -0.000246002706656 2.56708948621e-24)
(-2.11017046629 -0.000237933031957 2.54835490198e-24)
(-2.10572591945 -0.000230140839596 -4.19674778902e-24)
(-2.10142762306 -0.000222623978836 2.54042565706e-24)
(-2.09726992616 -0.000215369724877 -1.00827171084e-24)
(-2.09324865751 -0.000208282764371 -2.6569203096e-24)
(-2.08936006767 -0.000201404195694 1.03533059674e-24)
(-2.08559951985 -0.000194711966341 6.01151089488e-24)
(-2.0819633466 -0.000188417735201 -2.83622620648e-24)
(-2.07843941193 -0.000182859420253 -4.29129025418e-24)
(-2.07501655171 -0.000177792133105 2.67760568828e-24)
(-2.07169015762 -0.00017287916836 -9.83497612803e-25)
(-2.06845878586 -0.000168026253705 -2.59910918773e-24)
(-2.06532068557 -0.0001632140369 4.27522434457e-24)
(-2.06227497228 -0.000158494342967 2.45152871713e-24)
(-2.05931719676 -0.000154057748005 -4.04100949653e-24)
(-2.05644170137 -0.000149858749769 2.44300993158e-24)
(-2.05364619355 -0.00014572552136 -2.75038291943e-24)
(-2.05092902311 -0.000141718546991 -7.79067141523e-25)
(-2.04828626595 -0.000137952216931 9.93688330413e-25)
(-2.04571360384 -0.000134391247554 5.78005403875e-24)
(-2.04320773528 -0.000130997350291 9.60662082199e-25)
(-2.04076649291 -0.000127695152571 -4.47517628822e-24)
(-2.03838870092 -0.000124472750908 9.68094225075e-25)
(-2.03607190298 -0.000121420471175 -7.78202362976e-25)
(-2.03381330131 -0.000118495445392 -4.41441731113e-24)
(-2.0316101158 -0.00011571455331 -9.26664888545e-25)
(-2.02946031394 -0.000113000423454 -5.71150877215e-25)
(-2.02736331089 -0.00011031638316 -9.13658542457e-25)
(-2.0253177124 -0.00010774632149 -4.32454891802e-24)
(-2.02332199891 -0.000105212116831 9.91241913789e-25)
(-2.02137638019 -0.000102638840962 -7.1270064526e-25)
(-2.01948116537 -0.000100075559102 7.27259865317e-24)
(-2.01763664146 -9.74784695144e-05 9.06640220475e-24)
(-2.01584340828 -9.48454670429e-05 -2.62027325683e-24)
(-2.0141014834 -9.22344083969e-05 -7.59175810087e-25)
(-2.01241045209 -8.96141249664e-05 9.1020729088e-25)
(-2.01077089553 -8.69242980449e-05 -4.23435588136e-24)
(-2.00918374355 -8.41731157059e-05 -8.98064405431e-25)
(-2.00765029692 -8.13238563055e-05 -5.57532466845e-25)
(-2.00617282681 -7.82895809046e-05 -8.82876790591e-25)
(-2.00475535236 -7.50514522342e-05 -2.50061195412e-24)
(-2.0034023805 -7.16190182495e-05 -2.31173944476e-24)
(-2.00211996308 -6.79158413813e-05 9.3362320784e-25)
(-2.00091535763 -6.39395096071e-05 -4.0460298324e-24)
(-1.9997965839 -5.96450628289e-05 1.93684567972e-24)
(-1.99877285002 -5.49111709151e-05 5.84063051964e-24)
(-1.99785477806 -4.9629619531e-05 7.63357682981e-24)
(-1.99705283508 -4.37699253684e-05 -2.56907433074e-24)
(-1.99637526227 -3.73629911948e-05 -3.40226981581e-24)
(-1.99582545393 -3.0584580444e-05 -1.54119300556e-24)
(-1.99540085193 -2.36867390584e-05 -3.34069488473e-24)
(-1.99509257149 -1.69408450543e-05 -2.458916697e-24)
(-1.99488709941 -1.02786593431e-05 7.42740404191e-24)
(-1.99476724323 -4.65777974027e-06 5.56277719305e-24)
(-1.99471329833 8.01242515478e-08 -2.47460379886e-24)
(-1.99470293726 3.72628817852e-06 -3.27857300154e-24)
(-1.99471529155 6.23888934546e-06 -1.485909142e-24)
(-1.99473559878 7.39782055028e-06 -3.22471409674e-24)
(-1.99475633919 7.81967254115e-06 -1.4530149247e-24)
(-1.99477613037 7.95325293811e-06 -6.28930369828e-25)
(-1.99479579542 7.77824249314e-06 1.40010123724e-23)
(-1.99481777347 7.06907227094e-06 -3.20451009559e-24)
(-1.99485399832 6.39142169929e-06 -3.18579715384e-24)
(-1.99491432227 1.03546786716e-05 -6.46247853009e-25)
(-1.99497572918 1.18697788364e-05 -4.85162578065e-24)
(-1.99510681617 -4.20217148909e-06 2.5952386205e-24)
(-1.99528665708 4.30111105571e-06 -6.45422877783e-25)
(-1.99550021079 8.35746758172e-06 1.38640628041e-23)
(-1.9957729247 1.12400864836e-05 -3.16239961072e-24)
(-1.9961035488 1.38651273035e-05 -1.44648560977e-24)
(-1.99649195619 1.64255838865e-05 -2.36766524416e-24)
(-1.99693670714 1.896652526e-05 -3.18841098828e-24)
(-1.99743412033 2.14137411286e-05 -3.20393347995e-24)
(-1.99797920884 2.37458675715e-05 -6.68000719616e-25)
(-1.99856670541 2.59270483986e-05 1.32265864969e-23)
(-1.99919199285 2.79580045107e-05 -2.38378343062e-24)
(-1.99985051428 2.9867487243e-05 -6.45314069017e-25)
(-2.00053816007 3.16727226716e-05 -4.05037060198e-24)
(-2.00124999155 3.33015220323e-05 -2.42057187179e-24)
(-2.00198161815 3.47207494914e-05 -2.4310956905e-24)
(-2.00272823505 3.58884567944e-05 -2.32979629831e-24)
(-2.00348504362 3.6745414355e-05 8.09266952663e-24)
(-2.00424728151 3.72884425804e-05 -3.26607810005e-24)
(-2.00501140805 3.75591089717e-05 -1.02936778284e-23)
(-2.00577483224 3.76555707989e-05 1.43137685234e-23)
(-2.00653614474 3.74918454759e-05 6.36561050798e-24)
(-2.00729670188 3.72132990347e-05 -2.32775150085e-24)
(-2.00805197151 3.75906526919e-05 -1.12557990345e-23)
(-2.00880477437 2.98151975525e-05 6.36788422719e-24)
(-2.00956508026 5.20135775014e-05 -2.45722604119e-28)
(-2.01031150313 5.21661651472e-05 -3.63004348069e-25)
(-2.01106649975 3.77824322462e-05 6.36746838177e-24)
(-2.01181689827 3.63936751527e-05 1.43309986549e-23)
(-2.01256568854 3.65684486515e-05 7.29250568053e-24)
(-2.01331214788 3.69829334445e-05 -3.27838111002e-24)
(-2.01405478973 3.72518454063e-05 -1.12184213665e-23)
(-2.01479196565 3.73223134768e-05 -3.25895970299e-24)
(-2.01552205092 3.72422919897e-05 -1.02338859103e-23)
(-2.01624363817 3.70600514506e-05 6.33162076692e-24)
(-2.01695569793 3.68051446201e-05 4.66287402014e-24)
(-2.01765740626 3.64957009716e-05 1.67478291885e-23)
(-2.01834808447 3.61320100116e-05 -2.06204500207e-23)
(-2.01902720654 3.57154884578e-05 1.41149235755e-23)
(-2.01969423607 3.52496959337e-05 -6.71121413541e-25)
(-2.02034901184 3.47509553608e-05 -1.01008256594e-23)
(-2.02099142654 3.4235677282e-05 -3.18812703758e-24)
(-2.02162171039 3.37193784443e-05 1.39655755751e-23)
(-2.02224013084 3.32096954571e-05 -6.68440764746e-25)
(-2.0228470458 3.27101039417e-05 -3.18805588771e-24)
(-2.02344285688 3.22206636215e-05 -3.16818472795e-24)
(-2.02402795343 3.17433671498e-05 -6.41862794315e-25)
(-2.02460276057 3.12792197381e-05 -1.23530332758e-23)
(-2.02516773764 3.0832464241e-05 6.10838663945e-24)
(-2.02572329899 3.04028857668e-05 6.06270213079e-24)
(-2.0262699448 2.99918471825e-05 1.44417481918e-23)
(-2.02680805401 2.95983835137e-05 -1.06445006549e-23)
(-2.02733811417 2.92239893026e-05 -3.08429804646e-24)
(-2.02786053355 2.88693586066e-05 6.81065750792e-24)
(-2.02837576604 2.85360518101e-05 -1.94167730634e-23)
(-2.0288842594 2.82244094609e-05 5.9332584162e-24)
(-2.02938644892 2.79352899488e-05 -5.81453730389e-25)
(-2.02988277371 2.7668276882e-05 2.04162635264e-23)
(-2.030373684 2.74239059548e-05 -1.02937926318e-23)
(-2.03085958409 2.72017739834e-05 -1.0179882754e-23)
(-2.03134093809 2.70027705179e-05 1.37582623586e-23)
(-2.03181816158 2.68266905723e-05 -1.00796574188e-23)
(-2.03229171509 2.66738902802e-05 -2.04833268016e-24)
(-2.03276205066 2.65442152553e-05 -5.53765668665e-25)
(-2.03322962306 2.64376513884e-05 1.25759843356e-23)
(-2.03369489455 2.63547685579e-05 -2.89292079205e-24)
(-2.03415835838 2.62965490889e-05 -9.72428004026e-24)
(-2.03462047459 2.62628136854e-05 6.29161758234e-24)
(-2.03508176457 2.62534318284e-05 5.39331604626e-24)
(-2.03554268465 2.62692122141e-05 -1.09143273745e-23)
(-2.03600376064 2.63106512797e-05 -5.14465757323e-25)
(-2.0364654836 2.63783047309e-05 1.189815858e-23)
(-2.03692836831 2.64717181359e-05 -2.74196681057e-24)
(-2.03739292412 2.65912334381e-05 -5.76159618612e-25)
(-2.03785965641 2.67366005444e-05 -2.66153901204e-24)
(-2.03832908187 2.69084916693e-05 -2.60811775913e-24)
(-2.03880171878 2.71064047075e-05 -8.81894983718e-24)
(-2.03927807655 2.73315512826e-05 5.7991047029e-24)
(-2.0397586777 2.75825869432e-05 1.10692444645e-23)
(-2.0402440265 2.78607514237e-05 -2.55696890823e-24)
(-2.04073463533 2.81648111452e-05 -5.41981928826e-25)
(-2.04123101795 2.84958959575e-05 3.43459181275e-24)
(-2.04173367033 2.88530738751e-05 -8.28604779285e-24)
(-2.04224310471 2.92377091048e-05 -8.05488355867e-24)
(-2.04275982349 2.96480498468e-05 5.31973469395e-24)
(-2.04328431593 3.00858435465e-05 5.1635760844e-24)
(-2.04381708584 3.05489116483e-05 9.81928062112e-24)
(-2.04435860594 3.10390092255e-05 -7.11654136365e-24)
(-2.0449093651 3.15537886041e-05 -7.50092890631e-24)
(-2.0454698228 3.20949862071e-05 9.39228297923e-24)
(-2.04604044116 3.26605275549e-05 -6.66171627715e-24)
(-2.04662168089 3.32512832261e-05 -2.01223568691e-24)
(-2.04721396843 3.38652496906e-05 3.96262690109e-24)
(-2.04781774513 3.4503580244e-05 8.55383963681e-24)
(-2.04843340908 3.51639795331e-05 -6.2169876237e-24)
(-2.04906136751 3.58466173665e-05 -6.46536895477e-24)
(-2.04970198997 3.65493515323e-05 8.04219852088e-24)
(-2.05035564757 3.72726508609e-05 -5.6715093849e-24)
(-2.05102269227 3.80135791916e-05 -1.67590892252e-24)
(-2.05170345962 3.87723133312e-05 3.32402488581e-24)
(-2.05239826453 3.95464930961e-05 7.04116991051e-24)
(-2.05310741932 4.03360536039e-05 -5.14062995603e-24)
(-2.05383119994 4.11386964179e-05 -5.22951196299e-24)
(-2.05456988031 4.19534871434e-05 2.18621165243e-24)
(-2.05532369432 4.27797834298e-05 -2.46062319461e-25)
(-2.05609287209 4.36163612746e-05 -4.50240539122e-24)
(-2.05687761309 4.44620167993e-05 3.93119917981e-24)
(-2.05767808639 4.53157484928e-05 2.76387181844e-24)
(-2.05849445866 4.61759833778e-05 4.15453725811e-24)
(-2.05932685671 4.70392333154e-05 -5.55755944606e-24)
(-2.06017536439 4.79022142502e-05 -9.84052608222e-25)
(-2.06104010495 4.87614933454e-05 2.17938057145e-24)
(-2.06192104384 4.96112661336e-05 -4.3166936136e-24)
(-2.06281842829 5.04524826984e-05 4.93696421075e-24)
(-2.06373184574 5.12628084154e-05 -2.40924145968e-24)
(-2.06466189437 5.20979694034e-05 1.35118059012e-24)
(-2.06560808735 5.28484526106e-05 -2.25824584785e-24)
(-2.06656935742 5.37061325574e-05 1.75512522485e-24)
(-2.06755374332 5.45852678732e-05 7.3296894206e-25)
(-2.06856470578 5.47209843941e-05 1.90012166592e-25)
(-2.06960599306 5.49786532549e-05 -3.77505722194e-25)
(-2.07067902537 5.49350832229e-05 4.93763538234e-25)
(-2.07178313117 5.48968845697e-05 -6.90420242288e-25)
(-2.07291715852 5.49138912182e-05 3.02699360848e-25)
(-2.07408061849 5.4991749165e-05 -4.44541205184e-26)
(-2.07527296621 5.51404929545e-05 -1.59897076947e-25)
(-2.07649367991 5.53295413643e-05 -1.89018251927e-24)
(-2.07774206211 5.55129242169e-05 -1.05119651392e-24)
(-2.07901702768 5.56273450569e-05 2.61249045741e-24)
(-2.08031702901 5.56147110252e-05 8.44028115142e-25)
(-2.08164029792 5.54193177176e-05 -1.27060629756e-23)
(-2.0829846032 5.49998821264e-05 2.93340471497e-24)
(-2.08434782975 5.43397654481e-05 -1.31871749355e-23)
(-2.08572757426 5.34318291912e-05 -6.79239766346e-24)
(-2.08712194474 5.23069649314e-05 -1.61796537811e-23)
(-2.08852894208 5.09848778041e-05 8.20768806387e-24)
(-2.08994730008 4.95267796721e-05 9.97212855627e-25)
(-2.09137568087 4.79563415132e-05 2.52584868817e-23)
(-2.09281341769 4.63476466196e-05 5.22435777322e-23)
(-2.09425988985 4.46446779487e-05 4.85071756317e-23)
(-2.09571242608 4.27429356482e-05 -3.89479905866e-23)
(-2.09716627861 4.06939139962e-05 -4.91454406845e-23)
(-2.09862296193 3.87738105856e-05 7.15908617566e-23)
(-2.10008396278 3.70248065764e-05 8.34189848242e-23)
(-2.10155049625 3.54358660609e-05 -5.1099047294e-23)
(-2.10302296 3.3933384694e-05 -4.76772284243e-23)
(-2.10450117957 3.24853616146e-05 7.18726178476e-23)
(-2.10598449497 3.10433456813e-05 1.95588242737e-24)
(-2.10747166256 2.95789361234e-05 2.92337412589e-23)
(-2.10896136715 2.80736044751e-05 1.21165390475e-24)
(-2.11045163975 2.64915827207e-05 -3.95479285661e-23)
(-2.11194075621 2.48398000825e-05 -1.64827042207e-23)
(-2.11342623464 2.30729434992e-05 9.97150769208e-23)
(-2.11490607912 2.12179323784e-05 -1.32677804247e-22)
(-2.11637742637 1.92200763735e-05 -3.21832104418e-23)
(-2.11783804941 1.71185573566e-05 -1.14859701555e-22)
(-2.11928477611 1.48531053679e-05 2.97422765426e-23)
(-2.12071513905 1.24702969589e-05 3.84666677187e-23)
(-2.12212575776 9.90886420534e-06 7.47648312883e-24)
(-2.1235138655 7.21169876247e-06 -1.81698455819e-22)
(-2.12487592089 4.37079285195e-06 1.6670446435e-22)
(-2.12620878253 1.50977504326e-06 2.96948402123e-22)
(-2.12750875366 -1.5316208761e-06 1.97075505722e-22)
(-2.12877227646 -4.72334512187e-06 1.74497577582e-23)
(-2.1299955525 -8.07461102084e-06 -8.72766136686e-23)
(-2.13117452633 -1.1586215665e-05 -1.33373140407e-22)
(-2.13230523007 -1.55767331797e-05 -1.31338668683e-22)
(-2.13338313816 -1.97520946914e-05 2.73907802663e-22)
(-2.13440405212 -2.42375388179e-05 2.50420055851e-22)
(-2.13536291772 -2.8680742694e-05 3.42881235785e-22)
(-2.1362552479 -3.32707197597e-05 -1.08672068712e-22)
(-2.13707544335 -3.81579324127e-05 -1.78395119667e-22)
(-2.13781856909 -4.3282502005e-05 1.16719352887e-22)
(-2.13847845354 -4.87215402676e-05 -9.86739080052e-23)
(-2.1390496284 -5.44700197483e-05 2.98582493179e-22)
(-2.13952543177 -6.07448057613e-05 -9.86049890865e-24)
(-2.13989956882 -6.73774455128e-05 -3.49916796135e-22)
(-2.14016479743 -7.44011775845e-05 1.64836280473e-22)
(-2.14031356521 -8.17922818441e-05 -1.70629751609e-22)
(-2.14033823123 -8.96052303357e-05 -2.62829643504e-22)
(-2.14022850431 -9.79373090132e-05 1.34064896723e-22)
(-2.13997654592 -0.00010677033944 9.50491641005e-23)
(-2.13956347512 -0.000116613619627 -3.40917615062e-22)
(-2.13898328187 -0.000126525939267 2.44274256491e-22)
(-2.13817217505 -0.000150086451673 9.37610592591e-23)
(-2.1374312849 -0.000218746902284 1.84538646274e-26)
(-2.13638724765 -0.000171781041497 -3.30571871982e-22)
(-2.13511163889 -0.000169418247115 -4.33956213291e-22)
(-2.13360910062 -0.000179474214463 2.38211566159e-22)
(-2.13187092099 -0.000192139072897 -4.56400567927e-23)
(-2.12988821368 -0.000205783128475 1.89248056261e-22)
(-2.12764824392 -0.000220091563496 -5.64733192858e-23)
(-2.12513400441 -0.000235248234456 -3.23640198739e-22)
(-2.12232797333 -0.000251296766545 2.23921429794e-22)
(-2.11921041685 -0.000268380956101 -4.33057445018e-23)
(-2.11576092394 -0.000286511568976 8.78406061208e-23)
(-2.11195694061 -0.000305826725716 -7.62232002232e-23)
(-2.10777448469 -0.000326384963354 -2.87974187513e-22)
(-2.10318741604 -0.000348319818492 1.29361118265e-22)
(-2.09816724416 -0.000371747418965 1.84685263539e-22)
(-2.09268329911 -0.000396795711339 1.75467096028e-22)
(-2.08670168524 -0.000423637975475 1.37358275507e-22)
(-2.08018624456 -0.00045240639693 -1.72076304104e-22)
(-2.07309638233 -0.000483315330314 2.11112401523e-22)
(-2.06539012849 -0.000516454667344 9.98805915965e-23)
(-2.05702022471 -0.000552087821507 3.95397038449e-23)
(-2.04793706623 -0.000590410251897 -7.78103655335e-23)
(-2.03808237085 -0.000631867349471 -1.03389906235e-23)
(-2.02739225085 -0.000676927930118 3.85965616471e-23)
(-2.01579018863 -0.000726279469965 1.17691220968e-23)
(-2.00319220837 -0.000780233590603 -2.96606974687e-24)
(-1.98950576977 -0.000839243482213 4.01752618279e-23)
(-1.97462960531 -0.000903925154997 -5.85287101875e-23)
(-1.9584458138 -0.000975259753577 2.68219701297e-23)
(-1.94082065718 -0.00105404774172 -1.69778617407e-22)
(-1.92160500598 -0.00114119046699 1.23474447205e-22)
(-1.90063010417 -0.0012379247349 7.52447419132e-24)
(-1.87769970184 -0.00134593922804 -4.69779626652e-22)
(-1.85258314846 -0.00146747425942 2.3386739883e-22)
(-1.82500270685 -0.00160533326817 7.488916622e-22)
(-1.7946312364 -0.00176282118 -3.89439335376e-22)
(-1.76106671586 -0.00194427116634 -1.25833738049e-23)
(-1.72384441341 -0.00215438064824 -3.60414987692e-22)
(-1.68235843338 -0.00239983799346 6.36159715984e-22)
(-1.63601010705 -0.00268753153187 8.86198429427e-23)
(-1.58369768611 -0.00303550887504 -1.00613484974e-21)
(-1.52479105209 -0.00345347406235 -1.50865134833e-21)
(-1.456509962 -0.00399463432673 -1.04417849121e-21)
(-1.37964980393 -0.00466422921167 -9.60048928827e-22)
(-1.28386684639 -0.00564258233863 -3.28682495167e-21)
(-1.18166525075 -0.00660434822773 2.64472584383e-21)
(-1.02015489147 -0.008460295052 -2.39789495903e-21)
(-0.926863432158 -0.0095730896119 -9.08081835998e-21)
(-0.89436189045 -0.010561068479 4.1586150727e-19)
(-0.879404805133 -0.0127524645787 -6.02077758342e-19)
(-0.88415166686 -0.0171836164616 -4.75678447437e-20)
(-0.895841415728 -0.0230543022361 -1.01627894261e-18)
(-0.90811772526 -0.0295304033694 -2.2577827128e-19)
(-0.919997957242 -0.0362320522879 -5.70645681096e-19)
(-0.931554587244 -0.042999517729 -4.32906674633e-21)
(-0.942839324282 -0.0497978628169 1.36102851831e-19)
(-0.953957864726 -0.0565457128496 9.53925272513e-19)
(-0.965310880205 -0.0632425191458 1.25043915666e-18)
(-0.977146124258 -0.0700495074246 -2.84900326158e-19)
(-0.989503371114 -0.07705256449 -4.75913270089e-19)
(-1.00252133092 -0.0842438809224 -1.07623669792e-18)
(-1.01612992374 -0.0916073224928 9.50806514533e-19)
(-1.03044458649 -0.0991555298202 -4.35803398903e-19)
(-1.04541530863 -0.106902619915 8.88910569069e-19)
(-1.06100996243 -0.114853174599 -1.65535518024e-19)
(-1.07727699184 -0.123026967061 -1.0198705462e-18)
(-1.09403176416 -0.131410383007 -2.68164588554e-18)
(-1.1115136038 -0.139980433096 -3.91730619549e-20)
(-1.12904881973 -0.14926593379 1.40589671609e-18)
(-1.14777379745 -0.151511958175 -1.01603178705e-22)
(-1.16684701844 -0.164080911 3.2647096847e-20)
(-1.18627293977 -0.175689103474 1.64046907456e-18)
(-1.20614076622 -0.186237109903 -1.38195016534e-18)
(-1.22635721564 -0.196492585014 -3.7594113178e-20)
(-1.24708594892 -0.206809682803 9.09958904062e-19)
(-1.26829583288 -0.21731821409 1.40838963504e-18)
(-1.28983439723 -0.228042030537 -4.78325393556e-19)
(-1.31187961981 -0.239026643656 1.39617866391e-18)
(-1.33420817018 -0.250228673513 1.38812328741e-18)
(-1.35698101675 -0.261690037314 8.74190712707e-19)
(-1.38013342003 -0.273387584858 -1.16033231255e-18)
(-1.40358303806 -0.285311958979 -6.85214884494e-18)
(-1.42751098952 -0.297498985772 4.15192392058e-18)
(-1.45165160533 -0.309887567098 2.92148174176e-18)
(-1.47623125819 -0.322541987684 -2.43129725553e-18)
(-1.50112517941 -0.335414056583 1.96290334308e-18)
(-1.52629617193 -0.348510995398 -2.76428201904e-18)
(-1.55192402383 -0.361863130298 -5.07701385192e-18)
(-1.57770903798 -0.375393397469 3.2352450727e-18)
(-1.60393598659 -0.389190028488 -2.5124563082e-18)
(-1.63043680117 -0.403181220968 -5.21055901929e-18)
(-1.65720803166 -0.417393318754 -2.30304067575e-18)
(-1.68442518033 -0.431850309012 -1.65584686439e-18)
(-1.71174686041 -0.446457760282 1.36989148487e-18)
(-1.73950334752 -0.461327262661 4.1368605466e-18)
(-1.76748370598 -0.476357263473 2.77943022126e-18)
(-1.79571609717 -0.491608105834 2.17021260817e-18)
(-1.82425231627 -0.507064323404 1.02258933477e-18)
(-1.85270351158 -0.522593820525 -3.38339070126e-19)
(-1.88145097871 -0.538327149108 8.41008603553e-19)
(-1.91029935519 -0.554147660355 2.64058469862e-18)
(-1.93927431774 -0.570110548776 5.0514673936e-18)
(-1.96863164801 -0.586251909119 1.68429080698e-18)
(-1.9979641284 -0.602442154283 2.65502735107e-18)
(-2.02769046688 -0.61884954599 2.72505847281e-19)
(-2.05761313745 -0.63533985077 2.58025176603e-18)
(-2.0876982115 -0.65196224702 1.54850244643e-18)
(-2.1182464027 -0.668770166553 1.31953179645e-18)
(-2.14878523252 -0.685597324779 2.53951727244e-18)
(-2.17973923377 -0.702638041679 -7.93384222307e-20)
(-2.21094516725 -0.719750855823 6.90352199509e-19)
(-2.24223260242 -0.736942783927 -2.28302856224e-19)
(-2.27399578686 -0.754305280421 1.31348875778e-18)
(-2.30573141986 -0.771633486927 -4.34960939553e-19)
(-2.33785707818 -0.789146926497 5.23932278974e-19)
(-2.37031125993 -0.806717501329 1.74062542399e-18)
(-2.40280223588 -0.824307540862 5.84989833842e-19)
(-2.43581864454 -0.842077119555 1.74827390845e-19)
(-2.4688361568 -0.859773576506 9.42105126263e-20)
(-2.50220369581 -0.877620406601 1.49479295402e-19)
(-2.53597866489 -0.895521317938 2.54081108025e-19)
(-2.56970010861 -0.913356858425 5.78857170177e-20)
(-2.60395465304 -0.931364971998 -1.97613451428e-21)
(-2.63826174048 -0.949261181983 -5.91472457874e-20)
(-2.67283975076 -0.967245689972 -3.43123355438e-19)
(-2.70790221343 -0.9852873399 3.63919164905e-19)
(-2.74283364319 -1.0031723708 2.60673131678e-19)
(-2.77826903611 -1.02120914161 -6.50503151611e-19)
(-2.81383122801 -1.03910723699 -3.13547728152e-19)
(-2.84954895457 -1.05699346689 -1.06291541165e-18)
(-2.88573453277 -1.07490212739 -6.19031526798e-19)
(-2.92169816298 -1.09254596001 1.1301686733e-18)
(-2.95808601933 -1.11029260582 2.25439126871e-18)
(-2.9947707323 -1.12791966477 -8.0986042519e-19)
(-3.03142491838 -1.14540302693 -1.76493107821e-18)
(-3.06865287398 -1.16296052027 1.6989270708e-18)
(-3.10576392256 -1.1802154727 -9.96360227525e-19)
(-3.14319416189 -1.19749301993 2.61442198494e-19)
(-3.18103431485 -1.21465858963 7.92652989894e-19)
(-3.21866905762 -1.2315270261 -1.78930478762e-19)
(-3.25684157908 -1.24845193594 -1.25196042777e-18)
(-3.29500124233 -1.26504048199 -1.91554920944e-18)
(-3.33333243539 -1.28153385433 -2.88231652832e-18)
(-3.37218465449 -1.2979417914 6.50052051422e-19)
(-3.41077509142 -1.31394012775 -1.62839352488e-18)
(-3.44985140101 -1.32995693927 4.27887841423e-18)
(-3.48910507623 -1.3456518405 -4.79869358012e-18)
(-3.52835893834 -1.36109687222 -6.50392012659e-19)
(-3.56823952301 -1.37650339098 1.96589109416e-18)
(-3.60792614484 -1.39144003957 -4.47254139847e-18)
(-3.64800101384 -1.40631919321 9.25287048759e-19)
(-3.68845027177 -1.42092211411 -6.14885679261e-18)
(-3.72867027138 -1.43509115444 3.27319603085e-18)
(-3.76946042077 -1.44920172093 5.7752814433e-18)
(-3.8101321515 -1.462785137 -4.16668953253e-19)
(-3.85101092797 -1.47616994641 -4.00113906496e-18)
(-3.89237877404 -1.48930537039 -3.93755441686e-18)
(-3.93341269042 -1.50186712919 -4.19827697811e-18)
(-3.97495637346 -1.51432793753 5.28424718946e-18)
(-4.0165479465 -1.52626533879 5.49165457583e-18)
(-4.05813224286 -1.53783065978 -2.31475554038e-18)
(-4.10025811235 -1.54916693005 -6.14807416313e-18)
(-4.14203433355 -1.55983054921 -4.59867004743e-19)
(-4.18419515922 -1.57030326727 -1.02938261862e-17)
(-4.22658089809 -1.58028122569 -3.06837720026e-20)
(-4.26871417022 -1.58969109389 5.08301266199e-18)
(-4.31136366209 -1.59886710164 -2.7457981149e-18)
(-4.35370630818 -1.60730504991 4.36909224575e-18)
(-4.39626161864 -1.6154220003 2.16116946775e-18)
(-4.43913562866 -1.6230569472 -4.80725355361e-18)
(-4.4815779812 -1.62996259857 -5.97250976399e-18)
(-4.52446097973 -1.63658916506 -4.50849879248e-20)
(-4.56711231124 -1.64244497307 1.24293010805e-18)
(-4.60978090925 -1.6478286582 8.40054000213e-18)
(-4.65279998429 -1.65273030104 -6.15872663804e-19)
(-4.69528743472 -1.65678540395 1.12228617967e-17)
(-4.73810389408 -1.66048662469 2.81450014081e-18)
(-4.78077016488 -1.66340706933 -2.66650523502e-18)
(-4.8232496199 -1.66569855966 2.53331261821e-18)
(-4.86605368169 -1.66749302913 -7.97844385118e-18)
(-4.90827019307 -1.6683571229 -7.99957009236e-19)
(-4.95066543733 -1.66877093834 -1.33638197713e-17)
(-4.99295566453 -1.66839663608 -2.92130848261e-18)
(-5.03483888008 -1.66724193116 -1.78114292132e-18)
(-5.07695769842 -1.66555523464 -3.36404002835e-18)
(-5.11844566699 -1.66287803924 8.90920040323e-18)
(-5.15994773253 -1.65964877614 -6.466512427e-18)
(-5.20133103045 -1.65561351508 1.27806061757e-17)
(-5.24212151725 -1.65068416837 1.51558197704e-17)
(-5.28302986984 -1.64517283653 1.17341713362e-17)
(-5.32325272136 -1.63862933767 -8.80196825853e-18)
(-5.36331902906 -1.63144142921 -3.76040391327e-18)
(-5.4031948196 -1.62342185696 -5.00099433047e-19)
(-5.44232630922 -1.6144335022 -1.04930422328e-17)
(-5.48142938909 -1.60480769559 9.42143219811e-18)
(-5.51976239257 -1.59412273374 4.45424809957e-19)
(-5.55776898022 -1.58272104739 3.29626790071e-18)
(-5.59545939397 -1.5704573026 -3.43445247758e-18)
(-5.63226329075 -1.55718220058 4.70751626187e-18)
(-5.66886333739 -1.54321726637 -8.37046260983e-18)
(-5.70457283834 -1.52818031875 7.58368103007e-18)
(-5.73978583699 -1.51238051375 3.6718396468e-18)
(-5.77451195809 -1.4956934472 8.79473790655e-18)
(-5.80822354799 -1.47798905836 8.53931757985e-18)
(-5.84154392463 -1.45955745332 -4.29999300128e-18)
(-5.8738263258 -1.4400607934 -1.77025758526e-17)
(-5.90544564664 -1.41978648202 5.36979264148e-20)
(-5.93637344796 -1.39861396312 8.14069518137e-18)
(-5.96617054587 -1.37645508572 -3.82924020765e-20)
(-5.99537569506 -1.35355325075 4.20200971821e-18)
(-6.02338229958 -1.32962194613 2.25447942756e-17)
(-6.05056552517 -1.30493120757 -2.4220011574e-17)
(-6.0768230317 -1.2793543412 -6.87682084532e-18)
(-6.1018414081 -1.25286022055 -5.51383454648e-18)
(-6.12604675955 -1.2256313781 6.39973594604e-18)
(-6.14887071468 -1.19744125196 -5.20069433616e-18)
(-6.17069628821 -1.16854237556 1.40789724876e-18)
(-6.19133876108 -1.13879946018 -5.08709592895e-18)
(-6.21063742137 -1.10824907013 4.75747580582e-19)
(-6.2288950271 -1.07700427426 3.94360827507e-18)
(-6.24560526294 -1.04490697246 -3.27724818975e-18)
(-6.26114001857 -1.01218277965 4.42598678706e-18)
(-6.27525702662 -0.978701215819 4.90088253007e-18)
(-6.28792113492 -0.944554072569 2.26570618053e-18)
(-6.29931294976 -0.909795211926 -2.08073360506e-18)
(-6.3090249418 -0.874336232811 -2.00762209545e-18)
(-6.31738180114 -0.838362968096 3.21270331849e-18)
(-6.32412062313 -0.801769471592 7.52639518106e-19)
(-6.32929629376 -0.764676604329 -1.17842970741e-17)
(-6.33297587893 -0.727099173163 4.43424986338e-18)
(-6.3348837245 -0.689018454941 1.07652348859e-18)
(-6.33519529561 -0.650575932176 2.6724906848e-18)
(-6.33352239759 -0.611687712882 -2.13679268382e-18)
(-6.33004720681 -0.572478189352 -4.01742075364e-18)
(-6.32469002349 -0.532943585084 6.12363643352e-19)
(-6.31734866609 -0.493114990874 -3.35227514027e-19)
(-6.30819028887 -0.453084574141 -1.45830876169e-19)
(-6.29699001418 -0.412831379857 -5.37436635146e-18)
(-6.28391487586 -0.372464707531 -2.17957604913e-18)
(-6.26888826013 -0.331987741963 6.45709434963e-19)
(-6.25189748498 -0.291456903416 -2.4129558383e-18)
(-6.2330595173 -0.250859377486 1.47184109498e-18)
(-6.2119295077 -0.211415335373 -1.01460809236e-18)
(-6.18888085259 -0.172368003399 -2.8641304155e-19)
(-6.16414264177 -0.137943652071 -7.08621651254e-20)
(-6.13844208836 -0.118891691105 6.33228637188e-20)
(-6.1122800362 -0.113125626151 2.54845652944e-23)
(-6.07962364037 -0.0691046709818 -1.94842402598e-19)
(-6.04480809944 -0.0066025288272 -4.18748991906e-20)
(-6.00995476785 0.0475767257021 2.34641407438e-19)
(-5.97369761457 0.0947557091181 3.13469225059e-19)
(-5.93648967171 0.13980004135 1.42722207628e-18)
(-5.89741138547 0.179126181447 -3.1685630907e-18)
(-5.85637075094 0.215908155499 5.02579040266e-19)
(-5.81356388839 0.2515698134 1.36462636996e-18)
(-5.76888237114 0.286519489624 3.89720329501e-19)
(-5.72255781278 0.320774094063 -1.81543249005e-18)
(-5.67450097849 0.354328138403 2.51803337341e-18)
(-5.62475890734 0.387122283444 2.76855770087e-18)
(-5.57352166364 0.419093204798 -3.83252910744e-18)
(-5.52058068087 0.450230958401 7.06341348043e-18)
(-5.46627411221 0.480456470172 -3.10762493866e-18)
(-5.41037932252 0.509776900834 1.89953541665e-18)
(-5.35306249331 0.538134475326 8.68807412712e-19)
(-5.2944194615 0.565499882991 -1.22201623036e-17)
(-5.23424367409 0.591867303061 3.52279539005e-18)
(-5.17298331347 0.617168666038 1.25569951514e-17)
(-5.11026756403 0.641428189135 -6.88100672619e-20)
(-5.04640843513 0.664587843719 1.24135433464e-17)
(-4.98135896343 0.686640510869 -1.82734975842e-19)
(-4.91496342126 0.707578871365 5.5092418057e-18)
(-4.84771728841 0.727351670967 1.23911746647e-18)
(-4.77915292705 0.745991810667 6.39750786797e-18)
(-4.70975156765 0.763455000023 7.85704731938e-18)
(-4.63930758131 0.779747061127 -2.59985896417e-18)
(-4.56777483512 0.794865379375 -5.31760103003e-18)
(-4.49562353993 0.808773526196 -5.47714972071e-18)
(-4.42231755057 0.82150079304 -9.83182205409e-18)
(-4.34847327536 0.833020730987 3.36218455946e-18)
(-4.27370794732 0.843338696821 -6.35358772928e-18)
(-4.19810799141 0.852465630191 6.31159037775e-18)
(-4.12205490852 0.860380273485 1.35533364046e-18)
(-4.04502316874 0.867118383285 3.63251221799e-18)
(-3.9677762078 0.872679774736 -1.34537481358e-17)
(-3.88979746472 0.877063579294 1.17949563457e-18)
(-3.81130325383 0.880300325888 5.5455377742e-18)
(-3.73254032059 0.882355842082 -2.50467602738e-17)
(-3.6529302694 0.883255901596 -1.17568469073e-17)
(-3.57328975104 0.88301671413 -1.24561667307e-18)
(-3.49296047608 0.881619785077 -1.30713435981e-17)
(-3.41228095171 0.879141067313 1.94230660099e-17)
(-3.33145267777 0.875541302157 -2.12510345832e-17)
(-3.24993267971 0.870863796477 3.33600349181e-18)
(-3.16865952722 0.865162713394 1.99036164546e-18)
(-3.08691932726 0.85839509016 2.06082890406e-17)
(-3.00511498044 0.850677596021 -5.67495342099e-18)
(-2.92339719629 0.841941932578 2.3575805487e-18)
(-2.84117120964 0.832229212519 -8.8789215783e-18)
(-2.75941055767 0.821618083936 1.25712218706e-17)
(-2.67730224019 0.810012806885 1.19044459166e-17)
(-2.59523593829 0.797576655278 -2.64895432902e-18)
(-2.51340127895 0.784230879278 -8.54826584693e-18)
(-2.43118848635 0.77003332336 1.83181752385e-17)
(-2.34969843377 0.755131594552 3.63850549479e-18)
(-2.26813589506 0.739380934936 -5.20762607941e-18)
(-2.18687600474 0.722998937652 5.47620957403e-18)
(-2.10621371586 0.705895758497 -9.81413581743e-18)
(-2.02542808866 0.688096632143 -2.97512036146e-17)
(-1.94563458468 0.669821638777 -7.4940094132e-18)
(-1.86613447613 0.651018107982 3.99594035256e-18)
(-1.78687442452 0.631921622452 -9.58674088415e-18)
(-1.70840267887 0.612103619257 -2.71468820343e-17)
(-1.62938929148 0.591543125256 1.09597367529e-17)
(-1.55042938659 0.570405407032 2.38971293052e-17)
(-1.47152657661 0.54852359642 -2.82965797264e-17)
(-1.39325655087 0.526433287113 -5.73259215297e-19)
(-1.31681105987 0.504212260509 -7.59863078608e-18)
(-1.24155829467 0.481948060912 3.78779509955e-17)
(-1.16865612865 0.460078811561 -2.01680067324e-17)
(-1.0975367309 0.438186709081 2.77875357955e-18)
(-1.02790164049 0.416473093998 1.64296245619e-17)
(-0.960703841195 0.395085218334 -1.44219095448e-17)
(-0.894812563781 0.373711812674 -8.01284410553e-18)
(-0.831095170239 0.352862227564 2.21391635897e-18)
(-0.769350299305 0.332225828986 2.68560425401e-17)
(-0.709110158589 0.311950658306 -5.56670300918e-18)
(-0.651581336792 0.292359245777 1.38393541645e-17)
(-0.59565862851 0.272990140536 -2.61054240844e-17)
(-0.541923548251 0.254358329571 -4.57706823764e-18)
(-0.490525384578 0.236241702885 2.92385488952e-18)
(-0.440674122734 0.218593785746 5.84573545858e-18)
(-0.393554524213 0.201933918711 2.4812787899e-17)
(-0.348263262517 0.186027188064 -2.35555218753e-17)
(-0.305541288498 0.171336801533 -6.98185710707e-18)
(-0.266107150118 0.157333438109 -7.01111553851e-18)
(-0.228501358091 0.14387203871 -2.62855073518e-17)
(-0.193887847825 0.131636715 -2.0485436085e-17)
(-0.161836800532 0.120174091874 1.62772947115e-17)
(-0.132428044122 0.109853022304 -3.23614115849e-17)
(-0.107015151738 0.101008932749 -1.01117893161e-17)
(-0.0846752926634 0.0931082520073 -2.87033792077e-17)
(-0.0664731844645 0.0867533031425 -2.6803604021e-17)
(-0.052372741257 0.081470336049 -1.05714914049e-17)
(-0.0418658248657 0.0772729984037 1.88844310542e-17)
(-0.035551499046 0.074201819811 2.56833653542e-17)
(-0.0316016324103 0.0712853650929 -2.87698787884e-18)
(-0.029596640725 0.0686629396821 1.74151744716e-17)
(-0.028231752217 0.0655143262191 1.72210486318e-17)
(-0.0251839794186 0.0611117553164 -1.58536081176e-17)
(-0.0194724363786 0.0547093723833 1.44701407148e-17)
(-0.00864388940226 0.0445869618428 2.12426933077e-17)
(0.00914101762754 0.0312402157381 -3.19348241402e-17)
(0.0342626363327 0.0163402320431 -7.3440029951e-18)
(0.0675592316262 -0.0007703998644 -2.81992439675e-17)
(0.106860708076 -0.0188322623103 -1.29682501741e-17)
(0.152331938928 -0.0391417148438 -7.6352424429e-18)
(0.202299845762 -0.0604460953074 1.29704515174e-17)
(0.253536483464 -0.0796254884159 4.82609069209e-19)
(0.304739936593 -0.0975239212455 -1.93159091048e-18)
(0.353542697018 -0.113832676952 2.74967771419e-19)
(0.398817769156 -0.128400824888 1.49693325813e-17)
(0.439914948791 -0.141136169222 -5.67024266449e-18)
(0.476224341771 -0.151996019019 1.12417716754e-17)
(0.507766899223 -0.161211073739 2.43826024133e-18)
(0.534579974144 -0.168567914289 3.40494008797e-18)
(0.556791037871 -0.174248903903 -8.94868818931e-18)
(0.574772044703 -0.178452213939 -1.32846110016e-17)
(0.588693714317 -0.181192626773 3.37995592174e-19)
(0.598977300452 -0.182757604297 -4.29568520549e-18)
(0.605960176938 -0.183196770752 1.47364205362e-17)
(0.60989358598 -0.18263075932 4.60019224315e-18)
(0.611267334038 -0.181219152807 -6.03190839276e-18)
(0.610257795362 -0.178888304827 5.92742489691e-18)
(0.60706575194 -0.175892740482 2.37284704861e-18)
(0.601844143229 -0.172253749063 3.07279558021e-18)
(0.594694932338 -0.167970413695 -6.49684216409e-18)
(0.585885121614 -0.163231092554 1.62190238571e-18)
(0.57547511571 -0.158007469923 -2.55727843239e-18)
(0.563601343682 -0.152503574299 -1.60275074933e-18)
(0.55045720334 -0.146702983908 -1.73121884998e-18)
(0.536108571292 -0.140548667123 -2.46191030889e-18)
(0.520760878618 -0.13419623752 2.17137028668e-18)
(0.504476976483 -0.127589739092 -2.07391126493e-19)
(0.487331018154 -0.12080724996 -6.74064946111e-19)
(0.469494163546 -0.113919302945 -1.69969225652e-19)
(0.450933758585 -0.106871994107 1.985997661e-20)
(0.431838517399 -0.0998092160807 -7.64886134936e-19)
(0.412232832366 -0.0926740319166 -1.50516952408e-20)
(0.392152316343 -0.0855160186624 3.74188091534e-19)
(0.371763621578 -0.0784100238226 -3.63206828312e-19)
(0.35098354665 -0.0712809896578 -3.31819975226e-19)
(0.32996913769 -0.0642605954883 -1.6299895068e-18)
(0.308729592472 -0.0573021824635 1.47988356677e-18)
(0.287205544739 -0.0504395464277 -1.72357945733e-18)
(0.265596118576 -0.0437499849572 7.21765279505e-19)
(0.243744227307 -0.0369566077372 1.36036089343e-18)
(0.221950380595 -0.0298030720365 -1.83657615682e-18)
(0.200035722212 -0.0229846352246 2.59114831172e-18)
(0.177196124683 -0.0165492555887 -5.20934133143e-18)
(0.15467780354 -0.0105105760885 2.71546118588e-18)
(0.132399841735 -0.00484496679716 2.72794253652e-18)
(0.109916259194 0.000538117434817 7.0632736798e-18)
(0.0873833605747 0.00616757111617 2.11917537636e-19)
(0.0652426734173 0.0115935089741 5.95793304698e-18)
(0.042954017331 0.0169532155895 5.95168707674e-18)
(0.0204125205631 0.0221688807773 -1.50962926384e-17)
(-0.00286456837859 0.0265819249561 -6.20199450086e-18)
(-0.0259039728578 0.0299986054598 5.74185224132e-18)
(-0.0489339901752 0.033541107902 -2.28848540177e-18)
(-0.0718804642258 0.037149041463 2.16756632883e-18)
(-0.0950923148773 0.0406572007219 -7.73754612917e-18)
(-0.118326091919 0.0438781583001 -1.70311467607e-17)
(-0.141597494264 0.0471106028859 6.91114912309e-18)
(-0.16521923736 0.0503390820468 9.71423524593e-19)
(-0.188843181674 0.0532039756201 7.43181922021e-18)
(-0.212662311132 0.0558328020098 -4.8432371299e-19)
(-0.23657399156 0.0582268734389 8.8598621688e-19)
(-0.260651128359 0.0604496904472 -2.372071956e-18)
(-0.284986467284 0.0624780533146 -3.33229525937e-18)
(-0.309464260361 0.0642894166289 -6.00889335215e-19)
(-0.33426408326 0.0659190679444 1.35397737426e-18)
(-0.359277883504 0.0673134722641 6.5844664241e-19)
(-0.384586838225 0.0685081846412 -2.03042176451e-18)
(-0.410234425688 0.0694749492563 -7.13793087549e-18)
(-0.436163455081 0.0702101286531 -2.72787670256e-18)
(-0.462518568444 0.0707229573672 -9.55775891694e-19)
(-0.489218727986 0.0709828726129 -5.53671916142e-18)
(-0.51635640356 0.0710083633714 -7.41276656363e-19)
(-0.543949171211 0.0707745953642 -1.85252268648e-18)
(-0.571989342438 0.0702816093927 -1.07449668079e-18)
(-0.600596302941 0.069534740614 -2.1835322995e-18)
(-0.62969365382 0.0684454414381 -8.95641294972e-19)
(-0.659464108478 0.0674926589803 -6.06390668201e-19)
(-0.689552981585 0.0648177899987 1.14838038953e-18)
(-0.720519310416 0.0689521412541 -9.08388626083e-25)
(-0.752857868514 0.0642300694618 1.77252420998e-20)
(-0.785817079753 0.0600433041451 -5.78678651843e-19)
(-0.819447442886 0.0565683047946 -2.86441530531e-18)
(-0.853953052192 0.0532242838278 -4.67964250437e-20)
(-0.889500300313 0.0496847806016 7.22630899078e-19)
(-0.92621112963 0.0458179300387 2.25002817129e-19)
(-0.964265460026 0.0415919786199 -1.87849741169e-19)
(-1.00376633476 0.0369731078572 2.65027526376e-19)
(-1.04516857097 0.0319753200808 3.53814675222e-19)
(-1.08900383004 0.0266373726157 4.28534414375e-19)
(-1.14764201299 0.0200764357603 -1.30964655379e-19)
(-1.19528937482 0.0148451826521 5.06671014554e-20)
(-1.25379184133 0.0105240703393 5.26303894555e-22)
(-1.31701906731 0.00638647584546 -3.23991432051e-22)
(-1.36635214309 0.00460024061252 -1.4284793286e-22)
(-1.40685201652 0.00371176946913 -7.41389745461e-22)
(-1.44244791268 0.0031095802065 -6.82572110025e-22)
(-1.47393094079 0.0026628164745 -2.51618868823e-22)
(-1.50169100808 0.00231806354647 1.03688952164e-22)
(-1.52631923914 0.00203334980034 -1.53509283747e-22)
(-1.54830289414 0.00178198517374 4.54830061958e-22)
(-1.56793529865 0.00152321451346 -3.10336724683e-22)
(-1.58494599202 0.0012476081805 1.35609085564e-24)
(-1.59954421337 0.000992627113975 -1.90474349672e-22)
(-1.61205869554 0.000775303267696 3.6017731499e-23)
(-1.62279404827 0.000597031696407 1.62104683333e-22)
(-1.63200620349 0.000452159875713 -2.53242349192e-22)
(-1.63989257546 0.000334240524249 2.82868691157e-22)
(-1.64662178241 0.000240629726238 1.43695219664e-22)
(-1.65235280686 0.000167285822217 1.35538040817e-22)
(-1.6572311502 0.000108161162248 -1.47665279539e-22)
(-1.66136824 5.64827492053e-05 -2.22964693345e-22)
(-1.6648583911 1.51879105882e-05 2.79881041339e-22)
(-1.66771984479 2.81803517753e-07 7.33531309363e-23)
(-1.66993727348 -4.36844435875e-06 -1.73431450165e-22)
(-1.67162150079 -1.8402798206e-05 -6.95679234383e-24)
(-1.67286870587 -3.4033618508e-05 -1.1876857303e-23)
(-1.67374763426 -4.87556639839e-05 1.49388291773e-22)
(-1.67431184624 -6.22099115389e-05 6.30778508341e-23)
(-1.67459718886 -7.58533823623e-05 8.04672729672e-23)
(-1.67460732731 -8.89978286752e-05 6.62397150836e-23)
(-1.67433905428 -0.000105643745997 7.7878861754e-24)
(-1.67380050003 -0.000128804903356 -1.01821928709e-22)
(-1.67301461206 -0.000149907181604 -2.61232518111e-23)
(-1.67198746749 -0.000169495173495 -8.31514671948e-23)
(-1.67072399207 -0.000187491301154 -4.05293099827e-23)
(-1.66925086463 -0.000204804673655 -1.1152678241e-23)
(-1.66759446959 -0.000220994193289 1.00910552432e-23)
(-1.66577374876 -0.000234717370044 -2.61207931607e-23)
(-1.66380364921 -0.000245538558143 -9.23933413165e-23)
(-1.66169855162 -0.000257807094061 -1.02619012478e-23)
(-1.65946886264 -0.000268495807998 -7.17795309789e-23)
(-1.6571225443 -0.000278070229231 7.66972003559e-23)
(-1.65466543703 -0.000287118763345 5.53674583271e-23)
(-1.65210168015 -0.000295979971303 -4.74505660186e-23)
(-1.6494337377 -0.000305074063029 8.03670384634e-24)
(-1.64666090596 -0.000314834510444 -5.43991849456e-24)
(-1.6437785707 -0.000325675508861 -1.75769595923e-23)
(-1.64078190243 -0.000337535267372 5.7390116029e-23)
(-1.63767023826 -0.000349831171449 -3.67131522438e-24)
(-1.63444915373 -0.000361906437978 -3.23602368135e-23)
(-1.63112554854 -0.00037352385041 -6.04576721639e-24)
(-1.62770377713 -0.000384892053919 2.94590502828e-23)
(-1.62418689479 -0.000396089995294 -9.29695339934e-24)
(-1.62057812304 -0.000407192947964 -3.09265701194e-23)
(-1.61687892627 -0.000418295148997 7.8325739054e-24)
(-1.61309170808 -0.000429308416365 8.56155279015e-24)
(-1.60921866213 -0.000440302493775 1.61292904751e-24)
(-1.60526170787 -0.000451385816705 -1.52554321874e-24)
(-1.60122184155 -0.000462503501616 2.49391721178e-24)
(-1.59710070075 -0.000473596174877 -8.06505011395e-25)
(-1.59289979765 -0.000484621198251 -2.89523926851e-24)
(-1.58862165522 -0.000495485514717 6.70058061639e-24)
(-1.58426841761 -0.000506133007051 -5.82872219666e-24)
(-1.57984304161 -0.000516508777695 -1.16116943304e-23)
(-1.57534800377 -0.000526593719008 1.55851740491e-23)
(-1.57078604225 -0.000536405368811 6.5879732292e-25)
(-1.56615929756 -0.000545926182062 -1.46385862684e-23)
(-1.5614701956 -0.000555169063842 1.14392423616e-23)
(-1.55672053154 -0.000564109131805 4.91586913756e-24)
(-1.55191205998 -0.000572813963246 -3.62191637365e-23)
(-1.54704587016 -0.000581322123246 1.09477949167e-23)
(-1.5421225574 -0.000589621541665 7.30471751491e-24)
(-1.53714279288 -0.000597473768189 -2.01096161009e-23)
(-1.53210787204 -0.000605059619827 7.84836119124e-23)
(-1.5270156473 -0.000612725738107 2.99624327086e-23)
(-1.52186068821 -0.000620764904587 -3.94037334801e-23)
(-1.51663853448 -0.000628840636566 3.90598285919e-23)
(-1.51134796059 -0.000636605104722 8.26276561676e-23)
(-1.50599101462 -0.000643619300214 6.3825918216e-23)
(-1.50057015198 -0.000649937600057 -4.01316653526e-23)
(-1.49508892348 -0.000655376737979 -5.73550973107e-23)
(-1.48955169218 -0.000659881756542 -6.63642240028e-23)
(-1.48396502099 -0.00066298158712 5.99080803847e-23)
(-1.47833473598 -0.000664683103393 1.16298154097e-23)
(-1.47266796604 -0.000664807432654 -1.69885231555e-23)
(-1.46697040077 -0.000663683822891 -7.14501119118e-23)
(-1.46124897228 -0.000661128660483 -3.04713856608e-23)
(-1.45550776052 -0.000657713366288 2.45798653966e-23)
(-1.44975208026 -0.00065361948393 2.48319149354e-23)
(-1.4439841734 -0.000649517016198 -8.08269129974e-23)
(-1.43820834416 -0.000645224987141 -3.88393738736e-23)
(-1.4324258678 -0.000641525033406 1.36673067602e-23)
(-1.42664185904 -0.000637629528696 -7.90658004559e-24)
(-1.42085962336 -0.000633544982007 -1.60767858203e-23)
(-1.415090278 -0.000628513165498 -3.0050106482e-23)
(-1.40934617596 -0.000622733279946 -2.62786918315e-23)
(-1.40364366038 -0.000615229383057 -6.41450145513e-23)
(-1.39799453933 -0.000605957185501 3.08083181844e-23)
(-1.3924162673 -0.000594510204464 7.03588415529e-25)
(-1.38692265544 -0.000582625715777 3.95130885754e-23)
(-1.38153111918 -0.000569977264287 4.46237700795e-23)
(-1.37625562389 -0.000557057377057 -1.48708433873e-22)
(-1.37111553938 -0.000543796950003 4.25377400919e-23)
(-1.36612559704 -0.000529864717997 1.39318644017e-22)
(-1.36130582089 -0.000513602574387 4.86748139668e-23)
(-1.3566730945 -0.000495897365012 6.34244165496e-23)
(-1.35225299655 -0.000475734430812 9.09608226397e-24)
(-1.34807092056 -0.000454066975116 1.07238672062e-22)
(-1.34415478472 -0.000429448298957 -5.66345126041e-23)
(-1.34052593733 -0.000396414565096 -6.91560806352e-24)
(-1.33720669318 -0.000346356038257 -7.23955641499e-23)
(-1.33419854317 -0.000291128251107 -1.31070610855e-22)
(-1.33154066485 -0.000241993270828 1.50039570285e-22)
(-1.32926040234 -0.00019498279538 1.24717468091e-23)
(-1.32738219836 -0.000148401835333 -5.84465238633e-23)
(-1.3258955705 -0.000105348124366 1.02785955577e-22)
(-1.32477953385 -6.56791231915e-05 -1.4170889601e-22)
(-1.32407716972 -2.01331540821e-05 9.40421687204e-23)
(-1.32382826707 2.52360532052e-05 -1.08446370002e-22)
(-1.32405480391 5.73503929728e-05 -9.67970529031e-23)
(-1.32468652481 9.2363226882e-05 -1.21181753127e-22)
(-1.32579895298 0.000136068523789 -1.49277184184e-23)
(-1.32743479793 0.000188363521875 -1.80382002859e-22)
(-1.32913515731 0.000323968173492 -1.29317501553e-22)
(-1.33219192836 0.000328579578084 3.7838569952e-23)
(-1.334699901 0.000280251542926 -7.38915753615e-23)
(-1.3379593845 0.000301026753598 1.53995921896e-22)
(-1.34169973947 0.000322405562102 1.51818837572e-22)
(-1.34595506355 0.000351810001985 -7.88679423116e-23)
(-1.35076432818 0.000391205699511 -3.62206366255e-23)
(-1.35615492629 0.000441132497554 1.44094404507e-22)
(-1.36215416949 0.000501863718567 1.64651876112e-22)
(-1.3687762805 0.000573152834948 9.12025964912e-23)
(-1.37603567299 0.000654541265817 -1.0531206098e-22)
(-1.38393732451 0.0007449967565 -9.88697502574e-24)
(-1.39247570171 0.000842840803005 -4.24351932996e-23)
(-1.40163166773 0.000945783900882 -6.06538204306e-23)
(-1.41137055411 0.00105100771709 1.02483481686e-22)
(-1.42164176479 0.00115516038541 -6.79841123479e-23)
(-1.43237953075 0.001254719073 6.39274165479e-23)
(-1.44350600079 0.00134625126023 -2.84323590057e-23)
(-1.45493578729 0.00142674507249 -7.02697260392e-23)
(-1.46658077966 0.00149427466889 9.1538321237e-23)
(-1.47835354585 0.00154808348253 -2.17132753279e-22)
(-1.4901699618 0.0015878465919 1.56912098632e-22)
(-1.50195061515 0.00161349581932 8.52465485388e-23)
(-1.5136225784 0.00162535240036 5.76897748913e-23)
(-1.52512176281 0.00162445286292 -1.93086269036e-24)
(-1.53639548203 0.00161234819888 -9.78656626004e-23)
(-1.54740221982 0.00159088508069 1.096633553e-22)
(-1.55810921368 0.00156173072473 -6.93230081443e-23)
(-1.56848828122 0.00152677354346 2.82841935605e-23)
(-1.57851446617 0.00148774796849 -5.67785780067e-23)
(-1.58816967718 0.00144812918937 -6.7217949579e-23)
(-1.59743556577 0.0014063138951 1.72079590607e-23)
(-1.60631643132 0.00135869544497 5.11454085708e-24)
(-1.61482242738 0.00130767553696 -1.51828667947e-23)
(-1.62296746608 0.00125580854593 1.09565286288e-23)
(-1.63077025751 0.00120473707014 -3.12254660697e-23)
(-1.63825404168 0.00115549560047 -2.29887471517e-24)
(-1.64544277989 0.00110875875757 1.62549128078e-23)
(-1.65236061292 0.00106500684757 1.56414470157e-23)
(-1.65903195005 0.00102453891345 3.74427926088e-23)
(-1.66548065724 0.000987394110518 2.82577862625e-23)
(-1.67172902009 0.000953376410027 1.2382928088e-23)
(-1.6777975192 0.000922248616299 6.05650485923e-23)
(-1.68370519227 0.000893863772561 5.15342364075e-23)
(-1.68947021778 0.000868123632854 -1.57804171749e-23)
(-1.69511005858 0.000844953207198 2.91725572702e-23)
(-1.70064142922 0.000824269718273 1.83322231951e-23)
(-1.70608009875 0.000805961161367 -1.95007894195e-23)
(-1.71144074682 0.000789889314837 -6.08950929836e-24)
(-1.71673690811 0.000775906091015 -7.98142538429e-24)
(-1.7219810503 0.000763872752006 -2.02442031374e-23)
(-1.72718465024 0.000753658079694 4.18982375198e-23)
(-1.73235828752 0.000745140857197 2.24155311924e-23)
(-1.73751167459 0.000738204759402 -2.65588856407e-23)
(-1.7426536832 0.000732733079675 -9.09074340741e-24)
(-1.74779230889 0.000728603994195 8.94565302885e-24)
(-1.75293470839 0.000725694559839 1.36229573881e-23)
(-1.75808723301 0.000723893779158 -6.61725631548e-24)
(-1.76325551345 0.000723103304712 8.47119783963e-24)
(-1.76844451363 0.000723240033702 -5.53677227447e-24)
(-1.77365855766 0.000724225239109 -4.88693251851e-23)
(-1.77890128428 0.000725966375142 -9.84594746493e-25)
(-1.78417557098 0.000728348441185 4.12293348861e-23)
(-1.78948356271 0.00073124968341 -2.09087735476e-23)
(-1.79482693612 0.000734586415004 -1.01643391802e-23)
(-1.8002072508 0.000738332920037 -1.14745766839e-23)
(-1.80562597172 0.000742479006372 -1.0575784735e-23)
(-1.81108400215 0.000746945305715 -3.89375138597e-24)
(-1.81658122438 0.000751570449192 -2.01418282055e-23)
(-1.82211645068 0.000756192340776 -3.30284767052e-24)
(-1.82768772755 0.000760694490034 -2.85815547733e-23)
(-1.8332925927 0.000764997187399 1.91023500721e-24)
(-1.83892820083 0.000769038920052 1.04192659727e-24)
(-1.84459138123 0.000772770813236 2.72661281039e-23)
(-1.85027866698 0.000776152821216 9.37594090861e-24)
(-1.85598632099 0.000779152995299 2.54647417234e-23)
(-1.8617103474 0.000781743331695 -2.28352443312e-24)
(-1.86744650016 0.000783891326951 -6.40541562254e-24)
(-1.87319026026 0.00078556213569 1.57507512368e-23)
(-1.87893683055 0.000786722188897 -7.6751876166e-25)
(-1.8846811382 0.000787341317796 3.2562162821e-24)
(-1.89041784462 0.000787387083938 -1.44980857671e-23)
(-1.89614134717 0.000786822544079 4.4099161242e-24)
(-1.90184575645 0.000785609042642 -1.95852174319e-23)
(-1.9075249003 0.00078370503487 9.85831081173e-24)
(-1.91317232632 0.000781067754634 -1.43914801783e-24)
(-1.91878131974 0.000777654327894 -5.07377406196e-24)
(-1.92434493522 0.000773429910566 3.2365698898e-24)
(-1.92985605043 0.00076836660716 6.84664713679e-25)
(-1.93530743047 0.000762442193781 -1.35934643148e-23)
(-1.94069175932 0.000755634898962 -1.08870539959e-23)
(-1.9460016607 0.000747915090515 2.65284164108e-24)
(-1.95122970605 0.000739240234588 1.66668381452e-24)
(-1.95636849264 0.000729560118536 2.3092810651e-24)
(-1.96141085312 0.000718839723119 -7.59029127135e-24)
(-1.96635018526 0.000707088349983 -3.14661619424e-24)
(-1.97118069928 0.000694362156565 8.45290434578e-24)
(-1.97589726551 0.000680726058756 -4.2214325543e-24)
(-1.98049528182 0.00066622459518 7.44181002371e-25)
(-1.98497087411 0.00065095125422 -2.79706103212e-26)
(-1.98932110709 0.000635057289226 1.50732419356e-24)
(-1.99354390735 0.00061866347145 -1.92662920384e-24)
(-1.997637698 0.000601837240836 2.860182867e-24)
(-2.00160117452 0.000584617939427 2.36867776304e-24)
(-2.00543325583 0.000567037500382 7.53838089641e-25)
(-2.00913310882 0.00054913517926 -3.332062829e-24)
(-2.01270027343 0.000530978282561 1.09387946281e-24)
(-2.01613485169 0.000512670681467 -2.659413575e-24)
(-2.0194375567 0.000494330137915 4.49842807252e-24)
(-2.02260962892 0.000476050800504 -2.70339185421e-24)
(-2.02565268055 0.000457878429634 1.43439602536e-24)
(-2.02856830188 0.000439765251085 -2.60652465644e-24)
(-2.03135790255 0.000421606746435 2.07330776651e-24)
(-2.03402317673 0.000403396746311 -7.94796894765e-25)
(-2.03656643214 0.000385229398282 3.63433155537e-26)
(-2.03899092266 0.000367233230093 4.9684623771e-25)
(-2.04130039024 0.000349462403615 1.34304285265e-24)
(-2.04349919108 0.000332143701513 -2.1449995441e-24)
(-2.04559177535 0.000315371187695 3.34258491137e-24)
(-2.0475829657 0.000299390819022 -3.45573284378e-24)
(-2.04947847194 0.000284214710731 2.70875817719e-24)
(-2.05128485315 0.000269676112077 -2.23844661043e-24)
(-2.0530075358 0.000255723723676 3.81216277653e-25)
(-2.05465083858 0.000242566383937 7.56286986021e-25)
(-2.05622056336 0.000230585560162 -6.94986690703e-25)
(-2.05772424557 0.000220126605435 -2.75563463029e-25)
(-2.0591699911 0.000211315519564 3.32854273885e-25)
(-2.06056491165 0.00020399557018 6.52860227063e-25)
(-2.06191406095 0.000197801730154 2.72627871674e-25)
(-2.06322018976 0.000192294763221 -1.10465415081e-24)
(-2.06448413028 0.000187112352355 2.84035580148e-25)
(-2.0657056123 0.00018203084391 8.38378829302e-25)
(-2.0668839506 0.000176912636155 -5.16415967372e-25)
(-2.06801829496 0.000171655667806 -2.07037555269e-25)
(-2.06910779178 0.000166184880392 9.58513670964e-26)
(-2.07015165459 0.000160444222539 -1.81236857834e-25)
(-2.07114905008 0.000154375042887 2.06754103282e-25)
(-2.07209920705 0.000147965089466 3.97740375105e-25)
(-2.07300190772 0.000141322880751 -3.75637088471e-25)
(-2.07385792229 0.00013463569992 1.64580336929e-25)
(-2.07466900597 0.000128078912512 -1.4597400471e-25)
(-2.07543749943 0.00012176180079 -7.4887536068e-26)
(-2.07616578312 0.000115702897179 9.02231591663e-26)
(-2.07685590001 0.000109856714761 7.86732974698e-26)
(-2.07750943828 0.000104159733029 -1.09354446538e-25)
(-2.07812758371 9.85714670846e-05 -5.33596039406e-26)
(-2.07871121807 9.30742058444e-05 2.19334878443e-25)
(-2.0792609285 8.76389920337e-05 -5.78962691982e-26)
(-2.07977677089 8.21923547371e-05 -7.88397857121e-26)
(-2.08025802181 7.65948470153e-05 7.47089017603e-26)
(-2.08070231707 7.05677906575e-05 -5.30046002847e-26)
(-2.08110588105 6.38198275124e-05 1.32878141707e-26)
(-2.08146088041 5.56728726891e-05 2.82963110887e-26)
(-2.08176039051 4.62322654314e-05 -4.26964020287e-26)
(-2.08198474293 3.32760661029e-05 -3.03470881876e-27)
(-2.08213578414 2.14295705875e-05 7.83795485959e-27)
(-2.08214672975 -2.49238667864e-06 7.93803505357e-26)
(-2.08209219863 -6.31725266369e-06 -7.78821657262e-26)
)
;
    }
    topWall
    {
        type            calculated;
        value           nonuniform List<vector> 
1020
(
(5.33478091506e-07 -7.62325737029e-07 5.60971948315e-27)
(5.31873674887e-07 -2.72223606255e-06 -4.36102830284e-27)
(5.30029799877e-07 -4.83064836719e-06 -2.31318747244e-29)
(5.27977697387e-07 -6.81676996601e-06 3.77748782997e-28)
(5.25456067942e-07 -8.72869381123e-06 -5.37746548597e-28)
(5.22427356134e-07 -1.06260722905e-05 1.59117331434e-28)
(5.18931955854e-07 -1.25257534437e-05 -3.41803875367e-28)
(5.14969848647e-07 -1.44159077056e-05 2.36517397508e-28)
(5.1053735069e-07 -1.62874903747e-05 -2.54385259836e-27)
(5.05642311758e-07 -1.81396130755e-05 4.72748126176e-27)
(5.00296578023e-07 -1.99727659121e-05 1.39140547101e-27)
(4.945109471e-07 -2.1785669894e-05 -3.95547587084e-27)
(4.88296612019e-07 -2.35762490949e-05 2.42484155576e-27)
(4.81666397631e-07 -2.53427499226e-05 -2.61998259819e-27)
(4.74634306904e-07 -2.70837610174e-05 1.62360111675e-27)
(4.67214766489e-07 -2.87979242288e-05 -1.77266942068e-27)
(4.59422771201e-07 -3.04838575075e-05 4.66074371147e-28)
(4.51274115913e-07 -3.21402208517e-05 -1.01940960683e-26)
(4.42785363485e-07 -3.37657471835e-05 7.08911994692e-27)
(4.33973152354e-07 -3.53592315566e-05 1.52406179367e-26)
(4.2485401538e-07 -3.69195276812e-05 -3.36302537422e-27)
(4.154445541e-07 -3.84455611495e-05 -3.7752581615e-27)
(4.05762059733e-07 -3.99363122267e-05 -3.99839597776e-27)
(3.95824356813e-07 -4.13908364695e-05 7.18243294247e-28)
(3.85649272019e-07 -4.28082382636e-05 9.62154880187e-27)
(3.75253947023e-07 -4.41876853004e-05 -9.70432561619e-27)
(3.64654937528e-07 -4.55284045071e-05 1.02039835805e-26)
(3.53868659253e-07 -4.68296936763e-05 -1.42086880743e-26)
(3.42912050772e-07 -4.80909208586e-05 -5.18003573883e-27)
(3.31802133305e-07 -4.93115216136e-05 4.84373062791e-27)
(3.20555524769e-07 -5.04909775691e-05 1.12860315725e-26)
(3.09187767562e-07 -5.16288197841e-05 9.26047476834e-28)
(2.97713685062e-07 -5.27246160247e-05 -5.2679855737e-27)
(2.86147674818e-07 -5.37780102443e-05 -1.66615803413e-26)
(2.74504070946e-07 -5.4788711094e-05 5.34673087146e-27)
(2.62796983489e-07 -5.57564931505e-05 5.54945141062e-27)
(2.51040183736e-07 -5.66811760117e-05 -1.7639844229e-26)
(2.39246673335e-07 -5.75626257229e-05 5.55727839055e-27)
(2.27428641898e-07 -5.84007168769e-05 7.77532914361e-27)
(2.15597283979e-07 -5.91953688762e-05 3.25118520552e-26)
(2.03763378359e-07 -5.99465368168e-05 6.41991795566e-27)
(1.91937229425e-07 -6.06542468238e-05 -6.00599777229e-27)
(1.80128925381e-07 -6.13185684485e-05 -6.02239177829e-27)
(1.6834796736e-07 -6.19396249319e-05 -1.89656578779e-26)
(1.56603348062e-07 -6.25175558174e-05 6.35571728112e-27)
(1.44903340649e-07 -6.30525237612e-05 -1.94307712054e-26)
(1.33255589781e-07 -6.35446959935e-05 -6.76340084177e-27)
(1.21666949031e-07 -6.39942681282e-05 6.35473118162e-27)
(1.10143805738e-07 -6.44014421937e-05 -1.99636060068e-26)
(9.86919105486e-08 -6.47664767025e-05 -6.82218646182e-27)
(8.73167882763e-08 -6.50896533456e-05 4.87317808008e-26)
(7.60235591171e-08 -6.53712951123e-05 -2.01199844357e-26)
(6.48172101936e-08 -6.56117321688e-05 3.5731088365e-26)
(5.37021998387e-08 -6.5811319166e-05 -6.81552588741e-27)
(4.26824659624e-08 -6.59703952519e-05 -2.01253089084e-26)
(3.1761191043e-08 -6.60893235866e-05 6.6703552194e-27)
(2.09412248524e-08 -6.61684460622e-05 -6.9152194105e-27)
(1.02250005545e-08 -6.62081311756e-05 -6.77045800404e-27)
(-3.85182848895e-10 -6.6208751971e-05 -6.91999743698e-27)
(-1.08875127654e-08 -6.61707074827e-05 2.254989387e-26)
(-2.12801369731e-08 -6.60944029426e-05 -6.75856676617e-27)
(-3.15613855745e-08 -6.5980267574e-05 3.58382423882e-26)
(-4.17296387041e-08 -6.58287221059e-05 -3.60689052025e-26)
(-5.17838164698e-08 -6.56402087919e-05 2.23233316909e-26)
(-6.17232180103e-08 -6.541514082e-05 6.50254407157e-27)
(-7.15475819299e-08 -6.51539430426e-05 -6.75768500943e-27)
(-8.1256638013e-08 -6.4857021057e-05 -3.32629233883e-26)
(-9.08502373112e-08 -6.45247963555e-05 -3.51432067385e-26)
(-1.00328098025e-07 -6.41576704151e-05 1.17868644772e-25)
(-1.09690319819e-07 -6.37560771879e-05 -6.93954873141e-27)
(-1.18937091247e-07 -6.3320428912e-05 -1.98257758663e-26)
(-1.28068951891e-07 -6.28511616297e-05 -3.4563016685e-26)
(-1.37086344001e-07 -6.23486941298e-05 -6.41957876756e-27)
(-1.45990101615e-07 -6.18134611577e-05 -5.88961266039e-26)
(-1.54781031917e-07 -6.12458707598e-05 4.60838340421e-26)
(-1.63459965325e-07 -6.06463505583e-05 8.6453597923e-26)
(-1.72027501355e-07 -6.00152936971e-05 -3.34207966084e-26)
(-1.80484592494e-07 -5.93531118043e-05 -3.27224095596e-26)
(-1.88832566673e-07 -5.86601844098e-05 -1.80207401841e-26)
(-1.97073294154e-07 -5.79369095903e-05 -3.13475913188e-26)
(-2.05208548994e-07 -5.71836547055e-05 9.30895630632e-26)
(-2.13240204029e-07 -5.64008078522e-05 -5.39928212955e-26)
(-2.21169809831e-07 -5.55887281809e-05 4.11757457799e-26)
(-2.28999173427e-07 -5.47477906379e-05 -4.13927468767e-26)
(-2.36730200781e-07 -5.38783445312e-05 -5.45595478335e-27)
(-2.44365410745e-07 -5.29807517304e-05 -3.93046612322e-26)
(-2.5190759992e-07 -5.20553399802e-05 -4.47583212516e-27)
(-2.59359931606e-07 -5.1102447592e-05 -1.46028014911e-26)
(-2.6672535424e-07 -5.01223753322e-05 5.0975716746e-26)
(-2.74006933575e-07 -4.91154389655e-05 1.09167626864e-26)
(-2.81207756532e-07 -4.80819104948e-05 -9.67153900816e-27)
(-2.88331494957e-07 -4.70220700842e-05 1.34261756876e-26)
(-2.95382028408e-07 -4.59361596394e-05 -4.85971986647e-26)
(-3.02363769761e-07 -4.48244332169e-05 1.36749146441e-26)
(-3.09281340363e-07 -4.36870904886e-05 6.57984014848e-26)
(-3.16139923514e-07 -4.252434509e-05 -4.30165132767e-26)
(-3.22944667457e-07 -4.13363697082e-05 -8.01919357096e-27)
(-3.29700887768e-07 -4.0123327961e-05 5.99859619478e-26)
(-3.36413755741e-07 -3.88853419059e-05 -3.97046426369e-26)
(-3.43088987167e-07 -3.76225334447e-05 2.35931943005e-26)
(-3.49732566829e-07 -3.63349683587e-05 -5.88894638298e-27)
(-3.5635108741e-07 -3.50227146847e-05 -2.28771584447e-26)
(-3.6295106419e-07 -3.36857789659e-05 -4.49453649191e-27)
(-3.69539225061e-07 -3.23241555114e-05 7.18253272139e-27)
(-3.76121809058e-07 -3.09377828853e-05 6.57242957062e-27)
(-3.82705094246e-07 -2.95265915156e-05 -2.72505911831e-26)
(-3.89294347614e-07 -2.80904356694e-05 3.0469854135e-26)
(-3.95895113506e-07 -2.66291639835e-05 6.72316310571e-27)
(-4.02510426689e-07 -2.51425505361e-05 -2.67997455623e-26)
(-4.09143969004e-07 -2.36303575548e-05 5.57324392163e-27)
(-4.15790821202e-07 -2.20922575824e-05 6.25334444452e-27)
(-4.22449535593e-07 -2.05279223639e-05 4.11556641521e-27)
(-4.29124264295e-07 -1.89369272715e-05 -2.98641375264e-27)
(-4.35772467484e-07 -1.73187748434e-05 -1.75837043831e-26)
(-4.42343242459e-07 -1.5672951474e-05 5.571007845e-27)
(-4.48867353611e-07 -1.39988879481e-05 3.8178136271e-27)
(-4.55088529272e-07 -1.22956695241e-05 7.76806633313e-27)
(-4.61262408263e-07 -1.05631974389e-05 2.21013554476e-27)
(-4.66449938989e-07 -8.79790754034e-06 -2.45624100273e-27)
(-4.68596895536e-07 -7.00247253211e-06 -6.31244235891e-27)
(-4.80862689136e-07 -5.17701129854e-06 6.9671378849e-27)
(-4.47986772752e-07 -3.25264458903e-06 -3.33150741329e-27)
(-5.04693610409e-07 -1.4202852939e-06 3.91838927566e-28)
(-5.27253003908e-07 4.43343592055e-07 1.60143865895e-27)
(-5.42198720296e-07 2.43271032127e-06 -2.08973058782e-27)
(-5.53893111977e-07 4.44809147584e-06 -1.50445370749e-27)
(-5.64607193899e-07 6.49032176306e-06 -2.91946124444e-27)
(-5.75989654462e-07 8.5729700176e-06 9.17472496057e-27)
(-5.87930604656e-07 1.06981416144e-05 -2.4621354676e-27)
(-6.00333731237e-07 1.28673883267e-05 1.5542058972e-26)
(-6.13237933537e-07 1.508257826e-05 -1.51204839806e-26)
(-6.26683996126e-07 1.73456081711e-05 -5.01617663444e-27)
(-6.40711984343e-07 1.96584958643e-05 -4.9914404906e-27)
(-6.55359596658e-07 2.20233667557e-05 2.27937069589e-26)
(-6.7066113592e-07 2.44425106248e-05 -1.5148532185e-26)
(-6.86649567339e-07 2.69183415248e-05 4.26093790378e-26)
(-7.03359130265e-07 2.94534389909e-05 -8.52590531885e-26)
(-7.2082656286e-07 3.2050501096e-05 -1.10726165378e-26)
(-7.39092286734e-07 3.47123818079e-05 7.94248141371e-26)
(-7.58199969185e-07 3.74420635915e-05 -6.66596423992e-27)
(-7.78195275722e-07 4.02426965423e-05 -1.05804199634e-26)
(-7.99124204216e-07 4.31175747248e-05 6.79038257244e-26)
(-8.21033360133e-07 4.60701769492e-05 -5.44123787354e-27)
(-8.43970826142e-07 4.91041444412e-05 -1.42001214857e-25)
(-8.67987388808e-07 5.22233219153e-05 -1.63986753071e-26)
(-8.93136530231e-07 5.54317333739e-05 1.27057115187e-25)
(-9.1947459028e-07 5.87336153089e-05 -1.10851634218e-26)
(-9.47060646047e-07 6.2133399163e-05 -7.25820651242e-26)
(-9.75957129721e-07 6.56357595721e-05 1.5823144754e-25)
(-1.0062299278e-06 6.92455841918e-05 -9.55417314681e-27)
(-1.0379486199e-06 7.2968018476e-05 -2.10904529876e-25)
(-1.07118635533e-06 7.68084503848e-05 4.58679836435e-26)
(-1.10601945914e-06 8.07725584029e-05 1.16366219521e-25)
(-1.14252908106e-06 8.48662884853e-05 -1.64683630946e-26)
(-1.18079749696e-06 8.90959100575e-05 -2.42013664186e-26)
(-1.22091085927e-06 9.34679808056e-05 -2.04781317252e-26)
(-1.2630169285e-06 9.79894082316e-05 -2.24933444683e-26)
(-1.30691031568e-06 0.00010266774486 -3.14206714269e-26)
(-1.35290076744e-06 0.000107510435297 -2.71577412433e-26)
(-1.40114504647e-06 0.000112525487001 1.61859029747e-25)
(-1.45177190745e-06 0.000117721391838 -2.317398201e-26)
(-1.50491023009e-06 0.000123107089573 -2.54730955515e-26)
(-1.56069611806e-06 0.000128692012447 -3.64194630166e-26)
(-1.61927442069e-06 0.000134486101983 3.2636737612e-25)
(-1.68080014758e-06 0.00014049986026 -3.99943767467e-25)
(-1.74543891927e-06 0.000146744364666 2.21821925084e-25)
(-1.81336829269e-06 0.000153231330261 -3.86167791996e-26)
(-1.88477837699e-06 0.000159973137641 -3.1732691679e-26)
(-1.95987335513e-06 0.000166982901304 1.14021378018e-25)
(-2.03887235899e-06 0.000174274496027 2.64020158542e-25)
(-2.12201123861e-06 0.000181862640281 -5.03684228334e-25)
(-2.20954378025e-06 0.000189762941776 -5.78758545211e-26)
(-2.30174381097e-06 0.00019799198198 -4.97107654383e-26)
(-2.398906828e-06 0.000206567376693 4.79884385756e-25)
(-2.50135249904e-06 0.000215507871375 -3.49335241278e-26)
(-2.60942682479e-06 0.000224833422619 -3.8552984648e-26)
(-2.72350513693e-06 0.000234565318432 -2.82015319979e-25)
(-2.84399490482e-06 0.000244726263727 -5.69766938541e-26)
(-2.97133950316e-06 0.000255340532401 -7.86954344309e-26)
(-3.10602184175e-06 0.000266434078109 6.37673343572e-25)
(-3.24856912277e-06 0.000278034714502 -4.24884781718e-26)
(-3.39955758862e-06 0.000290172259747 -1.09243937758e-24)
(-3.55961855664e-06 0.000302878744619 7.03868215637e-25)
(-3.72944472829e-06 0.000316188614419 -9.08098468088e-26)
(-3.90979796072e-06 0.000330138980201 -7.71318279331e-26)
(-4.10151768446e-06 0.000344769861382 8.06155666103e-25)
(-4.30553107505e-06 0.000360124515426 -5.12056210547e-26)
(-4.52286438826e-06 0.000376249759983 -5.69952838094e-26)
(-4.75465650146e-06 0.000393196364085 -1.13032902992e-24)
(-5.00217428674e-06 0.000411019481753 -1.18774508878e-25)
(-5.26683103647e-06 0.000429779160991 9.81210112774e-25)
(-5.55020762011e-06 0.000449540898989 -8.78482822953e-26)
(-5.85407789071e-06 0.000470376312475 -1.37367053242e-24)
(-6.18043833819e-06 0.000492363886986 2.00464469849e-24)
(-6.5315438794e-06 0.000515589845977 -7.65590575529e-26)
(-6.90995015108e-06 0.000540149163681 -1.55277097979e-24)
(-7.31856490707e-06 0.0005661467679 -1.66443077464e-25)
(-7.76070976286e-06 0.00059369889192 1.35385724196e-24)
(-8.2401958474e-06 0.000622934745851 -6.76078608893e-25)
(-8.76141611281e-06 0.000653998427619 1.53009175295e-24)
(-9.32945970808e-06 0.000687051245509 -9.14931861549e-26)
(-9.95025398657e-06 0.000722274478255 -1.03333151371e-25)
(-1.06307429056e-05 0.000759872724438 -2.18536760388e-24)
(-1.13791126389e-05 0.000800077953033 -2.41860769384e-25)
(-1.22050802425e-05 0.000843154505985 1.16727289066e-24)
(-1.31202661162e-05 0.000889405235012 5.81746575958e-25)
(-1.41386811906e-05 0.000939179203238 -1.9166701803e-25)
(-1.52773708155e-05 0.000992881355124 -2.80574078486e-25)
(-1.6557278882e-05 0.00105098488598 2.55822395976e-24)
(-1.80044244486e-05 0.00111404715446 -3.15058765142e-24)
(-1.96515294833e-05 0.00118273054752 -1.37391964709e-24)
(-2.15403207669e-05 0.00125783013305 2.86073490804e-24)
(-2.37248220742e-05 0.00134031113821 -2.52325000319e-25)
(-2.62762799668e-05 0.00143136011493 -2.89150263836e-25)
(-2.92903416182e-05 0.00153245826068 2.99268481906e-24)
(-3.28991254963e-05 0.00164548235282 -1.30716394567e-25)
(-3.72873429629e-05 0.00177286943635 -5.06603233275e-24)
(-4.27302570517e-05 0.00191781576108 -6.07876701056e-25)
(-4.96185222283e-05 0.00208476578688 3.86254007841e-24)
(-5.86461965624e-05 0.00227961361072 6.44222328529e-25)
(-7.05893001228e-05 0.00251218548013 -1.53687226186e-24)
(-8.79178735651e-05 0.00279359531941 6.93613005444e-24)
(-0.000111790028564 0.00315668545226 2.60621576424e-25)
(-0.000159228353662 0.00372456364582 -8.80367690534e-24)
(-0.000239362701615 0.00427678406127 1.03862520412e-24)
(-0.00042398809746 0.00595906038028 -9.62866348944e-25)
(-0.000836179390516 0.00599820240549 -1.91283422255e-24)
(-0.0013100295752 0.00209273422177 3.15727072277e-24)
(-0.00165282573802 -0.000255627199003 -2.5299953597e-23)
(-0.00191673568764 -0.00343086311932 1.23097803262e-22)
(-0.00204426568912 -0.00577376453094 -5.21864780727e-23)
(-0.00202162691046 -0.00799599805784 -9.61544381077e-23)
(-0.00171717729712 -0.0090094899635 -9.20558101036e-22)
(-0.001443334618 -0.0093825378124 -9.85467211483e-22)
(-0.00122998160642 -0.00967076840217 -6.27356297058e-22)
(-0.00106357141259 -0.00991266213317 -5.21560910779e-22)
(-0.000924053643998 -0.0101356011505 5.38904828548e-22)
(-0.000822276404721 -0.0103534163593 3.01940029797e-21)
(-0.000691971051038 -0.0105689000659 -1.33742085149e-21)
(-0.000559902130088 -0.0107815095941 -1.49081690631e-21)
(-0.000456981409135 -0.0110063665462 -1.97167813503e-21)
(-0.000394893740834 -0.0112486628747 -5.38130217891e-22)
(-0.000365866417174 -0.0115039764951 6.3745638113e-22)
(-0.000353614958174 -0.0117756119146 1.58237654349e-21)
(-0.00035313844709 -0.0120575045812 -6.21575825651e-22)
(-0.000359062614975 -0.0123622970635 -1.55962212052e-21)
(-0.000370675852638 -0.0126784498785 7.6018746353e-22)
(-0.000387166968376 -0.0130485991762 1.94814799926e-22)
(-0.000415183236046 -0.0134484051689 -1.24963572946e-21)
(-0.000468791848043 -0.0137533854802 3.1982448631e-21)
(-0.000624769962143 -0.0138478900741 -1.92208665427e-21)
(-0.000947204597631 -0.0137154607607 1.14999991733e-22)
(-0.00151142848036 -0.0134798733847 7.92590022751e-22)
(-0.00179724615107 -0.0129544054561 3.18982322039e-21)
(-0.00178103307632 -0.0124009782389 3.36316788979e-22)
(-0.00169792216463 -0.0119915492643 -5.79478527124e-22)
(-0.00158647931772 -0.0117254596499 2.22747626263e-21)
(-0.00146952151506 -0.0115374522408 -4.69855372456e-22)
(-0.00137617990474 -0.0113889323557 8.34252904406e-22)
(-0.0013159508609 -0.0112832602118 7.90745092065e-22)
(-0.0012779705847 -0.0112307994357 2.02523192185e-22)
(-0.00125424556075 -0.0112083283442 -2.12702678775e-21)
(-0.00123763551943 -0.0112056109285 1.37553893432e-21)
(-0.00122766037058 -0.0112040451431 -1.33995586877e-21)
(-0.00121995409678 -0.0112134342753 7.70970176577e-22)
(-0.00121524515107 -0.0112194761679 4.78541894207e-22)
(-0.00121045704966 -0.0112340053687 -1.31452814145e-22)
(-0.0012068963463 -0.0112420257069 1.05877865973e-21)
(-0.00120391855436 -0.0112573126075 3.50535568323e-21)
(-0.00119315830518 -0.0112646828101 2.05404412e-21)
(-0.00117515379611 -0.0112763592649 -6.70606896934e-22)
(-0.00115764533058 -0.0112827301541 2.19344025065e-21)
(-0.00113868079988 -0.0112922107932 9.9880037169e-22)
(-0.00112103590322 -0.0112987992956 7.12903326499e-22)
(-0.00110455217681 -0.0113049984092 -5.00815905017e-22)
(-0.00108807141568 -0.011311062893 -6.33969184551e-22)
(-0.00107304379888 -0.011313417905 6.29712157511e-22)
(-0.0010568726197 -0.0113188777175 9.53676880452e-22)
(-0.00104273370403 -0.0113181146672 -3.60815615469e-22)
(-0.00102713128986 -0.0113227653286 -3.40565285213e-21)
(-0.00101364395026 -0.0113192133957 -3.32034267564e-21)
(-0.000998753403273 -0.0113224515938 5.61989443659e-21)
(-0.000985794549952 -0.0113164539098 2.72880965272e-21)
(-0.000971619900277 -0.0113176855791 -5.33598661574e-21)
(-0.000958545139637 -0.0113098554548 -2.89652735892e-21)
(-0.000944413241023 -0.0113090272706 2.81235358392e-21)
(-0.00093119066351 -0.0113005835281 4.66417053259e-21)
(-0.000917712428577 -0.0112976544572 1.913404312e-21)
(-0.00090443975653 -0.011289165968 -6.67651530952e-22)
(-0.000890766082609 -0.0112833045496 1.30801642045e-20)
(-0.000877170014092 -0.0112745125208 1.19656351235e-20)
(-0.000864358729151 -0.0112643891226 -7.68192836108e-21)
(-0.000852172923894 -0.0112558052798 -3.66825878546e-21)
(-0.000840386928663 -0.0112427161022 -1.14530512886e-20)
(-0.000828822959626 -0.0112342155185 -1.22595160424e-20)
(-0.000817035517881 -0.0112179889777 2.45636923568e-20)
(-0.000805698546678 -0.0112084345202 7.57883634996e-21)
(-0.000793790240501 -0.0111894355275 3.33780417587e-21)
(-0.000782671758439 -0.0111783534606 -1.17831729852e-21)
(-0.000770680694295 -0.0111572565815 8.03615632596e-21)
(-0.000759754140209 -0.0111442088784 2.54358237218e-21)
(-0.00074780776036 -0.0111217568942 -8.83506001555e-21)
(-0.000737040493994 -0.0111064444958 2.13177757087e-20)
(-0.000725305723728 -0.0110833237434 -9.36780570016e-21)
(-0.000714642673836 -0.0110652903766 -8.59381437735e-21)
(-0.000703359751924 -0.0110422612384 -6.50667992803e-22)
(-0.000692756052699 -0.0110212246584 7.76326271857e-21)
(-0.000682200738672 -0.0109988273902 2.9204977256e-21)
(-0.000671740167164 -0.0109744987154 4.7995285741e-21)
(-0.000662202330996 -0.0109527101116 2.63857320407e-20)
(-0.000652152128256 -0.0109256737634 -1.989826657e-20)
(-0.000643721374543 -0.0109040187568 -1.65036720174e-20)
(-0.000634381700928 -0.0108748898476 -1.72295016757e-20)
(-0.00062683669401 -0.0108528983083 -6.54057155824e-20)
(-0.000616451685599 -0.0108221875826 -9.62172771355e-21)
(-0.000606130959835 -0.0107992078262 1.74630059263e-20)
(-0.000592535170284 -0.0107673832895 4.02451724382e-20)
(-0.000578765191813 -0.0107429559643 1.40067780798e-20)
(-0.000561512549025 -0.0107102930603 3.13849290025e-20)
(-0.000543723316517 -0.0106836172874 -1.65560741205e-20)
(-0.000522251773901 -0.0106501280444 6.30130674674e-20)
(-0.000499662211992 -0.0106201622644 1.45096968556e-20)
(-0.000473238266774 -0.0105854800358 1.53101039223e-20)
(-0.000444649824637 -0.0105504949422 6.41745475618e-21)
(-0.000412414781081 -0.0105134868397 -5.08681302624e-20)
(-0.000375970271008 -0.0104710329931 -1.1837075172e-20)
(-0.000336898052712 -0.0104293759469 -1.79976570302e-21)
(-0.000288203013783 -0.0103761405965 -1.37421062913e-20)
(-0.000244086997423 -0.0103267837771 2.49637361638e-20)
(-0.000153754758056 -0.0102559178171 3.40366695574e-20)
(5.64500271734e-05 -0.0101739990828 -1.71623837214e-20)
(0.000359817883993 -0.010046716561 -8.73359804897e-22)
(0.000535233590481 -0.00994437265543 5.89058509725e-22)
(0.000660851445845 -0.00980285264662 8.41590534626e-22)
(0.000766523782289 -0.00965118655464 -2.25587726188e-21)
(0.000916021855209 -0.00941036866298 1.80697494586e-22)
(0.000998745926337 -0.00916598781085 -3.5591378126e-22)
(0.00102983684635 -0.00886223999266 9.46480612065e-21)
(0.00108280186091 -0.0072945242116 -3.92223181012e-20)
(0.000990976884095 -0.0089927189015 -5.4108554304e-21)
(0.000920532417184 -0.00567446079717 4.36654922586e-22)
(0.0012011127415 -0.00683182818646 -2.03337054789e-21)
(0.0011569831487 -0.00670014295417 -1.07237481543e-21)
(0.00113092695786 -0.00660176423707 4.07878804512e-22)
(0.00112400277246 -0.00662558258822 5.22023114328e-22)
(0.00111217998328 -0.00664177380508 -2.0310637335e-22)
(0.00110049245765 -0.00666848652156 1.37294572361e-23)
(0.00108781152678 -0.0066672768144 -2.72893795469e-22)
(0.00107690210081 -0.00665614134048 4.9211577296e-22)
(0.00106365757735 -0.00661156386125 -1.41215851855e-22)
(0.00104928588178 -0.00655747413638 1.45342564895e-22)
(0.00103504566537 -0.00649784089868 -2.37655805321e-22)
(0.0010180906773 -0.00641652590124 2.07922724394e-22)
(0.00100241482224 -0.00634235017503 2.90629201865e-22)
(0.000984606369982 -0.00624731293648 1.43680156368e-23)
(0.000965916327255 -0.0061478369422 -4.03549779217e-22)
(0.000947383050622 -0.00604658605512 -7.49475049482e-22)
(0.000926027409006 -0.00592862258605 9.73025169727e-22)
(0.000905932877828 -0.00582096939306 1.6612462984e-21)
(0.000883231726305 -0.00569552964686 -8.7895843927e-22)
(0.000859436754265 -0.005567912619 -2.11980063419e-21)
(0.000835710667293 -0.0054406559186 1.31050286323e-21)
(0.000808985475232 -0.00529897039943 -6.84486924941e-22)
(0.000783689419889 -0.00516927889083 4.720712935e-22)
(0.000755414587001 -0.00502424416707 1.14390293851e-21)
(0.000726112564966 -0.00487910612427 1.06622930741e-21)
(0.000697113882598 -0.00473630894081 1.10771529539e-21)
(0.000665067777624 -0.00457954476178 2.2894177741e-21)
(0.000634561281143 -0.00443276914534 5.32457489232e-22)
(0.000600576125905 -0.00427111773116 -2.52050265313e-22)
(0.000565489929105 -0.0041119325332 -1.82932977034e-21)
(0.000530760074446 -0.00395899231481 3.90291400505e-21)
(0.000491257755393 -0.00379700087333 -7.14651678908e-22)
(0.000480624541776 -0.00363776584996 8.43763498002e-22)
(0.000492709575609 -0.00345448061151 2.8746648306e-21)
(0.000507902694614 -0.0032692249572 -2.13555010921e-22)
(0.000523170721055 -0.00308741149233 -2.00385002612e-21)
(0.000539487762277 -0.00289553522739 -3.15677026838e-21)
(0.000555129634617 -0.00272119932142 1.46001153269e-21)
(0.000572127451604 -0.00253667186136 -3.38722512889e-21)
(0.000589539936663 -0.00235530024423 -4.33767375574e-21)
(0.000606830644501 -0.0021782359163 1.72960978656e-21)
(0.000625104260632 -0.00198893597653 5.7891813293e-21)
(0.000642464045393 -0.00181318356439 -1.59874218912e-21)
(0.000660837333056 -0.00162686870426 -3.66918999655e-22)
(0.00067944189358 -0.00144686479846 -4.8502748738e-21)
(0.000698196043962 -0.00127836074576 3.66838222192e-21)
(0.0007186965128 -0.00110725260538 3.70376766999e-21)
(0.000739532504198 -0.0009592755728 6.91482775056e-22)
(0.000762342967552 -0.000806500184353 -4.2186793072e-21)
(0.000784933799831 -0.000662292442218 1.02477161623e-21)
(0.000806924382131 -0.000529104297885 2.28924545909e-21)
(0.000830318085514 -0.00039020390775 -2.20812608087e-21)
(0.000853011747635 -0.000268532373879 -2.47773648866e-22)
(0.000875719848001 -0.000139085579468 1.04941460989e-21)
(0.000897001691603 -1.60294329692e-05 -2.06644877729e-22)
(0.000917228280783 0.000100602211463 -1.42997814033e-21)
(0.000937811049844 0.000226291339469 -1.11856356536e-21)
(0.000956270120149 0.000336661460039 -1.61289559913e-21)
(0.000975085508461 0.000463279159032 2.35985143291e-21)
(0.000995598804801 0.000578157081828 8.75345525023e-22)
(0.00101827770006 0.000684835139403 -2.48264593365e-21)
(0.00104164282454 0.000815148802627 1.26296978033e-21)
(0.0010631947642 0.000939024210307 -1.17168675994e-21)
(0.00108928212515 0.00107545378725 1.49630980608e-21)
(0.00111547800826 0.00120999260912 -4.87574560656e-23)
(0.00113589694606 0.00134905870967 -4.16886722089e-22)
(0.00115027796483 0.00151451070498 4.21180527981e-22)
(0.0011629819221 0.00169134675625 -7.18381920697e-22)
(0.00118316649784 0.00189754410222 -2.6928489965e-22)
(0.00121349390493 0.00210772170206 6.45691718504e-22)
(0.00124902890687 0.00231766781521 4.53991972255e-23)
(0.00128357458813 0.00254361932038 -1.48230390612e-22)
(0.00131405766773 0.00277042440247 3.29618157178e-22)
(0.00134927133853 0.00302390285595 1.07290352e-22)
(0.00139990609106 0.00328111784351 -3.79522021397e-22)
(0.00146941265748 0.00352728248577 4.18538437604e-22)
(0.00155004765498 0.0037698637241 -4.30315087625e-23)
(0.00162381420094 0.00399797950486 6.74848186595e-22)
(0.00167966214652 0.00425207146474 -7.2958485331e-22)
(0.00171770402579 0.00453079391443 -7.699807626e-22)
(0.00175022471906 0.00483436789974 6.62336084611e-22)
(0.00179434214472 0.00517095705499 -5.98335846102e-22)
(0.00185805920894 0.0055144559483 -3.0899477907e-22)
(0.0019433649787 0.00588433489995 6.54880337753e-22)
(0.00204352804407 0.00626494952548 -2.38904910486e-22)
(0.00214984151206 0.00665480089079 -4.22602598169e-22)
(0.00225703957843 0.00707249351833 -8.77477242519e-22)
(0.00235911185639 0.00750697594307 1.59054733134e-21)
(0.00246017654784 0.00799073311723 1.26567740608e-22)
(0.00255672639702 0.00850615827401 -9.00014938668e-22)
(0.00265987514493 0.00903879345371 2.35154935041e-21)
(0.00279164943038 0.00958761782728 -1.07695073991e-21)
(0.00296752858103 0.0101279479707 1.21557910092e-24)
(0.00318768475214 0.0106979122134 5.42358171269e-22)
(0.00342638446263 0.0113122583371 7.33416241401e-22)
(0.00363442485459 0.0119910828805 -1.94084286405e-21)
(0.00375028880063 0.0126271448772 1.32814781598e-21)
(0.0036985888388 0.0129353860738 -2.20230230239e-21)
(0.00359150303718 0.0132401505312 -1.75437547213e-21)
(0.00351879719966 0.0135175738103 -1.5917504138e-21)
(0.00353090451975 0.013760755709 -1.22978650694e-21)
(0.00373183135019 0.013957118618 1.88463484122e-22)
(0.00386227041886 0.0141563136643 4.97553235501e-22)
(0.0039681831629 0.0143672675762 -8.89559382475e-22)
(0.00404193801825 0.0146021932358 -9.27770562258e-22)
(0.00406291146211 0.0148685143956 -1.07411857861e-21)
(0.00402303050191 0.0151619229366 3.0525467663e-22)
(0.00392978348 0.0154744991338 -1.22525817813e-21)
(0.00379112349385 0.0158000094752 -6.98395274425e-24)
(0.00363144372342 0.0161269105837 -3.95398978679e-22)
(0.0034751124758 0.0164482113311 8.1022698678e-22)
(0.00334074496344 0.0167602121187 8.5798669413e-22)
(0.00324457981401 0.0170592383001 -1.08685546709e-21)
(0.00319063783373 0.0173452923374 1.81060871595e-23)
(0.0031795249189 0.0176177526274 7.95690617738e-22)
(0.00320216567945 0.0178790058519 -2.88673148859e-21)
(0.00324375665248 0.0181333146089 1.72844227167e-21)
(0.00329032223854 0.0183843294743 -2.84895872501e-21)
(0.00332365210844 0.0186381829086 6.79008406869e-22)
(0.00333143153544 0.0188983569134 2.7948496352e-21)
(0.00330617628914 0.0191666530536 -1.46144745455e-21)
(0.00324761641032 0.0194424692344 2.39334693212e-21)
(0.00316408258483 0.0197225675643 -4.14436449092e-21)
(0.0030639402318 0.0200052156471 2.35379813786e-21)
(0.00296185019128 0.0202869928225 1.04187898945e-21)
(0.0028623948814 0.0205662408766 -1.0189807667e-21)
(0.00279863576195 0.0208399158988 -3.26543639507e-22)
(0.0026578864849 0.021114965846 1.58108682465e-21)
(0.00249803037852 0.021386317881 7.54835511893e-22)
(0.0023481427424 0.0216514100975 -2.50134012763e-21)
(0.00221516297892 0.0219101028206 1.37750637551e-22)
(0.00209417049461 0.0221634690888 1.41455735069e-21)
(0.00198211507356 0.0224118369886 -3.25613099242e-22)
(0.00187293298389 0.0226565487293 9.14342447034e-22)
(0.00176516175166 0.0228977847154 -7.7058303642e-22)
(0.00165924347783 0.0231357696155 -1.62020687551e-21)
(0.00155473470235 0.0233709914379 1.22142068509e-21)
(0.00145423970976 0.023603220951 4.40983780883e-23)
(0.00135853247511 0.0238328232065 -3.34834426195e-22)
(0.00126916822242 0.0240595448575 -1.31461207967e-21)
(0.00118701874446 0.0242834139598 5.20144586542e-22)
(0.00111142249766 0.0245045780629 -5.34033334284e-22)
(0.00104303899953 0.0247225221503 1.03898705091e-21)
(0.000980649660906 0.0249374864864 -6.57190490305e-23)
(0.000923207166722 0.0251493327483 -7.06641128903e-22)
(0.000870561200725 0.0253577360776 7.49795997099e-22)
(0.000821854718905 0.0255626755045 -5.98200365312e-22)
(0.000776197248638 0.0257642653615 4.80955853643e-22)
(0.000731991771102 0.0259630854754 -4.02099658999e-22)
(0.000688720947594 0.0261590752802 6.29586486058e-22)
(0.000646966547133 0.026351978792 -5.50812716985e-22)
(0.000606542767988 0.0265420068779 3.47961010962e-26)
(0.000567371711396 0.0267293658386 -7.41970316564e-23)
(0.000529403742581 0.0269142561696 9.4129649276e-23)
(0.00049262468309 0.0270967441073 1.78785148946e-22)
(0.000457398771853 0.0272767987469 -2.79367810857e-23)
(0.000423613595785 0.027454508533 -3.91316920094e-23)
(0.000391208378181 0.0276298879096 -8.67832719381e-23)
(0.000359991663376 0.0278029820213 2.32099844598e-23)
(0.000329691994474 0.0279738872663 5.88360610323e-23)
(0.000300364888446 0.0281426448092 5.37844749046e-23)
(0.000271748864572 0.0283094092064 -8.92864297943e-24)
(0.000243878583126 0.0284742488435 -3.95065031869e-23)
(0.000217004991689 0.028636933198 -1.60339751511e-22)
(0.000190979355941 0.0287976858043 6.9732577656e-23)
(0.000165708535851 0.0289566793945 -1.08437655819e-22)
(0.00014092451107 0.0291140087737 3.12971900052e-22)
(0.000116619296975 0.0292697668516 -3.07813911035e-22)
(9.29154972387e-05 0.0294237567291 2.40944406629e-22)
(6.96534596039e-05 0.0295762685402 -5.69186580382e-23)
(4.68590665395e-05 0.029727386133 -9.9881268654e-23)
(2.44306165951e-05 0.0298772043643 8.8325648482e-23)
(2.32290221157e-06 0.0300260002558 -4.34482367535e-23)
(-1.93928685192e-05 0.0301734760767 -3.12410305265e-24)
(-4.08622784599e-05 0.0303199607056 2.21877720767e-22)
(-6.1949682747e-05 0.0304653097823 1.17313882521e-22)
(-8.26011957421e-05 0.0306093784371 4.53985379408e-22)
(-0.000102958772652 0.0307527093376 -3.23386738201e-22)
(-0.000123107835583 0.0308952033711 1.92640098783e-22)
(-0.000143168717037 0.0310372942289 -3.75572326292e-22)
(-0.000162938373129 0.031178552347 -2.42790574915e-22)
(-0.00018233249998 0.0313187350154 6.4917412287e-23)
(-0.000201528312188 0.0314586785714 -2.84525803769e-22)
(-0.000220485493567 0.0315976148194 5.43073783143e-22)
(-0.000239293258227 0.0317359475834 -6.06068589312e-22)
(-0.00025795513389 0.0318737280233 -2.26881408635e-22)
(-0.00027647930707 0.0320109421689 -2.06575579929e-22)
(-0.000294944047826 0.0321480792868 -4.72915922834e-22)
(-0.000313197615169 0.0322845404166 -6.09145530042e-23)
(-0.000331348689191 0.0324209092631 1.05289290683e-22)
(-0.00034940664385 0.0325572096228 2.74086710663e-22)
(-0.000367336807802 0.0326932264207 -1.13093001024e-22)
(-0.000385271352586 0.0328296242738 -2.21963988635e-22)
(-0.000403080553409 0.0329657478557 -5.70805069724e-23)
(-0.00042087649344 0.0331021875226 7.12998991829e-22)
(-0.000438647627071 0.0332389669187 -1.60401676355e-22)
(-0.000456284271744 0.0333758505703 9.03485912275e-22)
(-0.000473833528819 0.0335133464329 3.73728788567e-22)
(-0.000491246873549 0.0336506268788 -6.65910064399e-23)
(-0.000508646458579 0.0337883512053 -6.71608310467e-22)
(-0.000526002046266 0.0339263498302 -3.55886418756e-23)
(-0.000543273348865 0.0340642687965 -1.23089165889e-21)
(-0.000560606611771 0.0342029150472 9.0614027241e-22)
(-0.000577884905773 0.0343414475988 -7.36985670557e-23)
(-0.000595251464086 0.0344806154645 -1.04820808995e-21)
(-0.000612681979483 0.0346202332453 -4.17143892323e-22)
(-0.000630178897295 0.0347600794209 2.44047765741e-22)
(-0.000647945368905 0.0349012585191 3.06933172279e-22)
(-0.000665969531536 0.0350431929683 -1.11907971351e-21)
(-0.00068457590958 0.0351873558391 8.87150294091e-22)
(-0.000704033711086 0.0353346591664 -3.48150655761e-22)
(-0.000724783356574 0.0354869416216 -4.48717963017e-22)
(-0.000747466465997 0.035649149295 3.38657451712e-22)
(-0.000771836770473 0.0358275089455 3.73953398805e-22)
(-0.000793483715499 0.0360349648886 -3.64006004449e-23)
(-0.00080875073438 0.0362359074183 -9.31961176811e-22)
(-0.000805704043757 0.0363855725953 -7.67514321053e-22)
(-0.000768337681103 0.0364694730429 5.96064705552e-22)
(-0.000665852590699 0.0364735699638 -4.60163991426e-22)
(-0.000471127380055 0.0364146973203 8.76237400729e-22)
(-0.000161669653702 0.0363518623722 7.99756768228e-22)
(0.000272892010794 0.0363920283438 -4.00167541945e-22)
(0.000827732323982 0.0367707373543 -8.31575518154e-22)
(0.00140284666911 0.0367900509773 1.55312648406e-21)
(0.00174606474541 0.0364469705463 -3.61829363526e-22)
(0.00166612906855 0.0358622322031 6.06114645767e-22)
(0.00125998738239 0.0352367340679 -3.20205759697e-21)
(0.00086741688251 0.0347675496595 2.22110975918e-21)
(0.000753265849785 0.034570237428 2.65995632306e-22)
(0.000922698869015 0.0346128584061 -1.28554368122e-21)
(0.00127614317386 0.0345118297065 3.54608801005e-23)
(0.0016496991674 0.0341697787928 1.50007874139e-21)
(0.00151506528777 0.0329661247707 1.03365258329e-21)
(0.000619237367696 0.0322428154046 -6.65613582338e-22)
(-0.000344869288853 0.0321619136524 -8.9010314358e-22)
(-0.000799674791921 0.0322392042521 -1.28668803779e-21)
(-0.000904769186445 0.03239525937 -1.78774189975e-21)
(-0.000887183777692 0.0325622264625 -1.76570922026e-22)
(-0.000783405735736 0.032707736087 1.13273487492e-21)
(-0.000579713491333 0.0328273977091 2.06910148832e-21)
(-0.000282434587009 0.0329732392446 -2.71654775785e-21)
(7.67872117243e-05 0.0330965009963 6.19467293144e-22)
(0.000407850723707 0.0331282880528 1.20049695168e-21)
(0.000591567957195 0.0330208263977 1.63068228359e-22)
(0.000539222062105 0.0328365579667 -1.54504446169e-21)
(0.000311434691941 0.0326832594359 8.26121205672e-22)
(4.81345730257e-05 0.032610669693 -1.84039610898e-22)
(-0.000109624107157 0.0326209393657 -3.88089010554e-21)
(-9.28456091807e-05 0.0327075533603 -1.30631688575e-21)
(0.000103648095708 0.03286670693 -7.70405696981e-22)
(0.000436164308902 0.033032437382 -1.46545026023e-21)
(0.000758679541136 0.0330460001605 -2.26576311403e-22)
(0.000865772146651 0.0328627136791 -1.58768951786e-21)
(0.000695846815052 0.0326549355314 4.6168768439e-21)
(0.000408067448838 0.0325575455495 -6.12029182523e-21)
(0.000253873500306 0.0325943627065 6.65022710623e-22)
(0.000317734509863 0.0327530222699 -5.6910261538e-22)
(0.000569879913207 0.0329483293613 4.21782600389e-21)
(0.000837758552093 0.0329683572732 -7.95089312021e-22)
(0.000872515492925 0.032769253758 5.22188442349e-21)
(0.00062051902375 0.0325711777904 1.23918072027e-21)
(0.000300871958376 0.0325081720365 -1.65083359245e-21)
(0.000156343241932 0.0326031162077 9.0658082179e-22)
(0.000273806784527 0.0328401362812 3.68226322002e-21)
(0.00056342077808 0.0330741508718 2.07523792282e-21)
(0.000791600459488 0.0330419584429 -2.73337931266e-21)
(0.00072818896588 0.0327998770687 -3.14719241674e-21)
(0.000404740029018 0.032630572041 1.97928815396e-21)
(0.000104305653358 0.03261458348 -3.19096732566e-21)
(2.37330807232e-05 0.0327535292034 -5.44282472651e-21)
(0.000177249777849 0.0330209228054 2.44921816769e-21)
(0.000374581577317 0.0331022096808 -3.02947253639e-21)
(0.000309935133648 0.0331408211061 -1.63817338214e-21)
(0.000353545858433 0.0330915601132 -1.74926325559e-21)
(0.000309773497403 0.0330423589616 -1.0826025703e-21)
(0.000195990944439 0.0329698178139 -4.58768267903e-21)
(8.84581804876e-06 0.0330244661804 2.20936333411e-21)
(3.58593527542e-05 0.0331057002573 2.34096435646e-21)
(4.71532901725e-05 0.0331670787998 -5.16463845576e-21)
(1.16977723531e-05 0.0332214394279 -3.11370546084e-21)
(-2.00996766985e-05 0.033278313596 -6.17175180001e-22)
(-5.93428367121e-05 0.033338787235 9.32088411708e-22)
(-0.000102149775857 0.0333990772567 -6.67250637248e-23)
(-0.000142768003335 0.0334540320313 -4.26133621246e-21)
(-0.000185829061364 0.033503975264 -4.71068555317e-21)
(-0.000229772875219 0.033549385248 4.26353605691e-21)
(-0.000272147782373 0.033592736312 5.62068210079e-21)
(-0.000315313210302 0.0336376059784 5.07659649132e-22)
(-0.000354586998124 0.0336841125021 -2.75718665092e-21)
(-0.000392637709085 0.0337345294411 -2.92500216292e-21)
(-0.000428833816506 0.0337883417743 1.33844834549e-21)
(-0.000462033660416 0.0338450346647 6.36051050142e-22)
(-0.000495601573202 0.033904858121 -9.19819220564e-22)
(-0.000526210173185 0.0339654800555 5.64956099311e-22)
(-0.000556827680301 0.0340275552578 1.31073772669e-22)
(-0.000586833489975 0.0340896126934 -2.45243162395e-21)
(-0.000615032418336 0.034151060772 -1.71701871272e-21)
(-0.000644578295144 0.0342125823012 6.21617382649e-22)
(-0.000672095988747 0.0342724448653 -9.68019261056e-24)
(-0.000700087578975 0.0343320202449 -3.85844719801e-22)
(-0.000728001682004 0.0343907725179 -2.91232267725e-21)
(-0.000754653969631 0.0344488263136 1.61083810704e-22)
(-0.000782698362263 0.0345071571584 -1.6750522281e-21)
(-0.000808849574564 0.034564369949 3.70746099412e-22)
(-0.000835427466585 0.0346220393855 3.95365123069e-21)
(-0.000861781530664 0.0346795491178 -2.90054268674e-21)
(-0.000886658955159 0.0347368889056 -1.37883282496e-21)
(-0.000912692805081 0.034795091296 1.14960374502e-21)
(-0.000937031116523 0.0348528146171 -2.6129471475e-21)
(-0.000961849123349 0.0349113045999 -1.73112938225e-21)
(-0.000986390040454 0.0349695597229 2.49373609767e-21)
(-0.00100944017713 0.0350274565849 1.66299198427e-21)
(-0.00103358784181 0.0350861525615 4.92395389138e-22)
(-0.00105622913116 0.0351443857098 -2.18353013412e-21)
(-0.00107935450415 0.0352032670717 -9.23904005093e-22)
(-0.00110228791176 0.035261816478 -3.08256516723e-21)
(-0.00112393382381 0.0353199407507 -1.77500486892e-22)
(-0.00114667725468 0.0353786806008 2.9853562477e-21)
(-0.00116803831087 0.0354368127227 -2.2635475078e-21)
(-0.00118992198033 0.0354954389162 5.37982082114e-22)
(-0.00121169180761 0.0355536306354 -3.01935352917e-21)
(-0.00123230154924 0.0356113580885 -7.10057245954e-22)
(-0.00125404314915 0.035669650595 -1.48816749116e-21)
(-0.00127453022663 0.035727355659 -2.72054231598e-21)
(-0.00129553827393 0.0357855613795 1.08525195287e-21)
(-0.00131658868024 0.0358435905842 8.02556711244e-22)
(-0.00133676911255 0.0359014977517 1.74198910599e-21)
(-0.00135814720078 0.03595999278 -2.5221095693e-21)
(-0.00137833100575 0.0360178374726 -5.11768090637e-21)
(-0.00139899204696 0.0360761501942 4.0074672662e-21)
(-0.00141971201625 0.0361344421278 -6.91354489949e-22)
(-0.00143957157087 0.0361928570495 -4.3571868657e-21)
(-0.00146047230497 0.0362518360186 -1.77743348785e-21)
(-0.00148019138909 0.0363102479989 5.41486640102e-22)
(-0.00150034355671 0.0363691225095 2.82757551122e-22)
(-0.00152047333169 0.0364278038219 -3.9063606065e-21)
(-0.00153967946471 0.0364863616914 -2.16418459785e-21)
(-0.00155985146671 0.0365455135195 -4.5349658965e-21)
(-0.00157899174621 0.0366043845647 -5.96461831023e-22)
(-0.0015985844255 0.0366638446125 3.20531809272e-21)
(-0.00161815769777 0.0367230668104 4.46172117847e-22)
(-0.0016368394843 0.0367821761457 3.11948248258e-21)
(-0.00165644189156 0.0368418644345 1.74298096502e-21)
(-0.00167504331836 0.036901293475 -2.87516928307e-21)
(-0.00169402598097 0.0369613121491 -2.26099569934e-21)
(-0.00171300697189 0.0370211632779 1.03456555821e-21)
(-0.00173114900755 0.0370810012081 9.15658219613e-22)
(-0.00175014488016 0.0371414234691 -3.31068930099e-23)
(-0.00176822216886 0.0372016797512 -2.56552283079e-21)
(-0.00178666153281 0.0372625584108 -1.0778504289e-21)
(-0.00180509624716 0.0373232367835 -4.00320997625e-22)
(-0.00182270798931 0.0373839011859 4.5555764389e-21)
(-0.00184111726599 0.0374451203273 -4.1996649455e-21)
(-0.00185863163716 0.0375061662025 -3.27615515195e-22)
(-0.00187643271756 0.0375678073558 1.68595868211e-22)
(-0.00189423494262 0.0376292998229 3.32714279149e-21)
(-0.00191126538358 0.0376908448726 2.02271516142e-22)
(-0.00192903442758 0.0377529231999 2.28399819443e-21)
(-0.00194600773189 0.0378148722446 -1.94795161815e-21)
(-0.00196328214558 0.0378773834449 -2.05330848024e-21)
(-0.0019806136223 0.0379396480805 2.9475101594e-21)
(-0.00199726863935 0.0380018546991 -3.57368464e-21)
(-0.00201471258057 0.0380645122779 -3.68810031162e-21)
(-0.00203159079529 0.0381270651153 7.71124354816e-22)
(-0.00204894923056 0.038190182206 1.34927480324e-21)
(-0.00206659274243 0.0382530510872 -9.29728782795e-22)
(-0.00208379093578 0.0383159765057 -7.45503909098e-22)
(-0.00210181439557 0.0383795780605 9.44372883376e-22)
(-0.00211925771709 0.0384434248048 1.1462781592e-21)
(-0.00213682600306 0.0385079745317 -4.38388765969e-21)
(-0.00215424401678 0.0385723095096 -8.69089097719e-22)
(-0.00217082253135 0.0386366366136 6.93833248652e-22)
(-0.00218773936999 0.0387013679379 -1.25365593367e-21)
(-0.00220382777006 0.0387660867618 6.60853263958e-22)
(-0.00221986016026 0.0388309027402 1.09174705911e-21)
(-0.00223571033163 0.0388952325301 -1.37548837443e-21)
(-0.00225083659187 0.0389595618831 -4.70317209668e-21)
(-0.00226635495984 0.0390242339773 2.10601349341e-21)
(-0.00228124295397 0.0390887737182 -6.92378410131e-22)
(-0.00229617171951 0.0391537449794 2.49399138927e-21)
(-0.00231105532017 0.0392182514641 6.92237089771e-22)
(-0.00232528570379 0.0392826169203 1.63477422422e-21)
(-0.00233985997261 0.0393471587972 -5.7690022191e-22)
(-0.00235383310067 0.0394114523603 -1.65370786928e-21)
(-0.00236778066118 0.0394760580153 -4.72998874187e-22)
(-0.00238167357854 0.0395402370335 3.55806783739e-21)
(-0.00239495368873 0.0396043720029 2.17718370921e-21)
(-0.00240851287288 0.0396685578939 5.90899742309e-22)
(-0.00242148942673 0.0397323239255 1.07411180798e-21)
(-0.0024344021173 0.039796217212 -2.52667714847e-21)
(-0.00244728738175 0.0398595857099 2.59033049776e-22)
(-0.00245966260084 0.0399228158123 4.35628503885e-21)
(-0.00247237968413 0.0399861066698 1.57085610554e-21)
(-0.00248477569713 0.040048280213 -1.4525772389e-21)
(-0.00249733469129 0.0401143410028 -4.27171960164e-21)
(-0.00250993207171 0.0401723831162 2.5002800296e-21)
(-0.00250199984545 0.0405040871203 4.61121020135e-21)
(-0.00254184377402 0.040065132697 -7.83586034539e-22)
(-0.00254514726996 0.0405699405787 2.85615803784e-21)
(-0.00250702969981 0.041027294937 6.56143439924e-21)
(-0.00248739418002 0.040953750539 3.44091829068e-21)
(-0.00249619426263 0.0410699578153 1.09836113774e-20)
(-0.00249160015688 0.0408569405404 1.2155629383e-21)
(-0.00248833920176 0.0404336155757 -5.50768985212e-21)
(-0.00247931679136 0.0400451012283 -1.85863706517e-21)
(-0.00246923479356 0.0397358581248 2.60357210302e-21)
(-0.00245716669562 0.0394239328022 8.06042627308e-21)
(-0.00244277432804 0.0390784198877 6.24110936121e-21)
(-0.00242827571195 0.0387283548214 2.41762025789e-21)
(-0.00240976912206 0.0383239330768 -4.25733163682e-21)
(-0.00239256852715 0.0379400161789 -1.29079113753e-20)
(-0.00237220900613 0.0375149571455 -6.017061645e-21)
(-0.00235236107326 0.0371015754402 8.03704166058e-21)
(-0.0023303222149 0.0366630048897 3.40077571539e-21)
(-0.00230682430242 0.0362119715589 -3.47320427218e-21)
(-0.00228375968143 0.0357719848288 8.6197800758e-21)
(-0.00225642678724 0.0352763588316 -1.61910836149e-21)
(-0.00223037287046 0.0348015031503 -1.75684591475e-20)
(-0.00220132461049 0.0342882386893 -8.96826992796e-21)
(-0.00217276967443 0.0337849712147 8.7147211083e-21)
(-0.00214216306791 0.0332553845611 3.01743054266e-21)
(-0.00210984981585 0.0327058143658 8.8239538329e-21)
(-0.00207766916328 0.0321612382603 -1.64836669026e-20)
(-0.00204226639322 0.0315762168866 -8.34096465951e-21)
(-0.00200833213009 0.031015154306 -1.51816754713e-20)
(-0.00197133193344 0.0304150874436 -4.08559356118e-21)
(-0.00193494969127 0.029826401635 -9.66545697884e-21)
(-0.00189619297219 0.029207063762 6.73021504878e-21)
(-0.00185652007422 0.0285790746487 -8.30510961184e-21)
(-0.00181739800833 0.0279617214428 -1.29480700046e-20)
(-0.00177570951517 0.027308043427 1.0404903116e-20)
(-0.00173620590247 0.0266814571423 1.49418702396e-20)
(-0.00169385343497 0.0260125722177 -1.71889727019e-21)
(-0.00165317576309 0.0253637534362 1.15357394877e-20)
(-0.00161128801596 0.0246941803548 -3.74767284696e-21)
(-0.00156914303777 0.0240177279857 1.20737974006e-20)
(-0.00152827170939 0.0233537973862 4.75163982273e-21)
(-0.00148523817163 0.0226556532527 1.67005563344e-20)
(-0.0014448196505 0.0219882292881 4.95191022281e-21)
(-0.00140229061811 0.0212860420523 3.53646403245e-21)
(-0.00136202566722 0.0206094653023 -3.51503663609e-21)
(-0.00132399185863 0.0199189698937 -1.34217557077e-21)
(-0.00129358328113 0.0192212393453 -2.90225142551e-21)
(-0.00126655453488 0.0185349237685 -2.74443201116e-21)
(-0.0012405258007 0.0178268477116 -1.32990896453e-21)
(-0.00121987617655 0.0171502191452 7.01056826878e-22)
(-0.00120060734181 0.0164432252869 4.87283862478e-21)
(-0.00118697601932 0.0157642070759 -2.07369809606e-21)
(-0.00117645154087 0.0150678948855 2.22864970758e-21)
(-0.0011708422704 0.0143743179278 1.2789600285e-20)
(-0.00117161934382 0.0136966428882 2.08738144703e-20)
(-0.00117786427647 0.0130035460237 6.94564369557e-21)
(-0.0011929921441 0.0123486389306 -1.89009622539e-22)
(-0.00121457799548 0.0116537313683 1.98884635473e-20)
(-0.00124640836449 0.0109930585653 3.54746886018e-20)
(-0.00128870366423 0.0103236649799 6.01340625997e-21)
(-0.0013439264483 0.00965816273481 -2.8803330098e-20)
(-0.00141321781695 0.00901036069535 8.50974071433e-21)
(-0.00149933455323 0.00834389092386 2.48833631291e-20)
(-0.00160144247338 0.0077152003202 -5.69935854617e-20)
(-0.00173313209661 0.00704847843684 -2.30053191835e-20)
(-0.0017769533179 0.00642446174033 -7.48058911102e-20)
(-0.00181200733594 0.00582849222018 2.86270581769e-20)
(-0.00182652296501 0.00525979450661 1.05268358065e-19)
(-0.0018371238791 0.00471492650114 8.55185323201e-21)
(-0.00185356654241 0.00414691659901 6.91839354246e-20)
(-0.00187457442508 0.00363046503573 9.23103893863e-20)
(-0.00191230299588 0.00309281928506 -5.36117111615e-20)
(-0.00182641017543 0.00266880912783 4.94173945498e-20)
(-0.00161573942763 0.00227249009156 -4.41882403137e-20)
(-0.00139729488785 0.00173289099015 2.70306945051e-20)
(-0.00150434666945 0.00112230166164 1.47808694637e-20)
(-0.00189065807617 0.000601789797622 -5.36586157675e-20)
(-0.00202819972349 0.000178863938895 3.27259035235e-20)
(-0.0020468340271 -0.000266306534914 1.47014000846e-20)
(-0.00206738817951 -0.000678321308199 -1.23051460768e-20)
(-0.00208758301575 -0.00110369222095 3.48673066239e-20)
(-0.00210856597547 -0.00151902424697 3.52707889814e-20)
(-0.00213092670998 -0.00191873180956 -8.54189868135e-20)
(-0.00215212075625 -0.00233696544884 4.34618819203e-20)
(-0.00217564772938 -0.00272096403104 6.06483393072e-21)
(-0.00219781606105 -0.00312888620061 1.82489884943e-20)
(-0.00222254310627 -0.00350612540145 -3.71331433941e-20)
(-0.00224710040619 -0.00390175273357 6.31246395332e-20)
(-0.00227293925543 -0.00428196559477 -4.72618431989e-21)
(-0.00230040625883 -0.00464390045976 3.50342401802e-20)
(-0.00232663688447 -0.0050254613066 7.61074249561e-20)
(-0.00235435475696 -0.00537381271848 -3.4312425424e-20)
(-0.00237985959739 -0.00574547551994 -5.50080834736e-20)
(-0.0024060347085 -0.00608923471881 3.2876742409e-21)
(-0.00242859017744 -0.00645566845559 6.18842019245e-20)
(-0.00244856910225 -0.00681359317249 2.84674145705e-20)
(-0.00246693656351 -0.00716427556892 2.17534620907e-21)
(-0.00248197244618 -0.00754899744016 -5.64714865568e-20)
(-0.0024972263539 -0.00791602769773 -3.68253027574e-20)
(-0.00250916624183 -0.00831642690495 -1.3796737929e-20)
(-0.0025211187122 -0.00870045781618 -1.88335448836e-20)
(-0.00253132297579 -0.00911528671559 -5.41648445061e-20)
(-0.00254156367344 -0.00952921850025 -4.92758593493e-20)
(-0.00255238541392 -0.00994165453889 -6.21482699645e-20)
(-0.00256207542962 -0.0103832589475 3.15472906942e-20)
(-0.00257394724613 -0.0108068269959 -1.32521317561e-20)
(-0.00258522213906 -0.0112649019846 3.60544339436e-20)
(-0.00259896854382 -0.011704553518 4.88818628924e-20)
(-0.00261248177716 -0.0121714680724 -4.59220684318e-20)
(-0.00262723403484 -0.01263407806 -6.52118899409e-21)
(-0.00264376212197 -0.0130918177951 4.15905010576e-21)
(-0.00266053464575 -0.0135725276526 5.44023485286e-20)
(-0.00268073043457 -0.0140300151473 -8.01989148535e-20)
(-0.00270172124685 -0.0145132349431 -6.66041222288e-21)
(-0.00272655962756 -0.0149701513022 -5.25109112031e-20)
(-0.00275306415635 -0.0154438190536 4.30100670946e-20)
(-0.0027826647692 -0.0159016946299 -8.49265232082e-20)
(-0.00281567216745 -0.0163428417777 8.84867444183e-20)
(-0.00285046482729 -0.0167926288684 -1.15310635536e-20)
(-0.00288990748005 -0.0172066300533 8.40331939406e-21)
(-0.00293207747634 -0.0176351264499 2.88590301841e-20)
(-0.00298191417066 -0.0180206759472 8.94480182255e-21)
(-0.00304096852948 -0.0183958866963 1.79905771689e-20)
(-0.00311223521014 -0.0187335554778 -1.80238498349e-20)
(-0.00319122613169 -0.0190265013209 1.01249226329e-20)
(-0.00327075899073 -0.0192922809054 1.40136292045e-20)
(-0.00335499425392 -0.0194948011667 -5.74517442311e-20)
(-0.0034419060954 -0.0196783210178 8.68731088725e-21)
(-0.00352770423696 -0.0197970903013 -2.9421212653e-21)
(-0.00360716762025 -0.019899783651 3.24519779824e-22)
(-0.00369790277891 -0.0199622351098 1.10604654005e-20)
(-0.00377070464391 -0.0199694174374 5.70196873427e-20)
(-0.00379764108414 -0.0200003372719 1.27837873644e-20)
(-0.00381101221689 -0.0200356323018 -4.19477183709e-20)
(-0.00381943440232 -0.020122616016 -1.95752132407e-20)
(-0.00382801422764 -0.02021874237 1.33661044723e-20)
(-0.00382936244154 -0.0203647425639 -6.53735099937e-21)
(-0.00382672883523 -0.0205391288644 1.91199366021e-20)
(-0.00381646000314 -0.0207409699151 -1.35478078117e-20)
(-0.0037799006142 -0.0210060724303 6.39856608292e-21)
(-0.00372214250082 -0.0213219252086 2.58128327947e-20)
(-0.00366972566247 -0.0217431065379 -3.70481679638e-21)
(-0.00365255224676 -0.0221945545472 2.80966711755e-20)
(-0.00367157729913 -0.0226718278034 6.72854042445e-21)
(-0.00370592598595 -0.0231344939719 -1.66099630259e-20)
(-0.00372521689853 -0.0235858044441 -1.03400429311e-20)
(-0.00371777936118 -0.0240682500604 -1.56952436301e-20)
(-0.00369222568292 -0.0245663291304 2.60842414927e-20)
(-0.00366383713771 -0.0251346766811 -3.1083665243e-20)
(-0.00365354847274 -0.02571630554 6.80901012245e-22)
(-0.00365998043849 -0.0263228127501 -1.81847653408e-20)
(-0.00367130904402 -0.0269299728691 -2.84795105633e-20)
(-0.00367259752954 -0.0275416310274 1.35541475337e-20)
(-0.00365851132423 -0.0281858971516 -6.61796561191e-21)
(-0.00363156155914 -0.0288427443605 2.63806162597e-20)
(-0.00359494459433 -0.0295633292321 4.91272770123e-21)
(-0.00355885909472 -0.0303115268518 -1.39271486997e-20)
(-0.00352666255793 -0.0311202639629 4.52798944538e-21)
(-0.00345578740721 -0.0319549782335 9.36337663626e-21)
(-0.00327158963993 -0.0328057555768 -3.47225686745e-21)
(-0.00315095158858 -0.0336414417484 -1.26258829814e-20)
(-0.0029430821814 -0.0345047410796 -1.79353352177e-20)
(-0.00278248958905 -0.0353960355138 -7.71972506853e-21)
(-0.00260356414204 -0.0363001625025 6.33322922509e-21)
(-0.00242574025477 -0.0372512633679 9.87609266674e-21)
(-0.00226315574021 -0.0382253317152 6.38879752102e-21)
(-0.00209166224471 -0.0391460244663 9.97454922616e-21)
(-0.00190000949002 -0.0391873822029 1.44027961567e-21)
(-0.00170669717995 -0.0392289525548 4.0633679428e-21)
(-0.00153085689417 -0.0392703507501 -1.58201365467e-20)
(-0.00136148013205 -0.0393116442359 1.06331993978e-20)
(-0.00120333482015 -0.0393533766848 -2.51350541467e-21)
(-0.00105302182235 -0.0393955031251 -1.28238896596e-20)
(-0.000911198723447 -0.0394381645738 -1.05060114969e-21)
(-0.000778196926177 -0.0394816980639 4.5922885568e-21)
(-0.000661307222161 -0.0395252294865 -6.7744930172e-21)
(-0.000554738930098 -0.0395697165275 -2.18412505411e-21)
(-0.00045957654084 -0.0396144563014 5.15249024853e-21)
(-0.000370404440127 -0.0396604844122 -4.6392893806e-21)
(-0.00028905515563 -0.0397070165989 -3.31491790186e-22)
(-0.000215176036686 -0.0397541458684 4.61589670234e-21)
(-0.00014526018767 -0.0398024584202 1.35120891205e-21)
(-8.14767375972e-05 -0.0398513258184 -2.92989770108e-22)
(-1.96516207467e-05 -0.0399018725308 -1.24389862211e-21)
(3.65578462492e-05 -0.0399530433214 -1.15783876409e-21)
(8.80053277813e-05 -0.0400053294578 4.29581414532e-22)
(0.000134890524815 -0.0400586539899 -9.75776552689e-22)
(0.000177411548677 -0.0401129806176 -5.31170826677e-22)
(0.000215953207374 -0.0401683312196 7.91502767289e-22)
(0.00024943095079 -0.0402241931056 -2.02888905011e-21)
(0.000280565640858 -0.040281481987 1.20659329062e-21)
(0.000308044166064 -0.0403393188741 -1.13477423323e-21)
(0.000333116614018 -0.0403982692316 -1.15115016222e-21)
(0.0003552339808 -0.0404578918964 7.08267521355e-22)
(0.000374274909152 -0.0405181067324 -6.653453688e-22)
(0.000391742728944 -0.0405795347115 9.4568896269e-22)
(0.000406896882821 -0.0406414889081 7.61139221656e-23)
(0.000420516930813 -0.040704467332 8.19738491954e-22)
(0.000432053415925 -0.0407679682837 9.4756507698e-22)
(0.000442293332333 -0.0408325248377 8.36161175564e-23)
(0.000450922117414 -0.0408977583634 -1.0231156839e-21)
(0.000457865356409 -0.0409636327085 -4.53426812327e-22)
(0.00046373916796 -0.0410305745971 -4.37459947359e-23)
(0.000468143178424 -0.0410980806439 1.23068493495e-21)
(0.000471598242596 -0.0411666939958 -1.50214457969e-21)
(0.000473770403968 -0.0412359406483 2.3479827132e-22)
(0.000475018498156 -0.0413062687659 1.73791234312e-21)
(0.000475225898895 -0.0413774568279 -3.7656549674e-22)
(0.000474344774666 -0.0414494886063 6.31369458311e-22)
(0.00047263825037 -0.0415227010059 4.72767315721e-22)
(0.000469890310089 -0.0415967060444 6.97081187538e-22)
(0.00046634358266 -0.0416719595412 1.06731072606e-21)
(0.000461849488961 -0.0417481104452 -2.83911576359e-22)
(0.000456588577179 -0.0418255251451 1.07812233208e-21)
(0.000450600698553 -0.0419041474804 1.13343968619e-21)
(0.000443916961167 -0.0419840277806 -1.53588374348e-21)
(0.000436623046995 -0.0420653410476 -1.64871709018e-21)
(0.000428734919836 -0.0421479550022 1.73991872138e-22)
(0.000420575088733 -0.0422324972429 -1.06734842435e-21)
(0.000412349027063 -0.0423188842184 4.20974327176e-22)
(0.000404608025091 -0.042407847478 -7.18577034099e-22)
(0.000398254794244 -0.0425003195887 5.44271907415e-22)
(0.00039466864099 -0.0425979804719 -9.39950334873e-22)
(0.000395719963921 -0.0427039448509 4.45545757128e-22)
(0.000402775272868 -0.0428239924205 1.13021977218e-21)
(0.00040502393258 -0.0429693379488 -2.94415092234e-22)
(0.00038811741976 -0.043136360757 2.43887557738e-23)
(0.000341011827704 -0.0432858631762 -1.98461602003e-22)
(0.000185870987409 -0.0433644102754 -5.37683453772e-23)
(-0.000143634704031 -0.0433294927591 -1.02217599068e-21)
(-0.00068847072786 -0.0432803932932 -6.97244786145e-22)
(-0.00142809688896 -0.0433470872408 1.26546251327e-22)
(-0.00224936582596 -0.0436138832801 -9.99854210705e-23)
(-0.00293392710677 -0.044078792093 -1.19294538987e-22)
(-0.00323291512845 -0.0441437234201 4.59862907507e-22)
(-0.0032520380376 -0.0440162764372 -3.79158250962e-23)
(-0.00333436100078 -0.0439554796111 -6.17801597778e-23)
(-0.00342548485638 -0.0438676740266 2.22810321955e-23)
(-0.00331760938685 -0.0437577641862 2.08655096703e-22)
(-0.0032447394793 -0.043913141046 2.01822937424e-22)
(-0.00338370931696 -0.0441339158784 5.2064983705e-24)
(-0.00299211084966 -0.0434488110494 -6.64100131157e-23)
(-0.00252275832182 -0.0420376967205 2.87350628335e-23)
(-0.00202571718411 -0.0420350242222 1.1623681054e-23)
(-0.00191592134796 -0.041915624008 -1.01043264128e-23)
(-0.00179415174628 -0.0412426190577 -5.47127784665e-23)
(-0.00163989584403 -0.0405789803447 2.20242523293e-23)
(-0.00150140613872 -0.040145098624 -1.08584515599e-23)
(-0.00137494988891 -0.0398785609085 3.55601100891e-25)
(-0.00123626661461 -0.0396909538747 1.00808623484e-23)
(-0.00109242676423 -0.0395317672255 -3.48659639197e-25)
(-0.000903147526638 -0.0371838470218 -1.16312609679e-23)
(-0.000755053912409 -0.0351453882709 -3.02642765566e-24)
(-0.000637878790101 -0.0334018056444 8.07461532727e-24)
(-0.00054095700083 -0.0318998216907 4.9558764531e-26)
(-0.000461637743573 -0.0305942297814 9.41568017393e-24)
(-0.000397787773856 -0.029446720652 -1.56181707329e-23)
(-0.000346586407968 -0.0284262967471 6.11274273172e-24)
(-0.00030523927998 -0.0275088394978 -1.25536088908e-24)
(-0.000271421429077 -0.026676170472 -5.459397506e-24)
(-0.000243290051683 -0.0259149191842 8.44153564247e-24)
(-0.000219346908701 -0.025215232281 -1.09238141369e-23)
(-0.000198462502415 -0.0245696101125 1.41435879166e-23)
(-0.000179883706887 -0.0239719990325 -1.86539034015e-24)
(-0.000163183937281 -0.0234172042242 -4.35325274447e-26)
(-0.000148165345314 -0.0229005471595 -2.56566124817e-24)
(-0.000134742444915 -0.022417700019 -8.06684422721e-26)
(-0.000122837026043 -0.0219646751756 -1.43763718269e-24)
(-0.000112310761864 -0.0215379327174 1.33694656306e-24)
(-0.000102949596087 -0.0211345209867 1.24751562137e-24)
(-9.44927388433e-05 -0.0207521592964 -8.49775742504e-26)
(-8.6685051398e-05 -0.0203892147902 -4.75290693753e-27)
(-7.93257075257e-05 -0.0200445829657 -2.89685562078e-24)
(-7.22917850465e-05 -0.0197175226266 1.37404816735e-24)
(-6.55337960811e-05 -0.0194075018204 9.55993101567e-25)
(-5.90477150353e-05 -0.0191140899566 -9.36647284863e-25)
(-5.28372070008e-05 -0.0188369582672 7.83719092171e-25)
(-4.68898700477e-05 -0.0185758776187 -1.02171832132e-24)
(-4.11258162342e-05 -0.0183310916811 7.26393224134e-25)
(-3.51922626241e-05 -0.0181019466974 1.83790393998e-25)
(-3.05668640832e-05 -0.0178999896633 -2.30847860016e-25)
(-2.73644443662e-05 -0.0176854093677 -3.62499228308e-25)
(-7.00397501724e-06 -0.0175103746366 2.86735370003e-25)
)
;
    }
    frontAndBack
    {
        type            empty;
    }
}


// ************************************************************************* //
