query_x_m,query_y_m,query_x_over_c,pred_u_mps,pred_v_mps,nearest_distance_m,used_nearest_fallback
-0.54413,0.0203866,-1.2955476190476192,34.59876019767335,-0.0014135711983171537,0.0011913141057937453,0
0.321186,0.017274,0.7647285714285715,2.4242843240051575,-2.7124647988775408,0.006324778412966707,0
-0.159054,0.171294,-0.37870000000000004,34.599998474121094,-1.1172544227155335e-13,0.0010160553536659124,0
-0.146564,0.0074732,-0.34896190476190475,38.9391325049288,0.163679858332141,0.000999017125351851,0
-0.735584,0.0381765,-1.7513904761904764,34.59999759685257,-4.083057720019953e-08,0.0009444084074309473,0
0.255439,0.0761785,0.6081880952380954,34.60000182296474,6.582894858880308e-07,0.0003523160329297829,0
0.255439,0.0706302,0.6081880952380954,34.60006724024063,6.697059202031693e-05,0.0005186850971873724,0
-0.652453,0.070174,-1.5534595238095237,34.599998474121094,2.4701473143532754e-14,0.0007049708700048815,0
0.540401,0.240324,1.2866690476190477,34.599998474121094,2.9093374000120106e-14,0.0008098411243989878,0
-0.448404,0.350434,-1.0676285714285716,34.599998474121094,-1.914572016550875e-13,0.001043950102413021,1
-0.793523,0.00551956,-1.8893404761904762,38.90337375127461,0.05822279972182092,0.0002971091128706908,0
-0.702835,0.00160345,-1.6734166666666668,21.646355046707356,-0.7287104278023948,0.00048210972040958484,0
-0.282142,0.0248205,-0.6717666666666667,34.59971604032699,0.0005178266075879652,0.0010807021019986027,0
0.0660762,0.049778,0.15732428571428572,34.599998474121094,2.8471521381178526e-08,0.0005335909975564381,0
0.611735,0.141384,1.4565119047619048,34.599998474121094,2.244996464867913e-14,0.0013003871927328055,0
-0.309852,0.00277506,-0.7377428571428573,25.83855550828628,-0.13607687782795994,0.000995926301294336,0
0.147475,0.0887343,0.3511309523809524,34.599998474121094,-1.4221055272272496e-11,0.0005359861513972743,0
-0.309852,0.0398847,-0.7377428571428573,34.59999955846325,1.812454163801282e-07,0.0009059903996991133,0
-0.657491,0.0626438,-1.565454761904762,34.599998474121094,-7.683571692918718e-13,0.0011745022330207262,0
0.478906,0.00241613,1.140252380952381,33.190987995853824,0.29412885480160805,0.0006126637212472364,0
0.508424,0.0249546,1.2105333333333332,34.600002680392436,-1.8504364141705531e-06,0.0003580749059264783,0
0.461687,0.120238,1.099254761904762,34.599998474121094,9.488228366854781e-14,0.000651554533835492,0
0.0569394,0.0504549,0.13557,34.599998474121094,-1.9279115773612345e-09,0.0006795201992170846,0
0.604356,0.00371257,1.4389428571428573,35.29499449455537,0.19794443537234624,0.0008002065868010184,0
-0.644895,0.00224459,-1.5354642857142857,22.579581220964215,0.6513612740979207,0.0007906507267449043,0
0.373256,0.0120214,0.8887047619047619,35.9020557993216,-0.8681175295554285,0.0006806365426011962,0
-0.665048,0.109221,-1.583447619047619,34.599998474121094,3.897011928412286e-15,0.0012162909851081002,0
-0.246876,0.000533471,-0.5878000000000001,10.687360553437758,0.7417849525600608,0.0008996999318066537,0
0.604356,0.120238,1.4389428571428573,34.599998474121094,6.179269534532177e-14,0.0011246826710960528,0
-0.375349,0.000736083,-0.8936880952380952,10.83422526754819,-0.5169733855556493,0.000983847017314665,0
0.0139378,0.00665556,0.033185238095238094,35.83219004778247,0.036221880209535186,0.0006635572518571419,0
-0.0471665,0.00819732,-0.11230119047619049,36.62328067467846,-0.09099058592969876,0.0008832313555858051,0
0.515803,0.0233918,1.228102380952381,34.60001773387593,-1.7169131997645285e-05,0.0006115247370993916,0
-0.106687,0.0376188,-0.25401666666666667,34.59999973183297,-1.095538320521318e-07,0.0007176532365319128,0
-0.66001,0.0232916,-1.571452380952381,34.59917245415146,0.000850644746014158,0.0012221500635506803,0
-0.48871,0.000736083,-1.1635952380952381,12.445551666274476,0.043070606593196684,0.0010687617177316837,0
0.42725,0.000262757,1.017261904761905,5.654624361369749,-0.24948679303128493,0.00031204743807037644,0
0.466607,0.0586304,1.1109690476190477,34.599998474121094,-9.915350854707196e-14,0.000565052225340692,0
0.459228,0.00220321,1.0934000000000001,30.913286795268345,-0.24867131139873408,0.00028386377138402125,0
0.0414634,0.0501525,0.09872238095238095,34.599998474121094,5.5719683237174505e-11,0.0005889745912076509,0
0.218617,0.0866183,0.5205166666666667,34.599998474121094,-6.394510016086697e-09,0.0005939193862939523,0
-0.483671,0.0415779,-1.1515976190476191,34.599998474121094,4.399041691052525e-08,0.0004690705190138954,0
0.54532,0.00159146,1.2983809523809524,23.24464675820025,0.4764995944567861,0.0006136617887635989,0
-0.380387,0.00307642,-0.9056833333333333,31.217012875088436,0.3662187585309911,0.0009480251200642278,0
0.0310155,0.0442124,0.07384642857142858,34.599998474121094,8.840058077686874e-10,0.0006018408126342393,0
0.00933115,0.00735986,0.02221702380952381,34.23598713548062,-0.059326796735915226,0.0005922580535844852,0
0.332481,0.0314412,0.7916214285714287,34.5860753679004,-0.10167437745470168,0.0007059156079783752,0
-0.622223,0.120436,-1.4814833333333333,34.599998474121094,2.6011011296681733e-15,0.0012331061990735472,0
0.606815,0.2869,1.444797619047619,34.599998474121094,4.1515166585206957e-13,0.001189405561233347,0
0.118306,0.0496819,0.28168095238095237,34.60071043011968,-0.0017170125243067356,0.0006897584812029805,0
-0.692759,0.000449913,-1.6494261904761907,8.881547292562804,0.4408899122342645,0.0005104034399372017,0
-0.292218,0.000536751,-0.6957571428571429,9.047711366633584,0.36827931556313054,0.0006623533962141991,0
-0.029875,0.000447933,-0.07113095238095238,12.953939807761284,0.09645210547133151,0.0006798067278244902,0
-0.559245,0.0854577,-1.3315357142857143,34.599998474121094,-2.4926277580960103e-13,0.0012248210865518328,0
-0.584436,0.0538422,-1.3915142857142857,34.599998474121094,-1.745041171094868e-11,0.00023713324783819565,0
-0.66001,0.00224459,-1.571452380952381,23.556851295547382,0.24963979992053656,0.0008359636010619608,0
0.218617,0.092653,0.5205166666666667,34.599998474121094,1.937294500880896e-10,0.0001754581947296372,0
-0.531535,0.0364597,-1.2655595238095239,34.599998474121094,4.25354665787556e-08,0.0009276931970314091,0
0.132862,0.152561,0.31633809523809525,34.599998474121094,9.52307771355356e-14,0.0006913522911580777,0
-0.523977,0.056509,-1.247564285714286,34.599998474121094,1.9387798346805542e-11,0.0010159221795347673,0
0.523182,2.01598e-05,1.2456714285714288,2.9077586053964533,0.16122697339687186,0.00025349211036534454,0
-0.692759,0.016457,-1.6494261904761907,34.60011683222675,0.002163435873434468,0.0009526417740268032,0
0.387918,0.00382273,0.9236142857142857,10.945546991405964,-2.3974864134239255,0.0005660105005920946,0
-0.521458,0.00249839,-1.2415666666666667,28.426937872309384,0.11466653994000808,0.0009020323489449918,0
0.262754,0.0723546,0.6256047619047619,34.599999783159845,-2.984580731779693e-07,0.0006676745910366503,0
0.267605,0.14009,0.6371547619047618,34.59999847412109,-5.6258256660892706e-14,0.0008209323216614152,0
-0.249394,0.0014215,-0.5937952380952382,18.860851971723697,0.26398291484384523,0.0005589231030892029,0
0.162137,0.196596,0.3860404761904762,34.599998474121094,-1.8562931607207287e-13,0.0008782262069204365,0
-0.639857,0.00011738,-1.5234690476190478,5.495875938138958,0.9926421609497247,0.00012841840934501818,0
0.656012,0.0340972,1.5619333333333334,34.60000113470388,-8.117778139652043e-06,0.0005624103877319946,0
0.471527,0.0167381,1.1226833333333333,34.60051876930489,0.0002918177511634187,0.0002500815153845047,0
-0.526497,0.15184,-1.2535642857142857,34.599998474121094,3.7306624493748195e-14,0.0013417608291018284,0
0.330176,0.0182169,0.7861333333333335,1.850861632127509,-2.516577089646705,0.002203037880297044,0
0.0502004,0.024915,0.11952476190476191,34.60077016838289,0.0005748788336052445,0.0002321617246908864,0
-0.526497,0.0102458,-1.2535642857142857,34.53759942168651,0.1107967866946693,0.0010886939740664657,0
0.579758,0.240324,1.3803761904761904,34.599998474121094,1.2200864316721642e-13,0.0010207323290115848,0
0.628954,0.00403158,1.497509523809524,32.624119974913405,0.7692447096016485,0.0002983455773124071,0
0.0776761,0.0473489,0.18494309523809524,34.60000189926674,-1.2948040961999304e-06,0.00018237041237924154,0
0.169483,0.0810816,0.4035309523809524,34.599998474121094,-7.712096262769245e-09,0.0008772176307168638,0
-0.330005,0.0111307,-0.7857261904761905,34.3973603767662,0.04324286192493686,0.0007663746053357284,0
0.2014,0.226357,0.4795238095238095,34.599998474121094,-1.8535373225234595e-13,0.0009575157892049206,0
-0.322448,0.0203866,-0.7677333333333334,34.605024449162265,0.002723351016921877,0.0008310951777848153,0
0.0372472,0.0178764,0.08868380952380953,34.622935124349745,0.011709052728338434,0.0008505712553193376,0
0.0393472,0.0237914,0.09368380952380953,34.59966676997198,0.00031067684767372794,0.0005959853147549016,0
0.459228,0.0109542,1.0934000000000001,34.653022425909406,-0.01880198221439474,0.0007082389334238637,0
-0.846425,0.00224459,-2.0152976190476193,23.77526274259278,0.14097295056106943,0.00036062373707512274,0
-0.728026,0.00376114,-1.733395238095238,31.699329154098006,-0.29169678012762135,0.0005452874625359302,0
-0.433289,0.000536751,-1.0316404761904763,9.076110536300968,0.8309050436281002,0.0010417342780200635,0
-0.0471654,0.343075,-0.11229857142857144,34.431096998312874,-2.441069633943119,0.0015453134976422783,0
0.461687,0.0428898,1.099254761904762,34.599998474121094,9.175125160524736e-13,0.0007290660625152666,0
-0.508863,0.0451067,-1.2115785714285714,34.599998474121094,7.03059144575979e-09,0.0003872834766213494,0
-0.498786,0.00456941,-1.1875857142857142,33.54156250366114,0.3371503329937089,0.0006252218033270148,0
-0.304814,0.0432951,-0.725747619047619,34.599998474121094,-2.2345648517701664e-08,0.001093329651875849,0
-0.798562,0.00111175,-1.9013380952380954,17.73528357539984,0.28062835145538134,0.0008408977726703593,0
-0.712912,0.00340443,-1.697409523809524,31.926568426821426,0.3247380461575703,0.00016280380578146493,0
0.38547,0.240746,0.9177857142857143,34.599998474121094,-6.993348747059699e-14,0.000608365703363102,0
-0.720469,0.00111175,-1.715402380952381,16.40680267850256,0.19685278546837454,0.0004286916015448907,0
-0.622223,0.0296571,-1.4814833333333333,34.59999147773484,-8.278200856534091e-05,0.0009489587038041983,0
-0.169058,0.289965,-0.40251904761904767,34.599998474121094,6.462246155554123e-13,0.0010697448959757464,0
0.414952,0.0167869,0.9879809523809524,34.598518053664755,0.0011031982744670805,0.0006633285231689236,0
0.471527,0.00946284,1.1226833333333333,34.605234406294194,-0.001694038549053666,0.00026730599811691146,0
0.252995,0.225627,0.6023690476190477,34.599998474121094,-2.960653106580401e-14,0.0010104470411500773,0
0.0205396,0.0538158,0.04890380952380953,34.599998474121094,2.2814776708088616e-13,0.0009617856388784915,0
0.614195,0.000683475,1.4623690476190478,14.301117047865594,-0.00668760905677011,0.0007039656659083898,0
0.293059,0.0370724,0.6977595238095239,22.190338020030943,-5.4902787703077935,0.0006203409226013579,0
0.530562,0.0179225,1.2632428571428571,34.6002607533325,-0.0007072332564267566,0.0007673878194945755,0
0.508424,0.00199417,1.2105333333333332,25.42096381455106,0.21715722474115362,0.0005759565053462001,0
0.181745,0.0802293,0.4327261904761905,34.599998474121094,-3.29713700099456e-07,0.0003504466479388851,0
0.560079,0.00107041,1.3335214285714285,15.975542329919449,0.03727390659709108,0.0005823736500885282,0
-0.124115,0.00665243,-0.29551190476190475,37.705546578545004,0.12711056521750425,0.001078301185420611,0
0.1842,0.0530809,0.4385714285714286,27.019856059641068,3.49155226396498,0.0005497615089102016,0
0.0823778,0.0844937,0.19613761904761906,34.599998474121094,2.949998983133078e-14,0.0006832315394511469,0
0.0776761,0.0368223,0.18494309523809524,34.59962723678688,0.0006526844917540411,0.0007790078004921105,0
-0.700316,0.0432951,-1.6674190476190478,34.599998474121094,1.3632489089764616e-08,0.0009073128632595826,0
-0.614666,0.049138,-1.4634904761904763,34.599998474121094,4.273218085500705e-10,0.0011916260620299455,0
0.540401,0.20113,1.2866690476190477,34.599998474121094,-3.879419475922989e-14,0.0005636180611627065,0
0.619114,0.20113,1.4740809523809526,34.599998474121094,1.7132593567887468e-13,0.00040655741911901395,0
0.298736,0.0407407,0.7112761904761905,33.93448191384763,1.6230657754638629,0.0007202908945071562,0
0.325631,0.0150488,0.7753119047619048,1.835472832496733,-2.514161124990331,0.006785266595844264,0
0.262754,0.0900044,0.6256047619047619,34.599998474121094,2.0294351890487136e-11,0.00074285433085455,0
-0.607108,0.0111307,-1.4454952380952382,34.09919168547721,0.0466318404224689,0.0011869977058601958,0
-0.755737,0.0203866,-1.7993738095238097,34.59571862878683,0.0056089827811504935,0.0007976678014936809,0
-0.0175441,0.00722302,-0.041771666666666665,37.85014266663967,0.11659548305390946,0.0002104228330962033,0
-0.31489,0.0538422,-0.7497380952380953,34.599998474121094,3.919440860585951e-12,0.001165382374684789,0
-0.0644898,0.000342512,-0.15354714285714285,7.105571909987275,-0.2141178964932295,0.0004347638066333726,0
0.243194,0.0533361,0.5790333333333333,39.34092870958072,-3.677862237433551,0.0001594808055109486,0
-0.236807,0.00779171,-0.5638261904761904,35.02091767205781,-0.05376070652249923,0.0009342892321433973,0
-0.642376,0.000736083,-1.5294666666666665,10.77162466258307,-0.05710859064280539,0.0007789178360011573,0
-0.690239,0.0415779,-1.6434261904761907,34.599998474121094,3.135407343184081e-08,0.000853743272445072,0
-0.204139,0.0347013,-0.4860452380952381,34.599998648942076,1.7756728601885222e-07,0.000877472710869881,0
-0.619704,0.0190173,-1.4754857142857145,34.61785334843,-0.0018830440331102977,0.0006755446830740218,0
0.656012,0.050502,1.5619333333333334,34.599998474121094,6.829440941013494e-11,0.0003241787340471825,0
-0.700316,0.0218124,-1.6674190476190478,34.601386041199035,-0.002343098493013889,0.000901177194492863,0
0.162137,0.072577,0.3860404761904762,34.60000228881836,5.775639675964242e-06,0.0008237656234017444,0
-0.0496393,0.00888903,-0.11818880952380952,35.6691658110858,-0.0036166146976948045,0.0010035742026553301,0
0.203859,0.0679918,0.4853785714285715,34.598362659843694,-0.003030588799996483,0.0006450590554256151,0
-0.702835,0.00179869,-1.6734166666666668,23.339476384936887,-0.8074985546796517,0.0005822582595634024,0
-0.40306,0.034742,-0.9596666666666667,34.600001229150884,1.0300844911575033e-06,0.0006694746082260682,0
-0.45848,0.245479,-1.0916190476190477,34.599998474121094,2.2960435548022967e-13,0.0017437012833158893,0
-0.508863,0.0796833,-1.2115785714285714,34.599998474121094,4.5034095859716795e-14,0.0004902925922426132,0
-0.209158,0.150564,-0.49799523809523816,34.599998474121094,-7.277796859053146e-14,0.0009708534346306694,0
-0.581917,0.00307642,-1.3855166666666667,35.144330429513936,0.11802660739148228,0.0006148021621739771,0
-0.828791,0.000370666,-1.973311904761905,7.605993692171258,0.09707766111966086,0.0009287246224667266,0
-0.511382,0.00011738,-1.2175761904761906,6.746637919869487,0.15532880545834482,0.00025297752672475766,0
-0.450923,0.056509,-1.0736261904761906,34.599998474121094,-1.1040662084031697e-11,0.0006811934551940314,0
0.478906,0.000361505,1.140252380952381,6.975484611696603,0.2158868178365905,0.00042271874403078337,0
0.0310155,0.0283523,0.07384642857142858,34.60000362477312,2.207514352000006e-05,0.0008096377993871133,0
0.621574,0.0558248,1.4799380952380952,34.599998474121094,-2.900178849476509e-12,0.0012407480033778148,0
-0.801081,0.0130776,-1.9073357142857144,34.566788353884405,0.019121698757583308,9.247225776291123e-05,0
0.0183763,0.0662596,0.043753095238095244,34.599998474121094,1.4096271483893443e-13,0.0005985966085996333,0
-0.473595,0.0130776,-1.1276071428571428,34.3836365884257,0.04854066804395471,0.001185690848900364,0
-0.40054,0.00663106,-0.9536666666666668,35.654685612245096,0.09734431609805201,0.0007744182474239671,0
-0.0372808,0.0279705,-0.08876380952380954,34.599985227596704,7.370089280491957e-05,0.0009651427526872629,0
-0.68772,0.0111307,-1.6374285714285715,34.685851116623056,0.019737001348589703,0.0005937371060231876,0
0.525642,0.0614957,1.2515285714285715,34.599998474121094,-2.058702792491404e-13,0.0006129825430300005,0
0.0226725,0.0144125,0.05398214285714286,34.654736831438136,0.001627977097136945,0.0007127176018925842,0
-0.284661,0.074633,-0.6777642857142857,34.599998474121094,-1.6358674272079176e-13,0.0011792961596844823,0
0.407573,0.0647929,0.9704119047619049,34.599998474121094,-1.0065286094482817e-13,0.0007153257919084503,0
0.281496,0.0470076,0.6702285714285715,34.56655208952288,0.40045706202577064,0.0007534573581381017,0
-0.468557,0.0280088,-1.1156119047619049,34.60003612002911,2.0396098332403024e-05,0.0002663812047066623,0
-0.8036,0.00126126,-1.9133333333333333,15.01319746887965,0.4717106650542781,0.0010702318548313377,0
0.228454,0.0968786,0.5439380952380952,34.599998474121094,1.7506315925733337e-12,0.0008047379778194459,0
0.643712,0.103788,1.532647619047619,34.599998474121094,1.1824829415241812e-13,0.0006165913580554181,0
-0.302295,0.00111175,-0.71975,17.030952404750973,0.1466280035867999,0.000913550357759257,0
-0.350158,0.0330307,-0.8337095238095239,34.5999999144314,3.1364458711088503e-06,0.000932657039287117,0
0.643712,0.000424474,1.532647619047619,8.171136734483895,0.2811082662115489,0.0007274424878152846,0
-0.00769115,0.00407434,-0.018312261904761904,34.14595363693599,0.5291684281599669,0.0007867890298646954,0
0.505964,0.0614957,1.2046761904761905,34.599998474121094,-1.3577614970831766e-13,0.0004459552124075741,0
0.319005,0.291467,0.7595357142857143,34.599998474121094,-7.633390405954038e-08,0.0008730694582900026,0
-0.191598,0.0880068,-0.4561857142857143,34.599998474121094,1.1471313702795047e-13,0.0007880619851314008,0
-0.647414,0.0626438,-1.541461904761905,34.599998474121094,1.1486890019942759e-13,0.0009791431216672145,0
0.503504,0.0405467,1.1988190476190475,34.599998474121094,-2.1311192939102303e-11,0.00023026522293125219,0
-0.392983,0.070174,-0.9356738095238096,34.599998474121094,-1.1097432896696156e-13,0.0010770293150724694,0
-0.0422215,0.0335262,-0.10052738095238097,34.599998474121094,1.4295869146816534e-06,0.0009471151208669385,0
-0.365273,0.0232916,-0.8696976190476191,34.599931970277,-0.0007203395177857658,0.0012169532686353785,0
-0.226746,0.00589842,-0.5398714285714286,39.68944268837427,-0.13954386573925762,0.0008578151268127999,0
-0.690239,0.00340443,-1.6434261904761907,29.818436630655025,0.3481382150113971,0.0008856064858384049,0
-0.299776,0.350434,-0.7137523809523809,34.599998474121094,-1.7619057254836257e-11,0.0017337448946903328,1
-0.670086,0.0130776,-1.5954428571428572,33.95339900798379,-0.017406196054472124,0.0006611243394637936,0
0.456768,0.0320499,1.0875428571428571,34.599998474121094,3.1486357370644835e-08,0.0007178387760434285,0
0.523182,0.0249546,1.2456714285714288,34.60000348889068,6.266460726997377e-06,0.0008280381726542805,0
-0.848944,0.00414872,-2.021295238095238,34.68801748349545,0.38636544036270426,0.000949314420933124,0
0.325631,0.17626,0.7753119047619048,34.599998474121094,-2.3027728669313133e-14,0.0008022279627197764,0
0.469067,0.00140437,1.1168261904761905,20.529444122064724,0.5517432826738542,0.00030187804233327767,0
0.113471,0.0477419,0.27016904761904764,34.59904910901527,-0.0024673286179064872,0.0005856789751843555,0
-0.846425,2.17492e-05,-2.0152976190476193,5.1096971708565615,0.5953898120476985,0.0007889320490169651,0
-0.40054,0.000370666,-0.9536666666666668,10.938708187841318,0.17851511474408532,0.0005907511511593594,0
-0.000310083,0.00407666,-0.0007382928571428572,37.5307357002739,0.393344091155189,0.0008041246186191256,0
-0.692759,0.00307642,-1.6494261904761907,27.867476598382144,0.18969109293137587,0.0008544024381134164,0
0.0569394,0.0281401,0.13557,34.59936445920054,0.0005518052092920811,0.0005564868971735302,0
-0.0372817,0.0126127,-0.08876595238095239,34.488796036527326,0.027317140388580102,0.0007924676853459578,0
-0.821234,0.0330307,-1.9553190476190478,34.59999903388239,-2.6447328047498332e-06,0.0006991853072881289,0
-0.141571,0.0210709,-0.33707380952380955,34.60039516011644,-0.0013976577487381171,0.0009625717560600672,0
0.380578,0.0701765,0.9061380952380953,34.599998474121094,1.4907397314934918e-14,0.0005896185775172858,0
0.306526,0.0371977,0.7298238095238097,34.724211561282424,0.5500147284852198,0.00032525240557273864,0
-0.322448,0.016457,-0.7677333333333334,34.617070705748596,0.01455088821342032,0.0007750709288391695,0
0.560079,0.000221758,1.3335214285714285,8.565365135386372,-0.023508388746645327,0.0012141633610784134,0
-0.164056,0.0191895,-0.39060952380952385,34.599331360656755,-9.449147196743566e-05,0.00043958492508281224,0
0.334804,0.0109096,0.797152380952381,4.226580191484323,-3.9281256224512955,0.007373151194571686,0
0.5527,0.2869,1.315952380952381,34.599998474121094,-3.398566504489919e-14,0.0006049563801280107,0
-0.54413,0.0415779,-1.2955476190476192,34.599998474121094,-1.3154446395051982e-08,0.000578083426826853,0
0.132862,0.138149,0.31633809523809525,34.599998474121094,-1.379892659347906e-14,0.0008584991217855249,0
-0.109176,0.00387943,-0.25994285714285714,33.25875954347869,0.1580760704224173,0.0002581947258738405,0
-0.629781,0.000736083,-1.4994785714285717,10.630258804215693,0.1325778102149197,0.0011880182249886155,0
-0.506344,0.0190173,-1.2055809523809524,34.6193485538066,-0.008643482321093516,0.0007828139909136305,0
0.115888,0.0444912,0.27592380952380957,34.59823313176587,0.015228902620143205,0.0004556995465627085,0
0.265183,0.1404,0.6313880952380952,34.599998474121094,-2.2913585496923093e-13,0.0005850306038160066,0
0.397736,0.00295045,0.9469904761904762,19.266753623732672,-2.519671125162348,0.00070398963607386,0
0.397736,0.0323358,0.9469904761904762,34.599998474121094,-1.2628833013664302e-07,0.0008098838700760377,0
0.135293,0.298664,0.32212619047619045,34.599998474121094,-9.936425743876569e-07,0.0010615843111945178,0
0.334804,0.02394,0.797152380952381,37.34451590325441,-2.9158456035356384,0.0006045965510336732,0
0.00456539,0.00403979,0.01086997619047619,38.502648686618706,1.067667061485105,0.000982437885320006,0
-0.0348121,0.00299307,-0.08288595238095238,27.197454668010757,0.3984904726413102,0.0009659351563834055,0
-0.450923,0.0248205,-1.0736261904761906,34.59956829101709,-0.0002117075959537655,0.0010356353978467775,0
-0.66001,0.0218124,-1.571452380952381,34.60089626696298,0.0033333576033792904,0.0011540324204259013,0
0.339498,0.0151269,0.8083285714285715,1.7569970392034426,-2.901168221074785,0.0018040112196739367,0
0.206318,0.156935,0.49123333333333336,34.599998474121094,8.388039638333028e-14,0.0003512587830583869,0
-0.644895,0.0120741,-1.5354642857142857,34.547180489457105,0.05449393890373331,0.00019174007572836187,0
-0.675125,0.0313334,-1.6074404761904761,34.600005843593514,-0.00011450804232932641,0.000131600805851266,0
-0.443365,0.0662043,-1.0556309523809524,34.5999984741211,1.2365809289059313e-13,0.0012777573742099896,0
0.437089,0.0361216,1.0406880952380952,34.599998474121094,-7.781835927493033e-11,0.00044940321182327373,0
0.270019,0.0711525,0.642902380952381,34.59999814373178,-2.9316376691453498e-06,0.00028207119376659007,0
-0.20916,0.00691677,-0.49800000000000005,36.38298653207373,0.011124486900113447,0.0010695750790877658,0
0.113471,0.0444757,0.27016904761904764,34.61012416390026,0.00021003254435833388,0.0006731202064038144,0
-0.612147,0.000298361,-1.4574928571428571,7.530051833847799,0.666477990426715,0.0010392337607429453,0
-0.000309998,0.0127076,-0.0007380904761904763,34.60192622082629,-0.0393966294416445,0.0005197418257418332,0
-0.750698,0.00126126,-1.7873761904761905,15.804640426720068,0.42047120119558656,0.0011495179180851661,0
0.461687,0.0586304,1.099254761904762,34.599998474121094,1.9110062860953914e-13,0.0006712920744449465,0
-0.0595364,0.0211574,-0.14175333333333334,34.59985280005675,-0.00016579871581733936,0.0004872507417714291,0
-0.0992275,0.343075,-0.23625595238095237,34.474925112974375,-1.6999608310888352,0.00011620045550336302,0
-0.843906,0.000370666,-2.0093,8.186651120939606,0.515845832757087,0.0006078372457831948,0
-0.367792,0.0190173,-0.8756952380952382,34.599326055604486,0.000792267107572482,0.001142086109802268,0
-0.733065,0.0111307,-1.7453928571428572,34.37015867721806,-0.09349719722645801,0.0003040175447356044,0
-0.294737,0.0190173,-0.701754761904762,34.61945540458004,0.005525459113543346,0.0010708850848408845,0
-0.226746,0.0653045,-0.5398714285714286,34.599998474121094,1.3068664984840517e-13,0.001049134508263964,0
-0.780928,0.00277506,-1.8593523809523809,28.729167756377205,0.08499031387592362,0.0009827541634592977,0
-0.768332,0.00864453,-1.829361904761905,34.77119506080354,-0.010001967299836736,0.0009234147126903714,0
0.481366,0.0405467,1.1461095238095238,34.599998474121094,1.7392254901879914e-11,0.0007225769470473682,0
-0.450923,0.00376114,-1.0736261904761906,31.561564781893612,0.24251021425500838,0.0009414208202666954,0
-0.156555,0.241831,-0.37275,34.599998474121094,-6.5746237733067176e-15,0.0007552189733336471,0
-0.31489,0.000975072,-0.7497380952380953,13.458303877988705,-0.28518420956408824,0.0009885566862468601,0
-0.710392,0.00663106,-1.691409523809524,40.47052852159726,-0.06210505415635774,0.0004701060206998977,0
-0.768332,0.0330307,-1.829361904761905,34.599998474121094,-2.1589706900496876e-06,0.0010694707373704552,0
0.604356,0.00700834,1.4389428571428573,36.39088724286371,-0.211658377636499,0.00041630007569867507,0
-0.463518,0.00307642,-1.1036142857142857,27.244015335977878,0.05148909777838937,0.0010587119998058485,0
-0.289699,0.000975072,-0.6897595238095238,12.70725649992448,-0.23813074158200537,0.0011011426996464825,0
-0.541611,0.00864453,-1.28955,34.15172482113168,0.04668316544835348,0.00039703473776046144,0
0.520723,0.00178907,1.2398166666666668,23.653543228067786,0.019349841771100062,0.0005409196922536191,0
-0.0471663,0.0605484,-0.1123007142857143,34.599998474121094,1.0948624993156224e-14,0.0008424074476713736,0
0.43463,0.0135797,1.0348333333333335,34.61231467551915,-6.630774079590833e-05,0.0006609664787425453,0
0.589597,0.0301464,1.4038023809523812,34.600004941838,-1.358449190275872e-07,0.0005437515761851103,0
0.619114,0.000584202,1.4740809523809526,9.188890778852825,0.07294218865771425,0.0006690614005667669,0
0.298736,0.346446,0.7112761904761905,34.423399803372924,0.6587379996813184,0.01416863505059193,0
0.368385,0.0126939,0.877107142857143,36.903981515307706,-2.1398533303107063,0.00022754545958745298,0
0.0706838,0.0469422,0.16829476190476192,34.599999957373996,-2.7257326518483836e-07,0.0007127436866781073,0
-0.823753,0.0662043,-1.9613166666666666,34.599998474121094,-5.981485241967847e-14,0.0009840866136545782,0
-0.760775,6.73557e-05,-1.8113690476190476,5.786706635346696,-0.0670230204730076,0.000803586272327971,0
0.461687,0.0320499,1.099254761904762,34.599998474121094,7.45681465771e-09,0.0008250837448479186,0
0.508424,0.0405467,1.2105333333333332,34.599998474121094,3.799944476103407e-11,7.579086775797917e-05,0
0.103833,0.0531566,0.24722142857142856,34.60002063649715,-5.1669104029446566e-05,0.0006821598769559915,0
0.164585,0.0532978,0.3918690476190477,34.99408053844623,0.06881576338800108,0.000226053578505553,0
-0.0992283,0.000152094,-0.23625785714285716,5.616559557040713,0.1957940293703915,0.0009356682331210465,0
0.35384,0.00863986,0.8424761904761905,1.9896505875539081,-1.6385443259730503,0.0032172682939893664,0
-0.0992285,0.0088927,-0.23625833333333335,34.77481426017724,-0.0408480349940532,0.00023093625154900512,0
0.142598,0.108638,0.33951904761904766,34.599998474121094,-2.0812202325281432e-13,0.0005376915329438829,0
0.660931,0.0102278,1.5736452380952384,34.65955053807754,-0.012159047051751167,0.0010535793122043013,0
0.00696582,0.00195492,0.016585285714285716,20.288761870642976,0.9008274651980474,0.00042303408211812955,0
-0.677644,0.00011738,-1.6134380952380953,6.68248033064049,0.2526767143560544,0.00017430035735644482,0
0.621574,0.0101844,1.4799380952380952,33.992280669611084,0.16508809134212507,0.00028938766852122763,0
-0.324967,0.0296571,-0.7737309523809525,34.59999616281419,-8.06638449364558e-05,0.0012280360389846762,0
-0.279623,0.0921318,-0.6657690476190476,34.599998474121094,-1.8918077642624653e-13,0.000666754443461788,0
-0.330005,0.0218124,-0.7857261904761905,34.59957995995116,0.0023196423664659685,0.0010562137144158599,0
0.0918627,0.0971603,0.2187207142857143,34.599998474121094,1.2242068238956577e-15,0.0007760381260815056,0
-0.234291,0.0242909,-0.5578357142857143,34.59995255370348,3.945116160052748e-05,0.0007908957804697529,0
-0.395502,0.034742,-0.9416714285714286,34.60000228881835,1.071529034975915e-06,0.0010056908554432421,0
0.601896,0.0167381,1.4330857142857143,34.60230746894067,0.002164208784671382,0.0005087698811869138,0
-0.48871,0.00224459,-1.1635952380952381,23.134688123362693,0.13945618484662614,0.0004516019504696957,0
0.287425,0.0646254,0.6843452380952381,34.60000112419175,6.83627682921324e-06,0.0007162792655203516,0
0.510883,0.240324,1.2163880952380952,34.599998474121094,-9.61213235204846e-14,0.00029624795712302734,0
-0.466038,0.0796833,-1.1096142857142857,34.599998474121094,5.8487896613205565e-15,0.0008714186348037817,0
0.179291,0.0529467,0.42688333333333334,34.62475358034595,4.043243720472471,0.0005426297063303284,0
-0.443365,0.0470487,-1.0556309523809524,34.599998474121094,-8.720276952213249e-10,0.000523962897171019,0
-0.662529,0.000232402,-1.5774500000000002,6.753778311635089,0.041490097228627267,0.0005501574703143938,0
-0.0694446,0.000478824,-0.16534428571428572,8.396166644353109,-0.6371645531736848,0.0005461945529667556,0
0.471527,2.01598e-05,1.1226833333333333,2.6156189777456667,-0.0556818121713127,0.00021479939534950167,0
-0.13658,0.0333197,-0.3251904761904762,34.60000273391383,5.0009694603258415e-06,0.0010122334972993594,0
-0.662529,0.0513947,-1.5774500000000002,34.599998474121094,-1.984141073009651e-12,0.000555685803119573,0
-0.196613,0.000114029,-0.46812619047619053,9.86359204319202,-0.02654485962744091,0.0008792761658731667,0
-0.156556,0.00697857,-0.37275238095238095,35.36045885785267,-0.2214899139295806,0.001012381689188145,0
0.191568,0.0531901,0.4561142857142857,17.776080199446803,1.6890926533970199,0.00017594797854463042,0
0.159691,0.0577774,0.3802166666666667,34.6354588531026,0.11222398880699869,0.0007088324134064233,0
-0.460999,0.0111307,-1.0976166666666667,34.00897591060334,0.09707451488266165,0.0007808329736094539,0
0.0990326,0.0591336,0.23579190476190476,34.5999986325863,-2.724826908687435e-07,0.00076719658253183,0
-0.385426,0.000631885,-0.9176809523809524,9.988646564193937,0.3782694780009896,0.0006381433877993465,0
0.337143,0.0115246,0.8027214285714287,1.5920655898218146,-1.4442158313551055,0.006027366384580957,0
0.0247799,0.00934528,0.05899976190476191,33.512530803428355,-0.44377882783021594,0.0007364142985980928,0
0.00933115,0.0251135,0.02221702380952381,34.60000195972966,1.123705833558645e-05,0.0007088770450214466,0
0.368385,0.0332,0.877107142857143,34.59998797680654,-1.8032081252650478e-05,0.000692179277515889,0
0.405113,0.00488376,0.964554761904762,40.0739800348328,-0.7260156114663805,0.0006411323785797668,0
-0.51642,0.00663106,-1.2295714285714285,36.2201743113155,0.20860451310902758,0.0004290250986795439,0
-0.811157,0.000232402,-1.9313261904761907,6.280067402049899,0.45962739849172446,0.0009436510865152247,0
0.646172,0.00555567,1.5385047619047618,37.548035785907174,0.054544855447482506,0.00039762997985293635,0
-0.715431,0.070174,-1.7034071428571431,34.599998474121094,-2.8523752632446014e-14,0.000604029441626019,0
-0.629781,0.0364597,-1.4994785714285717,34.60000142838177,2.325255153563081e-07,0.0007819019372331724,0
-0.179071,0.000772518,-0.42635952380952385,10.833976246890678,0.3829411485633628,0.0010538940697280086,0
-0.136581,0.0183049,-0.3251928571428572,34.608063498477065,0.003168155215282014,0.0007858251434863131,0
-0.722988,0.059429,-1.7214,34.599998474121094,-4.286170805587022e-13,0.0010848477291944966,0
-0.279623,0.00179869,-0.6657690476190476,20.630677489921943,0.43464049541978844,0.0006168239088221318,0
-0.337562,0.0248205,-0.8037190476190476,34.59973052141858,0.0004992513030634381,0.000572760969323787,0
-0.413136,0.000850177,-0.9836571428571429,11.952532880107242,0.8852708073994907,0.0008980407917427498,0
-0.337562,0.0120741,-0.8037190476190476,33.41210784966682,0.1283995797008254,0.0008524349406407124,0
-0.821234,0.00864453,-1.9553190476190478,34.78888271868443,-9.885364728394091e-05,0.0009742239929903344,0
-0.712912,0.0232916,-1.697409523809524,34.60004984584564,0.00025361746053119015,0.0012848964078818813,0
0.407573,0.00104756,0.9704119047619049,8.106433393122256,-0.38471031425324614,0.00058653069983933,0
-0.297256,0.0130776,-0.707752380952381,34.40225077059576,0.02054055115603469,0.0008498324123508395,0
0.439549,0.045318,1.0465452380952383,34.599998474121094,-6.508550168229272e-13,0.0006890909755793964,0
-0.0200076,0.0327508,-0.04763714285714286,34.600003401477494,-1.010428994064271e-06,0.0009536942401387898,0
0.035161,0.0194788,0.08371666666666666,34.603344033805385,-0.0019344786257182154,0.0006833441848306332,0
-0.796043,0.00224459,-1.8953404761904762,23.061153126571558,0.29792635420132757,0.0004074900441263578,0
0.451848,0.000361505,1.0758285714285716,7.709751029835846,0.2534306243574725,0.0004656064330797587,0
-0.821234,0.0364597,-1.9553190476190478,34.600000608817844,9.536526654015765e-07,0.0011604498656998439,0
0.277115,0.0474768,0.659797619047619,35.56151748327439,-0.5437207060814175,0.0007632778227108539,0
-0.239323,0.00044329,-0.5698166666666667,7.988284592676678,0.345783488078343,0.00048315164065416445,0
-0.496267,0.0102458,-1.1815880952380953,34.70389382672479,0.014209784286295758,0.0007335210520160596,0
-0.17907,0.130095,-0.4263571428571429,34.599998474121094,-1.7026864430800665e-13,0.0006489762341040279,0
0.589597,0.0233918,1.4038023809523812,34.599984369977406,0.00015432844563526062,0.0008689119256035466,0
0.42971,0.0646921,1.0231190476190477,34.599998474121094,-1.1943653929054956e-13,0.0007422138011449219,0
-0.1042,0.124938,-0.24809523809523812,34.599998474121094,-1.1069933749950646e-13,0.00026302742632184495,0
0.417411,0.0742684,0.9938357142857143,34.599998474121094,-1.6998037694375152e-13,0.000830227430379945,0
-0.682682,0.0513947,-1.6254333333333335,34.599998474121094,2.4884801998961557e-10,0.0012110930402779354,0
-0.0348121,0.0144774,-0.08288595238095238,34.50125529096144,-0.07421780057243811,0.0004713770824137061,0
-0.455961,0.0232916,-1.0856214285714285,34.59854152699825,0.0014203050853595083,0.0007779248078240382,0
-0.156556,0.000549526,-0.37275238095238095,9.228147329837755,-1.0241432954895913,0.0006488796855391589,0
-0.647414,0.00011738,-1.541461904761905,9.25585071271164,0.2766012855370139,0.000876426175236829,0
-0.778409,0.000449913,-1.8533547619047621,8.172973954392518,0.8445252162241081,0.0009738891431427786,0
0.54532,0.0117748,1.2983809523809524,34.68316906451382,-0.03509776622063331,0.00040729315232460435,0
0.501044,0.000221758,1.192961904761905,5.343954329392743,0.13958576186666333,0.00032375313380049263,0
-0.420693,0.120436,-1.00165,34.599998474121094,-2.0031276880481275e-13,0.0009151800652649892,0
-0.423213,0.00277506,-1.0076500000000002,25.99786319534407,0.05695200403877364,0.0011362952846953277,0
0.293059,0.061766,0.6977595238095239,34.59999344125155,-2.3501418261246327e-05,0.0005448662344364035,0
-0.24184,0.00599175,-0.5758095238095239,37.53628505587436,-0.13064497429407607,0.0008690621822815979,0
0.115888,0.0526945,0.27592380952380957,34.599608275591066,0.00025897140629102387,0.00026371079611766605,0
-0.332524,0.00011738,-0.7917238095238095,6.105028704651924,0.09602489208900432,0.00015403727944155482,0
-0.106688,0.0227115,-0.25401904761904764,34.59993121983681,-0.00022813639437220664,0.0009009452481529245,0
0.171934,0.122283,0.4093666666666667,34.599998474121094,-2.3481135566668167e-14,0.0007475747552387721,0
-0.0694448,0.000407409,-0.1653447619047619,7.7507121942496955,-0.6838288622877499,0.0004849157803986669,0
-0.0249408,0.00676621,-0.05938285714285714,39.289695435478215,0.3100530026811326,0.0012468947492739555,0
0.198942,0.123535,0.47367142857142863,34.599998474121094,4.877792533225657e-15,0.0007068368991101784,0
0.542861,0.0145695,1.2925261904761907,34.59292209717047,0.0038513013013251425,0.0006939634901291096,0
0.310571,0.0242672,0.7394547619047619,2.03614171362324,-2.6054705324052243,0.0037085699768476346,0
-0.25947,0.0381765,-0.6177857142857143,34.599998474121094,1.1884594108317481e-07,0.0007184205212483556,0
0.564999,0.000683475,1.3452357142857143,10.954703584414744,-0.34151014538283003,0.0009768719858855043,0
0.0730048,0.346554,0.17382095238095238,34.386750001684575,-0.7831808534069274,0.012852103018175286,0
0.120727,0.0454448,0.2874452380952381,34.64031721969252,0.14533113041380347,0.0006037396782843081,0
-0.214181,0.174403,-0.509954761904762,34.5999984741211,9.822656849623485e-14,0.0008855011656348223,0
0.419871,0.0646948,0.9996928571428572,34.599998474121094,-2.8067793740902836e-14,0.0007806191687042843,0
0.194026,0.0540824,0.4619666666666667,25.546963775337066,1.8960798993554202,0.0006086421909669363,0
0.584677,0.00199417,1.3920880952380954,21.931728667438687,0.08787840669766574,0.0004773288736317457,0
0.162137,0.0627251,0.3860404761904762,34.59823523915898,-0.005473302004871771,0.0005498402780422225,0
-0.617185,0.350434,-1.4694880952380953,34.599998474121094,-1.7490503945345737e-13,0.0016667083408559184,1
0.557619,0.000262757,1.3276642857142857,6.5627115354955645,0.3176173140794107,0.0011624890135873717,0
-0.652453,0.0177069,-1.5534595238095237,34.61437712576123,0.012955328894124454,0.0013007189961798205,0
0.103833,0.191607,0.24722142857142856,34.599998474121094,-1.4580011884491422e-13,0.0006564178799209464,0
0.341865,0.00869192,0.8139642857142857,1.9614259473003717,-1.4875271816559126,0.0070467949331701205,0
-0.6323,0.0330307,-1.5054761904761904,34.600000615371954,-1.315380304282022e-05,0.0010954782456206943,0
-0.468557,0.350434,-1.1156119047619049,34.599998474121094,-1.9987044788324915e-13,0.00110735663265937,1
-0.194106,0.00431396,-0.4621571428571429,32.18064761909125,0.34263305316684506,0.0009435646460005191,0
-0.680163,0.00376114,-1.6194357142857143,32.88364047780304,0.42512862207633484,0.0002627042485594665,0
0.279359,0.0713391,0.6651404761904762,34.599998474121094,5.728614968500733e-07,0.00013488578134881365,0
0.341865,0.0553731,0.8139642857142857,34.5999984741211,3.011909043380379e-08,0.0006959356184543443,0
-0.438327,0.15184,-1.0436357142857144,34.599998474121094,2.6319309224055925e-14,0.0006653904859463618,0
-0.144067,0.00110714,-0.3430166666666667,13.354673834896868,-0.12145830690055315,0.0011544028745023277,0
-0.385426,0.0796833,-0.9176809523809524,34.599998474121094,1.112474849458352e-13,0.00044374729688903146,0
-0.634819,0.0538422,-1.5114738095238096,34.599998474121094,4.688264228340766e-12,0.0010108703972255778,0
0.252995,0.107825,0.6023690476190477,34.599998474121094,4.925910779276665e-14,0.0004962197876562056,0
-0.0917739,0.0195301,-0.21850928571428574,34.59855323155874,0.00049794759176818,0.0004700888819498649,0
0.651092,0.00178953,1.5502190476190476,18.610551475314743,0.167872706693641,0.0003235139566360513,0
-0.28718,0.0513947,-0.6837619047619048,34.599998474121094,3.439692229291654e-11,0.0004334451096646531,0
0.361097,0.0152945,0.859754761904762,39.124236168490874,-2.640695144894847,0.0006009917687413903,0
-0.423213,0.00792391,-1.0076500000000002,35.504815875174806,-0.034863003042925986,0.0011353472483696138,0
0.665851,0.000364304,1.5853595238095237,8.170238450600632,0.10455969932530638,0.0007092746512796893,0
-0.204139,0.0644429,-0.4860452380952381,34.599998474121094,2.0528366088650586e-15,0.0010639018098229564,0
-0.750698,0.070174,-1.7873761904761905,34.599998474121094,-4.563381664002838e-15,0.0009406467424992385,0
-0.00276774,0.045401,-0.006589857142857143,34.599998474121094,-1.3133361414800724e-11,0.0005921107110472126,0
0.0753363,0.044226,0.17937214285714284,34.599998474121094,5.146665018402814e-06,0.0006633296647286088,0
-0.798562,0.00126126,-1.9013380952380954,18.601047415816254,0.28394550388237416,0.0007134546511341019,0
-0.219206,0.00534093,-0.5219190476190476,37.76953355050462,-0.27240124386410225,0.0007328025191973364,0
-0.493748,0.0130776,-1.1755904761904763,33.93217668317101,-0.08106581360412936,0.0006041721077809059,0
-0.8036,0.000370666,-1.9133333333333333,7.56611525367333,0.4414678300985515,0.0003707160737681015,0
-0.697797,0.134283,-1.6614214285714286,34.599998474121094,2.536744094523632e-13,0.0008325463426359356,0
0.334804,0.0597684,0.797152380952381,34.5999984741211,4.1142727807214794e-09,0.0006150511037653056,0
-0.186586,0.00262885,-0.44425238095238095,23.855508595357602,0.6162829207773675,0.0010424780964637754,0
-0.60207,0.0662043,-1.4335,34.599998474121094,-1.777388759880084e-13,0.0010736621721944793,0
-0.0793628,0.00530049,-0.1889590476190476,43.13115487917871,-0.3750998994451177,0.00017708712113355266,0
-0.823753,0.0398847,-1.9613166666666666,34.599998474121094,2.9389858236788377e-07,0.00038524745284882443,0
0.407573,0.00383321,0.9704119047619049,36.44848816112344,-1.0133937318846766,0.0007079795102988211,0
0.334804,0.010792,0.797152380952381,5.107090198677419,-4.624288035201142,0.007484936195278772,0
-0.214182,0.00759291,-0.5099571428571429,34.98890874181948,-0.17599203451170345,0.000836547089023146,0
-0.599551,0.000975072,-1.4275023809523808,12.891884875050598,0.8617334597743881,0.0011145761573748579,0
-0.45848,0.0152687,-1.0916190476190477,34.56586074924543,-0.023202627811332126,0.0006016670062707766,0
0.356255,0.171188,0.8482261904761905,34.599998474121094,1.0408309081726266e-14,0.0005374563877765846,0
-0.40306,0.350434,-0.9596666666666667,34.599998474121094,-1.9111089392866848e-13,0.00045990629521950677,1
-0.670086,0.174864,-1.5954428571428572,34.599998474121094,-1.632743431899216e-13,0.0014478566598442732,0
-0.408098,0.00941776,-0.9716619047619048,34.12267715488702,0.12803420945110316,0.0009695238860407937,0
-0.788485,0.0141423,-1.8773452380952382,34.55355542377735,0.01676428662641453,0.0008563758196838932,0
-0.272065,0.00111175,-0.6477738095238096,13.768424575696843,0.3768284534327218,0.0010649940800846833,0
0.592057,0.0558248,1.409659523809524,34.599998474121094,8.311266833818531e-14,0.0006283737706071845,0
0.621574,0.00030808,1.4799380952380952,5.604315632361062,1.2699077729454755,0.0006514588186674921,0
-0.277103,0.00551956,-0.6597690476190476,41.56228302853286,0.44452413612371566,0.0005304597085318517,0
0.0871081,0.165238,0.20740023809523808,34.599998474121094,1.4558381127765116e-14,0.0005442223521253858,0
-0.332524,0.000449913,-0.7917238095238095,8.617903775031259,0.11353598980966788,0.00046083741886565117,0
0.35143,0.0131917,0.8367380952380953,6.692402938149552,-3.0478633469330383,0.0006773732855151622,0
0.596976,0.000221758,1.4213714285714285,6.08992298666209,0.50376737854246,0.00038058771072392046,0
0.306526,0.0265304,0.7298238095238097,2.795144943558034,-2.659477487227488,0.003081846076342267,0
-0.106688,0.000922024,-0.25401904761904764,12.130239763326788,0.47576092099562267,0.000927418362648629,0
0.115888,0.0612808,0.27592380952380957,34.59999961798501,-4.520301030826095e-06,0.00043780377025976093,0
-0.307333,0.109221,-0.7317452380952382,34.599998474121094,3.415235412711775e-14,0.0002614596011736913,0
-0.20163,0.00627288,-0.4800714285714286,42.04024092054105,1.2023855439002136,0.00026671251125172987,0
-0.20163,0.0328888,-0.4800714285714286,34.599999036996905,1.860558595581609e-06,0.0011184661421473373,0
-0.715431,0.00792391,-1.7034071428571431,34.6015286604773,-0.04327402016439003,0.0008431758781595796,0
0.481366,0.0586304,1.1461095238095238,34.599998474121094,-1.2176318811810183e-13,0.0007155644294045916,0
-0.0348118,0.000102786,-0.0828852380952381,5.8462024607875005,-0.12587634078062124,0.0010290660513470836,0
-0.0348115,0.076495,-0.08288452380952382,34.599998474121094,-1.1119287684840622e-14,0.0008309760886341129,0
0.283537,0.0689537,0.6750880952380952,34.60000150865597,8.540179288040462e-07,0.0007909903666538013,0
-0.496267,0.034742,-1.1815880952380953,34.599996232534984,-1.4584818370524125e-06,0.0008889888819760459,0
0.12315,0.0690538,0.2932142857142857,34.599998474121094,7.768084573735707e-08,0.0002008924785689591,0
-0.455961,0.016457,-1.0856214285714285,34.608397404533655,0.020272216321627835,0.000730377024108435,0
-0.702835,0.0218124,-1.6734166666666668,34.600096911395454,0.00025372155404818845,0.0007380832461940694,0
0.140162,0.0539645,0.33371904761904764,34.59583471182124,0.008308882651230105,0.0007419394159188944,0
0.198942,0.0557435,0.47367142857142863,36.34602189547392,1.7137079307997136,0.000598332915984382,0
0.0823778,0.0395482,0.19613761904761906,34.59984873163758,-1.768049747701603e-05,0.0007089653400190602,0
0.478906,0.0205056,1.140252380952381,34.59996344932049,-6.994908127133895e-06,0.00022737676605200314,0
0.243194,0.0682662,0.5790333333333333,34.59962778053801,0.00024402909037602778,0.000785520458881057,0
-0.131592,0.0297483,-0.3133142857142857,34.60001181471657,-7.325812837320838e-06,0.0008810620128581275,0
0.0592114,0.103732,0.1409795238095238,34.599998474121094,-1.9533807381942346e-13,0.0008784492906829285,0
-0.818715,0.00663106,-1.9493214285714286,36.63857021270556,-0.07903763097711003,0.0007910769387968181,0
-0.521458,0.000850177,-1.2415666666666667,12.353105103497038,0.378439319851207,0.0007766599923380072,0
0.0918627,0.0401766,0.2187207142857143,34.60037750911226,3.622790168674514e-05,0.0002407730395405435,0
0.2014,0.0623003,0.4795238095238095,34.40696389629821,0.04559205579852028,0.0006223494160800348,0
-0.0992274,0.0974419,-0.2362557142857143,34.599998474121094,-4.5918890838756653e-14,0.0005404391187023585,0
-0.282142,0.0141423,-0.6717666666666667,34.570297746160314,0.01895539946444525,0.0008696586615465592,0
0.0479833,0.0498203,0.11424595238095238,34.599998474121094,-9.715923797165177e-11,0.00022605385136389758,0
0.294942,0.0378981,0.7022428571428572,35.359063480393885,-7.053568582687845,0.000770108452355538,0
-0.104201,0.00763386,-0.24809761904761907,36.154442541595095,0.17669830545021276,0.0005099057279095722,0
0.395279,0.0223101,0.9411404761904762,34.5998637266448,-0.0002891920661816582,0.00025806546801869983,0
-0.340081,0.0248205,-0.8097166666666668,34.59975207949533,7.0489386839014e-05,0.0006351177200868732,0
-0.00276808,0.00179365,-0.0065906666666666665,21.69319037507936,0.14425625011360807,0.0002686600255181718,0
0.230913,0.0546862,0.5497928571428572,34.71321530845395,-2.296089876443624,0.0004154238763980185,0
0.181745,0.0727687,0.4327261904761905,34.600000620189164,6.395440679057481e-05,0.0007813223305378688,0
0.449388,0.00474073,1.0699714285714286,36.27751816696729,0.12973484422684736,0.0006321810500951802,0
0.648632,0.0405483,1.5443619047619048,34.599998474121094,-1.3996398657072789e-07,0.0008514523754275954,0
-0.352677,0.00307642,-0.839707142857143,28.212303029938603,0.5320335147495955,0.0009607204329157943,0
-0.377868,0.00725357,-0.8996857142857143,35.95041920859672,0.06884767396670202,0.0010683334186133474,0
-0.697797,0.0248205,-1.6614214285714286,34.599907759286,-2.331651493280854e-05,0.0010194363648674033,0
-0.104201,0.000152639,-0.24809761904761907,5.692676534625625,-0.025926230941036195,0.00040465320772259015,0
0.446929,0.000683475,1.0641166666666668,12.225728501642442,0.09996330653279574,0.0006227036819079442,0
0.0966382,0.0927137,0.23009095238095237,34.599998474121094,-6.838506416783549e-14,0.0004729658560296422,0
-0.554207,0.000370666,-1.3195404761904763,7.561622117840819,-0.5910195208088261,0.0006804480111865422,0
-0.614666,0.15184,-1.4634904761904763,34.599998474121094,-5.500173663588565e-14,0.001271552028141016,0
-0.377868,0.0398847,-0.8996857142857143,34.599998474121094,2.2223585187755336e-08,0.0003925241151263368,0
0.344243,0.00814247,0.8196261904761906,1.7636300417295556,-0.8710575482059985,0.006776400070799064,0
-0.445885,0.245479,-1.0616309523809524,34.599998474121094,-2.989888819651658e-13,0.0005688478342927173,0
-0.121623,0.040045,-0.2895785714285714,34.599998474121094,-5.50674141225076e-10,0.0010041612239257295,0
-0.622223,0.0470487,-1.4814833333333333,34.599998474121094,1.777537553199674e-10,0.0007418549544883402,0
0.446929,0.00140437,1.0641166666666668,20.120137003243315,0.4564287863232036,0.00012140195434568876,0
0.0289446,0.0161818,0.06891571428571429,34.598979158320745,0.005376331775967674,0.00027650945772297484,0
-0.594513,0.00179869,-1.4155071428571429,21.081765590512884,0.2740718134250364,0.0002594639480017889,0
0.444469,0.0249546,1.0582595238095238,34.60000228881836,1.0428783418667172e-06,0.0007286914927316213,0
0.174386,0.0890938,0.41520476190476197,34.599998474121094,-1.2101249074409612e-10,0.000702015765016666,0
0.486285,0.0911467,1.1578214285714288,34.599998474121094,-2.48569395484844e-13,0.0006261390880596937,0
0.235828,0.156667,0.5614952380952382,34.599998474121094,1.9541853756400116e-13,0.0003688064450023443,0
0.035161,0.0818458,0.08371666666666666,34.599998474121094,2.502787549506787e-13,0.0007818787983553232,0
-0.60207,0.000232402,-1.4335,6.845244973822904,-0.10242998857205242,0.0003291512885878337,0
-0.813676,0.0398847,-1.9373238095238094,34.599998474121094,-6.360657410404644e-08,0.0006745005548895758,0
0.584677,0.0117748,1.3920880952380954,34.30755178347561,0.08483240232956761,0.0009679436751179785,0
0.265183,0.0512636,0.6313880952380952,33.80230638748314,1.0561691476862665,0.0002637636374194009,0
-0.793523,0.0381765,-1.8893404761904762,34.599998474121094,9.205227173094199e-08,0.0011337076414038398,0
-0.823753,0.0280088,-1.9613166666666666,34.59998062611339,0.00018009372743594545,0.0011750826490483925,0
-0.357715,0.0130776,-0.851702380952381,34.56737187825774,0.0556735643568407,0.001087806987434056,0
0.584677,0.0167381,1.3920880952380954,34.63260537159624,0.011303460900559871,0.0007728966689622162,0
0.646172,0.0156214,1.5385047619047618,34.58529668840854,0.03477121529313994,0.001091537122223505,0
-0.294737,0.00277506,-0.701754761904762,26.553055348121664,0.23704402334788147,0.001148332779629658,0
0.619114,0.00649079,1.4740809523809526,36.58952066895089,0.02557980935093074,0.0006382240007169653,0
-0.109175,0.0416983,-0.25994047619047617,34.599998474121094,1.3772624839070548e-08,0.0011139635023286337,0
-0.778409,0.0626438,-1.8533547619047621,34.59999847412109,3.6418280904167885e-13,0.0013462013553288018,0
-0.302295,0.00414872,-0.71975,33.70000470335414,0.028482954378601363,0.0009212455114098227,0
-0.604589,0.0313334,-1.4394976190476192,34.60000190653983,-3.168965395626807e-06,0.00021251712700579887,0
-0.730545,0.0662043,-1.7393928571428572,34.599998474121094,1.2434490242852352e-14,0.001351326443668674,0
-0.279623,0.0854577,-0.6657690476190476,34.599998474121094,1.560403786759404e-13,0.0008839940857789102,0
0.358674,0.00957051,0.8539857142857143,4.140517926668888,-3.2702151271125053,0.0008944709165411207,0
-0.738103,0.00160345,-1.7573880952380951,18.549196298092106,0.7587302529291827,0.0003700684157510492,0
0.493665,0.240324,1.1753928571428571,34.599998474121094,5.565005458438563e-14,0.0005314969469017091,0
0.218617,0.0585099,0.5205166666666667,35.98256583387472,-0.16805438734123387,0.0007236942812022405,0
0.308536,0.0884771,0.7346095238095238,34.599998474121094,-2.524091650018185e-13,0.0008212111504456286,0
-0.0669664,0.0214031,-0.15944380952380952,34.59935501145489,-0.0004662559073081916,0.0007926119920386365,0
0.0823778,0.0370763,0.19613761904761906,34.60066771482545,-1.6267136180121445e-05,0.0008079721044199341,0
-0.164055,0.128733,-0.3906071428571429,34.599998474121094,9.319704525628491e-14,0.0009325435679756757,0
-0.707873,0.0296571,-1.6854119047619047,34.60000672397267,-2.5241830798475264e-05,0.000510668568785081,0
-0.37283,0.0662043,-0.8876904761904763,34.599998474121094,3.081713245768074e-14,0.0007012895685152099,0
-0.214181,0.132594,-0.509954761904762,34.599998474121094,-2.189858002697169e-13,5.622451896678942e-06,0
-0.506344,0.350434,-1.2055809523809524,34.599998474121094,-1.5256936339302918e-13,0.0014411861393487857,1
-0.181576,0.00558284,-0.4323238095238095,40.67176616284483,-0.05797461847848463,0.0008055569360571464,0
-0.481152,0.15184,-1.1456000000000002,34.599998474121094,-2.7618666815897182e-14,0.0007101614493668792,0
-0.398021,0.00725357,-0.9476690476190477,35.558344780073256,0.09600607714221848,0.001155805587938165,0
0.646172,0.00700835,1.5385047619047618,37.51635798438703,0.09649159155558303,0.001066229925352033,0
-0.377868,0.0451067,-0.8996857142857143,34.599998474121094,8.491363445940932e-11,0.0011345974541158285,0
-0.0298748,0.016489,-0.07113047619047619,34.61061154367291,0.00850971624437403,0.0010101483117984677,0
-0.216693,0.00137925,-0.5159357142857143,19.031181199666054,-0.559589147547091,0.00041850381377235617,0
-0.783447,0.205968,-1.86535,34.599998474121094,9.708449607832564e-15,0.0005701149982273123,0
0.392823,0.0107389,0.9352928571428571,34.36207461223791,0.14161444484047883,0.00028679075929232767,0
-0.554207,0.0141423,-1.3195404761904763,34.59050064900904,0.02258965180979521,0.0005618531724075191,0
-0.498786,0.00376114,-1.1875857142857142,30.407096412081216,0.44286903283701823,0.0006949432210284986,0
0.611735,0.0191775,1.4565119047619048,34.599113238569025,-0.0015993437829529985,0.0008650073601446543,0
-0.584436,0.0296571,-1.3915142857142857,34.60000228881836,1.6320789103254114e-05,0.0011856682376209363,0
-0.302295,0.00605389,-0.71975,42.5168248092232,-0.08388458947026553,0.00022761074633743987,0
-0.74566,0.0330307,-1.7753809523809525,34.5999996963631,-2.2129368352292673e-07,0.00038096243266555767,0
0.476446,0.0145695,1.134395238095238,34.59759651062433,0.0011200527945494931,0.0007170955794371652,0
-0.370311,0.0451067,-0.8816928571428572,34.599998474121094,1.6765343169275105e-10,0.0008144629857174829,0
0.287425,0.148254,0.6843452380952381,34.599998474121094,1.6944224074830188e-13,0.000463917115600022,0
-0.813676,0.0451067,-1.9373238095238094,34.599998474121094,-4.4964971343791986e-09,0.0011102434645381687,0
0.653552,0.0167511,1.5560761904761906,34.621797538062104,0.009024964360849257,0.0009014560889993772,0
0.0205396,0.242908,0.04890380952380953,34.599998474121094,5.488610284869303e-14,0.0008243835756114317,0
-0.342601,0.00941776,-0.8157166666666666,34.71049798008018,0.22523316083122555,0.0007622594567671654,0
-0.576879,0.0102458,-1.3735214285714288,33.864264883590934,-0.04604221137216966,0.0008220515245563156,0
0.628954,0.00241613,1.497509523809524,26.787390724646645,1.5147241820725652,0.0008749756004179565,0
0.132862,0.257772,0.31633809523809525,34.599998474121094,-1.249410811670514e-13,0.0007589577330713474,0
0.316853,0.0188861,0.7544119047619048,1.8487982508311205,-2.5328134086638086,0.006402451562567791,0
-0.0175426,0.121035,-0.041768095238095236,34.599998474121094,5.278616114149602e-14,0.0008942137963008122,0
-0.506344,0.00376114,-1.2055809523809524,29.375380392638473,0.45367173239748027,0.0013759326660926462,0
0.339498,0.0445289,0.8083285714285715,34.59999301643286,-2.0822275896828846e-05,0.0006793898260635797,0
0.520723,0.0191775,1.2398166666666668,34.600268406791436,-0.00021305000807291772,0.0007915011617395778,0
0.624034,0.00241613,1.4857952380952382,29.696111057743067,-0.7748085516197375,0.000896527832946013,0
0.181745,0.131153,0.4327261904761905,34.599998474121094,5.185185234192556e-15,0.00068716455254208,0
0.294942,0.0460309,0.7022428571428572,34.546072605679555,0.05654481200902477,0.00040047730066610935,0
-0.523977,0.120436,-1.247564285714286,34.599998474121094,-3.8689075075875096e-14,0.0008500271256522753,0
0.149916,0.0686437,0.3569428571428571,34.60000930650389,1.7369218947240274e-05,0.0008241341648630762,0
0.130431,0.0493642,0.31055,34.58107825813884,-0.019842484724213124,0.000144359726765429,0
0.162137,0.051051,0.3860404761904762,39.501108143700556,3.2896425226834443,0.0007211962148457991,0
0.243194,0.116771,0.5790333333333333,34.599998474121094,4.850360396258039e-14,0.0005211422874836299,0
0.454308,0.120238,1.0816857142857144,34.599998474121094,1.69404793726112e-13,0.00022308425740527642,0
-0.14157,0.100305,-0.3370714285714286,34.599998474121094,1.0707088022920418e-13,0.0008052056438694721,0
-0.342601,0.0381765,-0.8157166666666666,34.599998474121094,1.1516530635610031e-07,0.0005660022139692242,0
0.118306,0.0469107,0.28168095238095237,34.60554846777609,-0.027991182722711224,0.0006339178251630397,0
-0.327486,0.0432951,-0.7797285714285714,34.599998474121094,-4.69726812696241e-08,0.0009069704744758242,0
-0.453442,0.0999432,-1.0796238095238095,34.599998474121094,4.3213973722122134e-14,0.0014098917720584154,0
-0.690239,6.73557e-05,-1.6434261904761907,5.837616988491016,0.1793536373558952,0.0005530285091653324,0
0.35384,0.0288475,0.8424761904761905,34.60237345749514,0.004646901528246517,0.0005342398071103547,0
0.186656,0.259806,0.4444190476190476,34.599998474121094,2.2705484413680268e-13,0.0004757928913668,0
0.0546797,0.0283601,0.1301897619047619,34.60011388472988,0.0003958461711316616,0.0006684343298589406,0
-0.0422224,0.0192732,-0.10052952380952382,34.603446013800585,0.0010713965895454186,0.0005959474389662413,0
0.621574,0.00437378,1.4799380952380952,39.515640914340985,-0.6814240905236176,0.00027137680675934356,0
-0.581917,0.0280088,-1.3855166666666667,34.60001140144449,-1.2948588770191001e-05,0.0005811631004403757,0
0.55516,0.00263988,1.3218095238095238,27.11701793122273,1.3325357517509724,0.0009921074658283768,0
0.206318,0.0670821,0.49123333333333336,34.58189585854779,0.0032546438770116467,0.0005009416386731647,0
-0.246875,0.0397067,-0.5877976190476191,34.599998474121094,-3.2839582363533717e-09,0.00053924090612094,0
-0.174064,0.00922418,-0.41443809523809527,34.01280670459501,0.11618715523767596,0.0009493367461161462,0
0.42725,0.012649,1.017261904761905,34.63971483643166,0.00578482244449037,0.0006688504497446164,0
-0.304814,0.0232916,-0.725747619047619,34.599156082634195,-0.0005418964571715501,0.0008894228977241737,0
-0.680163,0.059429,-1.6194357142857143,34.599998474121094,-6.601810506475669e-13,0.001087635409927769,0
-0.423213,6.73557e-05,-1.0076500000000002,5.193127860822047,-0.15949926010477453,0.00011384847867185412,0
-0.194106,0.0676728,-0.4621571428571429,34.599998474121094,-8.059362537185764e-14,0.0007096743505840043,0
-0.473595,6.73557e-05,-1.1276071428571428,5.491749377658419,0.92536406404707,0.0004105695931541058,0
-0.680163,0.00277506,-1.6194357142857143,25.98787578572757,0.01314487289331094,0.0010606862552596649,0
0.660931,0.0022126,1.5736452380952384,23.46423850384809,0.2612882892671488,0.0010835063619000587,0
-0.539092,0.00160345,-1.283552380952381,20.26982251279843,0.4299180877316729,0.00015794146866256583,0
0.564999,0.0687845,1.3452357142857143,34.599998474121094,-2.754227304005234e-13,0.000415195857479947,0
-0.0892894,0.0370398,-0.21259380952380955,34.599998474121094,9.411845993018119e-08,0.0003760207988710493,0
-0.367792,0.0141423,-0.8756952380952382,34.61620234349186,-0.01939992513944662,0.000780865611724174,0
-0.0471662,0.000540632,-0.11230047619047619,9.608931636064074,0.5405211586816163,0.0005508477413865828,0
0.152358,0.0960149,0.36275714285714283,34.599998474121094,-4.6157951976237545e-14,0.0005348584207762938,0
-0.551688,0.0120741,-1.3135428571428571,34.458090497127216,-0.013489395641049545,0.0009533104074327915,0
-0.672606,0.00864453,-1.6014428571428574,36.04990085700658,-0.04352047201744917,0.0003292575055482997,0
-0.0101526,0.0222701,-0.024172857142857142,34.60000884853193,0.0005333976486213172,0.00024755628849681467,0
-0.576879,0.00725357,-1.3735214285714288,35.41673361906416,0.009341802112554802,0.0006139480320367785,0
-0.788485,0.00126126,-1.8773452380952382,15.375602362718684,0.08894687276832239,0.0009436000239923347,0
0.483826,0.000361505,1.1519666666666666,7.037845848942777,0.0767665725748343,0.000789004601243775,0
-0.156555,0.0923224,-0.37275,34.599998474121094,1.6054664972268933e-13,0.0007772306810642351,0
0.145036,0.0498951,0.34532380952380953,34.67257411264746,-0.25878632156212983,0.0005543778334831925,0
0.54778,0.00263988,1.3042380952380954,36.36604922335703,0.035313635540030246,0.00040917428897425376,0
0.43217,0.0320499,1.0289761904761905,34.599998474121094,-4.3261581173624154e-08,0.0001445247275213457,0
0.327892,0.113556,0.7806952380952381,34.599998474121094,3.0887490604708596e-14,0.00018103011925760964,0
-0.330005,0.000975072,-0.7857261904761905,12.95035804092103,-0.11730766279094644,0.0009968324275607505,0
-0.682682,0.0432951,-1.6254333333333335,34.599998474121094,-8.99680069139367e-08,0.0012496118461807536,0
-0.843906,0.0263947,-2.0093,34.60002187138302,-0.00021749784941909594,0.0012306824711111523,0
0.594516,0.00123015,1.415514285714286,18.70607287437367,0.5856690532065979,0.0012316850102077775,0
0.356255,0.00575286,0.8482261904761905,1.7211875728747748,-2.123492284465207,0.005217088374535717,0
0.564999,0.0911467,1.3452357142857143,34.599998474121094,-2.5265879828587394e-13,0.0010384899967375589,0
-0.355196,0.0364597,-0.845704761904762,34.59999849960349,3.3741578422194425e-07,0.00012244263370848912,0
0.0918627,0.0392712,0.2187207142857143,34.599374249387076,-0.0017936393734221375,0.0007316398769900876,0
0.035161,0.033098,0.08371666666666666,34.599998474121094,2.1015000363730564e-06,0.0005245468715408177,0
0.0918627,0.0393487,0.2187207142857143,34.5994564325054,-0.0016522518543336004,0.0007818143113801089,0
-0.466038,0.0364597,-1.1096142857142857,34.59999857403689,2.519606967751895e-07,0.00011039460685577619,0
0.419871,0.000103998,0.9996928571428572,3.4998104305266216,-0.4878271249660801,0.00018404247503959358,0
-0.765813,0.15184,-1.8233642857142858,34.599998474121094,2.3364138186271328e-14,0.0010812017586691253,0
-0.0224739,0.0538358,-0.05350928571428572,34.599998474121094,2.155710617398395e-11,0.000968389251119321,0
-0.722988,0.0313334,-1.7214,34.599998474121094,-1.110610012357317e-06,0.0009429675960584408,0
-0.589475,0.000536751,-1.4035119047619047,8.882405411593737,0.13705777650609868,0.0006970201751360682,0
0.466607,0.000361505,1.1109690476190477,7.201791160402722,-0.20285896695372713,0.00045842780508638674,0
-0.629781,0.15184,-1.4994785714285717,34.599998474121094,3.993515996131676e-14,0.0008446274865283959,0
-0.576879,0.00277506,-1.3735214285714288,29.261298498458434,0.1434513231395288,0.0007257014742648314,0
-0.0694435,0.0383716,-0.1653416666666667,34.599998474121094,-1.0507260798764122e-09,0.0010087494539217207,0
0.0847396,0.130872,0.20176095238095237,34.599998474121094,-6.078026124381126e-14,0.0006264945620362393,0
-0.111664,0.0123211,-0.2658666666666667,34.16536776782194,0.027518157793222423,0.0008373130795704458,0
0.473986,0.0361216,1.1285380952380952,34.599998474121094,-5.083436278731225e-10,0.0005749461105581545,0
-0.408098,0.293054,-0.9716619047619048,34.599998474121094,4.6041445871956323e-14,0.00159688745285591,0
-0.445885,0.00376114,-1.0616309523809524,31.765217773662176,0.4277175881229032,0.0007664548385765886,0
-0.576879,0.00011738,-1.3735214285714288,4.777147852233219,-0.04194089112047834,0.0010970277024485312,0
0.208778,0.175122,0.4970904761904762,34.599998474121094,7.966473551154913e-14,0.0009595553686948099,0
-0.816196,0.0102458,-1.9433238095238097,31.675973580334006,0.20137175883995073,0.00042483594745755044,0
0.442009,0.000926014,1.052402380952381,15.449667620360719,0.3140641366737423,0.0006000153724629883,0
0.274793,0.0483146,0.6542690476190477,35.371587541844754,-0.5008439206360721,0.0005689848254264579,0
0.0524327,0.0517632,0.12483976190476191,34.599998474121094,-3.222839492841371e-10,0.00055668319744071,0
-0.838868,0.034742,-1.997304761904762,34.60000119008375,9.755169410936534e-07,0.0010284217526560133,0
-0.629781,0.0999432,-1.4994785714285717,34.599998474121094,-3.6417550300568706e-14,0.00044041838577311423,0
0.130431,0.0513412,0.31055,34.60802710640024,-0.0010844286857950814,0.0008778593721154508,0
-0.68772,0.00340443,-1.6374285714285715,29.631518179359276,0.06885825475504509,0.0009585816728843146,0
0.310571,0.0227915,0.7394547619047619,1.7341442515674288,-2.21455323253677,0.005097138248675438,0
-0.141571,0.0269378,-0.33707380952380955,34.600062834028705,-3.5313546704559056e-06,0.0002594108183639617,0
0.300648,0.0301741,0.7158285714285715,1.9152412866898876,-2.4272180810535797,0.0018687276269062309,0
0.444469,0.0233918,1.0582595238095238,34.60001249483974,-7.807938898284353e-05,0.00019523274391293537,0
-0.166557,0.00344761,-0.39656428571428576,30.879806412026415,0.6099519969674831,0.0006250962421405284,0
0.0614947,0.0313696,0.1464159523809524,34.599748610811154,0.0006053551517893761,0.0004956378946684215,0
-0.624742,0.00663106,-1.4874809523809525,40.66181580014188,-0.03838029327039841,0.0012310416081476527,0
0.574838,0.00199417,1.3686619047619046,23.169290038489418,0.3758466273156403,0.0007944100178033956,0
0.0871081,0.0381347,0.20740023809523808,34.5993349329765,-0.0006223430430813383,0.0007189106238884431,0
0.332481,0.0173713,0.7916214285714287,1.8524233784793964,-2.4536831287336724,0.0022283696332696594,0
0.255439,0.0793928,0.6081880952380954,34.599998474121094,2.2242822893455116e-07,0.0006901953547577304,0
0.643712,0.0191775,1.532647619047619,34.62188125273882,-0.021870527415057,0.001020899750245232,0
0.291188,0.0831565,0.693304761904762,34.599998474121094,6.050773853622617e-14,0.0005848711404292138,0
0.291188,0.296366,0.693304761904762,34.599998474121094,2.4343695780565283e-07,0.0002051961258656855,0
-0.330005,0.293054,-0.7857261904761905,34.599998474121094,-8.66423301533591e-16,0.0018795435380313341,0
0.274793,0.0779913,0.6542690476190477,34.599998474121094,1.5030619047676178e-08,0.0003633732839967896,0
-0.662529,0.00605389,-1.5774500000000002,42.41051193592281,0.47129764263740337,0.00027503410341798057,0
-0.576879,0.0296571,-1.3735214285714288,34.59998878966221,1.371377548346428e-05,0.0011204857420913494,0
0.230913,0.0545365,0.5497928571428572,33.34883513822464,-2.2828994958334663,0.00029948106056617137,0
-0.0719233,0.0124491,-0.1712459523809524,34.49328702334396,0.04430263748169894,0.0010806259913268155,0
0.5527,0.0428898,1.315952380952381,34.599998474121094,-1.151768458562208e-10,0.0006945488556775788,0
0.417411,0.00161294,0.9938357142857143,20.229554908825207,0.07629161859519405,0.00029178648849139305,0
0.314729,0.0813126,0.7493547619047619,34.599998474121094,-2.5391348398968795e-15,0.0005714847534466664,0
-0.843906,0.0796833,-2.0093,34.599998474121094,-4.7349451644413026e-14,0.0014368530463531332,0
-0.440846,0.070174,-1.0496333333333334,34.599998474121094,6.07620827434371e-14,0.0012181099806323303,0
0.0310155,0.0423747,0.07384642857142858,34.599998474121094,1.5679919467917553e-09,0.0005872826055851912,0
-0.561764,0.0470487,-1.3375333333333335,34.599998474121094,1.1286322978711357e-09,0.0006079680723013745,0
-0.044694,0.00229594,-0.10641428571428571,23.217751239536206,0.19346567600800807,0.0010831875483542914,0
-0.116643,0.00220575,-0.27772142857142856,22.07547850334153,-0.2751225597405431,0.00034202428112702863,0
-0.481152,0.056509,-1.1456000000000002,34.599998474121094,-1.057108504828547e-11,0.0006843197109139684,0
0.400194,0.0104089,0.9528428571428572,34.284258725492485,0.10466929991172266,0.00019874631504642222,0
0.238284,0.0540635,0.5673428571428571,37.72766562688399,-3.068502331291936,0.0008026316225185012,0
-0.428251,0.074633,-1.019645238095238,34.599998474121094,1.4494224098766245e-13,0.0005854488771472761,0
0.223536,0.0543613,0.5322285714285715,26.103466182862785,-1.4111953365660295,0.0006289296128062173,0
-0.733065,0.049138,-1.7453928571428572,34.599998474121094,8.204673392784414e-11,0.0010870423970190696,0
0.198942,0.174979,0.47367142857142863,34.59999847412109,1.4504150843838855e-13,0.0007172246707025322,0
0.653552,0.0266209,1.5560761904761906,34.59993023677467,0.0004813426784615085,0.00035282789982796794,0
0.287425,0.0604361,0.6843452380952381,34.60001662644089,0.00023698979736183897,0.00043413517184827806,0
-0.244358,0.00933586,-0.5818047619047619,34.31130139783364,-0.02257354581277545,0.0012270547349455564,0
0.473986,0.0179225,1.1285380952380952,34.60165956283613,0.0001400430520565683,0.0001555478946301399,0
-0.722988,0.016457,-1.7214,34.61824040756156,-0.00842389271287886,0.0007476872761870513,0
-0.166557,0.0312891,-0.39656428571428576,34.599998474121094,3.636047523174719e-07,0.0012292357101476039,0
-0.589475,0.00725357,-1.4035119047619047,36.36762051655266,-0.256928705940559,0.00028538536873797427,0
0.444469,0.0117748,1.0582595238095238,34.68428043887627,-0.003573350844832195,0.000570489739876754,0
-0.292218,0.0364597,-0.6957571428571429,34.599998474121094,-2.9450313196543507e-06,0.001104651467933947,0
0.316853,0.0291387,0.7544119047619048,31.05980827724635,-6.607882820244485,0.0005566085334838954,0
-0.116643,0.0709286,-0.27772142857142856,34.599998474121094,1.4912105829704354e-13,0.0011338116003865584,0
-0.705354,0.0415779,-1.679414285714286,34.599998474121094,-1.2846874342780146e-07,0.00081454210732953,0
-0.617185,2.17492e-05,-1.4694880952380953,5.056866298219165,0.28010992220524206,0.000603289754510273,0
-0.556726,0.000449913,-1.3255380952380955,8.187833377036164,0.10425108136640594,0.0009860830251240496,0
-0.272065,0.00376114,-0.6477738095238096,35.388637591788324,0.6583564716592307,7.8529620551015e-05,0
-0.496267,0.074633,-1.1815880952380953,34.599998474121094,-7.733946988883388e-14,0.0010988668611317891,0
0.262754,0.0577929,0.6256047619047619,34.62628196744335,-0.033456418847764464,0.000703972344051086,0
-0.206648,0.0365278,-0.49201904761904763,34.59999970527334,-6.816585521820435e-07,0.0009747329998396596,0
0.00696582,0.0824475,0.016585285714285716,34.599998474121094,-3.400793694331617e-14,0.0001251628702167664,0
-0.0620116,0.107318,-0.14764666666666668,34.599998474121094,9.375060542273011e-14,0.0009305854408131957,0
0.37082,0.0328746,0.8829047619047619,34.59999625161448,1.5118060274318048e-05,0.00044673109700380073,0
0.298736,0.0334113,0.7112761904761905,7.316953367286031,-3.7487005115575176,0.0005585886001749109,0
-0.612147,0.000975072,-1.4574928571428571,13.58926001866233,0.5810063702207123,0.0009553827620054353,0
-0.836349,0.00179869,-1.991307142857143,19.089842980960245,0.4799208376210458,0.0008914054035532829,0
-0.299776,0.00224459,-0.7137523809523809,23.29736966391241,0.422700518466465,0.0005850903560770025,0
0.628954,0.0646921,1.497509523809524,34.599998474121094,-2.7901460414267e-13,0.00024312474629351063,0
-0.261989,0.00179869,-0.6237833333333335,21.837553391789413,0.2684087355610808,0.00041361495875991567,0
0.437089,0.0191775,1.0406880952380952,34.60107977973311,-0.00035555086409243324,0.00032091764343159283,0
0.108646,0.0450555,0.2586809523809524,34.60400637634223,-0.006453650297424435,0.0005929124933315544,0
-0.309852,2.17492e-05,-0.7377428571428573,5.2580292225934855,-0.25630140622557623,0.0004515564770305119,0
0.584677,0.0301464,1.3920880952380954,34.600002712385624,7.342656540156051e-07,0.0005576513340835068,0
0.594516,0.0135797,1.415514285714286,34.572281148451246,0.0367966840870791,0.0007070697584735775,0
0.621574,0.0646921,1.4799380952380952,34.599998474121094,-6.508654307393438e-14,0.00024652742100865146,0
-0.109176,0.00294389,-0.25994285714285714,27.42505180779088,0.11618269771557291,0.0007543722195797676,0
0.594516,0.00403158,1.415514285714286,33.82085346038618,-0.06366299057824473,0.00034521369062536606,0
0.658471,0.000425668,1.5677880952380954,8.35632829634366,-0.08169666215217865,0.00044657854473055135,0
-0.428251,0.00605389,-1.019645238095238,38.438316425655636,0.07811286854533296,0.00035889232301002154,0
0.265183,0.0510265,0.6313880952380952,34.04463033275685,0.7770913208587492,0.0004895458174152485,0
-0.360234,0.00277506,-0.8577,27.296688203940562,0.5467619812462563,0.0009802194500690147,0
-0.0200086,0.016203,-0.04763952380952381,34.6009976061652,-0.01250311585003726,0.000836447843007571,0
-0.682682,0.00307642,-1.6254333333333335,32.52351999934457,0.01753805766014416,0.0007754940586389205,0
-0.335043,2.17492e-05,-0.7977214285714286,2.9756578753212315,-1.190238400771616,0.00040722080791260245,0
0.525642,0.0687845,1.2515285714285715,34.599998474121094,1.295779618492409e-13,0.0005184383175872361,0
0.560079,0.012649,1.3335214285714285,34.653638118896495,0.050154921664185455,0.0008116733178089092,0
0.498584,0.000221758,1.187104761904762,5.546456691021592,0.1740525508728306,0.0007585546053558489,0
0.525642,0.0340415,1.2515285714285715,34.599998474121094,2.8071627067550854e-09,0.0005048736206832585,0
0.0205396,0.0142608,0.04890380952380953,34.65987042707253,0.027530419231958786,0.00037007048760372293,0
0.035161,0.0166845,0.08371666666666666,34.603321671158206,0.014250095165876006,0.0008526638471464741,0
0.283537,0.0908642,0.6750880952380952,34.599998474121094,-5.977901915343558e-15,0.0003510750719536435,0
0.142598,0.139172,0.33951904761904766,34.599998474121094,3.746619488464538e-14,0.0002962197845534479,0
0.663391,0.0009315,1.579502380952381,12.2663867328205,0.36748710197912343,0.0009989097652725236,0
-0.768332,0.205968,-1.829361904761905,34.599998474121094,4.40248233281188e-14,0.0016996066401089006,0
-0.556726,0.00307642,-1.3255380952380955,30.201679971788693,0.22975913275144128,0.0009309853037825356,0
0.176838,0.0549709,0.42104285714285716,36.92339759448728,0.28864766383711205,0.0006936251642498178,0
0.498584,0.0558248,1.187104761904762,34.599998474121094,6.267054563787965e-14,0.0007739951522063305,0
-0.360234,0.0190173,-0.8577,34.59849844376023,-0.0024923796819371793,0.0008076590406485807,0
-0.486191,0.0141423,-1.1575976190476192,34.179138308797015,-0.039357887560364825,0.0008378203740155009,0
-0.476114,0.000975072,-1.133604761904762,12.334098346658015,-0.11607285444546878,0.000979998790764892,0
-0.34512,0.0218124,-0.8217142857142857,34.59984955043234,0.0007131576222691125,0.0002297720738124938,0
0.525642,0.00649079,1.2515285714285715,34.89820682986798,-0.020840851782739922,0.00033627023917374597,0
-0.0669669,0.000193882,-0.159445,5.659587286061508,0.4355318488159572,0.00019390211225443852,0
0.476446,0.00700834,1.134395238095238,33.80065121508041,-0.019710469572293898,0.0003896787631372229,0
0.356255,0.0500342,0.8482261904761905,34.599998474121094,-1.6529620402632126e-09,0.0003153753832538821,0
0.395279,0.0237907,0.9411404761904762,34.60000379377693,5.323470022292789e-05,0.0005235011268469693,0
-0.299776,0.000449913,-0.7137523809523809,9.805980540566118,0.4300978363835808,0.0006979335959586579,0
0.515803,0.0530862,1.228102380952381,34.599998474121094,1.79181368825084e-13,0.00047440739619971045,0
0.380578,0.0162089,0.9061380952380953,34.65759964248985,-0.03662466303220677,0.0004446756285866942,0
-0.20163,0.00105216,-0.4800714285714286,16.04770044012436,-0.19117333049374932,0.0010885470646338439,0
0.176838,0.0604266,0.42104285714285716,34.5438084359624,0.007672309203763208,0.00046869565444879955,0
0.0268681,0.0114006,0.06397166666666666,34.334164744681765,-0.17953270701697274,0.0008021562882190734,0
-0.24184,0.000116815,-0.5758095238095239,4.931981385981943,-0.5941441372773597,0.00016233322349941227,0
-0.246875,0.0536943,-0.5877976190476191,34.599998474121094,-3.5531779452933787e-12,0.0011345602006884155,0
-0.166557,0.0002142,-0.39656428571428576,6.4523427831864755,0.46093959863035594,0.0002182487294098425,0
0.312636,0.024473,0.7443714285714287,2.083663286873884,-2.4846583975113523,0.0027593853570695675,0
0.42971,0.120238,1.0231190476190477,34.599998474121094,-3.938669562425792e-13,0.0007516344120776826,0
0.0871081,0.0386435,0.20740023809523808,34.59871968322571,0.0003072658109003981,0.0003160954684502252,0
-0.194105,2.14312e-05,-0.4621547619047619,9.550223026541538,0.38813899873591634,0.001044613145469574,0
0.118306,0.094052,0.28168095238095237,34.59999847412109,1.6799417730557186e-14,0.0008645963769152087,0
-0.279623,0.00011738,-0.6657690476190476,6.553018078519539,0.4250893114840133,0.00031252747771934005,0
-0.279623,0.0218124,-0.6657690476190476,34.599145499150296,-0.0006039419377854568,0.0010984254168792274,0
-0.236806,0.0341981,-0.5638238095238095,34.5999984741211,-8.670803459866852e-07,0.0011044196163419284,0
-0.274584,0.000631885,-0.6537714285714286,9.815309622496597,-0.3118768571678261,0.0007106018984892943,0
-0.57436,0.0662043,-1.3675238095238096,34.599998474121094,-3.038695227036384e-14,0.001234352021171474,0
-0.398021,0.120436,-0.9476690476190477,34.5999984741211,-1.4149488352535117e-13,0.0011254333637574318,0
-0.770851,0.00792391,-1.8353595238095237,35.21381645976711,-0.10904007409001373,0.001025309065062325,0
0.569918,0.000498276,1.3569476190476193,11.061168220557049,1.384871509159786,0.0005381271918544474,0
0.643712,0.012649,1.532647619047619,34.19494411805588,0.001075770060396881,0.0012473141685519081,0
-0.826272,0.293054,-1.9673142857142858,34.599998474121094,3.42633856163501e-14,0.0011461371126133978,0
-0.463518,0.0190173,-1.1036142857142857,34.604844676905984,-0.00552185570444968,0.0009195739186226488,0
-0.435808,0.034742,-1.0376380952380952,34.59999987662544,1.008279058021758e-07,0.0013064844128345106,0
-0.609628,6.73557e-05,-1.451495238095238,5.352556152268896,0.018310659466950617,0.0006918771589454624,0
-0.335043,0.00456941,-0.7977214285714286,36.2296920119957,0.5106028521413076,0.0008541987634070498,0
-0.743141,0.15184,-1.7693833333333335,34.599998474121094,1.1556321962418633e-13,0.001403127613691561,0
-0.423213,0.000631885,-1.0076500000000002,9.946278744035604,-0.04822179126471224,0.0006385165142722666,0
-0.392983,0.0130776,-0.9356738095238096,34.52044485843794,-0.009929021006613513,0.0009804599747805032,0
0.174386,0.12244,0.41520476190476197,34.599998474121094,-1.3108744484336557e-15,0.000506412805604037,0
-0.0249399,0.0242944,-0.059380714285714294,34.59988726774852,0.00016219027510413497,0.000897556805210998,0
0.37082,0.00453989,0.8829047619047619,3.2315386121695653,-1.4318719603024732,0.0023526534079654424,0
0.446929,0.00241613,1.0641166666666668,31.71405684374343,0.9256565411007325,0.000637511433135569,0
-0.206649,0.0524837,-0.4920214285714286,34.599998474121094,-1.982383476741328e-11,0.0009557294133511076,0
-0.0942583,0.0697412,-0.22442452380952382,34.599998474121094,-3.8435062991168214e-13,0.00043077858755730363,0
-0.332524,0.0470487,-0.7917238095238095,34.599998474121094,-1.9053508349416936e-09,0.0012558658459057275,0
0.616655,0.00946284,1.4682261904761904,34.44344942949762,-0.10967843268887821,0.000540061405930705,0
-0.639857,0.0263947,-1.5234690476190478,34.60004330363918,-1.1979676779544187e-06,0.0008285316794571167,0
-0.594513,0.0248205,-1.4155071428571429,34.59994592520864,-3.200659153869315e-05,0.00046141434674157187,0
0.476446,0.0219095,1.134395238095238,34.600010566646795,-2.494704121133302e-05,0.00026853795347591775,0
-0.226746,0.00994324,-0.5398714285714286,34.31433169400335,0.18081701223717023,0.0007414546489981805,0
-0.249394,0.0745173,-0.5937952380952382,34.599998474121094,2.1643944082125402e-15,0.0008966516077183681,0
-0.144067,0.0473001,-0.3430166666666667,34.599998474121094,-9.289762008788758e-11,0.0011373098119404788,0
0.609275,0.00140437,1.450654761904762,17.269761811783283,0.7312590870498871,0.00039706531026446326,0
-0.609628,0.000631885,-1.451495238095238,9.782340268020105,0.06268749158444867,0.0009345779079204445,0
-0.159055,0.0925619,-0.37870238095238096,34.599998474121094,-1.6080470950517278e-13,0.0008738926175208628,0
0.245647,0.34824,0.5848738095238095,34.43798608964828,0.2925575686533969,0.017757916194523965,0
-0.453442,0.0296571,-1.0796238095238095,34.59999742031586,-5.1993586487448594e-05,0.0006135367856037512,0
-0.0917734,2.05781e-05,-0.21850809523809525,4.417174077021549,-0.04196743969590434,0.0004708143064016466,0
0.528102,0.00437378,1.2573857142857143,39.56502815318955,0.1739357629592195,0.0006213315474191288,0
0.665851,0.011039,1.5853595238095237,33.98802632185211,0.05604532931540756,0.0009107850697115537,0
-0.0967427,0.000680747,-0.2303397619047619,13.266954773376012,0.08957334603662785,0.0011213795669846524,0
-0.284661,0.350434,-0.6777642857142857,34.599998474121094,2.8978211830121836e-08,0.0010022732292948376,1
0.611735,0.0028802,1.4565119047619048,30.071729352902906,0.1831967879993234,0.000678392451098046,0
-0.116642,0.0275811,-0.27771904761904764,34.59998523635454,0.00014643777346923502,0.0007999778294481813,0
-0.846425,0.00160345,-2.0152976190476193,19.10466675433129,0.2945299609873385,0.0004172732488321019,0
-0.828791,0.056509,-1.973311904761905,34.599998474121094,-1.532047535001032e-12,0.0007628700096665213,0
-0.1291,0.000314684,-0.30738095238095237,7.493052764999079,0.9099286288307751,0.0003680629165949346,0
-0.707873,0.0381765,-1.6854119047619047,34.60000051637006,1.9396187000295287e-07,0.0012987676446581996,0
-0.54413,0.000975072,-1.2955476190476192,12.849720298952718,0.32101592711645616,0.0008761552569884265,0
-0.614666,0.0313334,-1.4634904761904763,34.59999845154164,1.354251993385003e-05,0.00034506174837036494,0
-0.783447,0.000536751,-1.86535,9.019564120504668,0.39018561696825427,0.0005921200717658603,0
-0.438327,0.00725357,-1.0436357142857144,38.27972054133982,-0.20299283114775704,0.0005290034966206743,0
0.668311,0.0920275,1.5912166666666667,34.599998474121094,-8.519266279808325e-14,0.0007900845264194323,0
0.257881,0.056207,0.614002380952381,34.46250393975355,0.0664821941299132,0.0007300837006902704,0
-0.806119,0.0111307,-1.9193309523809525,33.28793950468912,-0.08550928993424563,0.0011581160645716124,0
-0.00276909,0.000222548,-0.006593071428571429,5.568564263557512,0.5192617068601748,0.0009007051708125712,0
0.323395,0.0168345,0.7699880952380952,4.412212185062915,-4.314288671924,0.005929148806080289,0
-0.146563,0.00181941,-0.34895952380952383,19.152584300430878,0.2994349140752986,0.0009849040238189958,0
0.0372472,0.0175689,0.08868380952380953,34.62687034284989,0.016821558263808083,0.0007783244162506863,0
0.103833,0.0420199,0.24722142857142856,34.59956853332108,0.008129990038981965,0.0006529546297253034,0
-0.181575,0.00189384,-0.4323214285714286,20.21736637891241,0.6747527245233782,0.000681409727789251,0
-0.591994,0.00111175,-1.4095095238095239,15.709997829998928,0.6565972021966658,0.0005841643565780783,0
0.132862,0.0549162,0.31633809523809525,34.598465335880185,-0.0023394327269842677,0.0006605916704988871,0
-0.760775,0.00864453,-1.8113690476190476,35.184573912609295,0.11602099785421326,0.0005929293114773764,0
0.523182,0.012649,1.2456714285714288,34.64094764172765,0.013053925237715864,0.0003839668835940164,0
0.179291,0.111745,0.42688333333333334,34.599998474121094,1.1497526263776495e-13,0.0002821075542593288,0
-0.612147,0.00605389,-1.4574928571428571,42.15734099561758,0.2336642148050684,0.00028719382491736585,0
0.456768,0.0135797,1.0875428571428571,34.5977711106608,0.007242125757709652,0.00025676963479628385,0
-0.337562,0.0513947,-0.8037190476190476,34.599998474121094,2.4533249906026807e-10,0.001113165968051545,0
-0.796043,0.120436,-1.8953404761904762,34.599998474121094,1.2668740748628398e-13,0.0007715996921288223,0
0.626494,0.00649079,1.491652380952381,37.37636569816775,1.5392028917991043,0.0005826806932895122,0
-0.000310059,0.0647686,-0.0007382357142857143,34.599998474121094,5.0426289496581034e-14,0.0007113915715026625,0
-0.778409,0.109221,-1.8533547619047621,34.599998474121094,8.602556046627964e-14,0.001031306128697873,0
0.0990326,0.0444182,0.23579190476190476,34.59898127233525,0.0017706901524571395,0.0002264646060724599,0
-0.134087,0.00733312,-0.31925476190476193,37.149516715729035,-0.21527851088024283,0.0008123708120659839,0
0.537941,0.0361216,1.2808119047619049,34.599998474121094,4.3145586451366677e-10,0.00046618719900681885,0
-0.74566,0.00126126,-1.7753809523809525,18.64906142050379,0.17563321877715415,0.0006266157223082242,0
-0.357715,0.070174,-0.851702380952381,34.599998474121094,1.5039693293101628e-13,0.0013380636656948265,0
-0.748179,0.0415779,-1.7813785714285715,34.599998474121094,-1.3403674761733734e-08,0.000551630121236345,0
-0.551688,0.000736083,-1.3135428571428571,10.65385843898045,0.5711114448379299,0.0007819043302906362,0
-0.768332,0.034742,-1.829361904761905,34.59999925188567,-5.848744435450961e-07,0.0009173145893496509,0
0.419871,0.00701148,0.9996928571428572,34.72469327289873,0.022419025211098308,0.0004778630175633557,0
0.665851,0.000427762,1.5853595238095237,8.723123321741644,0.09290780151607897,0.0007438638687124983,0
-0.204139,0.000594457,-0.4860452380952381,10.168551921712881,-0.3660839688950059,0.0005947229230969736,0
-0.758256,0.0999432,-1.8053714285714286,34.599998474121094,1.7672925243657834e-14,0.0011544918359490113,0
0.162137,0.0969419,0.3860404761904762,34.599998474121094,3.5228354083431235e-13,0.0006873542152826114,0
-0.0669669,0.0114706,-0.159445,34.384018784910786,-0.012731216245436713,0.0005444292467045393,0
-0.317409,0.000631885,-0.7557357142857143,9.836423312033947,0.023299094631022945,0.0007872674828681976,0
0.5527,0.0117748,1.315952380952381,34.55151922395952,0.04797504385695161,0.0007388283046946007,0
0.108646,0.0768991,0.2586809523809524,34.599998474121094,-1.3692307561849751e-11,0.0005820119779650299,0
0.400194,0.00182131,0.9528428571428572,9.254379026736,-1.4789961691561702,0.0007349347608337536,0
0.483826,0.343075,1.1519666666666666,34.463166343088936,2.132750844381298,0.0009165859056642244,0
0.26032,0.0571472,0.6198095238095238,34.75508876564412,-0.1847938842823663,0.0008988542360730543,0
-0.25695,0.0330307,-0.6117857142857144,34.60000162028495,-8.218626029324871e-06,0.0007606371364302135,0
0.37082,0.0479293,0.8829047619047619,34.599998474121094,1.1832606129061663e-09,0.0007419948257659639,0
-0.801081,0.0796833,-1.9073357142857144,34.599998474121094,1.4069786291569113e-14,0.0004997291258443489,0
-0.66001,0.00126126,-1.571452380952381,15.892749313715703,-0.07461818946690504,0.0011005990810826745,0
-0.785966,0.016457,-1.8713476190476193,34.62285853910446,-0.0005231377852331524,0.0007643514530803301,0
-0.0224745,0.00986145,-0.05351071428571429,34.545491670350216,-0.03284456975074135,0.0007545261387693644,0
0.111057,0.044488,0.2644214285714286,34.609060890319235,-0.0003837123450386174,0.0004286571373778738,0
-0.159055,0.000989476,-0.37870238095238096,14.695947902997808,0.22438837706326142,0.00033288380848244415,0
-0.405579,0.0451067,-0.9656642857142858,34.599998474121094,2.73819079660982e-09,0.0008788292267171025,0
-0.418174,0.0432951,-0.995652380952381,34.599998474121094,3.875407012269163e-09,0.0008865481263222627,0
0.39037,0.120744,0.929452380952381,34.599998474121094,-2.5527148528103153e-14,0.0005187347212093926,0
-0.748179,0.00249839,-1.7813785714285715,26.49976699029889,-0.2549871954267892,0.0009275339527378804,0
-0.6323,0.245479,-1.5054761904761904,34.599998474121094,-1.8255371406710358e-13,0.001104988128330534,0
0.0569394,0.0289416,0.13557,34.599872691704,0.0006954948457031295,0.000643620252312516,0
-0.531535,0.00340443,-1.2655595238095239,29.140155338108144,0.570942530379805,0.0009036994237975675,0
-0.486191,6.73557e-05,-1.1575976190476192,9.081953030817717,0.44554433540123106,0.0010838343703425855,0
0.656012,0.0453922,1.5619333333333334,34.599998474121094,-3.944635027858616e-09,0.00097603899530464,0
0.0393472,0.117273,0.09368380952380953,34.599998474121094,-1.202090818954799e-13,0.0008601845028926065,0
0.189112,0.116944,0.4502666666666667,34.599998474121094,1.8284689351737739e-13,0.0007067450385944379,0
0.0592114,0.0513361,0.1409795238095238,34.599998474121094,-4.08583197201159e-09,0.000786855137768553,0
0.496125,0.00341526,1.18125,41.06943203001219,0.8953991898496487,0.0007359613381263839,0
-0.511382,0.000298361,-1.2175761904761906,7.98044639481988,0.1647734073171692,0.000373147224227617,0
-0.428251,0.293054,-1.019645238095238,34.599998474121094,-2.6524701280093644e-14,0.001371879276769785,0
-0.335043,0.016457,-0.7977214285714286,34.607554805113445,-0.003999323856773093,0.0007951617127231816,0
0.316853,0.0264739,0.7544119047619048,8.915454103090136,-4.152075111284829,0.000675420802668037,0
0.216157,0.0618758,0.5146595238095238,34.31401571845189,0.0662412152663941,0.0006245611342786801,0
-0.0744024,0.015492,-0.17714857142857143,34.618392343465814,-0.0014475040983356355,0.0006207037012052953,0
0.604356,0.00474073,1.4389428571428573,41.39140832897847,-0.24594708839562407,0.0006430954184810474,0
0.483826,0.0340415,1.1519666666666666,34.599998474121094,-4.937295585810091e-09,0.0006972150804133623,0
-0.390464,0.000975072,-0.9296761904761904,13.191529679648868,0.007595391348312241,0.00102623945578801,0
0.186656,0.062345,0.4444190476190476,34.63376648769252,0.031314210205351946,0.0007373626783713572,0
-0.518939,0.074633,-1.2355690476190477,34.599998474121094,-1.158186848057394e-13,0.0014384461459289106,0
0.42725,0.00140437,1.017261904761905,18.918463418383556,-0.08973269657229482,0.0007057778780366138,0
0.137727,0.0606839,0.32792142857142853,34.59994939193136,5.256783621821281e-05,0.0005425573748061455,0
0.0226725,0.0100098,0.05398214285714286,34.02459994739177,-0.29612067880646203,0.000643157345704175,0
0.562539,0.0320499,1.3393785714285715,34.599998474121094,-3.5294775459368073e-08,0.0008746268186434061,0
-0.77589,0.00249839,-1.847357142857143,25.225458648881403,0.26816409969899974,0.0007050142173486214,0
-0.0446937,6.14656e-05,-0.10641357142857144,5.512089938667404,-0.006311276686133107,0.000166544191111377,0
-0.1042,0.0459996,-0.24809523809523812,34.599998474121094,1.0597806846712953e-10,0.0010780582388732203,0
-0.498786,0.0232916,-1.1875857142857142,34.599292153136844,-0.002848058249948246,0.0004912396610763524,0
0.419871,0.00140755,0.9996928571428572,18.92090571883321,0.30748701663125394,0.0006867772679959117,0
0.505964,0.00159146,1.2046761904761905,20.885949035284685,0.25850562227082236,0.00029933762491300285,0
0.621574,0.0179225,1.4799380952380952,34.597328434729796,0.004068636512699276,0.0008045057734855415,0
0.503504,0.0742512,1.1988190476190475,34.5999984741211,2.1353723924491507e-13,0.0004606479047856966,0
0.466607,0.00878692,1.1109690476190477,34.46958602449523,-0.01638629858649669,0.000642924140790056,0
0.0372472,0.0276849,0.08868380952380953,34.60003035692249,-7.225915881310264e-05,0.0001091366765140455,0
0.140162,0.0994948,0.33371904761904764,34.599998474121094,-8.379707502324466e-15,0.0006996487865074889,0
-0.312371,0.070174,-0.7437404761904762,34.599998474121094,3.846912935346078e-16,0.0008963839907774838,0
-0.104201,0.00218338,-0.24809761904761907,22.72709136472753,-0.13444397403916333,0.000812397370149968,0
0.0660762,0.0903933,0.15732428571428572,34.599998474121094,-7.41379719512342e-14,0.000668369309654196,0
0.614195,0.0028802,1.4623690476190478,28.5656872598931,0.09695452374645026,0.0007006393401831577,0
-0.274584,0.0796833,-0.6537714285714286,34.599998474121094,2.2594449366417606e-14,0.0010735082239721155,0
-0.750698,0.000975072,-1.7873761904761905,13.062618957506011,0.399359478472914,0.000992065922174783,0
0.505964,0.240324,1.2046761904761905,34.599998474121094,-1.0440254191317913e-13,0.0002620349803068857,0
0.653552,0.0383201,1.5560761904761906,34.59999920175072,1.801720255413838e-07,0.00051008102749094,0
-0.116642,0.030859,-0.27771904761904764,34.59999473935902,3.182125050680817e-06,0.0011977509655581315,0
-0.134087,0.011828,-0.31925476190476193,34.103274012847194,-0.06288975410759662,0.000640032742607579,0
-0.40306,0.134283,-0.9596666666666667,34.599998474121094,-1.0287713210792069e-13,0.0014793987775311463,0
-0.60207,0.0451067,-1.4335,34.599998474121094,-3.98816629024754e-09,0.0003729222280251156,0
-0.675125,0.0141423,-1.6074404761904761,34.50707806212928,0.06908002371460382,0.000722771811692933,0
0.316853,0.0204161,0.7544119047619048,3.4041785976052847,-3.8784465266901442,0.005037518166128479,0
-0.116643,0.000602415,-0.27772142857142856,9.450013055078655,0.25665555046186295,0.001173124299739073,0
0.67077,6.11822e-05,1.5970714285714285,5.371165285014992,0.1577749750529251,0.001104987587022194,0
-0.481152,0.0921318,-1.1456000000000002,34.599998474121094,-7.627524340781289e-14,0.0010995771455978918,0
0.564999,0.00107041,1.3452357142857143,14.570212884837423,-0.38979348244019124,0.00094498926124028,0
0.0161772,0.012035,0.038517142857142854,34.65354513779128,0.02545961171196327,0.0005787042310830892,0
-0.229261,0.00591398,-0.5458595238095238,40.843721148133895,-0.34383951919080774,0.0005337733372536288,0
-0.171561,0.000879444,-0.4084785714285714,11.991980101110148,0.010837973023946297,0.0009178812711854541,0
0.257881,0.0679889,0.614002380952381,34.60000651015607,3.0566816222111585e-05,0.0003027865526370639,0
-0.740622,0.00663106,-1.7633857142857143,36.54644780533069,0.015863348915640296,0.0005465221928006353,0
0.0800232,0.0746344,0.19053142857142857,34.599998474121094,-2.806226487763521e-14,0.0008813669053741221,0
-0.440846,0.00456941,-1.0496333333333334,36.277979198675354,0.12398054878050994,0.00069953953354666,0
0.304541,0.0403882,0.725097619047619,34.17959711929565,0.5413073000056755,0.0004076336178708088,0
0.118306,0.0654249,0.28168095238095237,34.600000902614354,4.4289840714325936e-08,0.0005552190203331053,0
-0.838868,0.070174,-1.997304761904762,34.599998474121094,-3.74160938657842e-14,0.001097998673445884,0
0.250547,0.0631295,0.5965404761904762,34.60832168223306,0.006594486398937269,0.0006108351337812656,0
0.0502004,0.0313569,0.11952476190476191,34.600038527194506,-7.860939100310597e-05,0.0007253993337540707,0
-0.423213,0.0248205,-1.0076500000000002,34.599970906290814,-0.00010779317460984393,0.0011486226554720412,0
-0.624742,0.00142475,-1.4874809523809525,16.97053754396652,0.3776563721718151,0.0009804971192514166,0
-0.425732,0.0280088,-1.0136476190476191,34.60002793440078,-3.790956923048249e-07,0.0010161424714326104,0
0.584677,0.0219095,1.3920880952380954,34.59970103762477,0.0007238964339317548,0.0009625008865170967,0
-0.398021,0.00201189,-0.9476690476190477,24.053577171671055,0.3113917563923755,0.0005937332782273186,0
0.094248,0.097657,0.22440000000000002,34.599998474121094,-6.311652248580972e-14,0.0006541417928620122,0
0.00933115,0.00193021,0.02221702380952381,20.04323387771441,1.5282273685752157,0.000543580166590386,0
-0.624742,0.0330307,-1.4874809523809525,34.60000026334821,-1.690684924161285e-05,0.0011933968007035254,0
0.035161,0.02499,0.08371666666666666,34.600012237870736,0.0002429250793713308,0.0005347122134520145,0
0.196483,0.053439,0.46781666666666666,15.871102621908584,1.3601202839104012,0.0003401040273455941,0
0.171934,0.141512,0.4093666666666667,34.599998474121094,-1.0615486891811354e-13,0.00039529270392721003,0
-0.657491,0.00376114,-1.565454761904762,32.42935617284918,0.43693213699525735,9.901109863702634e-05,0
0.211238,0.0554453,0.5029476190476191,31.265289950487475,0.19733490714098198,0.00044385582833362,0
0.235828,0.0641475,0.5614952380952382,34.624656949068616,-0.011565239834823571,0.0005198682507409701,0
-0.788485,0.350434,-1.8773452380952382,34.599998474121094,-2.0864297160631817e-13,0.0005662989954624328,1
-0.435808,0.120436,-1.0376380952380952,34.599998474121094,-1.269211664752978e-13,0.0010829109286004807,0
0.24074,0.348269,0.5731904761904763,34.435247313241064,0.3237666887374811,0.01786729544123034,0
-0.23429,0.00140202,-0.5578333333333334,16.137453923081903,0.5994717509392687,0.0005745742434909757,0
0.464147,0.0145695,1.1051119047619047,34.59804608787227,-0.0011010911375457682,0.00023356212565566335,0
0.115888,0.0444199,0.27592380952380957,34.59841700014638,0.016290075020090587,0.0003951739121629998,0
-0.594513,0.00142475,-1.4155071428571429,17.78171025166668,0.22700694721010728,0.0005022222087237811,0
0.135293,0.0485246,0.32212619047619045,34.5437280248635,-0.05216606826948563,0.0007887817604581864,0
-0.322448,0.0398847,-0.7677333333333334,34.60000077739027,4.209367751997122e-07,0.0009290813865639777,0
0.140162,0.0500378,0.33371904761904764,34.69141961478365,0.2982025202898182,0.0002444110902433295,0
0.167034,0.0543929,0.3977,34.037287864434006,-0.2896579022210665,0.0005025319483675794,0
-0.483671,0.00126126,-1.1515976190476191,14.424831011294904,0.1615318477894361,0.0008059641429692566,0
-0.692759,0.00111175,-1.6494261904761907,14.13713206541108,0.19417644110203147,0.0010467609869602447,0
-0.146564,0.0255955,-0.34896190476190475,34.5999698163849,-0.00033989655303548374,0.000555710482169425,0
-0.785966,0.174864,-1.8713476190476193,34.599998474121094,-1.3065026954829663e-14,0.0005912829605901985,0
-0.770851,0.000172242,-1.8353595238095237,5.803369191521688,0.5089322314002566,0.0004602017063147663,0
0.0479833,0.0237583,0.11424595238095238,34.60090172441491,1.8841680714866414e-05,0.00044798436099468777,0
0.459228,0.0179225,1.0934000000000001,34.600061880299,-0.0009075375224267541,0.0006609928792155359,0
-0.149061,0.000542494,-0.35490714285714287,9.990350777141659,0.7905570055570877,0.0005943578967457771,0
-0.40306,0.00551956,-0.9596666666666667,37.40180262921032,0.19534468168131855,0.0009584838503564469,0
-0.483671,0.245479,-1.1515976190476191,34.599998474121094,1.2501422650311377e-13,0.00048315983366203116,0
0.383023,0.0017401,0.9119595238095238,2.3110263393666277,-1.3306109606815586,0.0023697089485018386,0
-0.141571,0.0521878,-0.33707380952380955,34.599998474121094,1.767338484791618e-11,0.0010205264871704961,0
-0.28718,0.109221,-0.6837619047619048,34.599998474121094,-7.47981327451555e-14,0.0008355714090256035,0
-0.0768811,0.038611,-0.1830502380952381,34.599998474121094,3.925524515005395e-08,0.00027234721668244373,0
-0.541611,0.00277506,-1.28955,28.579564829115277,-0.061018252736553764,0.0010759990774212227,0
-0.599551,0.00201189,-1.4275023809523808,21.601752093611626,0.5712076696423789,0.0008794912391086108,0
-0.425732,0.000449913,-1.0136476190476191,8.36166497391164,0.413252941143376,0.0006011377356724164,0
-0.166557,0.000872466,-0.39656428571428576,11.870963005222963,0.4998894590068563,0.0008734688254568738,0
-0.161555,0.345813,-0.38465476190476194,34.550964142065816,-1.0645010235263832,0.0001285174857098734,0
-0.144067,0.0725692,-0.3430166666666667,34.599998474121094,3.207345146167882e-14,0.0008060457557619475,0
-0.624742,0.293054,-1.4874809523809525,34.599998474121094,3.909827195037735e-14,0.0014248297481327386,0
0.140162,0.057862,0.33371904761904764,34.60033691460667,8.370709234521531e-05,0.0004118184734094789,0
-0.216693,0.0001154,-0.5159357142857143,4.497771243849681,-0.21286339568429385,0.0007103854874783848,0
0.375695,0.00926729,0.8945119047619048,36.529170868076044,-3.698471456670602,0.0005068013304835797,0
-0.541611,0.000536751,-1.28955,10.67909456498721,-0.1371489809182454,0.001104035995573024,0
0.601896,0.0109542,1.4330857142857143,33.354338566996134,0.0047463386522443906,0.0008497440064292002,0
0.135293,0.0810969,0.32212619047619045,34.599998474121094,4.817491206963503e-10,0.0008363737769432128,0
-0.627261,0.00792391,-1.4934785714285714,36.282070337898574,-0.015734485300538673,0.0003452284603885841,0
-0.649934,0.00456941,-1.547461904761905,36.67707739524535,0.43742253407604725,0.0011791998527731155,0
-0.382907,0.245479,-0.9116833333333334,34.599998474121094,-5.619451715458411e-14,0.0015029394480440856,0
0.466607,0.00815413,1.1109690476190477,34.21301419091484,-0.061046494227973425,0.0005426811102982774,0
-0.37283,0.00725357,-0.8876904761904763,35.441072875160465,-0.12268439874027491,0.0006974196964367127,0
-0.0868071,0.00134883,-0.20668357142857144,16.720029487715166,0.3516170019372399,0.0010882271059443616,0
0.221077,0.0765574,0.5263738095238095,34.600011563140654,1.9101977982674552e-05,0.0003443922808372192,0
0.621574,0.00313824,1.4799380952380952,33.41129358709844,-0.10590825000216082,0.000688835030496825,0
-0.121624,0.00327168,-0.2895809523809524,29.62894070812018,0.29949438432802267,0.0008864204172017761,0
0.218617,0.0546585,0.5205166666666667,25.403044907811065,-1.0705745463639156,0.0006509728753668791,0
-0.798562,0.0364597,-1.9013380952380954,34.60000084542635,-1.4972760926650142e-06,0.0007805147292923798,0
-0.770851,0.0470487,-1.8353595238095237,34.599998474121094,1.655782713543274e-09,0.0009782184035593974,0
0.35143,0.00678623,0.8367380952380953,1.829599483061275,-1.9834096225324027,0.005726892829423904,0
0.604356,0.141384,1.4389428571428573,34.599998474121094,-3.5469325261739095e-14,0.0010102412164611021,0
-0.413136,0.0203866,-0.9836571428571429,34.59873362407669,0.0020826902483137874,0.000761748308275593,0
-0.307333,0.00551956,-0.7317452380952382,37.310373236515744,-0.08585888235363427,0.0005853013241964023,0
0.108646,0.0513105,0.2586809523809524,34.600080049705845,-0.00022306383543475804,0.00025450391431948834,0
0.387918,0.00109061,0.9236142857142857,2.0418821771951574,-0.5051562586380712,0.001934373513067575,0
-0.428251,0.0232916,-1.019645238095238,34.59980263232431,0.0002616297777055347,0.00023638695341761295,0
-0.274584,0.00456941,-0.6537714285714286,35.702057953667975,0.14452388084597384,0.0008454209894181753,0
0.298736,0.0357416,0.7112761904761905,28.64860343286616,-6.723951409745178,0.0005235887603328743,0
0.5527,0.00241613,1.315952380952381,27.10759302638476,0.4504868258321716,0.0007947489651116715,0
-0.154057,0.00372784,-0.366802380952381,30.647895805513937,1.0757565457490204,0.00045715941593478337,0
-0.109175,0.00156077,-0.25994047619047617,17.43544425011648,0.004230194764760914,0.000985716434175659,0
0.631413,0.0249546,1.5033642857142857,34.59989233859979,0.000479867593076208,0.00044301936518828283,0
-0.833829,0.0330307,-1.985307142857143,34.599998474121094,-8.622071540702053e-06,0.0011904208288881803,0
-0.116643,0.0244999,-0.27772142857142856,34.60010905882922,0.00011888756398467775,0.0006576845549114918,0
-0.34512,0.0141423,-0.8217142857142857,34.61014147018511,-0.026838840438552194,0.000915680875506163,0
-0.662529,2.17492e-05,-1.5774500000000002,5.172195739652102,0.028456025745706933,0.0004991348317232259,0
-0.760775,0.0130776,-1.8113690476190476,34.61955365564356,0.01989529994199754,0.001107753960095593,0
-0.539092,0.0102458,-1.283552380952381,33.82238540470196,-0.11803671678843583,0.0009805400460821114,0
0.587137,0.141384,1.3979452380952382,34.599998474121094,4.898226549133795e-14,0.0007046434334309702,0
0.42725,0.0191775,1.017261904761905,34.600466837916386,-0.0008117825345073932,0.0007375036024436114,0
0.594516,0.0145695,1.415514285714286,34.612576700297,0.01177424620754666,0.0008185338075811794,0
-0.423213,0.00011738,-1.0076500000000002,5.596238935456582,-0.1541961527850291,0.00014900587294937613,0
-0.277103,0.205968,-0.6597690476190476,34.599998474121094,1.0568764706522043e-14,0.000518322590625258,0
0.606815,0.000797155,1.444797619047619,11.2048425618076,0.09544113615301071,0.0008480901821791289,0
-0.566802,0.00340443,-1.3495285714285716,31.984532260052312,0.2785161243979023,0.00041036107950253415,0
0.365953,0.011756,0.8713166666666666,36.15851550845251,-4.943795409972322,0.00043917087280794003,0
0.0524327,0.0444563,0.12483976190476191,34.599998474121094,4.970953003803105e-08,0.0007414586445557686,0
0.638793,0.0361216,1.5209357142857145,34.59999939751082,1.3523168517352341e-06,0.0010098953194179058,0
0.291188,0.16517,0.693304761904762,34.599998474121094,-1.6921376238795547e-13,0.00037070640495298347,0
-0.322448,0.0263947,-0.7677333333333334,34.599807616447734,0.0010023351138602088,0.00040211380952205627,0
-0.40306,0.00224459,-0.9596666666666667,30.11768521230582,-0.0025924669973717016,0.0002804900674295667,0
-0.104201,0.0565378,-0.24809761904761907,34.599998474121094,1.8287774159292954e-13,0.0004713855460256282,0
-0.0200075,0.141973,-0.04763690476190477,34.599998474121094,1.408897359425006e-13,0.000892025392453029,0
0.103833,0.0867862,0.24722142857142856,34.599998474121094,-6.437861952175176e-14,0.0005421189466876342,0
0.0502004,0.0246134,0.11952476190476191,34.60117160333833,-0.00016568346377501112,0.00015378256638355362,0
-0.0446931,0.0375726,-0.10641214285714286,34.599998474121094,-9.537129048529602e-08,0.0008519468536256369,0
