query_x_m,query_y_m,query_x_over_c,pred_u_mps,pred_v_mps,nearest_distance_m,used_nearest_fallback
-0.54413,0.0203866,-1.2955476190476192,34.59991133311484,-0.00014282615863413039,0.0011913141057937453,0
0.321186,0.017274,0.7647285714285715,5.78102845358119,-3.116439664703349,0.006324778412966707,0
-0.159054,0.171294,-0.37870000000000004,34.599998474121094,-9.703732514115339e-14,0.0010160553536659124,0
-0.146564,0.0074732,-0.34896190476190475,37.38821868538092,0.031324741289043966,0.000999017125351851,0
-0.735584,0.0381765,-1.7513904761904764,34.599998474121094,-5.8115054306615915e-09,0.0009444084074309473,0
0.255439,0.0761785,0.6081880952380954,34.599998474121094,3.151589788594387e-08,0.0003523160329297829,0
0.255439,0.0706302,0.6081880952380954,34.60000228881837,-1.4551328037134215e-06,0.0005186850971873724,0
-0.652453,0.070174,-1.5534595238095237,34.599998474121094,2.905251106444895e-14,0.0007049708700048815,0
0.540401,0.240324,1.2866690476190477,34.599998474121094,2.6725535299312974e-14,0.0008098411243989878,0
-0.448404,0.350434,-1.0676285714285716,34.599998474121094,-1.488936740828145e-13,0.001043950102413021,1
-0.793523,0.00551956,-1.8893404761904762,36.76784480756581,0.03856328307796292,0.0002971091128706908,0
-0.702835,0.00160345,-1.6734166666666668,24.553232056987238,-0.15059702000655395,0.00048210972040958484,0
-0.282142,0.0248205,-0.6717666666666667,34.599995810478376,5.025772609862966e-05,0.0010807021019986027,0
0.0660762,0.049778,0.15732428571428572,34.599998474121094,1.42736682966274e-10,0.0005335909975564381,0
0.611735,0.141384,1.4565119047619048,34.599998474121094,1.7141700527098256e-14,0.0013003871927328055,0
-0.309852,0.00277506,-0.7377428571428573,28.479676142894938,-0.14459081650904296,0.000995926301294336,0
0.147475,0.0887343,0.3511309523809524,34.599998474121094,1.4970402191895718e-13,0.0005359861513972743,0
-0.309852,0.0398847,-0.7377428571428573,34.599998474121094,1.402414825238152e-09,0.0009059903996991133,0
-0.657491,0.0626438,-1.565454761904762,34.599998474121094,-2.1109868551432454e-13,0.0011745022330207262,0
0.478906,0.00241613,1.140252380952381,35.051089843484895,0.2991718269049931,0.0006126637212472364,0
0.508424,0.0249546,1.2105333333333332,34.599998474121094,-1.2636126548455074e-07,0.0003580749059264783,0
0.461687,0.120238,1.099254761904762,34.599998474121094,1.0376158121667663e-13,0.000651554533835492,0
0.0569394,0.0504549,0.13557,34.599998474121094,-9.59844916724916e-12,0.0006795201992170846,0
0.604356,0.00371257,1.4389428571428573,35.681975212308814,0.08479210269301031,0.0008002065868010184,0
-0.644895,0.00224459,-1.5354642857142857,25.11347135679689,0.574267680392553,0.0007906507267449043,0
0.373256,0.0120214,0.8887047619047619,35.38148603819149,0.1417527972043996,0.0006806365426011962,0
-0.665048,0.109221,-1.583447619047619,34.599998474121094,1.4119410300675459e-14,0.0012162909851081002,0
-0.246876,0.000533471,-0.5878000000000001,14.775970817156358,0.6210872924777908,0.0008996999318066537,0
0.604356,0.120238,1.4389428571428573,34.599998474121094,5.409447781310026e-14,0.0011246826710960528,0
-0.375349,0.000736083,-0.8936880952380952,13.847225998307243,-0.44176761461348296,0.000983847017314665,0
0.0139378,0.00665556,0.033185238095238094,35.045592215144616,-0.16359801739166654,0.0006635572518571419,0
-0.0471665,0.00819732,-0.11230119047619049,35.6038701733937,-0.034518443007548395,0.0008832313555858051,0
0.515803,0.0233918,1.228102380952381,34.600001346785824,5.146958613516591e-07,0.0006115247370993916,0
-0.106687,0.0376188,-0.25401666666666667,34.599998474121094,-8.922061057766253e-10,0.0007176532365319128,0
-0.66001,0.0232916,-1.571452380952381,34.5999546901723,7.951210726269851e-05,0.0012221500635506803,0
-0.48871,0.000736083,-1.1635952380952381,17.03114008931617,0.04824527630464746,0.0010687617177316837,0
0.42725,0.000262757,1.017261904761905,8.471231979050389,-0.2573404662335935,0.00031204743807037644,0
0.466607,0.0586304,1.1109690476190477,34.599998474121094,-1.0630942213886954e-13,0.000565052225340692,0
0.459228,0.00220321,1.0934000000000001,32.38634797718759,-0.0210543407236924,0.00028386377138402125,0
0.0414634,0.0501525,0.09872238095238095,34.599998474121094,1.7700396764871238e-13,0.0005889745912076509,0
0.218617,0.0866183,0.5205166666666667,34.599998474121094,-9.94025150320328e-12,0.0005939193862939523,0
-0.483671,0.0415779,-1.1515976190476191,34.599998474121094,3.586596985202875e-10,0.0004690705190138954,0
0.54532,0.00159146,1.2983809523809524,25.787868847934668,0.5208488061384765,0.0006136617887635989,0
-0.380387,0.00307642,-0.9056833333333333,33.32962538350716,0.2806526797814557,0.0009480251200642278,0
0.0310155,0.0442124,0.07384642857142858,34.599998474121094,4.5526298812518126e-12,0.0006018408126342393,0
0.00933115,0.00735986,0.02221702380952381,34.37464018686961,-0.056937444306276154,0.0005922580535844852,0
0.332481,0.0314412,0.7916214285714287,34.610069268295014,0.015631792354523583,0.0007059156079783752,0
-0.622223,0.120436,-1.4814833333333333,34.599998474121094,1.2622198190234971e-14,0.0012331061990735472,0
0.606815,0.2869,1.444797619047619,34.599998474121094,7.844063140623485e-14,0.001189405561233347,0
0.118306,0.0496819,0.28168095238095237,34.599509988872406,0.0007724831351930053,0.0006897584812029805,0
-0.692759,0.000449913,-1.6494261904761907,12.751244736896451,0.5399525312229673,0.0005104034399372017,0
-0.292218,0.000536751,-0.6957571428571429,12.503220767653527,0.34945200896861794,0.0006623533962141991,0
-0.029875,0.000447933,-0.07113095238095238,19.045220154777546,0.10949921541709828,0.0006798067278244902,0
-0.559245,0.0854577,-1.3315357142857143,34.599998474121094,-2.0030039927518922e-13,0.0012248210865518328,0
-0.584436,0.0538422,-1.3915142857142857,34.599998474121094,-6.599082457763778e-14,0.00023713324783819565,0
-0.66001,0.00224459,-1.571452380952381,27.37077946141112,0.1821734068865891,0.0008359636010619608,0
0.218617,0.092653,0.5205166666666667,34.599998474121094,-6.995915569195962e-14,0.0001754581947296372,0
-0.531535,0.0364597,-1.2655595238095239,34.599998474121094,9.543565477223875e-10,0.0009276931970314091,0
0.132862,0.152561,0.31633809523809525,34.599998474121094,9.927968801071292e-14,0.0006913522911580777,0
-0.523977,0.056509,-1.247564285714286,34.599998474121094,-8.184533734771571e-14,0.0010159221795347673,0
0.523182,2.01598e-05,1.2456714285714288,5.692744262701486,0.3833958273998491,0.00025349211036534454,0
-0.692759,0.016457,-1.6494261904761907,34.600378609175614,0.00016566127915520237,0.0009526417740268032,0
0.387918,0.00382273,0.9236142857142857,13.77322407325646,-2.2622990183015332,0.0005660105005920946,0
-0.521458,0.00249839,-1.2415666666666667,31.25166679926639,0.11184959418622477,0.0009020323489449918,0
0.262754,0.0723546,0.6256047619047619,34.599998474121094,5.591491831012752e-08,0.0006676745910366503,0
0.267605,0.14009,0.6371547619047618,34.59999847412109,-3.847840739940001e-14,0.0008209323216614152,0
-0.249394,0.0014215,-0.5937952380952382,23.666257622582062,0.2100132681368166,0.0005589231030892029,0
0.162137,0.196596,0.3860404761904762,34.599998474121094,-1.3601781549792898e-13,0.0008782262069204365,0
-0.639857,0.00011738,-1.5234690476190478,9.003052112386738,0.939003188320148,0.00012841840934501818,0
0.656012,0.0340972,1.5619333333333334,34.59999847412109,-1.4089866262682266e-07,0.0005624103877319946,0
0.471527,0.0167381,1.1226833333333333,34.60004574455685,3.2913589837602956e-05,0.0002500815153845047,0
-0.526497,0.15184,-1.2535642857142857,34.599998474121094,3.2866375085595465e-14,0.0013417608291018284,0
0.330176,0.0182169,0.7861333333333335,4.451077876424,-2.9804212059567208,0.002203037880297044,0
0.0502004,0.024915,0.11952476190476191,34.6004591182762,-0.0007207627233300607,0.0002321617246908864,0
-0.526497,0.0102458,-1.2535642857142857,34.570319165613064,0.04224948944944494,0.0010886939740664657,0
0.579758,0.240324,1.3803761904761904,34.599998474121094,9.575977488136848e-14,0.0010207323290115848,0
0.628954,0.00403158,1.497509523809524,33.33651317957774,0.4440448309191431,0.0002983455773124071,0
0.0776761,0.0473489,0.18494309523809524,34.599998474121094,-8.576022795676273e-09,0.00018237041237924154,0
0.169483,0.0810816,0.4035309523809524,34.599998474121094,4.369430035843175e-10,0.0008772176307168638,0
-0.330005,0.0111307,-0.7857261904761905,34.51966147759763,0.04123019356777776,0.0007663746053357284,0
0.2014,0.226357,0.4795238095238095,34.599998474121094,-1.5682378880049215e-13,0.0009575157892049206,0
-0.322448,0.0203866,-0.7677333333333334,34.60039583085484,0.0003432058274226192,0.0008310951777848153,0
0.0372472,0.0178764,0.08868380952380953,34.60674554470246,-0.006632697246001406,0.0008505712553193376,0
0.0393472,0.0237914,0.09368380952380953,34.599968023965786,0.00013214353132103918,0.0005959853147549016,0
0.459228,0.0109542,1.0934000000000001,34.605130951971745,-0.007622154689994014,0.0007082389334238637,0
-0.846425,0.00224459,-2.0152976190476193,27.621426721588435,0.10092547683266746,0.00036062373707512274,0
-0.728026,0.00376114,-1.733395238095238,33.010719157648396,-0.17991343940010712,0.0005452874625359302,0
-0.433289,0.000536751,-1.0316404761904763,12.50285021730321,0.7553170194407446,0.0010417342780200635,0
-0.0471654,0.343075,-0.11229857142857144,34.45710059584693,-1.8543598075823937,0.0015453134976422783,0
0.461687,0.0428898,1.099254761904762,34.599998474121094,-2.353528471259995e-13,0.0007290660625152666,0
-0.508863,0.0451067,-1.2115785714285714,34.599998474121094,4.8129780663791887e-11,0.0003872834766213494,0
-0.498786,0.00456941,-1.1875857142857142,34.09912445154779,0.2052180125596551,0.0006252218033270148,0
-0.304814,0.0432951,-0.725747619047619,34.599998474121094,-1.0618841172084099e-10,0.001093329651875849,0
-0.798562,0.00111175,-1.9013380952380954,23.286585041243026,0.260816846334658,0.0008408977726703593,0
-0.712912,0.00340443,-1.697409523809524,33.20590746176607,0.12676548794357087,0.00016280380578146493,0
0.38547,0.240746,0.9177857142857143,34.599998474121094,-4.9042705943977166e-14,0.000608365703363102,0
-0.720469,0.00111175,-1.715402380952381,20.376384443995722,0.21654686315776867,0.0004286916015448907,0
-0.622223,0.0296571,-1.4814833333333333,34.59999626271348,-3.001722012521216e-06,0.0009489587038041983,0
-0.169058,0.289965,-0.40251904761904767,34.599998474121094,3.1533494071804765e-14,0.0010697448959757464,0
0.414952,0.0167869,0.9879809523809524,34.59994836580349,6.74799623890256e-05,0.0006633285231689236,0
0.471527,0.00946284,1.1226833333333333,34.607807102926415,0.0018789988453972656,0.00026730599811691146,0
0.252995,0.225627,0.6023690476190477,34.599998474121094,-5.937920622336326e-14,0.0010104470411500773,0
0.0205396,0.0538158,0.04890380952380953,34.599998474121094,9.612436930790979e-14,0.0009617856388784915,0
0.614195,0.000683475,1.4623690476190478,19.904548418619672,0.07131439132609042,0.0007039656659083898,0
0.293059,0.0370724,0.6977595238095239,25.855529147014746,-3.3511212857109247,0.0006203409226013579,0
0.530562,0.0179225,1.2632428571428571,34.60002599292749,-6.426752717971293e-05,0.0007673878194945755,0
0.508424,0.00199417,1.2105333333333332,27.391790109626495,0.24565936680797218,0.0005759565053462001,0
0.181745,0.0802293,0.4327261904761905,34.599998474121094,-9.75820228422553e-09,0.0003504466479388851,0
0.560079,0.00107041,1.3335214285714285,20.41684953993469,-0.0012787660193046553,0.0005823736500885282,0
-0.124115,0.00665243,-0.29551190476190475,36.093893002961636,0.1496116635748792,0.001078301185420611,0
0.1842,0.0530809,0.4385714285714286,29.391495218460808,1.9484436255119382,0.0005497615089102016,0
0.0823778,0.0844937,0.19613761904761906,34.599998474121094,3.382187136827373e-14,0.0006832315394511469,0
0.0776761,0.0368223,0.18494309523809524,34.59993393070434,0.00010845101478770973,0.0007790078004921105,0
-0.700316,0.0432951,-1.6674190476190478,34.599998474121094,8.804995508953962e-11,0.0009073128632595826,0
-0.614666,0.049138,-1.4634904761904763,34.599998474121094,1.1181428398993924e-12,0.0011916260620299455,0
0.540401,0.20113,1.2866690476190477,34.599998474121094,-2.385247180854132e-14,0.0005636180611627065,0
0.619114,0.20113,1.4740809523809526,34.599998474121094,1.6774894966171235e-13,0.00040655741911901395,0
0.298736,0.0407407,0.7112761904761905,33.69799970158635,0.6413998325502865,0.0007202908945071562,0
0.325631,0.0150488,0.7753119047619048,4.402334651338963,-2.8358976291940485,0.006785266595844264,0
0.262754,0.0900044,0.6256047619047619,34.599998474121094,9.513298349170784e-15,0.00074285433085455,0
-0.607108,0.0111307,-1.4454952380952382,34.390717818761544,0.05105985838244321,0.0011869977058601958,0
-0.755737,0.0203866,-1.7993738095238097,34.599077113746226,0.0019592613884036702,0.0007976678014936809,0
-0.0175441,0.00722302,-0.041771666666666665,36.693357808390516,0.23510122126691216,0.0002104228330962033,0
-0.31489,0.0538422,-0.7497380952380953,34.599998474121094,-7.259648024594943e-14,0.001165382374684789,0
-0.0644898,0.000342512,-0.15354714285714285,10.292397184401366,-0.13005052938166814,0.0004347638066333726,0
0.243194,0.0533361,0.5790333333333333,38.112386623361324,-0.8219180755675585,0.0001594808055109486,0
-0.236807,0.00779171,-0.5638261904761904,34.73870403314687,-0.04562508195808988,0.0009342892321433973,0
-0.642376,0.000736083,-1.5294666666666665,14.205515932566403,0.004268142110303236,0.0007789178360011573,0
-0.690239,0.0415779,-1.6434261904761907,34.599998474121094,4.817028764669684e-10,0.000853743272445072,0
-0.204139,0.0347013,-0.4860452380952381,34.599998474121094,8.653403722652822e-09,0.000877472710869881,0
-0.619704,0.0190173,-1.4754857142857145,34.601953021956966,-0.0006570665663558465,0.0006755446830740218,0
0.656012,0.050502,1.5619333333333334,34.599998474121094,3.6842711823905626e-13,0.0003241787340471825,0
-0.700316,0.0218124,-1.6674190476190478,34.6001455296368,-0.0003266451580451698,0.000901177194492863,0
0.162137,0.072577,0.3860404761904762,34.599998474121094,2.401327464314623e-07,0.0008237656234017444,0
-0.0496393,0.00888903,-0.11818880952380952,35.017309476449306,0.013056010384243939,0.0010035742026553301,0
0.203859,0.0679918,0.4853785714285715,34.5998256645151,-0.00042400894975372426,0.0006450590554256151,0
-0.702835,0.00179869,-1.6734166666666668,26.04806881164102,-0.2291421623303843,0.0005822582595634024,0
-0.40306,0.034742,-0.9596666666666667,34.5999984741211,9.865831373073454e-09,0.0006694746082260682,0
-0.45848,0.245479,-1.0916190476190477,34.599998474121094,1.998565978357105e-13,0.0017437012833158893,0
-0.508863,0.0796833,-1.2115785714285714,34.599998474121094,4.2101725480654506e-14,0.0004902925922426132,0
-0.209158,0.150564,-0.49799523809523816,34.599998474121094,-4.795934185371156e-14,0.0009708534346306694,0
-0.581917,0.00307642,-1.3855166666666667,36.630301431708425,0.01781964003949645,0.0006148021621739771,0
-0.828791,0.000370666,-1.973311904761905,10.943588973656272,0.11404734494714722,0.0009287246224667266,0
-0.511382,0.00011738,-1.2175761904761906,10.345837737162732,0.27282307930997163,0.00025297752672475766,0
-0.450923,0.056509,-1.0736261904761906,34.599998474121094,-2.7301318734906486e-14,0.0006811934551940314,0
0.478906,0.000361505,1.140252380952381,9.476398092149317,0.4151098796476206,0.00042271874403078337,0
0.0310155,0.0283523,0.07384642857142858,34.60000022641926,2.6836756307468282e-06,0.0008096377993871133,0
0.621574,0.0558248,1.4799380952380952,34.599998474121094,-5.326694976348034e-14,0.0012407480033778148,0
-0.801081,0.0130776,-1.9073357142857144,34.59880667084098,0.005354342847777083,9.247225776291123e-05,0
0.0183763,0.0662596,0.043753095238095244,34.599998474121094,1.373766846289157e-13,0.0005985966085996333,0
-0.473595,0.0130776,-1.1276071428571428,34.557317461510586,0.020066537216832697,0.001185690848900364,0
-0.40054,0.00663106,-0.9536666666666668,35.050493105473954,-0.17342643456248158,0.0007744182474239671,0
-0.0372808,0.0279705,-0.08876380952380954,34.599998474121094,5.439844778628277e-06,0.0009651427526872629,0
-0.68772,0.0111307,-1.6374285714285715,34.64093624774449,-0.010661952753721764,0.0005937371060231876,0
0.525642,0.0614957,1.2515285714285715,34.599998474121094,-1.7434298947809442e-13,0.0006129825430300005,0
0.0226725,0.0144125,0.05398214285714286,34.612153652466965,-0.015003636983540205,0.0007127176018925842,0
-0.284661,0.074633,-0.6777642857142857,34.599998474121094,-1.2891951974629845e-13,0.0011792961596844823,0
0.407573,0.0647929,0.9704119047619049,34.599998474121094,-7.306592000418469e-14,0.0007153257919084503,0
0.281496,0.0470076,0.6702285714285715,34.51480929123766,0.07281031352212256,0.0007534573581381017,0
-0.468557,0.0280088,-1.1156119047619049,34.60000228881836,6.04099003883661e-07,0.0002663812047066623,0
-0.8036,0.00126126,-1.9133333333333333,18.030367615108908,0.4412222663224053,0.0010702318548313377,0
0.228454,0.0968786,0.5439380952380952,34.599998474121094,-1.8624268069545074e-14,0.0008047379778194459,0
0.643712,0.103788,1.532647619047619,34.599998474121094,1.0950929104109688e-13,0.0006165913580554181,0
-0.302295,0.00111175,-0.71975,22.372452234877652,0.13382067318607285,0.000913550357759257,0
-0.350158,0.0330307,-0.8337095238095239,34.599998474121094,3.2291814237259843e-07,0.000932657039287117,0
0.643712,0.000424474,1.532647619047619,11.700604934103698,0.29517895829750157,0.0007274424878152846,0
-0.00769115,0.00407434,-0.018312261904761904,34.45719356679818,0.22592030775917996,0.0007867890298646954,0
0.505964,0.0614957,1.2046761904761905,34.599998474121094,-1.2653723749797737e-13,0.0004459552124075741,0
0.319005,0.291467,0.7595357142857143,34.599998474121094,-6.746565577344049e-10,0.0008730694582900026,0
-0.191598,0.0880068,-0.4561857142857143,34.599998474121094,1.2009332472761637e-13,0.0007880619851314008,0
-0.647414,0.0626438,-1.541461904761905,34.599998474121094,6.234417061568873e-14,0.0009791431216672145,0
0.503504,0.0405467,1.1988190476190475,34.599998474121094,-3.834319675425595e-13,0.00023026522293125219,0
-0.392983,0.070174,-0.9356738095238096,34.599998474121094,-1.0423635841286647e-13,0.0010770293150724694,0
-0.0422215,0.0335262,-0.10052738095238097,34.599998474121094,1.4735962533698557e-08,0.0009471151208669385,0
-0.365273,0.0232916,-0.8696976190476191,34.60000074029268,-5.8644730363250635e-05,0.0012169532686353785,0
-0.226746,0.00589842,-0.5398714285714286,38.23249750443652,-0.08159196166028919,0.0008578151268127999,0
-0.690239,0.00340443,-1.6434261904761907,32.045814471319346,0.32699583827202156,0.0008856064858384049,0
-0.299776,0.350434,-0.7137523809523809,34.599998474121094,-4.651843688897872e-13,0.0017337448946903328,1
-0.670086,0.0130776,-1.5954428571428572,34.39506904312302,-0.01606898018061928,0.0006611243394637936,0
0.456768,0.0320499,1.0875428571428571,34.599998474121094,1.3436040222380757e-10,0.0007178387760434285,0
0.523182,0.0249546,1.2456714285714288,34.599998474121094,2.47266262456964e-07,0.0008280381726542805,0
-0.848944,0.00414872,-2.021295238095238,35.76463330534669,0.23226505358037308,0.000949314420933124,0
0.325631,0.17626,0.7753119047619048,34.599998474121094,-3.0287870738049434e-15,0.0008022279627197764,0
0.469067,0.00140437,1.1168261904761905,22.97778358983819,0.7788940994688245,0.00030187804233327767,0
0.113471,0.0477419,0.27016904761904764,34.599751150260666,0.00069878773774901,0.0005856789751843555,0
-0.846425,2.17492e-05,-2.0152976190476193,8.772176429188685,0.5617442976972937,0.0007889320490169651,0
-0.40054,0.000370666,-0.9536666666666668,16.25663325716988,0.34754791002724633,0.0005907511511593594,0
-0.000310083,0.00407666,-0.0007382928571428572,37.13418014713302,0.33720819376152544,0.0008041246186191256,0
-0.692759,0.00307642,-1.6494261904761907,29.604629917799773,-0.05973437429788613,0.0008544024381134164,0
0.0569394,0.0281401,0.13557,34.59993101502075,0.00012402381002302155,0.0005564868971735302,0
-0.0372817,0.0126127,-0.08876595238095239,34.57718791110096,0.01819628107658507,0.0007924676853459578,0
-0.821234,0.0330307,-1.9553190476190478,34.599998474121094,-3.701668681351181e-08,0.0006991853072881289,0
-0.141571,0.0210709,-0.33707380952380955,34.59999853421117,-0.00019162020208434398,0.0009625717560600672,0
0.380578,0.0701765,0.9061380952380953,34.599998474121094,1.082345431545196e-14,0.0005896185775172858,0
0.306526,0.0371977,0.7298238095238097,34.572602561664915,0.4579313694586573,0.00032525240557273864,0
-0.322448,0.016457,-0.7677333333333334,34.60523364450154,0.004860617238198622,0.0007750709288391695,0
0.560079,0.000221758,1.3335214285714285,13.55998875162332,-0.0037048037843941265,0.0012141633610784134,0
-0.164056,0.0191895,-0.39060952380952385,34.59985806202991,0.0001341928947238412,0.00043958492508281224,0
0.334804,0.0109096,0.797152380952381,9.601404266830809,-3.958821417042107,0.007373151194571686,0
0.5527,0.2869,1.315952380952381,34.599998474121094,-8.552362899006185e-15,0.0006049563801280107,0
-0.54413,0.0415779,-1.2955476190476192,34.599998474121094,-7.442239946463661e-11,0.000578083426826853,0
0.132862,0.138149,0.31633809523809525,34.599998474121094,1.0929849079927115e-14,0.0008584991217855249,0
-0.109176,0.00387943,-0.25994285714285714,34.02788976631601,0.08241553837576017,0.0002581947258738405,0
-0.629781,0.000736083,-1.4994785714285717,13.999491851509097,0.14645053947646858,0.0011880182249886155,0
-0.506344,0.0190173,-1.2055809523809524,34.60268453583557,-0.0016043925811470654,0.0007828139909136305,0
0.115888,0.0444912,0.27592380952380957,34.60120020081748,-0.005358397632124038,0.0004556995465627085,0
0.265183,0.1404,0.6313880952380952,34.599998474121094,-1.968028073644048e-13,0.0005850306038160066,0
0.397736,0.00295045,0.9469904761904762,22.423169747289396,-1.8497303943797923,0.00070398963607386,0
0.397736,0.0323358,0.9469904761904762,34.599998474121094,-3.7991393694007615e-09,0.0008098838700760377,0
0.135293,0.298664,0.32212619047619045,34.599998474121094,-1.6893723400388947e-08,0.0010615843111945178,0
0.334804,0.02394,0.797152380952381,36.908746941212264,0.06422541127743235,0.0006045965510336732,0
0.00456539,0.00403979,0.01086997619047619,38.73571729400878,0.6448875526249717,0.000982437885320006,0
-0.0348121,0.00299307,-0.08288595238095238,29.897707565016432,0.2743396141178749,0.0009659351563834055,0
-0.450923,0.0248205,-1.0736261904761906,34.599997362935795,-7.287012920261779e-06,0.0010356353978467775,0
-0.66001,0.0218124,-1.571452380952381,34.600086413099625,0.0004886045940519605,0.0011540324204259013,0
0.339498,0.0151269,0.8083285714285715,4.134732957813973,-3.373374271196646,0.0018040112196739367,0
0.206318,0.156935,0.49123333333333336,34.599998474121094,7.71512088673854e-14,0.0003512587830583869,0
-0.644895,0.0120741,-1.5354642857142857,34.59282979480786,0.014730101724074107,0.00019174007572836187,0
-0.675125,0.0313334,-1.6074404761904761,34.599998474121094,-3.905243698721333e-06,0.000131600805851266,0
-0.443365,0.0662043,-1.0556309523809524,34.5999984741211,1.303259459712255e-13,0.0012777573742099896,0
0.437089,0.0361216,1.0406880952380952,34.599998474121094,-3.639192625917021e-13,0.00044940321182327373,0
0.270019,0.0711525,0.642902380952381,34.599998474121094,3.255928372888136e-08,0.00028207119376659007,0
-0.20916,0.00691677,-0.49800000000000005,35.510325674966126,0.10923325909003308,0.0010695750790877658,0
0.113471,0.0444757,0.27016904761904764,34.60365198567383,-0.008152715601228905,0.0006731202064038144,0
-0.612147,0.000298361,-1.4574928571428571,11.260842282913108,0.6097575103844581,0.0010392337607429453,0
-0.000309998,0.0127076,-0.0007380904761904763,34.604739375239106,-0.01899462643198128,0.0005197418257418332,0
-0.750698,0.00126126,-1.7873761904761905,18.483387366072428,0.46783486393305085,0.0011495179180851661,0
0.461687,0.0586304,1.099254761904762,34.599998474121094,1.6907262297090032e-13,0.0006712920744449465,0
-0.0595364,0.0211574,-0.14175333333333334,34.60000093278747,-4.797567121052485e-06,0.0004872507417714291,0
-0.0992275,0.343075,-0.23625595238095237,34.49039004926002,-1.2417805880059873,0.00011620045550336302,0
-0.843906,0.000370666,-2.0093,11.952395348797573,0.4749669339467023,0.0006078372457831948,0
-0.367792,0.0190173,-0.8756952380952382,34.59980189471085,0.00014061129391303693,0.001142086109802268,0
-0.733065,0.0111307,-1.7453928571428572,34.533198019935625,-0.011828974585754517,0.0003040175447356044,0
-0.294737,0.0190173,-0.701754761904762,34.60208354712976,0.0009796927628793735,0.0010708850848408845,0
-0.226746,0.0653045,-0.5398714285714286,34.599998474121094,1.1634572519200292e-13,0.001049134508263964,0
-0.780928,0.00277506,-1.8593523809523809,31.964079098264552,0.03454888822559104,0.0009827541634592977,0
-0.768332,0.00864453,-1.829361904761905,34.602601365408155,0.015483183803829265,0.0009234147126903714,0
0.481366,0.0405467,1.1461095238095238,34.599998474121094,-3.150415451829304e-14,0.0007225769470473682,0
-0.450923,0.00376114,-1.0736261904761906,32.80067987261416,0.13942606015685188,0.0009414208202666954,0
-0.156555,0.241831,-0.37275,34.599998474121094,-1.2457703519603e-14,0.0007552189733336471,0
-0.31489,0.000975072,-0.7497380952380953,17.473608630433812,-0.22207793670529563,0.0009885566862468601,0
-0.710392,0.00663106,-1.691409523809524,39.85587480564347,-0.2166069225530315,0.0004701060206998977,0
-0.768332,0.0330307,-1.829361904761905,34.599998474121094,1.6141601111728746e-08,0.0010694707373704552,0
0.604356,0.00700834,1.4389428571428573,35.43076277068071,-0.273983538005035,0.00041630007569867507,0
-0.463518,0.00307642,-1.1036142857142857,29.215403750061274,0.01868364994957538,0.0010587119998058485,0
-0.289699,0.000975072,-0.6897595238095238,16.141794904277088,-0.18325575391153373,0.0011011426996464825,0
-0.541611,0.00864453,-1.28955,34.2332787245541,0.11358649327128578,0.00039703473776046144,0
0.520723,0.00178907,1.2398166666666668,25.733894345619852,-0.15220947774500365,0.0005409196922536191,0
-0.0471663,0.0605484,-0.1123007142857143,34.599998474121094,1.800789644315146e-14,0.0008424074476713736,0
0.43463,0.0135797,1.0348333333333335,34.60115704163005,-0.0002067468458174537,0.0006609664787425453,0
0.589597,0.0301464,1.4038023809523812,34.599998474121094,1.2603270685952264e-08,0.0005437515761851103,0
0.619114,0.000584202,1.4740809523809526,12.296802199394445,-0.03665700704298152,0.0006690614005667669,0
0.298736,0.346446,0.7112761904761905,34.46941694159746,0.6279268268404573,0.01416863505059193,0
0.368385,0.0126939,0.877107142857143,36.21303097649744,0.09820276547936621,0.00022754545958745298,0
0.0706838,0.0469422,0.16829476190476192,34.599998474121094,-1.967538706660738e-09,0.0007127436866781073,0
-0.823753,0.0662043,-1.9613166666666666,34.599998474121094,-5.761874834786629e-14,0.0009840866136545782,0
-0.760775,6.73557e-05,-1.8113690476190476,9.268654410562391,-0.12447788050930862,0.000803586272327971,0
0.461687,0.0320499,1.099254761904762,34.599998474121094,1.601352599020859e-11,0.0008250837448479186,0
0.508424,0.0405467,1.2105333333333332,34.599998474121094,1.1258940535744195e-13,7.579086775797917e-05,0
0.103833,0.0531566,0.24722142857142856,34.60000431404577,-2.1270228613992942e-06,0.0006821598769559915,0
0.164585,0.0532978,0.3918690476190477,34.723416999130855,-0.23928254633032855,0.000226053578505553,0
-0.0992283,0.000152094,-0.23625785714285716,8.990617554844064,0.23014896370482854,0.0009356682331210465,0
0.35384,0.00863986,0.8424761904761905,4.705898256353714,-2.169672983546395,0.0032172682939893664,0
-0.0992285,0.0088927,-0.23625833333333335,34.61677787464363,-0.0356907802775789,0.00023093625154900512,0
0.142598,0.108638,0.33951904761904766,34.599998474121094,-1.9064247708297558e-13,0.0005376915329438829,0
0.660931,0.0102278,1.5736452380952384,34.59099883782268,-0.0013586420222998223,0.0010535793122043013,0
0.00696582,0.00195492,0.016585285714285716,22.97456465529951,0.49923552201748145,0.00042303408211812955,0
-0.677644,0.00011738,-1.6134380952380953,10.45553021999959,0.33914477859717435,0.00017430035735644482,0
0.621574,0.0101844,1.4799380952380952,34.36555222888137,0.03255579513122381,0.00028938766852122763,0
-0.324967,0.0296571,-0.7737309523809525,34.599998474121094,-5.961394358338164e-06,0.0012280360389846762,0
-0.279623,0.0921318,-0.6657690476190476,34.599998474121094,-1.7001676787817763e-13,0.000666754443461788,0
-0.330005,0.0218124,-0.7857261904761905,34.5999430467735,0.0003215722359624655,0.0010562137144158599,0
0.0918627,0.0971603,0.2187207142857143,34.599998474121094,1.476428665921238e-15,0.0007760381260815056,0
-0.234291,0.0242909,-0.5578357142857143,34.60000123509542,5.961048540165934e-06,0.0007908957804697529,0
-0.395502,0.034742,-0.9416714285714286,34.599998474121094,1.550816751181012e-08,0.0010056908554432421,0
0.601896,0.0167381,1.4330857142857143,34.600079592206875,0.000370251644711342,0.0005087698811869138,0
-0.48871,0.00224459,-1.1635952380952381,27.06310842365411,0.09617386136817363,0.0004516019504696957,0
0.287425,0.0646254,0.6843452380952381,34.600002147768194,5.853315218568559e-07,0.0007162792655203516,0
0.510883,0.240324,1.2163880952380952,34.599998474121094,-1.200149474088898e-13,0.00029624795712302734,0
-0.466038,0.0796833,-1.1096142857142857,34.599998474121094,-8.990047803401001e-15,0.0008714186348037817,0
0.179291,0.0529467,0.42688333333333334,35.84736732586981,1.5407872796332236,0.0005426297063303284,0
-0.443365,0.0470487,-1.0556309523809524,34.599998474121094,-9.480304177137341e-13,0.000523962897171019,0
-0.662529,0.000232402,-1.5774500000000002,10.398394844893707,0.05083419080223794,0.0005501574703143938,0
-0.0694446,0.000478824,-0.16534428571428572,11.52358730806902,-0.5495221202936592,0.0005461945529667556,0
0.471527,2.01598e-05,1.1226833333333333,5.1630786480793445,0.046045714968207224,0.00021479939534950167,0
-0.13658,0.0333197,-0.3251904761904762,34.599998474121094,1.1220829338444708e-07,0.0010122334972993594,0
-0.662529,0.0513947,-1.5774500000000002,34.599998474121094,3.503199039982587e-13,0.000555685803119573,0
-0.196613,0.000114029,-0.46812619047619053,15.243489122426725,0.06327573392092134,0.0008792761658731667,0
-0.156556,0.00697857,-0.37275238095238095,34.9390069607753,-0.173029522412879,0.001012381689188145,0
0.191568,0.0531901,0.4561142857142857,20.310180285834463,1.3691193183701003,0.00017594797854463042,0
0.159691,0.0577774,0.3802166666666667,34.61353498475607,0.020341946082333643,0.0007088324134064233,0
-0.460999,0.0111307,-1.0976166666666667,34.37692530485184,0.07966500854509445,0.0007808329736094539,0
0.0990326,0.0591336,0.23579190476190476,34.599998474121094,-9.688957686841676e-10,0.00076719658253183,0
-0.385426,0.000631885,-0.9176809523809524,13.244177613345887,0.3979214441751757,0.0006381433877993465,0
0.337143,0.0115246,0.8027214285714287,4.174738822071071,-2.2081855198304385,0.006027366384580957,0
0.0247799,0.00934528,0.05899976190476191,34.01893014512948,0.01547070856531391,0.0007364142985980928,0
0.00933115,0.0251135,0.02221702380952381,34.5999971810046,1.725063300613096e-07,0.0007088770450214466,0
0.368385,0.0332,0.877107142857143,34.599998474121094,-1.8584615993854584e-06,0.000692179277515889,0
0.405113,0.00488376,0.964554761904762,37.91181100692237,0.1852173292467837,0.0006411323785797668,0
-0.51642,0.00663106,-1.2295714285714285,35.33229756737873,-0.0292761937652157,0.0004290250986795439,0
-0.811157,0.000232402,-1.9313261904761907,9.450664326034863,0.5627327230462025,0.0009436510865152247,0
0.646172,0.00555567,1.5385047619047618,36.07975243645631,0.03577391088220008,0.00039762997985293635,0
-0.715431,0.070174,-1.7034071428571431,34.599998474121094,-2.446717155613037e-14,0.000604029441626019,0
-0.629781,0.0364597,-1.4994785714285717,34.599998474121094,4.154492813621382e-09,0.0007819019372331724,0
-0.179071,0.000772518,-0.42635952380952385,14.177029245013339,0.3182066437526484,0.0010538940697280086,0
-0.136581,0.0183049,-0.3251928571428572,34.60056989561799,0.0004058135726824493,0.0007858251434863131,0
-0.722988,0.059429,-1.7214,34.599998474121094,-1.815428876164139e-13,0.0010848477291944966,0
-0.279623,0.00179869,-0.6657690476190476,24.53609370166365,0.3473164419710959,0.0006168239088221318,0
-0.337562,0.0248205,-0.8037190476190476,34.599976442511036,4.47333084660833e-05,0.000572760969323787,0
-0.413136,0.000850177,-0.9836571428571429,15.094103844677617,0.8221936765880058,0.0008980407917427498,0
-0.337562,0.0120741,-0.8037190476190476,34.033643393928685,0.18831059871083258,0.0008524349406407124,0
-0.821234,0.00864453,-1.9553190476190478,34.63192681703529,-0.006544236977075334,0.0009742239929903344,0
-0.712912,0.0232916,-1.697409523809524,34.60001378378529,-3.455359443038151e-06,0.0012848964078818813,0
0.407573,0.00104756,0.9704119047619049,10.966471968269278,-0.16641734136243952,0.00058653069983933,0
-0.297256,0.0130776,-0.707752380952381,34.560987970332505,0.009466464191574549,0.0008498324123508395,0
0.439549,0.045318,1.0465452380952383,34.599998474121094,2.6692487742068508e-14,0.0006890909755793964,0
-0.0200076,0.0327508,-0.04763714285714286,34.599998474121094,-1.2330072257747111e-08,0.0009536942401387898,0
0.035161,0.0194788,0.08371666666666666,34.60033881898034,0.0003008777080184754,0.0006833441848306332,0
-0.796043,0.00224459,-1.8953404761904762,25.810170770388766,0.23956410016934865,0.0004074900441263578,0
0.451848,0.000361505,1.0758285714285716,10.63074812900814,0.5680323361988578,0.0004656064330797587,0
-0.821234,0.0364597,-1.9553190476190478,34.599998474121094,1.1335028391926503e-08,0.0011604498656998439,0
0.277115,0.0474768,0.659797619047619,35.212916068853,0.11492515467709433,0.0007632778227108539,0
-0.239323,0.00044329,-0.5698166666666667,10.908076882651663,0.4433372808772387,0.00048315164065416445,0
-0.496267,0.0102458,-1.1815880952380953,34.562729854203724,0.026392346636640366,0.0007335210520160596,0
-0.17907,0.130095,-0.4263571428571429,34.599998474121094,-1.4078314726568926e-13,0.0006489762341040279,0
0.589597,0.0233918,1.4038023809523812,34.59999777512453,1.2624624740780955e-05,0.0008689119256035466,0
0.42971,0.0646921,1.0231190476190477,34.599998474121094,-1.0437549678149699e-13,0.0007422138011449219,0
-0.1042,0.124938,-0.24809523809523812,34.599998474121094,-1.060499988648452e-13,0.00026302742632184495,0
0.417411,0.0742684,0.9938357142857143,34.599998474121094,-1.6407073034673376e-13,0.000830227430379945,0
-0.682682,0.0513947,-1.6254333333333335,34.599998474121094,7.75870668246575e-13,0.0012110930402779354,0
-0.0348121,0.0144774,-0.08288595238095238,34.58054209881897,-0.024539819935010282,0.0004713770824137061,0
-0.455961,0.0232916,-1.0856214285714285,34.59991366834189,0.0001809949339727208,0.0007779248078240382,0
-0.156556,0.000549526,-0.37275238095238095,12.105444035421307,-0.8702150574903026,0.0006488796855391589,0
-0.647414,0.00011738,-1.541461904761905,15.295363744187995,0.20931142818513743,0.000876426175236829,0
-0.778409,0.000449913,-1.8533547619047621,11.47073517641506,0.8037193709041154,0.0009738891431427786,0
0.54532,0.0117748,1.2983809523809524,34.61439109528301,-0.014286808236117814,0.00040729315232460435,0
0.501044,0.000221758,1.192961904761905,8.266218035979618,0.36855619573832127,0.00032375313380049263,0
-0.420693,0.120436,-1.00165,34.599998474121094,-2.1035982021899506e-13,0.0009151800652649892,0
-0.423213,0.00277506,-1.0076500000000002,28.180321898634354,0.02881935015735573,0.0011362952846953277,0
0.293059,0.061766,0.6977595238095239,34.599998474121094,-1.0074511849807562e-06,0.0005448662344364035,0
-0.24184,0.00599175,-0.5758095238095239,36.15410137037033,0.06151496886497831,0.0008690621822815979,0
0.115888,0.0526945,0.27592380952380957,34.600014168801046,-0.00014663227596214328,0.00026371079611766605,0
-0.332524,0.00011738,-0.7917238095238095,9.907771107096524,0.2575399349376855,0.00015403727944155482,0
-0.106688,0.0227115,-0.25401904761904764,34.59999946660249,-9.071195171062803e-06,0.0009009452481529245,0
0.171934,0.122283,0.4093666666666667,34.599998474121094,1.4141286385263175e-15,0.0007475747552387721,0
-0.0694448,0.000407409,-0.1653447619047619,10.895915671474837,-0.59009999473969,0.0004849157803986669,0
-0.0249408,0.00676621,-0.05938285714285714,37.47848343869399,0.23287074610214503,0.0012468947492739555,0
0.198942,0.123535,0.47367142857142863,34.599998474121094,-3.959926790867503e-14,0.0007068368991101784,0
0.542861,0.0145695,1.2925261904761907,34.59940896047265,0.000860151864833029,0.0006939634901291096,0
0.310571,0.0242672,0.7394547619047619,4.842789347861324,-2.9173804103555567,0.0037085699768476346,0
-0.25947,0.0381765,-0.6177857142857143,34.599998474121094,8.392970721454312e-10,0.0007184205212483556,0
0.564999,0.000683475,1.3452357142857143,13.849353497117407,0.060360383836824995,0.0009768719858855043,0
0.0730048,0.346554,0.17382095238095238,34.37090578245898,-0.6420751157945147,0.012852103018175286,0
0.120727,0.0454448,0.2874452380952381,34.623618299308866,-0.018701645755493986,0.0006037396782843081,0
-0.214181,0.174403,-0.509954761904762,34.5999984741211,1.0632517497135018e-13,0.0008855011656348223,0
0.419871,0.0646948,0.9996928571428572,34.599998474121094,-2.1206967519375833e-14,0.0007806191687042843,0
0.194026,0.0540824,0.4619666666666667,28.104330800281403,1.2421419380781136,0.0006086421909669363,0
0.584677,0.00199417,1.3920880952380954,24.961299432419096,0.12300503927828364,0.0004773288736317457,0
0.162137,0.0627251,0.3860404761904762,34.59995998512816,0.00030234317432545625,0.0005498402780422225,0
-0.617185,0.350434,-1.4694880952380953,34.599998474121094,-1.4081711328679108e-13,0.0016667083408559184,1
0.557619,0.000262757,1.3276642857142857,9.420449668242423,0.14227139390373464,0.0011624890135873717,0
-0.652453,0.0177069,-1.5534595238095237,34.601481630644685,0.0014349930326498562,0.0013007189961798205,0
0.103833,0.191607,0.24722142857142856,34.599998474121094,-1.4803361478785123e-13,0.0006564178799209464,0
0.341865,0.00869192,0.8139642857142857,4.749400065010187,-1.967231551093721,0.0070467949331701205,0
-0.6323,0.0330307,-1.5054761904761904,34.599998474121094,-2.869977578633071e-07,0.0010954782456206943,0
-0.468557,0.350434,-1.1156119047619049,34.599998474121094,-1.6829076923251945e-13,0.00110735663265937,1
-0.194106,0.00431396,-0.4621571428571429,33.31020329421435,0.2286140354150944,0.0009435646460005191,0
-0.680163,0.00376114,-1.6194357142857143,34.16572919373332,0.13988518631996355,0.0002627042485594665,0
0.279359,0.0713391,0.6651404761904762,34.599998474121094,6.103673342943108e-09,0.00013488578134881365,0
0.341865,0.0553731,0.8139642857142857,34.5999984741211,1.442383613982921e-10,0.0006959356184543443,0
-0.438327,0.15184,-1.0436357142857144,34.599998474121094,1.6337794157502532e-14,0.0006653904859463618,0
-0.144067,0.00110714,-0.3430166666666667,16.704047227281716,-0.11109882601108882,0.0011544028745023277,0
-0.385426,0.0796833,-0.9176809523809524,34.599998474121094,1.069174270557976e-13,0.00044374729688903146,0
-0.634819,0.0538422,-1.5114738095238096,34.599998474121094,-7.951504070704877e-14,0.0010108703972255778,0
0.252995,0.107825,0.6023690476190477,34.599998474121094,5.455621351662664e-14,0.0004962197876562056,0
-0.0917739,0.0195301,-0.21850928571428574,34.59984198107813,6.242152574089437e-05,0.0004700888819498649,0
0.651092,0.00178953,1.5502190476190476,21.62548095136971,0.14155066928899973,0.0003235139566360513,0
-0.28718,0.0513947,-0.6837619047619048,34.599998474121094,-4.443769882349153e-16,0.0004334451096646531,0
0.361097,0.0152945,0.859754761904762,39.2935285659714,-0.7171321976776944,0.0006009917687413903,0
-0.423213,0.00792391,-1.0076500000000002,34.83525707859399,-0.015124655758295389,0.0011353472483696138,0
0.665851,0.000364304,1.5853595238095237,11.980209945804141,0.12625726335066026,0.0007092746512796893,0
-0.204139,0.0644429,-0.4860452380952381,34.599998474121094,2.7014518009880565e-14,0.0010639018098229564,0
-0.750698,0.070174,-1.7873761904761905,34.599998474121094,-2.916751511492196e-15,0.0009406467424992385,0
-0.00276774,0.045401,-0.006589857142857143,34.599998474121094,4.625896487651073e-15,0.0005921107110472126,0
0.0753363,0.044226,0.17937214285714284,34.599998474121094,3.120434027759008e-08,0.0006633296647286088,0
-0.798562,0.00126126,-1.9013380952380954,23.90199889916759,0.2575981267212701,0.0007134546511341019,0
-0.219206,0.00534093,-0.5219190476190476,36.2109399568399,-0.2588133275739104,0.0007328025191973364,0
-0.493748,0.0130776,-1.1755904761904763,34.38827521564819,-0.05908799192635846,0.0006041721077809059,0
-0.8036,0.000370666,-1.9133333333333333,10.857866388413553,0.45502329337950825,0.0003707160737681015,0
-0.697797,0.134283,-1.6614214285714286,34.599998474121094,2.1029003868869492e-13,0.0008325463426359356,0
0.334804,0.0597684,0.797152380952381,34.5999984741211,2.6191803136749605e-11,0.0006150511037653056,0
-0.186586,0.00262885,-0.44425238095238095,26.632003516049583,0.47370206816624216,0.0010424780964637754,0
-0.60207,0.0662043,-1.4335,34.599998474121094,-1.4177771647707842e-13,0.0010736621721944793,0
-0.0793628,0.00530049,-0.1889590476190476,41.304128665264656,-0.4413791289993387,0.00017708712113355266,0
-0.823753,0.0398847,-1.9613166666666666,34.599998474121094,2.379453484959349e-09,0.00038524745284882443,0
0.407573,0.00383321,0.9704119047619049,36.53125719654285,-0.3052593574617971,0.0007079795102988211,0
0.334804,0.010792,0.797152380952381,11.474892792562626,-4.412701026940159,0.007484936195278772,0
-0.214182,0.00759291,-0.5099571428571429,34.70180665036455,-0.13322017167161104,0.000836547089023146,0
-0.599551,0.000975072,-1.4275023809523808,16.24241337993221,0.7856433076791943,0.0011145761573748579,0
-0.45848,0.0152687,-1.0916190476190477,34.59437713925771,-0.006280094056616419,0.0006016670062707766,0
0.356255,0.171188,0.8482261904761905,34.599998474121094,4.466712904145431e-14,0.0005374563877765846,0
-0.40306,0.350434,-0.9596666666666667,34.599998474121094,-1.5374051857974802e-13,0.00045990629521950677,1
-0.670086,0.174864,-1.5954428571428572,34.599998474121094,-1.2484035208864064e-13,0.0014478566598442732,0
-0.408098,0.00941776,-0.9716619047619048,34.4149671140848,0.03466410111975592,0.0009695238860407937,0
-0.788485,0.0141423,-1.8773452380952382,34.59164289902305,0.004446235894294241,0.0008563758196838932,0
-0.272065,0.00111175,-0.6477738095238096,16.89514671598032,0.3468618137076283,0.0010649940800846833,0
0.592057,0.0558248,1.409659523809524,34.599998474121094,5.644005857552286e-14,0.0006283737706071845,0
0.621574,0.00030808,1.4799380952380952,8.242828248033026,1.2449729691791331,0.0006514588186674921,0
-0.277103,0.00551956,-0.6597690476190476,39.81262705815713,0.2644102795887633,0.0005304597085318517,0
0.0871081,0.165238,0.20740023809523808,34.599998474121094,1.830944132505301e-14,0.0005442223521253858,0
-0.332524,0.000449913,-0.7917238095238095,12.35636030776757,0.25813363341277884,0.00046083741886565117,0
0.35143,0.0131917,0.8367380952380953,10.085167210421169,-2.528620790291773,0.0006773732855151622,0
0.596976,0.000221758,1.4213714285714285,9.319880970928072,0.43570903656476007,0.00038058771072392046,0
0.306526,0.0265304,0.7298238095238097,6.573697336502281,-2.569973930130295,0.003081846076342267,0
-0.106688,0.000922024,-0.25401904761904764,15.308515055613551,0.4488559142777006,0.000927418362648629,0
0.115888,0.0612808,0.27592380952380957,34.599998474121094,-2.2750789478506313e-07,0.00043780377025976093,0
-0.307333,0.109221,-0.7317452380952382,34.599998474121094,4.297403924063745e-14,0.0002614596011736913,0
-0.20163,0.00627288,-0.4800714285714286,40.15727674571592,0.460559432207595,0.00026671251125172987,0
-0.20163,0.0328888,-0.4800714285714286,34.599998474121094,2.549604679830238e-07,0.0011184661421473373,0
-0.715431,0.00792391,-1.7034071428571431,34.44824365874531,0.026889480339232802,0.0008431758781595796,0
0.481366,0.0586304,1.1461095238095238,34.599998474121094,-1.2502884443706434e-13,0.0007155644294045916,0
-0.0348118,0.000102786,-0.0828852380952381,9.610287423246874,-0.044393966728440766,0.0010290660513470836,0
-0.0348115,0.076495,-0.08288452380952382,34.599998474121094,-6.422303908907881e-15,0.0008309760886341129,0
0.283537,0.0689537,0.6750880952380952,34.599998474121094,6.759872539187449e-08,0.0007909903666538013,0
-0.496267,0.034742,-1.1815880952380953,34.599998474121094,-1.9931029782792348e-08,0.0008889888819760459,0
0.12315,0.0690538,0.2932142857142857,34.599998474121094,9.612666734308805e-10,0.0002008924785689591,0
-0.455961,0.016457,-1.0856214285714285,34.60187971680971,0.004511602770687607,0.000730377024108435,0
-0.702835,0.0218124,-1.6734166666666668,34.59997745155428,6.808679181059283e-05,0.0007380832461940694,0
0.140162,0.0539645,0.33371904761904764,34.601474106475735,-0.0036277283073021557,0.0007419394159188944,0
0.198942,0.0557435,0.47367142857142863,35.75039062092882,0.5385930211507514,0.000598332915984382,0
0.0823778,0.0395482,0.19613761904761906,34.6000204782677,-7.264076705999555e-05,0.0007089653400190602,0
0.478906,0.0205056,1.140252380952381,34.599998764141944,-2.434823386418174e-07,0.00022737676605200314,0
0.243194,0.0682662,0.5790333333333333,34.5999227769121,-0.0004966967304947006,0.000785520458881057,0
-0.131592,0.0297483,-0.3133142857142857,34.59999598360143,-2.416340248895604e-06,0.0008810620128581275,0
0.0592114,0.103732,0.1409795238095238,34.599998474121094,-1.5459211998109513e-13,0.0008784492906829285,0
-0.818715,0.00663106,-1.9493214285714286,35.62870524774824,0.08514492004902624,0.0007910769387968181,0
-0.521458,0.000850177,-1.2415666666666667,15.71204729593406,0.41257767693763386,0.0007766599923380072,0
0.0918627,0.0401766,0.2187207142857143,34.59972338560949,0.000647670618710904,0.0002407730395405435,0
0.2014,0.0623003,0.4795238095238095,34.55208889261802,0.06546396910773647,0.0006223494160800348,0
-0.0992274,0.0974419,-0.2362557142857143,34.599998474121094,2.2950309988812173e-15,0.0005404391187023585,0
-0.282142,0.0141423,-0.6717666666666667,34.59787819512037,0.004725978646199775,0.0008696586615465592,0
0.0479833,0.0498203,0.11424595238095238,34.599998474121094,-2.989087351486657e-13,0.00022605385136389758,0
0.294942,0.0378981,0.7022428571428572,37.39487554635396,-3.144735204567498,0.000770108452355538,0
-0.104201,0.00763386,-0.24809761904761907,35.30263123117212,0.2159250996625155,0.0005099057279095722,0
0.395279,0.0223101,0.9411404761904762,34.60000582462623,4.064104909009904e-05,0.00025806546801869983,0
-0.340081,0.0248205,-0.8097166666666668,34.59999719025819,1.2038133434137243e-05,0.0006351177200868732,0
-0.00276808,0.00179365,-0.0065906666666666665,25.48302347799376,0.12662388455896312,0.0002686600255181718,0
0.230913,0.0546862,0.5497928571428572,35.184925934768266,-0.8512477256479969,0.0004154238763980185,0
0.181745,0.0727687,0.4327261904761905,34.60000122221607,1.005576687381799e-06,0.0007813223305378688,0
0.449388,0.00474073,1.0699714285714286,35.190165100669624,0.011107281286230493,0.0006321810500951802,0
0.648632,0.0405483,1.5443619047619048,34.599998474121094,-1.1894563440829583e-09,0.0008514523754275954,0
-0.352677,0.00307642,-0.839707142857143,29.67193015701606,0.4436111907319651,0.0009607204329157943,0
-0.377868,0.00725357,-0.8996857142857143,35.17516632406019,0.09694495388938516,0.0010683334186133474,0
-0.697797,0.0248205,-1.6614214285714286,34.5999927575007,-2.0262695637946734e-06,0.0010194363648674033,0
-0.104201,0.000152639,-0.24809761904761907,9.095680502085504,0.029438967975092985,0.00040465320772259015,0
0.446929,0.000683475,1.0641166666666668,15.455747030632084,0.33212942329720907,0.0006227036819079442,0
0.0966382,0.0927137,0.23009095238095237,34.599998474121094,-6.551942922594378e-14,0.0004729658560296422,0
-0.554207,0.000370666,-1.3195404761904763,10.797296741906335,-0.49206619929806944,0.0006804480111865422,0
-0.614666,0.15184,-1.4634904761904763,34.599998474121094,-4.7420409253039836e-14,0.001271552028141016,0
-0.377868,0.0398847,-0.8996857142857143,34.599998474121094,5.800423945628683e-11,0.0003925241151263368,0
0.344243,0.00814247,0.8196261904761906,4.772102942417601,-1.1585741250878365,0.006776400070799064,0
-0.445885,0.245479,-1.0616309523809524,34.599998474121094,-2.3116655780373826e-13,0.0005688478342927173,0
-0.121623,0.040045,-0.2895785714285714,34.599998474121094,-2.5155709705444653e-11,0.0010041612239257295,0
-0.622223,0.0470487,-1.4814833333333333,34.599998474121094,7.430063799716532e-13,0.0007418549544883402,0
0.446929,0.00140437,1.0641166666666668,22.087439571231027,0.5979841620830676,0.00012140195434568876,0
0.0289446,0.0161818,0.06891571428571429,34.59837793358413,0.0008781969823868234,0.00027650945772297484,0
-0.594513,0.00179869,-1.4155071428571429,25.22193739113414,0.20387090421964385,0.0002594639480017889,0
0.444469,0.0249546,1.0582595238095238,34.599998474121094,3.739448957493064e-08,0.0007286914927316213,0
0.174386,0.0890938,0.41520476190476197,34.599998474121094,1.9479674587124594e-13,0.000702015765016666,0
0.486285,0.0911467,1.1578214285714288,34.599998474121094,-1.9542336153739223e-13,0.0006261390880596937,0
0.235828,0.156667,0.5614952380952382,34.599998474121094,1.7510829486563945e-13,0.0003688064450023443,0
0.035161,0.0818458,0.08371666666666666,34.599998474121094,2.2100273903034856e-13,0.0007818787983553232,0
-0.60207,0.000232402,-1.4335,10.491340440072277,-0.04726059306177421,0.0003291512885878337,0
-0.813676,0.0398847,-1.9373238095238094,34.599998474121094,-7.182154349917452e-10,0.0006745005548895758,0
0.584677,0.0117748,1.3920880952380954,34.53893735129761,0.04366753193276772,0.0009679436751179785,0
0.265183,0.0512636,0.6313880952380952,34.11067106300185,0.44745967650291146,0.0002637636374194009,0
-0.793523,0.0381765,-1.8893404761904762,34.599998474121094,5.072699196490938e-10,0.0011337076414038398,0
-0.823753,0.0280088,-1.9613166666666666,34.60000048071271,9.834481279152495e-06,0.0011750826490483925,0
-0.357715,0.0130776,-0.851702380952381,34.59166367943604,0.018543461211115178,0.001087806987434056,0
0.584677,0.0167381,1.3920880952380954,34.60453876028985,0.0009371840414770775,0.0007728966689622162,0
0.646172,0.0156214,1.5385047619047618,34.599038169737504,0.012309572449287933,0.001091537122223505,0
-0.294737,0.00277506,-0.701754761904762,29.524002338890806,0.15963504739824136,0.001148332779629658,0
0.619114,0.00649079,1.4740809523809526,35.57633376762324,0.10901405143242349,0.0006382240007169653,0
-0.109175,0.0416983,-0.25994047619047617,34.599998474121094,6.192621668383273e-11,0.0011139635023286337,0
-0.778409,0.0626438,-1.8533547619047621,34.59999847412109,-4.086181239944581e-14,0.0013462013553288018,0
-0.302295,0.00414872,-0.71975,34.49562715347438,-0.032928900957343715,0.0009212455114098227,0
-0.604589,0.0313334,-1.4394976190476192,34.599998474121094,-9.371753571390553e-08,0.00021251712700579887,0
-0.730545,0.0662043,-1.7393928571428572,34.599998474121094,1.8754073959771607e-14,0.001351326443668674,0
-0.279623,0.0854577,-0.6657690476190476,34.599998474121094,1.376371730303568e-13,0.0008839940857789102,0
0.358674,0.00957051,0.8539857142857143,8.951355565361162,-3.1236897823941434,0.0008944709165411207,0
-0.738103,0.00160345,-1.7573880952380951,21.34806272291603,0.7106006299620632,0.0003700684157510492,0
0.493665,0.240324,1.1753928571428571,34.599998474121094,6.765815711500601e-14,0.0005314969469017091,0
0.218617,0.0585099,0.5205166666666667,35.07498539027391,0.030159394121168706,0.0007236942812022405,0
0.308536,0.0884771,0.7346095238095238,34.599998474121094,-2.350049811302751e-13,0.0008212111504456286,0
-0.0669664,0.0214031,-0.15944380952380952,34.599991387705174,-3.4049554253394095e-05,0.0007926119920386365,0
0.0823778,0.0370763,0.19613761904761906,34.600143357372154,-2.4625358557072066e-05,0.0008079721044199341,0
-0.164055,0.128733,-0.3906071428571429,34.599998474121094,9.289582230746838e-14,0.0009325435679756757,0
-0.707873,0.0296571,-1.6854119047619047,34.60000228881836,-1.6611823490298807e-06,0.000510668568785081,0
-0.37283,0.0662043,-0.8876904761904763,34.599998474121094,2.0775403806092034e-14,0.0007012895685152099,0
-0.214181,0.132594,-0.509954761904762,34.599998474121094,-2.0002258291832577e-13,5.622451896678942e-06,0
-0.506344,0.350434,-1.2055809523809524,34.599998474121094,-1.2547504268239917e-13,0.0014411861393487857,1
-0.181576,0.00558284,-0.4323238095238095,39.28699608113216,-0.031364455165994155,0.0008055569360571464,0
-0.481152,0.15184,-1.1456000000000002,34.599998474121094,-2.1917483061033646e-14,0.0007101614493668792,0
-0.398021,0.00725357,-0.9476690476190477,35.049671895456,0.11198163888169321,0.001155805587938165,0
0.646172,0.00700835,1.5385047619047618,35.99242059393728,0.09377602848851624,0.001066229925352033,0
-0.377868,0.0451067,-0.8996857142857143,34.599998474121094,-9.283766512774216e-14,0.0011345974541158285,0
-0.0298748,0.016489,-0.07113047619047619,34.60218625985491,0.0016215486554928204,0.0010101483117984677,0
-0.216693,0.00137925,-0.5159357142857143,21.955820830386497,-0.47788838065425715,0.00041850381377235617,0
-0.783447,0.205968,-1.86535,34.599998474121094,-1.9513251554642898e-14,0.0005701149982273123,0
0.392823,0.0107389,0.9352928571428571,34.555158771536256,-0.011481642512411107,0.00028679075929232767,0
-0.554207,0.0141423,-1.3195404761904763,34.59998582086175,0.00877305327615369,0.0005618531724075191,0
-0.498786,0.00376114,-1.1875857142857142,32.16366591817068,0.28845632078688765,0.0006949432210284986,0
0.611735,0.0191775,1.4565119047619048,34.59991227398978,-0.0001432123774185981,0.0008650073601446543,0
-0.584436,0.0296571,-1.3915142857142857,34.599998474121094,3.5541650200279717e-07,0.0011856682376209363,0
-0.302295,0.00605389,-0.71975,40.45568075979871,-0.15758243962353258,0.00022761074633743987,0
-0.74566,0.0330307,-1.7753809523809525,34.599998474121094,2.6456790276290927e-08,0.00038096243266555767,0
0.476446,0.0145695,1.134395238095238,34.59991045142214,0.00024763822275374097,0.0007170955794371652,0
-0.370311,0.0451067,-0.8816928571428572,34.599998474121094,-5.355091959769152e-12,0.0008144629857174829,0
0.287425,0.148254,0.6843452380952381,34.599998474121094,1.641988187575254e-13,0.000463917115600022,0
-0.813676,0.0451067,-1.9373238095238094,34.599998474121094,-1.752747191345892e-11,0.0011102434645381687,0
0.653552,0.0167511,1.5560761904761906,34.60401269328216,0.0022507921612998924,0.0009014560889993772,0
0.0205396,0.242908,0.04890380952380953,34.599998474121094,6.103731122461788e-14,0.0008243835756114317,0
-0.342601,0.00941776,-0.8157166666666666,34.63055622746644,0.08218782011290027,0.0007622594567671654,0
-0.576879,0.0102458,-1.3735214285714288,34.35131048569768,0.03821847653058937,0.0008220515245563156,0
0.628954,0.00241613,1.497509523809524,29.707070435186402,0.9868090981622771,0.0008749756004179565,0
0.132862,0.257772,0.31633809523809525,34.599998474121094,-1.154177952082646e-13,0.0007589577330713474,0
0.316853,0.0188861,0.7544119047619048,4.329147320839978,-2.8588302791745,0.006402451562567791,0
-0.0175426,0.121035,-0.041768095238095236,34.599998474121094,2.8413258289021772e-14,0.0008942137963008122,0
-0.506344,0.00376114,-1.2055809523809524,30.959385665840255,0.3152923473266301,0.0013759326660926462,0
0.339498,0.0445289,0.8083285714285715,34.599998474121094,-6.626636957039037e-07,0.0006793898260635797,0
0.520723,0.0191775,1.2398166666666668,34.60001051631562,-2.0295970321749783e-05,0.0007915011617395778,0
0.624034,0.00241613,1.4857952380952382,32.12367420058992,-0.20136350314653984,0.000896527832946013,0
0.181745,0.131153,0.4327261904761905,34.599998474121094,4.12568151057348e-14,0.00068716455254208,0
0.294942,0.0460309,0.7022428571428572,34.58071569635463,-0.012445010291457182,0.00040047730066610935,0
-0.523977,0.120436,-1.247564285714286,34.599998474121094,-1.901961080691581e-14,0.0008500271256522753,0
0.149916,0.0686437,0.3569428571428571,34.60000002160435,2.8398297412028984e-06,0.0008241341648630762,0
0.130431,0.0493642,0.31055,34.58957649465881,0.010213785172510707,0.000144359726765429,0
0.162137,0.051051,0.3860404761904762,38.56279031848894,0.4469420278535001,0.0007211962148457991,0
0.243194,0.116771,0.5790333333333333,34.599998474121094,5.0439671430422124e-14,0.0005211422874836299,0
0.454308,0.120238,1.0816857142857144,34.599998474121094,1.454929827603974e-13,0.00022308425740527642,0
-0.14157,0.100305,-0.3370714285714286,34.599998474121094,6.48898691175753e-14,0.0008052056438694721,0
-0.342601,0.0381765,-0.8157166666666666,34.599998474121094,3.478372305862141e-10,0.0005660022139692242,0
0.118306,0.0469107,0.28168095238095237,34.601347697456475,-0.001265090982642652,0.0006339178251630397,0
-0.327486,0.0432951,-0.7797285714285714,34.599998474121094,-3.2699600899606957e-10,0.0009069704744758242,0
-0.453442,0.0999432,-1.0796238095238095,34.599998474121094,4.586477927551597e-14,0.0014098917720584154,0
-0.690239,6.73557e-05,-1.6434261904761907,9.642722740675122,0.22836820389530038,0.0005530285091653324,0
0.35384,0.0288475,0.8424761904761905,34.60033749177535,0.0018411504573040537,0.0005342398071103547,0
0.186656,0.259806,0.4444190476190476,34.599998474121094,2.2141857351490815e-13,0.0004757928913668,0
0.0546797,0.0283601,0.1301897619047619,34.600030568916225,3.799604462028117e-05,0.0006684343298589406,0
-0.0422224,0.0192732,-0.10052952380952382,34.60053431081891,0.0007063809911619036,0.0005959474389662413,0
0.621574,0.00437378,1.4799380952380952,37.43574684673738,-0.32719361270959874,0.00027137680675934356,0
-0.581917,0.0280088,-1.3855166666666667,34.59999926740905,-3.8011523180919546e-07,0.0005811631004403757,0
0.55516,0.00263988,1.3218095238095238,28.856510434968527,0.7805013050351087,0.0009921074658283768,0
0.206318,0.0670821,0.49123333333333336,34.59754604084963,0.0009821025058773108,0.0005009416386731647,0
-0.246875,0.0397067,-0.5877976190476191,34.599998474121094,3.8348797454890915e-12,0.00053924090612094,0
-0.174064,0.00922418,-0.41443809523809527,34.28812727159875,-0.010348412782053769,0.0009493367461161462,0
0.42725,0.012649,1.017261904761905,34.60448109269416,0.0009978241988602386,0.0006688504497446164,0
-0.304814,0.0232916,-0.725747619047619,34.599964438921965,-4.0239486730355096e-05,0.0008894228977241737,0
-0.680163,0.059429,-1.6194357142857143,34.599998474121094,5.296216654629649e-14,0.001087635409927769,0
-0.423213,6.73557e-05,-1.0076500000000002,8.69395591593987,-0.09351501801783788,0.00011384847867185412,0
-0.194106,0.0676728,-0.4621571428571429,34.599998474121094,-4.9039379780601396e-14,0.0007096743505840043,0
-0.473595,6.73557e-05,-1.1276071428571428,9.247391208355394,0.8334435058637361,0.0004105695931541058,0
-0.680163,0.00277506,-1.6194357142857143,28.0652777539779,-0.08699836754958155,0.0010606862552596649,0
0.660931,0.0022126,1.5736452380952384,27.408106771580798,0.1930132630469497,0.0010835063619000587,0
-0.539092,0.00160345,-1.283552380952381,24.437764711413813,0.3835341046621635,0.00015794146866256583,0
0.564999,0.0687845,1.3452357142857143,34.599998474121094,-2.325238490289215e-13,0.000415195857479947,0
-0.0892894,0.0370398,-0.21259380952380955,34.599998474121094,6.362151229747388e-10,0.0003760207988710493,0
-0.367792,0.0141423,-0.8756952380952382,34.60353597906684,-0.003741845440026967,0.000780865611724174,0
-0.0471662,0.000540632,-0.11230047619047619,13.439286576975931,0.42415485272118064,0.0005508477413865828,0
0.152358,0.0960149,0.36275714285714283,34.599998474121094,-7.263571390646008e-14,0.0005348584207762938,0
-0.551688,0.0120741,-1.3135428571428571,34.5737882642583,-0.0033426546514445012,0.0009533104074327915,0
-0.672606,0.00864453,-1.6014428571428574,35.217511846422326,-0.042668123442154114,0.0003292575055482997,0
-0.0101526,0.0222701,-0.024172857142857142,34.59999711325752,6.897209268710149e-05,0.00024755628849681467,0
-0.576879,0.00725357,-1.3735214285714288,34.84551648746744,-0.025270427511195976,0.0006139480320367785,0
-0.788485,0.00126126,-1.8773452380952382,18.698369612066827,0.0921945398709102,0.0009436000239923347,0
0.483826,0.000361505,1.1519666666666666,9.528471003409065,0.20053719462468703,0.000789004601243775,0
-0.156555,0.0923224,-0.37275,34.599998474121094,1.6195763364254992e-13,0.0007772306810642351,0
0.145036,0.0498951,0.34532380952380953,34.68839760230634,-0.08202942153095301,0.0005543778334831925,0
0.54778,0.00263988,1.3042380952380954,36.83420897329941,0.16096481934107473,0.00040917428897425376,0
0.43217,0.0320499,1.0289761904761905,34.599998474121094,2.1628305796808118e-11,0.0001445247275213457,0
0.327892,0.113556,0.7806952380952381,34.599998474121094,2.2134798096690186e-14,0.00018103011925760964,0
-0.330005,0.000975072,-0.7857261904761905,16.880922919556212,-0.01451800098695613,0.0009968324275607505,0
-0.682682,0.0432951,-1.6254333333333335,34.599998474121094,-9.00528078067187e-10,0.0012496118461807536,0
-0.843906,0.0263947,-2.0093,34.60000075722756,-1.2658996876551e-05,0.0012306824711111523,0
0.594516,0.00123015,1.415514285714286,24.161121898571047,0.4287713911107575,0.0012316850102077775,0
0.356255,0.00575286,0.8482261904761905,4.260186292094211,-2.64057061160227,0.005217088374535717,0
0.564999,0.0911467,1.3452357142857143,34.599998474121094,-2.058532500650992e-13,0.0010384899967375589,0
-0.355196,0.0364597,-0.845704761904762,34.599998474121094,3.3061924859749944e-09,0.00012244263370848912,0
0.0918627,0.0392712,0.2187207142857143,34.59870313165013,0.0020215354693315472,0.0007316398769900876,0
0.035161,0.033098,0.08371666666666666,34.599998474121094,4.135654618781448e-08,0.0005245468715408177,0
0.0918627,0.0393487,0.2187207142857143,34.59877023874274,0.0019229268488887492,0.0007818143113801089,0
-0.466038,0.0364597,-1.1096142857142857,34.599998474121094,5.829028518539415e-09,0.00011039460685577619,0
0.419871,0.000103998,0.9996928571428572,6.4073865487478985,-0.6006964886803389,0.00018404247503959358,0
-0.765813,0.15184,-1.8233642857142858,34.599998474121094,1.4114389196999567e-14,0.0010812017586691253,0
-0.0224739,0.0538358,-0.05350928571428572,34.599998474121094,-2.3340364242838377e-13,0.000968389251119321,0
-0.722988,0.0313334,-1.7214,34.599998474121094,6.7875411493347394e-09,0.0009429675960584408,0
-0.589475,0.000536751,-1.4035119047619047,11.872476318217428,0.09375049490110114,0.0006970201751360682,0
0.466607,0.000361505,1.1109690476190477,9.562117113213002,-0.13191027431666516,0.00045842780508638674,0
-0.629781,0.15184,-1.4994785714285717,34.599998474121094,8.6125922934932e-15,0.0008446274865283959,0
-0.576879,0.00277506,-1.3735214285714288,30.847206464755523,0.03617916281002501,0.0007257014742648314,0
-0.0694435,0.0383716,-0.1653416666666667,34.599998474121094,-7.930710226436861e-11,0.0010087494539217207,0
0.0847396,0.130872,0.20176095238095237,34.599998474121094,-5.21144964569973e-14,0.0006264945620362393,0
-0.111664,0.0123211,-0.2658666666666667,34.466848652879904,0.021222709932886125,0.0008373130795704458,0
0.473986,0.0361216,1.1285380952380952,34.599998474121094,-1.0522742730654038e-12,0.0005749461105581545,0
-0.408098,0.293054,-0.9716619047619048,34.599998474121094,4.094874515687947e-14,0.00159688745285591,0
-0.445885,0.00376114,-1.0616309523809524,33.08230761859644,0.277419004568067,0.0007664548385765886,0
-0.576879,0.00011738,-1.3735214285714288,7.731136039866108,0.1292025797031042,0.0010970277024485312,0
0.208778,0.175122,0.4970904761904762,34.599998474121094,7.421079677178187e-14,0.0009595553686948099,0
-0.816196,0.0102458,-1.9433238095238097,32.75389814583701,0.12345731657211688,0.00042483594745755044,0
0.442009,0.000926014,1.052402380952381,18.409706315316285,0.526153564264008,0.0006000153724629883,0
0.274793,0.0483146,0.6542690476190477,35.110342803243135,0.21576104162215984,0.0005689848254264579,0
0.0524327,0.0517632,0.12483976190476191,34.599998474121094,-5.035827877739413e-13,0.00055668319744071,0
-0.838868,0.034742,-1.997304761904762,34.59999847412109,1.2091854891825823e-08,0.0010284217526560133,0
-0.629781,0.0999432,-1.4994785714285717,34.599998474121094,-1.6708331494661895e-14,0.00044041838577311423,0
0.130431,0.0513412,0.31055,34.60309793096108,-0.002651783000749168,0.0008778593721154508,0
-0.68772,0.00340443,-1.6374285714285715,31.656639429141684,-0.01542478304366812,0.0009585816728843146,0
0.310571,0.0227915,0.7394547619047619,4.515484803263858,-2.6228562438543532,0.005097138248675438,0
-0.141571,0.0269378,-0.33707380952380955,34.60000228881836,-1.2523952084584933e-07,0.0002594108183639617,0
0.300648,0.0301741,0.7158285714285715,4.811199838409479,-2.864031053187152,0.0018687276269062309,0
0.444469,0.0233918,1.0582595238095238,34.599998474121094,-1.6276333873159168e-06,0.00019523274391293537,0
-0.166557,0.00344761,-0.39656428571428576,32.05119150379996,0.40540408547258716,0.0006250962421405284,0
0.0614947,0.0313696,0.1464159523809524,34.59999470073116,1.0285121355565219e-05,0.0004956378946684215,0
-0.624742,0.00663106,-1.4874809523809525,39.83043687129837,-0.11714529716370199,0.0012310416081476527,0
0.574838,0.00199417,1.3686619047619046,25.28881383311962,0.20463091153031562,0.0007944100178033956,0
0.0871081,0.0381347,0.20740023809523808,34.59975624849871,0.0003256491411248103,0.0007189106238884431,0
0.332481,0.0173713,0.7916214285714287,4.418603950752517,-3.013416825486185,0.0022283696332696594,0
0.255439,0.0793928,0.6081880952380954,34.599998474121094,-6.113702304566406e-10,0.0006901953547577304,0
0.643712,0.0191775,1.532647619047619,34.60274701148543,-0.005068081060492773,0.001020899750245232,0
0.291188,0.0831565,0.693304761904762,34.599998474121094,-1.790941979008082e-14,0.0005848711404292138,0
0.291188,0.296366,0.693304761904762,34.599998474121094,2.0215807349936287e-09,0.0002051961258656855,0
-0.330005,0.293054,-0.7857261904761905,34.599998474121094,5.882872499977796e-15,0.0018795435380313341,0
0.274793,0.0779913,0.6542690476190477,34.599998474121094,2.931695507823928e-10,0.0003633732839967896,0
-0.662529,0.00605389,-1.5774500000000002,40.20811901672299,0.2911680163104268,0.00027503410341798057,0
-0.576879,0.0296571,-1.3735214285714288,34.59999968160771,-7.065232696752945e-08,0.0011204857420913494,0
0.230913,0.0545365,0.5497928571428572,34.11082162900577,-0.8849144833618403,0.00029948106056617137,0
-0.0719233,0.0124491,-0.1712459523809524,34.58040731934601,0.021305659285867442,0.0010806259913268155,0
0.5527,0.0428898,1.315952380952381,34.599998474121094,-1.357226765579533e-13,0.0006945488556775788,0
0.417411,0.00161294,0.9938357142857143,23.072857836963742,0.24155934612941088,0.00029178648849139305,0
0.314729,0.0813126,0.7493547619047619,34.599998474121094,3.295948723166905e-14,0.0005714847534466664,0
-0.843906,0.0796833,-2.0093,34.599998474121094,-5.151126927641468e-14,0.0014368530463531332,0
-0.440846,0.070174,-1.0496333333333334,34.599998474121094,6.211479217384285e-14,0.0012181099806323303,0
0.0310155,0.0423747,0.07384642857142858,34.599998474121094,3.137275176507764e-12,0.0005872826055851912,0
-0.561764,0.0470487,-1.3375333333333335,34.599998474121094,2.3845234065805234e-12,0.0006079680723013745,0
-0.044694,0.00229594,-0.10641428571428571,26.703243620132724,0.11932343681067654,0.0010831875483542914,0
-0.116643,0.00220575,-0.27772142857142856,24.66067773475054,-0.256149821981789,0.00034202428112702863,0
-0.481152,0.056509,-1.1456000000000002,34.599998474121094,-1.0935060596266325e-13,0.0006843197109139684,0
0.400194,0.0104089,0.9528428571428572,34.50267521156795,-0.022874072965378266,0.00019874631504642222,0
0.238284,0.0540635,0.5673428571428571,37.80518376098089,-1.2383288779336803,0.0008026316225185012,0
-0.428251,0.074633,-1.019645238095238,34.599998474121094,1.3367498720512854e-13,0.0005854488771472761,0
0.223536,0.0543613,0.5322285714285715,29.022820127250107,-0.9226410318046935,0.0006289296128062173,0
-0.733065,0.049138,-1.7453928571428572,34.599998474121094,-8.341027235267685e-14,0.0010870423970190696,0
0.198942,0.174979,0.47367142857142863,34.59999847412109,1.4017849799233487e-13,0.0007172246707025322,0
0.653552,0.0266209,1.5560761904761906,34.59999866301956,3.054746069839202e-05,0.00035282789982796794,0
0.287425,0.0604361,0.6843452380952381,34.60000831012652,4.490336781750227e-05,0.00043413517184827806,0
-0.244358,0.00933586,-0.5818047619047619,34.390050328143886,-0.04458675311780523,0.0012270547349455564,0
0.473986,0.0179225,1.1285380952380952,34.600028860678655,-6.134234053577197e-05,0.0001555478946301399,0
-0.722988,0.016457,-1.7214,34.60254133470657,0.00038594616409374594,0.0007476872761870513,0
-0.166557,0.0312891,-0.39656428571428576,34.599998474121094,-1.1616030176189581e-09,0.0012292357101476039,0
-0.589475,0.00725357,-1.4035119047619047,35.41432039260677,-0.25301534778463297,0.00028538536873797427,0
0.444469,0.0117748,1.0582595238095238,34.61508648058369,-0.0037753127129436306,0.000570489739876754,0
-0.292218,0.0364597,-0.6957571428571429,34.599998474121094,-3.430003540094614e-08,0.001104651467933947,0
0.316853,0.0291387,0.7544119047619048,34.49662165139231,-3.4501447655653146,0.0005566085334838954,0
-0.116643,0.0709286,-0.27772142857142856,34.599998474121094,1.3615467206495425e-13,0.0011338116003865584,0
-0.705354,0.0415779,-1.679414285714286,34.599998474121094,-1.635562056706611e-09,0.00081454210732953,0
-0.617185,2.17492e-05,-1.4694880952380953,8.689241185618897,0.28979614909624474,0.000603289754510273,0
-0.556726,0.000449913,-1.3255380952380955,11.42091084470918,0.13743550105888558,0.0009860830251240496,0
-0.272065,0.00376114,-0.6477738095238096,37.5302382683104,0.5291588750600348,7.8529620551015e-05,0
-0.496267,0.074633,-1.1815880952380953,34.599998474121094,-5.271934045619103e-14,0.0010988668611317891,0
0.262754,0.0577929,0.6256047619047619,34.610908922237854,0.007191184867793191,0.000703972344051086,0
-0.206648,0.0365278,-0.49201904761904763,34.599998474121094,-2.0188043724403334e-08,0.0009747329998396596,0
0.00696582,0.0824475,0.016585285714285716,34.599998474121094,-1.3235787371541193e-14,0.0001251628702167664,0
-0.0620116,0.107318,-0.14764666666666668,34.599998474121094,5.459268710274282e-14,0.0009305854408131957,0
0.37082,0.0328746,0.8829047619047619,34.599998474121094,1.0078195339703471e-06,0.00044673109700380073,0
0.298736,0.0334113,0.7112761904761905,10.162793685296101,-3.463262486642868,0.0005585886001749109,0
-0.612147,0.000975072,-1.4574928571428571,17.553972710685542,0.5038980755149183,0.0009553827620054353,0
-0.836349,0.00179869,-1.991307142857143,22.04480711344447,0.41539688034020505,0.0008914054035532829,0
-0.299776,0.00224459,-0.7137523809523809,26.919563508231033,0.3160441214004495,0.0005850903560770025,0
0.628954,0.0646921,1.497509523809524,34.599998474121094,-1.717247192216368e-13,0.00024312474629351063,0
-0.261989,0.00179869,-0.6237833333333335,25.707765521457322,0.26659617930796176,0.00041361495875991567,0
0.437089,0.0191775,1.0406880952380952,34.60001482296556,-2.637308283032631e-05,0.00032091764343159283,0
0.108646,0.0450555,0.2586809523809524,34.60117206635042,-0.003436141890482965,0.0005929124933315544,0
-0.309852,2.17492e-05,-0.7377428571428573,8.98281106071987,-0.1706847819198323,0.0004515564770305119,0
0.584677,0.0301464,1.3920880952380954,34.599998474121094,2.1842396539051955e-08,0.0005576513340835068,0
0.594516,0.0135797,1.415514285714286,34.59428425586035,0.006870171458984822,0.0007070697584735775,0
0.621574,0.0646921,1.4799380952380952,34.599998474121094,-3.947966994885619e-14,0.00024652742100865146,0
-0.109176,0.00294389,-0.25994285714285714,29.256964637634972,0.06106475379046791,0.0007543722195797676,0
0.594516,0.00403158,1.415514285714286,34.55467054645946,-0.008034026610682816,0.00034521369062536606,0
0.658471,0.000425668,1.5677880952380954,11.956709034929863,-0.02641034048441746,0.00044657854473055135,0
-0.428251,0.00605389,-1.019645238095238,36.496345544792845,0.08346314921575318,0.00035889232301002154,0
0.265183,0.0510265,0.6313880952380952,34.212280111743276,0.5042986646423083,0.0004895458174152485,0
-0.360234,0.00277506,-0.8577,30.001874429269183,0.3409785744413047,0.0009802194500690147,0
-0.0200086,0.016203,-0.04763952380952381,34.599590404472295,-0.0023859657922639284,0.000836447843007571,0
-0.682682,0.00307642,-1.6254333333333335,35.1671114826033,0.049390630567623675,0.0007754940586389205,0
-0.335043,2.17492e-05,-0.7977214285714286,5.992409454054461,-0.9490374692183715,0.00040722080791260245,0
0.525642,0.0687845,1.2515285714285715,34.599998474121094,1.0474038311373322e-13,0.0005184383175872361,0
0.560079,0.012649,1.3335214285714285,34.6114828498383,0.009022337108718815,0.0008116733178089092,0
0.498584,0.000221758,1.187104761904762,8.683639625357888,0.3823872274631038,0.0007585546053558489,0
0.525642,0.0340415,1.2515285714285715,34.599998474121094,2.275575520408981e-11,0.0005048736206832585,0
0.0205396,0.0142608,0.04890380952380953,34.61106683339624,-0.00453557586445704,0.00037007048760372293,0
0.035161,0.0166845,0.08371666666666666,34.59939547102311,-0.010264176362351555,0.0008526638471464741,0
0.283537,0.0908642,0.6750880952380952,34.599998474121094,8.573746906382723e-14,0.0003510750719536435,0
0.142598,0.139172,0.33951904761904766,34.599998474121094,3.2850888009619286e-14,0.0002962197845534479,0
0.663391,0.0009315,1.579502380952381,15.727533805159553,0.3302842055649272,0.0009989097652725236,0
-0.768332,0.205968,-1.829361904761905,34.599998474121094,3.0308026833960015e-14,0.0016996066401089006,0
-0.556726,0.00307642,-1.3255380952380955,32.390406925112956,0.14286758473387123,0.0009309853037825356,0
0.176838,0.0549709,0.42104285714285716,35.952282685414744,-0.7965214747618381,0.0006936251642498178,0
0.498584,0.0558248,1.187104761904762,34.599998474121094,7.340913298275463e-14,0.0007739951522063305,0
-0.360234,0.0190173,-0.8577,34.59976839263652,-0.00028672101288382284,0.0008076590406485807,0
-0.486191,0.0141423,-1.1575976190476192,34.39659591751905,-0.010233742286978861,0.0008378203740155009,0
-0.476114,0.000975072,-1.133604761904762,15.688290520399518,-0.08065176317452276,0.000979998790764892,0
-0.34512,0.0218124,-0.8217142857142857,34.599952320323716,0.00010174576318717422,0.0002297720738124938,0
0.525642,0.00649079,1.2515285714285715,34.62855767610544,-0.07317881927091117,0.00033627023917374597,0
-0.0669669,0.000193882,-0.159445,8.863197460508239,0.478796238686079,0.00019390211225443852,0
0.476446,0.00700834,1.134395238095238,34.33129769042268,-0.009603781446743311,0.0003896787631372229,0
0.356255,0.0500342,0.8482261904761905,34.599998474121094,6.9535298068854785e-12,0.0003153753832538821,0
0.395279,0.0237907,0.9411404761904762,34.60000243244085,5.125668438031531e-06,0.0005235011268469693,0
-0.299776,0.000449913,-0.7137523809523809,14.1376092601155,0.3899885483196301,0.0006979335959586579,0
0.515803,0.0530862,1.228102380952381,34.599998474121094,1.353018312092746e-13,0.00047440739619971045,0
0.380578,0.0162089,0.9061380952380953,34.62636929565015,0.010726661399743898,0.0004446756285866942,0
-0.20163,0.00105216,-0.4800714285714286,21.091377347050727,0.019035881574172707,0.0010885470646338439,0
0.176838,0.0604266,0.42104285714285716,34.58473505977028,0.028361485596270008,0.00046869565444879955,0
0.0268681,0.0114006,0.06397166666666666,34.51757709894744,-0.009054731685512284,0.0008021562882190734,0
-0.24184,0.000116815,-0.5758095238095239,7.811448680707513,-0.5953934713785385,0.00016233322349941227,0
-0.246875,0.0536943,-0.5877976190476191,34.599998474121094,3.216584779697543e-14,0.0011345602006884155,0
-0.166557,0.0002142,-0.39656428571428576,9.869518813700308,0.4366799439847554,0.0002182487294098425,0
0.312636,0.024473,0.7443714285714287,5.096597413730789,-2.8341195532787373,0.0027593853570695675,0
0.42971,0.120238,1.0231190476190477,34.599998474121094,-3.2163761982509677e-13,0.0007516344120776826,0
0.0871081,0.0386435,0.20740023809523808,34.59980633111116,0.00028914234363579825,0.0003160954684502252,0
-0.194105,2.14312e-05,-0.4621547619047619,15.194919532086855,0.33349765088476496,0.001044613145469574,0
0.118306,0.094052,0.28168095238095237,34.59999847412109,3.811519195188377e-14,0.0008645963769152087,0
-0.279623,0.00011738,-0.6657690476190476,10.58727904260826,0.41047403920963543,0.00031252747771934005,0
-0.279623,0.0218124,-0.6657690476190476,34.59991410480123,-9.15609074797097e-05,0.0010984254168792274,0
-0.236806,0.0341981,-0.5638238095238095,34.5999984741211,-3.3634643007241028e-09,0.0011044196163419284,0
-0.274584,0.000631885,-0.6537714285714286,13.122953497569723,-0.2385292948162026,0.0007106018984892943,0
-0.57436,0.0662043,-1.3675238095238096,34.599998474121094,4.2944779874933494e-15,0.001234352021171474,0
-0.398021,0.120436,-0.9476690476190477,34.5999984741211,-1.372314436032032e-13,0.0011254333637574318,0
-0.770851,0.00792391,-1.8353595238095237,34.67498396471441,-0.11056777150556855,0.001025309065062325,0
0.569918,0.000498276,1.3569476190476193,14.206030950627602,0.9222596330185546,0.0005381271918544474,0
0.643712,0.012649,1.532647619047619,34.486575230855244,0.0029125838471358175,0.0012473141685519081,0
-0.826272,0.293054,-1.9673142857142858,34.599998474121094,1.5103752952282327e-14,0.0011461371126133978,0
-0.463518,0.0190173,-1.1036142857142857,34.600307302427915,-0.0009490156672608661,0.0009195739186226488,0
-0.435808,0.034742,-1.0376380952380952,34.599998474121094,1.827397815466897e-09,0.0013064844128345106,0
-0.609628,6.73557e-05,-1.451495238095238,8.932103367443828,0.06479666606814222,0.0006918771589454624,0
-0.335043,0.00456941,-0.7977214285714286,35.56446348674111,0.09852912760868786,0.0008541987634070498,0
-0.743141,0.15184,-1.7693833333333335,34.599998474121094,1.1115985887595637e-13,0.001403127613691561,0
-0.423213,0.000631885,-1.0076500000000002,13.389735685530946,-0.013027449431452615,0.0006385165142722666,0
-0.392983,0.0130776,-0.9356738095238096,34.5846751589223,0.0003032535139908603,0.0009804599747805032,0
0.174386,0.12244,0.41520476190476197,34.599998474121094,1.1766959627441492e-14,0.000506412805604037,0
-0.0249399,0.0242944,-0.059380714285714294,34.60000228881836,2.021665608564748e-05,0.000897556805210998,0
0.37082,0.00453989,0.8829047619047619,6.694571460755393,-1.274514207189132,0.0023526534079654424,0
0.446929,0.00241613,1.0641166666666668,32.85172751429798,0.5678064755285305,0.000637511433135569,0
-0.206649,0.0524837,-0.4920214285714286,34.599998474121094,9.027263761095164e-15,0.0009557294133511076,0
-0.0942583,0.0697412,-0.22442452380952382,34.599998474121094,-3.7390000007535477e-13,0.00043077858755730363,0
-0.332524,0.0470487,-0.7917238095238095,34.599998474121094,-4.160807384205409e-12,0.0012558658459057275,0
0.616655,0.00946284,1.4682261904761904,34.509293073253524,-0.057595926327048894,0.000540061405930705,0
-0.639857,0.0263947,-1.5234690476190478,34.60000142410604,-6.920608403171743e-08,0.0008285316794571167,0
-0.594513,0.0248205,-1.4155071428571429,34.60000228881836,-2.8231023531477853e-06,0.00046141434674157187,0
0.476446,0.0219095,1.134395238095238,34.59999541414132,-1.38263573031558e-07,0.00026853795347591775,0
-0.226746,0.00994324,-0.5398714285714286,34.45274381328999,0.07793464508824856,0.0007414546489981805,0
-0.249394,0.0745173,-0.5937952380952382,34.599998474121094,2.3046194059108436e-14,0.0008966516077183681,0
-0.144067,0.0473001,-0.3430166666666667,34.599998474121094,-2.591923232972439e-13,0.0011373098119404788,0
0.609275,0.00140437,1.450654761904762,20.11532662953553,0.7402356887376025,0.00039706531026446326,0
-0.609628,0.000631885,-1.451495238095238,13.159973459005908,0.08656234063906809,0.0009345779079204445,0
-0.159055,0.0925619,-0.37870238095238096,34.599998474121094,-1.3563983702471577e-13,0.0008738926175208628,0
0.245647,0.34824,0.5848738095238095,34.43588297026169,0.22652333010684125,0.017757916194523965,0
-0.453442,0.0296571,-1.0796238095238095,34.599998973536586,-2.5270270492545553e-06,0.0006135367856037512,0
-0.0917734,2.05781e-05,-0.21850809523809525,7.782876790299184,0.021665139997412312,0.0004708143064016466,0
0.528102,0.00437378,1.2573857142857143,37.73130781326,0.26550580754778785,0.0006213315474191288,0
0.665851,0.011039,1.5853595238095237,34.33199853052836,0.06422671097995018,0.0009107850697115537,0
-0.0967427,0.000680747,-0.2303397619047619,18.44163394041187,0.10861847247190586,0.0011213795669846524,0
-0.284661,0.350434,-0.6777642857142857,34.599998474121094,1.0392224858435384e-09,0.0010022732292948376,1
0.611735,0.0028802,1.4565119047619048,31.904603456515872,0.07127604432092667,0.000678392451098046,0
-0.116642,0.0275811,-0.27771904761904764,34.59999938584082,5.0022985942970055e-06,0.0007999778294481813,0
-0.846425,0.00160345,-2.0152976190476193,23.306839407093914,0.2530914361199015,0.0004172732488321019,0
-0.828791,0.056509,-1.973311904761905,34.599998474121094,-8.459857670792508e-14,0.0007628700096665213,0
-0.1291,0.000314684,-0.30738095238095237,11.249100882954446,0.8234448703416412,0.0003680629165949346,0
-0.707873,0.0381765,-1.6854119047619047,34.599998474121094,-2.233820860722568e-09,0.0012987676446581996,0
-0.54413,0.000975072,-1.2955476190476192,15.86527074951561,0.32549219215283015,0.0008761552569884265,0
-0.614666,0.0313334,-1.4634904761904763,34.599998474121094,2.4662910010647744e-07,0.00034506174837036494,0
-0.783447,0.000536751,-1.86535,12.358597947490754,0.3852875203899778,0.0005921200717658603,0
-0.438327,0.00725357,-1.0436357142857144,36.94170242955137,-0.254704551614434,0.0005290034966206743,0
0.668311,0.0920275,1.5912166666666667,34.599998474121094,-6.675848964202925e-14,0.0007900845264194323,0
0.257881,0.056207,0.614002380952381,34.55704905464408,-0.052170912138113576,0.0007300837006902704,0
-0.806119,0.0111307,-1.9193309523809525,33.87919923211381,-0.0052276564777506114,0.0011581160645716124,0
-0.00276909,0.000222548,-0.006593071428571429,8.681858878950298,0.594867122994016,0.0009007051708125712,0
0.323395,0.0168345,0.7699880952380952,10.447834719156779,-4.3772740068211915,0.005929148806080289,0
-0.146563,0.00181941,-0.34895952380952383,22.744280150927267,0.2453540130116002,0.0009849040238189958,0
0.0372472,0.0175689,0.08868380952380953,34.60810302114632,-0.007479059585415849,0.0007783244162506863,0
0.103833,0.0420199,0.24722142857142856,34.60034564353995,-0.008581661666156168,0.0006529546297253034,0
-0.181575,0.00189384,-0.4323214285714286,23.7939577253592,0.5479230407875523,0.000681409727789251,0
-0.591994,0.00111175,-1.4095095238095239,19.698743791725757,0.5499266181105993,0.0005841643565780783,0
0.132862,0.0549162,0.31633809523809525,34.600034325746826,-5.013712901321954e-05,0.0006605916704988871,0
-0.760775,0.00864453,-1.8113690476190476,34.7865532266646,0.09785467613668368,0.0005929293114773764,0
0.523182,0.012649,1.2456714285714288,34.605087570265574,0.002489595388547117,0.0003839668835940164,0
0.179291,0.111745,0.42688333333333334,34.599998474121094,7.912488272039827e-14,0.0002821075542593288,0
-0.612147,0.00605389,-1.4574928571428571,40.176651149730034,0.08455413568839078,0.00028719382491736585,0
0.456768,0.0135797,1.0875428571428571,34.59943679122132,0.0012223423207156452,0.00025676963479628385,0
-0.337562,0.0513947,-0.8037190476190476,34.599998474121094,4.1537900875464223e-13,0.001113165968051545,0
-0.796043,0.120436,-1.8953404761904762,34.599998474121094,1.2181143706441255e-13,0.0007715996921288223,0
0.626494,0.00649079,1.491652380952381,35.924892645659206,0.7673318468344181,0.0005826806932895122,0
-0.000310059,0.0647686,-0.0007382357142857143,34.599998474121094,2.414461020367618e-14,0.0007113915715026625,0
-0.778409,0.109221,-1.8533547619047621,34.599998474121094,8.056469822538708e-14,0.001031306128697873,0
0.0990326,0.0444182,0.23579190476190476,34.59983328776652,0.00031108403465969107,0.0002264646060724599,0
-0.134087,0.00733312,-0.31925476190476193,35.77418328571257,-0.23249917358737546,0.0008123708120659839,0
0.537941,0.0361216,1.2808119047619049,34.599998474121094,-6.10301177659491e-12,0.00046618719900681885,0
-0.74566,0.00126126,-1.7753809523809525,23.35530394043613,0.21518750109523713,0.0006266157223082242,0
-0.357715,0.070174,-0.851702380952381,34.599998474121094,1.4856944027249496e-13,0.0013380636656948265,0
-0.748179,0.0415779,-1.7813785714285715,34.599998474121094,-4.805799857668727e-11,0.000551630121236345,0
-0.551688,0.000736083,-1.3135428571428571,13.770019690305062,0.5567136718939054,0.0007819043302906362,0
-0.768332,0.034742,-1.829361904761905,34.599998474121094,1.9786556106293223e-08,0.0009173145893496509,0
0.419871,0.00701148,0.9996928571428572,34.58675849579895,0.046899089790778094,0.0004778630175633557,0
0.665851,0.000427762,1.5853595238095237,12.552693365357293,0.1144476539817372,0.0007438638687124983,0
-0.204139,0.000594457,-0.4860452380952381,13.51270554109513,-0.1865656167452016,0.0005947229230969736,0
-0.758256,0.0999432,-1.8053714285714286,34.599998474121094,-1.0657008473940416e-15,0.0011544918359490113,0
0.162137,0.0969419,0.3860404761904762,34.599998474121094,-2.0671278978581275e-13,0.0006873542152826114,0
-0.0669669,0.0114706,-0.159445,34.55449198809541,-0.0004687257952223079,0.0005444292467045393,0
-0.317409,0.000631885,-0.7557357142857143,13.362549134672014,0.04590246635889211,0.0007872674828681976,0
0.5527,0.0117748,1.315952380952381,34.590776219148225,0.013870920642352687,0.0007388283046946007,0
0.108646,0.0768991,0.2586809523809524,34.599998474121094,1.5303085167492446e-13,0.0005820119779650299,0
0.400194,0.00182131,0.9528428571428572,12.139071507300663,-1.3827582675696395,0.0007349347608337536,0
0.483826,0.343075,1.1519666666666666,34.569475978215586,1.7455663833151365,0.0009165859056642244,0
0.26032,0.0571472,0.6198095238095238,34.668351368865196,-0.013617327467316072,0.0008988542360730543,0
-0.25695,0.0330307,-0.6117857142857144,34.599998474121094,-1.2190270227291476e-07,0.0007606371364302135,0
0.37082,0.0479293,0.8829047619047619,34.599998474121094,8.717560292734773e-13,0.0007419948257659639,0
-0.801081,0.0796833,-1.9073357142857144,34.599998474121094,1.4112420956143782e-14,0.0004997291258443489,0
-0.66001,0.00126126,-1.571452380952381,19.952191788061114,-0.07730884062592333,0.0011005990810826745,0
-0.785966,0.016457,-1.8713476190476193,34.60256661224631,-0.0007147798734460132,0.0007643514530803301,0
-0.0224745,0.00986145,-0.05351071428571429,34.48794035423717,-0.011383354650285775,0.0007545261387693644,0
0.111057,0.044488,0.2644214285714286,34.60080070978207,-0.000210900173040496,0.0004286571373778738,0
-0.159055,0.000989476,-0.37870238095238096,17.79279757871904,0.3191554418911949,0.00033288380848244415,0
-0.405579,0.0451067,-0.9656642857142858,34.599998474121094,7.859105471466645e-12,0.0008788292267171025,0
-0.418174,0.0432951,-0.995652380952381,34.599998474121094,9.924680020064639e-12,0.0008865481263222627,0
0.39037,0.120744,0.929452380952381,34.599998474121094,-3.051587244071785e-14,0.0005187347212093926,0
-0.748179,0.00249839,-1.7813785714285715,28.42422963142004,-0.2592321416630058,0.0009275339527378804,0
-0.6323,0.245479,-1.5054761904761904,34.599998474121094,-1.596066558736467e-13,0.001104988128330534,0
0.0569394,0.0289416,0.13557,34.60002922027926,-0.00013261804760662183,0.000643620252312516,0
-0.531535,0.00340443,-1.2655595238095239,31.175149607151997,0.35726197574235746,0.0009036994237975675,0
-0.486191,6.73557e-05,-1.1575976190476192,14.717371665794474,0.3889364553114194,0.0010838343703425855,0
0.656012,0.0453922,1.5619333333333334,34.599998474121094,-1.4521063894421402e-11,0.00097603899530464,0
0.0393472,0.117273,0.09368380952380953,34.599998474121094,-1.059140657081948e-13,0.0008601845028926065,0
0.189112,0.116944,0.4502666666666667,34.599998474121094,1.1316739201078124e-13,0.0007067450385944379,0
0.0592114,0.0513361,0.1409795238095238,34.599998474121094,-5.160930522235e-12,0.000786855137768553,0
0.496125,0.00341526,1.18125,41.666986494210725,0.5977327152835126,0.0007359613381263839,0
-0.511382,0.000298361,-1.2175761904761906,11.492491755572715,0.26841655656409,0.000373147224227617,0
-0.428251,0.293054,-1.019645238095238,34.599998474121094,-2.377444883980236e-14,0.001371879276769785,0
-0.335043,0.016457,-0.7977214285714286,34.60202027753742,-0.0012374544986002677,0.0007951617127231816,0
0.316853,0.0264739,0.7544119047619048,12.625449204117624,-3.3303688296397094,0.000675420802668037,0
0.216157,0.0618758,0.5146595238095238,34.5372372599845,0.04073029322193243,0.0006245611342786801,0
-0.0744024,0.015492,-0.17714857142857143,34.60146803991509,-0.0005042157537680612,0.0006207037012052953,0
0.604356,0.00474073,1.4389428571428573,39.81912959281377,-0.3369835955767492,0.0006430954184810474,0
0.483826,0.0340415,1.1519666666666666,34.599998474121094,-1.5154230646658906e-11,0.0006972150804133623,0
-0.390464,0.000975072,-0.9296761904761904,16.27190161447408,0.055987153811725615,0.00102623945578801,0
0.186656,0.062345,0.4444190476190476,34.60859164185981,0.006583462187016106,0.0007373626783713572,0
-0.518939,0.074633,-1.2355690476190477,34.599998474121094,-9.617756143319574e-14,0.0014384461459289106,0
0.42725,0.00140437,1.017261904761905,21.60325161353786,-0.11639521544742391,0.0007057778780366138,0
0.137727,0.0606839,0.32792142857142853,34.600003815194434,-1.8959742166776023e-05,0.0005425573748061455,0
0.0226725,0.0100098,0.05398214285714286,34.41955595458023,0.013599815695586019,0.000643157345704175,0
0.562539,0.0320499,1.3393785714285715,34.599998474121094,1.6225671379988518e-09,0.0008746268186434061,0
-0.77589,0.00249839,-1.847357142857143,27.671918279543934,0.212173067994564,0.0007050142173486214,0
-0.0446937,6.14656e-05,-0.10641357142857144,9.24050240771562,-0.006529413657590417,0.000166544191111377,0
-0.1042,0.0459996,-0.24809523809523812,34.599998474121094,3.0798338916825906e-13,0.0010780582388732203,0
-0.498786,0.0232916,-1.1875857142857142,34.599930871547315,-0.00039878431918182855,0.0004912396610763524,0
0.419871,0.00140755,0.9996928571428572,22.195256740272654,0.45873781886804865,0.0006867772679959117,0
0.505964,0.00159146,1.2046761904761905,23.371172510593222,0.29499518203618824,0.00029933762491300285,0
0.621574,0.0179225,1.4799380952380952,34.59976108777986,0.0002781008517530759,0.0008045057734855415,0
0.503504,0.0742512,1.1988190476190475,34.5999984741211,1.997736767010155e-13,0.0004606479047856966,0
0.466607,0.00878692,1.1109690476190477,34.5929742703017,0.013245328442142865,0.000642924140790056,0
0.0372472,0.0276849,0.08868380952380953,34.6000021124873,-5.766764322429146e-06,0.0001091366765140455,0
0.140162,0.0994948,0.33371904761904764,34.599998474121094,-3.85439317805427e-15,0.0006996487865074889,0
-0.312371,0.070174,-0.7437404761904762,34.599998474121094,9.975056309426314e-15,0.0008963839907774838,0
-0.104201,0.00218338,-0.24809761904761907,25.484370487691955,-0.14042521424969623,0.000812397370149968,0
0.0660762,0.0903933,0.15732428571428572,34.599998474121094,-1.079764678134533e-13,0.000668369309654196,0
0.614195,0.0028802,1.4623690476190478,30.190047951963678,-0.030015962581162188,0.0007006393401831577,0
-0.274584,0.0796833,-0.6537714285714286,34.599998474121094,1.8263055803644643e-14,0.0010735082239721155,0
-0.750698,0.000975072,-1.7873761904761905,15.812968864598847,0.4677457010175559,0.000992065922174783,0
0.505964,0.240324,1.2046761904761905,34.599998474121094,-1.152074918157878e-13,0.0002620349803068857,0
0.653552,0.0383201,1.5560761904761906,34.59999847412109,1.7497342740815235e-09,0.00051008102749094,0
-0.116642,0.030859,-0.27771904761904764,34.599998474121094,4.246819936447445e-08,0.0011977509655581315,0
-0.134087,0.011828,-0.31925476190476193,34.46300875584695,-0.03500999380104247,0.000640032742607579,0
-0.40306,0.134283,-0.9596666666666667,34.599998474121094,-9.896139279177218e-14,0.0014793987775311463,0
-0.60207,0.0451067,-1.4335,34.599998474121094,-1.1814248405878982e-11,0.0003729222280251156,0
-0.675125,0.0141423,-1.6074404761904761,34.58240643517815,0.013879492830805392,0.000722771811692933,0
0.316853,0.0204161,0.7544119047619048,8.120977430302684,-4.040606631656243,0.005037518166128479,0
-0.116643,0.000602415,-0.27772142857142856,12.78388576045932,0.2620960252899022,0.001173124299739073,0
0.67077,6.11822e-05,1.5970714285714285,9.028554474052157,0.1707524796786566,0.001104987587022194,0
-0.481152,0.0921318,-1.1456000000000002,34.599998474121094,-6.350113498594635e-14,0.0010995771455978918,0
0.564999,0.00107041,1.3452357142857143,17.38076610614268,0.028656490050401964,0.00094498926124028,0
0.0161772,0.012035,0.038517142857142854,34.61620537604014,0.001396433800556644,0.0005787042310830892,0
-0.229261,0.00591398,-0.5458595238095238,39.197454149148,-0.23749782146293347,0.0005337733372536288,0
-0.171561,0.000879444,-0.4084785714285714,15.086087281710583,0.060079851891783845,0.0009178812711854541,0
0.257881,0.0679889,0.614002380952381,34.60000499175732,1.3846057699653748e-05,0.0003027865526370639,0
-0.740622,0.00663106,-1.7633857142857143,35.47794449542924,-0.020360778948702148,0.0005465221928006353,0
0.0800232,0.0746344,0.19053142857142857,34.599998474121094,1.967679682857751e-14,0.0008813669053741221,0
-0.440846,0.00456941,-1.0496333333333334,36.265358755407625,0.022281828229208517,0.00069953953354666,0
0.304541,0.0403882,0.725097619047619,34.32575769902679,-0.06380347709144775,0.0004076336178708088,0
0.118306,0.0654249,0.28168095238095237,34.599998474121094,7.310466329184974e-09,0.0005552190203331053,0
-0.838868,0.070174,-1.997304761904762,34.599998474121094,-3.7430987777385803e-14,0.001097998673445884,0
0.250547,0.0631295,0.5965404761904762,34.602060510456695,0.0032006720310198008,0.0006108351337812656,0
0.0502004,0.0313569,0.11952476190476191,34.60000267696827,-3.0733277426755498e-06,0.0007253993337540707,0
-0.423213,0.0248205,-1.0076500000000002,34.60000169691024,-7.401547026816583e-06,0.0011486226554720412,0
-0.624742,0.00142475,-1.4874809523809525,20.773950516359367,0.31772554377242945,0.0009804971192514166,0
-0.425732,0.0280088,-1.0136476190476191,34.60000043278804,-1.4518401936882313e-07,0.0010161424714326104,0
0.584677,0.0219095,1.3920880952380954,34.5999728175879,0.00011050613770183942,0.0009625008865170967,0
-0.398021,0.00201189,-0.9476690476190477,26.306999091443227,0.269499000677531,0.0005937332782273186,0
0.094248,0.097657,0.22440000000000002,34.599998474121094,-5.3217317349384687e-14,0.0006541417928620122,0
0.00933115,0.00193021,0.02221702380952381,22.604658470765955,1.3710853510435743,0.000543580166590386,0
-0.624742,0.0330307,-1.4874809523809525,34.5999984741211,-3.480707386036194e-07,0.0011933968007035254,0
0.035161,0.02499,0.08371666666666666,34.6000037452972,1.5622371955279772e-05,0.0005347122134520145,0
0.196483,0.053439,0.46781666666666666,18.74868474185398,1.138930838622684,0.0003401040273455941,0
0.171934,0.141512,0.4093666666666667,34.599998474121094,-9.050192666741877e-14,0.00039529270392721003,0
-0.657491,0.00376114,-1.565454761904762,33.54154655728365,0.31845072306938915,9.901109863702634e-05,0
0.211238,0.0554453,0.5029476190476191,32.69777118056864,0.07424253549202076,0.00044385582833362,0
0.235828,0.0641475,0.5614952380952382,34.602955325594635,0.0031776154280549213,0.0005198682507409701,0
-0.788485,0.350434,-1.8773452380952382,34.599998474121094,-1.6319611677653723e-13,0.0005662989954624328,1
-0.435808,0.120436,-1.0376380952380952,34.599998474121094,-1.2118539981720203e-13,0.0010829109286004807,0
0.24074,0.348269,0.5731904761904763,34.4732652255713,0.28922421697991085,0.01786729544123034,0
-0.23429,0.00140202,-0.5578333333333334,18.883655628378648,0.6327511915180928,0.0005745742434909757,0
0.464147,0.0145695,1.1051119047619047,34.59987603780804,-9.344948611837683e-05,0.00023356212565566335,0
0.115888,0.0444199,0.27592380952380957,34.60131318781751,-0.005555586538139447,0.0003951739121629998,0
-0.594513,0.00142475,-1.4155071428571429,21.885476750403697,0.17527721389408202,0.0005022222087237811,0
0.135293,0.0485246,0.32212619047619045,34.563325591398375,0.055394703040046976,0.0007887817604581864,0
-0.322448,0.0398847,-0.7677333333333334,34.599998474121094,3.3951851918711396e-09,0.0009290813865639777,0
0.140162,0.0500378,0.33371904761904764,34.65350491640959,0.09289274934349104,0.0002444110902433295,0
0.167034,0.0543929,0.3977,34.29674888207912,-0.06229253460212801,0.0005025319483675794,0
-0.483671,0.00126126,-1.1515976190476191,17.708367189923035,0.1398464232842502,0.0008059641429692566,0
-0.692759,0.00111175,-1.6494261904761907,17.779982861740386,0.21576450031484784,0.0010467609869602447,0
-0.146564,0.0255955,-0.34896190476190475,34.60000143887851,-2.319288982485407e-05,0.000555710482169425,0
-0.785966,0.174864,-1.8713476190476193,34.599998474121094,-1.5436509927922223e-14,0.0005912829605901985,0
-0.770851,0.000172242,-1.8353595238095237,9.11451865966066,0.5461861143814186,0.0004602017063147663,0
0.0479833,0.0237583,0.11424595238095238,34.59977569462093,0.0007706137252536289,0.00044798436099468777,0
0.459228,0.0179225,1.0934000000000001,34.599992690983605,-0.00013008126144922313,0.0006609928792155359,0
-0.149061,0.000542494,-0.35490714285714287,14.007815006344075,0.6821147243732584,0.0005943578967457771,0
-0.40306,0.00551956,-0.9596666666666667,36.01364739202865,0.12170841519178462,0.0009584838503564469,0
-0.483671,0.245479,-1.1515976190476191,34.599998474121094,1.0263786504647992e-13,0.00048315983366203116,0
0.383023,0.0017401,0.9119595238095238,4.895866516207839,-1.6014589279089015,0.0023697089485018386,0
-0.141571,0.0521878,-0.33707380952380955,34.599998474121094,1.0490419942458474e-13,0.0010205264871704961,0
-0.28718,0.109221,-0.6837619047619048,34.599998474121094,-7.132268594321252e-14,0.0008355714090256035,0
-0.0768811,0.038611,-0.1830502380952381,34.599998474121094,1.334246029928236e-10,0.00027234721668244373,0
-0.541611,0.00277506,-1.28955,30.880731283112233,-0.11022154144260662,0.0010759990774212227,0
-0.599551,0.00201189,-1.4275023809523808,24.883250040248303,0.4935361210299278,0.0008794912391086108,0
-0.425732,0.000449913,-1.0136476190476191,11.76656149419202,0.39993530832935165,0.0006011377356724164,0
-0.166557,0.000872466,-0.39656428571428576,15.007245073314175,0.4638846466266173,0.0008734688254568738,0
-0.161555,0.345813,-0.38465476190476194,34.555086980566685,-0.6848466307411653,0.0001285174857098734,0
-0.144067,0.0725692,-0.3430166666666667,34.599998474121094,2.8896293924106513e-14,0.0008060457557619475,0
-0.624742,0.293054,-1.4874809523809525,34.599998474121094,3.733675095352417e-14,0.0014248297481327386,0
0.140162,0.057862,0.33371904761904764,34.600107084459324,-0.0005216252125275617,0.0004118184734094789,0
-0.216693,0.0001154,-0.5159357142857143,7.298619975859981,-0.06441683618187942,0.0007103854874783848,0
0.375695,0.00926729,0.8945119047619048,36.24796967626546,-0.8424467307730246,0.0005068013304835797,0
-0.541611,0.000536751,-1.28955,14.920408422281723,-0.0748447009341097,0.001104035995573024,0
0.601896,0.0109542,1.4330857142857143,33.86133589663382,0.018016790509086465,0.0008497440064292002,0
0.135293,0.0810969,0.32212619047619045,34.599998474121094,1.2791476243830031e-12,0.0008363737769432128,0
-0.627261,0.00792391,-1.4934785714285714,35.32965639417746,-0.01977745970766018,0.0003452284603885841,0
-0.649934,0.00456941,-1.547461904761905,37.03909963538834,0.2333048450268547,0.0011791998527731155,0
-0.382907,0.245479,-0.9116833333333334,34.599998474121094,-5.779474615794236e-14,0.0015029394480440856,0
0.466607,0.00815413,1.1109690476190477,34.501635614310466,0.021047281059622253,0.0005426811102982774,0
-0.37283,0.00725357,-0.8876904761904763,34.760844695661596,-0.09306603613853363,0.0006974196964367127,0
-0.0868071,0.00134883,-0.20668357142857144,20.175005476950368,0.32447577392540433,0.0010882271059443616,0
0.221077,0.0765574,0.5263738095238095,34.6000013418245,-1.9139138038798156e-07,0.0003443922808372192,0
0.621574,0.00313824,1.4799380952380952,34.980486390340715,0.2008476253285657,0.000688835030496825,0
-0.121624,0.00327168,-0.2895809523809524,31.609891777955124,0.20108660077408133,0.0008864204172017761,0
0.218617,0.0546585,0.5205166666666667,27.642339610134336,-0.7089296537548624,0.0006509728753668791,0
-0.798562,0.0364597,-1.9013380952380954,34.599998474121094,-1.4452869609689476e-08,0.0007805147292923798,0
-0.770851,0.0470487,-1.8353595238095237,34.599998474121094,7.480419832120727e-12,0.0009782184035593974,0
0.35143,0.00678623,0.8367380952380953,4.244443547164648,-2.4578721677755566,0.005726892829423904,0
0.604356,0.141384,1.4389428571428573,34.599998474121094,-3.544194840069109e-15,0.0010102412164611021,0
-0.413136,0.0203866,-0.9836571428571429,34.599889123385644,0.00018017099263055862,0.000761748308275593,0
-0.307333,0.00551956,-0.7317452380952382,35.93764426109282,-0.12136284911578828,0.0005853013241964023,0
0.108646,0.0513105,0.2586809523809524,34.6000053595261,-1.653510201335248e-05,0.00025450391431948834,0
0.387918,0.00109061,0.9236142857142857,5.06395771789299,-0.4300923090921314,0.001934373513067575,0
-0.428251,0.0232916,-1.019645238095238,34.59999823987941,1.9548875327309387e-05,0.00023638695341761295,0
-0.274584,0.00456941,-0.6537714285714286,35.414534493937644,0.08120378919180833,0.0008454209894181753,0
0.298736,0.0357416,0.7112761904761905,31.286470301133157,-3.2958329752207685,0.0005235887603328743,0
0.5527,0.00241613,1.315952380952381,29.54475705197467,0.1645659178679783,0.0007947489651116715,0
-0.154057,0.00372784,-0.366802380952381,31.795308299847196,0.5004216799955273,0.00045715941593478337,0
-0.109175,0.00156077,-0.25994047619047617,20.412220957496682,0.008113658657788321,0.000985716434175659,0
0.631413,0.0249546,1.5033642857142857,34.599994520597214,3.206102479811593e-05,0.00044301936518828283,0
-0.833829,0.0330307,-1.985307142857143,34.599998474121094,-1.7814649610899483e-07,0.0011904208288881803,0
-0.116643,0.0244999,-0.27772142857142856,34.600004925198064,5.9266580567198686e-06,0.0006576845549114918,0
-0.34512,0.0141423,-0.8217142857142857,34.60226548799901,-0.0035960783764030367,0.000915680875506163,0
-0.662529,2.17492e-05,-1.5774500000000002,8.901410262259,0.044845290709186095,0.0004991348317232259,0
-0.760775,0.0130776,-1.8113690476190476,34.618622864637416,-0.007963127417318245,0.001107753960095593,0
-0.539092,0.0102458,-1.283552380952381,34.34617878505876,-0.044498418203820306,0.0009805400460821114,0
0.587137,0.141384,1.3979452380952382,34.599998474121094,4.301755145323613e-14,0.0007046434334309702,0
0.42725,0.0191775,1.017261904761905,34.5999954308782,-0.00011111226182490432,0.0007375036024436114,0
0.594516,0.0145695,1.415514285714286,34.601774477761815,0.003055108041227876,0.0008185338075811794,0
-0.423213,0.00011738,-1.0076500000000002,9.080080286588306,-0.09027148893404699,0.00014900587294937613,0
-0.277103,0.205968,-0.6597690476190476,34.599998474121094,4.731190228725108e-15,0.000518322590625258,0
0.606815,0.000797155,1.444797619047619,14.133134567674599,0.1301214342537221,0.0008480901821791289,0
-0.566802,0.00340443,-1.3495285714285716,33.53194794490184,0.16730645788797402,0.00041036107950253415,0
0.365953,0.011756,0.8713166666666666,36.65398746915681,-1.6894956482961452,0.00043917087280794003,0
0.0524327,0.0444563,0.12483976190476191,34.599998474121094,2.2429843454525554e-10,0.0007414586445557686,0
0.638793,0.0361216,1.5209357142857145,34.59999847412109,2.382155579713128e-08,0.0010098953194179058,0
0.291188,0.16517,0.693304761904762,34.599998474121094,-1.5156671383861214e-13,0.00037070640495298347,0
-0.322448,0.0263947,-0.7677333333333334,34.59999403690233,8.221680926109535e-05,0.00040211380952205627,0
-0.40306,0.00224459,-0.9596666666666667,33.45597395865413,0.007438021677071298,0.0002804900674295667,0
-0.104201,0.0565378,-0.24809761904761907,34.599998474121094,1.3642186460585697e-13,0.0004713855460256282,0
-0.0200075,0.141973,-0.04763690476190477,34.599998474121094,1.5819121823238204e-13,0.000892025392453029,0
0.103833,0.0867862,0.24722142857142856,34.599998474121094,-4.343349888032863e-14,0.0005421189466876342,0
0.0502004,0.0246134,0.11952476190476191,34.600518896552344,-0.0007700920997300627,0.00015378256638355362,0
-0.0446931,0.0375726,-0.10641214285714286,34.599998474121094,-4.3403202444848324e-10,0.0008519468536256369,0
