<?xml version='1.0'?>
<!-- patch='topWall' time='60' index='60' -->
<VTKFile type='PolyData' version='0.1' byte_order='LittleEndian' header_type='UInt64'>
  <PolyData>
    <FieldData>
      <DataArray type='Float32' Name='TimeValue' NumberOfTuples='1' format='ascii'>
60
      </DataArray>
    </FieldData>
    <Piece NumberOfPoints='1042' NumberOfPolys='520'>
      <Points>
        <DataArray type='Float32' Name='Points' NumberOfComponents='3' format='ascii'>
-0.9 0.35 -0.01 -0.9 0.35 0.01 -0.898342 0.35 0.01
-0.898342 0.35 -0.01 -0.89668 0.35 0.01 -0.89668 0.35 -0.01
-0.895015 0.35 0.01 -0.895015 0.35 -0.01 -0.893346 0.35 0.01
-0.893346 0.35 -0.01 -0.891674 0.35 0.01 -0.891674 0.35 -0.01
-0.889998 0.35 0.01 -0.889998 0.35 -0.01 -0.888319 0.35 0.01
-0.888319 0.35 -0.01 -0.886636 0.35 0.01 -0.886636 0.35 -0.01
-0.884949 0.35 0.01 -0.884949 0.35 -0.01 -0.883259 0.35 0.01
-0.883259 0.35 -0.01 -0.881566 0.35 0.01 -0.881566 0.35 -0.01
-0.879868 0.35 0.01 -0.879868 0.35 -0.01 -0.878168 0.35 0.01
-0.878168 0.35 -0.01 -0.876463 0.35 0.01 -0.876463 0.35 -0.01
-0.874755 0.35 0.01 -0.874755 0.35 -0.01 -0.873043 0.35 0.01
-0.873043 0.35 -0.01 -0.871328 0.35 0.01 -0.871328 0.35 -0.01
-0.869609 0.35 0.01 -0.869609 0.35 -0.01 -0.867887 0.35 0.01
-0.867887 0.35 -0.01 -0.866161 0.35 0.01 -0.866161 0.35 -0.01
-0.864431 0.35 0.01 -0.864431 0.35 -0.01 -0.862697 0.35 0.01
-0.862697 0.35 -0.01 -0.86096 0.35 0.01 -0.86096 0.35 -0.01
-0.859219 0.35 0.01 -0.859219 0.35 -0.01 -0.857474 0.35 0.01
-0.857474 0.35 -0.01 -0.855726 0.35 0.01 -0.855726 0.35 -0.01
-0.853974 0.35 0.01 -0.853974 0.35 -0.01 -0.852218 0.35 0.01
-0.852218 0.35 -0.01 -0.850459 0.35 0.01 -0.850459 0.35 -0.01
-0.848696 0.35 0.01 -0.848696 0.35 -0.01 -0.846929 0.35 0.01
-0.846929 0.35 -0.01 -0.845158 0.35 0.01 -0.845158 0.35 -0.01
-0.843384 0.35 0.01 -0.843384 0.35 -0.01 -0.841606 0.35 0.01
-0.841606 0.35 -0.01 -0.839824 0.35 0.01 -0.839824 0.35 -0.01
-0.838038 0.35 0.01 -0.838038 0.35 -0.01 -0.836249 0.35 0.01
-0.836249 0.35 -0.01 -0.834456 0.35 0.01 -0.834456 0.35 -0.01
-0.832658 0.35 0.01 -0.832658 0.35 -0.01 -0.830858 0.35 0.01
-0.830858 0.35 -0.01 -0.829053 0.35 0.01 -0.829053 0.35 -0.01
-0.827244 0.35 0.01 -0.827244 0.35 -0.01 -0.825432 0.35 0.01
-0.825432 0.35 -0.01 -0.823616 0.35 0.01 -0.823616 0.35 -0.01
-0.821796 0.35 0.01 -0.821796 0.35 -0.01 -0.819972 0.35 0.01
-0.819972 0.35 -0.01 -0.818144 0.35 0.01 -0.818144 0.35 -0.01
-0.816313 0.35 0.01 -0.816313 0.35 -0.01 -0.814477 0.35 0.01
-0.814477 0.35 -0.01 -0.812638 0.35 0.01 -0.812638 0.35 -0.01
-0.810794 0.35 0.01 -0.810794 0.35 -0.01 -0.808947 0.35 0.01
-0.808947 0.35 -0.01 -0.807096 0.35 0.01 -0.807096 0.35 -0.01
-0.805241 0.35 0.01 -0.805241 0.35 -0.01 -0.803382 0.35 0.01
-0.803382 0.35 -0.01 -0.801519 0.35 0.01 -0.801519 0.35 -0.01
-0.799652 0.35 0.01 -0.799652 0.35 -0.01 -0.797782 0.35 0.01
-0.797782 0.35 -0.01 -0.795907 0.35 0.01 -0.795907 0.35 -0.01
-0.794028 0.35 0.01 -0.794028 0.35 -0.01 -0.792145 0.35 0.01
-0.792145 0.35 -0.01 -0.790259 0.35 0.01 -0.790259 0.35 -0.01
-0.788368 0.35 0.01 -0.788368 0.35 -0.01 -0.786473 0.35 0.01
-0.786473 0.35 -0.01 -0.784574 0.35 0.01 -0.784574 0.35 -0.01
-0.782672 0.35 0.01 -0.782672 0.35 -0.01 -0.780765 0.35 0.01
-0.780765 0.35 -0.01 -0.778854 0.35 0.01 -0.778854 0.35 -0.01
-0.776939 0.35 0.01 -0.776939 0.35 -0.01 -0.77502 0.35 0.01
-0.77502 0.35 -0.01 -0.773097 0.35 0.01 -0.773097 0.35 -0.01
-0.77117 0.35 0.01 -0.77117 0.35 -0.01 -0.769239 0.35 0.01
-0.769239 0.35 -0.01 -0.767304 0.35 0.01 -0.767304 0.35 -0.01
-0.765364 0.35 0.01 -0.765364 0.35 -0.01 -0.763421 0.35 0.01
-0.763421 0.35 -0.01 -0.761473 0.35 0.01 -0.761473 0.35 -0.01
-0.759522 0.35 0.01 -0.759522 0.35 -0.01 -0.757566 0.35 0.01
-0.757566 0.35 -0.01 -0.755606 0.35 0.01 -0.755606 0.35 -0.01
-0.753642 0.35 0.01 -0.753642 0.35 -0.01 -0.751673 0.35 0.01
-0.751673 0.35 -0.01 -0.749701 0.35 0.01 -0.749701 0.35 -0.01
-0.747724 0.35 0.01 -0.747724 0.35 -0.01 -0.745743 0.35 0.01
-0.745743 0.35 -0.01 -0.743758 0.35 0.01 -0.743758 0.35 -0.01
-0.741769 0.35 0.01 -0.741769 0.35 -0.01 -0.739776 0.35 0.01
-0.739776 0.35 -0.01 -0.737778 0.35 0.01 -0.737778 0.35 -0.01
-0.735776 0.35 0.01 -0.735776 0.35 -0.01 -0.73377 0.35 0.01
-0.73377 0.35 -0.01 -0.731759 0.35 0.01 -0.731759 0.35 -0.01
-0.729745 0.35 0.01 -0.729745 0.35 -0.01 -0.727726 0.35 0.01
-0.727726 0.35 -0.01 -0.725703 0.35 0.01 -0.725703 0.35 -0.01
-0.723675 0.35 0.01 -0.723675 0.35 -0.01 -0.721643 0.35 0.01
-0.721643 0.35 -0.01 -0.719607 0.35 0.01 -0.719607 0.35 -0.01
-0.717567 0.35 0.01 -0.717567 0.35 -0.01 -0.715522 0.35 0.01
-0.715522 0.35 -0.01 -0.713473 0.35 0.01 -0.713473 0.35 -0.01
-0.71142 0.35 0.01 -0.71142 0.35 -0.01 -0.709362 0.35 0.01
-0.709362 0.35 -0.01 -0.7073 0.35 0.01 -0.7073 0.35 -0.01
-0.705233 0.35 0.01 -0.705233 0.35 -0.01 -0.703162 0.35 0.01
-0.703162 0.35 -0.01 -0.701087 0.35 0.01 -0.701087 0.35 -0.01
-0.699007 0.35 0.01 -0.699007 0.35 -0.01 -0.696923 0.35 0.01
-0.696923 0.35 -0.01 -0.694835 0.35 0.01 -0.694835 0.35 -0.01
-0.692742 0.35 0.01 -0.692742 0.35 -0.01 -0.690644 0.35 0.01
-0.690644 0.35 -0.01 -0.688543 0.35 0.01 -0.688543 0.35 -0.01
-0.686436 0.35 0.01 -0.686436 0.35 -0.01 -0.684326 0.35 0.01
-0.684326 0.35 -0.01 -0.682211 0.35 0.01 -0.682211 0.35 -0.01
-0.680091 0.35 0.01 -0.680091 0.35 -0.01 -0.677967 0.35 0.01
-0.677967 0.35 -0.01 -0.675838 0.35 0.01 -0.675838 0.35 -0.01
-0.673705 0.35 0.01 -0.673705 0.35 -0.01 -0.671567 0.35 0.01
-0.671567 0.35 -0.01 -0.669425 0.35 0.01 -0.669425 0.35 -0.01
-0.667278 0.35 0.01 -0.667278 0.35 -0.01 -0.665127 0.35 0.01
-0.665127 0.35 -0.01 -0.662971 0.35 0.01 -0.662971 0.35 -0.01
-0.660811 0.35 0.01 -0.660811 0.35 -0.01 -0.658646 0.35 0.01
-0.658646 0.35 -0.01 -0.656476 0.35 0.01 -0.656476 0.35 -0.01
-0.654302 0.35 0.01 -0.654302 0.35 -0.01 -0.652123 0.35 0.01
-0.652123 0.35 -0.01 -0.649939 0.35 0.01 -0.649939 0.35 -0.01
-0.647751 0.35 0.01 -0.647751 0.35 -0.01 -0.645559 0.35 0.01
-0.645559 0.35 -0.01 -0.643361 0.35 0.01 -0.643361 0.35 -0.01
-0.641159 0.35 0.01 -0.641159 0.35 -0.01 -0.638953 0.35 0.01
-0.638953 0.35 -0.01 -0.636741 0.35 0.01 -0.636741 0.35 -0.01
-0.634525 0.35 0.01 -0.634525 0.35 -0.01 -0.632305 0.35 0.01
-0.632305 0.35 -0.01 -0.630079 0.35 0.01 -0.630079 0.35 -0.01
-0.627849 0.35 0.01 -0.627849 0.35 -0.01 -0.625614 0.35 0.01
-0.625614 0.35 -0.01 -0.623375 0.35 0.01 -0.623375 0.35 -0.01
-0.62113 0.35 0.01 -0.62113 0.35 -0.01 -0.618881 0.35 0.01
-0.618881 0.35 -0.01 -0.616627 0.35 0.01 -0.616627 0.35 -0.01
-0.614369 0.35 0.01 -0.614369 0.35 -0.01 -0.612105 0.35 0.01
-0.612105 0.35 -0.01 -0.609837 0.35 0.01 -0.609837 0.35 -0.01
-0.607564 0.35 0.01 -0.607564 0.35 -0.01 -0.605286 0.35 0.01
-0.605286 0.35 -0.01 -0.603004 0.35 0.01 -0.603004 0.35 -0.01
-0.600716 0.35 0.01 -0.600716 0.35 -0.01 -0.598424 0.35 0.01
-0.598424 0.35 -0.01 -0.596126 0.35 0.01 -0.596126 0.35 -0.01
-0.593824 0.35 0.01 -0.593824 0.35 -0.01 -0.591517 0.35 0.01
-0.591517 0.35 -0.01 -0.589206 0.35 0.01 -0.589206 0.35 -0.01
-0.586889 0.35 0.01 -0.586889 0.35 -0.01 -0.584567 0.35 0.01
-0.584567 0.35 -0.01 -0.582241 0.35 0.01 -0.582241 0.35 -0.01
-0.579909 0.35 0.01 -0.579909 0.35 -0.01 -0.577573 0.35 0.01
-0.577573 0.35 -0.01 -0.575231 0.35 0.01 -0.575231 0.35 -0.01
-0.572885 0.35 0.01 -0.572885 0.35 -0.01 -0.570534 0.35 0.01
-0.570534 0.35 -0.01 -0.568177 0.35 0.01 -0.568177 0.35 -0.01
-0.565816 0.35 0.01 -0.565816 0.35 -0.01 -0.56345 0.35 0.01
-0.56345 0.35 -0.01 -0.561078 0.35 0.01 -0.561078 0.35 -0.01
-0.558702 0.35 0.01 -0.558702 0.35 -0.01 -0.55632 0.35 0.01
-0.55632 0.35 -0.01 -0.553934 0.35 0.01 -0.553934 0.35 -0.01
-0.551543 0.35 0.01 -0.551543 0.35 -0.01 -0.549146 0.35 0.01
-0.549146 0.35 -0.01 -0.546744 0.35 0.01 -0.546744 0.35 -0.01
-0.544338 0.35 0.01 -0.544338 0.35 -0.01 -0.541926 0.35 0.01
-0.541926 0.35 -0.01 -0.539509 0.35 0.01 -0.539509 0.35 -0.01
-0.537087 0.35 0.01 -0.537087 0.35 -0.01 -0.53466 0.35 0.01
-0.53466 0.35 -0.01 -0.532227 0.35 0.01 -0.532227 0.35 -0.01
-0.52979 0.35 0.01 -0.52979 0.35 -0.01 -0.527347 0.35 0.01
-0.527347 0.35 -0.01 -0.524899 0.35 0.01 -0.524899 0.35 -0.01
-0.522446 0.35 0.01 -0.522446 0.35 -0.01 -0.519988 0.35 0.01
-0.519988 0.35 -0.01 -0.517525 0.35 0.01 -0.517525 0.35 -0.01
-0.515056 0.35 0.01 -0.515056 0.35 -0.01 -0.512582 0.35 0.01
-0.512582 0.35 -0.01 -0.510103 0.35 0.01 -0.510103 0.35 -0.01
-0.507619 0.35 0.01 -0.507619 0.35 -0.01 -0.505129 0.35 0.01
-0.505129 0.35 -0.01 -0.502634 0.35 0.01 -0.502634 0.35 -0.01
-0.500134 0.35 0.01 -0.500134 0.35 -0.01 -0.497628 0.35 0.01
-0.497628 0.35 -0.01 -0.495118 0.35 0.01 -0.495118 0.35 -0.01
-0.492602 0.35 0.01 -0.492602 0.35 -0.01 -0.49008 0.35 0.01
-0.49008 0.35 -0.01 -0.487553 0.35 0.01 -0.487553 0.35 -0.01
-0.485021 0.35 0.01 -0.485021 0.35 -0.01 -0.482484 0.35 0.01
-0.482484 0.35 -0.01 -0.479941 0.35 0.01 -0.479941 0.35 -0.01
-0.477392 0.35 0.01 -0.477392 0.35 -0.01 -0.474839 0.35 0.01
-0.474839 0.35 -0.01 -0.47228 0.35 0.01 -0.47228 0.35 -0.01
-0.469715 0.35 0.01 -0.469715 0.35 -0.01 -0.467145 0.35 0.01
-0.467145 0.35 -0.01 -0.46457 0.35 0.01 -0.46457 0.35 -0.01
-0.461989 0.35 0.01 -0.461989 0.35 -0.01 -0.459403 0.35 0.01
-0.459403 0.35 -0.01 -0.456811 0.35 0.01 -0.456811 0.35 -0.01
-0.454214 0.35 0.01 -0.454214 0.35 -0.01 -0.451611 0.35 0.01
-0.451611 0.35 -0.01 -0.449002 0.35 0.01 -0.449002 0.35 -0.01
-0.446389 0.35 0.01 -0.446389 0.35 -0.01 -0.443769 0.35 0.01
-0.443769 0.35 -0.01 -0.441144 0.35 0.01 -0.441144 0.35 -0.01
-0.438514 0.35 0.01 -0.438514 0.35 -0.01 -0.435878 0.35 0.01
-0.435878 0.35 -0.01 -0.433236 0.35 0.01 -0.433236 0.35 -0.01
-0.430589 0.35 0.01 -0.430589 0.35 -0.01 -0.427936 0.35 0.01
-0.427936 0.35 -0.01 -0.425277 0.35 0.01 -0.425277 0.35 -0.01
-0.422613 0.35 0.01 -0.422613 0.35 -0.01 -0.419944 0.35 0.01
-0.419944 0.35 -0.01 -0.417268 0.35 0.01 -0.417268 0.35 -0.01
-0.414587 0.35 0.01 -0.414587 0.35 -0.01 -0.4119 0.35 0.01
-0.4119 0.35 -0.01 -0.409208 0.35 0.01 -0.409208 0.35 -0.01
-0.40651 0.35 0.01 -0.40651 0.35 -0.01 -0.403806 0.35 0.01
-0.403806 0.35 -0.01 -0.401096 0.35 0.01 -0.401096 0.35 -0.01
-0.398381 0.35 0.01 -0.398381 0.35 -0.01 -0.39566 0.35 0.01
-0.39566 0.35 -0.01 -0.392933 0.35 0.01 -0.392933 0.35 -0.01
-0.3902 0.35 0.01 -0.3902 0.35 -0.01 -0.387462 0.35 0.01
-0.387462 0.35 -0.01 -0.384717 0.35 0.01 -0.384717 0.35 -0.01
-0.381967 0.35 0.01 -0.381967 0.35 -0.01 -0.379211 0.35 0.01
-0.379211 0.35 -0.01 -0.37645 0.35 0.01 -0.37645 0.35 -0.01
-0.373682 0.35 0.01 -0.373682 0.35 -0.01 -0.370909 0.35 0.01
-0.370909 0.35 -0.01 -0.368129 0.35 0.01 -0.368129 0.35 -0.01
-0.365344 0.35 0.01 -0.365344 0.35 -0.01 -0.362553 0.35 0.01
-0.362553 0.35 -0.01 -0.359756 0.35 0.01 -0.359756 0.35 -0.01
-0.356953 0.35 0.01 -0.356953 0.35 -0.01 -0.354144 0.35 0.01
-0.354144 0.35 -0.01 -0.351329 0.35 0.01 -0.351329 0.35 -0.01
-0.348508 0.35 0.01 -0.348508 0.35 -0.01 -0.345682 0.35 0.01
-0.345682 0.35 -0.01 -0.342849 0.35 0.01 -0.342849 0.35 -0.01
-0.34001 0.35 0.01 -0.34001 0.35 -0.01 -0.337165 0.35 0.01
-0.337165 0.35 -0.01 -0.334314 0.35 0.01 -0.334314 0.35 -0.01
-0.331458 0.35 0.01 -0.331458 0.35 -0.01 -0.328595 0.35 0.01
-0.328595 0.35 -0.01 -0.325726 0.35 0.01 -0.325726 0.35 -0.01
-0.322851 0.35 0.01 -0.322851 0.35 -0.01 -0.319969 0.35 0.01
-0.319969 0.35 -0.01 -0.317082 0.35 0.01 -0.317082 0.35 -0.01
-0.314189 0.35 0.01 -0.314189 0.35 -0.01 -0.311289 0.35 0.01
-0.311289 0.35 -0.01 -0.308384 0.35 0.01 -0.308384 0.35 -0.01
-0.305472 0.35 0.01 -0.305472 0.35 -0.01 -0.302554 0.35 0.01
-0.302554 0.35 -0.01 -0.29963 0.35 0.01 -0.29963 0.35 -0.01
-0.296699 0.35 0.01 -0.296699 0.35 -0.01 -0.293763 0.35 0.01
-0.293763 0.35 -0.01 -0.29082 0.35 0.01 -0.29082 0.35 -0.01
-0.287871 0.35 0.01 -0.287871 0.35 -0.01 -0.284916 0.35 0.01
-0.284916 0.35 -0.01 -0.281954 0.35 0.01 -0.281954 0.35 -0.01
-0.278986 0.35 0.01 -0.278986 0.35 -0.01 -0.276012 0.35 0.01
-0.276012 0.35 -0.01 -0.273032 0.35 0.01 -0.273032 0.35 -0.01
-0.270045 0.35 0.01 -0.270045 0.35 -0.01 -0.267052 0.35 0.01
-0.267052 0.35 -0.01 -0.264052 0.35 0.01 -0.264052 0.35 -0.01
-0.261047 0.35 0.01 -0.261047 0.35 -0.01 -0.258035 0.35 0.01
-0.258035 0.35 -0.01 -0.255016 0.35 0.01 -0.255016 0.35 -0.01
-0.251991 0.35 0.01 -0.251991 0.35 -0.01 -0.24896 0.35 0.01
-0.24896 0.35 -0.01 -0.245922 0.35 0.01 -0.245922 0.35 -0.01
-0.242878 0.35 0.01 -0.242878 0.35 -0.01 -0.239827 0.35 0.01
-0.239827 0.35 -0.01 -0.23677 0.35 0.01 -0.23677 0.35 -0.01
-0.233707 0.35 0.01 -0.233707 0.35 -0.01 -0.230637 0.35 0.01
-0.230637 0.35 -0.01 -0.22756 0.35 0.01 -0.22756 0.35 -0.01
-0.224477 0.35 0.01 -0.224477 0.35 -0.01 -0.221387 0.35 0.01
-0.221387 0.35 -0.01 -0.218291 0.35 0.01 -0.218291 0.35 -0.01
-0.215188 0.35 0.01 -0.215188 0.35 -0.01 -0.212079 0.35 0.01
-0.212079 0.35 -0.01 -0.208963 0.35 0.01 -0.208963 0.35 -0.01
-0.205841 0.35 0.01 -0.205841 0.35 -0.01 -0.202712 0.35 0.01
-0.202712 0.35 -0.01 -0.199576 0.35 0.01 -0.199576 0.35 -0.01
-0.196433 0.35 0.01 -0.196433 0.35 -0.01 -0.193284 0.35 0.01
-0.193284 0.35 -0.01 -0.190129 0.35 0.01 -0.190129 0.35 -0.01
-0.186966 0.35 0.01 -0.186966 0.35 -0.01 -0.183797 0.35 0.01
-0.183797 0.35 -0.01 -0.180621 0.35 0.01 -0.180621 0.35 -0.01
-0.177439 0.35 0.01 -0.177439 0.35 -0.01 -0.17425 0.35 0.01
-0.17425 0.35 -0.01 -0.171053 0.35 0.01 -0.171053 0.35 -0.01
-0.167851 0.35 0.01 -0.167851 0.35 -0.01 -0.164641 0.35 0.01
-0.164641 0.35 -0.01 -0.161425 0.35 0.01 -0.161425 0.35 -0.01
-0.158201 0.35 0.01 -0.158201 0.35 -0.01 -0.154971 0.35 0.01
-0.154971 0.35 -0.01 -0.151734 0.35 0.01 -0.151734 0.35 -0.01
-0.148491 0.35 0.01 -0.148491 0.35 -0.01 -0.14524 0.35 0.01
-0.14524 0.35 -0.01 -0.141982 0.35 0.01 -0.141982 0.35 -0.01
-0.138718 0.35 0.01 -0.138718 0.35 -0.01 -0.135447 0.35 0.01
-0.135447 0.35 -0.01 -0.132168 0.35 0.01 -0.132168 0.35 -0.01
-0.128883 0.35 0.01 -0.128883 0.35 -0.01 -0.125591 0.35 0.01
-0.125591 0.35 -0.01 -0.122292 0.35 0.01 -0.122292 0.35 -0.01
-0.118986 0.35 0.01 -0.118986 0.35 -0.01 -0.115673 0.35 0.01
-0.115673 0.35 -0.01 -0.112352 0.35 0.01 -0.112352 0.35 -0.01
-0.109025 0.35 0.01 -0.109025 0.35 -0.01 -0.105691 0.35 0.01
-0.105691 0.35 -0.01 -0.10235 0.35 0.01 -0.10235 0.35 -0.01
-0.0990012 0.35 0.01 -0.0990012 0.35 -0.01 -0.0956457 0.35 0.01
-0.0956457 0.35 -0.01 -0.092283 0.35 0.01 -0.092283 0.35 -0.01
-0.0889133 0.35 0.01 -0.0889133 0.35 -0.01 -0.0855364 0.35 0.01
-0.0855364 0.35 -0.01 -0.0821524 0.35 0.01 -0.0821524 0.35 -0.01
-0.0787612 0.35 0.01 -0.0787612 0.35 -0.01 -0.0753628 0.35 0.01
-0.0753628 0.35 -0.01 -0.0719572 0.35 0.01 -0.0719572 0.35 -0.01
-0.0685444 0.35 0.01 -0.0685444 0.35 -0.01 -0.0651243 0.35 0.01
-0.0651243 0.35 -0.01 -0.061697 0.35 0.01 -0.061697 0.35 -0.01
-0.0582625 0.35 0.01 -0.0582625 0.35 -0.01 -0.0548206 0.35 0.01
-0.0548206 0.35 -0.01 -0.0513715 0.35 0.01 -0.0513715 0.35 -0.01
-0.0479151 0.35 0.01 -0.0479151 0.35 -0.01 -0.0444513 0.35 0.01
-0.0444513 0.35 -0.01 -0.0409802 0.35 0.01 -0.0409802 0.35 -0.01
-0.0375018 0.35 0.01 -0.0375018 0.35 -0.01 -0.0340159 0.35 0.01
-0.0340159 0.35 -0.01 -0.0305227 0.35 0.01 -0.0305227 0.35 -0.01
-0.0270221 0.35 0.01 -0.0270221 0.35 -0.01 -0.0235141 0.35 0.01
-0.0235141 0.35 -0.01 -0.0199986 0.35 0.01 -0.0199986 0.35 -0.01
-0.0164757 0.35 0.01 -0.0164757 0.35 -0.01 -0.0129453 0.35 0.01
-0.0129453 0.35 -0.01 -0.00940746 0.35 0.01 -0.00940746 0.35 -0.01
-0.0058621 0.35 0.01 -0.0058621 0.35 -0.01 -0.00230923 0.35 0.01
-0.00230923 0.35 -0.01 0.00125117 0.35 0.01 0.00125117 0.35 -0.01
0.00481911 0.35 0.01 0.00481911 0.35 -0.01 0.00839462 0.35 0.01
0.00839462 0.35 -0.01 0.0119777 0.35 0.01 0.0119777 0.35 -0.01
0.0155684 0.35 0.01 0.0155684 0.35 -0.01 0.0191667 0.35 0.01
0.0191667 0.35 -0.01 0.0227726 0.35 0.01 0.0227726 0.35 -0.01
0.0263861 0.35 0.01 0.0263861 0.35 -0.01 0.0300073 0.35 0.01
0.0300073 0.35 -0.01 0.0336362 0.35 0.01 0.0336362 0.35 -0.01
0.0372728 0.35 0.01 0.0372728 0.35 -0.01 0.040917 0.35 0.01
0.040917 0.35 -0.01 0.044569 0.35 0.01 0.044569 0.35 -0.01
0.0482288 0.35 0.01 0.0482288 0.35 -0.01 0.0518963 0.35 0.01
0.0518963 0.35 -0.01 0.0555715 0.35 0.01 0.0555715 0.35 -0.01
0.0592546 0.35 0.01 0.0592546 0.35 -0.01 0.0629454 0.35 0.01
0.0629454 0.35 -0.01 0.0666441 0.35 0.01 0.0666441 0.35 -0.01
0.0703506 0.35 0.01 0.0703506 0.35 -0.01 0.074065 0.35 0.01
0.074065 0.35 -0.01 0.0777872 0.35 0.01 0.0777872 0.35 -0.01
0.0815174 0.35 0.01 0.0815174 0.35 -0.01 0.0852554 0.35 0.01
0.0852554 0.35 -0.01 0.0890013 0.35 0.01 0.0890013 0.35 -0.01
0.0927552 0.35 0.01 0.0927552 0.35 -0.01 0.0965171 0.35 0.01
0.0965171 0.35 -0.01 0.100287 0.35 0.01 0.100287 0.35 -0.01
0.104065 0.35 0.01 0.104065 0.35 -0.01 0.10785 0.35 0.01
0.10785 0.35 -0.01 0.111644 0.35 0.01 0.111644 0.35 -0.01
0.115446 0.35 0.01 0.115446 0.35 -0.01 0.119256 0.35 0.01
0.119256 0.35 -0.01 0.123074 0.35 0.01 0.123074 0.35 -0.01
0.1269 0.35 0.01 0.1269 0.35 -0.01 0.130734 0.35 0.01
0.130734 0.35 -0.01 0.134577 0.35 0.01 0.134577 0.35 -0.01
0.138427 0.35 0.01 0.138427 0.35 -0.01 0.142286 0.35 0.01
0.142286 0.35 -0.01 0.146153 0.35 0.01 0.146153 0.35 -0.01
0.150028 0.35 0.01 0.150028 0.35 -0.01 0.153911 0.35 0.01
0.153911 0.35 -0.01 0.157802 0.35 0.01 0.157802 0.35 -0.01
0.161702 0.35 0.01 0.161702 0.35 -0.01 0.16561 0.35 0.01
0.16561 0.35 -0.01 0.169526 0.35 0.01 0.169526 0.35 -0.01
0.173451 0.35 0.01 0.173451 0.35 -0.01 0.177383 0.35 0.01
0.177383 0.35 -0.01 0.181325 0.35 0.01 0.181325 0.35 -0.01
0.185274 0.35 0.01 0.185274 0.35 -0.01 0.189232 0.35 0.01
0.189232 0.35 -0.01 0.193198 0.35 0.01 0.193198 0.35 -0.01
0.197173 0.35 0.01 0.197173 0.35 -0.01 0.201156 0.35 0.01
0.201156 0.35 -0.01 0.205148 0.35 0.01 0.205148 0.35 -0.01
0.209148 0.35 0.01 0.209148 0.35 -0.01 0.213156 0.35 0.01
0.213156 0.35 -0.01 0.217173 0.35 0.01 0.217173 0.35 -0.01
0.221199 0.35 0.01 0.221199 0.35 -0.01 0.225233 0.35 0.01
0.225233 0.35 -0.01 0.229275 0.35 0.01 0.229275 0.35 -0.01
0.233326 0.35 0.01 0.233326 0.35 -0.01 0.237386 0.35 0.01
0.237386 0.35 -0.01 0.241454 0.35 0.01 0.241454 0.35 -0.01
0.245531 0.35 0.01 0.245531 0.35 -0.01 0.249617 0.35 0.01
0.249617 0.35 -0.01 0.253711 0.35 0.01 0.253711 0.35 -0.01
0.257814 0.35 0.01 0.257814 0.35 -0.01 0.261926 0.35 0.01
0.261926 0.35 -0.01 0.266046 0.35 0.01 0.266046 0.35 -0.01
0.270175 0.35 0.01 0.270175 0.35 -0.01 0.274313 0.35 0.01
0.274313 0.35 -0.01 0.278459 0.35 0.01 0.278459 0.35 -0.01
0.282615 0.35 0.01 0.282615 0.35 -0.01 0.286779 0.35 0.01
0.286779 0.35 -0.01 0.290952 0.35 0.01 0.290952 0.35 -0.01
0.295134 0.35 0.01 0.295134 0.35 -0.01 0.299324 0.35 0.01
0.299324 0.35 -0.01 0.303524 0.35 0.01 0.303524 0.35 -0.01
0.307732 0.35 0.01 0.307732 0.35 -0.01 0.31195 0.35 0.01
0.31195 0.35 -0.01 0.316176 0.35 0.01 0.316176 0.35 -0.01
0.320411 0.35 0.01 0.320411 0.35 -0.01 0.324656 0.35 0.01
0.324656 0.35 -0.01 0.328909 0.35 0.01 0.328909 0.35 -0.01
0.333171 0.35 0.01 0.333171 0.35 -0.01 0.337443 0.35 0.01
0.337443 0.35 -0.01 0.341723 0.35 0.01 0.341723 0.35 -0.01
0.346012 0.35 0.01 0.346012 0.35 -0.01 0.350311 0.35 0.01
0.350311 0.35 -0.01 0.354618 0.35 0.01 0.354618 0.35 -0.01
0.358935 0.35 0.01 0.358935 0.35 -0.01 0.363261 0.35 0.01
0.363261 0.35 -0.01 0.367596 0.35 0.01 0.367596 0.35 -0.01
0.37194 0.35 0.01 0.37194 0.35 -0.01 0.376294 0.35 0.01
0.376294 0.35 -0.01 0.380656 0.35 0.01 0.380656 0.35 -0.01
0.385028 0.35 0.01 0.385028 0.35 -0.01 0.38941 0.35 0.01
0.38941 0.35 -0.01 0.3938 0.35 0.01 0.3938 0.35 -0.01
0.3982 0.35 0.01 0.3982 0.35 -0.01 0.402609 0.35 0.01
0.402609 0.35 -0.01 0.407027 0.35 0.01 0.407027 0.35 -0.01
0.411455 0.35 0.01 0.411455 0.35 -0.01 0.415892 0.35 0.01
0.415892 0.35 -0.01 0.420339 0.35 0.01 0.420339 0.35 -0.01
0.424795 0.35 0.01 0.424795 0.35 -0.01 0.42926 0.35 0.01
0.42926 0.35 -0.01 0.433735 0.35 0.01 0.433735 0.35 -0.01
0.43822 0.35 0.01 0.43822 0.35 -0.01 0.442713 0.35 0.01
0.442713 0.35 -0.01 0.447217 0.35 0.01 0.447217 0.35 -0.01
0.45173 0.35 0.01 0.45173 0.35 -0.01 0.456252 0.35 0.01
0.456252 0.35 -0.01 0.460784 0.35 0.01 0.460784 0.35 -0.01
0.465326 0.35 0.01 0.465326 0.35 -0.01 0.469878 0.35 0.01
0.469878 0.35 -0.01 0.474438 0.35 0.01 0.474438 0.35 -0.01
0.479009 0.35 0.01 0.479009 0.35 -0.01 0.483589 0.35 0.01
0.483589 0.35 -0.01 0.488179 0.35 0.01 0.488179 0.35 -0.01
0.492779 0.35 0.01 0.492779 0.35 -0.01 0.497389 0.35 0.01
0.497389 0.35 -0.01 0.502008 0.35 0.01 0.502008 0.35 -0.01
0.506637 0.35 0.01 0.506637 0.35 -0.01 0.511276 0.35 0.01
0.511276 0.35 -0.01 0.515925 0.35 0.01 0.515925 0.35 -0.01
0.520583 0.35 0.01 0.520583 0.35 -0.01 0.525252 0.35 0.01
0.525252 0.35 -0.01 0.52993 0.35 0.01 0.52993 0.35 -0.01
0.534618 0.35 0.01 0.534618 0.35 -0.01 0.539316 0.35 0.01
0.539316 0.35 -0.01 0.544024 0.35 0.01 0.544024 0.35 -0.01
0.548743 0.35 0.01 0.548743 0.35 -0.01 0.553471 0.35 0.01
0.553471 0.35 -0.01 0.558209 0.35 0.01 0.558209 0.35 -0.01
0.562957 0.35 0.01 0.562957 0.35 -0.01 0.567715 0.35 0.01
0.567715 0.35 -0.01 0.572483 0.35 0.01 0.572483 0.35 -0.01
0.577262 0.35 0.01 0.577262 0.35 -0.01 0.58205 0.35 0.01
0.58205 0.35 -0.01 0.586849 0.35 0.01 0.586849 0.35 -0.01
0.591658 0.35 0.01 0.591658 0.35 -0.01 0.596477 0.35 0.01
0.596477 0.35 -0.01 0.601306 0.35 0.01 0.601306 0.35 -0.01
0.606146 0.35 0.01 0.606146 0.35 -0.01 0.610995 0.35 0.01
0.610995 0.35 -0.01 0.615855 0.35 0.01 0.615855 0.35 -0.01
0.620726 0.35 0.01 0.620726 0.35 -0.01 0.625606 0.35 0.01
0.625606 0.35 -0.01 0.630497 0.35 0.01 0.630497 0.35 -0.01
0.635399 0.35 0.01 0.635399 0.35 -0.01 0.64031 0.35 0.01
0.64031 0.35 -0.01 0.645232 0.35 0.01 0.645232 0.35 -0.01
0.650165 0.35 0.01 0.650165 0.35 -0.01 0.655108 0.35 0.01
0.655108 0.35 -0.01 0.660062 0.35 0.01 0.660062 0.35 -0.01
0.665025 0.35 0.01 0.665025 0.35 -0.01 0.67 0.35 0.01
0.67 0.35 -0.01
        </DataArray>
      </Points>
      <Polys>
        <DataArray type='Int32' Name='connectivity' format='ascii'>
0 1 2 3 3 2 4 5 5
4 6 7 7 6 8 9 9 8
10 11 11 10 12 13 13 12 14
15 15 14 16 17 17 16 18 19
19 18 20 21 21 20 22 23 23
22 24 25 25 24 26 27 27 26
28 29 29 28 30 31 31 30 32
33 33 32 34 35 35 34 36 37
37 36 38 39 39 38 40 41 41
40 42 43 43 42 44 45 45 44
46 47 47 46 48 49 49 48 50
51 51 50 52 53 53 52 54 55
55 54 56 57 57 56 58 59 59
58 60 61 61 60 62 63 63 62
64 65 65 64 66 67 67 66 68
69 69 68 70 71 71 70 72 73
73 72 74 75 75 74 76 77 77
76 78 79 79 78 80 81 81 80
82 83 83 82 84 85 85 84 86
87 87 86 88 89 89 88 90 91
91 90 92 93 93 92 94 95 95
94 96 97 97 96 98 99 99 98
100 101 101 100 102 103 103 102 104
105 105 104 106 107 107 106 108 109
109 108 110 111 111 110 112 113 113
112 114 115 115 114 116 117 117 116
118 119 119 118 120 121 121 120 122
123 123 122 124 125 125 124 126 127
127 126 128 129 129 128 130 131 131
130 132 133 133 132 134 135 135 134
136 137 137 136 138 139 139 138 140
141 141 140 142 143 143 142 144 145
145 144 146 147 147 146 148 149 149
148 150 151 151 150 152 153 153 152
154 155 155 154 156 157 157 156 158
159 159 158 160 161 161 160 162 163
163 162 164 165 165 164 166 167 167
166 168 169 169 168 170 171 171 170
172 173 173 172 174 175 175 174 176
177 177 176 178 179 179 178 180 181
181 180 182 183 183 182 184 185 185
184 186 187 187 186 188 189 189 188
190 191 191 190 192 193 193 192 194
195 195 194 196 197 197 196 198 199
199 198 200 201 201 200 202 203 203
202 204 205 205 204 206 207 207 206
208 209 209 208 210 211 211 210 212
213 213 212 214 215 215 214 216 217
217 216 218 219 219 218 220 221 221
220 222 223 223 222 224 225 225 224
226 227 227 226 228 229 229 228 230
231 231 230 232 233 233 232 234 235
235 234 236 237 237 236 238 239 239
238 240 241 241 240 242 243 243 242
244 245 245 244 246 247 247 246 248
249 249 248 250 251 251 250 252 253
253 252 254 255 255 254 256 257 257
256 258 259 259 258 260 261 261 260
262 263 263 262 264 265 265 264 266
267 267 266 268 269 269 268 270 271
271 270 272 273 273 272 274 275 275
274 276 277 277 276 278 279 279 278
280 281 281 280 282 283 283 282 284
285 285 284 286 287 287 286 288 289
289 288 290 291 291 290 292 293 293
292 294 295 295 294 296 297 297 296
298 299 299 298 300 301 301 300 302
303 303 302 304 305 305 304 306 307
307 306 308 309 309 308 310 311 311
310 312 313 313 312 314 315 315 314
316 317 317 316 318 319 319 318 320
321 321 320 322 323 323 322 324 325
325 324 326 327 327 326 328 329 329
328 330 331 331 330 332 333 333 332
334 335 335 334 336 337 337 336 338
339 339 338 340 341 341 340 342 343
343 342 344 345 345 344 346 347 347
346 348 349 349 348 350 351 351 350
352 353 353 352 354 355 355 354 356
357 357 356 358 359 359 358 360 361
361 360 362 363 363 362 364 365 365
364 366 367 367 366 368 369 369 368
370 371 371 370 372 373 373 372 374
375 375 374 376 377 377 376 378 379
379 378 380 381 381 380 382 383 383
382 384 385 385 384 386 387 387 386
388 389 389 388 390 391 391 390 392
393 393 392 394 395 395 394 396 397
397 396 398 399 399 398 400 401 401
400 402 403 403 402 404 405 405 404
406 407 407 406 408 409 409 408 410
411 411 410 412 413 413 412 414 415
415 414 416 417 417 416 418 419 419
418 420 421 421 420 422 423 423 422
424 425 425 424 426 427 427 426 428
429 429 428 430 431 431 430 432 433
433 432 434 435 435 434 436 437 437
436 438 439 439 438 440 441 441 440
442 443 443 442 444 445 445 444 446
447 447 446 448 449 449 448 450 451
451 450 452 453 453 452 454 455 455
454 456 457 457 456 458 459 459 458
460 461 461 460 462 463 463 462 464
465 465 464 466 467 467 466 468 469
469 468 470 471 471 470 472 473 473
472 474 475 475 474 476 477 477 476
478 479 479 478 480 481 481 480 482
483 483 482 484 485 485 484 486 487
487 486 488 489 489 488 490 491 491
490 492 493 493 492 494 495 495 494
496 497 497 496 498 499 499 498 500
501 501 500 502 503 503 502 504 505
505 504 506 507 507 506 508 509 509
508 510 511 511 510 512 513 513 512
514 515 515 514 516 517 517 516 518
519 519 518 520 521 521 520 522 523
523 522 524 525 525 524 526 527 527
526 528 529 529 528 530 531 531 530
532 533 533 532 534 535 535 534 536
537 537 536 538 539 539 538 540 541
541 540 542 543 543 542 544 545 545
544 546 547 547 546 548 549 549 548
550 551 551 550 552 553 553 552 554
555 555 554 556 557 557 556 558 559
559 558 560 561 561 560 562 563 563
562 564 565 565 564 566 567 567 566
568 569 569 568 570 571 571 570 572
573 573 572 574 575 575 574 576 577
577 576 578 579 579 578 580 581 581
580 582 583 583 582 584 585 585 584
586 587 587 586 588 589 589 588 590
591 591 590 592 593 593 592 594 595
595 594 596 597 597 596 598 599 599
598 600 601 601 600 602 603 603 602
604 605 605 604 606 607 607 606 608
609 609 608 610 611 611 610 612 613
613 612 614 615 615 614 616 617 617
616 618 619 619 618 620 621 621 620
622 623 623 622 624 625 625 624 626
627 627 626 628 629 629 628 630 631
631 630 632 633 633 632 634 635 635
634 636 637 637 636 638 639 639 638
640 641 641 640 642 643 643 642 644
645 645 644 646 647 647 646 648 649
649 648 650 651 651 650 652 653 653
652 654 655 655 654 656 657 657 656
658 659 659 658 660 661 661 660 662
663 663 662 664 665 665 664 666 667
667 666 668 669 669 668 670 671 671
670 672 673 673 672 674 675 675 674
676 677 677 676 678 679 679 678 680
681 681 680 682 683 683 682 684 685
685 684 686 687 687 686 688 689 689
688 690 691 691 690 692 693 693 692
694 695 695 694 696 697 697 696 698
699 699 698 700 701 701 700 702 703
703 702 704 705 705 704 706 707 707
706 708 709 709 708 710 711 711 710
712 713 713 712 714 715 715 714 716
717 717 716 718 719 719 718 720 721
721 720 722 723 723 722 724 725 725
724 726 727 727 726 728 729 729 728
730 731 731 730 732 733 733 732 734
735 735 734 736 737 737 736 738 739
739 738 740 741 741 740 742 743 743
742 744 745 745 744 746 747 747 746
748 749 749 748 750 751 751 750 752
753 753 752 754 755 755 754 756 757
757 756 758 759 759 758 760 761 761
760 762 763 763 762 764 765 765 764
766 767 767 766 768 769 769 768 770
771 771 770 772 773 773 772 774 775
775 774 776 777 777 776 778 779 779
778 780 781 781 780 782 783 783 782
784 785 785 784 786 787 787 786 788
789 789 788 790 791 791 790 792 793
793 792 794 795 795 794 796 797 797
796 798 799 799 798 800 801 801 800
802 803 803 802 804 805 805 804 806
807 807 806 808 809 809 808 810 811
811 810 812 813 813 812 814 815 815
814 816 817 817 816 818 819 819 818
820 821 821 820 822 823 823 822 824
825 825 824 826 827 827 826 828 829
829 828 830 831 831 830 832 833 833
832 834 835 835 834 836 837 837 836
838 839 839 838 840 841 841 840 842
843 843 842 844 845 845 844 846 847
847 846 848 849 849 848 850 851 851
850 852 853 853 852 854 855 855 854
856 857 857 856 858 859 859 858 860
861 861 860 862 863 863 862 864 865
865 864 866 867 867 866 868 869 869
868 870 871 871 870 872 873 873 872
874 875 875 874 876 877 877 876 878
879 879 878 880 881 881 880 882 883
883 882 884 885 885 884 886 887 887
886 888 889 889 888 890 891 891 890
892 893 893 892 894 895 895 894 896
897 897 896 898 899 899 898 900 901
901 900 902 903 903 902 904 905 905
904 906 907 907 906 908 909 909 908
910 911 911 910 912 913 913 912 914
915 915 914 916 917 917 916 918 919
919 918 920 921 921 920 922 923 923
922 924 925 925 924 926 927 927 926
928 929 929 928 930 931 931 930 932
933 933 932 934 935 935 934 936 937
937 936 938 939 939 938 940 941 941
940 942 943 943 942 944 945 945 944
946 947 947 946 948 949 949 948 950
951 951 950 952 953 953 952 954 955
955 954 956 957 957 956 958 959 959
958 960 961 961 960 962 963 963 962
964 965 965 964 966 967 967 966 968
969 969 968 970 971 971 970 972 973
973 972 974 975 975 974 976 977 977
976 978 979 979 978 980 981 981 980
982 983 983 982 984 985 985 984 986
987 987 986 988 989 989 988 990 991
991 990 992 993 993 992 994 995 995
994 996 997 997 996 998 999 999 998
1000 1001 1001 1000 1002 1003 1003 1002 1004
1005 1005 1004 1006 1007 1007 1006 1008 1009
1009 1008 1010 1011 1011 1010 1012 1013 1013
1012 1014 1015 1015 1014 1016 1017 1017 1016
1018 1019 1019 1018 1020 1021 1021 1020 1022
1023 1023 1022 1024 1025 1025 1024 1026 1027
1027 1026 1028 1029 1029 1028 1030 1031 1031
1030 1032 1033 1033 1032 1034 1035 1035 1034
1036 1037 1037 1036 1038 1039 1039 1038 1040
1041
        </DataArray>
        <DataArray type='Int32' Name='offsets' format='ascii'>
4 8 12 16 20 24 28 32 36
40 44 48 52 56 60 64 68 72
76 80 84 88 92 96 100 104 108
112 116 120 124 128 132 136 140 144
148 152 156 160 164 168 172 176 180
184 188 192 196 200 204 208 212 216
220 224 228 232 236 240 244 248 252
256 260 264 268 272 276 280 284 288
292 296 300 304 308 312 316 320 324
328 332 336 340 344 348 352 356 360
364 368 372 376 380 384 388 392 396
400 404 408 412 416 420 424 428 432
436 440 444 448 452 456 460 464 468
472 476 480 484 488 492 496 500 504
508 512 516 520 524 528 532 536 540
544 548 552 556 560 564 568 572 576
580 584 588 592 596 600 604 608 612
616 620 624 628 632 636 640 644 648
652 656 660 664 668 672 676 680 684
688 692 696 700 704 708 712 716 720
724 728 732 736 740 744 748 752 756
760 764 768 772 776 780 784 788 792
796 800 804 808 812 816 820 824 828
832 836 840 844 848 852 856 860 864
868 872 876 880 884 888 892 896 900
904 908 912 916 920 924 928 932 936
940 944 948 952 956 960 964 968 972
976 980 984 988 992 996 1000 1004 1008
1012 1016 1020 1024 1028 1032 1036 1040 1044
1048 1052 1056 1060 1064 1068 1072 1076 1080
1084 1088 1092 1096 1100 1104 1108 1112 1116
1120 1124 1128 1132 1136 1140 1144 1148 1152
1156 1160 1164 1168 1172 1176 1180 1184 1188
1192 1196 1200 1204 1208 1212 1216 1220 1224
1228 1232 1236 1240 1244 1248 1252 1256 1260
1264 1268 1272 1276 1280 1284 1288 1292 1296
1300 1304 1308 1312 1316 1320 1324 1328 1332
1336 1340 1344 1348 1352 1356 1360 1364 1368
1372 1376 1380 1384 1388 1392 1396 1400 1404
1408 1412 1416 1420 1424 1428 1432 1436 1440
1444 1448 1452 1456 1460 1464 1468 1472 1476
1480 1484 1488 1492 1496 1500 1504 1508 1512
1516 1520 1524 1528 1532 1536 1540 1544 1548
1552 1556 1560 1564 1568 1572 1576 1580 1584
1588 1592 1596 1600 1604 1608 1612 1616 1620
1624 1628 1632 1636 1640 1644 1648 1652 1656
1660 1664 1668 1672 1676 1680 1684 1688 1692
1696 1700 1704 1708 1712 1716 1720 1724 1728
1732 1736 1740 1744 1748 1752 1756 1760 1764
1768 1772 1776 1780 1784 1788 1792 1796 1800
1804 1808 1812 1816 1820 1824 1828 1832 1836
1840 1844 1848 1852 1856 1860 1864 1868 1872
1876 1880 1884 1888 1892 1896 1900 1904 1908
1912 1916 1920 1924 1928 1932 1936 1940 1944
1948 1952 1956 1960 1964 1968 1972 1976 1980
1984 1988 1992 1996 2000 2004 2008 2012 2016
2020 2024 2028 2032 2036 2040 2044 2048 2052
2056 2060 2064 2068 2072 2076 2080
        </DataArray>
      </Polys>
      <CellData>
        <DataArray type='Float32' Name='k' format='ascii'>
0.179333 0.179089 0.178845 0.1786 0.178356 0.178113 0.177869 0.177625 0.177382
0.177139 0.176896 0.176652 0.176409 0.176167 0.175924 0.175681 0.175438 0.175196
0.174954 0.174711 0.174469 0.174227 0.173985 0.173743 0.173501 0.17326 0.173018
0.172777 0.172535 0.172294 0.172053 0.171812 0.171571 0.17133 0.17109 0.170849
0.170609 0.170368 0.170128 0.169888 0.169648 0.169408 0.169168 0.168929 0.168689
0.16845 0.16821 0.167971 0.167732 0.167493 0.167254 0.167016 0.166777 0.166539
0.1663 0.166062 0.165824 0.165586 0.165348 0.16511 0.164873 0.164635 0.164398
0.164161 0.163924 0.163687 0.16345 0.163213 0.162977 0.162741 0.162504 0.162268
0.162032 0.161796 0.161561 0.161325 0.16109 0.160854 0.160619 0.160385 0.16015
0.159915 0.159681 0.159447 0.159213 0.15898 0.158746 0.158513 0.158281 0.158048
0.157816 0.157585 0.157354 0.157123 0.156893 0.156663 0.156435 0.156206 0.155979
0.155752 0.155527 0.155302 0.155078 0.154856 0.154634 0.154414 0.154195 0.153978
0.153762 0.153548 0.153336 0.153126 0.152917 0.152711 0.152507 0.152305 0.152105
0.151908 0.151714 0.151522 0.151332 0.151146 0.150963 0.150782 0.150604 0.15043
0.150258 0.15009 0.149925 0.149763 0.149605 0.149449 0.149297 0.149149 0.149003
0.148861 0.148722 0.148586 0.148454 0.148324 0.148198 0.148074 0.147954 0.147836
0.147722 0.14761 0.147501 0.147394 0.14729 0.147188 0.147089 0.146992 0.146897
0.146804 0.146714 0.146625 0.146538 0.146453 0.146369 0.146287 0.146207 0.146128
0.14605 0.145974 0.145898 0.145824 0.145751 0.145679 0.145607 0.145537 0.145467
0.145398 0.14533 0.145262 0.145195 0.145128 0.145062 0.144996 0.144931 0.144866
0.144801 0.144736 0.144672 0.144608 0.144545 0.144481 0.144418 0.144355 0.144291
0.144228 0.144165 0.144103 0.14404 0.143977 0.143914 0.143852 0.143789 0.143726
0.143664 0.143601 0.143538 0.143475 0.143413 0.14335 0.143287 0.143224 0.143161
0.143098 0.143035 0.142972 0.142909 0.142846 0.142782 0.142719 0.142656 0.142592
0.142529 0.142465 0.142401 0.142338 0.142274 0.14221 0.142146 0.142082 0.142018
0.141954 0.14189 0.141826 0.141761 0.141697 0.141632 0.141568 0.141503 0.141439
0.141374 0.141309 0.141244 0.141179 0.141114 0.141049 0.140984 0.140919 0.140854
0.140788 0.140723 0.140658 0.140592 0.140527 0.140461 0.140395 0.14033 0.140264
0.140198 0.140132 0.140066 0.14 0.139934 0.139868 0.139802 0.139735 0.139669
0.139603 0.139537 0.13947 0.139404 0.139337 0.139271 0.139204 0.139138 0.139071
0.139004 0.138938 0.138871 0.138804 0.138737 0.138671 0.138604 0.138537 0.13847
0.138403 0.138336 0.138269 0.138203 0.138136 0.138069 0.138002 0.137935 0.137868
0.137801 0.137735 0.137668 0.137601 0.137534 0.137467 0.137401 0.137334 0.137267
0.137201 0.137134 0.137068 0.137002 0.136935 0.136869 0.136803 0.136737 0.136671
0.136605 0.13654 0.136474 0.136409 0.136343 0.136278 0.136213 0.136148 0.136083
0.136019 0.135955 0.13589 0.135826 0.135763 0.135699 0.135636 0.135573 0.13551
0.135448 0.135386 0.135324 0.135262 0.135201 0.13514 0.135079 0.135019 0.134959
0.134899 0.13484 0.134782 0.134723 0.134665 0.134608 0.134551 0.134494 0.134438
0.134383 0.134327 0.134273 0.134219 0.134165 0.134112 0.134059 0.134007 0.133956
0.133905 0.133855 0.133805 0.133756 0.133707 0.133659 0.133611 0.133564 0.133518
0.133472 0.133426 0.133381 0.133337 0.133292 0.133249 0.133206 0.133163 0.133121
0.133079 0.133038 0.132997 0.132956 0.132916 0.132876 0.132836 0.132796 0.132756
0.132717 0.132678 0.132638 0.132599 0.132559 0.13252 0.13248 0.13244 0.1324
0.132359 0.132318 0.132277 0.132235 0.132193 0.132151 0.132108 0.132064 0.13202
0.131975 0.131929 0.131883 0.131837 0.131789 0.131741 0.131692 0.131643 0.131593
0.131542 0.131491 0.131439 0.131386 0.131333 0.131279 0.131225 0.131171 0.131116
0.13106 0.131005 0.130949 0.130893 0.130837 0.130781 0.130725 0.130669 0.130614
0.130558 0.130503 0.130448 0.130393 0.130339 0.130285 0.130231 0.130178 0.130125
0.130073 0.130021 0.12997 0.129919 0.129869 0.129819 0.12977 0.12972 0.129672
0.129623 0.129575 0.129526 0.129478 0.12943 0.129382 0.129334 0.129285 0.129237
0.129188 0.129138 0.129088 0.129038 0.128987 0.128935 0.128882 0.128829 0.128775
0.128719 0.128663 0.128606 0.128547 0.128488 0.128427 0.128365 0.128302 0.128237
0.128172 0.128105 0.128037 0.127968 0.127897 0.127825 0.127752 0.127678 0.127602
0.127525 0.127446 0.127367 0.127286 0.127204 0.127121 0.127036 0.126951 0.126864
0.126777 0.126688 0.126598 0.126508 0.126417 0.126324 0.126231 0.126138 0.126043
0.125948 0.125853 0.125756 0.12566 0.125563 0.125465 0.125367 0.125269 0.125171
0.125072 0.124973 0.124875 0.124775 0.124676 0.124577 0.124478 0.124378 0.124279
0.12418 0.12408 0.123981 0.123881 0.123781 0.123682 0.12358
        </DataArray>
        <DataArray type='Float32' Name='nut' format='ascii'>
0.000568147 0.000568018 0.000567889 0.00056776 0.000567631 0.000567501 0.000567372 0.000567243 0.000567113
0.000566983 0.000566854 0.000566724 0.000566594 0.000566464 0.000566334 0.000566204 0.000566073 0.000565943
0.000565812 0.000565682 0.000565551 0.00056542 0.000565289 0.000565158 0.000565027 0.000564896 0.000564765
0.000564634 0.000564502 0.000564371 0.000564239 0.000564107 0.000563975 0.000563844 0.000563712 0.000563579
0.000563447 0.000563315 0.000563183 0.00056305 0.000562918 0.000562785 0.000562652 0.000562519 0.000562386
0.000562253 0.00056212 0.000561987 0.000561854 0.00056172 0.000561587 0.000561453 0.00056132 0.000561186
0.000561052 0.000560918 0.000560784 0.00056065 0.000560516 0.000560382 0.000560247 0.000560113 0.000559978
0.000559843 0.000559709 0.000559574 0.000559439 0.000559304 0.000559169 0.000559034 0.000558899 0.000558763
0.000558628 0.000558492 0.000558357 0.000558221 0.000558086 0.00055795 0.000557814 0.000557678 0.000557542
0.000557407 0.000557271 0.000557135 0.000556999 0.000556863 0.000556728 0.000556592 0.000556456 0.000556321
0.000556186 0.000556051 0.000555916 0.000555781 0.000555647 0.000555513 0.00055538 0.000555247 0.000555114
0.000554983 0.000554851 0.000554721 0.000554591 0.000554462 0.000554335 0.000554208 0.000554082 0.000553957
0.000553834 0.000553712 0.000553591 0.000553472 0.000553354 0.000553238 0.000553123 0.000553011 0.0005529
0.000552791 0.000552684 0.000552579 0.000552476 0.000552375 0.000552276 0.000552179 0.000552085 0.000551992
0.000551902 0.000551814 0.000551728 0.000551645 0.000551563 0.000551484 0.000551407 0.000551332 0.000551259
0.000551188 0.00055112 0.000551053 0.000550988 0.000550924 0.000550863 0.000550803 0.000550745 0.000550689
0.000550634 0.00055058 0.000550528 0.000550477 0.000550428 0.000550379 0.000550332 0.000550285 0.00055024
0.000550196 0.000550152 0.000550109 0.000550067 0.000550025 0.000549984 0.000549944 0.000549904 0.000549864
0.000549825 0.000549787 0.000549748 0.00054971 0.000549672 0.000549635 0.000549597 0.00054956 0.000549523
0.000549486 0.000549449 0.000549412 0.000549375 0.000549338 0.000549301 0.000549265 0.000549228 0.000549191
0.000549154 0.000549117 0.00054908 0.000549044 0.000549007 0.00054897 0.000548932 0.000548895 0.000548858
0.000548821 0.000548783 0.000548746 0.000548709 0.000548671 0.000548633 0.000548596 0.000548558 0.00054852
0.000548482 0.000548444 0.000548406 0.000548368 0.00054833 0.000548292 0.000548253 0.000548215 0.000548176
0.000548138 0.000548099 0.000548061 0.000548022 0.000547983 0.000547944 0.000547905 0.000547866 0.000547827
0.000547788 0.000547749 0.00054771 0.000547671 0.000547631 0.000547592 0.000547552 0.000547513 0.000547473
0.000547434 0.000547394 0.000547355 0.000547315 0.000547275 0.000547235 0.000547195 0.000547155 0.000547115
0.000547075 0.000547035 0.000546995 0.000546954 0.000546914 0.000546874 0.000546834 0.000546793 0.000546753
0.000546712 0.000546672 0.000546631 0.00054659 0.00054655 0.000546509 0.000546468 0.000546427 0.000546386
0.000546345 0.000546305 0.000546264 0.000546223 0.000546182 0.00054614 0.000546099 0.000546058 0.000546017
0.000545976 0.000545935 0.000545893 0.000545852 0.000545811 0.000545769 0.000545728 0.000545687 0.000545645
0.000545604 0.000545563 0.000545521 0.00054548 0.000545438 0.000545397 0.000545356 0.000545314 0.000545273
0.000545231 0.00054519 0.000545149 0.000545107 0.000545066 0.000545025 0.000544983 0.000544942 0.000544901
0.00054486 0.000544819 0.000544778 0.000544737 0.000544696 0.000544655 0.000544615 0.000544574 0.000544534
0.000544493 0.000544453 0.000544413 0.000544373 0.000544333 0.000544293 0.000544253 0.000544214 0.000544174
0.000544135 0.000544096 0.000544058 0.000544019 0.000543981 0.000543943 0.000543905 0.000543867 0.00054383
0.000543793 0.000543756 0.00054372 0.000543684 0.000543648 0.000543612 0.000543577 0.000543543 0.000543509
0.000543475 0.000543442 0.000543409 0.000543376 0.000543344 0.000543313 0.000543282 0.000543252 0.000543222
0.000543193 0.000543164 0.000543136 0.000543109 0.000543082 0.000543057 0.000543031 0.000543007 0.000542983
0.00054296 0.000542938 0.000542916 0.000542896 0.000542876 0.000542857 0.000542838 0.000542821 0.000542804
0.000542789 0.000542774 0.00054276 0.000542747 0.000542734 0.000542723 0.000542712 0.000542702 0.000542693
0.000542685 0.000542678 0.000542671 0.000542664 0.000542659 0.000542654 0.00054265 0.000542646 0.000542643
0.000542641 0.000542639 0.000542637 0.000542636 0.000542635 0.000542635 0.000542634 0.000542634 0.000542633
0.000542633 0.000542633 0.000542632 0.000542631 0.00054263 0.000542628 0.000542626 0.000542623 0.00054262
0.000542615 0.00054261 0.000542605 0.000542598 0.00054259 0.000542581 0.000542571 0.00054256 0.000542548
0.000542535 0.00054252 0.000542504 0.000542486 0.000542467 0.000542447 0.000542426 0.000542404 0.00054238
0.000542355 0.000542328 0.000542301 0.000542272 0.000542243 0.000542213 0.000542181 0.000542149 0.000542117
0.000542083 0.000542049 0.000542015 0.000541981 0.000541947 0.000541912 0.000541879 0.000541845 0.000541811
0.000541778 0.000541746 0.000541714 0.000541683 0.000541653 0.000541623 0.000541595 0.000541568 0.000541542
0.000541517 0.000541493 0.00054147 0.000541448 0.000541428 0.000541409 0.000541391 0.000541374 0.000541357
0.000541342 0.000541328 0.000541314 0.000541301 0.000541288 0.000541276 0.000541264 0.000541252 0.00054124
0.000541227 0.000541215 0.000541201 0.000541188 0.000541173 0.000541158 0.000541141 0.000541124 0.000541105
0.000541084 0.000541062 0.000541039 0.000541013 0.000540986 0.000540957 0.000540926 0.000540893 0.000540858
0.000540822 0.000540783 0.000540743 0.0005407 0.000540655 0.000540608 0.000540559 0.000540508 0.000540455
0.000540399 0.000540341 0.000540282 0.00054022 0.000540156 0.00054009 0.000540022 0.000539953 0.000539881
0.000539808 0.000539733 0.000539657 0.000539579 0.0005395 0.000539419 0.000539338 0.000539255 0.000539171
0.000539087 0.000539002 0.000538916 0.00053883 0.000538743 0.000538656 0.000538569 0.000538482 0.000538395
0.000538309 0.000538222 0.000538136 0.000538051 0.000537966 0.000537881 0.000537797 0.000537714 0.000537632
0.000537551 0.00053747 0.00053739 0.000537311 0.000537232 0.000537155 0.000537075
        </DataArray>
        <DataArray type='Float32' Name='omega' format='ascii'>
315.645 315.287 314.929 314.57 314.212 313.854 313.496 313.138 312.781
312.423 312.066 311.708 311.351 310.993 310.636 310.279 309.922 309.565
309.208 308.851 308.494 308.137 307.78 307.424 307.067 306.711 306.354
305.998 305.642 305.285 304.929 304.573 304.217 303.861 303.505 303.15
302.794 302.439 302.083 301.728 301.372 301.017 300.662 300.307 299.952
299.597 299.243 298.888 298.533 298.179 297.824 297.47 297.116 296.762
296.408 296.054 295.7 295.347 294.993 294.639 294.286 293.933 293.58
293.227 292.874 292.521 292.168 291.815 291.463 291.11 290.758 290.406
290.054 289.702 289.35 288.998 288.647 288.296 287.944 287.593 287.242
286.892 286.541 286.191 285.841 285.491 285.142 284.793 284.444 284.095
283.747 283.4 283.053 282.707 282.361 282.016 281.671 281.328 280.985
280.644 280.303 279.964 279.626 279.29 278.955 278.621 278.29 277.96
277.633 277.307 276.985 276.664 276.346 276.031 275.719 275.41 275.105
274.802 274.503 274.208 273.917 273.63 273.346 273.067 272.792 272.522
272.256 271.994 271.737 271.485 271.238 270.995 270.757 270.524 270.296
270.073 269.854 269.641 269.432 269.228 269.028 268.833 268.643 268.457
268.276 268.099 267.926 267.757 267.592 267.431 267.273 267.12 266.969
266.822 266.679 266.538 266.401 266.266 266.134 266.004 265.877 265.752
265.63 265.509 265.391 265.274 265.159 265.046 264.934 264.824 264.715
264.607 264.501 264.395 264.291 264.187 264.084 263.982 263.881 263.78
263.68 263.58 263.481 263.382 263.284 263.186 263.088 262.991 262.894
262.797 262.7 262.603 262.507 262.411 262.314 262.218 262.122 262.025
261.929 261.833 261.737 261.641 261.544 261.448 261.352 261.255 261.159
261.062 260.966 260.869 260.772 260.675 260.578 260.481 260.384 260.287
260.189 260.092 259.994 259.897 259.799 259.701 259.603 259.505 259.407
259.308 259.21 259.111 259.012 258.914 258.815 258.716 258.616 258.517
258.418 258.318 258.219 258.119 258.019 257.919 257.819 257.719 257.619
257.518 257.418 257.317 257.217 257.116 257.015 256.914 256.813 256.712
256.61 256.509 256.407 256.306 256.204 256.102 256 255.898 255.796
255.694 255.592 255.49 255.387 255.285 255.182 255.08 254.977 254.874
254.771 254.669 254.566 254.463 254.359 254.256 254.153 254.05 253.947
253.843 253.74 253.636 253.533 253.429 253.326 253.222 253.119 253.015
252.911 252.808 252.704 252.601 252.497 252.393 252.29 252.186 252.083
251.979 251.876 251.772 251.669 251.566 251.462 251.359 251.256 251.153
251.05 250.947 250.845 250.742 250.64 250.538 250.435 250.333 250.232
250.13 250.029 249.927 249.826 249.726 249.625 249.525 249.425 249.325
249.226 249.126 249.027 248.929 248.831 248.733 248.635 248.538 248.442
248.345 248.25 248.154 248.059 247.965 247.871 247.777 247.684 247.592
247.5 247.408 247.318 247.227 247.138 247.049 246.96 246.872 246.785
246.698 246.612 246.527 246.442 246.358 246.274 246.192 246.109 246.028
245.947 245.866 245.786 245.707 245.628 245.55 245.473 245.396 245.32
245.244 245.168 245.094 245.019 244.945 244.871 244.798 244.725 244.652
244.58 244.507 244.435 244.363 244.29 244.218 244.146 244.074 244.001
243.928 243.855 243.782 243.708 243.634 243.559 243.484 243.409 243.333
243.256 243.179 243.101 243.023 242.944 242.864 242.784 242.703 242.621
242.539 242.456 242.372 242.288 242.203 242.118 242.032 241.946 241.859
241.772 241.684 241.596 241.508 241.42 241.332 241.244 241.156 241.069
240.981 240.893 240.806 240.718 240.632 240.545 240.459 240.373 240.287
240.202 240.117 240.032 239.948 239.864 239.78 239.697 239.613 239.53
239.447 239.364 239.281 239.198 239.115 239.032 238.948 238.864 238.779
238.694 238.608 238.522 238.435 238.347 238.258 238.168 238.077 237.985
237.892 237.797 237.702 237.605 237.506 237.407 237.305 237.203 237.099
236.994 236.888 236.78 236.67 236.559 236.447 236.333 236.218 236.101
235.982 235.863 235.741 235.619 235.495 235.37 235.243 235.115 234.986
234.855 234.723 234.591 234.457 234.322 234.186 234.049 233.911 233.772
233.632 233.492 233.351 233.209 233.066 232.922 232.778 232.634 232.489
232.343 232.197 232.05 231.903 231.755 231.607 231.458 231.309 231.16
231.01 230.86 230.709 230.557 230.405 230.253 230.098
        </DataArray>
        <DataArray type='Float32' Name='p' format='ascii'>
15.8286 15.8285 15.8283 15.8279 15.8275 15.8269 15.8262 15.8254 15.8244
15.8234 15.8222 15.8209 15.8195 15.8179 15.8163 15.8145 15.8125 15.8105
15.8083 15.806 15.8036 15.8011 15.7984 15.7956 15.7926 15.7896 15.7864
15.783 15.7796 15.776 15.7723 15.7684 15.7644 15.7603 15.7561 15.7517
15.7472 15.7425 15.7378 15.7328 15.7278 15.7226 15.7173 15.7118 15.7063
15.7005 15.6947 15.6887 15.6826 15.6763 15.6699 15.6634 15.6567 15.6499
15.6429 15.6359 15.6286 15.6213 15.6138 15.6062 15.5984 15.5905 15.5825
15.5743 15.566 15.5575 15.5489 15.5402 15.5314 15.5224 15.5132 15.504
15.4946 15.485 15.4753 15.4655 15.4556 15.4455 15.4352 15.4249 15.4144
15.4037 15.393 15.3821 15.371 15.3598 15.3485 15.337 15.3254 15.3137
15.3018 15.2898 15.2776 15.2653 15.2529 15.2403 15.2276 15.2148 15.2018
15.1886 15.1754 15.1619 15.1484 15.1347 15.1208 15.1068 15.0927 15.0784
15.064 15.0494 15.0347 15.0199 15.0049 14.9897 14.9744 14.9589 14.9433
14.9276 14.9116 14.8956 14.8794 14.863 14.8464 14.8297 14.8129 14.7959
14.7787 14.7613 14.7438 14.7261 14.7083 14.6903 14.6721 14.6537 14.6352
14.6164 14.5976 14.5785 14.5592 14.5398 14.5201 14.5003 14.4803 14.4601
14.4397 14.4191 14.3982 14.3772 14.356 14.3346 14.3129 14.291 14.2689
14.2466 14.2241 14.2013 14.1783 14.155 14.1315 14.1078 14.0838 14.0595
14.035 14.0103 13.9852 13.9599 13.9343 13.9084 13.8822 13.8557 13.8289
13.8018 13.7744 13.7467 13.7186 13.6902 13.6615 13.6324 13.6029 13.5731
13.5429 13.5123 13.4814 13.45 13.4182 13.386 13.3534 13.3203 13.2868
13.2529 13.2184 13.1835 13.1481 13.1122 13.0758 13.0388 13.0013 12.9632
12.9246 12.8854 12.8456 12.8052 12.7642 12.7225 12.6801 12.6371 12.5934
12.549 12.5038 12.4579 12.4113 12.3638 12.3156 12.2665 12.2165 12.1657
12.114 12.0614 12.0078 11.9533 11.8977 11.8412 11.7836 11.7249 11.6651
11.6042 11.5422 11.4789 11.4144 11.3486 11.2816 11.2132 11.1435 11.0723
10.9998 10.9257 10.8501 10.773 10.6942 10.6138 10.5318 10.4479 10.3623
10.2749 10.1856 10.0943 10.0011 9.90579 9.80839 9.70884 9.60708 9.50303
9.39664 9.28785 9.17659 9.06279 8.94638 8.82728 8.70543 8.58075 8.45316
8.32259 8.18894 8.05213 7.91209 7.76871 7.62191 7.47159 7.31766 7.16002
6.99856 6.83319 6.66379 6.49025 6.31248 6.13034 5.94371 5.75249 5.55654
5.35574 5.14996 4.93906 4.7229 4.50135 4.27426 4.04149 3.80288 3.55828
3.30754 3.05048 2.78696 2.51679 2.23981 1.95585 1.66472 1.36623 1.06021
0.74647 0.424805 0.0950225 -0.243079 -0.589704 -0.945061 -1.30936 -1.68282 -2.06566
-2.4581 -2.86036 -3.27268 -3.69528 -4.1284 -4.57228 -5.02715 -5.49326 -5.97086
-6.46018 -6.96148 -7.475 -8.001 -8.53973 -9.09143 -9.65637 -10.2348 -10.8269
-11.4331 -12.0534 -12.6883 -13.3379 -14.0024 -14.6822 -15.3773 -16.0882 -16.8149
-17.5577 -18.3168 -19.0925 -19.8848 -20.6941 -21.5203 -22.3638 -23.2247 -24.103
-24.999 -25.9126 -26.8441 -27.7934 -28.7606 -29.7458 -30.7488 -31.7698 -32.8087
-33.8653 -34.9397 -36.0316 -37.1408 -38.2673 -39.4108 -40.571 -41.7476 -42.9403
-44.1487 -45.3723 -46.6107 -47.8635 -49.1299 -50.4095 -51.7016 -53.0055 -54.3205
-55.6458 -56.9805 -58.3236 -59.6743 -61.0314 -62.3941 -63.7611 -65.1315 -66.504
-67.8773 -69.2499 -70.6205 -71.9874 -73.3492 -74.7045 -76.0517 -77.3893 -78.7157
-80.0293 -81.3283 -82.611 -83.8755 -85.12 -86.3425 -87.5411 -88.7138 -89.8589
-90.9743 -92.0584 -93.1091 -94.1248 -95.1037 -96.0438 -96.9436 -97.8012 -98.615
-99.3833 -100.105 -100.777 -101.4 -101.971 -102.489 -102.953 -103.363 -103.716
-104.012 -104.25 -104.43 -104.549 -104.608 -104.606 -104.544 -104.423 -104.241
-103.999 -103.696 -103.334 -102.913 -102.433 -101.895 -101.299 -100.647 -99.9395
-99.1788 -98.3667 -97.5047 -96.5939 -95.6356 -94.6307 -93.5807 -92.4873 -91.353
-90.1803 -88.9713 -87.7281 -86.4526 -85.1465 -83.8121 -82.4515 -81.0672 -79.6614
-78.2363 -76.794 -75.3364 -73.8656 -72.3833 -70.8917 -69.3924 -67.8876 -66.3792
-64.8689 -63.3586 -61.8501 -60.345 -58.8449 -57.3513 -55.8655 -54.3887 -52.9221
-51.467 -50.0246 -48.5959 -47.1818 -45.7831 -44.4008 -43.0358 -41.689 -40.3608
-39.0518 -37.762 -36.4917 -35.2412 -34.0109 -32.8013 -31.6131 -30.4465 -29.3016
-28.1783 -27.0762 -25.9949 -24.934 -23.893 -22.8717 -21.8697 -20.8868 -19.9228
-18.9776 -18.0507 -17.1418 -16.2504 -15.376 -14.5179 -13.6755 -12.8479 -12.0344
-11.2342 -10.4464 -9.67029 -8.90499 -8.14972 -7.40367 -6.66603 -5.93602 -5.21275
-4.49563 -3.78306 -3.07658 -2.36808 -1.67968 -0.945516 -0.400713
        </DataArray>
        <DataArray type='Float32' Name='U' NumberOfComponents='3' format='ascii'>
34.6 0 8.23428e-22 34.6 0 -3.93101e-22 34.6 0 -5.41185e-21
34.6 0 3.12532e-21 34.6 0 4.49367e-22 34.6 0 7.35784e-22
34.6001 0 -3.46731e-22 34.6001 0 7.10716e-22 34.6001 0 -3.81313e-22
34.6002 0 -5.44939e-22 34.6002 0 -6.55188e-22 34.6002 0 1.33035e-21
34.6003 0 -1.11516e-21 34.6003 0 1.23624e-21 34.6004 0 -1.12395e-21
34.6004 0 -6.0873e-22 34.6005 0 -5.07256e-22 34.6005 0 1.6573e-21
34.6006 0 8.40561e-22 34.6007 0 -3.20528e-21 34.6007 0 2.25156e-21
34.6008 0 -4.79027e-22 34.6009 0 -1.81465e-21 34.601 0 -6.69242e-22
34.601 0 4.3489e-21 34.6011 0 -4.63352e-22 34.6012 0 3.47231e-21
34.6013 0 -3.66861e-21 34.6014 0 -1.23185e-21 34.6015 0 1.53705e-21
34.6016 0 2.89079e-21 34.6017 0 -7.15497e-21 34.6018 0 3.76741e-21
34.602 0 2.54287e-21 34.6021 0 9.01251e-22 34.6022 0 1.18541e-23
34.6023 0 -2.70582e-21 34.6025 0 -1.80734e-21 34.6026 0 3.37269e-22
34.6028 0 -1.76582e-22 34.6029 0 4.71579e-22 34.6031 0 3.31943e-21
34.6032 0 -1.88062e-21 34.6034 0 -9.14843e-21 34.6035 0 1.16072e-20
34.6037 0 -5.44154e-21 34.6039 0 -5.49221e-21 34.604 0 1.35851e-20
34.6042 0 -6.0112e-21 34.6044 0 -6.55573e-21 34.6046 0 1.04331e-20
34.6048 0 -1.11208e-20 34.605 0 4.4547e-21 34.6052 0 1.87532e-22
34.6054 0 -3.8273e-21 34.6056 0 9.82697e-21 34.6058 0 4.4057e-21
34.606 0 -2.16215e-21 34.6062 0 -9.79013e-21 34.6064 0 1.78539e-21
34.6066 0 -6.41513e-21 34.6069 0 3.41839e-21 34.6071 0 1.2991e-20
34.6073 0 -1.69096e-20 34.6076 0 1.00934e-20 34.6078 0 -1.78862e-21
34.6081 0 5.55535e-21 34.6083 0 -8.93383e-21 34.6086 0 -2.73719e-21
34.6088 0 2.05718e-21 34.6091 0 5.04056e-21 34.6094 0 -9.82076e-21
34.6097 0 1.14132e-20 34.6099 0 -5.72617e-21 34.6102 0 -4.69954e-21
34.6105 0 1.46141e-20 34.6108 0 -4.21041e-21 34.6111 0 -5.38657e-21
34.6114 0 2.80986e-21 34.6117 0 2.42973e-22 34.612 0 7.36488e-21
34.6123 0 3.57411e-21 34.6126 0 -2.01949e-20 34.613 0 -5.99363e-21
34.6133 0 2.59462e-20 34.6136 0 8.18289e-22 34.614 0 -5.37731e-21
34.6143 0 4.5536e-21 34.6147 0 -3.25424e-21 34.615 0 6.33436e-21
34.6154 0 -3.72525e-21 34.6157 0 -1.40845e-20 34.6161 0 -5.78837e-21
34.6165 0 1.90061e-20 34.6168 0 6.70392e-21 34.6172 0 -2.5114e-20
34.6176 0 1.67731e-20 34.618 0 -1.64542e-20 34.6184 0 2.34228e-20
34.6188 0 -2.84376e-20 34.6192 0 1.05914e-20 34.6196 0 1.09425e-20
34.62 0 -7.01555e-21 34.6205 0 1.13429e-20 34.6209 0 -2.58169e-20
34.6213 0 8.88787e-21 34.6218 0 7.17207e-21 34.6222 0 -1.51507e-20
34.6227 0 1.83226e-20 34.6231 0 -4.13538e-21 34.6236 0 8.54309e-21
34.624 0 2.39784e-21 34.6245 0 -3.41148e-21 34.625 0 7.32998e-21
34.6255 0 -3.72854e-22 34.626 0 -8.36795e-21 34.6264 0 -6.44186e-22
34.6269 0 7.84152e-21 34.6274 0 -2.81842e-21 34.628 0 -1.45433e-20
34.6285 0 -7.62264e-21 34.629 0 1.48823e-20 34.6295 0 -1.65034e-20
34.63 0 2.34186e-20 34.6306 0 -9.78946e-21 34.6311 0 1.07453e-20
34.6316 0 -5.74795e-21 34.6322 0 -2.28063e-20 34.6327 0 1.37897e-20
34.6333 0 1.21857e-20 34.6339 0 -5.78156e-21 34.6344 0 9.17238e-21
34.635 0 -1.05986e-20 34.6356 0 3.86779e-21 34.6361 0 -1.89277e-20
34.6367 0 -4.62822e-21 34.6373 0 6.2259e-21 34.6379 0 1.7961e-20
34.6385 0 -2.38657e-20 34.6391 0 3.63692e-21 34.6397 0 3.02614e-20
34.6403 0 -3.19947e-20 34.6409 0 1.12249e-20 34.6415 0 1.78168e-20
34.6421 0 -2.76168e-20 34.6427 0 1.19089e-20 34.6434 0 2.56265e-23
34.644 0 3.42836e-21 34.6446 0 7.4222e-21 34.6452 0 -2.54743e-20
34.6459 0 2.9067e-20 34.6465 0 -2.30021e-20 34.6472 0 -4.20797e-21
34.6478 0 1.23951e-20 34.6485 0 2.83161e-20 34.6491 0 -4.21251e-20
34.6498 0 -1.00862e-20 34.6504 0 3.76038e-20 34.6511 0 -2.74647e-22
34.6517 0 -4.80924e-21 34.6524 0 5.88981e-21 34.6531 0 3.88374e-22
34.6538 0 -2.34937e-20 34.6545 0 -1.46986e-20 34.6551 0 2.83722e-20
34.6558 0 2.02111e-21 34.6565 0 9.64708e-21 34.6572 0 -1.44703e-21
34.6579 0 -1.18911e-20 34.6586 0 8.65757e-21 34.6594 0 -2.03503e-20
34.6601 0 -1.67028e-20 34.6608 0 1.9189e-20 34.6615 0 4.78923e-21
34.6623 0 5.20699e-21 34.663 0 -1.00831e-20 34.6638 0 5.20744e-21
34.6645 0 4.76189e-21 34.6653 0 -1.3932e-20 34.666 0 3.31969e-20
34.6668 0 -1.92396e-20 34.6676 0 9.07455e-21 34.6684 0 4.21989e-21
34.6692 0 -6.72805e-22 34.67 0 -2.34515e-20 34.6708 0 2.78861e-21
34.6716 0 1.04382e-20 34.6725 0 -1.36224e-20 34.6733 0 -6.41653e-21
34.6741 0 1.56429e-20 34.675 0 -1.02013e-20 34.6759 0 1.02347e-20
34.6768 0 1.44755e-20 34.6776 0 -3.05759e-20 34.6785 0 2.00307e-20
34.6795 0 2.17778e-20 34.6804 0 -3.97895e-20 34.6813 0 7.64091e-21
34.6823 0 1.50069e-20 34.6832 0 -1.84697e-21 34.6842 0 2.03643e-20
34.6852 0 -1.39594e-20 34.6862 0 -1.71325e-20 34.6872 0 1.77786e-20
34.6883 0 -2.57624e-20 34.6893 0 8.04256e-21 34.6904 0 1.13678e-21
34.6915 0 -1.2933e-20 34.6926 0 -5.21103e-21 34.6937 0 1.71827e-20
34.6949 0 3.04052e-20 34.696 0 -1.49573e-21 34.6972 0 -3.4755e-20
34.6984 0 7.37899e-21 34.6996 0 -1.9529e-20 34.7009 0 2.77972e-20
34.7022 0 1.445e-20 34.7034 0 -1.39375e-20 34.7048 0 -2.76714e-20
34.7061 0 2.23245e-20 34.7075 0 7.51146e-21 34.7089 0 5.23244e-21
34.7103 0 9.32986e-21 34.7117 0 -3.54116e-20 34.7132 0 2.42867e-20
34.7147 0 -8.49796e-21 34.7163 0 1.79171e-22 34.7178 0 2.23127e-20
34.7194 0 -4.58867e-20 34.7211 0 2.93448e-20 34.7227 0 7.47811e-21
34.7244 0 -2.11767e-20 34.7262 0 1.04837e-20 34.7279 0 -1.2297e-20
34.7298 0 1.09842e-20 34.7316 0 1.26782e-20 34.7335 0 -3.10091e-20
34.7355 0 8.98447e-21 34.7374 0 -3.07596e-21 34.7395 0 9.35839e-21
34.7415 0 -4.76709e-21 34.7437 0 -1.18732e-20 34.7458 0 2.92315e-20
34.7481 0 -1.67676e-20 34.7503 0 -2.0724e-21 34.7526 0 1.25885e-20
34.755 0 -4.09332e-21 34.7575 0 -9.05892e-21 34.76 0 2.87593e-21
34.7625 0 8.21501e-21 34.7651 0 -2.13586e-20 34.7678 0 -5.83252e-21
34.7705 0 1.48419e-20 34.7733 0 -4.67302e-21 34.7762 0 1.41417e-20
34.7792 0 1.49708e-20 34.7822 0 2.42546e-22 34.7853 0 -9.85439e-21
34.7885 0 -4.76936e-21 34.7917 0 -4.7325e-21 34.795 0 -1.13756e-21
34.7985 0 1.19493e-20 34.8019 0 -1.89952e-20 34.8055 0 -2.36382e-21
34.8092 0 1.33945e-20 34.813 0 3.13147e-22 34.8169 0 1.25414e-21
34.8208 0 -2.0736e-20 34.8249 0 3.52199e-20 34.8291 0 -2.95285e-20
34.8333 0 1.92385e-20 34.8377 0 -1.08375e-20 34.8422 0 3.16135e-21
34.8468 0 -1.06897e-20 34.8516 0 3.80689e-20 34.8564 0 -3.36996e-20
34.8614 0 9.05534e-21 34.8665 0 1.14662e-20 34.8718 0 -1.16483e-20
34.8772 0 -2.92671e-21 34.8827 0 4.99238e-21 34.8884 0 -5.07824e-21
34.8942 0 6.89191e-21 34.9001 0 -3.24511e-21 34.9063 0 -6.09256e-23
34.9125 0 -5.37118e-21 34.919 0 1.75471e-20 34.9256 0 -2.13792e-20
34.9324 0 5.01781e-21 34.9394 0 1.04884e-20 34.9465 0 -1.97665e-20
34.9538 0 1.54128e-20 34.9614 0 -7.91149e-21 34.9691 0 6.50078e-21
34.977 0 -1.9486e-21 34.9851 0 -4.46928e-21 34.9935 0 2.33212e-21
35.002 0 -3.17883e-22 35.0108 0 2.44923e-22 35.0198 0 3.98832e-22
35.0291 0 3.42937e-21 35.0386 0 -1.16056e-21 35.0483 0 -9.63243e-21
35.0583 0 1.16958e-20 35.0685 0 -6.69453e-21 35.079 0 -6.38281e-21
35.0898 0 6.48839e-21 35.1008 0 1.49691e-20 35.1121 0 -1.22728e-20
35.1238 0 9.21963e-21 35.1357 0 -8.54682e-21 35.1479 0 4.12412e-21
35.1604 0 2.87445e-21 35.1732 0 -6.92573e-21 35.1864 0 1.53616e-20
35.1998 0 -1.32568e-20 35.2137 0 -1.06388e-20 35.2278 0 -3.55718e-21
35.2423 0 2.13554e-20 35.2572 0 -5.26971e-20 35.2724 0 2.20656e-20
35.288 0 2.85341e-20 35.3039 0 -4.99242e-20 35.3203 0 1.11402e-20
35.337 0 -1.38448e-20 35.3541 0 1.55381e-20 35.3716 0 6.02777e-20
35.3895 0 -7.93742e-20 35.4079 0 5.41878e-21 35.4266 0 4.53507e-20
35.4458 0 -7.88668e-20 35.4654 0 3.37911e-20 35.4855 0 1.43424e-20
35.506 0 2.45204e-20 35.5269 0 -1.94403e-20 35.5483 0 8.26517e-20
35.5702 0 -1.42573e-19 35.5925 0 1.58928e-19 35.6153 0 -5.15438e-20
35.6385 0 -1.32402e-19 35.6623 0 7.83391e-20 35.6864 0 8.45544e-20
35.7111 0 4.64682e-20 35.7363 0 -1.84616e-19 35.7619 0 9.44376e-20
35.788 0 -9.81497e-20 35.8146 0 8.29923e-20 35.8417 0 -9.23963e-20
35.8693 0 2.12526e-19 35.8973 0 -2.70378e-19 35.9258 0 2.27828e-19
35.9548 0 -1.77401e-19 35.9843 0 1.80709e-19 36.0142 0 -8.1079e-20
36.0446 0 -1.01198e-19 36.0755 0 8.60048e-20 36.1068 0 6.19119e-20
36.1385 0 -1.19232e-19 36.1707 0 5.54417e-20 36.2033 0 -9.13071e-20
36.2363 0 -3.59709e-20 36.2697 0 1.80584e-19 36.3034 0 -5.75177e-20
36.3376 0 4.20269e-20 36.3721 0 -5.97152e-20 36.4069 0 8.10558e-20
36.4421 0 1.30292e-19 36.4775 0 -7.54237e-20 36.5132 0 -1.21169e-19
36.5492 0 9.82127e-21 36.5854 0 1.00155e-19 36.6218 0 -1.87533e-19
36.6584 0 3.66818e-19 36.6951 0 -1.53093e-20 36.732 0 -2.83134e-19
36.7689 0 2.71481e-19 36.8059 0 -3.41626e-19 36.843 0 -1.92548e-19
36.88 0 9.06587e-20 36.917 0 3.64591e-19 36.9539 0 -1.51119e-19
36.9907 0 -2.86935e-19 37.0273 0 1.24875e-19 37.0638 0 2.03627e-19
37.1 0 2.74786e-20 37.1359 0 -1.95467e-19 37.1715 0 1.10746e-19
37.2068 0 4.05371e-20 37.2416 0 -1.52081e-20 37.276 0 3.26495e-20
37.3099 0 -1.42444e-20 37.3432 0 1.9142e-19 37.376 0 -1.8098e-20
37.4081 0 -1.77532e-19 37.4395 0 1.0029e-19 37.4701 0 3.62738e-20
37.5 0 -9.6598e-20 37.5291 0 6.57066e-20 37.5572 0 1.16272e-19
37.5845 0 -4.11531e-19 37.6107 0 2.8878e-19 37.636 0 5.85409e-20
37.6602 0 -4.86384e-20 37.6833 0 -4.63303e-20 37.7053 0 -5.79599e-20
37.7261 0 9.39838e-20 37.7456 0 -5.63592e-20 37.764 0 7.54272e-21
37.781 0 5.45707e-20 37.7967 0 -5.56564e-20 37.811 0 1.50806e-19
37.8239 0 -8.44318e-20 37.8355 0 -1.39483e-19 37.8456 0 -2.64863e-21
37.8542 0 1.63316e-19 37.8614 0 9.74338e-20 37.8671 0 -9.46281e-20
37.8712 0 -5.47646e-20 37.8738 0 -2.83603e-20 37.8749 0 -4.47711e-20
37.8745 0 1.22734e-19 37.8725 0 -7.00206e-20 37.8691 0 1.1143e-19
37.8641 0 -6.2142e-20 37.8575 0 -2.86595e-20 37.8495 0 -3.05365e-20
37.84 0 6.33472e-20 37.829 0 -1.35209e-19 37.8166 0 7.60938e-20
37.8027 0 -9.69581e-21 37.7875 0 -7.83327e-21 37.7708 0 -2.69139e-20
37.7529 0 1.24576e-20 37.7336 0 1.65038e-20 37.7131 0 9.40219e-20
37.6914 0 -1.38443e-19 37.6685 0 9.63014e-20 37.6445 0 -3.91407e-20
37.6194 0 2.2598e-20 37.5933 0 -1.23482e-19 37.5661 0 3.2696e-20
37.538 0 -6.00342e-20 37.5091 0 2.44674e-20 37.4794 0 4.5409e-20
37.4488 0 1.52831e-20 37.4176 0 3.19122e-22 37.3858 0 9.8069e-21
37.3533 0 1.66679e-20 37.3203 0 -5.02914e-20 37.2868 0 -9.43847e-22
37.253 0 -1.54705e-20 37.2188 0 4.04732e-21 37.1843 0 9.98229e-20
37.1495 0 -7.53171e-20 37.1146 0 5.84786e-20 37.0795 0 8.47389e-21
37.0444 0 -4.81167e-20 37.0092 0 -1.82288e-20 36.9741 0 9.13726e-21
36.9391 0 2.41808e-20 36.9042 0 -1.66334e-20 36.8694 0 -2.07548e-21
36.8349 0 2.71593e-20 36.8007 0 -6.52364e-21 36.7668 0 -7.73863e-21
36.7332 0 -1.66596e-20 36.7 0 7.52154e-21 36.6672 0 1.79085e-20
36.6349 0 2.77041e-20 36.6031 0 -3.59614e-20 36.5717 0 1.95151e-20
36.541 0 -3.24003e-20 36.5108 0 -1.18454e-20 36.4812 0 -4.27441e-20
36.4522 0 6.03401e-20 36.4238 0 1.10043e-20 36.3961 0 1.97853e-20
36.369 0 -3.86636e-20 36.3427 0 1.22495e-21 36.317 0 -4.42583e-21
36.292 0 1.85608e-20 36.2677 0 -4.0377e-20 36.2441 0 2.78199e-20
36.2212 0 -2.09788e-20 36.199 0 3.00464e-20 36.1775 0 -4.39129e-20
36.1567 0 4.12519e-20 36.1366 0 -3.7075e-20 36.1171 0 4.82674e-20
36.0983 0 -2.19151e-20 36.0802 0 4.90161e-21 36.0626 0 3.18773e-21
36.0456 0 2.32438e-21 36.0292 0 -1.85178e-20 36.0134 0 1.1351e-20
35.9981 0 -5.03045e-21 35.9833 0 2.9037e-21 35.9689 0 -7.63235e-21
35.955 0 3.59336e-21 35.9415 0 -3.52308e-21 35.9284 0 1.00358e-20
35.9156 0 -1.02686e-20 35.9031 0 4.14946e-21 35.8909 0 4.2496e-21
35.8789 0 -1.28537e-21 35.867 0 2.88896e-22 35.8553 0 -2.22618e-21
35.8437 0 1.78011e-21 35.8321 0 -3.69619e-21 35.8205 0 1.52539e-21
35.8089 0 5.56681e-22 35.7973 0 5.44358e-24 35.7855 0 2.37035e-22
35.7735 0 -1.2638e-22 35.7614 0 -4.12508e-22 35.7489 0 1.98373e-22
35.7367 0 2.8083e-23 35.7227 0 1.88861e-23 35.7128 0 -7.39921e-23
35.6914 0 4.09369e-23
        </DataArray>
      </CellData>
      <PointData>
        <DataArray type='Float32' Name='k' format='ascii'>
0.179333 0.179333 0.179211 0.179211 0.178967 0.178967 0.178722 0.178722 0.178478
0.178478 0.178234 0.178234 0.177991 0.177991 0.177747 0.177747 0.177504 0.177504
0.17726 0.17726 0.177017 0.177017 0.176774 0.176774 0.176531 0.176531 0.176288
0.176288 0.176045 0.176045 0.175802 0.175802 0.17556 0.17556 0.175317 0.175317
0.175075 0.175075 0.174832 0.174832 0.17459 0.17459 0.174348 0.174348 0.174106
0.174106 0.173864 0.173864 0.173622 0.173622 0.17338 0.17338 0.173139 0.173139
0.172897 0.172897 0.172656 0.172656 0.172415 0.172415 0.172173 0.172173 0.171932
0.171932 0.171691 0.171691 0.171451 0.171451 0.17121 0.17121 0.170969 0.170969
0.170729 0.170729 0.170488 0.170488 0.170248 0.170248 0.170008 0.170008 0.169768
0.169768 0.169528 0.169528 0.169288 0.169288 0.169048 0.169048 0.168809 0.168809
0.168569 0.168569 0.16833 0.16833 0.168091 0.168091 0.167852 0.167852 0.167613
0.167613 0.167374 0.167374 0.167135 0.167135 0.166896 0.166896 0.166658 0.166658
0.166419 0.166419 0.166181 0.166181 0.165943 0.165943 0.165705 0.165705 0.165467
0.165467 0.165229 0.165229 0.164992 0.164992 0.164754 0.164754 0.164517 0.164517
0.16428 0.16428 0.164042 0.164042 0.163805 0.163805 0.163569 0.163569 0.163332
0.163332 0.163095 0.163095 0.162859 0.162859 0.162622 0.162622 0.162386 0.162386
0.16215 0.16215 0.161914 0.161914 0.161678 0.161678 0.161443 0.161443 0.161207
0.161207 0.160972 0.160972 0.160737 0.160737 0.160502 0.160502 0.160267 0.160267
0.160033 0.160033 0.159798 0.159798 0.159564 0.159564 0.15933 0.15933 0.159096
0.159096 0.158863 0.158863 0.15863 0.15863 0.158397 0.158397 0.158164 0.158164
0.157932 0.157932 0.157701 0.157701 0.157469 0.157469 0.157238 0.157238 0.157008
0.157008 0.156778 0.156778 0.156549 0.156549 0.15632 0.15632 0.156093 0.156093
0.155866 0.155866 0.155639 0.155639 0.155414 0.155414 0.15519 0.15519 0.154967
0.154967 0.154745 0.154745 0.154524 0.154524 0.154305 0.154305 0.154087 0.154087
0.15387 0.15387 0.153655 0.153655 0.153442 0.153442 0.153231 0.153231 0.153022
0.153022 0.152814 0.152814 0.152609 0.152609 0.152406 0.152406 0.152205 0.152205
0.152007 0.152007 0.151811 0.151811 0.151618 0.151618 0.151427 0.151427 0.151239
0.151239 0.151054 0.151054 0.150872 0.150872 0.150693 0.150693 0.150517 0.150517
0.150344 0.150344 0.150174 0.150174 0.150008 0.150008 0.149844 0.149844 0.149684
0.149684 0.149527 0.149527 0.149373 0.149373 0.149223 0.149223 0.149076 0.149076
0.148932 0.148932 0.148792 0.148792 0.148654 0.148654 0.14852 0.14852 0.148389
0.148389 0.148261 0.148261 0.148136 0.148136 0.148014 0.148014 0.147895 0.147895
0.147779 0.147779 0.147666 0.147666 0.147555 0.147555 0.147447 0.147447 0.147342
0.147342 0.147239 0.147239 0.147139 0.147139 0.147041 0.147041 0.146945 0.146945
0.146851 0.146851 0.146759 0.146759 0.146669 0.146669 0.146582 0.146582 0.146495
0.146495 0.146411 0.146411 0.146328 0.146328 0.146247 0.146247 0.146167 0.146167
0.146089 0.146089 0.146012 0.146012 0.145936 0.145936 0.145861 0.145861 0.145787
0.145787 0.145715 0.145715 0.145643 0.145643 0.145572 0.145572 0.145502 0.145502
0.145432 0.145432 0.145364 0.145364 0.145296 0.145296 0.145228 0.145228 0.145161
0.145161 0.145095 0.145095 0.145029 0.145029 0.144963 0.144963 0.144898 0.144898
0.144833 0.144833 0.144769 0.144769 0.144704 0.144704 0.14464 0.14464 0.144577
0.144577 0.144513 0.144513 0.144449 0.144449 0.144386 0.144386 0.144323 0.144323
0.14426 0.14426 0.144197 0.144197 0.144134 0.144134 0.144071 0.144071 0.144008
0.144008 0.143946 0.143946 0.143883 0.143883 0.14382 0.14382 0.143758 0.143758
0.143695 0.143695 0.143632 0.143632 0.143569 0.143569 0.143507 0.143507 0.143444
0.143444 0.143381 0.143381 0.143318 0.143318 0.143255 0.143255 0.143193 0.143193
0.14313 0.14313 0.143067 0.143067 0.143004 0.143004 0.14294 0.14294 0.142877
0.142877 0.142814 0.142814 0.142751 0.142751 0.142687 0.142687 0.142624 0.142624
0.14256 0.14256 0.142497 0.142497 0.142433 0.142433 0.14237 0.14237 0.142306
0.142306 0.142242 0.142242 0.142178 0.142178 0.142114 0.142114 0.14205 0.14205
0.141986 0.141986 0.141922 0.141922 0.141858 0.141858 0.141793 0.141793 0.141729
0.141729 0.141665 0.141665 0.1416 0.1416 0.141536 0.141536 0.141471 0.141471
0.141406 0.141406 0.141342 0.141342 0.141277 0.141277 0.141212 0.141212 0.141147
0.141147 0.141082 0.141082 0.141017 0.141017 0.140952 0.140952 0.140886 0.140886
0.140821 0.140821 0.140756 0.140756 0.14069 0.14069 0.140625 0.140625 0.140559
0.140559 0.140494 0.140494 0.140428 0.140428 0.140362 0.140362 0.140297 0.140297
0.140231 0.140231 0.140165 0.140165 0.140099 0.140099 0.140033 0.140033 0.139967
0.139967 0.139901 0.139901 0.139835 0.139835 0.139769 0.139769 0.139702 0.139702
0.139636 0.139636 0.13957 0.13957 0.139503 0.139503 0.139437 0.139437 0.13937
0.13937 0.139304 0.139304 0.139237 0.139237 0.139171 0.139171 0.139104 0.139104
0.139038 0.139038 0.138971 0.138971 0.138904 0.138904 0.138838 0.138838 0.138771
0.138771 0.138704 0.138704 0.138637 0.138637 0.13857 0.13857 0.138504 0.138504
0.138437 0.138437 0.13837 0.13837 0.138303 0.138303 0.138236 0.138236 0.138169
0.138169 0.138102 0.138102 0.138035 0.138035 0.137968 0.137968 0.137902 0.137902
0.137835 0.137835 0.137768 0.137768 0.137701 0.137701 0.137634 0.137634 0.137568
0.137568 0.137501 0.137501 0.137434 0.137434 0.137367 0.137367 0.137301 0.137301
0.137234 0.137234 0.137168 0.137168 0.137101 0.137101 0.137035 0.137035 0.136969
0.136969 0.136902 0.136902 0.136836 0.136836 0.13677 0.13677 0.136704 0.136704
0.136638 0.136638 0.136572 0.136572 0.136507 0.136507 0.136441 0.136441 0.136376
0.136376 0.136311 0.136311 0.136246 0.136246 0.136181 0.136181 0.136116 0.136116
0.136051 0.136051 0.135987 0.135987 0.135922 0.135922 0.135858 0.135858 0.135795
0.135795 0.135731 0.135731 0.135668 0.135668 0.135605 0.135605 0.135542 0.135542
0.135479 0.135479 0.135417 0.135417 0.135355 0.135355 0.135293 0.135293 0.135231
0.135231 0.13517 0.13517 0.13511 0.13511 0.135049 0.135049 0.134989 0.134989
0.134929 0.134929 0.13487 0.13487 0.134811 0.134811 0.134752 0.134752 0.134694
0.134694 0.134637 0.134637 0.134579 0.134579 0.134523 0.134523 0.134466 0.134466
0.13441 0.13441 0.134355 0.134355 0.1343 0.1343 0.134246 0.134246 0.134192
0.134192 0.134139 0.134139 0.134086 0.134086 0.134033 0.134033 0.133982 0.133982
0.13393 0.13393 0.13388 0.13388 0.13383 0.13383 0.13378 0.13378 0.133731
0.133731 0.133683 0.133683 0.133635 0.133635 0.133588 0.133588 0.133541 0.133541
0.133495 0.133495 0.133449 0.133449 0.133404 0.133404 0.133359 0.133359 0.133315
0.133315 0.133271 0.133271 0.133227 0.133227 0.133185 0.133185 0.133142 0.133142
0.1331 0.1331 0.133059 0.133059 0.133017 0.133017 0.132977 0.132977 0.132936
0.132936 0.132896 0.132896 0.132856 0.132856 0.132816 0.132816 0.132776 0.132776
0.132737 0.132737 0.132697 0.132697 0.132658 0.132658 0.132618 0.132618 0.132579
0.132579 0.132539 0.132539 0.1325 0.1325 0.13246 0.13246 0.13242 0.13242
0.132379 0.132379 0.132339 0.132339 0.132298 0.132298 0.132256 0.132256 0.132214
0.132214 0.132172 0.132172 0.132129 0.132129 0.132086 0.132086 0.132042 0.132042
0.131997 0.131997 0.131952 0.131952 0.131906 0.131906 0.13186 0.13186 0.131813
0.131813 0.131765 0.131765 0.131717 0.131717 0.131667 0.131667 0.131618 0.131618
0.131567 0.131567 0.131516 0.131516 0.131465 0.131465 0.131412 0.131412 0.131359
0.131359 0.131306 0.131306 0.131252 0.131252 0.131198 0.131198 0.131143 0.131143
0.131088 0.131088 0.131033 0.131033 0.130977 0.130977 0.130921 0.130921 0.130865
0.130865 0.130809 0.130809 0.130753 0.130753 0.130697 0.130697 0.130642 0.130642
0.130586 0.130586 0.130531 0.130531 0.130475 0.130475 0.13042 0.13042 0.130366
0.130366 0.130312 0.130312 0.130258 0.130258 0.130205 0.130205 0.130152 0.130152
0.130099 0.130099 0.130047 0.130047 0.129996 0.129996 0.129945 0.129945 0.129894
0.129894 0.129844 0.129844 0.129794 0.129794 0.129745 0.129745 0.129696 0.129696
0.129647 0.129647 0.129599 0.129599 0.12955 0.12955 0.129502 0.129502 0.129454
0.129454 0.129406 0.129406 0.129358 0.129358 0.12931 0.12931 0.129261 0.129261
0.129212 0.129212 0.129163 0.129163 0.129113 0.129113 0.129063 0.129063 0.129012
0.129012 0.128961 0.128961 0.128909 0.128909 0.128856 0.128856 0.128802 0.128802
0.128747 0.128747 0.128691 0.128691 0.128634 0.128634 0.128576 0.128576 0.128517
0.128517 0.128457 0.128457 0.128396 0.128396 0.128333 0.128333 0.128269 0.128269
0.128204 0.128204 0.128138 0.128138 0.128071 0.128071 0.128002 0.128002 0.127932
0.127932 0.127861 0.127861 0.127789 0.127789 0.127715 0.127715 0.12764 0.12764
0.127563 0.127563 0.127486 0.127486 0.127407 0.127407 0.127326 0.127326 0.127245
0.127245 0.127162 0.127162 0.127079 0.127079 0.126994 0.126994 0.126908 0.126908
0.126821 0.126821 0.126732 0.126732 0.126643 0.126643 0.126553 0.126553 0.126462
0.126462 0.12637 0.12637 0.126278 0.126278 0.126184 0.126184 0.12609 0.12609
0.125996 0.125996 0.1259 0.1259 0.125804 0.125804 0.125708 0.125708 0.125611
0.125611 0.125514 0.125514 0.125416 0.125416 0.125318 0.125318 0.12522 0.12522
0.125122 0.125122 0.125023 0.125023 0.124924 0.124924 0.124825 0.124825 0.124726
0.124726 0.124627 0.124627 0.124527 0.124527 0.124428 0.124428 0.124329 0.124329
0.124229 0.124229 0.12413 0.12413 0.12403 0.12403 0.123931 0.123931 0.123831
0.123831 0.123731 0.123731 0.123631 0.123631 0.12358 0.12358
        </DataArray>
        <DataArray type='Float32' Name='nut' format='ascii'>
0.000568147 0.000568147 0.000568083 0.000568083 0.000567954 0.000567954 0.000567825 0.000567825 0.000567695
0.000567695 0.000567566 0.000567566 0.000567437 0.000567437 0.000567307 0.000567307 0.000567178 0.000567178
0.000567048 0.000567048 0.000566919 0.000566919 0.000566789 0.000566789 0.000566659 0.000566659 0.000566529
0.000566529 0.000566399 0.000566399 0.000566269 0.000566269 0.000566138 0.000566138 0.000566008 0.000566008
0.000565878 0.000565878 0.000565747 0.000565747 0.000565616 0.000565616 0.000565486 0.000565486 0.000565355
0.000565355 0.000565224 0.000565224 0.000565093 0.000565093 0.000564962 0.000564962 0.000564831 0.000564831
0.000564699 0.000564699 0.000564568 0.000564568 0.000564436 0.000564436 0.000564305 0.000564305 0.000564173
0.000564173 0.000564041 0.000564041 0.000563909 0.000563909 0.000563778 0.000563778 0.000563646 0.000563646
0.000563513 0.000563513 0.000563381 0.000563381 0.000563249 0.000563249 0.000563116 0.000563116 0.000562984
0.000562984 0.000562851 0.000562851 0.000562719 0.000562719 0.000562586 0.000562586 0.000562453 0.000562453
0.00056232 0.00056232 0.000562187 0.000562187 0.000562054 0.000562054 0.00056192 0.00056192 0.000561787
0.000561787 0.000561654 0.000561654 0.00056152 0.00056152 0.000561387 0.000561387 0.000561253 0.000561253
0.000561119 0.000561119 0.000560985 0.000560985 0.000560851 0.000560851 0.000560717 0.000560717 0.000560583
0.000560583 0.000560449 0.000560449 0.000560314 0.000560314 0.00056018 0.00056018 0.000560045 0.000560045
0.000559911 0.000559911 0.000559776 0.000559776 0.000559641 0.000559641 0.000559507 0.000559507 0.000559372
0.000559372 0.000559237 0.000559237 0.000559101 0.000559101 0.000558966 0.000558966 0.000558831 0.000558831
0.000558696 0.000558696 0.00055856 0.00055856 0.000558425 0.000558425 0.000558289 0.000558289 0.000558153
0.000558153 0.000558018 0.000558018 0.000557882 0.000557882 0.000557746 0.000557746 0.00055761 0.00055761
0.000557475 0.000557475 0.000557339 0.000557339 0.000557203 0.000557203 0.000557067 0.000557067 0.000556931
0.000556931 0.000556795 0.000556795 0.00055666 0.00055666 0.000556524 0.000556524 0.000556389 0.000556389
0.000556253 0.000556253 0.000556118 0.000556118 0.000555983 0.000555983 0.000555849 0.000555849 0.000555714
0.000555714 0.00055558 0.00055558 0.000555447 0.000555447 0.000555313 0.000555313 0.000555181 0.000555181
0.000555049 0.000555049 0.000554917 0.000554917 0.000554786 0.000554786 0.000554656 0.000554656 0.000554527
0.000554527 0.000554399 0.000554399 0.000554271 0.000554271 0.000554145 0.000554145 0.00055402 0.00055402
0.000553895 0.000553895 0.000553773 0.000553773 0.000553651 0.000553651 0.000553531 0.000553531 0.000553413
0.000553413 0.000553296 0.000553296 0.000553181 0.000553181 0.000553067 0.000553067 0.000552955 0.000552955
0.000552845 0.000552845 0.000552737 0.000552737 0.000552631 0.000552631 0.000552527 0.000552527 0.000552425
0.000552425 0.000552325 0.000552325 0.000552227 0.000552227 0.000552132 0.000552132 0.000552038 0.000552038
0.000551947 0.000551947 0.000551858 0.000551858 0.000551771 0.000551771 0.000551687 0.000551687 0.000551604
0.000551604 0.000551524 0.000551524 0.000551446 0.000551446 0.00055137 0.00055137 0.000551296 0.000551296
0.000551224 0.000551224 0.000551154 0.000551154 0.000551086 0.000551086 0.00055102 0.00055102 0.000550956
0.000550956 0.000550894 0.000550894 0.000550833 0.000550833 0.000550774 0.000550774 0.000550717 0.000550717
0.000550661 0.000550661 0.000550607 0.000550607 0.000550554 0.000550554 0.000550503 0.000550503 0.000550452
0.000550452 0.000550403 0.000550403 0.000550355 0.000550355 0.000550309 0.000550309 0.000550263 0.000550263
0.000550218 0.000550218 0.000550174 0.000550174 0.00055013 0.00055013 0.000550088 0.000550088 0.000550046
0.000550046 0.000550005 0.000550005 0.000549964 0.000549964 0.000549924 0.000549924 0.000549884 0.000549884
0.000549845 0.000549845 0.000549806 0.000549806 0.000549768 0.000549768 0.000549729 0.000549729 0.000549691
0.000549691 0.000549654 0.000549654 0.000549616 0.000549616 0.000549579 0.000549579 0.000549541 0.000549541
0.000549504 0.000549504 0.000549467 0.000549467 0.00054943 0.00054943 0.000549393 0.000549393 0.000549357
0.000549357 0.00054932 0.00054932 0.000549283 0.000549283 0.000549246 0.000549246 0.000549209 0.000549209
0.000549173 0.000549173 0.000549136 0.000549136 0.000549099 0.000549099 0.000549062 0.000549062 0.000549025
0.000549025 0.000548988 0.000548988 0.000548951 0.000548951 0.000548914 0.000548914 0.000548877 0.000548877
0.000548839 0.000548839 0.000548802 0.000548802 0.000548765 0.000548765 0.000548727 0.000548727 0.00054869
0.00054869 0.000548652 0.000548652 0.000548614 0.000548614 0.000548577 0.000548577 0.000548539 0.000548539
0.000548501 0.000548501 0.000548463 0.000548463 0.000548425 0.000548425 0.000548387 0.000548387 0.000548349
0.000548349 0.000548311 0.000548311 0.000548272 0.000548272 0.000548234 0.000548234 0.000548196 0.000548196
0.000548157 0.000548157 0.000548118 0.000548118 0.00054808 0.00054808 0.000548041 0.000548041 0.000548002
0.000548002 0.000547964 0.000547964 0.000547925 0.000547925 0.000547886 0.000547886 0.000547847 0.000547847
0.000547808 0.000547808 0.000547769 0.000547769 0.000547729 0.000547729 0.00054769 0.00054769 0.000547651
0.000547651 0.000547612 0.000547612 0.000547572 0.000547572 0.000547533 0.000547533 0.000547493 0.000547493
0.000547454 0.000547454 0.000547414 0.000547414 0.000547374 0.000547374 0.000547335 0.000547335 0.000547295
0.000547295 0.000547255 0.000547255 0.000547215 0.000547215 0.000547175 0.000547175 0.000547135 0.000547135
0.000547095 0.000547095 0.000547055 0.000547055 0.000547015 0.000547015 0.000546975 0.000546975 0.000546934
0.000546934 0.000546894 0.000546894 0.000546854 0.000546854 0.000546813 0.000546813 0.000546773 0.000546773
0.000546732 0.000546732 0.000546692 0.000546692 0.000546651 0.000546651 0.000546611 0.000546611 0.00054657
0.00054657 0.000546529 0.000546529 0.000546488 0.000546488 0.000546448 0.000546448 0.000546407 0.000546407
0.000546366 0.000546366 0.000546325 0.000546325 0.000546284 0.000546284 0.000546243 0.000546243 0.000546202
0.000546202 0.000546161 0.000546161 0.00054612 0.00054612 0.000546079 0.000546079 0.000546038 0.000546038
0.000545996 0.000545996 0.000545955 0.000545955 0.000545914 0.000545914 0.000545873 0.000545873 0.000545831
0.000545831 0.00054579 0.00054579 0.000545749 0.000545749 0.000545707 0.000545707 0.000545666 0.000545666
0.000545625 0.000545625 0.000545583 0.000545583 0.000545542 0.000545542 0.0005455 0.0005455 0.000545459
0.000545459 0.000545418 0.000545418 0.000545376 0.000545376 0.000545335 0.000545335 0.000545293 0.000545293
0.000545252 0.000545252 0.000545211 0.000545211 0.000545169 0.000545169 0.000545128 0.000545128 0.000545087
0.000545087 0.000545045 0.000545045 0.000545004 0.000545004 0.000544963 0.000544963 0.000544922 0.000544922
0.000544881 0.000544881 0.00054484 0.00054484 0.000544799 0.000544799 0.000544758 0.000544758 0.000544717
0.000544717 0.000544676 0.000544676 0.000544635 0.000544635 0.000544594 0.000544594 0.000544554 0.000544554
0.000544513 0.000544513 0.000544473 0.000544473 0.000544433 0.000544433 0.000544393 0.000544393 0.000544353
0.000544353 0.000544313 0.000544313 0.000544273 0.000544273 0.000544233 0.000544233 0.000544194 0.000544194
0.000544155 0.000544155 0.000544116 0.000544116 0.000544077 0.000544077 0.000544038 0.000544038 0.000544
0.000544 0.000543962 0.000543962 0.000543924 0.000543924 0.000543886 0.000543886 0.000543848 0.000543848
0.000543811 0.000543811 0.000543774 0.000543774 0.000543738 0.000543738 0.000543702 0.000543702 0.000543666
0.000543666 0.00054363 0.00054363 0.000543595 0.000543595 0.00054356 0.00054356 0.000543526 0.000543526
0.000543492 0.000543492 0.000543458 0.000543458 0.000543425 0.000543425 0.000543392 0.000543392 0.00054336
0.00054336 0.000543329 0.000543329 0.000543297 0.000543297 0.000543267 0.000543267 0.000543237 0.000543237
0.000543207 0.000543207 0.000543179 0.000543179 0.00054315 0.00054315 0.000543123 0.000543123 0.000543096
0.000543096 0.00054307 0.00054307 0.000543044 0.000543044 0.000543019 0.000543019 0.000542995 0.000542995
0.000542971 0.000542971 0.000542949 0.000542949 0.000542927 0.000542927 0.000542906 0.000542906 0.000542886
0.000542886 0.000542866 0.000542866 0.000542847 0.000542847 0.00054283 0.00054283 0.000542813 0.000542813
0.000542797 0.000542797 0.000542781 0.000542781 0.000542767 0.000542767 0.000542753 0.000542753 0.000542741
0.000542741 0.000542729 0.000542729 0.000542718 0.000542718 0.000542707 0.000542707 0.000542698 0.000542698
0.000542689 0.000542689 0.000542681 0.000542681 0.000542674 0.000542674 0.000542668 0.000542668 0.000542662
0.000542662 0.000542657 0.000542657 0.000542652 0.000542652 0.000542648 0.000542648 0.000542645 0.000542645
0.000542642 0.000542642 0.00054264 0.00054264 0.000542638 0.000542638 0.000542637 0.000542637 0.000542636
0.000542636 0.000542635 0.000542635 0.000542634 0.000542634 0.000542634 0.000542634 0.000542634 0.000542634
0.000542633 0.000542633 0.000542633 0.000542633 0.000542632 0.000542632 0.000542631 0.000542631 0.00054263
0.00054263 0.000542629 0.000542629 0.000542627 0.000542627 0.000542624 0.000542624 0.000542621 0.000542621
0.000542617 0.000542617 0.000542613 0.000542613 0.000542608 0.000542608 0.000542601 0.000542601 0.000542594
0.000542594 0.000542586 0.000542586 0.000542576 0.000542576 0.000542566 0.000542566 0.000542554 0.000542554
0.000542541 0.000542541 0.000542527 0.000542527 0.000542512 0.000542512 0.000542495 0.000542495 0.000542477
0.000542477 0.000542457 0.000542457 0.000542437 0.000542437 0.000542415 0.000542415 0.000542392 0.000542392
0.000542367 0.000542367 0.000542341 0.000542341 0.000542315 0.000542315 0.000542287 0.000542287 0.000542258
0.000542258 0.000542228 0.000542228 0.000542197 0.000542197 0.000542165 0.000542165 0.000542133 0.000542133
0.0005421 0.0005421 0.000542066 0.000542066 0.000542032 0.000542032 0.000541998 0.000541998 0.000541964
0.000541964 0.00054193 0.00054193 0.000541895 0.000541895 0.000541862 0.000541862 0.000541828 0.000541828
0.000541795 0.000541795 0.000541762 0.000541762 0.00054173 0.00054173 0.000541699 0.000541699 0.000541668
0.000541668 0.000541638 0.000541638 0.000541609 0.000541609 0.000541581 0.000541581 0.000541555 0.000541555
0.000541529 0.000541529 0.000541505 0.000541505 0.000541481 0.000541481 0.000541459 0.000541459 0.000541438
0.000541438 0.000541418 0.000541418 0.0005414 0.0005414 0.000541382 0.000541382 0.000541366 0.000541366
0.00054135 0.00054135 0.000541335 0.000541335 0.000541321 0.000541321 0.000541307 0.000541307 0.000541295
0.000541295 0.000541282 0.000541282 0.00054127 0.00054127 0.000541258 0.000541258 0.000541246 0.000541246
0.000541233 0.000541233 0.000541221 0.000541221 0.000541208 0.000541208 0.000541195 0.000541195 0.00054118
0.00054118 0.000541165 0.000541165 0.000541149 0.000541149 0.000541132 0.000541132 0.000541114 0.000541114
0.000541094 0.000541094 0.000541073 0.000541073 0.00054105 0.00054105 0.000541026 0.000541026 0.000541
0.000541 0.000540971 0.000540971 0.000540941 0.000540941 0.000540909 0.000540909 0.000540876 0.000540876
0.00054084 0.00054084 0.000540803 0.000540803 0.000540763 0.000540763 0.000540721 0.000540721 0.000540678
0.000540678 0.000540632 0.000540632 0.000540584 0.000540584 0.000540534 0.000540534 0.000540481 0.000540481
0.000540427 0.000540427 0.00054037 0.00054037 0.000540311 0.000540311 0.000540251 0.000540251 0.000540188
0.000540188 0.000540123 0.000540123 0.000540056 0.000540056 0.000539987 0.000539987 0.000539917 0.000539917
0.000539845 0.000539845 0.000539771 0.000539771 0.000539695 0.000539695 0.000539618 0.000539618 0.000539539
0.000539539 0.00053946 0.00053946 0.000539379 0.000539379 0.000539296 0.000539296 0.000539213 0.000539213
0.000539129 0.000539129 0.000539044 0.000539044 0.000538959 0.000538959 0.000538873 0.000538873 0.000538786
0.000538786 0.0005387 0.0005387 0.000538613 0.000538613 0.000538526 0.000538526 0.000538439 0.000538439
0.000538352 0.000538352 0.000538265 0.000538265 0.000538179 0.000538179 0.000538093 0.000538093 0.000538008
0.000538008 0.000537923 0.000537923 0.000537839 0.000537839 0.000537756 0.000537756 0.000537673 0.000537673
0.000537591 0.000537591 0.00053751 0.00053751 0.00053743 0.00053743 0.000537351 0.000537351 0.000537272
0.000537272 0.000537194 0.000537194 0.000537115 0.000537115 0.000537075 0.000537075
        </DataArray>
        <DataArray type='Float32' Name='omega' format='ascii'>
315.645 315.645 315.466 315.466 315.108 315.108 314.749 314.749 314.391
314.391 314.033 314.033 313.675 313.675 313.317 313.317 312.96 312.96
312.602 312.602 312.244 312.244 311.887 311.887 311.529 311.529 311.172
311.172 310.815 310.815 310.457 310.457 310.1 310.1 309.743 309.743
309.386 309.386 309.029 309.029 308.672 308.672 308.315 308.315 307.959
307.959 307.602 307.602 307.245 307.245 306.889 306.889 306.532 306.532
306.176 306.176 305.82 305.82 305.463 305.463 305.107 305.107 304.751
304.751 304.395 304.395 304.039 304.039 303.683 303.683 303.328 303.328
302.972 302.972 302.616 302.616 302.261 302.261 301.905 301.905 301.55
301.55 301.195 301.195 300.84 300.84 300.485 300.485 300.13 300.13
299.775 299.775 299.42 299.42 299.065 299.065 298.711 298.711 298.356
298.356 298.002 298.002 297.647 297.647 297.293 297.293 296.939 296.939
296.585 296.585 296.231 296.231 295.877 295.877 295.523 295.523 295.17
295.17 294.816 294.816 294.463 294.463 294.109 294.109 293.756 293.756
293.403 293.403 293.05 293.05 292.697 292.697 292.344 292.344 291.992
291.992 291.639 291.639 291.287 291.287 290.934 290.934 290.582 290.582
290.23 290.23 289.878 289.878 289.526 289.526 289.174 289.174 288.823
288.823 288.471 288.471 288.12 288.12 287.769 287.769 287.418 287.418
287.067 287.067 286.717 286.717 286.366 286.366 286.016 286.016 285.666
285.666 285.317 285.317 284.967 284.967 284.618 284.618 284.27 284.27
283.921 283.921 283.574 283.574 283.226 283.226 282.88 282.88 282.534
282.534 282.188 282.188 281.843 281.843 281.5 281.5 281.156 281.156
280.814 280.814 280.473 280.473 280.134 280.134 279.795 279.795 279.458
279.458 279.122 279.122 278.788 278.788 278.456 278.456 278.125 278.125
277.796 277.796 277.47 277.47 277.146 277.146 276.824 276.824 276.505
276.505 276.189 276.189 275.875 275.875 275.565 275.565 275.257 275.257
274.953 274.953 274.653 274.653 274.356 274.356 274.063 274.063 273.773
273.773 273.488 273.488 273.207 273.207 272.93 272.93 272.657 272.657
272.389 272.389 272.125 272.125 271.866 271.866 271.611 271.611 271.361
271.361 271.116 271.116 270.876 270.876 270.641 270.641 270.41 270.41
270.184 270.184 269.964 269.964 269.747 269.747 269.536 269.536 269.33
269.33 269.128 269.128 268.931 268.931 268.738 268.738 268.55 268.55
268.366 268.366 268.187 268.187 268.012 268.012 267.841 267.841 267.674
267.674 267.511 267.511 267.352 267.352 267.196 267.196 267.044 267.044
266.896 266.896 266.751 266.751 266.608 266.608 266.469 266.469 266.333
266.333 266.2 266.2 266.069 266.069 265.941 265.941 265.815 265.815
265.691 265.691 265.57 265.57 265.45 265.45 265.333 265.333 265.217
265.217 265.103 265.103 264.99 264.99 264.879 264.879 264.77 264.77
264.661 264.661 264.554 264.554 264.448 264.448 264.343 264.343 264.239
264.239 264.135 264.135 264.033 264.033 263.931 263.931 263.83 263.83
263.73 263.73 263.63 263.63 263.531 263.531 263.432 263.432 263.333
263.333 263.235 263.235 263.137 263.137 263.04 263.04 262.942 262.942
262.845 262.845 262.749 262.749 262.652 262.652 262.555 262.555 262.459
262.459 262.362 262.362 262.266 262.266 262.17 262.17 262.074 262.074
261.977 261.977 261.881 261.881 261.785 261.785 261.689 261.689 261.593
261.593 261.496 261.496 261.4 261.4 261.304 261.304 261.207 261.207
261.111 261.111 261.014 261.014 260.917 260.917 260.821 260.821 260.724
260.724 260.627 260.627 260.53 260.53 260.433 260.433 260.335 260.335
260.238 260.238 260.141 260.141 260.043 260.043 259.946 259.946 259.848
259.848 259.75 259.75 259.652 259.652 259.554 259.554 259.456 259.456
259.357 259.357 259.259 259.259 259.16 259.16 259.062 259.062 258.963
258.963 258.864 258.864 258.765 258.765 258.666 258.666 258.567 258.567
258.467 258.467 258.368 258.368 258.268 258.268 258.169 258.169 258.069
258.069 257.969 257.969 257.869 257.869 257.769 257.769 257.669 257.669
257.569 257.569 257.468 257.468 257.368 257.368 257.267 257.267 257.166
257.166 257.065 257.065 256.964 256.964 256.863 256.863 256.762 256.762
256.661 256.661 256.56 256.56 256.458 256.458 256.357 256.357 256.255
256.255 256.153 256.153 256.051 256.051 255.949 255.949 255.847 255.847
255.745 255.745 255.643 255.643 255.541 255.541 255.439 255.439 255.336
255.336 255.234 255.234 255.131 255.131 255.028 255.028 254.926 254.926
254.823 254.823 254.72 254.72 254.617 254.617 254.514 254.514 254.411
254.411 254.308 254.308 254.205 254.205 254.101 254.101 253.998 253.998
253.895 253.895 253.791 253.791 253.688 253.688 253.585 253.585 253.481
253.481 253.378 253.378 253.274 253.274 253.17 253.17 253.067 253.067
252.963 252.963 252.86 252.86 252.756 252.756 252.652 252.652 252.549
252.549 252.445 252.445 252.342 252.342 252.238 252.238 252.134 252.134
252.031 252.031 251.927 251.927 251.824 251.824 251.721 251.721 251.617
251.617 251.514 251.514 251.411 251.411 251.308 251.308 251.205 251.205
251.102 251.102 250.999 250.999 250.896 250.896 250.794 250.794 250.691
250.691 250.589 250.589 250.486 250.486 250.384 250.384 250.283 250.283
250.181 250.181 250.079 250.079 249.978 249.978 249.877 249.877 249.776
249.776 249.675 249.675 249.575 249.575 249.475 249.475 249.375 249.375
249.275 249.275 249.176 249.176 249.077 249.077 248.978 248.978 248.88
248.88 248.782 248.782 248.684 248.684 248.587 248.587 248.49 248.49
248.394 248.394 248.298 248.298 248.202 248.202 248.107 248.107 248.012
248.012 247.918 247.918 247.824 247.824 247.731 247.731 247.638 247.638
247.546 247.546 247.454 247.454 247.363 247.363 247.273 247.273 247.183
247.183 247.093 247.093 247.004 247.004 246.916 246.916 246.829 246.829
246.742 246.742 246.655 246.655 246.57 246.57 246.484 246.484 246.4
246.4 246.316 246.316 246.233 246.233 246.151 246.151 246.069 246.069
245.987 245.987 245.907 245.907 245.826 245.826 245.747 245.747 245.668
245.668 245.589 245.589 245.512 245.512 245.434 245.434 245.358 245.358
245.282 245.282 245.206 245.206 245.131 245.131 245.056 245.056 244.982
244.982 244.908 244.908 244.835 244.835 244.762 244.762 244.689 244.689
244.616 244.616 244.543 244.543 244.471 244.471 244.399 244.399 244.327
244.327 244.254 244.254 244.182 244.182 244.11 244.11 244.037 244.037
243.965 243.965 243.892 243.892 243.818 243.818 243.745 243.745 243.671
243.671 243.597 243.597 243.522 243.522 243.447 243.447 243.371 243.371
243.294 243.294 243.218 243.218 243.14 243.14 243.062 243.062 242.983
242.983 242.904 242.904 242.824 242.824 242.743 242.743 242.662 242.662
242.58 242.58 242.497 242.497 242.414 242.414 242.33 242.33 242.245
242.245 242.16 242.16 242.075 242.075 241.989 241.989 241.902 241.902
241.815 241.815 241.728 241.728 241.64 241.64 241.552 241.552 241.464
241.464 241.376 241.376 241.288 241.288 241.2 241.2 241.113 241.113
241.025 241.025 240.937 240.937 240.849 240.849 240.762 240.762 240.675
240.675 240.588 240.588 240.502 240.502 240.416 240.416 240.33 240.33
240.244 240.244 240.159 240.159 240.074 240.074 239.99 239.99 239.906
239.906 239.822 239.822 239.738 239.738 239.655 239.655 239.572 239.572
239.489 239.489 239.406 239.406 239.323 239.323 239.24 239.24 239.157
239.157 239.073 239.073 238.99 238.99 238.906 238.906 238.821 238.821
238.737 238.737 238.651 238.651 238.565 238.565 238.478 238.478 238.391
238.391 238.302 238.302 238.213 238.213 238.122 238.122 238.031 238.031
237.938 237.938 237.844 237.844 237.749 237.749 237.653 237.653 237.555
237.555 237.456 237.456 237.356 237.356 237.254 237.254 237.151 237.151
237.047 237.047 236.941 236.941 236.834 236.834 236.725 236.725 236.615
236.615 236.503 236.503 236.39 236.39 236.275 236.275 236.159 236.159
236.042 236.042 235.923 235.923 235.802 235.802 235.68 235.68 235.557
235.557 235.432 235.432 235.306 235.306 235.179 235.179 235.05 235.05
234.92 234.92 234.789 234.789 234.657 234.657 234.524 234.524 234.389
234.389 234.254 234.254 234.117 234.117 233.98 233.98 233.841 233.841
233.702 233.702 233.562 233.562 233.421 233.421 233.28 233.28 233.137
233.137 232.994 232.994 232.85 232.85 232.706 232.706 232.561 232.561
232.416 232.416 232.27 232.27 232.123 232.123 231.976 231.976 231.829
231.829 231.681 231.681 231.533 231.533 231.384 231.384 231.235 231.235
231.085 231.085 230.935 230.935 230.784 230.784 230.633 230.633 230.481
230.481 230.329 230.329 230.175 230.175 230.098 230.098
        </DataArray>
        <DataArray type='Float32' Name='p' format='ascii'>
15.8286 15.8286 15.8286 15.8286 15.8284 15.8284 15.8281 15.8281 15.8277
15.8277 15.8272 15.8272 15.8265 15.8265 15.8258 15.8258 15.8249 15.8249
15.8239 15.8239 15.8228 15.8228 15.8216 15.8216 15.8202 15.8202 15.8187
15.8187 15.8171 15.8171 15.8154 15.8154 15.8135 15.8135 15.8115 15.8115
15.8094 15.8094 15.8072 15.8072 15.8048 15.8048 15.8023 15.8023 15.7997
15.7997 15.797 15.797 15.7941 15.7941 15.7911 15.7911 15.788 15.788
15.7847 15.7847 15.7813 15.7813 15.7778 15.7778 15.7741 15.7741 15.7704
15.7704 15.7664 15.7664 15.7624 15.7624 15.7582 15.7582 15.7539 15.7539
15.7494 15.7494 15.7449 15.7449 15.7402 15.7402 15.7353 15.7353 15.7303
15.7303 15.7252 15.7252 15.72 15.72 15.7146 15.7146 15.7091 15.7091
15.7034 15.7034 15.6976 15.6976 15.6917 15.6917 15.6856 15.6856 15.6794
15.6794 15.6731 15.6731 15.6666 15.6666 15.66 15.66 15.6533 15.6533
15.6464 15.6464 15.6394 15.6394 15.6322 15.6322 15.625 15.625 15.6175
15.6175 15.61 15.61 15.6023 15.6023 15.5944 15.5944 15.5865 15.5865
15.5784 15.5784 15.5701 15.5701 15.5617 15.5617 15.5532 15.5532 15.5446
15.5446 15.5358 15.5358 15.5269 15.5269 15.5178 15.5178 15.5086 15.5086
15.4993 15.4993 15.4898 15.4898 15.4802 15.4802 15.4704 15.4704 15.4605
15.4605 15.4505 15.4505 15.4404 15.4404 15.4301 15.4301 15.4196 15.4196
15.4091 15.4091 15.3984 15.3984 15.3875 15.3875 15.3765 15.3765 15.3654
15.3654 15.3541 15.3541 15.3428 15.3428 15.3312 15.3312 15.3195 15.3195
15.3077 15.3077 15.2958 15.2958 15.2837 15.2837 15.2715 15.2715 15.2591
15.2591 15.2466 15.2466 15.234 15.234 15.2212 15.2212 15.2083 15.2083
15.1952 15.1952 15.182 15.182 15.1686 15.1686 15.1552 15.1552 15.1415
15.1415 15.1278 15.1278 15.1138 15.1138 15.0998 15.0998 15.0856 15.0856
15.0712 15.0712 15.0567 15.0567 15.0421 15.0421 15.0273 15.0273 15.0124
15.0124 14.9973 14.9973 14.982 14.982 14.9667 14.9667 14.9511 14.9511
14.9354 14.9354 14.9196 14.9196 14.9036 14.9036 14.8875 14.8875 14.8712
14.8712 14.8547 14.8547 14.8381 14.8381 14.8213 14.8213 14.8044 14.8044
14.7873 14.7873 14.77 14.77 14.7526 14.7526 14.735 14.735 14.7172
14.7172 14.6993 14.6993 14.6812 14.6812 14.6629 14.6629 14.6444 14.6444
14.6258 14.6258 14.607 14.607 14.588 14.588 14.5688 14.5688 14.5495
14.5495 14.5299 14.5299 14.5102 14.5102 14.4903 14.4903 14.4702 14.4702
14.4499 14.4499 14.4294 14.4294 14.4086 14.4086 14.3877 14.3877 14.3666
14.3666 14.3453 14.3453 14.3237 14.3237 14.302 14.302 14.28 14.28
14.2578 14.2578 14.2353 14.2353 14.2127 14.2127 14.1898 14.1898 14.1667
14.1667 14.1433 14.1433 14.1197 14.1197 14.0958 14.0958 14.0717 14.0717
14.0473 14.0473 14.0226 14.0226 13.9977 13.9977 13.9725 13.9725 13.9471
13.9471 13.9213 13.9213 13.8953 13.8953 13.8689 13.8689 13.8423 13.8423
13.8154 13.8154 13.7881 13.7881 13.7605 13.7605 13.7326 13.7326 13.7044
13.7044 13.6758 13.6758 13.6469 13.6469 13.6176 13.6176 13.588 13.588
13.558 13.558 13.5276 13.5276 13.4968 13.4968 13.4657 13.4657 13.4341
13.4341 13.4021 13.4021 13.3697 13.3697 13.3369 13.3369 13.3036 13.3036
13.2698 13.2698 13.2356 13.2356 13.201 13.201 13.1658 13.1658 13.1301
13.1301 13.094 13.094 13.0573 13.0573 13.0201 13.0201 12.9823 12.9823
12.9439 12.9439 12.905 12.905 12.8655 12.8655 12.8254 12.8254 12.7847
12.7847 12.7433 12.7433 12.7013 12.7013 12.6586 12.6586 12.6153 12.6153
12.5712 12.5712 12.5264 12.5264 12.4809 12.4809 12.4346 12.4346 12.3875
12.3875 12.3397 12.3397 12.291 12.291 12.2415 12.2415 12.1911 12.1911
12.1399 12.1399 12.0877 12.0877 12.0346 12.0346 11.9805 11.9805 11.9255
11.9255 11.8695 11.8695 11.8124 11.8124 11.7543 11.7543 11.695 11.695
11.6347 11.6347 11.5732 11.5732 11.5105 11.5105 11.4466 11.4466 11.3815
11.3815 11.3151 11.3151 11.2474 11.2474 11.1784 11.1784 11.1079 11.1079
11.0361 11.0361 10.9627 10.9627 10.8879 10.8879 10.8115 10.8115 10.7336
10.7336 10.654 10.654 10.5728 10.5728 10.4899 10.4899 10.4051 10.4051
10.3186 10.3186 10.2302 10.2302 10.14 10.14 10.0477 10.0477 9.95343
9.95343 9.85709 9.85709 9.75862 9.75862 9.65796 9.65796 9.55505 9.55505
9.44984 9.44984 9.34225 9.34225 9.23222 9.23222 9.11969 9.11969 9.00458
9.00458 8.88683 8.88683 8.76636 8.76636 8.64309 8.64309 8.51696 8.51696
8.38788 8.38788 8.25576 8.25576 8.12054 8.12054 7.98211 7.98211 7.8404
7.8404 7.69531 7.69531 7.54675 7.54675 7.39463 7.39463 7.23884 7.23884
7.07929 7.07929 6.91587 6.91587 6.74849 6.74849 6.57702 6.57702 6.40137
6.40137 6.22141 6.22141 6.03703 6.03703 5.84811 5.84811 5.65452 5.65452
5.45615 5.45615 5.25285 5.25285 5.04451 5.04451 4.83098 4.83098 4.61213
4.61213 4.38781 4.38781 4.15788 4.15788 3.92219 3.92219 3.68058 3.68058
3.43291 3.43291 3.17901 3.17901 2.91872 2.91872 2.65188 2.65188 2.37831
2.37831 2.09784 2.09784 1.81029 1.81029 1.51548 1.51548 1.21323 1.21323
0.903346 0.903346 0.585642 0.585642 0.259918 0.259918 -0.0740239 -0.0740239 -0.416387
-0.416387 -0.767378 -0.767378 -1.12721 -1.12721 -1.49609 -1.49609 -1.87424 -1.87424
-2.26187 -2.26187 -2.65922 -2.65922 -3.06651 -3.06651 -3.48397 -3.48397 -3.91183
-3.91183 -4.35033 -4.35033 -4.79971 -4.79971 -5.2602 -5.2602 -5.73205 -5.73205
-6.21551 -6.21551 -6.71082 -6.71082 -7.21823 -7.21823 -7.73799 -7.73799 -8.27036
-8.27036 -8.81557 -8.81557 -9.37389 -9.37389 -9.94557 -9.94557 -10.5309 -10.5309
-11.13 -11.13 -11.7433 -11.7433 -12.3709 -12.3709 -13.0131 -13.0131 -13.6701
-13.6701 -14.3423 -14.3423 -15.0297 -15.0297 -15.7327 -15.7327 -16.4515 -16.4515
-17.1863 -17.1863 -17.9373 -17.9373 -18.7047 -18.7047 -19.4887 -19.4887 -20.2894
-20.2894 -21.1072 -21.1072 -21.9421 -21.9421 -22.7942 -22.7942 -23.6638 -23.6638
-24.551 -24.551 -25.4558 -25.4558 -26.3783 -26.3783 -27.3187 -27.3187 -28.277
-28.277 -29.2532 -29.2532 -30.2473 -30.2473 -31.2593 -31.2593 -32.2892 -32.2892
-33.337 -33.337 -34.4025 -34.4025 -35.4856 -35.4856 -36.5862 -36.5862 -37.7041
-37.7041 -38.8391 -38.8391 -39.9909 -39.9909 -41.1593 -41.1593 -42.3439 -42.3439
-43.5445 -43.5445 -44.7605 -44.7605 -45.9915 -45.9915 -47.2371 -47.2371 -48.4967
-48.4967 -49.7697 -49.7697 -51.0555 -51.0555 -52.3535 -52.3535 -53.663 -53.663
-54.9831 -54.9831 -56.3131 -56.3131 -57.652 -57.652 -58.9989 -58.9989 -60.3528
-60.3528 -61.7127 -61.7127 -63.0776 -63.0776 -64.4463 -64.4463 -65.8177 -65.8177
-67.1906 -67.1906 -68.5636 -68.5636 -69.9352 -69.9352 -71.3039 -71.3039 -72.6683
-72.6683 -74.0268 -74.0268 -75.3781 -75.3781 -76.7205 -76.7205 -78.0525 -78.0525
-79.3725 -79.3725 -80.6788 -80.6788 -81.9696 -81.9696 -83.2432 -83.2432 -84.4977
-84.4977 -85.7312 -85.7312 -86.9418 -86.9418 -88.1274 -88.1274 -89.2863 -89.2863
-90.4166 -90.4166 -91.5163 -91.5163 -92.5837 -92.5837 -93.617 -93.617 -94.6142
-94.6142 -95.5737 -95.5737 -96.4937 -96.4937 -97.3724 -97.3724 -98.2081 -98.2081
-98.9991 -98.9991 -99.7439 -99.7439 -100.441 -100.441 -101.088 -101.088 -101.685
-101.685 -102.23 -102.23 -102.721 -102.721 -103.158 -103.158 -103.539 -103.539
-103.864 -103.864 -104.131 -104.131 -104.34 -104.34 -104.49 -104.49 -104.578
-104.578 -104.607 -104.607 -104.575 -104.575 -104.484 -104.484 -104.332 -104.332
-104.12 -104.12 -103.848 -103.848 -103.515 -103.515 -103.123 -103.123 -102.673
-102.673 -102.164 -102.164 -101.597 -101.597 -100.973 -100.973 -100.293 -100.293
-99.5592 -99.5592 -98.7728 -98.7728 -97.9357 -97.9357 -97.0493 -97.0493 -96.1148
-96.1148 -95.1332 -95.1332 -94.1057 -94.1057 -93.034 -93.034 -91.9202 -91.9202
-90.7667 -90.7667 -89.5758 -89.5758 -88.3498 -88.3498 -87.0904 -87.0904 -85.7996
-85.7996 -84.4793 -84.4793 -83.1318 -83.1318 -81.7594 -81.7594 -80.3643 -80.3643
-78.9489 -78.9489 -77.5152 -77.5152 -76.0652 -76.0652 -74.601 -74.601 -73.1245
-73.1245 -71.6375 -71.6375 -70.1421 -70.1421 -68.6401 -68.6401 -67.1334 -67.1334
-65.624 -65.624 -64.1138 -64.1138 -62.6044 -62.6044 -61.0975 -61.0975 -59.595
-59.595 -58.0981 -58.0981 -56.6084 -56.6084 -55.1271 -55.1271 -53.6554 -53.6554
-52.1946 -52.1946 -50.7458 -50.7458 -49.3103 -49.3103 -47.8889 -47.8889 -46.4825
-46.4825 -45.092 -45.092 -43.7184 -43.7184 -42.3624 -42.3624 -41.0249 -41.0249
-39.7063 -39.7063 -38.4069 -38.4069 -37.1269 -37.1269 -35.8665 -35.8665 -34.626
-34.626 -33.4061 -33.4061 -32.2073 -32.2073 -31.0298 -31.0298 -29.8741 -29.8741
-28.74 -28.74 -27.6273 -27.6273 -26.5356 -26.5356 -25.4645 -25.4645 -24.4135
-24.4135 -23.3824 -23.3824 -22.3707 -22.3707 -21.3782 -21.3782 -20.4048 -20.4048
-19.4502 -19.4502 -18.5141 -18.5141 -17.5962 -17.5962 -16.6961 -16.6961 -15.8132
-15.8132 -14.947 -14.947 -14.0967 -14.0967 -13.2617 -13.2617 -12.4412 -12.4412
-11.6343 -11.6343 -10.8403 -10.8403 -10.0584 -10.0584 -9.28766 -9.28766 -8.52738
-8.52738 -7.77671 -7.77671 -7.03487 -7.03487 -6.30105 -6.30105 -5.57441 -5.57441
-4.85421 -4.85421 -4.13937 -4.13937 -3.42984 -3.42984 -2.72235 -2.72235 -2.0239
-2.0239 -1.31262 -1.31262 -0.673131 -0.673131 -0.400713 -0.400713
        </DataArray>
        <DataArray type='Float32' Name='U' NumberOfComponents='3' format='ascii'>
34.6 0 8.23428e-22 34.6 0 8.23428e-22 34.6 0 2.15168e-22
34.6 0 2.15168e-22 34.6 0 -2.90246e-21 34.6 0 -2.90246e-21
34.6 0 -1.1433e-21 34.6 0 -1.1433e-21 34.6 0 1.78736e-21
34.6 0 1.78736e-21 34.6 0 5.92575e-22 34.6 0 5.92575e-22
34.6001 0 1.9453e-22 34.6001 0 1.9453e-22 34.6001 0 1.81988e-22
34.6001 0 1.81988e-22 34.6001 0 1.64706e-22 34.6001 0 1.64706e-22
34.6001 0 -4.63125e-22 34.6001 0 -4.63125e-22 34.6002 0 -6.00063e-22
34.6002 0 -6.00063e-22 34.6002 0 3.37571e-22 34.6002 0 3.37571e-22
34.6002 0 1.07604e-22 34.6002 0 1.07604e-22 34.6003 0 6.05327e-23
34.6003 0 6.05327e-23 34.6003 0 5.61531e-23 34.6003 0 5.61531e-23
34.6004 0 -8.66343e-22 34.6004 0 -8.66343e-22 34.6004 0 -5.57993e-22
34.6004 0 -5.57993e-22 34.6005 0 5.75012e-22 34.6005 0 5.75012e-22
34.6006 0 1.24893e-21 34.6006 0 1.24893e-21 34.6006 0 -1.18235e-21
34.6006 0 -1.18235e-21 34.6007 0 -4.76886e-22 34.6007 0 -4.76886e-22
34.6008 0 8.86275e-22 34.6008 0 8.86275e-22 34.6008 0 -1.14683e-21
34.6008 0 -1.14683e-21 34.6009 0 -1.24195e-21 34.6009 0 -1.24195e-21
34.601 0 1.83981e-21 34.601 0 1.83981e-21 34.6011 0 1.9428e-21
34.6011 0 1.9428e-21 34.6012 0 1.50446e-21 34.6012 0 1.50446e-21
34.6013 0 -9.81212e-23 34.6013 0 -9.81212e-23 34.6014 0 -2.45024e-21
34.6014 0 -2.45024e-21 34.6015 0 1.52592e-22 34.6015 0 1.52592e-22
34.6016 0 2.21392e-21 34.6016 0 2.21392e-21 34.6017 0 -2.13205e-21
34.6017 0 -2.13205e-21 34.6018 0 -1.69383e-21 34.6018 0 -1.69383e-21
34.6019 0 3.15515e-21 34.6019 0 3.15515e-21 34.602 0 1.72207e-21
34.602 0 1.72207e-21 34.6022 0 4.56556e-22 34.6022 0 4.56556e-22
34.6023 0 -1.34697e-21 34.6023 0 -1.34697e-21 34.6024 0 -2.25658e-21
34.6024 0 -2.25658e-21 34.6026 0 -7.35043e-22 34.6026 0 -7.35043e-22
34.6027 0 8.03455e-23 34.6027 0 8.03455e-23 34.6028 0 1.47495e-22
34.6028 0 1.47495e-22 34.603 0 1.89549e-21 34.603 0 1.89549e-21
34.6031 0 7.19429e-22 34.6031 0 7.19429e-22 34.6033 0 -5.51449e-21
34.6033 0 -5.51449e-21 34.6034 0 1.22931e-21 34.6034 0 1.22931e-21
34.6036 0 3.08292e-21 34.6036 0 3.08292e-21 34.6038 0 -5.46687e-21
34.6038 0 -5.46687e-21 34.6039 0 4.04638e-21 34.6039 0 4.04638e-21
34.6041 0 3.78706e-21 34.6041 0 3.78706e-21 34.6043 0 -6.28346e-21
34.6043 0 -6.28346e-21 34.6045 0 1.93859e-21 34.6045 0 1.93859e-21
34.6047 0 -3.43773e-22 34.6047 0 -3.43773e-22 34.6049 0 -3.33312e-21
34.6049 0 -3.33312e-21 34.6051 0 2.32114e-21 34.6051 0 2.32114e-21
34.6053 0 -1.81987e-21 34.6053 0 -1.81987e-21 34.6055 0 2.99977e-21
34.6055 0 2.99977e-21 34.6057 0 7.11636e-21 34.6057 0 7.11636e-21
34.6059 0 1.12181e-21 34.6059 0 1.12181e-21 34.6061 0 -5.97611e-21
34.6061 0 -5.97611e-21 34.6063 0 -4.00243e-21 34.6063 0 -4.00243e-21
34.6065 0 -2.31483e-21 34.6065 0 -2.31483e-21 34.6068 0 -1.49842e-21
34.6068 0 -1.49842e-21 34.607 0 8.20464e-21 34.607 0 8.20464e-21
34.6072 0 -1.95915e-21 34.6072 0 -1.95915e-21 34.6075 0 -3.4082e-21
34.6075 0 -3.4082e-21 34.6077 0 4.15245e-21 34.6077 0 4.15245e-21
34.6079 0 1.88333e-21 34.6079 0 1.88333e-21 34.6082 0 -1.68917e-21
34.6082 0 -1.68917e-21 34.6085 0 -5.83554e-21 34.6085 0 -5.83554e-21
34.6087 0 -3.40029e-22 34.6087 0 -3.40029e-22 34.609 0 3.54886e-21
34.609 0 3.54886e-21 34.6092 0 -2.39003e-21 34.6092 0 -2.39003e-21
34.6095 0 7.96118e-22 34.6095 0 7.96118e-22 34.6098 0 2.8436e-21
34.6098 0 2.8436e-21 34.6101 0 -5.21286e-21 34.6101 0 -5.21286e-21
34.6104 0 4.95718e-21 34.6104 0 4.95718e-21 34.6106 0 5.20193e-21
34.6106 0 5.20193e-21 34.6109 0 -4.79849e-21 34.6109 0 -4.79849e-21
34.6112 0 -1.2884e-21 34.6112 0 -1.2884e-21 34.6115 0 1.52643e-21
34.6115 0 1.52643e-21 34.6119 0 3.80389e-21 34.6119 0 3.80389e-21
34.6122 0 5.46951e-21 34.6122 0 5.46951e-21 34.6125 0 -8.31028e-21
34.6125 0 -8.31028e-21 34.6128 0 -1.30943e-20 34.6128 0 -1.30943e-20
34.6131 0 9.97614e-21 34.6131 0 9.97614e-21 34.6135 0 1.33824e-20
34.6135 0 1.33824e-20 34.6138 0 -2.27948e-21 34.6138 0 -2.27948e-21
34.6141 0 -4.11904e-22 34.6141 0 -4.11904e-22 34.6145 0 6.49724e-22
34.6145 0 6.49724e-22 34.6148 0 1.54001e-21 34.6148 0 1.54001e-21
34.6152 0 1.30461e-21 34.6152 0 1.30461e-21 34.6155 0 -8.90481e-21
34.6155 0 -8.90481e-21 34.6159 0 -9.93647e-21 34.6159 0 -9.93647e-21
34.6163 0 6.60875e-21 34.6163 0 6.60875e-21 34.6166 0 1.28551e-20
34.6166 0 1.28551e-20 34.617 0 -9.20488e-21 34.617 0 -9.20488e-21
34.6174 0 -4.17067e-21 34.6174 0 -4.17067e-21 34.6178 0 1.59659e-22
34.6178 0 1.59659e-22 34.6182 0 3.48411e-21 34.6182 0 3.48411e-21
34.6186 0 -2.50711e-21 34.6186 0 -2.50711e-21 34.619 0 -8.92332e-21
34.619 0 -8.92332e-21 34.6194 0 1.07669e-20 34.6194 0 1.07669e-20
34.6198 0 1.96356e-21 34.6198 0 1.96356e-21 34.6202 0 2.16358e-21
34.6202 0 2.16358e-21 34.6207 0 -7.2368e-21 34.6207 0 -7.2368e-21
34.6211 0 -8.46473e-21 34.6211 0 -8.46473e-21 34.6215 0 8.02998e-21
34.6215 0 8.02998e-21 34.622 0 -3.98917e-21 34.622 0 -3.98917e-21
34.6224 0 1.58576e-21 34.6224 0 1.58576e-21 34.6229 0 7.09372e-21
34.6229 0 7.09372e-21 34.6233 0 2.20378e-21 34.6233 0 2.20378e-21
34.6238 0 5.4705e-21 34.6238 0 5.4705e-21 34.6243 0 -5.0679e-22
34.6243 0 -5.0679e-22 34.6247 0 1.95919e-21 34.6247 0 1.95919e-21
34.6252 0 3.47861e-21 34.6252 0 3.47861e-21 34.6257 0 -4.37036e-21
34.6257 0 -4.37036e-21 34.6262 0 -4.50611e-21 34.6262 0 -4.50611e-21
34.6267 0 3.59862e-21 34.6267 0 3.59862e-21 34.6272 0 2.51162e-21
34.6272 0 2.51162e-21 34.6277 0 -8.6808e-21 34.6277 0 -8.6808e-21
34.6282 0 -1.1083e-20 34.6282 0 -1.1083e-20 34.6287 0 3.62968e-21
34.6287 0 3.62968e-21 34.6292 0 -8.10397e-22 34.6292 0 -8.10397e-22
34.6298 0 3.45736e-21 34.6298 0 3.45736e-21 34.6303 0 6.81479e-21
34.6303 0 6.81479e-21 34.6308 0 4.77777e-22 34.6308 0 4.77777e-22
34.6314 0 2.49876e-21 34.6314 0 2.49876e-21 34.6319 0 -1.4277e-20
34.6319 0 -1.4277e-20 34.6325 0 -4.50849e-21 34.6325 0 -4.50849e-21
34.633 0 1.29877e-20 34.633 0 1.29877e-20 34.6336 0 3.20216e-21
34.6336 0 3.20216e-21 34.6341 0 1.69532e-21 34.6341 0 1.69532e-21
34.6347 0 -7.12986e-22 34.6347 0 -7.12986e-22 34.6353 0 -3.3655e-21
34.6353 0 -3.3655e-21 34.6359 0 -7.5298e-21 34.6359 0 -7.5298e-21
34.6364 0 -1.1778e-20 34.6364 0 -1.1778e-20 34.637 0 7.98774e-22
34.637 0 7.98774e-22 34.6376 0 1.20934e-20 34.6376 0 1.20934e-20
34.6382 0 -2.95212e-21 34.6382 0 -2.95212e-21 34.6388 0 -1.01146e-20
34.6388 0 -1.01146e-20 34.6394 0 1.6949e-20 34.6394 0 1.6949e-20
34.64 0 -8.66211e-22 34.64 0 -8.66211e-22 34.6406 0 -1.03852e-20
34.6406 0 -1.03852e-20 34.6412 0 1.45208e-20 34.6412 0 1.45208e-20
34.6418 0 -4.89971e-21 34.6418 0 -4.89971e-21 34.6424 0 -7.85423e-21
34.6424 0 -7.85423e-21 34.6431 0 5.96735e-21 34.6431 0 5.96735e-21
34.6437 0 1.72697e-21 34.6437 0 1.72697e-21 34.6443 0 5.42525e-21
34.6443 0 5.42525e-21 34.6449 0 -9.02583e-21 34.6449 0 -9.02583e-21
34.6456 0 1.79599e-21 34.6456 0 1.79599e-21 34.6462 0 3.03279e-21
34.6462 0 3.03279e-21 34.6468 0 -1.36052e-20 34.6468 0 -1.36052e-20
34.6475 0 4.09345e-21 34.6475 0 4.09345e-21 34.6481 0 2.03555e-20
34.6481 0 2.03555e-20 34.6488 0 -6.90398e-21 34.6488 0 -6.90398e-21
34.6494 0 -2.61059e-20 34.6494 0 -2.61059e-20 34.6501 0 1.37585e-20
34.6501 0 1.37585e-20 34.6508 0 1.86648e-20 34.6508 0 1.86648e-20
34.6514 0 -2.54191e-21 34.6514 0 -2.54191e-21 34.6521 0 5.40214e-22
34.6521 0 5.40214e-22 34.6528 0 3.13913e-21 34.6528 0 3.13913e-21
34.6534 0 -1.15525e-20 34.6534 0 -1.15525e-20 34.6541 0 -1.90962e-20
34.6541 0 -1.90962e-20 34.6548 0 6.83651e-21 34.6548 0 6.83651e-21
34.6555 0 1.51969e-20 34.6555 0 1.51969e-20 34.6562 0 5.83404e-21
34.6562 0 5.83404e-21 34.6569 0 4.10011e-21 34.6569 0 4.10011e-21
34.6576 0 -6.669e-21 34.6576 0 -6.669e-21 34.6583 0 -1.61692e-21
34.6583 0 -1.61692e-21 34.659 0 -5.84616e-21 34.659 0 -5.84616e-21
34.6597 0 -1.85266e-20 34.6597 0 -1.85266e-20 34.6604 0 1.2428e-21
34.6604 0 1.2428e-21 34.6612 0 1.19892e-20 34.6612 0 1.19892e-20
34.6619 0 4.9981e-21 34.6619 0 4.9981e-21 34.6626 0 -2.43795e-21
34.6626 0 -2.43795e-21 34.6634 0 -2.43795e-21 34.6634 0 -2.43795e-21
34.6641 0 4.98467e-21 34.6641 0 4.98467e-21 34.6649 0 -4.58492e-21
34.6649 0 -4.58492e-21 34.6657 0 9.63207e-21 34.6657 0 9.63207e-21
34.6664 0 6.97906e-21 34.6664 0 6.97906e-21 34.6672 0 -5.08272e-21
34.6672 0 -5.08272e-21 34.668 0 6.64726e-21 34.668 0 6.64726e-21
34.6688 0 1.77358e-21 34.6688 0 1.77358e-21 34.6696 0 -1.2062e-20
34.6696 0 -1.2062e-20 34.6704 0 -1.03316e-20 34.6704 0 -1.03316e-20
34.6712 0 6.61336e-21 34.6712 0 6.61336e-21 34.672 0 -1.59191e-21
34.672 0 -1.59191e-21 34.6729 0 -1.00195e-20 34.6729 0 -1.00195e-20
34.6737 0 4.61303e-21 34.6737 0 4.61303e-21 34.6746 0 2.72101e-21
34.6746 0 2.72101e-21 34.6754 0 1.6506e-23 34.6754 0 1.6506e-23
34.6763 0 1.2355e-20 34.6763 0 1.2355e-20 34.6772 0 -8.04986e-21
34.6772 0 -8.04986e-21 34.6781 0 -5.27301e-21 34.6781 0 -5.27301e-21
34.679 0 2.09043e-20 34.679 0 2.09043e-20 34.6799 0 -9.00534e-21
34.6799 0 -9.00534e-21 34.6809 0 -1.60747e-20 34.6809 0 -1.60747e-20
34.6818 0 1.13239e-20 34.6818 0 1.13239e-20 34.6828 0 6.58012e-21
34.6828 0 6.58012e-21 34.6837 0 9.25847e-21 34.6837 0 9.25847e-21
34.6847 0 3.2027e-21 34.6847 0 3.2027e-21 34.6857 0 -1.55459e-20
34.6857 0 -1.55459e-20 34.6867 0 3.22752e-22 34.6867 0 3.22752e-22
34.6878 0 -3.99153e-21 34.6878 0 -3.99153e-21 34.6888 0 -8.8602e-21
34.6888 0 -8.8602e-21 34.6899 0 4.58973e-21 34.6899 0 4.58973e-21
34.691 0 -5.89798e-21 34.691 0 -5.89798e-21 34.692 0 -9.07208e-21
34.692 0 -9.07208e-21 34.6932 0 5.98563e-21 34.6932 0 5.98563e-21
34.6943 0 2.37938e-20 34.6943 0 2.37938e-20 34.6954 0 1.4455e-20
34.6954 0 1.4455e-20 34.6966 0 -1.81251e-20 34.6966 0 -1.81251e-20
34.6978 0 -1.36884e-20 34.6978 0 -1.36884e-20 34.699 0 -6.07476e-21
34.699 0 -6.07476e-21 34.7003 0 4.13371e-21 34.7003 0 4.13371e-21
34.7015 0 2.11237e-20 34.7015 0 2.11237e-20 34.7028 0 2.56473e-22
34.7028 0 2.56473e-22 34.7041 0 -2.08043e-20 34.7041 0 -2.08043e-20
34.7054 0 -2.67389e-21 34.7054 0 -2.67389e-21 34.7068 0 1.49181e-20
34.7068 0 1.49181e-20 34.7082 0 6.37197e-21 34.7082 0 6.37197e-21
34.7096 0 7.28111e-21 34.7096 0 7.28111e-21 34.711 0 -1.30405e-20
34.711 0 -1.30405e-20 34.7125 0 -5.56301e-21 34.7125 0 -5.56301e-21
34.714 0 7.89467e-21 34.714 0 7.89467e-21 34.7155 0 -4.15947e-21
34.7155 0 -4.15947e-21 34.717 0 1.12457e-20 34.717 0 1.12457e-20
34.7186 0 -1.17863e-20 34.7186 0 -1.17863e-20 34.7202 0 -8.27165e-21
34.7202 0 -8.27165e-21 34.7219 0 1.84117e-20 34.7219 0 1.84117e-20
34.7236 0 -6.84902e-21 34.7236 0 -6.84902e-21 34.7253 0 -5.34678e-21
34.7253 0 -5.34678e-21 34.7271 0 -9.06413e-22 34.7271 0 -9.06413e-22
34.7289 0 -6.56631e-22 34.7289 0 -6.56631e-22 34.7307 0 1.18312e-20
34.7307 0 1.18312e-20 34.7326 0 -9.16503e-21 34.7326 0 -9.16503e-21
34.7345 0 -1.10127e-20 34.7345 0 -1.10127e-20 34.7365 0 2.95437e-21
34.7365 0 2.95437e-21 34.7385 0 3.14109e-21 34.7385 0 3.14109e-21
34.7405 0 2.29579e-21 34.7405 0 2.29579e-21 34.7426 0 -8.32008e-21
34.7426 0 -8.32008e-21 34.7447 0 8.67873e-21 34.7447 0 8.67873e-21
34.7469 0 6.2324e-21 34.7469 0 6.2324e-21 34.7492 0 -9.42015e-21
34.7492 0 -9.42015e-21 34.7515 0 5.25791e-21 34.7515 0 5.25791e-21
34.7538 0 4.24777e-21 34.7538 0 4.24777e-21 34.7562 0 -6.57607e-21
34.7562 0 -6.57607e-21 34.7587 0 -3.09162e-21 34.7587 0 -3.09162e-21
34.7612 0 5.54542e-21 34.7612 0 5.54542e-21 34.7638 0 -6.57147e-21
34.7638 0 -6.57147e-21 34.7665 0 -1.35957e-20 34.7665 0 -1.35957e-20
34.7692 0 4.50445e-21 34.7692 0 4.50445e-21 34.7719 0 5.08462e-21
34.7719 0 5.08462e-21 34.7748 0 4.73412e-21 34.7748 0 4.73412e-21
34.7777 0 1.45562e-20 34.7777 0 1.45562e-20 34.7807 0 7.60682e-21
34.7807 0 7.60682e-21 34.7837 0 -4.80581e-21 34.7837 0 -4.80581e-21
34.7869 0 -7.31193e-21 34.7869 0 -7.31193e-21 34.7901 0 -4.75093e-21
34.7901 0 -4.75093e-21 34.7934 0 -2.93507e-21 34.7934 0 -2.93507e-21
34.7967 0 5.40574e-21 34.7967 0 5.40574e-21 34.8002 0 -3.52259e-21
34.8002 0 -3.52259e-21 34.8037 0 -1.06797e-20 34.8037 0 -1.06797e-20
34.8074 0 5.51515e-21 34.8074 0 5.51515e-21 34.8111 0 6.85395e-21
34.8111 0 6.85395e-21 34.8149 0 7.83635e-22 34.8149 0 7.83635e-22
34.8188 0 -9.74071e-21 34.8188 0 -9.74071e-21 34.8229 0 7.24132e-21
34.8229 0 7.24132e-21 34.827 0 2.84644e-21 34.827 0 2.84644e-21
34.8312 0 -5.14553e-21 34.8312 0 -5.14553e-21 34.8355 0 4.20085e-21
34.8355 0 4.20085e-21 34.84 0 -3.83823e-21 34.84 0 -3.83823e-21
34.8445 0 -3.76402e-21 34.8445 0 -3.76402e-21 34.8492 0 1.36891e-20
34.8492 0 1.36891e-20 34.854 0 2.18548e-21 34.854 0 2.18548e-21
34.8589 0 -1.23226e-20 34.8589 0 -1.23226e-20 34.864 0 1.02607e-20
34.864 0 1.02607e-20 34.8692 0 -9.07604e-23 34.8692 0 -9.07604e-23
34.8745 0 -7.28758e-21 34.8745 0 -7.28758e-21 34.8799 0 1.03274e-21
34.8799 0 1.03274e-21 34.8855 0 -4.28113e-23 34.8855 0 -4.28113e-23
34.8913 0 9.06698e-22 34.8913 0 9.06698e-22 34.8972 0 1.82352e-21
34.8972 0 1.82352e-21 34.9032 0 -1.65305e-21 34.9032 0 -1.65305e-21
34.9094 0 -2.71599e-21 34.9094 0 -2.71599e-21 34.9158 0 6.08767e-21
34.9158 0 6.08767e-21 34.9223 0 -1.91561e-21 34.9223 0 -1.91561e-21
34.929 0 -8.18102e-21 34.929 0 -8.18102e-21 34.9359 0 7.75305e-21
34.9359 0 7.75305e-21 34.9429 0 -4.63865e-21 34.9429 0 -4.63865e-21
34.9502 0 -2.17727e-21 34.9502 0 -2.17727e-21 34.9576 0 3.75093e-21
34.9576 0 3.75093e-21 34.9652 0 -7.05534e-22 34.9652 0 -7.05534e-22
34.973 0 2.27619e-21 34.973 0 2.27619e-21 34.9811 0 -3.20891e-21
34.9811 0 -3.20891e-21 34.9893 0 -1.06866e-21 34.9893 0 -1.06866e-21
34.9978 0 1.00715e-21 34.9978 0 1.00715e-21 35.0064 0 -3.64871e-23
35.0064 0 -3.64871e-23 35.0153 0 3.21876e-22 35.0153 0 3.21876e-22
35.0245 0 1.91406e-21 35.0245 0 1.91406e-21 35.0338 0 1.13446e-21
35.0338 0 1.13446e-21 35.0434 0 -5.39639e-21 35.0434 0 -5.39639e-21
35.0533 0 1.03141e-21 35.0533 0 1.03141e-21 35.0634 0 2.50087e-21
35.0634 0 2.50087e-21 35.0738 0 -6.53867e-21 35.0738 0 -6.53867e-21
35.0844 0 5.26263e-23 35.0844 0 5.26263e-23 35.0953 0 1.07286e-20
35.0953 0 1.07286e-20 35.1065 0 1.34851e-21 35.1065 0 1.34851e-21
35.1179 0 -1.52684e-21 35.1179 0 -1.52684e-21 35.1297 0 3.36638e-22
35.1297 0 3.36638e-22 35.1418 0 -2.21152e-21 35.1418 0 -2.21152e-21
35.1541 0 3.4993e-21 35.1541 0 3.4993e-21 35.1668 0 -2.02551e-21
35.1668 0 -2.02551e-21 35.1798 0 4.21764e-21 35.1798 0 4.21764e-21
35.1931 0 1.05278e-21 35.1931 0 1.05278e-21 35.2067 0 -1.19478e-20
35.2067 0 -1.19478e-20 35.2207 0 -7.09808e-21 35.2207 0 -7.09808e-21
35.2351 0 8.89879e-21 35.2351 0 8.89879e-21 35.2497 0 -1.56698e-20
35.2497 0 -1.56698e-20 35.2648 0 -1.53168e-20 35.2648 0 -1.53168e-20
35.2802 0 2.52998e-20 35.2802 0 2.52998e-20 35.2959 0 -1.0694e-20
35.2959 0 -1.0694e-20 35.3121 0 -1.93928e-20 35.3121 0 -1.93928e-20
35.3286 0 -1.35196e-21 35.3286 0 -1.35196e-21 35.3455 0 8.46224e-22
35.3455 0 8.46224e-22 35.3629 0 3.79073e-20 35.3629 0 3.79073e-20
35.3806 0 -9.5463e-21 35.3806 0 -9.5463e-21 35.3987 0 -3.69789e-20
35.3987 0 -3.69789e-20 35.4173 0 2.53842e-20 35.4173 0 2.53842e-20
35.4362 0 -1.67563e-20 35.4362 0 -1.67563e-20 35.4556 0 -2.25395e-20
35.4556 0 -2.25395e-20 35.4755 0 2.4067e-20 35.4755 0 2.4067e-20
35.4957 0 1.94313e-20 35.4957 0 1.94313e-20 35.5165 0 2.54065e-21
35.5165 0 2.54065e-21 35.5376 0 3.16042e-20 35.5376 0 3.16042e-20
35.5593 0 -2.99573e-20 35.5593 0 -2.99573e-20 35.5813 0 8.17292e-21
35.5813 0 8.17292e-21 35.6039 0 5.36951e-20 35.6039 0 5.36951e-20
35.6269 0 -9.19717e-20 35.6269 0 -9.19717e-20 35.6504 0 -2.70346e-20
35.6504 0 -2.70346e-20 35.6743 0 8.14466e-20 35.6743 0 8.14466e-20
35.6988 0 6.55119e-20 35.6988 0 6.55119e-20 35.7237 0 -6.90705e-20
35.7237 0 -6.90705e-20 35.7491 0 -4.50935e-20 35.7491 0 -4.50935e-20
35.775 0 -1.85308e-21 35.775 0 -1.85308e-21 35.8013 0 -7.58142e-21
35.8013 0 -7.58142e-21 35.8282 0 -4.69932e-21 35.8282 0 -4.69932e-21
35.8555 0 6.00599e-20 35.8555 0 6.00599e-20 35.8833 0 -2.89187e-20
35.8833 0 -2.89187e-20 35.9116 0 -2.12826e-20 35.9116 0 -2.12826e-20
35.9403 0 2.52197e-20 35.9403 0 2.52197e-20 35.9696 0 1.64859e-21
35.9696 0 1.64859e-21 35.9993 0 4.98193e-20 35.9993 0 4.98193e-20
36.0294 0 -9.11385e-20 36.0294 0 -9.11385e-20 36.0601 0 -7.5998e-21
36.0601 0 -7.5998e-21 36.0911 0 7.39587e-20 36.0911 0 7.39587e-20
36.1227 0 -2.86571e-20 36.1227 0 -2.86571e-20 36.1546 0 -3.18979e-20
36.1546 0 -3.18979e-20 36.187 0 -1.79303e-20 36.187 0 -1.79303e-20
36.2198 0 -6.36399e-20 36.2198 0 -6.36399e-20 36.253 0 7.23029e-20
36.253 0 7.23029e-20 36.2866 0 6.15369e-20 36.2866 0 6.15369e-20
36.3205 0 -7.74699e-21 36.3205 0 -7.74699e-21 36.3548 0 -8.84245e-21
36.3548 0 -8.84245e-21 36.3895 0 1.0668e-20 36.3895 0 1.0668e-20
36.4245 0 1.05673e-19 36.4245 0 1.05673e-19 36.4598 0 2.74374e-20
36.4598 0 2.74374e-20 36.4953 0 -9.82953e-20 36.4953 0 -9.82953e-20
36.5312 0 -5.56758e-20 36.5312 0 -5.56758e-20 36.5673 0 5.49866e-20
36.5673 0 5.49866e-20 36.6036 0 -4.3684e-20 36.6036 0 -4.3684e-20
36.6401 0 8.9633e-20 36.6401 0 8.9633e-20 36.6767 0 1.75761e-19
36.6767 0 1.75761e-19 36.7135 0 -1.49217e-19 36.7135 0 -1.49217e-19
36.7504 0 -5.83602e-21 36.7504 0 -5.83602e-21 36.7874 0 -3.50616e-20
36.7874 0 -3.50616e-20 36.8244 0 -2.67089e-19 36.8244 0 -2.67089e-19
36.8615 0 -5.09494e-20 36.8615 0 -5.09494e-20 36.8985 0 2.2762e-19
36.8985 0 2.2762e-19 36.9355 0 1.06745e-19 36.9355 0 1.06745e-19
36.9723 0 -2.19024e-19 36.9723 0 -2.19024e-19 37.009 0 -8.10373e-20
37.009 0 -8.10373e-20 37.0456 0 1.6425e-19 37.0456 0 1.6425e-19
37.0819 0 1.15556e-19 37.0819 0 1.15556e-19 37.118 0 -8.39902e-20
37.118 0 -8.39902e-20 37.1537 0 -4.23661e-20 37.1537 0 -4.23661e-20
37.1891 0 7.56427e-20 37.1891 0 7.56427e-20 37.2242 0 1.26655e-20
37.2242 0 1.26655e-20 37.2588 0 8.71984e-21 37.2588 0 8.71984e-21
37.2929 0 9.20344e-21 37.2929 0 9.20344e-21 37.3265 0 8.85841e-20
37.3265 0 8.85841e-20 37.3596 0 8.66649e-20 37.3596 0 8.66649e-20
37.392 0 -9.78119e-20 37.392 0 -9.78119e-20 37.4238 0 -3.86261e-20
37.4238 0 -3.86261e-20 37.4548 0 6.8283e-20 37.4548 0 6.8283e-20
37.4851 0 -3.01596e-20 37.4851 0 -3.01596e-20 37.5145 0 -1.54488e-20
37.5145 0 -1.54488e-20 37.5431 0 9.09883e-20 37.5431 0 9.09883e-20
37.5708 0 -1.4762e-19 37.5708 0 -1.4762e-19 37.5976 0 -6.13888e-20
37.5976 0 -6.13888e-20 37.6234 0 1.73665e-19 37.6234 0 1.73665e-19
37.6481 0 4.95329e-21 37.6481 0 4.95329e-21 37.6718 0 -4.74844e-20
37.6718 0 -4.74844e-20 37.6943 0 -5.21449e-20 37.6943 0 -5.21449e-20
37.7157 0 1.8009e-20 37.7157 0 1.8009e-20 37.7359 0 1.88152e-20
37.7359 0 1.88152e-20 37.7548 0 -2.44095e-20 37.7548 0 -2.44095e-20
37.7725 0 3.10558e-20 37.7725 0 3.10558e-20 37.7888 0 -5.40652e-22
37.7888 0 -5.40652e-22 37.8038 0 4.75707e-20 37.8038 0 4.75707e-20
37.8175 0 3.31917e-20 37.8175 0 3.31917e-20 37.8297 0 -1.11956e-19
37.8297 0 -1.11956e-19 37.8405 0 -7.10685e-20 37.8405 0 -7.10685e-20
37.8499 0 8.03301e-20 37.8499 0 8.03301e-20 37.8578 0 1.30376e-19
37.8578 0 1.30376e-19 37.8642 0 1.40675e-21 37.8642 0 1.40675e-21
37.8691 0 -7.46972e-20 37.8691 0 -7.46972e-20 37.8725 0 -4.1563e-20
37.8725 0 -4.1563e-20 37.8744 0 -3.65654e-20 37.8744 0 -3.65654e-20
37.8747 0 3.89778e-20 37.8747 0 3.89778e-20 37.8735 0 2.63605e-20
37.8735 0 2.63605e-20 37.8708 0 2.07008e-20 37.8708 0 2.07008e-20
37.8666 0 2.46475e-20 37.8666 0 2.46475e-20 37.8608 0 -4.54014e-20
37.8608 0 -4.54014e-20 37.8535 0 -2.95979e-20 37.8535 0 -2.95979e-20
37.8448 0 1.64033e-20 37.8448 0 1.64033e-20 37.8345 0 -3.59267e-20
37.8345 0 -3.59267e-20 37.8228 0 -2.95621e-20 37.8228 0 -2.95621e-20
37.8097 0 3.32008e-20 37.8097 0 3.32008e-20 37.7951 0 -8.76458e-21
37.7951 0 -8.76458e-21 37.7791 0 -1.73732e-20 37.7791 0 -1.73732e-20
37.7618 0 -7.22901e-21 37.7618 0 -7.22901e-21 37.7432 0 1.44806e-20
37.7432 0 1.44806e-20 37.7234 0 5.52612e-20 37.7234 0 5.52612e-20
37.7023 0 -2.22054e-20 37.7023 0 -2.22054e-20 37.68 0 -2.10759e-20
37.68 0 -2.10759e-20 37.6565 0 2.85834e-20 37.6565 0 2.85834e-20
37.632 0 -8.27272e-21 37.632 0 -8.27272e-21 37.6063 0 -5.04388e-20
37.6063 0 -5.04388e-20 37.5797 0 -4.53966e-20 37.5797 0 -4.53966e-20
37.5521 0 -1.3667e-20 37.5521 0 -1.3667e-20 37.5236 0 -1.77853e-20
37.5236 0 -1.77853e-20 37.4942 0 3.49377e-20 37.4942 0 3.49377e-20
37.4641 0 3.03468e-20 37.4641 0 3.03468e-20 37.4332 0 7.80146e-21
37.4332 0 7.80146e-21 37.4017 0 5.0628e-21 37.4017 0 5.0628e-21
37.3695 0 1.32372e-20 37.3695 0 1.32372e-20 37.3368 0 -1.68102e-20
37.3368 0 -1.68102e-20 37.3036 0 -2.56188e-20 37.3036 0 -2.56188e-20
37.2699 0 -8.20683e-21 37.2699 0 -8.20683e-21 37.2359 0 -5.71204e-21
37.2359 0 -5.71204e-21 37.2015 0 5.19328e-20 37.2015 0 5.19328e-20
37.1669 0 1.2257e-20 37.1669 0 1.2257e-20 37.1321 0 -8.42241e-21
37.1321 0 -8.42241e-21 37.0971 0 3.34774e-20 37.0971 0 3.34774e-20
37.062 0 -1.982e-20 37.062 0 -1.982e-20 37.0268 0 -3.31735e-20
37.0268 0 -3.31735e-20 36.9917 0 -4.54645e-21 36.9917 0 -4.54645e-21
36.9566 0 1.66587e-20 36.9566 0 1.66587e-20 36.9216 0 3.77471e-21
36.9216 0 3.77471e-21 36.8868 0 -9.35478e-21 36.8868 0 -9.35478e-21
36.8522 0 1.25412e-20 36.8522 0 1.25412e-20 36.8178 0 1.03187e-20
36.8178 0 1.03187e-20 36.7837 0 -7.13111e-21 36.7837 0 -7.13111e-21
36.75 0 -1.21989e-20 36.75 0 -1.21989e-20 36.7166 0 -4.56965e-21
36.7166 0 -4.56965e-21 36.6836 0 1.27148e-20 36.6836 0 1.27148e-20
36.6511 0 2.2806e-20 36.6511 0 2.2806e-20 36.619 0 -4.12709e-21
36.619 0 -4.12709e-21 36.5874 0 -8.22457e-21 36.5874 0 -8.22457e-21
36.5564 0 -6.44127e-21 36.5564 0 -6.44127e-21 36.5259 0 -2.21234e-20
36.5259 0 -2.21234e-20 36.496 0 -2.72939e-20 36.496 0 -2.72939e-20
36.4667 0 8.79537e-21 36.4667 0 8.79537e-21 36.438 0 3.56735e-20
36.438 0 3.56735e-20 36.4099 0 1.53946e-20 36.4099 0 1.53946e-20
36.3826 0 -9.43763e-21 36.3826 0 -9.43763e-21 36.3559 0 -1.87203e-20
36.3559 0 -1.87203e-20 36.3298 0 -1.60029e-21 36.3298 0 -1.60029e-21
36.3045 0 7.06687e-21 36.3045 0 7.06687e-21 36.2798 0 -1.09065e-20
36.2798 0 -1.09065e-20 36.2559 0 -6.28038e-21 36.2559 0 -6.28038e-21
36.2326 0 3.4218e-21 36.2326 0 3.4218e-21 36.2101 0 4.53241e-21
36.2101 0 4.53241e-21 36.1882 0 -6.93126e-21 36.1882 0 -6.93126e-21
36.1671 0 -1.33277e-21 36.1671 0 -1.33277e-21 36.1466 0 2.09058e-21
36.1466 0 2.09058e-21 36.1268 0 5.59386e-21 36.1268 0 5.59386e-21
36.1077 0 1.31781e-20 36.1077 0 1.31781e-20 36.0892 0 -8.50748e-21
36.0892 0 -8.50748e-21 36.0714 0 4.04472e-21 36.0714 0 4.04472e-21
36.0541 0 2.75608e-21 36.0541 0 2.75608e-21 36.0374 0 -8.09611e-21
36.0374 0 -8.09611e-21 36.0213 0 -3.58419e-21 36.0213 0 -3.58419e-21
36.0057 0 3.16075e-21 36.0057 0 3.16075e-21 35.9907 0 -1.0636e-21
35.9907 0 -1.0636e-21 35.9761 0 -2.36403e-21 35.9761 0 -2.36403e-21
35.962 0 -2.01981e-21 35.962 0 -2.01981e-21 35.9483 0 3.5342e-23
35.9483 0 3.5342e-23 35.935 0 3.25596e-21 35.935 0 3.25596e-21
35.922 0 -1.15823e-22 35.922 0 -1.15823e-22 35.9094 0 -3.05998e-21
35.9094 0 -3.05998e-21 35.897 0 4.19953e-21 35.897 0 4.19953e-21
35.8849 0 1.48227e-21 35.8849 0 1.48227e-21 35.8729 0 -4.98282e-22
35.8729 0 -4.98282e-22 35.8612 0 -9.6857e-22 35.8612 0 -9.6857e-22
35.8495 0 -2.23152e-22 35.8495 0 -2.23152e-22 35.8379 0 -9.57877e-22
35.8379 0 -9.57877e-22 35.8263 0 -1.08555e-21 35.8263 0 -1.08555e-21
35.8147 0 1.04106e-21 35.8147 0 1.04106e-21 35.8031 0 2.81079e-22
35.8031 0 2.81079e-22 35.7914 0 1.21233e-22 35.7914 0 1.21233e-22
35.7795 0 5.53388e-23 35.7795 0 5.53388e-23 35.7675 0 -2.69435e-22
35.7675 0 -2.69435e-22 35.7552 0 -1.07086e-22 35.7552 0 -1.07086e-22
35.7428 0 1.13233e-22 35.7428 0 1.13233e-22 35.7297 0 2.34848e-23
35.7297 0 2.34848e-23 35.7178 0 -2.75502e-23 35.7178 0 -2.75502e-23
35.7021 0 -1.65311e-23 35.7021 0 -1.65311e-23 35.6914 0 4.09369e-23
35.6914 0 4.09369e-23
        </DataArray>
      </PointData>
    </Piece>
  </PolyData>
</VTKFile>
