<?xml version='1.0'?>
<!-- patch='topWall' time='40' index='40' -->
<VTKFile type='PolyData' version='0.1' byte_order='LittleEndian' header_type='UInt64'>
  <PolyData>
    <FieldData>
      <DataArray type='Float32' Name='TimeValue' NumberOfTuples='1' format='ascii'>
40
      </DataArray>
    </FieldData>
    <Piece NumberOfPoints='1042' NumberOfPolys='520'>
      <Points>
        <DataArray type='Float32' Name='Points' NumberOfComponents='3' format='ascii'>
-0.9 0.35 -0.01 -0.9 0.35 0.01 -0.898342 0.35 0.01
-0.898342 0.35 -0.01 -0.89668 0.35 0.01 -0.89668 0.35 -0.01
-0.895015 0.35 0.01 -0.895015 0.35 -0.01 -0.893346 0.35 0.01
-0.893346 0.35 -0.01 -0.891674 0.35 0.01 -0.891674 0.35 -0.01
-0.889998 0.35 0.01 -0.889998 0.35 -0.01 -0.888319 0.35 0.01
-0.888319 0.35 -0.01 -0.886636 0.35 0.01 -0.886636 0.35 -0.01
-0.884949 0.35 0.01 -0.884949 0.35 -0.01 -0.883259 0.35 0.01
-0.883259 0.35 -0.01 -0.881566 0.35 0.01 -0.881566 0.35 -0.01
-0.879868 0.35 0.01 -0.879868 0.35 -0.01 -0.878168 0.35 0.01
-0.878168 0.35 -0.01 -0.876463 0.35 0.01 -0.876463 0.35 -0.01
-0.874755 0.35 0.01 -0.874755 0.35 -0.01 -0.873043 0.35 0.01
-0.873043 0.35 -0.01 -0.871328 0.35 0.01 -0.871328 0.35 -0.01
-0.869609 0.35 0.01 -0.869609 0.35 -0.01 -0.867887 0.35 0.01
-0.867887 0.35 -0.01 -0.866161 0.35 0.01 -0.866161 0.35 -0.01
-0.864431 0.35 0.01 -0.864431 0.35 -0.01 -0.862697 0.35 0.01
-0.862697 0.35 -0.01 -0.86096 0.35 0.01 -0.86096 0.35 -0.01
-0.859219 0.35 0.01 -0.859219 0.35 -0.01 -0.857474 0.35 0.01
-0.857474 0.35 -0.01 -0.855726 0.35 0.01 -0.855726 0.35 -0.01
-0.853974 0.35 0.01 -0.853974 0.35 -0.01 -0.852218 0.35 0.01
-0.852218 0.35 -0.01 -0.850459 0.35 0.01 -0.850459 0.35 -0.01
-0.848696 0.35 0.01 -0.848696 0.35 -0.01 -0.846929 0.35 0.01
-0.846929 0.35 -0.01 -0.845158 0.35 0.01 -0.845158 0.35 -0.01
-0.843384 0.35 0.01 -0.843384 0.35 -0.01 -0.841606 0.35 0.01
-0.841606 0.35 -0.01 -0.839824 0.35 0.01 -0.839824 0.35 -0.01
-0.838038 0.35 0.01 -0.838038 0.35 -0.01 -0.836249 0.35 0.01
-0.836249 0.35 -0.01 -0.834456 0.35 0.01 -0.834456 0.35 -0.01
-0.832658 0.35 0.01 -0.832658 0.35 -0.01 -0.830858 0.35 0.01
-0.830858 0.35 -0.01 -0.829053 0.35 0.01 -0.829053 0.35 -0.01
-0.827244 0.35 0.01 -0.827244 0.35 -0.01 -0.825432 0.35 0.01
-0.825432 0.35 -0.01 -0.823616 0.35 0.01 -0.823616 0.35 -0.01
-0.821796 0.35 0.01 -0.821796 0.35 -0.01 -0.819972 0.35 0.01
-0.819972 0.35 -0.01 -0.818144 0.35 0.01 -0.818144 0.35 -0.01
-0.816313 0.35 0.01 -0.816313 0.35 -0.01 -0.814477 0.35 0.01
-0.814477 0.35 -0.01 -0.812638 0.35 0.01 -0.812638 0.35 -0.01
-0.810794 0.35 0.01 -0.810794 0.35 -0.01 -0.808947 0.35 0.01
-0.808947 0.35 -0.01 -0.807096 0.35 0.01 -0.807096 0.35 -0.01
-0.805241 0.35 0.01 -0.805241 0.35 -0.01 -0.803382 0.35 0.01
-0.803382 0.35 -0.01 -0.801519 0.35 0.01 -0.801519 0.35 -0.01
-0.799652 0.35 0.01 -0.799652 0.35 -0.01 -0.797782 0.35 0.01
-0.797782 0.35 -0.01 -0.795907 0.35 0.01 -0.795907 0.35 -0.01
-0.794028 0.35 0.01 -0.794028 0.35 -0.01 -0.792145 0.35 0.01
-0.792145 0.35 -0.01 -0.790259 0.35 0.01 -0.790259 0.35 -0.01
-0.788368 0.35 0.01 -0.788368 0.35 -0.01 -0.786473 0.35 0.01
-0.786473 0.35 -0.01 -0.784574 0.35 0.01 -0.784574 0.35 -0.01
-0.782672 0.35 0.01 -0.782672 0.35 -0.01 -0.780765 0.35 0.01
-0.780765 0.35 -0.01 -0.778854 0.35 0.01 -0.778854 0.35 -0.01
-0.776939 0.35 0.01 -0.776939 0.35 -0.01 -0.77502 0.35 0.01
-0.77502 0.35 -0.01 -0.773097 0.35 0.01 -0.773097 0.35 -0.01
-0.77117 0.35 0.01 -0.77117 0.35 -0.01 -0.769239 0.35 0.01
-0.769239 0.35 -0.01 -0.767304 0.35 0.01 -0.767304 0.35 -0.01
-0.765364 0.35 0.01 -0.765364 0.35 -0.01 -0.763421 0.35 0.01
-0.763421 0.35 -0.01 -0.761473 0.35 0.01 -0.761473 0.35 -0.01
-0.759522 0.35 0.01 -0.759522 0.35 -0.01 -0.757566 0.35 0.01
-0.757566 0.35 -0.01 -0.755606 0.35 0.01 -0.755606 0.35 -0.01
-0.753642 0.35 0.01 -0.753642 0.35 -0.01 -0.751673 0.35 0.01
-0.751673 0.35 -0.01 -0.749701 0.35 0.01 -0.749701 0.35 -0.01
-0.747724 0.35 0.01 -0.747724 0.35 -0.01 -0.745743 0.35 0.01
-0.745743 0.35 -0.01 -0.743758 0.35 0.01 -0.743758 0.35 -0.01
-0.741769 0.35 0.01 -0.741769 0.35 -0.01 -0.739776 0.35 0.01
-0.739776 0.35 -0.01 -0.737778 0.35 0.01 -0.737778 0.35 -0.01
-0.735776 0.35 0.01 -0.735776 0.35 -0.01 -0.73377 0.35 0.01
-0.73377 0.35 -0.01 -0.731759 0.35 0.01 -0.731759 0.35 -0.01
-0.729745 0.35 0.01 -0.729745 0.35 -0.01 -0.727726 0.35 0.01
-0.727726 0.35 -0.01 -0.725703 0.35 0.01 -0.725703 0.35 -0.01
-0.723675 0.35 0.01 -0.723675 0.35 -0.01 -0.721643 0.35 0.01
-0.721643 0.35 -0.01 -0.719607 0.35 0.01 -0.719607 0.35 -0.01
-0.717567 0.35 0.01 -0.717567 0.35 -0.01 -0.715522 0.35 0.01
-0.715522 0.35 -0.01 -0.713473 0.35 0.01 -0.713473 0.35 -0.01
-0.71142 0.35 0.01 -0.71142 0.35 -0.01 -0.709362 0.35 0.01
-0.709362 0.35 -0.01 -0.7073 0.35 0.01 -0.7073 0.35 -0.01
-0.705233 0.35 0.01 -0.705233 0.35 -0.01 -0.703162 0.35 0.01
-0.703162 0.35 -0.01 -0.701087 0.35 0.01 -0.701087 0.35 -0.01
-0.699007 0.35 0.01 -0.699007 0.35 -0.01 -0.696923 0.35 0.01
-0.696923 0.35 -0.01 -0.694835 0.35 0.01 -0.694835 0.35 -0.01
-0.692742 0.35 0.01 -0.692742 0.35 -0.01 -0.690644 0.35 0.01
-0.690644 0.35 -0.01 -0.688543 0.35 0.01 -0.688543 0.35 -0.01
-0.686436 0.35 0.01 -0.686436 0.35 -0.01 -0.684326 0.35 0.01
-0.684326 0.35 -0.01 -0.682211 0.35 0.01 -0.682211 0.35 -0.01
-0.680091 0.35 0.01 -0.680091 0.35 -0.01 -0.677967 0.35 0.01
-0.677967 0.35 -0.01 -0.675838 0.35 0.01 -0.675838 0.35 -0.01
-0.673705 0.35 0.01 -0.673705 0.35 -0.01 -0.671567 0.35 0.01
-0.671567 0.35 -0.01 -0.669425 0.35 0.01 -0.669425 0.35 -0.01
-0.667278 0.35 0.01 -0.667278 0.35 -0.01 -0.665127 0.35 0.01
-0.665127 0.35 -0.01 -0.662971 0.35 0.01 -0.662971 0.35 -0.01
-0.660811 0.35 0.01 -0.660811 0.35 -0.01 -0.658646 0.35 0.01
-0.658646 0.35 -0.01 -0.656476 0.35 0.01 -0.656476 0.35 -0.01
-0.654302 0.35 0.01 -0.654302 0.35 -0.01 -0.652123 0.35 0.01
-0.652123 0.35 -0.01 -0.649939 0.35 0.01 -0.649939 0.35 -0.01
-0.647751 0.35 0.01 -0.647751 0.35 -0.01 -0.645559 0.35 0.01
-0.645559 0.35 -0.01 -0.643361 0.35 0.01 -0.643361 0.35 -0.01
-0.641159 0.35 0.01 -0.641159 0.35 -0.01 -0.638953 0.35 0.01
-0.638953 0.35 -0.01 -0.636741 0.35 0.01 -0.636741 0.35 -0.01
-0.634525 0.35 0.01 -0.634525 0.35 -0.01 -0.632305 0.35 0.01
-0.632305 0.35 -0.01 -0.630079 0.35 0.01 -0.630079 0.35 -0.01
-0.627849 0.35 0.01 -0.627849 0.35 -0.01 -0.625614 0.35 0.01
-0.625614 0.35 -0.01 -0.623375 0.35 0.01 -0.623375 0.35 -0.01
-0.62113 0.35 0.01 -0.62113 0.35 -0.01 -0.618881 0.35 0.01
-0.618881 0.35 -0.01 -0.616627 0.35 0.01 -0.616627 0.35 -0.01
-0.614369 0.35 0.01 -0.614369 0.35 -0.01 -0.612105 0.35 0.01
-0.612105 0.35 -0.01 -0.609837 0.35 0.01 -0.609837 0.35 -0.01
-0.607564 0.35 0.01 -0.607564 0.35 -0.01 -0.605286 0.35 0.01
-0.605286 0.35 -0.01 -0.603004 0.35 0.01 -0.603004 0.35 -0.01
-0.600716 0.35 0.01 -0.600716 0.35 -0.01 -0.598424 0.35 0.01
-0.598424 0.35 -0.01 -0.596126 0.35 0.01 -0.596126 0.35 -0.01
-0.593824 0.35 0.01 -0.593824 0.35 -0.01 -0.591517 0.35 0.01
-0.591517 0.35 -0.01 -0.589206 0.35 0.01 -0.589206 0.35 -0.01
-0.586889 0.35 0.01 -0.586889 0.35 -0.01 -0.584567 0.35 0.01
-0.584567 0.35 -0.01 -0.582241 0.35 0.01 -0.582241 0.35 -0.01
-0.579909 0.35 0.01 -0.579909 0.35 -0.01 -0.577573 0.35 0.01
-0.577573 0.35 -0.01 -0.575231 0.35 0.01 -0.575231 0.35 -0.01
-0.572885 0.35 0.01 -0.572885 0.35 -0.01 -0.570534 0.35 0.01
-0.570534 0.35 -0.01 -0.568177 0.35 0.01 -0.568177 0.35 -0.01
-0.565816 0.35 0.01 -0.565816 0.35 -0.01 -0.56345 0.35 0.01
-0.56345 0.35 -0.01 -0.561078 0.35 0.01 -0.561078 0.35 -0.01
-0.558702 0.35 0.01 -0.558702 0.35 -0.01 -0.55632 0.35 0.01
-0.55632 0.35 -0.01 -0.553934 0.35 0.01 -0.553934 0.35 -0.01
-0.551543 0.35 0.01 -0.551543 0.35 -0.01 -0.549146 0.35 0.01
-0.549146 0.35 -0.01 -0.546744 0.35 0.01 -0.546744 0.35 -0.01
-0.544338 0.35 0.01 -0.544338 0.35 -0.01 -0.541926 0.35 0.01
-0.541926 0.35 -0.01 -0.539509 0.35 0.01 -0.539509 0.35 -0.01
-0.537087 0.35 0.01 -0.537087 0.35 -0.01 -0.53466 0.35 0.01
-0.53466 0.35 -0.01 -0.532227 0.35 0.01 -0.532227 0.35 -0.01
-0.52979 0.35 0.01 -0.52979 0.35 -0.01 -0.527347 0.35 0.01
-0.527347 0.35 -0.01 -0.524899 0.35 0.01 -0.524899 0.35 -0.01
-0.522446 0.35 0.01 -0.522446 0.35 -0.01 -0.519988 0.35 0.01
-0.519988 0.35 -0.01 -0.517525 0.35 0.01 -0.517525 0.35 -0.01
-0.515056 0.35 0.01 -0.515056 0.35 -0.01 -0.512582 0.35 0.01
-0.512582 0.35 -0.01 -0.510103 0.35 0.01 -0.510103 0.35 -0.01
-0.507619 0.35 0.01 -0.507619 0.35 -0.01 -0.505129 0.35 0.01
-0.505129 0.35 -0.01 -0.502634 0.35 0.01 -0.502634 0.35 -0.01
-0.500134 0.35 0.01 -0.500134 0.35 -0.01 -0.497628 0.35 0.01
-0.497628 0.35 -0.01 -0.495118 0.35 0.01 -0.495118 0.35 -0.01
-0.492602 0.35 0.01 -0.492602 0.35 -0.01 -0.49008 0.35 0.01
-0.49008 0.35 -0.01 -0.487553 0.35 0.01 -0.487553 0.35 -0.01
-0.485021 0.35 0.01 -0.485021 0.35 -0.01 -0.482484 0.35 0.01
-0.482484 0.35 -0.01 -0.479941 0.35 0.01 -0.479941 0.35 -0.01
-0.477392 0.35 0.01 -0.477392 0.35 -0.01 -0.474839 0.35 0.01
-0.474839 0.35 -0.01 -0.47228 0.35 0.01 -0.47228 0.35 -0.01
-0.469715 0.35 0.01 -0.469715 0.35 -0.01 -0.467145 0.35 0.01
-0.467145 0.35 -0.01 -0.46457 0.35 0.01 -0.46457 0.35 -0.01
-0.461989 0.35 0.01 -0.461989 0.35 -0.01 -0.459403 0.35 0.01
-0.459403 0.35 -0.01 -0.456811 0.35 0.01 -0.456811 0.35 -0.01
-0.454214 0.35 0.01 -0.454214 0.35 -0.01 -0.451611 0.35 0.01
-0.451611 0.35 -0.01 -0.449002 0.35 0.01 -0.449002 0.35 -0.01
-0.446389 0.35 0.01 -0.446389 0.35 -0.01 -0.443769 0.35 0.01
-0.443769 0.35 -0.01 -0.441144 0.35 0.01 -0.441144 0.35 -0.01
-0.438514 0.35 0.01 -0.438514 0.35 -0.01 -0.435878 0.35 0.01
-0.435878 0.35 -0.01 -0.433236 0.35 0.01 -0.433236 0.35 -0.01
-0.430589 0.35 0.01 -0.430589 0.35 -0.01 -0.427936 0.35 0.01
-0.427936 0.35 -0.01 -0.425277 0.35 0.01 -0.425277 0.35 -0.01
-0.422613 0.35 0.01 -0.422613 0.35 -0.01 -0.419944 0.35 0.01
-0.419944 0.35 -0.01 -0.417268 0.35 0.01 -0.417268 0.35 -0.01
-0.414587 0.35 0.01 -0.414587 0.35 -0.01 -0.4119 0.35 0.01
-0.4119 0.35 -0.01 -0.409208 0.35 0.01 -0.409208 0.35 -0.01
-0.40651 0.35 0.01 -0.40651 0.35 -0.01 -0.403806 0.35 0.01
-0.403806 0.35 -0.01 -0.401096 0.35 0.01 -0.401096 0.35 -0.01
-0.398381 0.35 0.01 -0.398381 0.35 -0.01 -0.39566 0.35 0.01
-0.39566 0.35 -0.01 -0.392933 0.35 0.01 -0.392933 0.35 -0.01
-0.3902 0.35 0.01 -0.3902 0.35 -0.01 -0.387462 0.35 0.01
-0.387462 0.35 -0.01 -0.384717 0.35 0.01 -0.384717 0.35 -0.01
-0.381967 0.35 0.01 -0.381967 0.35 -0.01 -0.379211 0.35 0.01
-0.379211 0.35 -0.01 -0.37645 0.35 0.01 -0.37645 0.35 -0.01
-0.373682 0.35 0.01 -0.373682 0.35 -0.01 -0.370909 0.35 0.01
-0.370909 0.35 -0.01 -0.368129 0.35 0.01 -0.368129 0.35 -0.01
-0.365344 0.35 0.01 -0.365344 0.35 -0.01 -0.362553 0.35 0.01
-0.362553 0.35 -0.01 -0.359756 0.35 0.01 -0.359756 0.35 -0.01
-0.356953 0.35 0.01 -0.356953 0.35 -0.01 -0.354144 0.35 0.01
-0.354144 0.35 -0.01 -0.351329 0.35 0.01 -0.351329 0.35 -0.01
-0.348508 0.35 0.01 -0.348508 0.35 -0.01 -0.345682 0.35 0.01
-0.345682 0.35 -0.01 -0.342849 0.35 0.01 -0.342849 0.35 -0.01
-0.34001 0.35 0.01 -0.34001 0.35 -0.01 -0.337165 0.35 0.01
-0.337165 0.35 -0.01 -0.334314 0.35 0.01 -0.334314 0.35 -0.01
-0.331458 0.35 0.01 -0.331458 0.35 -0.01 -0.328595 0.35 0.01
-0.328595 0.35 -0.01 -0.325726 0.35 0.01 -0.325726 0.35 -0.01
-0.322851 0.35 0.01 -0.322851 0.35 -0.01 -0.319969 0.35 0.01
-0.319969 0.35 -0.01 -0.317082 0.35 0.01 -0.317082 0.35 -0.01
-0.314189 0.35 0.01 -0.314189 0.35 -0.01 -0.311289 0.35 0.01
-0.311289 0.35 -0.01 -0.308384 0.35 0.01 -0.308384 0.35 -0.01
-0.305472 0.35 0.01 -0.305472 0.35 -0.01 -0.302554 0.35 0.01
-0.302554 0.35 -0.01 -0.29963 0.35 0.01 -0.29963 0.35 -0.01
-0.296699 0.35 0.01 -0.296699 0.35 -0.01 -0.293763 0.35 0.01
-0.293763 0.35 -0.01 -0.29082 0.35 0.01 -0.29082 0.35 -0.01
-0.287871 0.35 0.01 -0.287871 0.35 -0.01 -0.284916 0.35 0.01
-0.284916 0.35 -0.01 -0.281954 0.35 0.01 -0.281954 0.35 -0.01
-0.278986 0.35 0.01 -0.278986 0.35 -0.01 -0.276012 0.35 0.01
-0.276012 0.35 -0.01 -0.273032 0.35 0.01 -0.273032 0.35 -0.01
-0.270045 0.35 0.01 -0.270045 0.35 -0.01 -0.267052 0.35 0.01
-0.267052 0.35 -0.01 -0.264052 0.35 0.01 -0.264052 0.35 -0.01
-0.261047 0.35 0.01 -0.261047 0.35 -0.01 -0.258035 0.35 0.01
-0.258035 0.35 -0.01 -0.255016 0.35 0.01 -0.255016 0.35 -0.01
-0.251991 0.35 0.01 -0.251991 0.35 -0.01 -0.24896 0.35 0.01
-0.24896 0.35 -0.01 -0.245922 0.35 0.01 -0.245922 0.35 -0.01
-0.242878 0.35 0.01 -0.242878 0.35 -0.01 -0.239827 0.35 0.01
-0.239827 0.35 -0.01 -0.23677 0.35 0.01 -0.23677 0.35 -0.01
-0.233707 0.35 0.01 -0.233707 0.35 -0.01 -0.230637 0.35 0.01
-0.230637 0.35 -0.01 -0.22756 0.35 0.01 -0.22756 0.35 -0.01
-0.224477 0.35 0.01 -0.224477 0.35 -0.01 -0.221387 0.35 0.01
-0.221387 0.35 -0.01 -0.218291 0.35 0.01 -0.218291 0.35 -0.01
-0.215188 0.35 0.01 -0.215188 0.35 -0.01 -0.212079 0.35 0.01
-0.212079 0.35 -0.01 -0.208963 0.35 0.01 -0.208963 0.35 -0.01
-0.205841 0.35 0.01 -0.205841 0.35 -0.01 -0.202712 0.35 0.01
-0.202712 0.35 -0.01 -0.199576 0.35 0.01 -0.199576 0.35 -0.01
-0.196433 0.35 0.01 -0.196433 0.35 -0.01 -0.193284 0.35 0.01
-0.193284 0.35 -0.01 -0.190129 0.35 0.01 -0.190129 0.35 -0.01
-0.186966 0.35 0.01 -0.186966 0.35 -0.01 -0.183797 0.35 0.01
-0.183797 0.35 -0.01 -0.180621 0.35 0.01 -0.180621 0.35 -0.01
-0.177439 0.35 0.01 -0.177439 0.35 -0.01 -0.17425 0.35 0.01
-0.17425 0.35 -0.01 -0.171053 0.35 0.01 -0.171053 0.35 -0.01
-0.167851 0.35 0.01 -0.167851 0.35 -0.01 -0.164641 0.35 0.01
-0.164641 0.35 -0.01 -0.161425 0.35 0.01 -0.161425 0.35 -0.01
-0.158201 0.35 0.01 -0.158201 0.35 -0.01 -0.154971 0.35 0.01
-0.154971 0.35 -0.01 -0.151734 0.35 0.01 -0.151734 0.35 -0.01
-0.148491 0.35 0.01 -0.148491 0.35 -0.01 -0.14524 0.35 0.01
-0.14524 0.35 -0.01 -0.141982 0.35 0.01 -0.141982 0.35 -0.01
-0.138718 0.35 0.01 -0.138718 0.35 -0.01 -0.135447 0.35 0.01
-0.135447 0.35 -0.01 -0.132168 0.35 0.01 -0.132168 0.35 -0.01
-0.128883 0.35 0.01 -0.128883 0.35 -0.01 -0.125591 0.35 0.01
-0.125591 0.35 -0.01 -0.122292 0.35 0.01 -0.122292 0.35 -0.01
-0.118986 0.35 0.01 -0.118986 0.35 -0.01 -0.115673 0.35 0.01
-0.115673 0.35 -0.01 -0.112352 0.35 0.01 -0.112352 0.35 -0.01
-0.109025 0.35 0.01 -0.109025 0.35 -0.01 -0.105691 0.35 0.01
-0.105691 0.35 -0.01 -0.10235 0.35 0.01 -0.10235 0.35 -0.01
-0.0990012 0.35 0.01 -0.0990012 0.35 -0.01 -0.0956457 0.35 0.01
-0.0956457 0.35 -0.01 -0.092283 0.35 0.01 -0.092283 0.35 -0.01
-0.0889133 0.35 0.01 -0.0889133 0.35 -0.01 -0.0855364 0.35 0.01
-0.0855364 0.35 -0.01 -0.0821524 0.35 0.01 -0.0821524 0.35 -0.01
-0.0787612 0.35 0.01 -0.0787612 0.35 -0.01 -0.0753628 0.35 0.01
-0.0753628 0.35 -0.01 -0.0719572 0.35 0.01 -0.0719572 0.35 -0.01
-0.0685444 0.35 0.01 -0.0685444 0.35 -0.01 -0.0651243 0.35 0.01
-0.0651243 0.35 -0.01 -0.061697 0.35 0.01 -0.061697 0.35 -0.01
-0.0582625 0.35 0.01 -0.0582625 0.35 -0.01 -0.0548206 0.35 0.01
-0.0548206 0.35 -0.01 -0.0513715 0.35 0.01 -0.0513715 0.35 -0.01
-0.0479151 0.35 0.01 -0.0479151 0.35 -0.01 -0.0444513 0.35 0.01
-0.0444513 0.35 -0.01 -0.0409802 0.35 0.01 -0.0409802 0.35 -0.01
-0.0375018 0.35 0.01 -0.0375018 0.35 -0.01 -0.0340159 0.35 0.01
-0.0340159 0.35 -0.01 -0.0305227 0.35 0.01 -0.0305227 0.35 -0.01
-0.0270221 0.35 0.01 -0.0270221 0.35 -0.01 -0.0235141 0.35 0.01
-0.0235141 0.35 -0.01 -0.0199986 0.35 0.01 -0.0199986 0.35 -0.01
-0.0164757 0.35 0.01 -0.0164757 0.35 -0.01 -0.0129453 0.35 0.01
-0.0129453 0.35 -0.01 -0.00940746 0.35 0.01 -0.00940746 0.35 -0.01
-0.0058621 0.35 0.01 -0.0058621 0.35 -0.01 -0.00230923 0.35 0.01
-0.00230923 0.35 -0.01 0.00125117 0.35 0.01 0.00125117 0.35 -0.01
0.00481911 0.35 0.01 0.00481911 0.35 -0.01 0.00839462 0.35 0.01
0.00839462 0.35 -0.01 0.0119777 0.35 0.01 0.0119777 0.35 -0.01
0.0155684 0.35 0.01 0.0155684 0.35 -0.01 0.0191667 0.35 0.01
0.0191667 0.35 -0.01 0.0227726 0.35 0.01 0.0227726 0.35 -0.01
0.0263861 0.35 0.01 0.0263861 0.35 -0.01 0.0300073 0.35 0.01
0.0300073 0.35 -0.01 0.0336362 0.35 0.01 0.0336362 0.35 -0.01
0.0372728 0.35 0.01 0.0372728 0.35 -0.01 0.040917 0.35 0.01
0.040917 0.35 -0.01 0.044569 0.35 0.01 0.044569 0.35 -0.01
0.0482288 0.35 0.01 0.0482288 0.35 -0.01 0.0518963 0.35 0.01
0.0518963 0.35 -0.01 0.0555715 0.35 0.01 0.0555715 0.35 -0.01
0.0592546 0.35 0.01 0.0592546 0.35 -0.01 0.0629454 0.35 0.01
0.0629454 0.35 -0.01 0.0666441 0.35 0.01 0.0666441 0.35 -0.01
0.0703506 0.35 0.01 0.0703506 0.35 -0.01 0.074065 0.35 0.01
0.074065 0.35 -0.01 0.0777872 0.35 0.01 0.0777872 0.35 -0.01
0.0815174 0.35 0.01 0.0815174 0.35 -0.01 0.0852554 0.35 0.01
0.0852554 0.35 -0.01 0.0890013 0.35 0.01 0.0890013 0.35 -0.01
0.0927552 0.35 0.01 0.0927552 0.35 -0.01 0.0965171 0.35 0.01
0.0965171 0.35 -0.01 0.100287 0.35 0.01 0.100287 0.35 -0.01
0.104065 0.35 0.01 0.104065 0.35 -0.01 0.10785 0.35 0.01
0.10785 0.35 -0.01 0.111644 0.35 0.01 0.111644 0.35 -0.01
0.115446 0.35 0.01 0.115446 0.35 -0.01 0.119256 0.35 0.01
0.119256 0.35 -0.01 0.123074 0.35 0.01 0.123074 0.35 -0.01
0.1269 0.35 0.01 0.1269 0.35 -0.01 0.130734 0.35 0.01
0.130734 0.35 -0.01 0.134577 0.35 0.01 0.134577 0.35 -0.01
0.138427 0.35 0.01 0.138427 0.35 -0.01 0.142286 0.35 0.01
0.142286 0.35 -0.01 0.146153 0.35 0.01 0.146153 0.35 -0.01
0.150028 0.35 0.01 0.150028 0.35 -0.01 0.153911 0.35 0.01
0.153911 0.35 -0.01 0.157802 0.35 0.01 0.157802 0.35 -0.01
0.161702 0.35 0.01 0.161702 0.35 -0.01 0.16561 0.35 0.01
0.16561 0.35 -0.01 0.169526 0.35 0.01 0.169526 0.35 -0.01
0.173451 0.35 0.01 0.173451 0.35 -0.01 0.177383 0.35 0.01
0.177383 0.35 -0.01 0.181325 0.35 0.01 0.181325 0.35 -0.01
0.185274 0.35 0.01 0.185274 0.35 -0.01 0.189232 0.35 0.01
0.189232 0.35 -0.01 0.193198 0.35 0.01 0.193198 0.35 -0.01
0.197173 0.35 0.01 0.197173 0.35 -0.01 0.201156 0.35 0.01
0.201156 0.35 -0.01 0.205148 0.35 0.01 0.205148 0.35 -0.01
0.209148 0.35 0.01 0.209148 0.35 -0.01 0.213156 0.35 0.01
0.213156 0.35 -0.01 0.217173 0.35 0.01 0.217173 0.35 -0.01
0.221199 0.35 0.01 0.221199 0.35 -0.01 0.225233 0.35 0.01
0.225233 0.35 -0.01 0.229275 0.35 0.01 0.229275 0.35 -0.01
0.233326 0.35 0.01 0.233326 0.35 -0.01 0.237386 0.35 0.01
0.237386 0.35 -0.01 0.241454 0.35 0.01 0.241454 0.35 -0.01
0.245531 0.35 0.01 0.245531 0.35 -0.01 0.249617 0.35 0.01
0.249617 0.35 -0.01 0.253711 0.35 0.01 0.253711 0.35 -0.01
0.257814 0.35 0.01 0.257814 0.35 -0.01 0.261926 0.35 0.01
0.261926 0.35 -0.01 0.266046 0.35 0.01 0.266046 0.35 -0.01
0.270175 0.35 0.01 0.270175 0.35 -0.01 0.274313 0.35 0.01
0.274313 0.35 -0.01 0.278459 0.35 0.01 0.278459 0.35 -0.01
0.282615 0.35 0.01 0.282615 0.35 -0.01 0.286779 0.35 0.01
0.286779 0.35 -0.01 0.290952 0.35 0.01 0.290952 0.35 -0.01
0.295134 0.35 0.01 0.295134 0.35 -0.01 0.299324 0.35 0.01
0.299324 0.35 -0.01 0.303524 0.35 0.01 0.303524 0.35 -0.01
0.307732 0.35 0.01 0.307732 0.35 -0.01 0.31195 0.35 0.01
0.31195 0.35 -0.01 0.316176 0.35 0.01 0.316176 0.35 -0.01
0.320411 0.35 0.01 0.320411 0.35 -0.01 0.324656 0.35 0.01
0.324656 0.35 -0.01 0.328909 0.35 0.01 0.328909 0.35 -0.01
0.333171 0.35 0.01 0.333171 0.35 -0.01 0.337443 0.35 0.01
0.337443 0.35 -0.01 0.341723 0.35 0.01 0.341723 0.35 -0.01
0.346012 0.35 0.01 0.346012 0.35 -0.01 0.350311 0.35 0.01
0.350311 0.35 -0.01 0.354618 0.35 0.01 0.354618 0.35 -0.01
0.358935 0.35 0.01 0.358935 0.35 -0.01 0.363261 0.35 0.01
0.363261 0.35 -0.01 0.367596 0.35 0.01 0.367596 0.35 -0.01
0.37194 0.35 0.01 0.37194 0.35 -0.01 0.376294 0.35 0.01
0.376294 0.35 -0.01 0.380656 0.35 0.01 0.380656 0.35 -0.01
0.385028 0.35 0.01 0.385028 0.35 -0.01 0.38941 0.35 0.01
0.38941 0.35 -0.01 0.3938 0.35 0.01 0.3938 0.35 -0.01
0.3982 0.35 0.01 0.3982 0.35 -0.01 0.402609 0.35 0.01
0.402609 0.35 -0.01 0.407027 0.35 0.01 0.407027 0.35 -0.01
0.411455 0.35 0.01 0.411455 0.35 -0.01 0.415892 0.35 0.01
0.415892 0.35 -0.01 0.420339 0.35 0.01 0.420339 0.35 -0.01
0.424795 0.35 0.01 0.424795 0.35 -0.01 0.42926 0.35 0.01
0.42926 0.35 -0.01 0.433735 0.35 0.01 0.433735 0.35 -0.01
0.43822 0.35 0.01 0.43822 0.35 -0.01 0.442713 0.35 0.01
0.442713 0.35 -0.01 0.447217 0.35 0.01 0.447217 0.35 -0.01
0.45173 0.35 0.01 0.45173 0.35 -0.01 0.456252 0.35 0.01
0.456252 0.35 -0.01 0.460784 0.35 0.01 0.460784 0.35 -0.01
0.465326 0.35 0.01 0.465326 0.35 -0.01 0.469878 0.35 0.01
0.469878 0.35 -0.01 0.474438 0.35 0.01 0.474438 0.35 -0.01
0.479009 0.35 0.01 0.479009 0.35 -0.01 0.483589 0.35 0.01
0.483589 0.35 -0.01 0.488179 0.35 0.01 0.488179 0.35 -0.01
0.492779 0.35 0.01 0.492779 0.35 -0.01 0.497389 0.35 0.01
0.497389 0.35 -0.01 0.502008 0.35 0.01 0.502008 0.35 -0.01
0.506637 0.35 0.01 0.506637 0.35 -0.01 0.511276 0.35 0.01
0.511276 0.35 -0.01 0.515925 0.35 0.01 0.515925 0.35 -0.01
0.520583 0.35 0.01 0.520583 0.35 -0.01 0.525252 0.35 0.01
0.525252 0.35 -0.01 0.52993 0.35 0.01 0.52993 0.35 -0.01
0.534618 0.35 0.01 0.534618 0.35 -0.01 0.539316 0.35 0.01
0.539316 0.35 -0.01 0.544024 0.35 0.01 0.544024 0.35 -0.01
0.548743 0.35 0.01 0.548743 0.35 -0.01 0.553471 0.35 0.01
0.553471 0.35 -0.01 0.558209 0.35 0.01 0.558209 0.35 -0.01
0.562957 0.35 0.01 0.562957 0.35 -0.01 0.567715 0.35 0.01
0.567715 0.35 -0.01 0.572483 0.35 0.01 0.572483 0.35 -0.01
0.577262 0.35 0.01 0.577262 0.35 -0.01 0.58205 0.35 0.01
0.58205 0.35 -0.01 0.586849 0.35 0.01 0.586849 0.35 -0.01
0.591658 0.35 0.01 0.591658 0.35 -0.01 0.596477 0.35 0.01
0.596477 0.35 -0.01 0.601306 0.35 0.01 0.601306 0.35 -0.01
0.606146 0.35 0.01 0.606146 0.35 -0.01 0.610995 0.35 0.01
0.610995 0.35 -0.01 0.615855 0.35 0.01 0.615855 0.35 -0.01
0.620726 0.35 0.01 0.620726 0.35 -0.01 0.625606 0.35 0.01
0.625606 0.35 -0.01 0.630497 0.35 0.01 0.630497 0.35 -0.01
0.635399 0.35 0.01 0.635399 0.35 -0.01 0.64031 0.35 0.01
0.64031 0.35 -0.01 0.645232 0.35 0.01 0.645232 0.35 -0.01
0.650165 0.35 0.01 0.650165 0.35 -0.01 0.655108 0.35 0.01
0.655108 0.35 -0.01 0.660062 0.35 0.01 0.660062 0.35 -0.01
0.665025 0.35 0.01 0.665025 0.35 -0.01 0.67 0.35 0.01
0.67 0.35 -0.01
        </DataArray>
      </Points>
      <Polys>
        <DataArray type='Int32' Name='connectivity' format='ascii'>
0 1 2 3 3 2 4 5 5
4 6 7 7 6 8 9 9 8
10 11 11 10 12 13 13 12 14
15 15 14 16 17 17 16 18 19
19 18 20 21 21 20 22 23 23
22 24 25 25 24 26 27 27 26
28 29 29 28 30 31 31 30 32
33 33 32 34 35 35 34 36 37
37 36 38 39 39 38 40 41 41
40 42 43 43 42 44 45 45 44
46 47 47 46 48 49 49 48 50
51 51 50 52 53 53 52 54 55
55 54 56 57 57 56 58 59 59
58 60 61 61 60 62 63 63 62
64 65 65 64 66 67 67 66 68
69 69 68 70 71 71 70 72 73
73 72 74 75 75 74 76 77 77
76 78 79 79 78 80 81 81 80
82 83 83 82 84 85 85 84 86
87 87 86 88 89 89 88 90 91
91 90 92 93 93 92 94 95 95
94 96 97 97 96 98 99 99 98
100 101 101 100 102 103 103 102 104
105 105 104 106 107 107 106 108 109
109 108 110 111 111 110 112 113 113
112 114 115 115 114 116 117 117 116
118 119 119 118 120 121 121 120 122
123 123 122 124 125 125 124 126 127
127 126 128 129 129 128 130 131 131
130 132 133 133 132 134 135 135 134
136 137 137 136 138 139 139 138 140
141 141 140 142 143 143 142 144 145
145 144 146 147 147 146 148 149 149
148 150 151 151 150 152 153 153 152
154 155 155 154 156 157 157 156 158
159 159 158 160 161 161 160 162 163
163 162 164 165 165 164 166 167 167
166 168 169 169 168 170 171 171 170
172 173 173 172 174 175 175 174 176
177 177 176 178 179 179 178 180 181
181 180 182 183 183 182 184 185 185
184 186 187 187 186 188 189 189 188
190 191 191 190 192 193 193 192 194
195 195 194 196 197 197 196 198 199
199 198 200 201 201 200 202 203 203
202 204 205 205 204 206 207 207 206
208 209 209 208 210 211 211 210 212
213 213 212 214 215 215 214 216 217
217 216 218 219 219 218 220 221 221
220 222 223 223 222 224 225 225 224
226 227 227 226 228 229 229 228 230
231 231 230 232 233 233 232 234 235
235 234 236 237 237 236 238 239 239
238 240 241 241 240 242 243 243 242
244 245 245 244 246 247 247 246 248
249 249 248 250 251 251 250 252 253
253 252 254 255 255 254 256 257 257
256 258 259 259 258 260 261 261 260
262 263 263 262 264 265 265 264 266
267 267 266 268 269 269 268 270 271
271 270 272 273 273 272 274 275 275
274 276 277 277 276 278 279 279 278
280 281 281 280 282 283 283 282 284
285 285 284 286 287 287 286 288 289
289 288 290 291 291 290 292 293 293
292 294 295 295 294 296 297 297 296
298 299 299 298 300 301 301 300 302
303 303 302 304 305 305 304 306 307
307 306 308 309 309 308 310 311 311
310 312 313 313 312 314 315 315 314
316 317 317 316 318 319 319 318 320
321 321 320 322 323 323 322 324 325
325 324 326 327 327 326 328 329 329
328 330 331 331 330 332 333 333 332
334 335 335 334 336 337 337 336 338
339 339 338 340 341 341 340 342 343
343 342 344 345 345 344 346 347 347
346 348 349 349 348 350 351 351 350
352 353 353 352 354 355 355 354 356
357 357 356 358 359 359 358 360 361
361 360 362 363 363 362 364 365 365
364 366 367 367 366 368 369 369 368
370 371 371 370 372 373 373 372 374
375 375 374 376 377 377 376 378 379
379 378 380 381 381 380 382 383 383
382 384 385 385 384 386 387 387 386
388 389 389 388 390 391 391 390 392
393 393 392 394 395 395 394 396 397
397 396 398 399 399 398 400 401 401
400 402 403 403 402 404 405 405 404
406 407 407 406 408 409 409 408 410
411 411 410 412 413 413 412 414 415
415 414 416 417 417 416 418 419 419
418 420 421 421 420 422 423 423 422
424 425 425 424 426 427 427 426 428
429 429 428 430 431 431 430 432 433
433 432 434 435 435 434 436 437 437
436 438 439 439 438 440 441 441 440
442 443 443 442 444 445 445 444 446
447 447 446 448 449 449 448 450 451
451 450 452 453 453 452 454 455 455
454 456 457 457 456 458 459 459 458
460 461 461 460 462 463 463 462 464
465 465 464 466 467 467 466 468 469
469 468 470 471 471 470 472 473 473
472 474 475 475 474 476 477 477 476
478 479 479 478 480 481 481 480 482
483 483 482 484 485 485 484 486 487
487 486 488 489 489 488 490 491 491
490 492 493 493 492 494 495 495 494
496 497 497 496 498 499 499 498 500
501 501 500 502 503 503 502 504 505
505 504 506 507 507 506 508 509 509
508 510 511 511 510 512 513 513 512
514 515 515 514 516 517 517 516 518
519 519 518 520 521 521 520 522 523
523 522 524 525 525 524 526 527 527
526 528 529 529 528 530 531 531 530
532 533 533 532 534 535 535 534 536
537 537 536 538 539 539 538 540 541
541 540 542 543 543 542 544 545 545
544 546 547 547 546 548 549 549 548
550 551 551 550 552 553 553 552 554
555 555 554 556 557 557 556 558 559
559 558 560 561 561 560 562 563 563
562 564 565 565 564 566 567 567 566
568 569 569 568 570 571 571 570 572
573 573 572 574 575 575 574 576 577
577 576 578 579 579 578 580 581 581
580 582 583 583 582 584 585 585 584
586 587 587 586 588 589 589 588 590
591 591 590 592 593 593 592 594 595
595 594 596 597 597 596 598 599 599
598 600 601 601 600 602 603 603 602
604 605 605 604 606 607 607 606 608
609 609 608 610 611 611 610 612 613
613 612 614 615 615 614 616 617 617
616 618 619 619 618 620 621 621 620
622 623 623 622 624 625 625 624 626
627 627 626 628 629 629 628 630 631
631 630 632 633 633 632 634 635 635
634 636 637 637 636 638 639 639 638
640 641 641 640 642 643 643 642 644
645 645 644 646 647 647 646 648 649
649 648 650 651 651 650 652 653 653
652 654 655 655 654 656 657 657 656
658 659 659 658 660 661 661 660 662
663 663 662 664 665 665 664 666 667
667 666 668 669 669 668 670 671 671
670 672 673 673 672 674 675 675 674
676 677 677 676 678 679 679 678 680
681 681 680 682 683 683 682 684 685
685 684 686 687 687 686 688 689 689
688 690 691 691 690 692 693 693 692
694 695 695 694 696 697 697 696 698
699 699 698 700 701 701 700 702 703
703 702 704 705 705 704 706 707 707
706 708 709 709 708 710 711 711 710
712 713 713 712 714 715 715 714 716
717 717 716 718 719 719 718 720 721
721 720 722 723 723 722 724 725 725
724 726 727 727 726 728 729 729 728
730 731 731 730 732 733 733 732 734
735 735 734 736 737 737 736 738 739
739 738 740 741 741 740 742 743 743
742 744 745 745 744 746 747 747 746
748 749 749 748 750 751 751 750 752
753 753 752 754 755 755 754 756 757
757 756 758 759 759 758 760 761 761
760 762 763 763 762 764 765 765 764
766 767 767 766 768 769 769 768 770
771 771 770 772 773 773 772 774 775
775 774 776 777 777 776 778 779 779
778 780 781 781 780 782 783 783 782
784 785 785 784 786 787 787 786 788
789 789 788 790 791 791 790 792 793
793 792 794 795 795 794 796 797 797
796 798 799 799 798 800 801 801 800
802 803 803 802 804 805 805 804 806
807 807 806 808 809 809 808 810 811
811 810 812 813 813 812 814 815 815
814 816 817 817 816 818 819 819 818
820 821 821 820 822 823 823 822 824
825 825 824 826 827 827 826 828 829
829 828 830 831 831 830 832 833 833
832 834 835 835 834 836 837 837 836
838 839 839 838 840 841 841 840 842
843 843 842 844 845 845 844 846 847
847 846 848 849 849 848 850 851 851
850 852 853 853 852 854 855 855 854
856 857 857 856 858 859 859 858 860
861 861 860 862 863 863 862 864 865
865 864 866 867 867 866 868 869 869
868 870 871 871 870 872 873 873 872
874 875 875 874 876 877 877 876 878
879 879 878 880 881 881 880 882 883
883 882 884 885 885 884 886 887 887
886 888 889 889 888 890 891 891 890
892 893 893 892 894 895 895 894 896
897 897 896 898 899 899 898 900 901
901 900 902 903 903 902 904 905 905
904 906 907 907 906 908 909 909 908
910 911 911 910 912 913 913 912 914
915 915 914 916 917 917 916 918 919
919 918 920 921 921 920 922 923 923
922 924 925 925 924 926 927 927 926
928 929 929 928 930 931 931 930 932
933 933 932 934 935 935 934 936 937
937 936 938 939 939 938 940 941 941
940 942 943 943 942 944 945 945 944
946 947 947 946 948 949 949 948 950
951 951 950 952 953 953 952 954 955
955 954 956 957 957 956 958 959 959
958 960 961 961 960 962 963 963 962
964 965 965 964 966 967 967 966 968
969 969 968 970 971 971 970 972 973
973 972 974 975 975 974 976 977 977
976 978 979 979 978 980 981 981 980
982 983 983 982 984 985 985 984 986
987 987 986 988 989 989 988 990 991
991 990 992 993 993 992 994 995 995
994 996 997 997 996 998 999 999 998
1000 1001 1001 1000 1002 1003 1003 1002 1004
1005 1005 1004 1006 1007 1007 1006 1008 1009
1009 1008 1010 1011 1011 1010 1012 1013 1013
1012 1014 1015 1015 1014 1016 1017 1017 1016
1018 1019 1019 1018 1020 1021 1021 1020 1022
1023 1023 1022 1024 1025 1025 1024 1026 1027
1027 1026 1028 1029 1029 1028 1030 1031 1031
1030 1032 1033 1033 1032 1034 1035 1035 1034
1036 1037 1037 1036 1038 1039 1039 1038 1040
1041
        </DataArray>
        <DataArray type='Int32' Name='offsets' format='ascii'>
4 8 12 16 20 24 28 32 36
40 44 48 52 56 60 64 68 72
76 80 84 88 92 96 100 104 108
112 116 120 124 128 132 136 140 144
148 152 156 160 164 168 172 176 180
184 188 192 196 200 204 208 212 216
220 224 228 232 236 240 244 248 252
256 260 264 268 272 276 280 284 288
292 296 300 304 308 312 316 320 324
328 332 336 340 344 348 352 356 360
364 368 372 376 380 384 388 392 396
400 404 408 412 416 420 424 428 432
436 440 444 448 452 456 460 464 468
472 476 480 484 488 492 496 500 504
508 512 516 520 524 528 532 536 540
544 548 552 556 560 564 568 572 576
580 584 588 592 596 600 604 608 612
616 620 624 628 632 636 640 644 648
652 656 660 664 668 672 676 680 684
688 692 696 700 704 708 712 716 720
724 728 732 736 740 744 748 752 756
760 764 768 772 776 780 784 788 792
796 800 804 808 812 816 820 824 828
832 836 840 844 848 852 856 860 864
868 872 876 880 884 888 892 896 900
904 908 912 916 920 924 928 932 936
940 944 948 952 956 960 964 968 972
976 980 984 988 992 996 1000 1004 1008
1012 1016 1020 1024 1028 1032 1036 1040 1044
1048 1052 1056 1060 1064 1068 1072 1076 1080
1084 1088 1092 1096 1100 1104 1108 1112 1116
1120 1124 1128 1132 1136 1140 1144 1148 1152
1156 1160 1164 1168 1172 1176 1180 1184 1188
1192 1196 1200 1204 1208 1212 1216 1220 1224
1228 1232 1236 1240 1244 1248 1252 1256 1260
1264 1268 1272 1276 1280 1284 1288 1292 1296
1300 1304 1308 1312 1316 1320 1324 1328 1332
1336 1340 1344 1348 1352 1356 1360 1364 1368
1372 1376 1380 1384 1388 1392 1396 1400 1404
1408 1412 1416 1420 1424 1428 1432 1436 1440
1444 1448 1452 1456 1460 1464 1468 1472 1476
1480 1484 1488 1492 1496 1500 1504 1508 1512
1516 1520 1524 1528 1532 1536 1540 1544 1548
1552 1556 1560 1564 1568 1572 1576 1580 1584
1588 1592 1596 1600 1604 1608 1612 1616 1620
1624 1628 1632 1636 1640 1644 1648 1652 1656
1660 1664 1668 1672 1676 1680 1684 1688 1692
1696 1700 1704 1708 1712 1716 1720 1724 1728
1732 1736 1740 1744 1748 1752 1756 1760 1764
1768 1772 1776 1780 1784 1788 1792 1796 1800
1804 1808 1812 1816 1820 1824 1828 1832 1836
1840 1844 1848 1852 1856 1860 1864 1868 1872
1876 1880 1884 1888 1892 1896 1900 1904 1908
1912 1916 1920 1924 1928 1932 1936 1940 1944
1948 1952 1956 1960 1964 1968 1972 1976 1980
1984 1988 1992 1996 2000 2004 2008 2012 2016
2020 2024 2028 2032 2036 2040 2044 2048 2052
2056 2060 2064 2068 2072 2076 2080
        </DataArray>
      </Polys>
      <CellData>
        <DataArray type='Float32' Name='k' format='ascii'>
0.179333 0.179089 0.178845 0.1786 0.178356 0.178113 0.177869 0.177625 0.177382
0.177139 0.176896 0.176652 0.176409 0.176167 0.175924 0.175681 0.175438 0.175196
0.174954 0.174711 0.174469 0.174227 0.173985 0.173743 0.173501 0.17326 0.173018
0.172777 0.172535 0.172294 0.172053 0.171812 0.171571 0.17133 0.17109 0.170849
0.170609 0.170368 0.170128 0.169888 0.169648 0.169408 0.169169 0.168929 0.16869
0.16845 0.168211 0.167973 0.167734 0.167496 0.167258 0.16702 0.166783 0.166546
0.16631 0.166074 0.165838 0.165604 0.16537 0.165137 0.164906 0.164675 0.164446
0.164218 0.163991 0.163767 0.163544 0.163323 0.163104 0.162888 0.162675 0.162464
0.162256 0.162051 0.161849 0.161651 0.161456 0.161266 0.161079 0.160896 0.160717
0.160542 0.160372 0.160206 0.160045 0.159888 0.159735 0.159588 0.159444 0.159306
0.159171 0.159042 0.158916 0.158795 0.158678 0.158565 0.158457 0.158352 0.158251
0.158154 0.15806 0.157969 0.157882 0.157798 0.157717 0.157638 0.157562 0.157489
0.157418 0.157349 0.157283 0.157218 0.157155 0.157094 0.157034 0.156976 0.156919
0.156863 0.156808 0.156755 0.156702 0.15665 0.156599 0.156549 0.156499 0.15645
0.156402 0.156354 0.156306 0.156258 0.156211 0.156165 0.156118 0.156072 0.156026
0.15598 0.155934 0.155888 0.155842 0.155797 0.155751 0.155706 0.15566 0.155615
0.155569 0.155524 0.155478 0.155433 0.155387 0.155342 0.155296 0.155251 0.155205
0.155159 0.155114 0.155068 0.155022 0.154976 0.15493 0.154884 0.154838 0.154792
0.154746 0.154699 0.154653 0.154607 0.15456 0.154514 0.154467 0.15442 0.154374
0.154327 0.15428 0.154233 0.154186 0.154139 0.154092 0.154045 0.153997 0.15395
0.153902 0.153855 0.153807 0.15376 0.153712 0.153664 0.153616 0.153568 0.15352
0.153472 0.153424 0.153376 0.153328 0.153279 0.153231 0.153182 0.153134 0.153085
0.153037 0.152988 0.152939 0.15289 0.152841 0.152792 0.152743 0.152694 0.152645
0.152595 0.152546 0.152497 0.152447 0.152397 0.152348 0.152298 0.152248 0.152199
0.152149 0.152099 0.152049 0.151999 0.151948 0.151898 0.151848 0.151797 0.151747
0.151697 0.151646 0.151595 0.151545 0.151494 0.151443 0.151392 0.151341 0.15129
0.151239 0.151188 0.151137 0.151086 0.151034 0.150983 0.150932 0.15088 0.150829
0.150777 0.150726 0.150674 0.150622 0.15057 0.150519 0.150467 0.150415 0.150363
0.150311 0.150259 0.150206 0.150154 0.150102 0.15005 0.149997 0.149945 0.149893
0.14984 0.149788 0.149735 0.149683 0.14963 0.149577 0.149525 0.149472 0.149419
0.149367 0.149314 0.149261 0.149208 0.149156 0.149103 0.14905 0.148997 0.148944
0.148891 0.148839 0.148786 0.148733 0.14868 0.148627 0.148574 0.148522 0.148469
0.148416 0.148363 0.148311 0.148258 0.148205 0.148153 0.1481 0.148048 0.147995
0.147943 0.147891 0.147838 0.147786 0.147734 0.147682 0.14763 0.147579 0.147527
0.147475 0.147424 0.147373 0.147322 0.147271 0.14722 0.147169 0.147119 0.147069
0.147019 0.146969 0.146919 0.14687 0.146821 0.146772 0.146723 0.146675 0.146627
0.146579 0.146532 0.146485 0.146438 0.146391 0.146345 0.1463 0.146254 0.146209
0.146165 0.146121 0.146077 0.146034 0.145991 0.145949 0.145908 0.145866 0.145826
0.145786 0.145746 0.145707 0.145669 0.145631 0.145594 0.145557 0.145521 0.145486
0.145451 0.145417 0.145383 0.145351 0.145319 0.145287 0.145256 0.145226 0.145196
0.145167 0.145139 0.145111 0.145084 0.145058 0.145032 0.145006 0.144982 0.144958
0.144934 0.144911 0.144889 0.144867 0.144845 0.144824 0.144803 0.144783 0.144762
0.144743 0.144723 0.144703 0.144684 0.144665 0.144646 0.144627 0.144607 0.144588
0.144569 0.144549 0.144529 0.144509 0.144489 0.144468 0.144447 0.144425 0.144403
0.144381 0.144357 0.144334 0.144309 0.144284 0.144258 0.144232 0.144205 0.144177
0.144149 0.14412 0.14409 0.144059 0.144028 0.143996 0.143963 0.143929 0.143895
0.14386 0.143825 0.143788 0.143752 0.143715 0.143677 0.143639 0.1436 0.143561
0.143522 0.143482 0.143442 0.143401 0.14336 0.143319 0.143277 0.143234 0.143191
0.143148 0.143105 0.14306 0.143016 0.142971 0.142925 0.142878 0.142831 0.142783
0.142734 0.142684 0.142633 0.142582 0.142529 0.142475 0.14242 0.142363 0.142306
0.142247 0.142187 0.142126 0.142063 0.142 0.141935 0.141869 0.141802 0.141733
0.141664 0.141594 0.141523 0.141451 0.141379 0.141306 0.141232 0.141159 0.141085
0.141011 0.140938 0.140864 0.14079 0.140717 0.140643 0.14057 0.140497 0.140423
0.14035 0.140277 0.140203 0.140129 0.140054 0.139979 0.139903 0.139826 0.139748
0.139668 0.139588 0.139506 0.139423 0.139338 0.139252 0.139165 0.139076 0.138986
0.138894 0.138802 0.138708 0.138614 0.138518 0.138422 0.138326 0.138229 0.138133
0.138036 0.13794 0.137843 0.137748 0.137653 0.137559 0.137466 0.137373 0.137282
0.137192 0.137103 0.137015 0.136929 0.136843 0.13676 0.136671
        </DataArray>
        <DataArray type='Float32' Name='nut' format='ascii'>
0.000568147 0.000568018 0.000567889 0.00056776 0.000567631 0.000567501 0.000567372 0.000567243 0.000567113
0.000566983 0.000566854 0.000566724 0.000566594 0.000566464 0.000566334 0.000566204 0.000566073 0.000565943
0.000565812 0.000565682 0.000565551 0.00056542 0.000565289 0.000565158 0.000565027 0.000564896 0.000564765
0.000564634 0.000564502 0.000564371 0.000564239 0.000564107 0.000563975 0.000563844 0.000563712 0.000563579
0.000563447 0.000563315 0.000563183 0.00056305 0.000562918 0.000562785 0.000562653 0.00056252 0.000562387
0.000562254 0.000562121 0.000561989 0.000561856 0.000561723 0.00056159 0.000561458 0.000561326 0.000561193
0.000561061 0.00056093 0.000560799 0.000560668 0.000560538 0.000560408 0.000560279 0.000560151 0.000560024
0.000559898 0.000559773 0.000559649 0.000559526 0.000559406 0.000559286 0.000559169 0.000559054 0.00055894
0.000558829 0.000558719 0.000558613 0.000558508 0.000558407 0.000558307 0.000558211 0.000558117 0.000558026
0.000557938 0.000557853 0.00055777 0.000557691 0.000557614 0.000557541 0.00055747 0.000557401 0.000557336
0.000557273 0.000557213 0.000557155 0.0005571 0.000557047 0.000556996 0.000556947 0.0005569 0.000556855
0.000556812 0.000556771 0.000556731 0.000556693 0.000556656 0.00055662 0.000556586 0.000556553 0.00055652
0.000556489 0.000556458 0.000556428 0.000556399 0.00055637 0.000556342 0.000556314 0.000556287 0.00055626
0.000556234 0.000556207 0.000556181 0.000556156 0.00055613 0.000556104 0.000556079 0.000556054 0.000556028
0.000556003 0.000555978 0.000555953 0.000555928 0.000555903 0.000555877 0.000555852 0.000555827 0.000555802
0.000555777 0.000555751 0.000555726 0.000555701 0.000555675 0.00055565 0.000555624 0.000555599 0.000555573
0.000555547 0.000555522 0.000555496 0.00055547 0.000555444 0.000555418 0.000555392 0.000555366 0.00055534
0.000555314 0.000555288 0.000555262 0.000555235 0.000555209 0.000555183 0.000555156 0.00055513 0.000555103
0.000555077 0.00055505 0.000555023 0.000554997 0.00055497 0.000554943 0.000554916 0.000554889 0.000554863
0.000554836 0.000554809 0.000554782 0.000554754 0.000554727 0.0005547 0.000554673 0.000554645 0.000554618
0.000554591 0.000554563 0.000554536 0.000554508 0.000554481 0.000554453 0.000554426 0.000554398 0.00055437
0.000554342 0.000554315 0.000554287 0.000554259 0.000554231 0.000554203 0.000554175 0.000554147 0.000554118
0.00055409 0.000554062 0.000554034 0.000554005 0.000553977 0.000553949 0.00055392 0.000553892 0.000553863
0.000553835 0.000553806 0.000553777 0.000553749 0.00055372 0.000553691 0.000553662 0.000553633 0.000553604
0.000553575 0.000553546 0.000553517 0.000553488 0.000553459 0.00055343 0.000553401 0.000553371 0.000553342
0.000553313 0.000553283 0.000553254 0.000553224 0.000553195 0.000553165 0.000553136 0.000553106 0.000553077
0.000553047 0.000553017 0.000552987 0.000552958 0.000552928 0.000552898 0.000552868 0.000552838 0.000552808
0.000552778 0.000552748 0.000552718 0.000552688 0.000552658 0.000552627 0.000552597 0.000552567 0.000552537
0.000552506 0.000552476 0.000552446 0.000552415 0.000552385 0.000552354 0.000552324 0.000552294 0.000552263
0.000552233 0.000552202 0.000552172 0.000552141 0.000552111 0.00055208 0.000552049 0.000552019 0.000551988
0.000551958 0.000551927 0.000551897 0.000551866 0.000551836 0.000551805 0.000551775 0.000551744 0.000551714
0.000551683 0.000551653 0.000551622 0.000551592 0.000551562 0.000551531 0.000551501 0.000551471 0.000551441
0.000551411 0.000551381 0.000551351 0.000551321 0.000551291 0.000551261 0.000551232 0.000551202 0.000551173
0.000551143 0.000551114 0.000551085 0.000551056 0.000551027 0.000550999 0.00055097 0.000550942 0.000550914
0.000550886 0.000550858 0.00055083 0.000550803 0.000550776 0.000550749 0.000550722 0.000550696 0.00055067
0.000550644 0.000550619 0.000550593 0.000550569 0.000550544 0.00055052 0.000550496 0.000550473 0.00055045
0.000550427 0.000550405 0.000550384 0.000550363 0.000550342 0.000550322 0.000550303 0.000550284 0.000550265
0.000550247 0.00055023 0.000550214 0.000550198 0.000550183 0.000550168 0.000550155 0.000550141 0.000550129
0.000550118 0.000550107 0.000550097 0.000550088 0.00055008 0.000550072 0.000550066 0.00055006 0.000550056
0.000550052 0.000550049 0.000550047 0.000550046 0.000550045 0.000550046 0.000550048 0.00055005 0.000550054
0.000550058 0.000550063 0.000550069 0.000550075 0.000550083 0.000550091 0.0005501 0.00055011 0.000550121
0.000550132 0.000550144 0.000550156 0.000550169 0.000550183 0.000550197 0.000550211 0.000550226 0.000550241
0.000550256 0.000550271 0.000550286 0.000550301 0.000550317 0.000550332 0.000550346 0.000550361 0.000550375
0.000550389 0.000550402 0.000550414 0.000550426 0.000550437 0.000550448 0.000550457 0.000550466 0.000550473
0.00055048 0.000550485 0.000550489 0.000550492 0.000550494 0.000550495 0.000550494 0.000550492 0.000550489
0.000550484 0.000550479 0.000550471 0.000550463 0.000550454 0.000550443 0.000550431 0.000550418 0.000550403
0.000550388 0.000550371 0.000550354 0.000550335 0.000550316 0.000550295 0.000550274 0.000550252 0.00055023
0.000550206 0.000550183 0.000550158 0.000550133 0.000550107 0.00055008 0.000550053 0.000550026 0.000549997
0.000549969 0.000549939 0.000549909 0.000549879 0.000549847 0.000549815 0.000549782 0.000549748 0.000549713
0.000549677 0.00054964 0.000549601 0.000549561 0.00054952 0.000549477 0.000549433 0.000549387 0.00054934
0.000549291 0.00054924 0.000549188 0.000549134 0.000549079 0.000549023 0.000548965 0.000548906 0.000548847
0.000548786 0.000548725 0.000548663 0.000548601 0.000548538 0.000548476 0.000548414 0.000548353 0.000548293
0.000548234 0.000548176 0.000548119 0.000548064 0.00054801 0.000547958 0.000547907 0.000547858 0.00054781
0.000547763 0.000547717 0.000547672 0.000547627 0.000547583 0.000547539 0.000547494 0.00054745 0.000547404
0.000547358 0.000547311 0.000547262 0.000547212 0.000547161 0.000547108 0.000547054 0.000546998 0.00054694
0.000546881 0.000546821 0.00054676 0.000546698 0.000546636 0.000546573 0.00054651 0.000546448 0.000546385
0.000546324 0.000546264 0.000546205 0.000546148 0.000546093 0.000546039 0.000545988 0.000545939 0.000545893
0.00054585 0.00054581 0.000545772 0.000545737 0.000545704 0.000545676 0.000545639
        </DataArray>
        <DataArray type='Float32' Name='omega' format='ascii'>
315.645 315.287 314.929 314.57 314.212 313.854 313.496 313.138 312.781
312.423 312.066 311.708 311.351 310.993 310.636 310.279 309.922 309.565
309.208 308.851 308.494 308.137 307.78 307.424 307.067 306.711 306.354
305.998 305.642 305.285 304.929 304.573 304.217 303.861 303.506 303.15
302.794 302.439 302.083 301.728 301.373 301.018 300.663 300.308 299.953
299.598 299.244 298.89 298.536 298.182 297.829 297.476 297.123 296.771
296.419 296.069 295.718 295.369 295.021 294.674 294.328 293.983 293.641
293.3 292.961 292.624 292.29 291.958 291.629 291.304 290.982 290.664
290.35 290.04 289.734 289.433 289.138 288.847 288.562 288.283 288.009
287.742 287.481 287.226 286.977 286.735 286.5 286.271 286.049 285.834
285.625 285.423 285.228 285.039 284.856 284.68 284.51 284.345 284.187
284.034 283.886 283.744 283.607 283.475 283.347 283.223 283.104 282.989
282.878 282.77 282.665 282.563 282.465 282.369 282.276 282.185 282.096
282.009 281.924 281.841 281.76 281.68 281.601 281.523 281.447 281.371
281.296 281.223 281.149 281.077 281.005 280.933 280.862 280.792 280.722
280.652 280.582 280.512 280.443 280.374 280.305 280.236 280.167 280.098
280.029 279.96 279.891 279.822 279.754 279.685 279.616 279.547 279.478
279.409 279.339 279.27 279.201 279.131 279.062 278.992 278.922 278.853
278.783 278.713 278.643 278.572 278.502 278.432 278.361 278.29 278.22
278.149 278.078 278.007 277.936 277.864 277.793 277.721 277.65 277.578
277.506 277.434 277.362 277.29 277.218 277.145 277.073 277 276.928
276.855 276.782 276.709 276.636 276.562 276.489 276.416 276.342 276.268
276.194 276.12 276.046 275.972 275.898 275.824 275.749 275.675 275.6
275.525 275.45 275.375 275.3 275.225 275.15 275.074 274.999 274.923
274.847 274.771 274.695 274.619 274.543 274.467 274.39 274.314 274.237
274.161 274.084 274.007 273.93 273.853 273.775 273.698 273.621 273.543
273.466 273.388 273.31 273.232 273.154 273.076 272.998 272.92 272.841
272.763 272.684 272.605 272.527 272.448 272.369 272.29 272.211 272.132
272.052 271.973 271.894 271.814 271.734 271.655 271.575 271.495 271.415
271.335 271.255 271.175 271.095 271.015 270.934 270.854 270.774 270.693
270.613 270.532 270.451 270.371 270.29 270.209 270.128 270.048 269.967
269.886 269.805 269.724 269.643 269.562 269.481 269.4 269.319 269.238
269.157 269.076 268.995 268.914 268.833 268.752 268.671 268.59 268.51
268.429 268.348 268.268 268.187 268.107 268.026 267.946 267.866 267.786
267.706 267.626 267.547 267.467 267.388 267.309 267.23 267.151 267.073
266.994 266.916 266.838 266.761 266.683 266.606 266.529 266.453 266.376
266.301 266.225 266.15 266.075 266.001 265.927 265.853 265.78 265.707
265.635 265.563 265.492 265.421 265.351 265.281 265.212 265.143 265.076
265.008 264.941 264.875 264.81 264.745 264.681 264.618 264.555 264.493
264.432 264.371 264.311 264.252 264.194 264.136 264.079 264.023 263.968
263.913 263.859 263.806 263.753 263.701 263.65 263.6 263.55 263.502
263.453 263.406 263.359 263.313 263.267 263.222 263.177 263.133 263.089
263.046 263.003 262.96 262.918 262.876 262.834 262.792 262.75 262.708
262.667 262.625 262.583 262.541 262.498 262.456 262.413 262.369 262.326
262.281 262.237 262.191 262.146 262.099 262.052 262.005 261.957 261.908
261.858 261.808 261.757 261.705 261.653 261.599 261.545 261.491 261.436
261.38 261.323 261.266 261.208 261.15 261.091 261.031 260.972 260.911
260.851 260.79 260.728 260.666 260.604 260.541 260.478 260.414 260.349
260.284 260.219 260.153 260.086 260.019 259.95 259.881 259.811 259.741
259.669 259.596 259.522 259.446 259.369 259.292 259.212 259.131 259.049
258.965 258.88 258.793 258.704 258.614 258.523 258.429 258.335 258.238
258.141 258.042 257.941 257.84 257.737 257.633 257.529 257.423 257.317
257.21 257.103 256.995 256.886 256.777 256.668 256.558 256.447 256.336
256.224 256.112 255.998 255.884 255.768 255.651 255.533 255.413 255.291
255.168 255.043 254.916 254.788 254.657 254.524 254.39 254.253 254.115
253.975 253.834 253.691 253.547 253.402 253.255 253.108 252.96 252.812
252.663 252.514 252.366 252.217 252.069 251.921 251.774 251.627 251.482
251.337 251.192 251.049 250.907 250.765 250.625 250.479
        </DataArray>
        <DataArray type='Float32' Name='p' format='ascii'>
16.1259 16.1258 16.1256 16.1252 16.1248 16.1242 16.1235 16.1227 16.1218
16.1207 16.1195 16.1182 16.1168 16.1153 16.1136 16.1118 16.1099 16.1078
16.1057 16.1034 16.1009 16.0984 16.0957 16.0929 16.0899 16.0869 16.0837
16.0804 16.0769 16.0733 16.0696 16.0657 16.0617 16.0576 16.0534 16.049
16.0444 16.0398 16.035 16.0301 16.025 16.0198 16.0145 16.009 16.0034
15.9976 15.9917 15.9857 15.9796 15.9733 15.9668 15.9603 15.9536 15.9467
15.9397 15.9326 15.9253 15.9179 15.9104 15.9027 15.8949 15.8869 15.8788
15.8706 15.8622 15.8536 15.845 15.8362 15.8272 15.8181 15.8089 15.7995
15.79 15.7803 15.7705 15.7606 15.7505 15.7403 15.7299 15.7194 15.7087
15.6979 15.687 15.6759 15.6646 15.6533 15.6418 15.6301 15.6183 15.6063
15.5942 15.582 15.5696 15.5571 15.5444 15.5316 15.5186 15.5055 15.4922
15.4788 15.4653 15.4516 15.4377 15.4238 15.4096 15.3953 15.3809 15.3663
15.3516 15.3367 15.3217 15.3065 15.2912 15.2757 15.2601 15.2443 15.2283
15.2122 15.196 15.1796 15.163 15.1463 15.1294 15.1124 15.0952 15.0778
15.0603 15.0426 15.0247 15.0067 14.9885 14.9702 14.9516 14.9329 14.9141
14.895 14.8758 14.8564 14.8368 14.817 14.797 14.7769 14.7565 14.736
14.7152 14.6943 14.6731 14.6518 14.6302 14.6085 14.5865 14.5643 14.5419
14.5192 14.4964 14.4733 14.4499 14.4264 14.4025 14.3785 14.3542 14.3296
14.3047 14.2796 14.2543 14.2286 14.2027 14.1765 14.1499 14.1231 14.096
14.0686 14.0408 14.0127 13.9843 13.9556 13.9265 13.897 13.8672 13.8371
13.8065 13.7756 13.7442 13.7125 13.6803 13.6478 13.6148 13.5813 13.5474
13.5131 13.4782 13.4429 13.4071 13.3708 13.3339 13.2965 13.2586 13.2201
13.1811 13.1414 13.1012 13.0603 13.0188 12.9767 12.9339 12.8904 12.8462
12.8013 12.7557 12.7093 12.6621 12.6141 12.5654 12.5158 12.4653 12.414
12.3617 12.3086 12.2544 12.1993 12.1433 12.0861 12.028 11.9687 11.9084
11.8469 11.7842 11.7204 11.6553 11.5889 11.5212 11.4522 11.3819 11.3101
11.2369 11.1622 11.0859 11.0081 10.9287 10.8477 10.7649 10.6804 10.5941
10.506 10.416 10.324 10.2301 10.134 10.0359 9.93564 9.83313 9.72834
9.6212 9.51165 9.39961 9.28504 9.16784 9.04796 8.92531 8.79983 8.67143
8.54003 8.40556 8.26791 8.12702 7.98278 7.83512 7.68392 7.52911 7.37057
7.20821 7.04192 6.87159 6.69712 6.51839 6.33528 6.14769 5.95547 5.75852
5.5567 5.34989 5.13794 4.92072 4.69809 4.4699 4.23601 3.99626 3.75051
3.49859 3.24034 2.97559 2.70418 2.42593 2.14067 1.84822 1.54839 1.24099
0.925837 0.602731 0.271475 -0.0681353 -0.416305 -0.773246 -1.13917 -1.51429 -1.89884
-2.29303 -2.6971 -3.11126 -3.53577 -3.97085 -4.41674 -4.87369 -5.34193 -5.82173
-6.31332 -6.81696 -7.33289 -7.86138 -8.40268 -8.95704 -9.52472 -10.106 -10.7011
-11.3102 -11.9337 -12.5718 -13.2248 -13.8928 -14.5761 -15.275 -15.9897 -16.7205
-17.4674 -18.2309 -19.011 -19.8079 -20.622 -21.4532 -22.3018 -23.168 -24.0519
-24.9536 -25.8733 -26.8109 -27.7666 -28.7405 -29.7326 -30.7428 -31.7712 -32.8178
-33.8824 -34.965 -36.0655 -37.1837 -38.3195 -39.4725 -40.6426 -41.8295 -43.0329
-44.2523 -45.4873 -46.7376 -48.0027 -49.282 -50.5747 -51.8803 -53.1981 -54.5273
-55.8673 -57.2173 -58.5766 -59.9444 -61.3194 -62.7006 -64.0864 -65.4756 -66.8669
-68.259 -69.6507 -71.0411 -72.4288 -73.8124 -75.1905 -76.5618 -77.9246 -79.2772
-80.6178 -81.9443 -83.255 -84.5479 -85.8211 -87.0728 -88.3011 -89.5041 -90.6798
-91.8264 -92.942 -94.0246 -95.0725 -96.0837 -97.0565 -97.9891 -98.8796 -99.7264
-100.528 -101.282 -101.988 -102.644 -103.249 -103.8 -104.297 -104.74 -105.125
-105.454 -105.724 -105.934 -106.084 -106.173 -106.201 -106.17 -106.079 -105.926
-105.709 -105.429 -105.087 -104.684 -104.222 -103.702 -103.127 -102.496 -101.81
-101.069 -100.274 -99.4246 -98.5239 -97.574 -96.5777 -95.5366 -94.4518 -93.3248
-92.1573 -90.9519 -89.7113 -88.4381 -87.1347 -85.8035 -84.4464 -83.0652 -81.662
-80.2387 -78.797 -77.3392 -75.8671 -74.3827 -72.8883 -71.3856 -69.8768 -68.3637
-66.8483 -65.3323 -63.8175 -62.3055 -60.7978 -59.2961 -57.8017 -56.3153 -54.8381
-53.3715 -51.9168 -50.4755 -49.0483 -47.6358 -46.2381 -44.8553 -43.4879 -42.137
-40.8038 -39.4897 -38.1957 -36.9224 -35.67 -34.4381 -33.2263 -32.034 -30.8607
-29.706 -28.5697 -27.4516 -26.3516 -25.2699 -24.2065 -23.1614 -22.1346 -21.126
-20.1353 -19.1624 -18.2068 -17.2681 -16.3458 -15.4392 -14.5479 -13.671 -12.808
-11.9581 -11.1205 -10.2946 -9.47946 -8.67437 -7.87848 -7.09096 -6.31098 -5.53761
-4.77026 -4.00715 -3.25041 -2.48951 -1.75546 -0.953679 -0.439961
        </DataArray>
        <DataArray type='Float32' Name='U' NumberOfComponents='3' format='ascii'>
34.6 0 8.51934e-22 34.6 0 -3.03013e-22 34.6 0 -4.13573e-21
34.6 0 2.38837e-21 34.6 0 3.43406e-22 34.6 0 5.62277e-22
34.6001 0 -2.64973e-22 34.6001 0 5.43103e-22 34.6001 0 -2.914e-22
34.6002 0 -4.16425e-22 34.6002 0 -5.00654e-22 34.6002 0 1.01655e-21
34.6003 0 -8.5211e-22 34.6003 0 9.44595e-22 34.6004 0 -8.58791e-22
34.6004 0 -4.65087e-22 34.6005 0 -3.87526e-22 34.6005 0 1.26619e-21
34.6006 0 6.42137e-22 34.6007 0 -2.44863e-21 34.6007 0 1.72001e-21
34.6008 0 -3.65918e-22 34.6009 0 -1.38606e-21 34.601 0 -5.11068e-22
34.601 0 3.32155e-21 34.6011 0 -3.53938e-22 34.6012 0 2.65159e-21
34.6013 0 -2.80162e-21 34.6014 0 -9.4064e-22 34.6015 0 1.17357e-21
34.6017 0 2.20692e-21 34.6018 0 -5.46236e-21 34.6019 0 2.87601e-21
34.602 0 1.94089e-21 34.6021 0 6.87641e-22 34.6023 0 8.76252e-24
34.6024 0 -2.0651e-21 34.6025 0 -1.37917e-21 34.6027 0 2.57342e-22
34.6028 0 -1.34719e-22 34.603 0 3.59736e-22 34.6031 0 2.53184e-21
34.6033 0 -1.43458e-21 34.6035 0 -6.97662e-21 34.6036 0 8.8512e-21
34.6038 0 -4.14912e-21 34.604 0 -4.1868e-21 34.6042 0 1.03558e-20
34.6044 0 -4.58213e-21 34.6046 0 -4.99598e-21 34.6048 0 7.95024e-21
34.605 0 -8.47312e-21 34.6052 0 3.39413e-21 34.6054 0 1.43036e-22
34.6056 0 -2.91457e-21 34.6059 0 7.48346e-21 34.6061 0 3.35381e-21
34.6063 0 -1.64692e-21 34.6066 0 -7.45231e-21 34.6068 0 1.35909e-21
34.6071 0 -4.88106e-21 34.6073 0 2.6016e-21 34.6076 0 9.88215e-21
34.6079 0 -1.28612e-20 34.6081 0 7.67609e-21 34.6084 0 -1.36006e-21
34.6087 0 4.22281e-21 34.609 0 -6.79045e-21 34.6093 0 -2.07939e-21
34.6096 0 1.56377e-21 34.6099 0 3.82928e-21 34.6102 0 -7.4583e-21
34.6105 0 8.66716e-21 34.6108 0 -4.34728e-21 34.6111 0 -3.56632e-21
34.6115 0 1.10907e-20 34.6118 0 -3.19535e-21 34.6121 0 -4.0861e-21
34.6125 0 2.13129e-21 34.6128 0 1.84227e-22 34.6132 0 5.58249e-21
34.6135 0 2.7072e-21 34.6139 0 -1.53025e-20 34.6143 0 -4.5383e-21
34.6146 0 1.96514e-20 34.615 0 6.17489e-22 34.6154 0 -4.07236e-21
34.6158 0 3.44458e-21 34.6161 0 -2.46404e-21 34.6165 0 4.78935e-21
34.6169 0 -2.81959e-21 34.6173 0 -1.06489e-20 34.6177 0 -4.3736e-21
34.6181 0 1.43615e-20 34.6185 0 5.06151e-21 34.6189 0 -1.89669e-20
34.6193 0 1.26636e-20 34.6197 0 -1.24189e-20 34.6201 0 1.76729e-20
34.6205 0 -2.14512e-20 34.6209 0 7.98888e-21 34.6213 0 8.24859e-21
34.6217 0 -5.28815e-21 34.6221 0 8.54415e-21 34.6226 0 -1.9444e-20
34.623 0 6.6941e-21 34.6234 0 5.39851e-21 34.6238 0 -1.13984e-20
34.6242 0 1.37826e-20 34.6246 0 -3.11036e-21 34.6251 0 6.42e-21
34.6255 0 1.79877e-21 34.6259 0 -2.56535e-21 34.6263 0 5.50043e-21
34.6268 0 -2.843e-22 34.6272 0 -6.28197e-21 34.6276 0 -4.85204e-22
34.628 0 5.87628e-21 34.6285 0 -2.11623e-21 34.6289 0 -1.08973e-20
34.6293 0 -5.7068e-21 34.6297 0 1.11421e-20 34.6302 0 -1.23489e-20
34.6306 0 1.7518e-20 34.631 0 -7.32193e-21 34.6315 0 8.02905e-21
34.6319 0 -4.29743e-21 34.6323 0 -1.70303e-20 34.6328 0 1.02969e-20
34.6332 0 9.09133e-21 34.6336 0 -4.31448e-21 34.6341 0 6.83528e-21
34.6345 0 -7.90069e-21 34.635 0 2.87936e-21 34.6354 0 -1.4091e-20
34.6358 0 -3.43905e-21 34.6363 0 4.63598e-21 34.6367 0 1.33543e-20
34.6372 0 -1.77336e-20 34.6376 0 2.70689e-21 34.6381 0 2.24657e-20
34.6385 0 -2.3742e-20 34.639 0 8.32872e-21 34.6394 0 1.32056e-20
34.6399 0 -2.04621e-20 34.6404 0 8.82193e-21 34.6408 0 1.95438e-23
34.6413 0 2.53604e-21 34.6418 0 5.48533e-21 34.6422 0 -1.8823e-20
34.6427 0 2.1468e-20 34.6432 0 -1.69793e-20 34.6436 0 -3.09908e-21
34.6441 0 9.14231e-21 34.6446 0 2.08597e-20 34.6451 0 -3.10246e-20
34.6456 0 -7.41396e-21 34.6461 0 2.76623e-20 34.6466 0 -2.07374e-22
34.6471 0 -3.53737e-21 34.6476 0 4.31941e-21 34.6481 0 2.78682e-22
34.6486 0 -1.72265e-20 34.6491 0 -1.07612e-20 34.6496 0 2.07807e-20
34.6501 0 1.47671e-21 34.6507 0 7.04895e-21 34.6512 0 -1.06489e-21
34.6517 0 -8.68686e-21 34.6523 0 6.31387e-21 34.6528 0 -1.48379e-20
34.6534 0 -1.21589e-20 34.654 0 1.39798e-20 34.6545 0 3.48697e-21
34.6551 0 3.78499e-21 34.6557 0 -7.32179e-21 34.6563 0 3.78217e-21
34.6569 0 3.45293e-21 34.6575 0 -1.00907e-20 34.6581 0 2.40271e-20
34.6587 0 -1.39225e-20 34.6593 0 6.55267e-21 34.66 0 3.03741e-21
34.6606 0 -4.95724e-22 34.6612 0 -1.69011e-20 34.6619 0 2.01256e-21
34.6626 0 7.50744e-21 34.6633 0 -9.78578e-21 34.6639 0 -4.59632e-21
34.6646 0 1.12216e-20 34.6654 0 -7.3028e-21 34.6661 0 7.32625e-21
34.6668 0 1.0339e-20 34.6676 0 -2.18266e-20 34.6683 0 1.42875e-20
34.6691 0 1.54971e-20 34.6699 0 -2.83093e-20 34.6707 0 5.43748e-21
34.6715 0 1.06472e-20 34.6723 0 -1.31633e-21 34.6732 0 1.43958e-20
34.674 0 -9.88606e-21 34.6749 0 -1.20969e-20 34.6758 0 1.2525e-20
34.6767 0 -1.81323e-20 34.6776 0 5.65991e-21 34.6785 0 8.00951e-22
34.6795 0 -9.05051e-21 34.6805 0 -3.62427e-21 34.6815 0 1.20128e-20
34.6825 0 2.11822e-20 34.6835 0 -1.0732e-21 34.6846 0 -2.41542e-20
34.6856 0 5.12398e-21 34.6867 0 -1.3501e-20 34.6879 0 1.92123e-20
34.689 0 9.94307e-21 34.6902 0 -9.60911e-21 34.6914 0 -1.89881e-20
34.6926 0 1.53088e-20 34.6938 0 5.12628e-21 34.6951 0 3.54978e-21
34.6964 0 6.31659e-21 34.6977 0 -2.40445e-20 34.6991 0 1.64416e-20
34.7005 0 -5.75302e-21 34.7019 0 1.13096e-22 34.7034 0 1.4955e-20
34.7049 0 -3.07341e-20 34.7064 0 1.96014e-20 34.708 0 4.94863e-21
34.7095 0 -1.40648e-20 34.7112 0 6.92932e-21 34.7128 0 -8.1052e-21
34.7146 0 7.21318e-21 34.7163 0 8.26562e-21 34.7181 0 -2.02166e-20
34.7199 0 5.8546e-21 34.7218 0 -1.97343e-21 34.7237 0 6.03034e-21
34.7257 0 -3.05453e-21 34.7277 0 -7.54673e-21 34.7298 0 1.85508e-20
34.7319 0 -1.0609e-20 34.7341 0 -1.29168e-21 34.7363 0 7.85337e-21
34.7386 0 -2.56631e-21 34.7409 0 -5.5903e-21 34.7433 0 1.77556e-21
34.7458 0 4.99195e-21 34.7483 0 -1.28962e-20 34.7509 0 -3.41831e-21
34.7535 0 8.90035e-21 34.7563 0 -2.71807e-21 34.759 0 8.29378e-21
34.7619 0 8.61674e-21 34.7648 0 2.83809e-23 34.7678 0 -5.68437e-21
34.7709 0 -2.72267e-21 34.7741 0 -2.64007e-21 34.7773 0 -6.16307e-22
34.7806 0 6.42446e-21 34.7841 0 -1.01244e-20 34.7876 0 -1.1551e-21
34.7912 0 6.94212e-21 34.7948 0 1.33051e-22 34.7986 0 5.86752e-22
34.8025 0 -9.9906e-21 34.8065 0 1.66745e-20 34.8106 0 -1.3674e-20
34.8148 0 8.64375e-21 34.8191 0 -4.74583e-21 34.8235 0 1.34065e-21
34.8281 0 -4.2171e-21 34.8327 0 1.44631e-20 34.8375 0 -1.25171e-20
34.8424 0 3.13725e-21 34.8475 0 3.44659e-21 34.8526 0 -3.66689e-21
34.8579 0 -8.25655e-22 34.8634 0 1.07721e-21 34.869 0 -1.10385e-21
34.8747 0 9.38421e-22 34.8806 0 -6.23535e-22 34.8867 0 -2.089e-22
34.8929 0 -6.35548e-23 34.8993 0 -1.76385e-21 34.9059 0 2.80819e-21
34.9126 0 -9.35985e-22 34.9195 0 -4.5641e-21 34.9266 0 1.04074e-20
34.9339 0 -1.06806e-20 34.9413 0 7.29807e-21 34.949 0 -9.20044e-21
34.9569 0 1.54606e-21 34.965 0 1.26917e-20 34.9733 0 -8.29811e-21
34.9818 0 4.46837e-21 34.9905 0 -2.9637e-21 34.9995 0 2.91011e-21
35.0087 0 1.74432e-20 35.0181 0 -1.0054e-20 35.0278 0 -3.47067e-20
35.0378 0 3.7481e-20 35.048 0 -1.89749e-20 35.0584 0 -1.46816e-20
35.0692 0 1.57112e-20 35.0802 0 3.09756e-20 35.0915 0 -2.52839e-20
35.1031 0 1.69338e-20 35.115 0 -1.58929e-20 35.1272 0 6.91251e-21
35.1397 0 4.40175e-21 35.1526 0 -1.14634e-20 35.1657 0 2.37504e-20
35.1792 0 -2.06982e-20 35.193 0 -1.58509e-20 35.2072 0 -4.93691e-21
35.2217 0 3.06121e-20 35.2366 0 -7.37864e-20 35.2519 0 3.1229e-20
35.2675 0 3.8981e-20 35.2835 0 -6.6715e-20 35.2999 0 1.53689e-20
35.3167 0 -1.75167e-20 35.3338 0 2.06113e-20 35.3514 0 7.70181e-20
35.3694 0 -1.0031e-19 35.3879 0 7.31432e-21 35.4067 0 5.6507e-20
35.426 0 -9.66922e-20 35.4457 0 4.18125e-20 35.4659 0 1.76847e-20
35.4865 0 2.96166e-20 35.5076 0 -2.31222e-20 35.5291 0 9.79409e-20
35.5511 0 -1.6808e-19 35.5736 0 1.86369e-19 35.5966 0 -6.04253e-20
35.62 0 -1.53331e-19 35.644 0 9.0794e-20 35.6684 0 9.70447e-20
35.6933 0 5.27276e-20 35.7187 0 -2.10212e-19 35.7446 0 1.07222e-19
35.771 0 -1.10667e-19 35.7978 0 9.35435e-20 35.8252 0 -1.03367e-19
35.8531 0 2.37343e-19 35.8815 0 -3.00939e-19 35.9104 0 2.52966e-19
35.9398 0 -1.96227e-19 35.9696 0 1.99391e-19 36 0 -8.93062e-20
36.0308 0 -1.10877e-19 36.0621 0 9.42858e-20 36.0939 0 6.75529e-20
36.1262 0 -1.29813e-19 36.1589 0 6.03577e-20 36.192 0 -9.88492e-20
36.2256 0 -3.86365e-20 36.2596 0 1.95114e-19 36.294 0 -6.2e-20
36.3288 0 4.5216e-20 36.364 0 -6.40963e-20 36.3996 0 8.69009e-20
36.4355 0 1.39279e-19 36.4717 0 -8.07793e-20 36.5083 0 -1.29293e-19
36.5451 0 1.0539e-20 36.5822 0 1.06547e-19 36.6196 0 -1.99168e-19
36.6572 0 3.89112e-19 36.695 0 -1.65144e-20 36.7329 0 -2.99755e-19
36.771 0 2.86899e-19 36.8092 0 -3.60778e-19 36.8475 0 -2.02871e-19
36.8858 0 9.57503e-20 36.9241 0 3.83722e-19 36.9624 0 -1.59009e-19
37.0006 0 -3.01337e-19 37.0387 0 1.31214e-19 37.0767 0 2.13545e-19
37.1146 0 2.87187e-20 37.1522 0 -2.04617e-19 37.1896 0 1.15906e-19
37.2267 0 4.23793e-20 37.2634 0 -1.58779e-20 37.2998 0 3.4086e-20
37.3358 0 -1.48526e-20 37.3712 0 1.99501e-19 37.4062 0 -1.89335e-20
37.4406 0 -1.84829e-19 37.4744 0 1.04386e-19 37.5076 0 3.77129e-20
37.5401 0 -1.00393e-19 37.5718 0 6.82425e-20 37.6027 0 1.20645e-19
37.6329 0 -4.26992e-19 37.6621 0 2.99506e-19 37.6905 0 6.06372e-20
37.7179 0 -5.04287e-20 37.7443 0 -4.79923e-20 37.7696 0 -5.99857e-20
37.794 0 9.72416e-20 37.8172 0 -5.82811e-20 37.8392 0 7.80597e-21
37.8601 0 5.63869e-20 37.8798 0 -5.74869e-20 37.8983 0 1.55699e-19
37.9155 0 -8.71637e-20 37.9315 0 -1.43903e-19 37.9461 0 -2.70471e-21
37.9594 0 1.684e-19 37.9713 0 1.00411e-19 37.9819 0 -9.75098e-20
37.9911 0 -5.64078e-20 37.9989 0 -2.91974e-20 38.0053 0 -4.60774e-20
38.0104 0 1.26311e-19 38.014 0 -7.20394e-20 38.0163 0 1.1461e-19
38.0171 0 -6.3904e-20 38.0164 0 -2.94602e-20 38.0144 0 -3.13778e-20
38.011 0 6.50884e-20 38.0062 0 -1.3888e-19 38.0001 0 7.8147e-20
37.9927 0 -9.95526e-21 37.9841 0 -8.04178e-21 37.9742 0 -2.76257e-20
37.9631 0 1.27845e-20 37.9507 0 1.69347e-20 37.9372 0 9.64578e-20
37.9225 0 -1.42002e-19 37.9068 0 9.87597e-20 37.89 0 -4.01325e-20
37.8722 0 2.31716e-20 37.8535 0 -1.26587e-19 37.8338 0 3.35155e-20
37.8133 0 -6.15325e-20 37.792 0 2.50772e-20 37.7699 0 4.65393e-20
37.7471 0 1.56635e-20 37.7237 0 3.29348e-22 37.6996 0 1.00566e-20
37.675 0 1.70915e-20 37.6498 0 -5.15595e-20 37.6242 0 -9.80424e-22
37.598 0 -1.58873e-20 37.5715 0 4.12795e-21 37.5445 0 1.02409e-19
37.5172 0 -7.72799e-20 37.4896 0 6.00219e-20 37.4617 0 8.71572e-21
37.4335 0 -4.94001e-20 37.405 0 -1.87215e-20 37.3764 0 9.38984e-21
37.3475 0 2.48676e-20 37.3185 0 -1.70987e-20 37.2894 0 -2.12546e-21
37.2601 0 2.79811e-20 37.2306 0 -6.70162e-21 37.2011 0 -7.96229e-21
37.1715 0 -1.71795e-20 37.1418 0 7.7653e-21 37.112 0 1.85094e-20
37.0821 0 2.86634e-20 37.0522 0 -3.71662e-20 37.0222 0 2.02202e-20
36.9921 0 -3.35437e-20 36.962 0 -1.22797e-20 36.9318 0 -4.43643e-20
36.9016 0 6.26312e-20 36.8712 0 1.14445e-20 36.8408 0 2.05934e-20
36.8104 0 -4.02164e-20 36.7799 0 1.27824e-21 36.7495 0 -4.61159e-21
36.7191 0 1.93709e-20 36.6888 0 -4.21653e-20 36.6585 0 2.90723e-20
36.6283 0 -2.19517e-20 36.5981 0 3.1462e-20 36.5681 0 -4.6022e-20
36.5383 0 4.32566e-20 36.5086 0 -3.89061e-20 36.4791 0 5.06761e-20
36.4499 0 -2.30179e-20 36.4209 0 5.15161e-21 36.3922 0 3.35221e-21
36.3638 0 2.44554e-21 36.3358 0 -1.94835e-20 36.3082 0 1.19474e-20
36.2809 0 -5.29658e-21 36.2541 0 3.05829e-21 36.2277 0 -8.04105e-21
36.2017 0 3.78707e-21 36.1761 0 -3.71325e-21 36.1509 0 1.05806e-20
36.1261 0 -1.08279e-20 36.1017 0 4.37674e-21 36.0776 0 4.48203e-21
36.0539 0 -1.35646e-21 36.0304 0 3.04232e-22 36.0072 0 -2.34883e-21
35.9842 0 1.87766e-21 35.9614 0 -3.89904e-21 35.9387 0 1.60953e-21
35.9161 0 5.87144e-22 35.8935 0 5.66624e-24 35.8708 0 2.49465e-22
35.8481 0 -1.33415e-22 35.8253 0 -4.33433e-22 35.802 0 2.0833e-22
35.7793 0 2.9311e-23 35.7539 0 1.91218e-23 35.7355 0 -7.60866e-23
35.6976 0 4.22123e-23
        </DataArray>
      </CellData>
      <PointData>
        <DataArray type='Float32' Name='k' format='ascii'>
0.179333 0.179333 0.179211 0.179211 0.178967 0.178967 0.178722 0.178722 0.178478
0.178478 0.178234 0.178234 0.177991 0.177991 0.177747 0.177747 0.177504 0.177504
0.17726 0.17726 0.177017 0.177017 0.176774 0.176774 0.176531 0.176531 0.176288
0.176288 0.176045 0.176045 0.175802 0.175802 0.17556 0.17556 0.175317 0.175317
0.175075 0.175075 0.174832 0.174832 0.17459 0.17459 0.174348 0.174348 0.174106
0.174106 0.173864 0.173864 0.173622 0.173622 0.17338 0.17338 0.173139 0.173139
0.172897 0.172897 0.172656 0.172656 0.172415 0.172415 0.172174 0.172174 0.171932
0.171932 0.171691 0.171691 0.171451 0.171451 0.17121 0.17121 0.170969 0.170969
0.170729 0.170729 0.170488 0.170488 0.170248 0.170248 0.170008 0.170008 0.169768
0.169768 0.169528 0.169528 0.169288 0.169288 0.169049 0.169049 0.168809 0.168809
0.16857 0.16857 0.168331 0.168331 0.168092 0.168092 0.167853 0.167853 0.167615
0.167615 0.167377 0.167377 0.167139 0.167139 0.166901 0.166901 0.166664 0.166664
0.166428 0.166428 0.166192 0.166192 0.165956 0.165956 0.165721 0.165721 0.165487
0.165487 0.165254 0.165254 0.165022 0.165022 0.16479 0.16479 0.16456 0.16456
0.164332 0.164332 0.164104 0.164104 0.163879 0.163879 0.163655 0.163655 0.163433
0.163433 0.163214 0.163214 0.162996 0.162996 0.162781 0.162781 0.162569 0.162569
0.16236 0.16236 0.162153 0.162153 0.16195 0.16195 0.16175 0.16175 0.161554
0.161554 0.161361 0.161361 0.161172 0.161172 0.160987 0.160987 0.160806 0.160806
0.160629 0.160629 0.160457 0.160457 0.160289 0.160289 0.160125 0.160125 0.159966
0.159966 0.159812 0.159812 0.159661 0.159661 0.159516 0.159516 0.159375 0.159375
0.159238 0.159238 0.159106 0.159106 0.158979 0.158979 0.158856 0.158856 0.158737
0.158737 0.158622 0.158622 0.158511 0.158511 0.158404 0.158404 0.158301 0.158301
0.158202 0.158202 0.158107 0.158107 0.158015 0.158015 0.157926 0.157926 0.15784
0.15784 0.157757 0.157757 0.157677 0.157677 0.1576 0.1576 0.157526 0.157526
0.157454 0.157454 0.157384 0.157384 0.157316 0.157316 0.15725 0.15725 0.157186
0.157186 0.157124 0.157124 0.157064 0.157064 0.157005 0.157005 0.156947 0.156947
0.156891 0.156891 0.156836 0.156836 0.156782 0.156782 0.156729 0.156729 0.156676
0.156676 0.156625 0.156625 0.156574 0.156574 0.156524 0.156524 0.156475 0.156475
0.156426 0.156426 0.156378 0.156378 0.15633 0.15633 0.156282 0.156282 0.156235
0.156235 0.156188 0.156188 0.156141 0.156141 0.156095 0.156095 0.156049 0.156049
0.156003 0.156003 0.155957 0.155957 0.155911 0.155911 0.155865 0.155865 0.15582
0.15582 0.155774 0.155774 0.155728 0.155728 0.155683 0.155683 0.155638 0.155638
0.155592 0.155592 0.155547 0.155547 0.155501 0.155501 0.155456 0.155456 0.15541
0.15541 0.155365 0.155365 0.155319 0.155319 0.155274 0.155274 0.155228 0.155228
0.155182 0.155182 0.155137 0.155137 0.155091 0.155091 0.155045 0.155045 0.154999
0.154999 0.154953 0.154953 0.154907 0.154907 0.154861 0.154861 0.154815 0.154815
0.154769 0.154769 0.154723 0.154723 0.154676 0.154676 0.15463 0.15463 0.154583
0.154583 0.154537 0.154537 0.15449 0.15449 0.154444 0.154444 0.154397 0.154397
0.15435 0.15435 0.154303 0.154303 0.154256 0.154256 0.154209 0.154209 0.154162
0.154162 0.154115 0.154115 0.154068 0.154068 0.154021 0.154021 0.153974 0.153974
0.153926 0.153926 0.153879 0.153879 0.153831 0.153831 0.153784 0.153784 0.153736
0.153736 0.153688 0.153688 0.15364 0.15364 0.153592 0.153592 0.153544 0.153544
0.153496 0.153496 0.153448 0.153448 0.1534 0.1534 0.153352 0.153352 0.153304
0.153304 0.153255 0.153255 0.153207 0.153207 0.153158 0.153158 0.15311 0.15311
0.153061 0.153061 0.153012 0.153012 0.152963 0.152963 0.152915 0.152915 0.152866
0.152866 0.152817 0.152817 0.152768 0.152768 0.152718 0.152718 0.152669 0.152669
0.15262 0.15262 0.152571 0.152571 0.152521 0.152521 0.152472 0.152472 0.152422
0.152422 0.152373 0.152373 0.152323 0.152323 0.152273 0.152273 0.152223 0.152223
0.152174 0.152174 0.152124 0.152124 0.152074 0.152074 0.152024 0.152024 0.151973
0.151973 0.151923 0.151923 0.151873 0.151873 0.151823 0.151823 0.151772 0.151772
0.151722 0.151722 0.151671 0.151671 0.151621 0.151621 0.15157 0.15157 0.151519
0.151519 0.151469 0.151469 0.151418 0.151418 0.151367 0.151367 0.151316 0.151316
0.151265 0.151265 0.151214 0.151214 0.151163 0.151163 0.151111 0.151111 0.15106
0.15106 0.151009 0.151009 0.150957 0.150957 0.150906 0.150906 0.150855 0.150855
0.150803 0.150803 0.150751 0.150751 0.1507 0.1507 0.150648 0.150648 0.150596
0.150596 0.150544 0.150544 0.150493 0.150493 0.150441 0.150441 0.150389 0.150389
0.150337 0.150337 0.150285 0.150285 0.150232 0.150232 0.15018 0.15018 0.150128
0.150128 0.150076 0.150076 0.150024 0.150024 0.149971 0.149971 0.149919 0.149919
0.149866 0.149866 0.149814 0.149814 0.149761 0.149761 0.149709 0.149709 0.149656
0.149656 0.149604 0.149604 0.149551 0.149551 0.149498 0.149498 0.149446 0.149446
0.149393 0.149393 0.14934 0.14934 0.149288 0.149288 0.149235 0.149235 0.149182
0.149182 0.149129 0.149129 0.149076 0.149076 0.149024 0.149024 0.148971 0.148971
0.148918 0.148918 0.148865 0.148865 0.148812 0.148812 0.148759 0.148759 0.148706
0.148706 0.148654 0.148654 0.148601 0.148601 0.148548 0.148548 0.148495 0.148495
0.148442 0.148442 0.14839 0.14839 0.148337 0.148337 0.148284 0.148284 0.148232
0.148232 0.148179 0.148179 0.148126 0.148126 0.148074 0.148074 0.148021 0.148021
0.147969 0.147969 0.147917 0.147917 0.147864 0.147864 0.147812 0.147812 0.14776
0.14776 0.147708 0.147708 0.147656 0.147656 0.147604 0.147604 0.147553 0.147553
0.147501 0.147501 0.14745 0.14745 0.147399 0.147399 0.147347 0.147347 0.147296
0.147296 0.147245 0.147245 0.147195 0.147195 0.147144 0.147144 0.147094 0.147094
0.147044 0.147044 0.146994 0.146994 0.146944 0.146944 0.146895 0.146895 0.146845
0.146845 0.146796 0.146796 0.146748 0.146748 0.146699 0.146699 0.146651 0.146651
0.146603 0.146603 0.146555 0.146555 0.146508 0.146508 0.146461 0.146461 0.146415
0.146415 0.146368 0.146368 0.146322 0.146322 0.146277 0.146277 0.146232 0.146232
0.146187 0.146187 0.146143 0.146143 0.146099 0.146099 0.146056 0.146056 0.146013
0.146013 0.14597 0.14597 0.145928 0.145928 0.145887 0.145887 0.145846 0.145846
0.145806 0.145806 0.145766 0.145766 0.145727 0.145727 0.145688 0.145688 0.14565
0.14565 0.145612 0.145612 0.145575 0.145575 0.145539 0.145539 0.145503 0.145503
0.145468 0.145468 0.145434 0.145434 0.1454 0.1454 0.145367 0.145367 0.145335
0.145335 0.145303 0.145303 0.145272 0.145272 0.145241 0.145241 0.145211 0.145211
0.145182 0.145182 0.145153 0.145153 0.145125 0.145125 0.145098 0.145098 0.145071
0.145071 0.145045 0.145045 0.145019 0.145019 0.144994 0.144994 0.14497 0.14497
0.144946 0.144946 0.144923 0.144923 0.1449 0.1449 0.144878 0.144878 0.144856
0.144856 0.144834 0.144834 0.144813 0.144813 0.144793 0.144793 0.144773 0.144773
0.144753 0.144753 0.144733 0.144733 0.144713 0.144713 0.144694 0.144694 0.144675
0.144675 0.144655 0.144655 0.144636 0.144636 0.144617 0.144617 0.144598 0.144598
0.144578 0.144578 0.144559 0.144559 0.144539 0.144539 0.144519 0.144519 0.144499
0.144499 0.144478 0.144478 0.144458 0.144458 0.144436 0.144436 0.144414 0.144414
0.144392 0.144392 0.144369 0.144369 0.144345 0.144345 0.144321 0.144321 0.144297
0.144297 0.144271 0.144271 0.144245 0.144245 0.144219 0.144219 0.144191 0.144191
0.144163 0.144163 0.144134 0.144134 0.144105 0.144105 0.144074 0.144074 0.144043
0.144043 0.144012 0.144012 0.143979 0.143979 0.143946 0.143946 0.143912 0.143912
0.143878 0.143878 0.143842 0.143842 0.143807 0.143807 0.14377 0.14377 0.143733
0.143733 0.143696 0.143696 0.143658 0.143658 0.14362 0.14362 0.143581 0.143581
0.143542 0.143542 0.143502 0.143502 0.143462 0.143462 0.143421 0.143421 0.143381
0.143381 0.143339 0.143339 0.143298 0.143298 0.143255 0.143255 0.143213 0.143213
0.14317 0.14317 0.143126 0.143126 0.143083 0.143083 0.143038 0.143038 0.142993
0.142993 0.142948 0.142948 0.142901 0.142901 0.142854 0.142854 0.142807 0.142807
0.142758 0.142758 0.142709 0.142709 0.142659 0.142659 0.142607 0.142607 0.142555
0.142555 0.142502 0.142502 0.142447 0.142447 0.142391 0.142391 0.142335 0.142335
0.142276 0.142276 0.142217 0.142217 0.142156 0.142156 0.142095 0.142095 0.142032
0.142032 0.141967 0.141967 0.141902 0.141902 0.141835 0.141835 0.141767 0.141767
0.141699 0.141699 0.141629 0.141629 0.141558 0.141558 0.141487 0.141487 0.141415
0.141415 0.141342 0.141342 0.141269 0.141269 0.141196 0.141196 0.141122 0.141122
0.141048 0.141048 0.140974 0.140974 0.140901 0.140901 0.140827 0.140827 0.140753
0.140753 0.14068 0.14068 0.140607 0.140607 0.140533 0.140533 0.14046 0.14046
0.140387 0.140387 0.140313 0.140313 0.14024 0.14024 0.140166 0.140166 0.140091
0.140091 0.140016 0.140016 0.139941 0.139941 0.139864 0.139864 0.139787 0.139787
0.139708 0.139708 0.139628 0.139628 0.139547 0.139547 0.139464 0.139464 0.139381
0.139381 0.139295 0.139295 0.139209 0.139209 0.13912 0.13912 0.139031 0.139031
0.13894 0.13894 0.138848 0.138848 0.138755 0.138755 0.138661 0.138661 0.138566
0.138566 0.13847 0.13847 0.138374 0.138374 0.138278 0.138278 0.138181 0.138181
0.138084 0.138084 0.137988 0.137988 0.137892 0.137892 0.137796 0.137796 0.1377
0.1377 0.137606 0.137606 0.137512 0.137512 0.137419 0.137419 0.137328 0.137328
0.137237 0.137237 0.137148 0.137148 0.137059 0.137059 0.136972 0.136972 0.136886
0.136886 0.136802 0.136802 0.136716 0.136716 0.136671 0.136671
        </DataArray>
        <DataArray type='Float32' Name='nut' format='ascii'>
0.000568147 0.000568147 0.000568083 0.000568083 0.000567954 0.000567954 0.000567825 0.000567825 0.000567695
0.000567695 0.000567566 0.000567566 0.000567437 0.000567437 0.000567307 0.000567307 0.000567178 0.000567178
0.000567048 0.000567048 0.000566919 0.000566919 0.000566789 0.000566789 0.000566659 0.000566659 0.000566529
0.000566529 0.000566399 0.000566399 0.000566269 0.000566269 0.000566138 0.000566138 0.000566008 0.000566008
0.000565878 0.000565878 0.000565747 0.000565747 0.000565616 0.000565616 0.000565486 0.000565486 0.000565355
0.000565355 0.000565224 0.000565224 0.000565093 0.000565093 0.000564962 0.000564962 0.000564831 0.000564831
0.000564699 0.000564699 0.000564568 0.000564568 0.000564436 0.000564436 0.000564305 0.000564305 0.000564173
0.000564173 0.000564041 0.000564041 0.000563909 0.000563909 0.000563778 0.000563778 0.000563646 0.000563646
0.000563513 0.000563513 0.000563381 0.000563381 0.000563249 0.000563249 0.000563116 0.000563116 0.000562984
0.000562984 0.000562851 0.000562851 0.000562719 0.000562719 0.000562586 0.000562586 0.000562453 0.000562453
0.000562321 0.000562321 0.000562188 0.000562188 0.000562055 0.000562055 0.000561922 0.000561922 0.00056179
0.00056179 0.000561657 0.000561657 0.000561524 0.000561524 0.000561392 0.000561392 0.000561259 0.000561259
0.000561127 0.000561127 0.000560996 0.000560996 0.000560864 0.000560864 0.000560733 0.000560733 0.000560603
0.000560603 0.000560473 0.000560473 0.000560343 0.000560343 0.000560215 0.000560215 0.000560087 0.000560087
0.000559961 0.000559961 0.000559835 0.000559835 0.000559711 0.000559711 0.000559588 0.000559588 0.000559466
0.000559466 0.000559346 0.000559346 0.000559228 0.000559228 0.000559111 0.000559111 0.000558997 0.000558997
0.000558884 0.000558884 0.000558774 0.000558774 0.000558666 0.000558666 0.00055856 0.00055856 0.000558457
0.000558457 0.000558357 0.000558357 0.000558259 0.000558259 0.000558164 0.000558164 0.000558072 0.000558072
0.000557982 0.000557982 0.000557895 0.000557895 0.000557812 0.000557812 0.000557731 0.000557731 0.000557653
0.000557653 0.000557577 0.000557577 0.000557505 0.000557505 0.000557436 0.000557436 0.000557369 0.000557369
0.000557305 0.000557305 0.000557243 0.000557243 0.000557184 0.000557184 0.000557127 0.000557127 0.000557073
0.000557073 0.000557021 0.000557021 0.000556971 0.000556971 0.000556924 0.000556924 0.000556878 0.000556878
0.000556834 0.000556834 0.000556792 0.000556792 0.000556751 0.000556751 0.000556712 0.000556712 0.000556675
0.000556675 0.000556638 0.000556638 0.000556603 0.000556603 0.000556569 0.000556569 0.000556536 0.000556536
0.000556504 0.000556504 0.000556473 0.000556473 0.000556443 0.000556443 0.000556413 0.000556413 0.000556385
0.000556385 0.000556356 0.000556356 0.000556328 0.000556328 0.000556301 0.000556301 0.000556274 0.000556274
0.000556247 0.000556247 0.000556221 0.000556221 0.000556194 0.000556194 0.000556168 0.000556168 0.000556143
0.000556143 0.000556117 0.000556117 0.000556092 0.000556092 0.000556066 0.000556066 0.000556041 0.000556041
0.000556016 0.000556016 0.000555991 0.000555991 0.000555965 0.000555965 0.00055594 0.00055594 0.000555915
0.000555915 0.00055589 0.00055589 0.000555865 0.000555865 0.00055584 0.00055584 0.000555814 0.000555814
0.000555789 0.000555789 0.000555764 0.000555764 0.000555739 0.000555739 0.000555713 0.000555713 0.000555688
0.000555688 0.000555662 0.000555662 0.000555637 0.000555637 0.000555611 0.000555611 0.000555586 0.000555586
0.00055556 0.00055556 0.000555534 0.000555534 0.000555509 0.000555509 0.000555483 0.000555483 0.000555457
0.000555457 0.000555431 0.000555431 0.000555405 0.000555405 0.000555379 0.000555379 0.000555353 0.000555353
0.000555327 0.000555327 0.000555301 0.000555301 0.000555275 0.000555275 0.000555248 0.000555248 0.000555222
0.000555222 0.000555196 0.000555196 0.000555169 0.000555169 0.000555143 0.000555143 0.000555117 0.000555117
0.00055509 0.00055509 0.000555063 0.000555063 0.000555037 0.000555037 0.00055501 0.00055501 0.000554983
0.000554983 0.000554957 0.000554957 0.00055493 0.00055493 0.000554903 0.000554903 0.000554876 0.000554876
0.000554849 0.000554849 0.000554822 0.000554822 0.000554795 0.000554795 0.000554768 0.000554768 0.000554741
0.000554741 0.000554714 0.000554714 0.000554686 0.000554686 0.000554659 0.000554659 0.000554632 0.000554632
0.000554605 0.000554605 0.000554577 0.000554577 0.00055455 0.00055455 0.000554522 0.000554522 0.000554495
0.000554495 0.000554467 0.000554467 0.000554439 0.000554439 0.000554412 0.000554412 0.000554384 0.000554384
0.000554356 0.000554356 0.000554328 0.000554328 0.000554301 0.000554301 0.000554273 0.000554273 0.000554245
0.000554245 0.000554217 0.000554217 0.000554189 0.000554189 0.000554161 0.000554161 0.000554133 0.000554133
0.000554104 0.000554104 0.000554076 0.000554076 0.000554048 0.000554048 0.00055402 0.00055402 0.000553991
0.000553991 0.000553963 0.000553963 0.000553934 0.000553934 0.000553906 0.000553906 0.000553877 0.000553877
0.000553849 0.000553849 0.00055382 0.00055382 0.000553792 0.000553792 0.000553763 0.000553763 0.000553734
0.000553734 0.000553705 0.000553705 0.000553677 0.000553677 0.000553648 0.000553648 0.000553619 0.000553619
0.00055359 0.00055359 0.000553561 0.000553561 0.000553532 0.000553532 0.000553503 0.000553503 0.000553474
0.000553474 0.000553444 0.000553444 0.000553415 0.000553415 0.000553386 0.000553386 0.000553357 0.000553357
0.000553327 0.000553327 0.000553298 0.000553298 0.000553269 0.000553269 0.000553239 0.000553239 0.00055321
0.00055321 0.00055318 0.00055318 0.000553151 0.000553151 0.000553121 0.000553121 0.000553091 0.000553091
0.000553062 0.000553062 0.000553032 0.000553032 0.000553002 0.000553002 0.000552972 0.000552972 0.000552943
0.000552943 0.000552913 0.000552913 0.000552883 0.000552883 0.000552853 0.000552853 0.000552823 0.000552823
0.000552793 0.000552793 0.000552763 0.000552763 0.000552733 0.000552733 0.000552703 0.000552703 0.000552673
0.000552673 0.000552642 0.000552642 0.000552612 0.000552612 0.000552582 0.000552582 0.000552552 0.000552552
0.000552521 0.000552521 0.000552491 0.000552491 0.000552461 0.000552461 0.00055243 0.00055243 0.0005524
0.0005524 0.00055237 0.00055237 0.000552339 0.000552339 0.000552309 0.000552309 0.000552278 0.000552278
0.000552248 0.000552248 0.000552217 0.000552217 0.000552187 0.000552187 0.000552156 0.000552156 0.000552126
0.000552126 0.000552095 0.000552095 0.000552065 0.000552065 0.000552034 0.000552034 0.000552004 0.000552004
0.000551973 0.000551973 0.000551943 0.000551943 0.000551912 0.000551912 0.000551881 0.000551881 0.000551851
0.000551851 0.00055182 0.00055182 0.00055179 0.00055179 0.000551759 0.000551759 0.000551729 0.000551729
0.000551698 0.000551698 0.000551668 0.000551668 0.000551638 0.000551638 0.000551607 0.000551607 0.000551577
0.000551577 0.000551546 0.000551546 0.000551516 0.000551516 0.000551486 0.000551486 0.000551456 0.000551456
0.000551426 0.000551426 0.000551396 0.000551396 0.000551366 0.000551366 0.000551336 0.000551336 0.000551306
0.000551306 0.000551276 0.000551276 0.000551246 0.000551246 0.000551217 0.000551217 0.000551187 0.000551187
0.000551158 0.000551158 0.000551129 0.000551129 0.0005511 0.0005511 0.000551071 0.000551071 0.000551042
0.000551042 0.000551013 0.000551013 0.000550984 0.000550984 0.000550956 0.000550956 0.000550928 0.000550928
0.0005509 0.0005509 0.000550872 0.000550872 0.000550844 0.000550844 0.000550817 0.000550817 0.000550789
0.000550789 0.000550762 0.000550762 0.000550736 0.000550736 0.000550709 0.000550709 0.000550683 0.000550683
0.000550657 0.000550657 0.000550631 0.000550631 0.000550606 0.000550606 0.000550581 0.000550581 0.000550556
0.000550556 0.000550532 0.000550532 0.000550508 0.000550508 0.000550485 0.000550485 0.000550461 0.000550461
0.000550439 0.000550439 0.000550416 0.000550416 0.000550395 0.000550395 0.000550373 0.000550373 0.000550352
0.000550352 0.000550332 0.000550332 0.000550312 0.000550312 0.000550293 0.000550293 0.000550274 0.000550274
0.000550256 0.000550256 0.000550239 0.000550239 0.000550222 0.000550222 0.000550206 0.000550206 0.00055019
0.00055019 0.000550175 0.000550175 0.000550161 0.000550161 0.000550148 0.000550148 0.000550135 0.000550135
0.000550123 0.000550123 0.000550112 0.000550112 0.000550102 0.000550102 0.000550093 0.000550093 0.000550084
0.000550084 0.000550076 0.000550076 0.000550069 0.000550069 0.000550063 0.000550063 0.000550058 0.000550058
0.000550054 0.000550054 0.00055005 0.00055005 0.000550048 0.000550048 0.000550046 0.000550046 0.000550045
0.000550045 0.000550046 0.000550046 0.000550047 0.000550047 0.000550049 0.000550049 0.000550052 0.000550052
0.000550056 0.000550056 0.00055006 0.00055006 0.000550066 0.000550066 0.000550072 0.000550072 0.000550079
0.000550079 0.000550087 0.000550087 0.000550096 0.000550096 0.000550105 0.000550105 0.000550115 0.000550115
0.000550126 0.000550126 0.000550138 0.000550138 0.00055015 0.00055015 0.000550163 0.000550163 0.000550176
0.000550176 0.00055019 0.00055019 0.000550204 0.000550204 0.000550218 0.000550218 0.000550233 0.000550233
0.000550248 0.000550248 0.000550263 0.000550263 0.000550279 0.000550279 0.000550294 0.000550294 0.000550309
0.000550309 0.000550324 0.000550324 0.000550339 0.000550339 0.000550354 0.000550354 0.000550368 0.000550368
0.000550382 0.000550382 0.000550395 0.000550395 0.000550408 0.000550408 0.00055042 0.00055042 0.000550432
0.000550432 0.000550443 0.000550443 0.000550453 0.000550453 0.000550462 0.000550462 0.00055047 0.00055047
0.000550476 0.000550476 0.000550482 0.000550482 0.000550487 0.000550487 0.000550491 0.000550491 0.000550493
0.000550493 0.000550494 0.000550494 0.000550494 0.000550494 0.000550493 0.000550493 0.00055049 0.00055049
0.000550487 0.000550487 0.000550481 0.000550481 0.000550475 0.000550475 0.000550467 0.000550467 0.000550458
0.000550458 0.000550448 0.000550448 0.000550437 0.000550437 0.000550424 0.000550424 0.00055041 0.00055041
0.000550396 0.000550396 0.00055038 0.00055038 0.000550362 0.000550362 0.000550344 0.000550344 0.000550325
0.000550325 0.000550306 0.000550306 0.000550285 0.000550285 0.000550263 0.000550263 0.000550241 0.000550241
0.000550218 0.000550218 0.000550194 0.000550194 0.00055017 0.00055017 0.000550145 0.000550145 0.00055012
0.00055012 0.000550094 0.000550094 0.000550067 0.000550067 0.000550039 0.000550039 0.000550012 0.000550012
0.000549983 0.000549983 0.000549954 0.000549954 0.000549924 0.000549924 0.000549894 0.000549894 0.000549863
0.000549863 0.000549831 0.000549831 0.000549799 0.000549799 0.000549765 0.000549765 0.000549731 0.000549731
0.000549695 0.000549695 0.000549658 0.000549658 0.000549621 0.000549621 0.000549581 0.000549581 0.000549541
0.000549541 0.000549499 0.000549499 0.000549455 0.000549455 0.00054941 0.00054941 0.000549363 0.000549363
0.000549315 0.000549315 0.000549265 0.000549265 0.000549214 0.000549214 0.000549161 0.000549161 0.000549107
0.000549107 0.000549051 0.000549051 0.000548994 0.000548994 0.000548936 0.000548936 0.000548876 0.000548876
0.000548816 0.000548816 0.000548755 0.000548755 0.000548694 0.000548694 0.000548632 0.000548632 0.00054857
0.00054857 0.000548507 0.000548507 0.000548445 0.000548445 0.000548384 0.000548384 0.000548323 0.000548323
0.000548264 0.000548264 0.000548205 0.000548205 0.000548148 0.000548148 0.000548092 0.000548092 0.000548037
0.000548037 0.000547984 0.000547984 0.000547933 0.000547933 0.000547882 0.000547882 0.000547834 0.000547834
0.000547786 0.000547786 0.00054774 0.00054774 0.000547694 0.000547694 0.000547649 0.000547649 0.000547605
0.000547605 0.000547561 0.000547561 0.000547517 0.000547517 0.000547472 0.000547472 0.000547427 0.000547427
0.000547381 0.000547381 0.000547335 0.000547335 0.000547287 0.000547287 0.000547237 0.000547237 0.000547187
0.000547187 0.000547135 0.000547135 0.000547081 0.000547081 0.000547026 0.000547026 0.000546969 0.000546969
0.000546911 0.000546911 0.000546851 0.000546851 0.000546791 0.000546791 0.000546729 0.000546729 0.000546667
0.000546667 0.000546604 0.000546604 0.000546542 0.000546542 0.000546479 0.000546479 0.000546417 0.000546417
0.000546355 0.000546355 0.000546294 0.000546294 0.000546235 0.000546235 0.000546177 0.000546177 0.00054612
0.00054612 0.000546066 0.000546066 0.000546014 0.000546014 0.000545964 0.000545964 0.000545916 0.000545916
0.000545872 0.000545872 0.00054583 0.00054583 0.000545791 0.000545791 0.000545754 0.000545754 0.00054572
0.00054572 0.00054569 0.00054569 0.000545657 0.000545657 0.000545639 0.000545639
        </DataArray>
        <DataArray type='Float32' Name='omega' format='ascii'>
315.645 315.645 315.466 315.466 315.108 315.108 314.749 314.749 314.391
314.391 314.033 314.033 313.675 313.675 313.317 313.317 312.96 312.96
312.602 312.602 312.244 312.244 311.887 311.887 311.529 311.529 311.172
311.172 310.815 310.815 310.457 310.457 310.1 310.1 309.743 309.743
309.386 309.386 309.029 309.029 308.672 308.672 308.315 308.315 307.959
307.959 307.602 307.602 307.245 307.245 306.889 306.889 306.532 306.532
306.176 306.176 305.82 305.82 305.463 305.463 305.107 305.107 304.751
304.751 304.395 304.395 304.039 304.039 303.683 303.683 303.328 303.328
302.972 302.972 302.616 302.616 302.261 302.261 301.906 301.906 301.55
301.55 301.195 301.195 300.84 300.84 300.485 300.485 300.13 300.13
299.776 299.776 299.421 299.421 299.067 299.067 298.713 298.713 298.359
298.359 298.005 298.005 297.652 297.652 297.299 297.299 296.947 296.947
296.595 296.595 296.244 296.244 295.893 295.893 295.544 295.544 295.195
295.195 294.847 294.847 294.501 294.501 294.156 294.156 293.812 293.812
293.47 293.47 293.13 293.13 292.792 292.792 292.457 292.457 292.124
292.124 291.794 291.794 291.467 291.467 291.143 291.143 290.823 290.823
290.507 290.507 290.195 290.195 289.887 289.887 289.584 289.584 289.286
289.286 288.992 288.992 288.705 288.705 288.422 288.422 288.146 288.146
287.876 287.876 287.611 287.611 287.353 287.353 287.101 287.101 286.856
286.856 286.618 286.618 286.386 286.386 286.16 286.16 285.942 285.942
285.73 285.73 285.524 285.524 285.326 285.326 285.133 285.133 284.948
284.948 284.768 284.768 284.595 284.595 284.427 284.427 284.266 284.266
284.11 284.11 283.96 283.96 283.815 283.815 283.676 283.676 283.541
283.541 283.411 283.411 283.285 283.285 283.164 283.164 283.047 283.047
282.933 282.933 282.824 282.824 282.717 282.717 282.614 282.614 282.514
282.514 282.417 282.417 282.322 282.322 282.23 282.23 282.14 282.14
282.053 282.053 281.967 281.967 281.883 281.883 281.8 281.8 281.72
281.72 281.64 281.64 281.562 281.562 281.485 281.485 281.409 281.409
281.334 281.334 281.259 281.259 281.186 281.186 281.113 281.113 281.041
281.041 280.969 280.969 280.898 280.898 280.827 280.827 280.757 280.757
280.687 280.687 280.617 280.617 280.547 280.547 280.478 280.478 280.408
280.408 280.339 280.339 280.27 280.27 280.201 280.201 280.132 280.132
280.063 280.063 279.995 279.995 279.926 279.926 279.857 279.857 279.788
279.788 279.719 279.719 279.65 279.65 279.581 279.581 279.512 279.512
279.443 279.443 279.374 279.374 279.305 279.305 279.235 279.235 279.166
279.166 279.096 279.096 279.027 279.027 278.957 278.957 278.887 278.887
278.818 278.818 278.748 278.748 278.678 278.678 278.607 278.607 278.537
278.537 278.467 278.467 278.396 278.396 278.326 278.326 278.255 278.255
278.184 278.184 278.113 278.113 278.042 278.042 277.971 277.971 277.9
277.9 277.829 277.829 277.757 277.757 277.686 277.686 277.614 277.614
277.542 277.542 277.47 277.47 277.398 277.398 277.326 277.326 277.254
277.254 277.182 277.182 277.109 277.109 277.037 277.037 276.964 276.964
276.891 276.891 276.818 276.818 276.745 276.745 276.672 276.672 276.599
276.599 276.526 276.526 276.452 276.452 276.379 276.379 276.305 276.305
276.231 276.231 276.157 276.157 276.083 276.083 276.009 276.009 275.935
275.935 275.861 275.861 275.786 275.786 275.712 275.712 275.637 275.637
275.563 275.563 275.488 275.488 275.413 275.413 275.338 275.338 275.263
275.263 275.187 275.187 275.112 275.112 275.036 275.036 274.961 274.961
274.885 274.885 274.809 274.809 274.733 274.733 274.657 274.657 274.581
274.581 274.505 274.505 274.429 274.429 274.352 274.352 274.276 274.276
274.199 274.199 274.122 274.122 274.045 274.045 273.968 273.968 273.891
273.891 273.814 273.814 273.737 273.737 273.659 273.659 273.582 273.582
273.504 273.504 273.427 273.427 273.349 273.349 273.271 273.271 273.193
273.193 273.115 273.115 273.037 273.037 272.959 272.959 272.88 272.88
272.802 272.802 272.723 272.723 272.645 272.645 272.566 272.566 272.487
272.487 272.408 272.408 272.329 272.329 272.25 272.25 272.171 272.171
272.092 272.092 272.013 272.013 271.933 271.933 271.854 271.854 271.774
271.774 271.695 271.695 271.615 271.615 271.535 271.535 271.455 271.455
271.375 271.375 271.295 271.295 271.215 271.215 271.135 271.135 271.055
271.055 270.975 270.975 270.894 270.894 270.814 270.814 270.733 270.733
270.653 270.653 270.572 270.572 270.492 270.492 270.411 270.411 270.33
270.33 270.25 270.25 270.169 270.169 270.088 270.088 270.007 270.007
269.926 269.926 269.845 269.845 269.764 269.764 269.683 269.683 269.602
269.602 269.521 269.521 269.44 269.44 269.359 269.359 269.278 269.278
269.197 269.197 269.116 269.116 269.035 269.035 268.954 268.954 268.874
268.874 268.793 268.793 268.712 268.712 268.631 268.631 268.55 268.55
268.469 268.469 268.389 268.389 268.308 268.308 268.227 268.227 268.147
268.147 268.067 268.067 267.986 267.986 267.906 267.906 267.826 267.826
267.746 267.746 267.666 267.666 267.587 267.587 267.507 267.507 267.428
267.428 267.348 267.348 267.269 267.269 267.191 267.191 267.112 267.112
267.033 267.033 266.955 266.955 266.877 266.877 266.799 266.799 266.722
266.722 266.645 266.645 266.568 266.568 266.491 266.491 266.415 266.415
266.339 266.339 266.263 266.263 266.188 266.188 266.112 266.112 266.038
266.038 265.964 265.964 265.89 265.89 265.816 265.816 265.744 265.744
265.671 265.671 265.599 265.599 265.527 265.527 265.456 265.456 265.386
265.386 265.316 265.316 265.247 265.247 265.178 265.178 265.109 265.109
265.042 265.042 264.975 264.975 264.908 264.908 264.843 264.843 264.777
264.777 264.713 264.713 264.649 264.649 264.586 264.586 264.524 264.524
264.462 264.462 264.401 264.401 264.341 264.341 264.282 264.282 264.223
264.223 264.165 264.165 264.108 264.108 264.051 264.051 263.995 263.995
263.94 263.94 263.886 263.886 263.833 263.833 263.78 263.78 263.727
263.727 263.676 263.676 263.625 263.625 263.575 263.575 263.526 263.526
263.477 263.477 263.43 263.43 263.382 263.382 263.336 263.336 263.29
263.29 263.244 263.244 263.2 263.2 263.155 263.155 263.111 263.111
263.068 263.068 263.025 263.025 262.982 262.982 262.939 262.939 262.897
262.897 262.855 262.855 262.813 262.813 262.771 262.771 262.729 262.729
262.688 262.688 262.646 262.646 262.604 262.604 262.562 262.562 262.519
262.519 262.477 262.477 262.434 262.434 262.391 262.391 262.347 262.347
262.303 262.303 262.259 262.259 262.214 262.214 262.169 262.169 262.122
262.122 262.076 262.076 262.029 262.029 261.981 261.981 261.932 261.932
261.883 261.883 261.833 261.833 261.782 261.782 261.731 261.731 261.679
261.679 261.626 261.626 261.572 261.572 261.518 261.518 261.463 261.463
261.408 261.408 261.351 261.351 261.294 261.294 261.237 261.237 261.179
261.179 261.12 261.12 261.061 261.061 261.002 261.002 260.942 260.942
260.881 260.881 260.82 260.82 260.759 260.759 260.697 260.697 260.635
260.635 260.573 260.573 260.509 260.509 260.446 260.446 260.382 260.382
260.317 260.317 260.252 260.252 260.186 260.186 260.119 260.119 260.052
260.052 259.984 259.984 259.916 259.916 259.846 259.846 259.776 259.776
259.705 259.705 259.632 259.632 259.559 259.559 259.484 259.484 259.408
259.408 259.331 259.331 259.252 259.252 259.172 259.172 259.09 259.09
259.007 259.007 258.922 258.922 258.836 258.836 258.749 258.749 258.659
258.659 258.568 258.568 258.476 258.476 258.382 258.382 258.287 258.287
258.19 258.19 258.091 258.091 257.992 257.992 257.891 257.891 257.789
257.789 257.685 257.685 257.581 257.581 257.476 257.476 257.37 257.37
257.264 257.264 257.156 257.156 257.049 257.049 256.941 256.941 256.832
256.832 256.723 256.723 256.613 256.613 256.503 256.503 256.392 256.392
256.28 256.28 256.168 256.168 256.055 256.055 255.941 255.941 255.826
255.826 255.709 255.709 255.592 255.592 255.473 255.473 255.352 255.352
255.23 255.23 255.106 255.106 254.98 254.98 254.852 254.852 254.722
254.722 254.591 254.591 254.457 254.457 254.322 254.322 254.184 254.184
254.045 254.045 253.905 253.905 253.763 253.763 253.619 253.619 253.474
253.474 253.328 253.328 253.182 253.182 253.034 253.034 252.886 252.886
252.738 252.738 252.589 252.589 252.44 252.44 252.292 252.292 252.143
252.143 251.995 251.995 251.848 251.848 251.701 251.701 251.555 251.555
251.409 251.409 251.264 251.264 251.121 251.121 250.978 250.978 250.836
250.836 250.695 250.695 250.552 250.552 250.479 250.479
        </DataArray>
        <DataArray type='Float32' Name='p' format='ascii'>
16.1259 16.1259 16.1259 16.1259 16.1257 16.1257 16.1254 16.1254 16.125
16.125 16.1245 16.1245 16.1239 16.1239 16.1231 16.1231 16.1222 16.1222
16.1212 16.1212 16.1201 16.1201 16.1189 16.1189 16.1175 16.1175 16.116
16.116 16.1144 16.1144 16.1127 16.1127 16.1108 16.1108 16.1089 16.1089
16.1067 16.1067 16.1045 16.1045 16.1021 16.1021 16.0996 16.0996 16.097
16.097 16.0943 16.0943 16.0914 16.0914 16.0884 16.0884 16.0853 16.0853
16.082 16.082 16.0786 16.0786 16.0751 16.0751 16.0714 16.0714 16.0676
16.0676 16.0637 16.0637 16.0597 16.0597 16.0555 16.0555 16.0512 16.0512
16.0467 16.0467 16.0421 16.0421 16.0374 16.0374 16.0325 16.0325 16.0275
16.0275 16.0224 16.0224 16.0171 16.0171 16.0117 16.0117 16.0062 16.0062
16.0005 16.0005 15.9947 15.9947 15.9887 15.9887 15.9826 15.9826 15.9764
15.9764 15.9701 15.9701 15.9636 15.9636 15.9569 15.9569 15.9501 15.9501
15.9432 15.9432 15.9362 15.9362 15.929 15.929 15.9216 15.9216 15.9142
15.9142 15.9065 15.9065 15.8988 15.8988 15.8909 15.8909 15.8829 15.8829
15.8747 15.8747 15.8664 15.8664 15.8579 15.8579 15.8493 15.8493 15.8406
15.8406 15.8317 15.8317 15.8227 15.8227 15.8135 15.8135 15.8042 15.8042
15.7948 15.7948 15.7852 15.7852 15.7754 15.7754 15.7656 15.7656 15.7555
15.7555 15.7454 15.7454 15.7351 15.7351 15.7246 15.7246 15.714 15.714
15.7033 15.7033 15.6924 15.6924 15.6814 15.6814 15.6703 15.6703 15.659
15.659 15.6475 15.6475 15.6359 15.6359 15.6242 15.6242 15.6123 15.6123
15.6003 15.6003 15.5881 15.5881 15.5758 15.5758 15.5633 15.5633 15.5507
15.5507 15.538 15.538 15.5251 15.5251 15.5121 15.5121 15.4989 15.4989
15.4855 15.4855 15.4721 15.4721 15.4584 15.4584 15.4447 15.4447 15.4308
15.4308 15.4167 15.4167 15.4025 15.4025 15.3881 15.3881 15.3736 15.3736
15.359 15.359 15.3442 15.3442 15.3292 15.3292 15.3141 15.3141 15.2988
15.2988 15.2834 15.2834 15.2679 15.2679 15.2522 15.2522 15.2363 15.2363
15.2203 15.2203 15.2041 15.2041 15.1878 15.1878 15.1713 15.1713 15.1546
15.1546 15.1378 15.1378 15.1209 15.1209 15.1038 15.1038 15.0865 15.0865
15.069 15.069 15.0514 15.0514 15.0337 15.0337 15.0157 15.0157 14.9976
14.9976 14.9794 14.9794 14.9609 14.9609 14.9423 14.9423 14.9235 14.9235
14.9045 14.9045 14.8854 14.8854 14.8661 14.8661 14.8466 14.8466 14.8269
14.8269 14.807 14.807 14.7869 14.7869 14.7667 14.7667 14.7462 14.7462
14.7256 14.7256 14.7048 14.7048 14.6837 14.6837 14.6625 14.6625 14.641
14.641 14.6194 14.6194 14.5975 14.5975 14.5754 14.5754 14.5531 14.5531
14.5306 14.5306 14.5078 14.5078 14.4848 14.4848 14.4616 14.4616 14.4382
14.4382 14.4145 14.4145 14.3905 14.3905 14.3663 14.3663 14.3419 14.3419
14.3172 14.3172 14.2922 14.2922 14.267 14.267 14.2414 14.2414 14.2156
14.2156 14.1896 14.1896 14.1632 14.1632 14.1365 14.1365 14.1096 14.1096
14.0823 14.0823 14.0547 14.0547 14.0268 14.0268 13.9985 13.9985 13.97
13.97 13.941 13.941 13.9118 13.9118 13.8821 13.8821 13.8521 13.8521
13.8218 13.8218 13.791 13.791 13.7599 13.7599 13.7284 13.7284 13.6964
13.6964 13.6641 13.6641 13.6313 13.6313 13.598 13.598 13.5644 13.5644
13.5302 13.5302 13.4956 13.4956 13.4606 13.4606 13.425 13.425 13.3889
13.3889 13.3523 13.3523 13.3152 13.3152 13.2776 13.2776 13.2394 13.2394
13.2006 13.2006 13.1613 13.1613 13.1213 13.1213 13.0808 13.0808 13.0396
13.0396 12.9978 12.9978 12.9553 12.9553 12.9121 12.9121 12.8683 12.8683
12.8237 12.8237 12.7785 12.7785 12.7325 12.7325 12.6857 12.6857 12.6381
12.6381 12.5897 12.5897 12.5406 12.5406 12.4905 12.4905 12.4396 12.4396
12.3878 12.3878 12.3351 12.3351 12.2815 12.2815 12.2269 12.2269 12.1713
12.1713 12.1147 12.1147 12.0571 12.0571 11.9984 11.9984 11.9386 11.9386
11.8776 11.8776 11.8156 11.8156 11.7523 11.7523 11.6878 11.6878 11.6221
11.6221 11.5551 11.5551 11.4867 11.4867 11.4171 11.4171 11.346 11.346
11.2735 11.2735 11.1995 11.1995 11.1241 11.1241 11.047 11.047 10.9684
10.9684 10.8882 10.8882 10.8063 10.8063 10.7227 10.7227 10.6373 10.6373
10.5501 10.5501 10.461 10.461 10.37 10.37 10.277 10.277 10.182
10.182 10.085 10.085 9.98578 9.98578 9.88439 9.88439 9.78074 9.78074
9.67477 9.67477 9.56642 9.56642 9.45563 9.45563 9.34233 9.34233 9.22644
9.22644 9.1079 9.1079 8.98664 8.98664 8.86257 8.86257 8.73563 8.73563
8.60573 8.60573 8.4728 8.4728 8.33674 8.33674 8.19747 8.19747 8.0549
8.0549 7.90895 7.90895 7.75952 7.75952 7.60652 7.60652 7.44984 7.44984
7.28939 7.28939 7.12506 7.12506 6.95675 6.95675 6.78436 6.78436 6.60776
6.60776 6.42684 6.42684 6.24149 6.24149 6.05158 6.05158 5.857 5.857
5.65762 5.65762 5.4533 5.4533 5.24392 5.24392 5.02933 5.02933 4.8094
4.8094 4.584 4.584 4.35296 4.35296 4.11614 4.11614 3.87339 3.87339
3.62455 3.62455 3.36946 3.36946 3.10797 3.10797 2.83989 2.83989 2.56506
2.56506 2.28331 2.28331 1.99445 1.99445 1.69831 1.69831 1.39469 1.39469
1.08342 1.08342 0.764288 0.764288 0.437107 0.437107 0.101674 0.101674 -0.242216
-0.242216 -0.594771 -0.594771 -0.956203 -0.956203 -1.32673 -1.32673 -1.70656 -1.70656
-2.09593 -2.09593 -2.49506 -2.49506 -2.90417 -2.90417 -3.32351 -3.32351 -3.7533
-3.7533 -4.19379 -4.19379 -4.64521 -4.64521 -5.1078 -5.1078 -5.58182 -5.58182
-6.06752 -6.06752 -6.56513 -6.56513 -7.07492 -7.07492 -7.59713 -7.59713 -8.13203
-8.13203 -8.67986 -8.67986 -9.24088 -9.24088 -9.81534 -9.81534 -10.4035 -10.4035
-11.0056 -11.0056 -11.622 -11.622 -12.2528 -12.2528 -12.8983 -12.8983 -13.5588
-13.5588 -14.2345 -14.2345 -14.9256 -14.9256 -15.6324 -15.6324 -16.3551 -16.3551
-17.0939 -17.0939 -17.8491 -17.8491 -18.6209 -18.6209 -19.4094 -19.4094 -20.2149
-20.2149 -21.0376 -21.0376 -21.8775 -21.8775 -22.7349 -22.7349 -23.61 -23.61
-24.5028 -24.5028 -25.4134 -25.4134 -26.3421 -26.3421 -27.2887 -27.2887 -28.2535
-28.2535 -29.2365 -29.2365 -30.2377 -30.2377 -31.257 -31.257 -32.2945 -32.2945
-33.3501 -33.3501 -34.4237 -34.4237 -35.5153 -35.5153 -36.6246 -36.6246 -37.7516
-37.7516 -38.896 -38.896 -40.0576 -40.0576 -41.2361 -41.2361 -42.4312 -42.4312
-43.6426 -43.6426 -44.8698 -44.8698 -46.1125 -46.1125 -47.3702 -47.3702 -48.6423
-48.6423 -49.9283 -49.9283 -51.2275 -51.2275 -52.5392 -52.5392 -53.8627 -53.8627
-55.1973 -55.1973 -56.5423 -56.5423 -57.897 -57.897 -59.2605 -59.2605 -60.6319
-60.6319 -62.01 -62.01 -63.3935 -63.3935 -64.781 -64.781 -66.1712 -66.1712
-67.5629 -67.5629 -68.9548 -68.9548 -70.3459 -70.3459 -71.7349 -71.7349 -73.1206
-73.1206 -74.5014 -74.5014 -75.8761 -75.8761 -77.2432 -77.2432 -78.6009 -78.6009
-79.9475 -79.9475 -81.281 -81.281 -82.5996 -82.5996 -83.9014 -83.9014 -85.1845
-85.1845 -86.4469 -86.4469 -87.6869 -87.6869 -88.9026 -88.9026 -90.0919 -90.0919
-91.2531 -91.2531 -92.3842 -92.3842 -93.4833 -93.4833 -94.5485 -94.5485 -95.5781
-95.5781 -96.5701 -96.5701 -97.5228 -97.5228 -98.4343 -98.4343 -99.303 -99.303
-100.127 -100.127 -100.905 -100.905 -101.635 -101.635 -102.316 -102.316 -102.947
-102.947 -103.524 -103.524 -104.049 -104.049 -104.519 -104.519 -104.933 -104.933
-105.29 -105.29 -105.589 -105.589 -105.829 -105.829 -106.009 -106.009 -106.128
-106.128 -106.187 -106.187 -106.185 -106.185 -106.124 -106.124 -106.002 -106.002
-105.818 -105.818 -105.569 -105.569 -105.258 -105.258 -104.886 -104.886 -104.453
-104.453 -103.962 -103.962 -103.414 -103.414 -102.811 -102.811 -102.153 -102.153
-101.44 -101.44 -100.671 -100.671 -99.8491 -99.8491 -98.9742 -98.9742 -98.049
-98.049 -97.0759 -97.0759 -96.0571 -96.0571 -94.9942 -94.9942 -93.8883 -93.8883
-92.7411 -92.7411 -91.5546 -91.5546 -90.3316 -90.3316 -89.0747 -89.0747 -87.7864
-87.7864 -86.4691 -86.4691 -85.1249 -85.1249 -83.7558 -83.7558 -82.3637 -82.3637
-80.9504 -80.9504 -79.5179 -79.5179 -78.0681 -78.0681 -76.6031 -76.6031 -75.1249
-75.1249 -73.6355 -73.6355 -72.137 -72.137 -70.6312 -70.6312 -69.1203 -69.1203
-67.6061 -67.6061 -66.0904 -66.0904 -64.5749 -64.5749 -63.0615 -63.0615 -61.5517
-61.5517 -60.047 -60.047 -58.5489 -58.5489 -57.0585 -57.0585 -55.5768 -55.5768
-54.1048 -54.1048 -52.6442 -52.6442 -51.1962 -51.1962 -49.7619 -49.7619 -48.3421
-48.3421 -46.937 -46.937 -45.5467 -45.5467 -44.1717 -44.1717 -42.8125 -42.8125
-41.4704 -41.4704 -40.1468 -40.1468 -38.8427 -38.8427 -37.5591 -37.5591 -36.2962
-36.2962 -35.0541 -35.0541 -33.8322 -33.8322 -32.6302 -32.6302 -31.4474 -31.4474
-30.2834 -30.2834 -29.1379 -29.1379 -28.0107 -28.0107 -26.9016 -26.9016 -25.8108
-25.8108 -24.7382 -24.7382 -23.684 -23.684 -22.648 -22.648 -21.6303 -21.6303
-20.6307 -20.6307 -19.6489 -19.6489 -18.6846 -18.6846 -17.7375 -17.7375 -16.807
-16.807 -15.8925 -15.8925 -14.9936 -14.9936 -14.1095 -14.1095 -13.2395 -13.2395
-12.3831 -12.3831 -11.5393 -11.5393 -10.7076 -10.7076 -9.88704 -9.88704 -9.07694
-9.07694 -8.27645 -8.27645 -7.48474 -7.48474 -6.70099 -6.70099 -5.92432 -5.92432
-5.15396 -5.15396 -4.38873 -4.38873 -3.6288 -3.6288 -2.86998 -2.86998 -2.12251
-2.12251 -1.35459 -1.35459 -0.696836 -0.696836 -0.439961 -0.439961
        </DataArray>
        <DataArray type='Float32' Name='U' NumberOfComponents='3' format='ascii'>
34.6 0 8.51934e-22 34.6 0 8.51934e-22 34.6 0 2.74465e-22
34.6 0 2.74465e-22 34.6 0 -2.21936e-21 34.6 0 -2.21936e-21
34.6 0 -8.737e-22 34.6 0 -8.737e-22 34.6 0 1.3659e-21
34.6 0 1.3659e-21 34.6 0 4.5284e-22 34.6 0 4.5284e-22
34.6001 0 1.48655e-22 34.6001 0 1.48655e-22 34.6001 0 1.39062e-22
34.6001 0 1.39062e-22 34.6001 0 1.25854e-22 34.6001 0 1.25854e-22
34.6001 0 -3.53912e-22 34.6001 0 -3.53912e-22 34.6002 0 -4.58539e-22
34.6002 0 -4.58539e-22 34.6002 0 2.57943e-22 34.6002 0 2.57943e-22
34.6002 0 8.22273e-23 34.6002 0 8.22273e-23 34.6003 0 4.62353e-23
34.6003 0 4.62353e-23 34.6003 0 4.29085e-23 34.6003 0 4.29085e-23
34.6004 0 -6.61941e-22 34.6004 0 -6.61941e-22 34.6004 0 -4.26306e-22
34.6004 0 -4.26306e-22 34.6005 0 4.39324e-22 34.6005 0 4.39324e-22
34.6006 0 9.54164e-22 34.6006 0 9.54164e-22 34.6006 0 -9.03236e-22
34.6006 0 -9.03236e-22 34.6007 0 -3.64326e-22 34.6007 0 -3.64326e-22
34.6008 0 6.77056e-22 34.6008 0 6.77056e-22 34.6008 0 -8.75983e-22
34.6008 0 -8.75983e-22 34.6009 0 -9.48566e-22 34.6009 0 -9.48566e-22
34.601 0 1.40523e-21 34.601 0 1.40523e-21 34.6011 0 1.48382e-21
34.6011 0 1.48382e-21 34.6012 0 1.14881e-21 34.6012 0 1.14881e-21
34.6013 0 -7.49925e-23 34.6013 0 -7.49925e-23 34.6014 0 -1.87114e-21
34.6014 0 -1.87114e-21 34.6015 0 1.16455e-22 34.6015 0 1.16455e-22
34.6016 0 1.69024e-21 34.6016 0 1.69024e-21 34.6017 0 -1.62769e-21
34.6017 0 -1.62769e-21 34.6018 0 -1.29321e-21 34.6018 0 -1.29321e-21
34.6019 0 2.40845e-21 34.6019 0 2.40845e-21 34.6021 0 1.31427e-21
34.6021 0 1.31427e-21 34.6022 0 3.48204e-22 34.6022 0 3.48204e-22
34.6023 0 -1.02816e-21 34.6023 0 -1.02816e-21 34.6025 0 -1.72213e-21
34.6025 0 -1.72213e-21 34.6026 0 -5.60918e-22 34.6026 0 -5.60918e-22
34.6028 0 6.1313e-23 34.6028 0 6.1313e-23 34.6029 0 1.12506e-22
34.6029 0 1.12506e-22 34.6031 0 1.44578e-21 34.6031 0 1.44578e-21
34.6032 0 5.48647e-22 34.6032 0 5.48647e-22 34.6034 0 -4.20558e-21
34.6034 0 -4.20558e-21 34.6036 0 9.37223e-22 34.6036 0 9.37223e-22
34.6037 0 2.3511e-21 34.6037 0 2.3511e-21 34.6039 0 -4.16796e-21
34.6039 0 -4.16796e-21 34.6041 0 3.08446e-21 34.6041 0 3.08446e-21
34.6043 0 2.88692e-21 34.6043 0 2.88692e-21 34.6045 0 -4.78905e-21
34.6045 0 -4.78905e-21 34.6047 0 1.47707e-21 34.6047 0 1.47707e-21
34.6049 0 -2.61368e-22 34.6049 0 -2.61368e-22 34.6051 0 -2.53955e-21
34.6051 0 -2.53955e-21 34.6053 0 1.7686e-21 34.6053 0 1.7686e-21
34.6055 0 -1.38575e-21 34.6055 0 -1.38575e-21 34.6058 0 2.2844e-21
34.6058 0 2.2844e-21 34.606 0 5.41865e-21 34.606 0 5.41865e-21
34.6062 0 8.53466e-22 34.6062 0 8.53466e-22 34.6065 0 -4.54959e-21
34.6065 0 -4.54959e-21 34.6067 0 -3.04665e-21 34.6067 0 -3.04665e-21
34.6069 0 -1.76096e-21 34.6069 0 -1.76096e-21 34.6072 0 -1.13976e-21
34.6072 0 -1.13976e-21 34.6075 0 6.24184e-21 34.6075 0 6.24184e-21
34.6077 0 -1.48944e-21 34.6077 0 -1.48944e-21 34.608 0 -2.59267e-21
34.608 0 -2.59267e-21 34.6083 0 3.15806e-21 34.6083 0 3.15806e-21
34.6086 0 1.43135e-21 34.6086 0 1.43135e-21 34.6088 0 -1.28377e-21
34.6088 0 -1.28377e-21 34.6091 0 -4.43494e-21 34.6091 0 -4.43494e-21
34.6094 0 -2.5783e-22 34.6094 0 -2.5783e-22 34.6097 0 2.69652e-21
34.6097 0 2.69652e-21 34.61 0 -1.81445e-21 34.61 0 -1.81445e-21
34.6103 0 6.04352e-22 34.6103 0 6.04352e-22 34.6107 0 2.16e-21
34.6107 0 2.16e-21 34.611 0 -3.95681e-21 34.611 0 -3.95681e-21
34.6113 0 3.7621e-21 34.6113 0 3.7621e-21 34.6116 0 3.94773e-21
34.6116 0 3.94773e-21 34.612 0 -3.64072e-21 34.612 0 -3.64072e-21
34.6123 0 -9.77437e-22 34.6123 0 -9.77437e-22 34.6127 0 1.15777e-21
34.6127 0 1.15777e-21 34.613 0 2.88333e-21 34.613 0 2.88333e-21
34.6134 0 4.14486e-21 34.6134 0 4.14486e-21 34.6137 0 -6.29756e-21
34.6137 0 -6.29756e-21 34.6141 0 -9.92046e-21 34.6141 0 -9.92046e-21
34.6144 0 7.55642e-21 34.6144 0 7.55642e-21 34.6148 0 1.01345e-20
34.6148 0 1.01345e-20 34.6152 0 -1.72741e-21 34.6152 0 -1.72741e-21
34.6156 0 -3.13927e-22 34.6156 0 -3.13927e-22 34.6159 0 4.90301e-22
34.6159 0 4.90301e-22 34.6163 0 1.16262e-21 34.6163 0 1.16262e-21
34.6167 0 9.84924e-22 34.6167 0 9.84924e-22 34.6171 0 -6.73422e-21
34.6171 0 -6.73422e-21 34.6175 0 -7.5113e-21 34.6175 0 -7.5113e-21
34.6179 0 4.99383e-21 34.6179 0 4.99383e-21 34.6183 0 9.71154e-21
34.6183 0 9.71154e-21 34.6187 0 -6.95254e-21 34.6187 0 -6.95254e-21
34.6191 0 -3.1518e-21 34.6191 0 -3.1518e-21 34.6195 0 1.22467e-22
34.6195 0 1.22467e-22 34.6199 0 2.62683e-21 34.6199 0 2.62683e-21
34.6203 0 -1.88893e-21 34.6203 0 -1.88893e-21 34.6207 0 -6.73132e-21
34.6207 0 -6.73132e-21 34.6211 0 8.11874e-21 34.6211 0 8.11874e-21
34.6215 0 1.48029e-21 34.6215 0 1.48029e-21 34.6219 0 1.62792e-21
34.6219 0 1.62792e-21 34.6223 0 -5.44976e-21 34.6223 0 -5.44976e-21
34.6228 0 -6.37509e-21 34.6228 0 -6.37509e-21 34.6232 0 6.04631e-21
34.6232 0 6.04631e-21 34.6236 0 -2.99983e-21 34.6236 0 -2.99983e-21
34.624 0 1.192e-21 34.624 0 1.192e-21 34.6244 0 5.33623e-21
34.6244 0 5.33623e-21 34.6249 0 1.65477e-21 34.6249 0 1.65477e-21
34.6253 0 4.10941e-21 34.6253 0 4.10941e-21 34.6257 0 -3.83266e-22
34.6257 0 -3.83266e-22 34.6261 0 1.46749e-21 34.6261 0 1.46749e-21
34.6265 0 2.6081e-21 34.6265 0 2.6081e-21 34.627 0 -3.2831e-21
34.627 0 -3.2831e-21 34.6274 0 -3.38362e-21 34.6274 0 -3.38362e-21
34.6278 0 2.6955e-21 34.6278 0 2.6955e-21 34.6283 0 1.88007e-21
34.6283 0 1.88007e-21 34.6287 0 -6.50671e-21 34.6287 0 -6.50671e-21
34.6291 0 -8.30208e-21 34.6291 0 -8.30208e-21 34.6295 0 2.71754e-21
34.6295 0 2.71754e-21 34.63 0 -6.03267e-22 34.63 0 -6.03267e-22
34.6304 0 2.58434e-21 34.6304 0 2.58434e-21 34.6308 0 5.09816e-21
34.6308 0 5.09816e-21 34.6313 0 3.5347e-22 34.6313 0 3.5347e-22
34.6317 0 1.86589e-21 34.6317 0 1.86589e-21 34.6321 0 -1.06638e-20
34.6321 0 -1.06638e-20 34.6326 0 -3.36689e-21 34.6326 0 -3.36689e-21
34.633 0 9.6941e-21 34.633 0 9.6941e-21 34.6334 0 2.38851e-21
34.6334 0 2.38851e-21 34.6339 0 1.26033e-21 34.6339 0 1.26033e-21
34.6343 0 -5.32613e-22 34.6343 0 -5.32613e-22 34.6347 0 -2.51073e-21
34.6347 0 -2.51073e-21 34.6352 0 -5.60572e-21 34.6352 0 -5.60572e-21
34.6356 0 -8.7651e-21 34.6356 0 -8.7651e-21 34.6361 0 5.98413e-22
34.6361 0 5.98413e-22 34.6365 0 8.9951e-21 34.6365 0 8.9951e-21
34.637 0 -2.18945e-21 34.637 0 -2.18945e-21 34.6374 0 -7.51351e-21
34.6374 0 -7.51351e-21 34.6379 0 1.25861e-20 34.6379 0 1.25861e-20
34.6383 0 -6.37849e-22 34.6383 0 -6.37849e-22 34.6388 0 -7.70683e-21
34.6388 0 -7.70683e-21 34.6392 0 1.07671e-20 34.6392 0 1.07671e-20
34.6397 0 -3.62805e-21 34.6397 0 -3.62805e-21 34.6401 0 -5.82028e-21
34.6401 0 -5.82028e-21 34.6406 0 4.4208e-21 34.6406 0 4.4208e-21
34.6411 0 1.27777e-21 34.6411 0 1.27777e-21 34.6415 0 4.01066e-21
34.6415 0 4.01066e-21 34.642 0 -6.66868e-21 34.642 0 -6.66868e-21
34.6425 0 1.32224e-21 34.6425 0 1.32224e-21 34.6429 0 2.24461e-21
34.6429 0 2.24461e-21 34.6434 0 -1.00393e-20 34.6434 0 -1.00393e-20
34.6439 0 3.02153e-21 34.6439 0 3.02153e-21 34.6444 0 1.50009e-20
34.6444 0 1.50009e-20 34.6448 0 -5.08209e-21 34.6448 0 -5.08209e-21
34.6453 0 -1.92194e-20 34.6453 0 -1.92194e-20 34.6458 0 1.01239e-20
34.6458 0 1.01239e-20 34.6463 0 1.37277e-20 34.6463 0 1.37277e-20
34.6468 0 -1.87235e-21 34.6468 0 -1.87235e-21 34.6473 0 3.90969e-22
34.6473 0 3.90969e-22 34.6478 0 2.29908e-21 34.6478 0 2.29908e-21
34.6483 0 -8.4738e-21 34.6483 0 -8.4738e-21 34.6488 0 -1.39939e-20
34.6488 0 -1.39939e-20 34.6494 0 5.00951e-21 34.6494 0 5.00951e-21
34.6499 0 1.11288e-20 34.6499 0 1.11288e-20 34.6504 0 4.26279e-21
34.6504 0 4.26279e-21 34.6509 0 2.99209e-21 34.6509 0 2.99209e-21
34.6515 0 -4.87582e-21 34.6515 0 -4.87582e-21 34.652 0 -1.18661e-21
34.652 0 -1.18661e-21 34.6526 0 -4.26189e-21 34.6526 0 -4.26189e-21
34.6531 0 -1.34985e-20 34.6531 0 -1.34985e-20 34.6537 0 9.10217e-22
34.6537 0 9.10217e-22 34.6542 0 8.73345e-21 34.6542 0 8.73345e-21
34.6548 0 3.63598e-21 34.6548 0 3.63598e-21 34.6554 0 -1.76832e-21
34.6554 0 -1.76832e-21 34.656 0 -1.7699e-21 34.656 0 -1.7699e-21
34.6566 0 3.61755e-21 34.6566 0 3.61755e-21 34.6572 0 -3.31879e-21
34.6572 0 -3.31879e-21 34.6578 0 6.96792e-21 34.6578 0 6.96792e-21
34.6584 0 5.05257e-21 34.6584 0 5.05257e-21 34.659 0 -3.68508e-21
34.659 0 -3.68508e-21 34.6596 0 4.79507e-21 34.6596 0 4.79507e-21
34.6603 0 1.27087e-21 34.6603 0 1.27087e-21 34.6609 0 -8.69828e-21
34.6609 0 -8.69828e-21 34.6616 0 -7.44442e-21 34.6616 0 -7.44442e-21
34.6622 0 4.75996e-21 34.6622 0 4.75996e-21 34.6629 0 -1.13904e-21
34.6629 0 -1.13904e-21 34.6636 0 -7.19109e-21 34.6636 0 -7.19109e-21
34.6643 0 3.31253e-21 34.6643 0 3.31253e-21 34.665 0 1.95956e-21
34.665 0 1.95956e-21 34.6657 0 1.16083e-23 34.6657 0 1.16083e-23
34.6665 0 8.83261e-21 34.6665 0 8.83261e-21 34.6672 0 -5.74352e-21
34.6672 0 -5.74352e-21 34.6679 0 -3.76983e-21 34.6679 0 -3.76983e-21
34.6687 0 1.48923e-20 34.6687 0 1.48923e-20 34.6695 0 -6.40575e-21
34.6695 0 -6.40575e-21 34.6703 0 -1.14362e-20 34.6703 0 -1.14362e-20
34.6711 0 8.04229e-21 34.6711 0 8.04229e-21 34.6719 0 4.66553e-21
34.6719 0 4.66553e-21 34.6727 0 6.53962e-21 34.6727 0 6.53962e-21
34.6736 0 2.25509e-21 34.6736 0 2.25509e-21 34.6744 0 -1.09915e-20
34.6744 0 -1.09915e-20 34.6753 0 2.13821e-22 34.6753 0 2.13821e-22
34.6762 0 -2.80339e-21 34.6762 0 -2.80339e-21 34.6771 0 -6.23639e-21
34.6771 0 -6.23639e-21 34.6781 0 3.23047e-21 34.6781 0 3.23047e-21
34.679 0 -4.12469e-21 34.679 0 -4.12469e-21 34.68 0 -6.33743e-21
34.68 0 -6.33743e-21 34.681 0 4.19415e-21 34.681 0 4.19415e-21
34.682 0 1.65974e-20 34.682 0 1.65974e-20 34.683 0 1.00547e-20
34.683 0 1.00547e-20 34.684 0 -1.26135e-20 34.684 0 -1.26135e-20
34.6851 0 -9.51534e-21 34.6851 0 -9.51534e-21 34.6862 0 -4.18834e-21
34.6862 0 -4.18834e-21 34.6873 0 2.85536e-21 34.6873 0 2.85536e-21
34.6884 0 1.45778e-20 34.6884 0 1.45778e-20 34.6896 0 1.67158e-22
34.6896 0 1.67158e-22 34.6908 0 -1.42985e-20 34.6908 0 -1.42985e-20
34.692 0 -1.83996e-21 34.692 0 -1.83996e-21 34.6932 0 1.02176e-20
34.6932 0 1.02176e-20 34.6945 0 4.33804e-21 34.6945 0 4.33804e-21
34.6958 0 4.93316e-21 34.6958 0 4.93316e-21 34.6971 0 -8.86365e-21
34.6971 0 -8.86365e-21 34.6984 0 -3.80178e-21 34.6984 0 -3.80178e-21
34.6998 0 5.34451e-21 34.6998 0 5.34451e-21 34.7012 0 -2.82002e-21
34.7012 0 -2.82002e-21 34.7027 0 7.53393e-21 34.7027 0 7.53393e-21
34.7041 0 -7.8891e-21 34.7041 0 -7.8891e-21 34.7056 0 -5.56682e-21
34.7056 0 -5.56682e-21 34.7072 0 1.22751e-20 34.7072 0 1.22751e-20
34.7087 0 -4.55791e-21 34.7087 0 -4.55791e-21 34.7104 0 -3.56795e-21
34.7104 0 -3.56795e-21 34.712 0 -5.87796e-22 34.712 0 -5.87796e-22
34.7137 0 -4.46155e-22 34.7137 0 -4.46155e-22 34.7154 0 7.73939e-21
34.7154 0 7.73939e-21 34.7172 0 -5.9752e-21 34.7172 0 -5.9752e-21
34.719 0 -7.18124e-21 34.719 0 -7.18124e-21 34.7209 0 1.94066e-21
34.7209 0 1.94066e-21 34.7228 0 2.02838e-21 34.7228 0 2.02838e-21
34.7247 0 1.48799e-21 34.7247 0 1.48799e-21 34.7267 0 -5.30059e-21
34.7267 0 -5.30059e-21 34.7288 0 5.50179e-21 34.7288 0 5.50179e-21
34.7309 0 3.9712e-21 34.7309 0 3.9712e-21 34.733 0 -5.95044e-21
34.733 0 -5.95044e-21 34.7352 0 3.28076e-21 34.7352 0 3.28076e-21
34.7375 0 2.64364e-21 34.7375 0 2.64364e-21 34.7398 0 -4.07828e-21
34.7398 0 -4.07828e-21 34.7421 0 -1.90745e-21 34.7421 0 -1.90745e-21
34.7446 0 3.38372e-21 34.7446 0 3.38372e-21 34.747 0 -3.95194e-21
34.747 0 -3.95194e-21 34.7496 0 -8.15736e-21 34.7496 0 -8.15736e-21
34.7522 0 2.74089e-21 34.7522 0 2.74089e-21 34.7549 0 3.09126e-21
34.7549 0 3.09126e-21 34.7576 0 2.78774e-21 34.7576 0 2.78774e-21
34.7605 0 8.45526e-21 34.7605 0 8.45526e-21 34.7634 0 4.32265e-21
34.7634 0 4.32265e-21 34.7663 0 -2.82793e-21 34.7663 0 -2.82793e-21
34.7694 0 -4.20355e-21 34.7694 0 -4.20355e-21 34.7725 0 -2.68137e-21
34.7725 0 -2.68137e-21 34.7757 0 -1.62821e-21 34.7757 0 -1.62821e-21
34.779 0 2.904e-21 34.779 0 2.904e-21 34.7823 0 -1.8498e-21
34.7823 0 -1.8498e-21 34.7858 0 -5.63986e-21 34.7858 0 -5.63986e-21
34.7894 0 2.89342e-21 34.7894 0 2.89342e-21 34.793 0 3.53766e-21
34.793 0 3.53766e-21 34.7967 0 3.59897e-22 34.7967 0 3.59897e-22
34.8006 0 -4.70181e-21 34.8006 0 -4.70181e-21 34.8045 0 3.34164e-21
34.8045 0 3.34164e-21 34.8085 0 1.50058e-21 34.8085 0 1.50058e-21
34.8127 0 -2.51537e-21 34.8127 0 -2.51537e-21 34.8169 0 1.94911e-21
34.8169 0 1.94911e-21 34.8213 0 -1.70266e-21 34.8213 0 -1.70266e-21
34.8258 0 -1.43816e-21 34.8258 0 -1.43816e-21 34.8304 0 5.12278e-21
34.8304 0 5.12278e-21 34.8351 0 9.73309e-22 34.8351 0 9.73309e-22
34.84 0 -4.6901e-21 34.84 0 -4.6901e-21 34.8449 0 3.29192e-21
34.8449 0 3.29192e-21 34.85 0 -1.10066e-22 34.85 0 -1.10066e-22
34.8553 0 -2.2463e-21 34.8553 0 -2.2463e-21 34.8607 0 1.25753e-22
34.8607 0 1.25753e-22 34.8662 0 -1.32979e-23 34.8662 0 -1.32979e-23
34.8719 0 -8.27393e-23 34.8719 0 -8.27393e-23 34.8777 0 1.57461e-22
34.8777 0 1.57461e-22 34.8837 0 -4.16223e-22 34.8837 0 -4.16223e-22
34.8898 0 -1.36229e-22 34.8898 0 -1.36229e-22 34.8961 0 -9.1368e-22
34.8961 0 -9.1368e-22 34.9026 0 5.22117e-22 34.9026 0 5.22117e-22
34.9092 0 9.36147e-22 34.9092 0 9.36147e-22 34.916 0 -2.75e-21
34.916 0 -2.75e-21 34.923 0 2.92149e-21 34.923 0 2.92149e-21
34.9302 0 -1.36336e-22 34.9302 0 -1.36336e-22 34.9376 0 -1.6915e-21
34.9376 0 -1.6915e-21 34.9452 0 -9.5098e-22 34.9452 0 -9.5098e-22
34.9529 0 -3.82732e-21 34.9529 0 -3.82732e-21 34.9609 0 7.11873e-21
34.9609 0 7.11873e-21 34.9691 0 2.19705e-21 34.9691 0 2.19705e-21
34.9775 0 -1.91503e-21 34.9775 0 -1.91503e-21 34.9861 0 7.52424e-22
34.9861 0 7.52424e-22 34.995 0 -2.68696e-23 34.995 0 -2.68696e-23
35.0041 0 1.01765e-20 35.0041 0 1.01765e-20 35.0134 0 3.69493e-21
35.0134 0 3.69493e-21 35.023 0 -2.23801e-20 35.023 0 -2.23801e-20
35.0328 0 1.38623e-21 35.0328 0 1.38623e-21 35.0429 0 9.25382e-21
35.0429 0 9.25382e-21 35.0532 0 -1.68283e-20 35.0532 0 -1.68283e-20
35.0638 0 5.14391e-22 35.0638 0 5.14391e-22 35.0747 0 2.33432e-20
35.0747 0 2.33432e-20 35.0859 0 2.84658e-21 35.0859 0 2.84658e-21
35.0973 0 -4.17561e-21 35.0973 0 -4.17561e-21 35.1091 0 5.20848e-22
35.1091 0 5.20848e-22 35.1211 0 -4.49052e-21 35.1211 0 -4.49052e-21
35.1335 0 5.65716e-21 35.1335 0 5.65716e-21 35.1462 0 -3.53064e-21
35.1462 0 -3.53064e-21 35.1591 0 6.14299e-21 35.1591 0 6.14299e-21
35.1725 0 1.52666e-21 35.1725 0 1.52666e-21 35.1861 0 -1.82747e-20
35.1861 0 -1.82747e-20 35.2001 0 -1.03941e-20 35.2001 0 -1.03941e-20
35.2145 0 1.28371e-20 35.2145 0 1.28371e-20 35.2292 0 -2.15857e-20
35.2292 0 -2.15857e-20 35.2442 0 -2.12802e-20 35.2442 0 -2.12802e-20
35.2597 0 3.51049e-20 35.2597 0 3.51049e-20 35.2755 0 -1.38655e-20
35.2755 0 -1.38655e-20 35.2917 0 -2.56742e-20 35.2917 0 -2.56742e-20
35.3083 0 -1.07344e-21 35.3083 0 -1.07344e-21 35.3252 0 1.5468e-21
35.3252 0 1.5468e-21 35.3426 0 4.88139e-20 35.3426 0 4.88139e-20
35.3604 0 -1.16435e-20 35.3604 0 -1.16435e-20 35.3786 0 -4.64994e-20
35.3786 0 -4.64994e-20 35.3973 0 3.191e-20 35.3973 0 3.191e-20
35.4163 0 -2.00904e-20 35.4163 0 -2.00904e-20 35.4359 0 -2.74418e-20
35.4359 0 -2.74418e-20 35.4558 0 2.97489e-20 35.4558 0 2.97489e-20
35.4762 0 2.36504e-20 35.4762 0 2.36504e-20 35.4971 0 3.24796e-21
35.4971 0 3.24796e-21 35.5184 0 3.74076e-20 35.5184 0 3.74076e-20
35.5401 0 -3.50655e-20 35.5401 0 -3.50655e-20 35.5624 0 9.13934e-21
35.5624 0 9.13934e-21 35.5851 0 6.29754e-20 35.5851 0 6.29754e-20
35.6083 0 -1.06877e-19 35.6083 0 -1.06877e-19 35.632 0 -3.12721e-20
35.632 0 -3.12721e-20 35.6562 0 9.39193e-20 35.6562 0 9.39193e-20
35.6808 0 7.48868e-20 35.6808 0 7.48868e-20 35.706 0 -7.87385e-20
35.706 0 -7.87385e-20 35.7316 0 -5.15001e-20 35.7316 0 -5.15001e-20
35.7578 0 -1.71954e-21 35.7578 0 -1.71954e-21 35.7844 0 -8.56508e-21
35.7844 0 -8.56508e-21 35.8115 0 -4.90893e-21 35.8115 0 -4.90893e-21
35.8392 0 6.69825e-20 35.8392 0 6.69825e-20 35.8673 0 -3.17899e-20
35.8673 0 -3.17899e-20 35.8959 0 -2.39954e-20 35.8959 0 -2.39954e-20
35.9251 0 2.83763e-20 35.9251 0 2.83763e-20 35.9547 0 1.57565e-21
35.9547 0 1.57565e-21 35.9848 0 5.50468e-20 35.9848 0 5.50468e-20
36.0154 0 -1.00091e-19 36.0154 0 -1.00091e-19 36.0465 0 -8.29876e-21
36.0465 0 -8.29876e-21 36.078 0 8.09198e-20 36.078 0 8.09198e-20
36.11 0 -3.11269e-20 36.11 0 -3.11269e-20 36.1425 0 -3.47307e-20
36.1425 0 -3.47307e-20 36.1754 0 -1.92432e-20 36.1754 0 -1.92432e-20
36.2088 0 -6.87438e-20 36.2088 0 -6.87438e-20 36.2426 0 7.82351e-20
36.2426 0 7.82351e-20 36.2768 0 6.65613e-20 36.2768 0 6.65613e-20
36.3114 0 -8.39377e-21 36.3114 0 -8.39377e-21 36.3464 0 -9.43834e-21
36.3464 0 -9.43834e-21 36.3818 0 1.13998e-20 36.3818 0 1.13998e-20
36.4175 0 1.13089e-19 36.4175 0 1.13089e-19 36.4536 0 2.92538e-20
36.4536 0 2.92538e-20 36.49 0 -1.05035e-19 36.49 0 -1.05035e-19
36.5267 0 -5.93794e-20 36.5267 0 -5.93794e-20 36.5637 0 5.85415e-20
36.5637 0 5.85415e-20 36.6009 0 -4.63052e-20 36.6009 0 -4.63052e-20
36.6384 0 9.4962e-20 36.6384 0 9.4962e-20 36.6761 0 1.86306e-19
36.6761 0 1.86306e-19 36.714 0 -1.5813e-19 36.714 0 -1.5813e-19
36.752 0 -6.4382e-21 36.752 0 -6.4382e-21 36.7901 0 -3.69285e-20
36.7901 0 -3.69285e-20 36.8283 0 -2.81827e-19 36.8283 0 -2.81827e-19
36.8666 0 -5.35658e-20 36.8666 0 -5.35658e-20 36.9049 0 2.39731e-19
36.9049 0 2.39731e-19 36.9432 0 1.12366e-19 36.9432 0 1.12366e-19
36.9815 0 -2.3017e-19 36.9815 0 -2.3017e-19 37.0197 0 -8.50689e-20
37.0197 0 -8.50689e-20 37.0577 0 1.72378e-19 37.0577 0 1.72378e-19
37.0956 0 1.21135e-19 37.0956 0 1.21135e-19 37.1334 0 -8.79449e-20
37.1334 0 -8.79449e-20 37.1709 0 -4.43614e-20 37.1709 0 -4.43614e-20
37.2081 0 7.91438e-20 37.2081 0 7.91438e-20 37.245 0 1.32518e-20
37.245 0 1.32518e-20 37.2816 0 9.10313e-21 37.2816 0 9.10313e-21
37.3178 0 9.6176e-21 37.3178 0 9.6176e-21 37.3535 0 9.23202e-20
37.3535 0 9.23202e-20 37.3887 0 9.02877e-20 37.3887 0 9.02877e-20
37.4234 0 -1.01878e-19 37.4234 0 -1.01878e-19 37.4575 0 -4.02265e-20
37.4575 0 -4.02265e-20 37.491 0 7.10509e-20 37.491 0 7.10509e-20
37.5238 0 -3.13373e-20 37.5238 0 -3.13373e-20 37.5559 0 -1.60783e-20
37.5559 0 -1.60783e-20 37.5873 0 9.44426e-20 37.5873 0 9.44426e-20
37.6178 0 -1.53163e-19 37.6178 0 -1.53163e-19 37.6475 0 -6.37569e-20
37.6475 0 -6.37569e-20 37.6763 0 1.80076e-19 37.6763 0 1.80076e-19
37.7042 0 5.10636e-21 37.7042 0 5.10636e-21 37.7311 0 -4.92105e-20
37.7311 0 -4.92105e-20 37.757 0 -5.39888e-20 37.757 0 -5.39888e-20
37.7818 0 1.86249e-20 37.7818 0 1.86249e-20 37.8056 0 1.94833e-20
37.8056 0 1.94833e-20 37.8282 0 -2.52389e-20 37.8282 0 -2.52389e-20
37.8497 0 3.20955e-20 37.8497 0 3.20955e-20 37.87 0 -5.47765e-22
37.87 0 -5.47765e-22 37.8891 0 4.91019e-20 37.8891 0 4.91019e-20
37.9069 0 3.42725e-20 37.9069 0 3.42725e-20 37.9235 0 -1.15532e-19
37.9235 0 -1.15532e-19 37.9388 0 -7.33068e-20 37.9388 0 -7.33068e-20
37.9527 0 8.28444e-20 37.9527 0 8.28444e-20 37.9654 0 1.34407e-19
37.9654 0 1.34407e-19 37.9766 0 1.4544e-21 37.9766 0 1.4544e-21
37.9865 0 -7.69596e-20 37.9865 0 -7.69596e-20 37.995 0 -4.28031e-20
37.995 0 -4.28031e-20 38.0021 0 -3.7637e-20 38.0021 0 -3.7637e-20
38.0079 0 4.0113e-20 38.0079 0 4.0113e-20 38.0122 0 2.71397e-20
38.0122 0 2.71397e-20 38.0151 0 2.12816e-20 38.0151 0 2.12816e-20
38.0167 0 2.53569e-20 38.0167 0 2.53569e-20 38.0167 0 -4.66828e-20
38.0167 0 -4.66828e-20 38.0154 0 -3.04189e-20 38.0154 0 -3.04189e-20
38.0127 0 1.68533e-20 38.0127 0 1.68533e-20 38.0086 0 -3.68916e-20
38.0086 0 -3.68916e-20 38.0032 0 -3.03712e-20 38.0032 0 -3.03712e-20
37.9964 0 3.40977e-20 37.9964 0 3.40977e-20 37.9884 0 -8.99856e-21
37.9884 0 -8.99856e-21 37.9792 0 -1.78333e-20 37.9792 0 -1.78333e-20
37.9687 0 -7.42144e-21 37.9687 0 -7.42144e-21 37.9569 0 1.48595e-20
37.9569 0 1.48595e-20 37.944 0 5.66945e-20 37.944 0 5.66945e-20
37.9299 0 -2.2767e-20 37.9299 0 -2.2767e-20 37.9146 0 -2.16266e-20
37.9146 0 -2.16266e-20 37.8984 0 2.93167e-20 37.8984 0 2.93167e-20
37.8811 0 -8.48188e-21 37.8811 0 -8.48188e-21 37.8628 0 -5.17043e-20
37.8628 0 -5.17043e-20 37.8436 0 -4.65392e-20 37.8436 0 -4.65392e-20
37.8236 0 -1.40063e-20 37.8236 0 -1.40063e-20 37.8026 0 -1.82296e-20
37.8026 0 -1.82296e-20 37.7809 0 3.58077e-20 37.7809 0 3.58077e-20
37.7585 0 3.11021e-20 37.7585 0 3.11021e-20 37.7354 0 7.99679e-21
37.7354 0 7.99679e-21 37.7116 0 5.19277e-21 37.7116 0 5.19277e-21
37.6873 0 1.35739e-20 37.6873 0 1.35739e-20 37.6624 0 -1.72324e-20
37.6624 0 -1.72324e-20 37.637 0 -2.62711e-20 37.637 0 -2.62711e-20
37.6111 0 -8.43349e-21 37.6111 0 -8.43349e-21 37.5848 0 -5.88012e-21
37.5848 0 -5.88012e-21 37.558 0 5.32664e-20 37.558 0 5.32664e-20
37.5309 0 1.25691e-20 37.5309 0 1.25691e-20 37.5034 0 -8.63225e-21
37.5034 0 -8.63225e-21 37.4756 0 3.437e-20 37.4756 0 3.437e-20
37.4476 0 -2.03408e-20 37.4476 0 -2.03408e-20 37.4193 0 -3.40615e-20
37.4193 0 -3.40615e-20 37.3907 0 -4.66651e-21 37.3907 0 -4.66651e-21
37.362 0 1.71283e-20 37.362 0 1.71283e-20 37.333 0 3.88549e-21
37.333 0 3.88549e-21 37.3039 0 -9.61242e-21 37.3039 0 -9.61242e-21
37.2747 0 1.29271e-20 37.2747 0 1.29271e-20 37.2454 0 1.06406e-20
37.2454 0 1.06406e-20 37.2159 0 -7.33193e-21 37.2159 0 -7.33193e-21
37.1863 0 -1.25707e-20 37.1863 0 -1.25707e-20 37.1567 0 -4.70774e-21
37.1567 0 -4.70774e-21 37.1269 0 1.31371e-20 37.1269 0 1.31371e-20
37.0971 0 2.35862e-20 37.0971 0 2.35862e-20 37.0672 0 -4.24972e-21
37.0672 0 -4.24972e-21 37.0372 0 -8.47445e-21 37.0372 0 -8.47445e-21
37.0072 0 -6.66038e-21 37.0072 0 -6.66038e-21 36.9771 0 -2.29122e-20
36.9771 0 -2.29122e-20 36.9469 0 -2.83212e-20 36.9469 0 -2.83212e-20
36.9167 0 9.13069e-21 36.9167 0 9.13069e-21 36.8864 0 3.70392e-20
36.8864 0 3.70392e-20 36.856 0 1.60187e-20 36.856 0 1.60187e-20
36.8256 0 -9.80992e-21 36.8256 0 -9.80992e-21 36.7952 0 -1.94702e-20
36.7952 0 -1.94702e-20 36.7647 0 -1.66652e-21 36.7647 0 -1.66652e-21
36.7343 0 7.37904e-21 36.7343 0 7.37904e-21 36.7039 0 -1.13955e-20
36.7039 0 -1.13955e-20 36.6736 0 -6.54835e-21 36.6736 0 -6.54835e-21
36.6434 0 3.56167e-21 36.6434 0 3.56167e-21 36.6132 0 4.75372e-21
36.6132 0 4.75372e-21 36.5831 0 -7.27789e-21 36.5831 0 -7.27789e-21
36.5532 0 -1.38508e-21 36.5532 0 -1.38508e-21 36.5234 0 2.17751e-21
36.5234 0 2.17751e-21 36.4939 0 5.8826e-21 36.4939 0 5.8826e-21
36.4645 0 1.38311e-20 36.4645 0 1.38311e-20 36.4354 0 -8.93393e-21
36.4354 0 -8.93393e-21 36.4065 0 4.25196e-21 36.4065 0 4.25196e-21
36.378 0 2.8989e-21 36.378 0 2.8989e-21 36.3498 0 -8.51838e-21
36.3498 0 -8.51838e-21 36.322 0 -3.76891e-21 36.322 0 -3.76891e-21
36.2945 0 3.32592e-21 36.2945 0 3.32592e-21 36.2675 0 -1.11938e-21
36.2675 0 -1.11938e-21 36.2409 0 -2.49107e-21 36.2409 0 -2.49107e-21
36.2147 0 -2.12733e-21 36.2147 0 -2.12733e-21 36.1889 0 3.71223e-23
36.1889 0 3.71223e-23 36.1635 0 3.43329e-21 36.1635 0 3.43329e-21
36.1385 0 -1.23027e-22 36.1385 0 -1.23027e-22 36.1139 0 -3.22603e-21
36.1139 0 -3.22603e-21 36.0896 0 4.42938e-21 36.0896 0 4.42938e-21
36.0657 0 1.56295e-21 36.0657 0 1.56295e-21 36.0421 0 -5.26165e-22
36.0421 0 -5.26165e-22 36.0188 0 -1.02222e-21 36.0188 0 -1.02222e-21
35.9957 0 -2.35709e-22 35.9957 0 -2.35709e-22 35.9728 0 -1.01052e-21
35.9728 0 -1.01052e-21 35.95 0 -1.14492e-21 35.95 0 -1.14492e-21
35.9274 0 1.09837e-21 35.9274 0 1.09837e-21 35.9048 0 2.96423e-22
35.9048 0 2.96423e-22 35.8822 0 1.27558e-22 35.8822 0 1.27558e-22
35.8595 0 5.80366e-23 35.8595 0 5.80366e-23 35.8367 0 -2.83415e-22
35.8367 0 -2.83415e-22 35.8137 0 -1.12571e-22 35.8137 0 -1.12571e-22
35.7907 0 1.18826e-22 35.7907 0 1.18826e-22 35.7666 0 2.42167e-23
35.7666 0 2.42167e-23 35.7447 0 -2.84795e-23 35.7447 0 -2.84795e-23
35.7166 0 -1.69408e-23 35.7166 0 -1.69408e-23 35.6976 0 4.22123e-23
35.6976 0 4.22123e-23
        </DataArray>
      </PointData>
    </Piece>
  </PolyData>
</VTKFile>
